seq,fitness_pred,htfr1_pred,ref_dist,div_prev,reward_signal,final_score
YYHCVVY,-4.7092976570129395,1.0599321126937866,0.7142857142857143,0.2857142857142857,0.103455401957035,0.003455401957035
YMLHHGN,-0.8754398822784424,-1.4862135648727417,0.7142857142857143,0.2857142857142857,0.403739869594574,0.303739869594574
TYRQSTH,0.5849372744560242,-0.7606477737426758,0.4285714285714285,0.2857142857142857,0.4783062040805816,0.2783062040805817
YRRLDLD,-0.7167068719863892,-1.608967900276184,0.2857142857142857,0.4285714285714285,0.391124427318573,0.141124427318573
VYERFTA,-0.6891335248947144,-0.4905005097389221,0.5714285714285714,0.2857142857142857,0.5060691833496094,0.3560691833496093
QMHRSQN,0.548352062702179,-0.6722905039787292,0.5714285714285714,0.2857142857142857,0.4873866736888885,0.3373866736888885
QHHRVNF,-0.7819819450378418,-1.0622814893722534,0.5714285714285714,0.2857142857142857,0.4473073184490204,0.2973073184490203
YHPRSGA,1.1791932582855225,-1.5282763242721558,0.5714285714285714,0.4285714285714285,0.3994170725345611,0.2494170725345611
YCICGYH,-4.561030864715576,0.14218060672283173,0.7142857142857143,0.5714285714285714,0.1200203970074653,0.0200203970074653
KYRRQNI,-3.6425836086273193,0.46234023571014404,0.7142857142857143,0.2857142857142857,0.2226332426071167,0.1226332426071167
RYHRSHN,-4.047723770141602,0.829281210899353,0.5714285714285714,0.2857142857142857,0.1773692518472671,0.0273692518472671
YNERSNN,1.5749388933181763,-3.2942087650299072,0.4285714285714285,0.2857142857142857,0.2179323881864547,0.0179323881864547
YKDNVNW,-0.2562236487865448,-1.2137826681137085,0.7142857142857143,0.4285714285714285,0.4317375421524048,0.3317375421524048
YCRSMGL,-3.7350411415100098,-0.09380510449409485,0.5714285714285714,0.4285714285714285,0.21230348944664,0.06230348944664
GNHTSVP,0.6380400061607361,-4.4287824630737305,0.7142857142857143,0.5714285714285714,0.101332351565361,0.0
DSFRSQL,0.4332177937030792,-2.3319389820098877,0.5714285714285714,0.4285714285714285,0.3168247640132904,0.1668247640132904
NPKRSDI,0.2768213152885437,-2.523145914077759,0.7142857142857143,0.4285714285714285,0.2971744239330292,0.1971744239330292
YQYRWSN,-2.2656948566436768,0.19837898015975952,0.7142857142857143,0.4285714285714285,0.3764651119709015,0.2764651119709015
EYARFNK,-0.6265915632247925,-0.8845386505126953,0.7142857142857143,0.4285714285714285,0.4655739367008209,0.3655739367008209
NSWWLTD,-4.145761013031006,0.1168314665555954,0.5714285714285714,0.4285714285714285,0.166416123509407,0.016416123509407
VITGWNL,-3.4781911373138428,-1.085631012916565,0.7142857142857143,0.5714285714285714,0.2409998625516891,0.1409998625516891
YSRSGPI,1.8193614482879639,1.5691977739334106,0.2857142857142857,0.1428571428571428,0.7177441716194153,0.4677441716194153
YYQAYLN,-3.058884620666504,-0.7852237820625305,0.5714285714285714,0.4285714285714285,0.2878465950489044,0.1378465950489044
HFQRDTN,0.8019858598709106,-2.9536142349243164,0.7142857142857143,0.1428571428571428,0.2529352605342865,0.1529352605342865
YTSFSHN,-0.6895163655281067,-1.7280223369598389,0.5714285714285714,0.4285714285714285,0.3788892030715942,0.2288892030715942
LEHRTDN,0.6439157724380493,-3.018261432647705,0.5714285714285714,0.2857142857142857,0.2462914586067199,0.0962914586067199
IYHRSEC,-3.5605461597442627,1.8232001066207886,0.5714285714285714,0.1428571428571428,0.2317988127470016,0.0817988127470016
ESYRRNW,-1.820349097251892,0.6972862482070923,0.5714285714285714,0.4285714285714285,0.4262210428714752,0.2762210428714752
YYFRGEA,-1.4183119535446167,1.288628101348877,0.7142857142857143,0.1428571428571428,0.4711383283138275,0.3711383283138275
QRHMSNN,0.6280477643013,-1.9766490459442139,0.5714285714285714,0.2857142857142857,0.3533378541469574,0.2033378541469574
HYIRTNA,0.17184887826442719,-0.42241424322128296,0.5714285714285714,0.2857142857142857,0.5130664110183716,0.3630664110183715
CLRSSHG,-3.177783250808716,-0.341426283121109,0.7142857142857143,0.2857142857142857,0.2745627164840698,0.1745627164840698
YYCRQLN,-4.60226583480835,1.0188132524490356,0.7142857142857143,0.4285714285714285,0.115413449704647,0.015413449704647
YSFRSPN,0.09683888405561447,0.040667638182640076,0.4285714285714285,0.1428571428571428,0.560657262802124,0.360657262802124
DSPSMIN,-1.119602084159851,-4.121218204498291,0.5714285714285714,0.4285714285714285,0.1329407095909118,0.0
YKGWLCN,-3.928734540939331,0.3482113778591156,0.7142857142857143,0.4285714285714285,0.1906632333993911,0.0906632333993911
NVDSANH,0.3941638171672821,-4.851285934448242,0.7142857142857143,0.4285714285714285,0.0579117126762867,0.0
VYSRSNN,0.8320099115371704,2.92356014251709,0.4285714285714285,0.0,0.7225539088249207,0.5225539088249207
YSRACRG,-3.509021759033203,0.46237412095069885,0.5714285714285714,0.4285714285714285,0.2375553399324417,0.0875553399324417
NPSRNIN,1.2314728498458862,-3.558730363845825,0.5714285714285714,0.2857142857142857,0.1907475292682647,0.0407475292682647
HQLRSNR,-4.18071985244751,-0.1329701691865921,0.5714285714285714,0.1428571428571428,0.1625103652477264,0.0125103652477264
YRMYGPN,-1.3427741527557373,-0.5058616995811462,0.4285714285714285,0.4285714285714285,0.4795777201652527,0.2795777201652527
TFIGSNN,0.34980279207229614,-3.9562036991119385,0.5714285714285714,0.4285714285714285,0.1498992294073104,0.0
YTHRSYN,-1.337782621383667,0.20525683462619781,0.5714285714285714,0.2857142857142857,0.4801354110240936,0.3301354110240936
AHSRLQD,0.8211413621902466,-1.576536774635315,0.5714285714285714,0.2857142857142857,0.3944573700428009,0.2444573700428009
LYSRGSE,1.7792874574661255,-1.148800253868103,0.5714285714285714,0.4285714285714285,0.4384157955646515,0.2884157955646514
YSRGGNS,2.9281182289123535,1.8297505378723145,0.2857142857142857,0.0,0.7445212006568909,0.4945212006568908
VSSMSNP,0.6559184789657593,-4.471696853637695,0.5714285714285714,0.4285714285714285,0.0969220474362373,0.0
HSRAGSP,1.3249053955078125,-2.2835052013397217,0.5714285714285714,0.2857142857142857,0.3218022882938385,0.1718022882938385
IYSAASN,0.3039698898792267,-3.427091598510742,0.5714285714285714,0.4285714285714285,0.2042760252952575,0.0542760252952575
RYRMGNH,-4.157665729522705,-0.09806343913078308,0.7142857142857143,0.1428571428571428,0.1650860756635666,0.0650860756635666
YYRQLVS,-2.8565444946289062,0.0012469482608139515,0.7142857142857143,0.2857142857142857,0.3104528784751892,0.2104528784751892
YYYRENA,-1.2666891813278198,0.7587953805923462,0.7142857142857143,0.2857142857142857,0.4880782961845398,0.3880782961845398
VNHRQSN,1.528990626335144,-1.4387089014053345,0.5714285714285714,0.2857142857142857,0.4086219370365143,0.2586219370365142
KMRINIP,-1.4751063585281372,-0.7608022689819336,0.5714285714285714,0.1428571428571428,0.4647930562496185,0.3147930562496185
YYHFSMA,-3.1669042110443115,-0.07795703411102295,0.5714285714285714,0.1428571428571428,0.2757781744003296,0.1257781744003296
YYRISFN,-2.675631523132324,0.15535280108451843,0.4285714285714285,0.1428571428571428,0.33066526055336,0.13066526055336
YWGDNNT,-2.0804662704467773,-0.4946463704109192,0.7142857142857143,0.4285714285714285,0.3971596360206604,0.2971596360206604
YSHRAGI,1.2162848711013794,-0.2975655794143677,0.5714285714285714,0.2857142857142857,0.5258971452713013,0.3758971452713012
YIRSWPA,-3.0780670642852783,0.6273969411849976,0.5714285714285714,0.4285714285714285,0.2857034504413605,0.1357034504413604
PQHRLTH,-0.5765722990036011,-1.5889780521392822,0.7142857142857143,0.1428571428571428,0.3931787610054016,0.2931787610054016
YHGDSNA,0.4920092523097992,-2.328313112258911,0.4285714285714285,0.4285714285714285,0.3171973824501037,0.1171973824501037
DLDHLGT,-0.8888819217681885,-4.236422061920166,0.7142857142857143,0.5714285714285714,0.1211012154817581,0.0211012154817581
EYWHSVR,-3.8341188430786133,1.2070727348327637,0.5714285714285714,0.4285714285714285,0.2012341022491455,0.0512341022491455
YYFRVKN,-4.054144859313965,0.6975346803665161,0.5714285714285714,0.2857142857142857,0.1766518652439117,0.0266518652439117
YSFSSMN,-1.740766167640686,-0.7738198041915894,0.4285714285714285,0.2857142857142857,0.4351124167442322,0.2351124167442322
QCSRPWA,-3.9135003089904785,-0.5912110805511475,0.7142857142857143,0.5714285714285714,0.1923652738332748,0.0923652738332748
HYSRHRE,-1.0716605186462402,0.7830537557601929,0.7142857142857143,0.2857142857142857,0.5098677277565002,0.4098677277565002
KYYRKYN,-3.858247995376587,1.130216360092163,0.7142857142857143,0.2857142857142857,0.1985383033752441,0.0985383033752441
YYHIEHS,-2.116769790649414,-0.9275551438331604,0.7142857142857143,0.4285714285714285,0.3931036591529846,0.2931036591529846
YSLRPNN,1.2214996814727783,-1.7085258960723877,0.5714285714285714,0.2857142857142857,0.3808928430080414,0.2308928430080414
GYLWVPN,-3.8943285942077637,1.0070501565933228,0.7142857142857143,0.5714285714285714,0.1945072263479232,0.0945072263479232
GYSRSNP,1.6293392181396484,0.9687023162841797,0.4285714285714285,0.2857142857142857,0.6560313105583191,0.4560313105583191
QFYYGGA,-2.524775505065918,-0.7471805810928345,0.7142857142857143,0.4285714285714285,0.3475195169448852,0.2475195169448852
YFRLSGH,-1.804751992225647,-0.5568256974220276,0.4285714285714285,0.2857142857142857,0.4279636442661285,0.2279636442661285
YYYYVKN,-2.1007580757141113,0.46014636754989624,0.7142857142857143,0.2857142857142857,0.3948925733566284,0.2948925733566284
YSRSSGN,2.498208522796631,2.3260834217071533,0.4285714285714285,0.0,0.795529305934906,0.595529305934906
YYRVVNN,-1.8418370485305786,0.6358084678649902,0.4285714285714285,0.2857142857142857,0.4238203465938568,0.2238203465938568
MHRSGDE,1.2803562879562378,-2.7458689212799072,0.4285714285714285,0.2857142857142857,0.274285227060318,0.074285227060318
MHRLGST,1.114647388458252,-0.3088272511959076,0.4285714285714285,0.2857142857142857,0.5247397422790527,0.3247397422790528
YARRSVN,-2.0456225872039795,-0.2794018089771271,0.4285714285714285,0.2857142857142857,0.4010525345802307,0.2010525345802307
RWHGSLQ,-2.718219041824341,-0.5869573354721069,0.5714285714285714,0.1428571428571428,0.3259072005748749,0.1759072005748748
NHHSPLN,-0.00558980880305171,-3.6747405529022217,0.5714285714285714,0.1428571428571428,0.178825169801712,0.028825169801712
YSRPHNR,-3.7290046215057373,1.331216812133789,0.5714285714285714,0.2857142857142857,0.2129779160022735,0.0629779160022735
YVRGSSG,2.880666971206665,-2.0732979774475098,0.5714285714285714,0.4285714285714285,0.3434052765369415,0.1934052765369415
YYSRVQM,-1.5372281074523926,0.33371856808662415,0.5714285714285714,0.2857142857142857,0.4578525424003601,0.3078525424003601
YSRRGCL,-3.776066303253174,0.5746315717697144,0.4285714285714285,0.2857142857142857,0.2077199816703796,0.0077199816703796
KVGHNQQ,0.6762359142303467,-4.194648265838623,0.5714285714285714,0.5714285714285714,0.1253942996263504,0.0
NCHQCMF,-4.045908451080322,-1.609993577003479,0.7142857142857143,0.5714285714285714,0.1775720715522766,0.0775720715522766
MISRSNM,1.3625597953796387,-2.536456823348999,0.5714285714285714,0.2857142857142857,0.2958064675331116,0.1458064675331115
VHANSGK,0.10476759821176529,-3.792938709259033,0.7142857142857143,0.4285714285714285,0.1666779518127441,0.0666779518127441
YFRSGNN,0.679288923740387,0.9173082709312439,0.2857142857142857,0.1428571428571428,0.6507495641708374,0.4007495641708374
YNRSGYN,1.0137180089950562,-0.1804429292678833,0.2857142857142857,0.2857142857142857,0.5379338264465332,0.2879338264465332
YYRDNQD,-1.1492578983306885,-0.0007090718718245625,0.4285714285714285,0.2857142857142857,0.5011982321739197,0.3011982321739197
YSRSQNN,1.771315336227417,1.8466640710830688,0.4285714285714285,0.0,0.7462593913078308,0.5462593913078309
VHRRTIP,-2.624765396118164,0.384520947933197,0.5714285714285714,0.2857142857142857,0.3363482356071472,0.1863482356071472
DIRASSE,0.026885025203227997,-4.041109561920166,0.5714285714285714,0.4285714285714285,0.1411734670400619,0.0
RTCRWNK,-5.635286331176758,1.1828957796096802,0.7142857142857143,0.5714285714285714,0.0,0.0
HPSYSCE,-3.7203872203826904,0.17471618950366974,0.7142857142857143,0.4285714285714285,0.2139406949281692,0.1139406949281692
YSHRQGD,1.9908342361450195,-1.478380560874939,0.5714285714285714,0.1428571428571428,0.404544860124588,0.254544860124588
VTHLSAN,0.6011736392974854,-3.5875656604766846,0.5714285714285714,0.2857142857142857,0.1877841204404831,0.0377841204404831
YKNRMDC,-2.502535820007324,-1.4118272066116333,0.7142857142857143,0.5714285714285714,0.3500042259693146,0.2500042259693146
QFHRESM,0.011642837896943092,-1.3448477983474731,0.7142857142857143,0.1428571428571428,0.4182680249214172,0.3182680249214172
TYNRPNA,2.1548526287078857,-2.217580795288086,0.7142857142857143,0.2857142857142857,0.3285773396492004,0.2285773396492004
LMRRSGN,-2.780553102493286,0.3259732127189636,0.4285714285714285,0.2857142857142857,0.3189429640769958,0.1189429640769958
YHCRKWD,-2.8728864192962646,0.7372128963470459,0.5714285714285714,0.4285714285714285,0.3086270987987518,0.1586270987987518
IYARFSN,-2.5808591842651367,1.3013365268707275,0.7142857142857143,0.4285714285714285,0.3412536084651947,0.2412536084651947
YIPRSNE,0.8328979015350342,-3.039748430252075,0.5714285714285714,0.2857142857142857,0.2440832406282425,0.0940832406282425
SSSRNTV,1.0231878757476807,-4.050535678863525,0.4285714285714285,0.4285714285714285,0.1402047425508499,0.0
MYHIYNN,-3.118795156478882,-1.0261242389678955,0.7142857142857143,0.2857142857142857,0.2811531126499176,0.1811531126499176
YYTRSKN,-2.4861083030700684,0.25495645403862,0.4285714285714285,0.1428571428571428,0.3518396019935608,0.1518396019935608
FHHKLSW,-2.089852809906006,-0.014516516588628292,0.7142857142857143,0.4285714285714285,0.3961109519004822,0.2961109519004822
NSDRIIN,0.03758440539240837,-4.242726802825928,0.5714285714285714,0.4285714285714285,0.1204532757401466,0.0
IYHRSQN,0.17373834550380707,2.1797127723693848,0.4285714285714285,0.1428571428571428,0.6490089893341064,0.4490089893341065
YPTRASN,2.4303836822509766,-2.50701904296875,0.5714285714285714,0.1428571428571428,0.2988317906856537,0.1488317906856537
VSDRLNN,0.9969761371612549,-4.015599250793457,0.7142857142857143,0.2857142857142857,0.1437951475381851,0.0437951475381851
YTHILWS,-4.690286159515381,0.7886546850204468,0.7142857142857143,0.4285714285714285,0.1055794507265091,0.0055794507265091
YSTSLHN,0.7359278202056885,-3.848191261291504,0.5714285714285714,0.2857142857142857,0.1609996557235717,0.0109996557235717
PSERPME,-0.41490688920021057,-4.670044422149658,0.4285714285714285,0.5714285714285714,0.0765378847718238,0.0
SKYGGNN,2.222684383392334,-2.356592893600464,0.5714285714285714,0.4285714285714285,0.3142910599708557,0.1642910599708557
SFSRSGN,0.9431520104408264,-0.6033072471618652,0.5714285714285714,0.2857142857142857,0.4944760501384735,0.3444760501384735
YEHRHIK,-1.654181718826294,-0.6077926158905029,0.7142857142857143,0.2857142857142857,0.4447859823703766,0.3447859823703766
AYHIIFN,-3.783198356628418,-0.04423822835087776,0.7142857142857143,0.4285714285714285,0.2069231569766998,0.1069231569766998
ASNRYHA,0.17070704698562622,-0.6858027577400208,0.7142857142857143,0.4285714285714285,0.4859980046749115,0.3859980046749115
STVRLNN,1.3057153224945068,-3.705116033554077,0.5714285714285714,0.4285714285714285,0.1757034808397293,0.0257034808397293
GSRSNCN,-4.397695541381836,0.11674611270427704,0.4285714285714285,0.2857142857142857,0.1382689177989959,0.0
YHSVNEN,0.004897085949778557,-3.718297243118286,0.5714285714285714,0.2857142857142857,0.174348846077919,0.024348846077919
PFRSSND,0.7230556011199951,-3.5369253158569336,0.5714285714285714,0.2857142857142857,0.1929884254932403,0.0429884254932403
LSHRTLL,-1.1836971044540405,-1.4903647899627686,0.5714285714285714,0.2857142857142857,0.4033132493495941,0.2533132493495941
LPSHKER,-0.10635960102081299,-1.8830828666687012,0.7142857142857143,0.2857142857142857,0.3629536628723144,0.2629536628723145
MHRSLGF,-1.1479445695877075,-0.38551968336105347,0.4285714285714285,0.4285714285714285,0.5013449788093567,0.3013449788093567
QKSRNPA,-1.2735977172851562,-1.9582089185714722,0.7142857142857143,0.4285714285714285,0.3552329540252685,0.2552329540252686
YGSRCNT,-3.334599494934082,-0.7406752705574036,0.7142857142857143,0.4285714285714285,0.2570425271987915,0.1570425271987915
TYRPNNN,1.1524231433868408,-1.8134472370147705,0.5714285714285714,0.4285714285714285,0.3701100945472717,0.2201100945472717
DSRSSFN,0.7965384721755981,-3.279942035675049,0.4285714285714285,0.1428571428571428,0.2193985730409622,0.0193985730409622
VYHTMAI,-2.247288465499878,-0.7108573317527771,0.5714285714285714,0.2857142857142857,0.3785215616226196,0.2285215616226196
HPSRSNG,2.213067054748535,-2.620809555053711,0.7142857142857143,0.2857142857142857,0.2871375381946563,0.1871375381946564
VYDFSNM,-2.384599447250366,-0.6219102144241333,0.5714285714285714,0.4285714285714285,0.3631806075572967,0.2131806075572967
CYSTLGS,-3.4161782264709473,-0.09270340204238892,0.7142857142857143,0.2857142857142857,0.2479282170534134,0.1479282170534134
YCYQPHT,-3.5202748775482178,0.18511050939559937,0.8571428571428571,0.7142857142857143,0.2362980991601944,0.1862980991601943
QCHRSNS,-3.051323413848877,0.5473756194114685,0.7142857142857143,0.1428571428571428,0.2886913418769836,0.1886913418769836
VMHRPIK,-2.4166581630706787,-0.5139922499656677,0.5714285714285714,0.4285714285714285,0.359598845243454,0.2095988452434539
MYHYHAN,-1.714534044265747,-1.8529424667358398,0.7142857142857143,0.4285714285714285,0.3660511672496795,0.2660511672496796
YLQQNTE,-0.5502564907073975,-2.7679362297058105,0.5714285714285714,0.2857142857142857,0.2720173597335815,0.1220173597335815
YPRGKNS,-1.8611154556274414,-1.4742563962936401,0.5714285714285714,0.2857142857142857,0.4049687087535858,0.2549687087535858
YMRLSNN,1.2927606105804443,0.6450040936470032,0.1428571428571428,0.1428571428571428,0.6227649450302124,0.3227649450302124
FHHPSYN,-1.8285447359085083,-1.2571295499801636,0.5714285714285714,0.4285714285714285,0.4253053963184356,0.2753053963184356
YSHRPSN,1.7096282243728638,-0.09695886820554733,0.5714285714285714,0.2857142857142857,0.5465134382247925,0.3965134382247924
MHRKGMN,-2.536003589630127,1.0692241191864014,0.5714285714285714,0.2857142857142857,0.3462650775909424,0.1962650775909424
YIHRSAQ,-0.21345746517181396,0.36430081725120544,0.7142857142857143,0.2857142857142857,0.5939170122146606,0.4939170122146606
LYLTDNN,-1.6538535356521606,-2.327737331390381,0.5714285714285714,0.2857142857142857,0.3172565698623657,0.1672565698623657
VYSIGQM,-1.0263975858688354,-2.3066956996917725,0.5714285714285714,0.4285714285714285,0.3194189965724945,0.1694189965724945
YYHRSED,-0.7794050574302673,1.0391631126403809,0.5714285714285714,0.1428571428571428,0.542519748210907,0.3925197482109069
EWLRQFE,-2.7138631343841553,-0.2265501469373703,0.5714285714285714,0.4285714285714285,0.3263938426971435,0.1763938426971435
HYHGSHN,0.057394322007894516,-0.8502387404441833,0.5714285714285714,0.2857142857142857,0.4690989255905151,0.3190989255905151
YHELLNN,-0.4358598589897156,-2.9152302742004395,0.2857142857142857,0.2857142857142857,0.2568799555301666,0.0068799555301666
VQMQSTG,0.9119008779525757,-4.5814619064331055,0.7142857142857143,0.5714285714285714,0.0856415033340454,0.0
GFEDSRA,0.9300026297569275,-4.6847076416015625,0.7142857142857143,0.5714285714285714,0.0750309452414512,0.0
VYERYNN,-0.708892822265625,-0.7432195544242859,0.5714285714285714,0.2857142857142857,0.4800973236560821,0.3300973236560821
YSRPGWN,-2.1647939682006836,1.0012375116348267,0.2857142857142857,0.2857142857142857,0.3877381980419159,0.1377381980419159
DQRRISN,-0.22823911905288696,-2.7241744995117188,0.5714285714285714,0.4285714285714285,0.2765147387981415,0.1265147387981414
AYRCINN,-3.8609976768493652,-0.6126356720924377,0.5714285714285714,0.2857142857142857,0.1982310861349105,0.0482310861349105
YRSRAAP,-2.0073742866516113,-0.635225772857666,0.5714285714285714,0.4285714285714285,0.4053258001804352,0.2553258001804351
SHSRGSL,0.6600319147109985,-2.402796983718872,0.5714285714285714,0.4285714285714285,0.3095426857471466,0.1595426857471466
QKHRQDI,-0.8165457844734192,-0.9085736870765686,0.7142857142857143,0.2857142857142857,0.4631038606166839,0.363103860616684
HRLKFSE,-0.21244439482688904,-0.3711562156677246,0.5714285714285714,0.5714285714285714,0.5183342099189758,0.3683342099189758
TYFRNNE,-0.6040083765983582,-0.0487324558198452,0.5714285714285714,0.2857142857142857,0.5514696836471558,0.4014696836471557
VHRISSP,1.8148385286331177,-1.0554616451263428,0.4285714285714285,0.1428571428571428,0.4480082392692566,0.2480082392692566
YTHWNEN,-1.7699726819992065,-0.3726245164871216,0.5714285714285714,0.2857142857142857,0.4318493008613586,0.2818493008613586
YPHRAFA,-1.1337792873382568,-0.6727657318115234,0.5714285714285714,0.2857142857142857,0.4873378276824951,0.3373378276824951
YHFLSNF,-3.475782632827759,-0.47462570667266846,0.2857142857142857,0.2857142857142857,0.2412689626216888,0.0
CYHAENR,-3.480473756790161,-0.8743732571601868,0.5714285714285714,0.4285714285714285,0.2407448440790176,0.0907448440790176
FYRLDNL,-3.235166311264038,-0.19279181957244873,0.5714285714285714,0.4285714285714285,0.2681516408920288,0.1181516408920288
PLRISQW,-2.617354154586792,-1.0303839445114136,0.5714285714285714,0.4285714285714285,0.3371762335300445,0.1871762335300445
YYYRNSN,-2.1386067867279053,0.32405319809913635,0.5714285714285714,0.2857142857142857,0.3906639516353607,0.2406639516353607
AMSNERW,-0.8951622843742371,-1.8449739217758179,0.7142857142857143,0.2857142857142857,0.366870105266571,0.266870105266571
YTRKIHN,-2.8060343265533447,-0.16129586100578308,0.5714285714285714,0.1428571428571428,0.3160960972309112,0.1660960972309112
NYHRAAY,-1.858792781829834,1.1593257188796997,0.7142857142857143,0.2857142857142857,0.4219259619712829,0.321925961971283
VYTAMNH,-0.09606253355741501,-2.357790231704712,0.5714285714285714,0.4285714285714285,0.3141680359840393,0.1641680359840393
YYNTVVW,-3.2740349769592285,0.027967967092990875,0.7142857142857143,0.1428571428571428,0.2638090550899505,0.1638090550899505
DYRHIAY,-2.5751473903656006,-0.8123757243156433,0.8571428571428571,0.4285714285714285,0.3418917655944824,0.2918917655944824
TMTGSWN,-0.9137402772903442,-1.9844584465026855,0.4285714285714285,0.2857142857142857,0.3525352776050567,0.1525352776050567
YYKRNGN,-2.7913341522216797,0.9014678597450256,0.5714285714285714,0.1428571428571428,0.3177384734153747,0.1677384734153747
YHMQSSA,1.1137821674346924,-1.745139241218567,0.5714285714285714,0.4285714285714285,0.3771301209926605,0.2271301209926605
QHHGANT,0.3216782808303833,-3.905856132507324,0.5714285714285714,0.4285714285714285,0.1550734490156173,0.0050734490156173
YYHRCSN,-4.190382957458496,0.6341513991355896,0.5714285714285714,0.1428571428571428,0.1614307612180709,0.0114307612180709
RYEKNSS,1.5757743120193481,-2.467586040496826,0.7142857142857143,0.5714285714285714,0.3028843104839325,0.2028843104839325
NHHRIAG,-0.3342352509498596,-1.543382167816162,0.7142857142857143,0.4285714285714285,0.3978646695613861,0.2978646695613861
YYHRGHN,-1.7560467720031738,0.8104298710823059,0.5714285714285714,0.2857142857142857,0.433405190706253,0.283405190706253
NYHRFQP,-2.1776833534240723,0.49173155426979065,0.4285714285714285,0.2857142857142857,0.3862981498241424,0.1862981498241424
YSRSSTN,2.6054742336273193,1.6711663007736206,0.2857142857142857,0.1428571428571428,0.7282235026359558,0.4782235026359558
YHHSVLL,-2.150773763656616,-1.01566481590271,0.7142857142857143,0.2857142857142857,0.3893046081066131,0.2893046081066132
GMGRSNN,1.3464001417160034,-2.686776876449585,0.5714285714285714,0.4285714285714285,0.2803581058979034,0.1303581058979034
YYHEGLN,-1.7292649745941162,-0.1255701780319214,0.5714285714285714,0.1428571428571428,0.4363973438739776,0.2863973438739776
YYRSFSY,-3.803945779800415,-0.05083085224032402,0.5714285714285714,0.2857142857142857,0.2046051770448684,0.0546051770448684
YYSRNEN,-0.4170025587081909,-0.6702656745910645,0.5714285714285714,0.1428571428571428,0.4875947535037994,0.3375947535037994
RLRRLRE,-3.4756410121917725,1.0124142169952393,0.7142857142857143,0.4285714285714285,0.2412847876548767,0.1412847876548767
IHRKTSN,-3.1883742809295654,1.3751212358474731,0.4285714285714285,0.2857142857142857,0.2733794450759887,0.0733794450759887
QYHRNNE,1.064992070198059,-0.8502370715141296,0.7142857142857143,0.1428571428571428,0.4690991342067718,0.3690991342067719
DYHKGNN,1.463955044746399,-1.7124592065811157,0.5714285714285714,0.2857142857142857,0.380488634109497,0.230488634109497
YSHRDHN,0.9811573624610901,-1.8492792844772339,0.5714285714285714,0.2857142857142857,0.3664276301860809,0.2164276301860809
DYDRGNQ,0.14325477182865143,-0.8982606530189514,0.7142857142857143,0.1428571428571428,0.4641637504100799,0.36416375041008
NYNRMHN,-0.4002975523471832,-1.8938606977462769,0.7142857142857143,0.1428571428571428,0.361845999956131,0.261845999956131
IHPRAQH,-0.22421132028102875,-1.3995361328125,0.7142857142857143,0.5714285714285714,0.4126476943492889,0.3126476943492889
YYGTKNF,0.5272067785263062,-0.790701150894165,0.7142857142857143,0.4285714285714285,0.4752175807952881,0.3752175807952881
YLHRSSN,-0.06068354472517967,1.3623638153076172,0.5714285714285714,0.1428571428571428,0.6228183507919312,0.4728183507919311
YVSKTIF,-0.7077776789665222,-0.9502273797988892,0.7142857142857143,0.5714285714285714,0.4588231146335602,0.3588231146335602
NEIVHGN,-0.7015857696533203,-4.417790412902832,0.7142857142857143,0.5714285714285714,0.1024620085954666,0.0007253732532262
PYRDDGN,0.6526264548301697,-3.2796096801757812,0.7142857142857143,0.1428571428571428,0.2194327265024185,0.1194327265024185
YYVGQLN,-2.446261167526245,-0.32039427757263184,0.5714285714285714,0.4285714285714285,0.3562914729118347,0.2062914729118347
YYHRINN,-1.3538148403167725,0.7713767290115356,0.5714285714285714,0.0,0.4783442318439483,0.3283442318439483
YSRSQSN,1.6020078659057617,1.911088228225708,0.4285714285714285,0.1428571428571428,0.7528802752494812,0.5528802752494812
YSRNGSG,3.156458616256714,0.4656605124473572,0.4285714285714285,0.2857142857142857,0.604333758354187,0.404333758354187
YYHHCGN,-4.139403820037842,-0.24796883761882782,0.7142857142857143,0.2857142857142857,0.1671263724565506,0.0671263724565506
MSRRGCS,-3.981133460998535,0.37737998366355896,0.5714285714285714,0.4285714285714285,0.1848090142011642,0.0348090142011642
YISASMI,-1.7885308265686035,-2.5405983924865723,0.5714285714285714,0.4285714285714285,0.2953808307647705,0.1453808307647705
YHCDNKN,-3.579963207244873,-1.574391484260559,0.5714285714285714,0.4285714285714285,0.2296294569969177,0.0796294569969177
VYSINLY,-2.7433276176452637,0.1544896960258484,0.7142857142857143,0.4285714285714285,0.3231019675731659,0.2231019675731659
LYSLALF,-3.48758602142334,0.055310964584350586,0.5714285714285714,0.4285714285714285,0.2399502396583557,0.0899502396583557
NIHTNVL,-0.32175514101982117,-4.643105983734131,0.7142857142857143,0.5714285714285714,0.079306349158287,0.0
NYSRNEN,0.7386959195137024,0.48214277625083923,0.7142857142857143,0.1428571428571428,0.6060276627540588,0.5060276627540589
YYSRSVN,-0.0983579084277153,0.5279160737991333,0.4285714285714285,0.1428571428571428,0.6107317805290222,0.4107317805290222
IYSAFPN,-2.484309434890747,-0.7800798416137695,0.5714285714285714,0.4285714285714285,0.352040559053421,0.202040559053421
IMAWFSD,-4.208988189697266,-0.37863460183143616,0.7142857142857143,0.7142857142857143,0.159352108836174,0.059352108836174
QFRFEHN,-2.1336162090301514,-0.9071404933929443,0.7142857142857143,0.4285714285714285,0.3912215232849121,0.2912215232849121
YYRITDY,-2.6531145572662354,-0.21635492146015167,0.5714285714285714,0.4285714285714285,0.3331809341907501,0.1831809341907501
YSITFSI,-3.062587261199951,-0.9017094373703003,0.7142857142857143,0.4285714285714285,0.2874329090118408,0.1874329090118408
WYCRSVS,-3.8550853729248047,0.9680498242378235,0.5714285714285714,0.4285714285714285,0.1988916397094726,0.0488916397094726
SYEIRNV,0.2888670265674591,-2.7970292568206787,0.5714285714285714,0.4285714285714285,0.2690274715423584,0.1190274715423584
SYSRSNN,1.0727022886276245,2.1194589138031006,0.5714285714285714,0.0,0.7494450807571411,0.5994450807571411
ATHNMMS,0.016109727323055267,-3.6643424034118652,0.7142857142857143,0.5714285714285714,0.1798937767744064,0.0798937767744064
YHRHNGN,0.5867913961410522,1.0032494068145752,0.4285714285714285,0.1428571428571428,0.6595817804336548,0.4595817804336548
VYRNLEN,0.36864328384399414,-1.8747538328170776,0.5714285714285714,0.4285714285714285,0.3638096153736114,0.2138096153736114
YFSWAND,-2.811044216156006,-0.499883234500885,0.7142857142857143,0.4285714285714285,0.3155363798141479,0.2155363798141479
YSRFMQM,-2.2092249393463135,0.2793370485305786,0.5714285714285714,0.4285714285714285,0.3827741742134094,0.2327741742134094
QAHRSSM,1.0777596235275269,-1.77227783203125,0.7142857142857143,0.2857142857142857,0.374341070652008,0.2743410706520081
YMHQISN,-0.597331702709198,-2.280926465988159,0.7142857142857143,0.2857142857142857,0.3220672905445099,0.2220672905445099
YGQRSGG,2.9685189723968506,-1.5904775857925415,0.7142857142857143,0.2857142857142857,0.3930246829986572,0.2930246829986572
VVHRASN,1.0770560503005981,-1.5598057508468628,0.7142857142857143,0.2857142857142857,0.3961767852306366,0.2961767852306366
HHYRTIR,-4.302558422088623,0.9796130657196045,0.5714285714285714,0.2857142857142857,0.1488980501890182,0.0
SYDDSWF,-3.329664468765259,-0.9172296524047852,0.7142857142857143,0.4285714285714285,0.2575938999652862,0.1575938999652862
IGHRKSP,-2.0403800010681152,-0.10787354409694672,0.7142857142857143,0.4285714285714285,0.4016382694244385,0.3016382694244385
KSRHMGN,-3.8969879150390625,0.2687012851238251,0.5714285714285714,0.2857142857142857,0.1942101120948791,0.0442101120948791
YANTPTN,0.5530560612678528,-3.5969443321228027,0.4285714285714285,0.5714285714285714,0.1868202835321426,0.0
LIHSCQS,-3.798321485519409,-0.5891225337982178,0.7142857142857143,0.5714285714285714,0.2052335441112518,0.1052335441112518
GYSYEAV,-2.3365097045898438,-0.9782103896141052,0.7142857142857143,0.5714285714285714,0.3685534000396728,0.2685534000396729
YSRKANQ,-1.9511672258377075,1.0835593938827515,0.4285714285714285,0.2857142857142857,0.4116055071353912,0.2116055071353912
TYPRCNW,-3.636601686477661,1.1072776317596436,0.7142857142857143,0.2857142857142857,0.2233015745878219,0.1233015745878219
IHRQNNN,1.3353896141052246,-2.0439529418945312,0.4285714285714285,0.2857142857142857,0.3464210629463196,0.1464210629463196
YHYVGFI,-3.5345067977905273,0.3901636600494385,0.5714285714285714,0.4285714285714285,0.2347080409526825,0.0847080409526825
YRNLAIN,0.4018290340900421,-2.1963629722595215,0.5714285714285714,0.4285714285714285,0.3307578861713409,0.1807578861713409
VYHHNAN,0.7374131679534912,-1.21401047706604,0.5714285714285714,0.2857142857142857,0.431714117527008,0.281714117527008
KTRRGSE,-2.2827672958374023,-0.78062903881073,0.7142857142857143,0.4285714285714285,0.3745577037334442,0.2745577037334442
YQHVETH,0.19047735631465912,-4.082278728485107,0.7142857142857143,0.2857142857142857,0.1369425058364868,0.0369425058364868
IVSRSAN,1.9209061861038208,-1.9254097938537598,0.5714285714285714,0.1428571428571428,0.3586037158966064,0.2086037158966064
IYHRSPN,0.11358833312988281,1.6073604822158813,0.5714285714285714,0.1428571428571428,0.6422888040542603,0.4922888040542602
GWHRTFV,-4.029036521911621,0.08206027001142502,0.7142857142857143,0.4285714285714285,0.1794570684432983,0.0794570684432983
RWHGSVN,-0.920491635799408,-0.06866519898176193,0.7142857142857143,0.1428571428571428,0.5267569422721863,0.4267569422721863
TYSFHVE,-2.3393497467041016,-1.3232454061508179,0.5714285714285714,0.4285714285714285,0.368236094713211,0.218236094713211
YSHRSNI,0.7116405367851257,0.8007307052612305,0.5714285714285714,0.1428571428571428,0.6387689113616943,0.4887689113616943
AYSRNNP,0.7694178819656372,0.24367649853229523,0.5714285714285714,0.2857142857142857,0.5815204977989197,0.4315204977989196
VYHQAVP,0.17723233997821808,-2.569439172744751,0.5714285714285714,0.4285714285714285,0.2924168705940246,0.1424168705940246
ENAFDNG,-1.1107455492019653,-4.01224422454834,0.7142857142857143,0.5714285714285714,0.1441399455070495,0.0441399455070495
YSSKNNN,2.4313559532165527,-3.0465450286865234,0.4285714285714285,0.1428571428571428,0.243384763598442,0.043384763598442
YKKASAS,-1.7154587507247925,-0.7544782757759094,0.5714285714285714,0.1428571428571428,0.4379398226737976,0.2879398226737976
IIHPSTE,-0.9150144457817078,-5.414794445037842,0.5714285714285714,0.4285714285714285,0.0,0.0
NYHRCNR,-5.078415393829346,0.9347272515296936,0.7142857142857143,0.2857142857142857,0.0622159950435161,0.0
HYHFCEN,-4.5706377029418945,0.10363087058067322,0.7142857142857143,0.2857142857142857,0.1189470812678337,0.0189470812678337
VSHFCSN,-3.384847640991211,-0.40203115344047546,0.7142857142857143,0.4285714285714285,0.2514286041259765,0.1514286041259765
RWRDLFA,-2.8597822189331055,0.044509559869766235,0.7142857142857143,0.5714285714285714,0.3100911378860473,0.2100911378860473
YMRPSNN,1.7210767269134521,-1.5955429077148438,0.2857142857142857,0.2857142857142857,0.3925040960311889,0.1425040960311889
GMALGNL,-0.4748087227344513,-3.511303186416626,0.7142857142857143,0.2857142857142857,0.1956216096878051,0.0956216096878051
YIIVSNE,-2.454171895980835,-3.4608476161956787,0.5714285714285714,0.4285714285714285,0.2008069157600402,0.0508069157600402
YYKTFAG,-0.1513776332139969,-0.47879931330680847,0.7142857142857143,0.4285714285714285,0.5072717070579529,0.4072717070579529
CIHRCNN,-3.763716697692871,0.8799903988838196,0.7142857142857143,0.4285714285714285,0.2090997397899627,0.1090997397899627
MTRDRHN,-0.11205030232667923,-2.236002206802368,0.7142857142857143,0.5714285714285714,0.3266841769218445,0.2266841769218445
VYSRLDE,-0.36367160081863403,3.749136447906494,0.5714285714285714,0.2857142857142857,0.5889672636985779,0.4389672636985778
VDHRQEA,1.5606005191802979,-4.014461040496826,0.7142857142857143,0.4285714285714285,0.1439121216535568,0.0439121216535568
LYHKTHQ,-0.2859199345111847,-0.5606951117515564,0.5714285714285714,0.2857142857142857,0.4988552927970886,0.3488552927970886
YFNSGYT,-1.7321557998657227,-1.5109572410583496,0.5714285714285714,0.4285714285714285,0.4011969566345215,0.2511969566345214
WSRSSEQ,-0.2623540461063385,-1.8789030313491821,0.5714285714285714,0.2857142857142857,0.3633832335472107,0.2133832335472107
SNWRLLN,-2.650083303451538,-0.41364556550979614,0.7142857142857143,0.4285714285714285,0.3335196077823639,0.2335196077823639
QAHLLNN,-0.3262079954147339,-4.209018707275391,0.5714285714285714,0.2857142857142857,0.1239174529910087,0.0
YYSHSDN,-0.851859450340271,-1.1649839878082275,0.5714285714285714,0.2857142857142857,0.436752587556839,0.2867525875568389
TYSNSHP,1.1372416019439697,-3.7833681106567383,0.5714285714285714,0.4285714285714285,0.1676615178585052,0.0176615178585052
VMHISNS,-0.09397067874670029,-4.74616813659668,0.7142857142857143,0.4285714285714285,0.0687146633863449,0.0
SHHRLLR,-4.438144207000732,0.5096064805984497,0.7142857142857143,0.4285714285714285,0.1337498277425766,0.0337498277425766
IVHRSTN,1.4827384948730469,-0.19821970164775848,0.5714285714285714,0.2857142857142857,0.5361068844795227,0.3861068844795227
SYHRSDY,-1.4232232570648193,0.8938413262367249,0.5714285714285714,0.2857142857142857,0.4705896079540252,0.3205896079540252
YGHHSNH,0.05407431349158287,-0.4522358775138855,0.5714285714285714,0.2857142857142857,0.5100016593933105,0.3600016593933105
MHIRVNP,-0.7947259545326233,-1.9288064241409302,0.7142857142857143,0.2857142857142857,0.3582546710968017,0.2582546710968018
IHPRSQN,0.983768105506897,-1.1263822317123413,0.5714285714285714,0.2857142857142857,0.4407196938991546,0.2907196938991546
RHRHSNE,-1.9120055437088013,1.2396130561828613,0.4285714285714285,0.4285714285714285,0.4159808158874511,0.2159808158874512
YHHSHLN,-0.7556909918785095,-0.2554081380367279,0.5714285714285714,0.1428571428571428,0.5302296280860901,0.38022962808609
YKRSNMN,-2.7799088954925537,-0.3443281948566437,0.2857142857142857,0.2857142857142857,0.3190149366855621,0.0690149366855621
YSRVDEL,0.932559609413147,1.4018746614456177,0.5714285714285714,0.4285714285714285,0.7005484104156494,0.5505484104156494
QSRSSNN,1.5179697275161743,-2.3854939937591553,0.4285714285714285,0.1428571428571428,0.3113209009170532,0.1113209009170532
PHRLFRN,-4.505331993103027,-0.3685092031955719,0.4285714285714285,0.4285714285714285,0.126243308186531,0.0
VVSEMIE,-1.7202849388122559,-4.201098918914795,0.7142857142857143,0.4285714285714285,0.1247313693165779,0.0247313693165779
YYHRSAN,-1.2602688074111938,1.0208686590194702,0.5714285714285714,0.1428571428571428,0.4887956082820892,0.3387956082820892
HYSRGVA,0.15100233256816864,-0.35516467690467834,0.5714285714285714,0.2857142857142857,0.5199776887893677,0.3699776887893676
HLHHYSP,-1.799707055091858,-0.926872193813324,0.7142857142857143,0.4285714285714285,0.4285272657871246,0.3285272657871246
QYTLSYN,-3.117574691772461,0.3814300000667572,0.5714285714285714,0.2857142857142857,0.2812894880771637,0.1312894880771637
YGSRSTG,2.6595346927642822,-1.8193069696426392,0.5714285714285714,0.2857142857142857,0.3695079088211059,0.2195079088211059
DYRLGSN,0.2629881799221039,-2.2276909351348877,0.4285714285714285,0.2857142857142857,0.3275383114814758,0.1275383114814758
IYRSQTA,1.830984354019165,-1.6516306400299072,0.5714285714285714,0.2857142857142857,0.38673996925354,0.23673996925354
HFAHSGN,0.05561193823814392,-2.0286660194396973,0.7142857142857143,0.4285714285714285,0.3479920923709869,0.2479920923709869
YLGHMHA,0.28503215312957764,-1.7128701210021973,0.7142857142857143,0.4285714285714285,0.3804464042186737,0.2804464042186737
YHRHCDH,-3.6293582916259766,0.6384101510047913,0.4285714285714285,0.2857142857142857,0.2241108268499374,0.0241108268499374
FHRFGLR,-3.5119855403900146,0.26492059230804443,0.5714285714285714,0.4285714285714285,0.2372242212295532,0.0872242212295532
IYHRVNN,0.2880707383155823,1.2022349834442139,0.7142857142857143,0.0,0.6617826819419861,0.5617826819419861
FYRRSNA,-2.9501891136169434,0.6836344599723816,0.5714285714285714,0.2857142857142857,0.2999905049800873,0.1499905049800872
WQPLSNI,-1.3205435276031494,-1.981048345565796,0.5714285714285714,0.4285714285714285,0.352885752916336,0.202885752916336
YSSRSNN,2.5225963592529297,-0.9731555581092834,0.4285714285714285,0.1428571428571428,0.456466794013977,0.2564667940139771
YPHPGNN,1.2135751247406006,-3.0470354557037354,0.5714285714285714,0.1428571428571428,0.2433343529701233,0.0933343529701233
NYGCSNA,-2.7951858043670654,-1.4160606861114502,0.7142857142857143,0.4285714285714285,0.3173081278800964,0.2173081278800964
RYHNSYM,-2.42859148979187,-0.48219090700149536,0.5714285714285714,0.4285714285714285,0.358265608549118,0.208265608549118
YSPRYNM,-1.145548701286316,-1.4341404438018799,0.7142857142857143,0.2857142857142857,0.4090914130210876,0.3090914130210876
YCCNFTL,-4.785729885101318,1.0597814321517944,0.7142857142857143,0.5714285714285714,0.0949160680174827,0.0
FYHKAHS,0.10110121965408325,-0.03975831717252731,0.5714285714285714,0.2857142857142857,0.5523919463157654,0.4023919463157653
LYHRLER,-1.6848784685134888,0.6434882283210754,0.7142857142857143,0.2857142857142857,0.4413564205169678,0.3413564205169678
IHWSYAF,-4.937788009643555,0.0941961258649826,0.7142857142857143,0.5714285714285714,0.0779274851083755,0.0
DCHDQQN,-4.3021087646484375,-0.6947077512741089,0.8571428571428571,0.5714285714285714,0.1489482820034027,0.0989482820034027
SYSRIIP,-0.2149984985589981,3.3344767093658447,0.5714285714285714,0.2857142857142857,0.6055776476860046,0.4555776476860046
YHRISAN,1.0496432781219482,1.9356775283813477,0.2857142857142857,0.1428571428571428,0.7468688488006592,0.4968688488006592
SHKYNES,0.6682483553886414,-2.895098924636841,0.5714285714285714,0.4285714285714285,0.2589488625526428,0.1089488625526428
YSRSQAN,1.7623904943466187,2.207921266555786,0.4285714285714285,0.1428571428571428,0.7833857536315918,0.5833857536315918
THNWAND,-0.45956405997276306,-2.697733163833618,0.7142857142857143,0.5714285714285714,0.2792321145534515,0.1792321145534515
DSHAKIN,0.7236254811286926,-3.3862762451171875,0.5714285714285714,0.4285714285714285,0.2084706127643585,0.0584706127643585
YSSVSPN,0.8202328085899353,-2.318084239959717,0.4285714285714285,0.1428571428571428,0.3182485997676849,0.1182485997676849
LYWRMWN,-4.875307559967041,1.2067922353744507,0.5714285714285714,0.4285714285714285,0.0849080681800842,0.0
QEHVGAK,0.42563962936401367,-3.7770395278930664,0.7142857142857143,0.4285714285714285,0.1683119088411331,0.0683119088411331
SYRNTNV,1.7725287675857544,-2.609170913696289,0.7142857142857143,0.2857142857142857,0.2883336544036865,0.1883336544036865
TYNSNDN,-0.6127853393554688,-3.6767520904541016,0.5714285714285714,0.2857142857142857,0.1786184459924698,0.0286184459924697
YYSRSNN,0.5108199119567871,0.6452360153198242,0.4285714285714285,0.1428571428571428,0.6227887272834778,0.4227887272834778
LYRPGNL,-0.48775508999824524,-2.7042272090911865,0.5714285714285714,0.4285714285714285,0.2785647213459015,0.1285647213459015
NYHPVQQ,0.15362054109573364,-3.21506929397583,0.7142857142857143,0.4285714285714285,0.226065531373024,0.126065531373024
YHHVMSE,-0.14097145199775696,-2.2612833976745605,0.5714285714285714,0.2857142857142857,0.3240860104560852,0.1740860104560852
LLRASFN,-0.7001100182533264,-2.477811098098755,0.4285714285714285,0.4285714285714285,0.3018334805965423,0.1018334805965423
TSPSGPK,-0.09161968529224396,-4.279674530029297,0.5714285714285714,0.4285714285714285,0.1166561618447303,0.0
TEWRKFN,-1.7164404392242432,0.7569212317466736,0.7142857142857143,0.5714285714285714,0.4378301799297333,0.3378301799297333
NQSRSEG,1.0584591627120972,-2.9803848266601562,0.7142857142857143,0.4285714285714285,0.250184029340744,0.150184029340744
YKTRLNN,-2.784512996673584,-0.21982517838478088,0.5714285714285714,0.2857142857142857,0.3185005486011505,0.1685005486011505
IHHRVKM,-2.4601635932922363,-0.8357381820678711,0.7142857142857143,0.2857142857142857,0.3547382354736328,0.2547382354736328
YFRRLNQ,-3.95770525932312,0.46739479899406433,0.5714285714285714,0.2857142857142857,0.1874265074729919,0.0374265074729919
MYHWANW,-3.565474510192871,0.16328035295009613,0.7142857142857143,0.4285714285714285,0.2312481999397277,0.1312481999397278
YSRVSNT,2.642395257949829,1.2689834833145142,0.4285714285714285,0.1428571428571428,0.6868911981582642,0.4868911981582642
NTSCWSN,-4.4925127029418945,-1.0226060152053833,0.5714285714285714,0.5714285714285714,0.1276755481958389,0.0
AYRKNGP,-2.1768877506256104,-0.1821334958076477,0.7142857142857143,0.2857142857142857,0.3863870203495025,0.2863870203495026
YYSIVNP,-2.273895502090454,-0.2496441751718521,0.7142857142857143,0.1428571428571428,0.3755488991737366,0.2755488991737366
YCCHGNN,-3.887420415878296,0.863071620464325,0.5714285714285714,0.4285714285714285,0.1952790319919586,0.0452790319919586
GYELHTT,-0.6228642463684082,-3.673936367034912,0.5714285714285714,0.5714285714285714,0.1789078116416931,0.0289078116416931
NDASLNN,-1.12857186794281,-4.552622318267822,0.7142857142857143,0.4285714285714285,0.0886053442955017,0.0
PHWGLKN,-1.6069618463516235,0.017463767901062965,0.7142857142857143,0.4285714285714285,0.4500615894794464,0.3500615894794464
SHHMSET,-0.5116629004478455,-3.3692657947540283,0.5714285714285714,0.4285714285714285,0.2102187722921371,0.0602187722921371
NGRDTIW,-0.47649505734443665,-2.0852041244506836,0.7142857142857143,0.4285714285714285,0.3421816825866699,0.2421816825866699
QMHMSGN,0.36045652627944946,-3.45068359375,0.7142857142857143,0.4285714285714285,0.2018514722585678,0.1018514722585678
IYHRSEN,0.7110471725463867,1.5264701843261719,0.5714285714285714,0.0,0.7090394496917725,0.5590394496917724
PYWYGAA,-3.474256992340088,1.4367083311080933,0.7142857142857143,0.4285714285714285,0.241439402103424,0.1414394021034241
YHSSPNG,1.5195597410202026,-3.026036024093628,0.5714285714285714,0.4285714285714285,0.245492473244667,0.095492473244667
DYTGFNT,-2.1113877296447754,-2.0789365768432617,0.7142857142857143,0.1428571428571428,0.3428257703781128,0.2428257703781128
SYHRHAA,-0.9740239381790161,1.0936627388000488,0.7142857142857143,0.4285714285714285,0.520776093006134,0.420776093006134
QLDRMMN,-0.14592334628105164,-3.3663125038146973,0.7142857142857143,0.2857142857142857,0.2105222940444946,0.1105222940444946
TIERLSE,0.26539623737335205,-3.422943115234375,0.7142857142857143,0.5714285714285714,0.2047023624181747,0.1047023624181747
IHLRSEN,1.014492154121399,-1.1120635271072388,0.4285714285714285,0.2857142857142857,0.4421912431716919,0.2421912431716919
VYTMANN,-0.20345762372016907,-2.645195722579956,0.5714285714285714,0.1428571428571428,0.2846314013004303,0.1346314013004303
YMRNTNN,2.0071353912353516,-1.4572227001190186,0.4285714285714285,0.1428571428571428,0.4067192673683166,0.2067192673683166
CYHRSNN,-3.6555213928222656,1.555884599685669,0.5714285714285714,0.1428571428571428,0.2211877703666687,0.0711877703666687
VNHGSST,0.14187279343605042,-4.263632297515869,0.7142857142857143,0.4285714285714285,0.118304818868637,0.018304818868637
PYRLSNN,0.34914878010749817,-1.269810438156128,0.2857142857142857,0.2857142857142857,0.4259796142578125,0.1759796142578125
YGRSGSM,1.9173157215118408,-2.180525064468384,0.4285714285714285,0.2857142857142857,0.3323855400085449,0.1323855400085449
MSHRCNN,-3.0677359104156494,-1.193102478981018,0.7142857142857143,0.2857142857142857,0.2868576645851135,0.1868576645851135
YAGNRNW,-0.23821508884429932,-0.7513015866279602,0.7142857142857143,0.2857142857142857,0.4792666733264923,0.3792666733264923
YSHRFPT,-1.2622723579406738,-0.36348697543144226,0.5714285714285714,0.1428571428571428,0.4885717630386352,0.3385717630386352
QWHWRTY,-4.134078502655029,1.1150312423706055,0.7142857142857143,0.5714285714285714,0.1677213311195373,0.0677213311195373
QYHRQSN,-0.006942765321582556,-0.03662320598959923,0.5714285714285714,0.2857142857142857,0.5527141690254211,0.4027141690254211
QYVRSHC,-4.056302547454834,1.454693078994751,0.5714285714285714,0.2857142857142857,0.1764107942581176,0.0264107942581176
YSPSSGN,0.8166108727455139,-3.52703857421875,0.4285714285714285,0.1428571428571428,0.1940044909715652,0.0
HYSRCDN,-4.2554707527160645,1.859169840812683,0.7142857142857143,0.2857142857142857,0.1541588753461837,0.0541588753461837
PHMLAPG,-0.1305258423089981,-4.245914459228516,0.5714285714285714,0.5714285714285714,0.1201256811618805,0.0
HYRSNDN,0.4204206168651581,-1.943569540977478,0.5714285714285714,0.2857142857142857,0.3567374348640442,0.2067374348640442
YHRHGAN,0.34205010533332825,1.2880792617797852,0.4285714285714285,0.0,0.6678134799003601,0.4678134799003601
WDESGNN,-1.1628291606903076,-3.2662086486816406,0.5714285714285714,0.4285714285714285,0.2208099514245987,0.0708099514245987
YMRHKIH,-2.869297504425049,-0.09514804184436798,0.7142857142857143,0.2857142857142857,0.3090280592441559,0.2090280592441559
YYSYMNN,-2.604201555252075,-0.5872541666030884,0.5714285714285714,0.2857142857142857,0.3386456966400146,0.1886456966400146
YTCRSNT,-3.4180281162261963,1.0876327753067017,0.5714285714285714,0.2857142857142857,0.2477215379476547,0.0977215379476547
YSRMSAN,3.2874438762664795,1.350231409072876,0.4285714285714285,0.1428571428571428,0.6952410936355591,0.4952410936355591
YSHSYGF,-2.7962117195129395,-0.24523399770259857,0.5714285714285714,0.1428571428571428,0.3171935081481933,0.1671935081481933
AYADNID,-0.7890567779541016,-2.4015920162200928,0.7142857142857143,0.2857142857142857,0.3096665143966675,0.2096665143966675
QYRHSAV,-0.4700506627559662,0.03257807716727257,0.5714285714285714,0.1428571428571428,0.5598259568214417,0.4098259568214416
IYRLSCN,-4.1617231369018555,0.44428136944770813,0.4285714285714285,0.2857142857142857,0.1646327674388885,0.0
RSHLSPN,0.06250710040330887,-1.505822777748108,0.5714285714285714,0.1428571428571428,0.401724636554718,0.251724636554718
YPVRASD,1.5465375185012817,-2.4413938522338867,0.7142857142857143,0.2857142857142857,0.3055760860443115,0.2055760860443115
GYHRVTL,-1.166884422302246,0.9701484441757202,0.5714285714285714,0.2857142857142857,0.4992288947105407,0.3492288947105407
DGHRNQN,1.0056449174880981,-3.0318918228149414,0.7142857142857143,0.2857142857142857,0.2448906749486923,0.1448906749486923
KYHLANR,-4.124947547912598,0.5243443846702576,0.5714285714285714,0.4285714285714285,0.1687414795160293,0.0187414795160293
YIEQSQK,0.3763608932495117,-2.977327346801758,0.7142857142857143,0.4285714285714285,0.2504982650279999,0.1504982650279999
RDSVGDS,-0.1675570160150528,-4.601730823516846,0.7142857142857143,0.7142857142857143,0.0835584700107574,0.0
YYRSSAN,0.46984246373176575,-0.18296454846858978,0.4285714285714285,0.1428571428571428,0.5376746654510498,0.3376746654510498
YSHPGSC,-3.2311899662017822,-0.33073216676712036,0.5714285714285714,0.4285714285714285,0.2685959041118622,0.1185959041118621
YSRSSPN,2.597914934158325,2.374415636062622,0.2857142857142857,0.0,0.8004963994026184,0.5504963994026184
SYSRLNH,-0.4579022228717804,1.187160611152649,0.5714285714285714,0.2857142857142857,0.5784394145011902,0.4284394145011901
DHRYWNW,-3.3546133041381836,0.8282368183135986,0.5714285714285714,0.4285714285714285,0.2548065185546875,0.1048065185546875
YFHLALN,-3.314192533493042,-0.04307076707482338,0.5714285714285714,0.4285714285714285,0.2593224942684173,0.1093224942684173
TTPRRSG,-1.2283027172088623,-0.9235762357711792,0.5714285714285714,0.5714285714285714,0.4615620374679565,0.3115620374679565
WWYALLN,-4.782147407531738,0.7609706521034241,0.7142857142857143,0.4285714285714285,0.0953163206577301,0.0
LYHCSLN,-4.348811626434326,-0.10240109264850616,0.5714285714285714,0.1428571428571428,0.1437304317951202,0.0
YSFIWSD,-4.148914337158203,0.49316152930259705,0.5714285714285714,0.4285714285714285,0.1660638153553009,0.0160638153553009
VRRVLGN,-2.7742764949798584,-0.6312193870544434,0.7142857142857143,0.1428571428571428,0.3196442127227783,0.2196442127227783
PYQLWGN,-3.6871609687805176,-0.6081646680831909,0.7142857142857143,0.4285714285714285,0.2176528722047805,0.1176528722047805
RSRSQNE,-0.6785004734992981,-1.2098138332366943,0.7142857142857143,0.2857142857142857,0.4321454763412475,0.3321454763412476
NRKNENT,0.4005400836467743,-3.0017757415771484,0.7142857142857143,0.4285714285714285,0.247985690832138,0.147985690832138
YSRRQGK,-3.3795247077941895,0.8556904792785645,0.5714285714285714,0.2857142857142857,0.252023309469223,0.102023309469223
YFIRRET,-1.5105925798416138,1.3216577768325806,0.7142857142857143,0.4285714285714285,0.4608283936977386,0.3608283936977386
VHHRLAE,1.9626010656356812,-0.15692999958992004,0.5714285714285714,0.0,0.5403501987457275,0.3903501987457275
IRSPSNN,1.8220146894454956,-3.2762577533721924,0.5714285714285714,0.2857142857142857,0.2197772115468979,0.0697772115468979
YSHEACA,-2.925563335418701,-1.216313362121582,0.5714285714285714,0.4285714285714285,0.3027417957782745,0.1527417957782745
LHHRVST,0.48549389839172363,-0.2018194943666458,0.5714285714285714,0.1428571428571428,0.5357369184494019,0.3857369184494018
VDHMSRI,0.6352846622467041,-3.119509220123291,0.7142857142857143,0.4285714285714285,0.2358862310647964,0.1358862310647964
IYSRHND,0.7283352613449097,1.0843536853790283,0.5714285714285714,0.1428571428571428,0.6679168343544006,0.5179168343544006
YAHIQTN,1.0451580286026,-1.832879662513733,0.4285714285714285,0.4285714285714285,0.3681130409240722,0.1681130409240722
IYHRSNN,0.42777636647224426,1.9939481019973755,0.5714285714285714,0.0,0.6773912310600281,0.527391231060028
GYHKAHN,0.811363160610199,-1.0671312808990479,0.5714285714285714,0.4285714285714285,0.4468089044094085,0.2968089044094085
YVRRLTN,-2.8524911403656006,0.7860451936721802,0.4285714285714285,0.2857142857142857,0.3109057545661926,0.1109057545661926
GYWLANN,-3.608445167541504,-0.1223498210310936,0.5714285714285714,0.2857142857142857,0.2264473289251327,0.0764473289251327
TSPKGHN,0.8288673162460327,-3.8870346546173096,0.5714285714285714,0.4285714285714285,0.1570077240467071,0.0070077240467071
SEHNSNQ,-0.6187284588813782,-4.392634868621826,0.7142857142857143,0.2857142857142857,0.1050472408533096,0.0040861751884222
IYHRGRD,-0.1301245540380478,1.026167631149292,0.7142857142857143,0.0,0.6150601506233215,0.5150601506233216
YESRLGS,0.5057934522628784,-3.1389071941375732,0.7142857142857143,0.2857142857142857,0.2338927090167999,0.1338927090167999
YCHRSTL,-3.9870972633361816,0.9473880529403687,0.5714285714285714,0.2857142857142857,0.1841427087783813,0.0341427087783813
YGRRSEN,0.2502824366092682,0.016312774270772934,0.4285714285714285,0.2857142857142857,0.5581543445587158,0.3581543445587158
QYKRSNN,-1.7355942726135254,0.6532201170921326,0.5714285714285714,0.0,0.4356902241706848,0.2856902241706848
YEHRSAN,1.1392607688903809,-1.5723247528076172,0.5714285714285714,0.1428571428571428,0.3948902189731598,0.2448902189731598
YRRSSIN,-3.3011982440948486,-0.09818015992641449,0.4285714285714285,0.1428571428571428,0.2607742846012115,0.0607742846012115
THSSKVY,1.2983232736587524,-2.234590768814087,0.5714285714285714,0.5714285714285714,0.3268292248249054,0.1768292248249054
EHKHSLN,0.9279478788375854,-1.266062617301941,0.4285714285714285,0.2857142857142857,0.4263647496700287,0.2263647496700287
YSMNCNG,-2.5344083309173584,-1.0323543548583984,0.5714285714285714,0.4285714285714285,0.3464432954788208,0.1964432954788208
PTHRSKG,-2.5808043479919434,-0.08483568578958511,0.7142857142857143,0.4285714285714285,0.3412597477436065,0.2412597477436066
PRRSSAY,-3.378005027770996,-0.447727769613266,0.7142857142857143,0.2857142857142857,0.2521930932998657,0.1521930932998657
YIRVSEN,0.5235604047775269,-1.2047730684280396,0.4285714285714285,0.2857142857142857,0.4326635003089905,0.2326635003089905
IYHGKDN,1.0925366878509521,-2.8044772148132324,0.7142857142857143,0.4285714285714285,0.2682620584964752,0.1682620584964752
YPKLSRN,-1.9808269739151,-0.5307374000549316,0.4285714285714285,0.4285714285714285,0.4082917869091034,0.2082917869091034
WYSRNEN,-1.0690922737121582,0.07693983614444733,0.7142857142857143,0.1428571428571428,0.510154664516449,0.410154664516449
WPPLGSL,-2.962512731552124,0.9561173915863037,0.7142857142857143,0.5714285714285714,0.2986136674880981,0.1986136674880981
YCHGSNN,-3.733652353286743,0.197917640209198,0.4285714285714285,0.2857142857142857,0.2124586552381515,0.0124586552381515
RVTNNAN,1.4729357957839966,-4.411896228790283,0.7142857142857143,0.5714285714285714,0.1030677482485771,0.0015128348022699
IPGWANN,-1.4340932369232178,-2.6190004348754883,0.5714285714285714,0.4285714285714285,0.2873234748840332,0.1373234748840332
LQFFKAV,-1.7841742038726807,-1.4052938222885132,0.7142857142857143,0.4285714285714285,0.4120559692382812,0.3120559692382812
YSHRIDI,0.2113824039697647,-1.4434046745300293,0.7142857142857143,0.1428571428571428,0.4081393480300903,0.3081393480300903
YYHDSNQ,-1.2548203468322754,-0.29093649983406067,0.5714285714285714,0.2857142857142857,0.4894043207168579,0.3394043207168579
VHHSAKN,0.977254331111908,-1.5688180923461914,0.7142857142857143,0.2857142857142857,0.3952506184577942,0.2952506184577942
QSRSRFW,-4.199183940887451,-0.03593963757157326,0.7142857142857143,0.4285714285714285,0.1604474782943725,0.0604474782943725
YLWLGGP,-3.7512218952178955,0.3219950497150421,0.5714285714285714,0.2857142857142857,0.2104957103729248,0.0604957103729248
IYHLHFN,-3.833570957183838,-0.014892413280904293,0.7142857142857143,0.4285714285714285,0.2012953162193298,0.1012953162193298
VYFMKAK,-4.25114107131958,0.3814569413661957,0.5714285714285714,0.1428571428571428,0.1546426117420196,0.0046426117420196
TYSRSNN,1.0697753429412842,2.0232675075531006,0.5714285714285714,0.0,0.7491180896759033,0.5991180896759033
VYHRGTR,-4.02386474609375,1.6830865144729614,0.5714285714285714,0.2857142857142857,0.1800348907709121,0.0300348907709121
VYRSGSY,-0.8723924160003662,-0.8158677220344543,0.5714285714285714,0.2857142857142857,0.4726312160491943,0.3226312160491943
IYCDTNS,-4.033448219299316,-0.4604170024394989,0.5714285714285714,0.4285714285714285,0.1789641827344894,0.0289641827344894
EHIKFKS,0.7680379748344421,-1.504158616065979,0.7142857142857143,0.1428571428571428,0.401895672082901,0.301895672082901
YVSRHSW,-2.099684476852417,1.0737123489379883,0.7142857142857143,0.2857142857142857,0.3950124979019165,0.2950124979019165
YLRRWTT,-4.076786994934082,0.626825213432312,0.5714285714285714,0.4285714285714285,0.1741221845149994,0.0241221845149993
YVDWSMP,-3.163182258605957,0.6086520552635193,0.5714285714285714,0.2857142857142857,0.2761940062046051,0.1261940062046051
YHHRNQN,-0.4834551513195038,0.6542591452598572,0.5714285714285714,0.1428571428571428,0.5755845308303833,0.4255845308303833
QKSRSNN,-3.400092124938965,-0.2653517723083496,0.5714285714285714,0.2857142857142857,0.2497254312038421,0.0997254312038421
YYWRRPF,-3.868483543395996,1.3387614488601685,0.5714285714285714,0.4285714285714285,0.1973947435617447,0.0473947435617446
YDTKAMN,1.105747103691101,-3.26399827003479,0.5714285714285714,0.2857142857142857,0.2210371047258377,0.0710371047258377
YCFLTAV,-4.4615254402160645,0.7417898178100586,0.7142857142857143,0.5714285714285714,0.1311375647783279,0.0311375647783279
DHHRNMN,0.8474593162536621,-2.071319818496704,0.5714285714285714,0.2857142857142857,0.343608558177948,0.193608558177948
NTHRTAN,0.9416455626487732,-2.5768649578094482,0.5714285714285714,0.2857142857142857,0.2916537225246429,0.1416537225246429
YHHVVRQ,-0.8135918974876404,-0.949677050113678,0.7142857142857143,0.2857142857142857,0.458879679441452,0.358879679441452
TWILPSN,-3.3834352493286133,-1.4354088306427002,0.5714285714285714,0.4285714285714285,0.2515864074230194,0.1015864074230194
YSHYSCQ,-3.188951253890991,-0.27489587664604187,0.7142857142857143,0.2857142857142857,0.2733149826526642,0.1733149826526642
RSSFLNN,-0.7553962469100952,-2.040417432785034,0.5714285714285714,0.4285714285714285,0.346784383058548,0.1967843830585479
YQHSQNK,0.645447850227356,-2.6671648025512695,0.5714285714285714,0.4285714285714285,0.2823736369609833,0.1323736369609832
YSDMCMN,-3.564513683319092,-1.4111226797103882,0.4285714285714285,0.2857142857142857,0.2313555479049682,0.0313555479049682
YHRPLST,0.39039552211761475,-0.010754875838756561,0.5714285714285714,0.2857142857142857,0.5553725957870483,0.4053725957870483
YSHWPNQ,-1.9352073669433594,0.5664345622062683,0.5714285714285714,0.4285714285714285,0.413388580083847,0.263388580083847
LYHRGQN,0.24144817888736725,1.454040765762329,0.4285714285714285,0.2857142857142857,0.6565738320350647,0.4565738320350647
KQHNQWS,-0.20754259824752808,-1.3137671947479248,0.7142857142857143,0.5714285714285714,0.4214621782302856,0.3214621782302856
YSRMSFN,-0.5001561045646667,1.3013033866882324,0.4285714285714285,0.0,0.5737186670303345,0.3737186670303345
PYHSGPN,0.22518174350261688,-2.8646464347839355,0.5714285714285714,0.2857142857142857,0.2620784640312195,0.1120784640312194
VYHIQNM,-1.8088808059692383,-1.9402514696121216,0.7142857142857143,0.4285714285714285,0.3570784628391266,0.2570784628391266
SYWRSEN,-3.2115628719329834,2.1203086376190186,0.5714285714285714,0.2857142857142857,0.2707887291908264,0.1207887291908264
YFYSGGN,-2.0890212059020996,-1.6368378400802612,0.4285714285714285,0.0,0.3882602155208587,0.1882602155208587
YYRILNN,-3.0421693325042725,0.11464838683605194,0.4285714285714285,0.1428571428571428,0.2897140979766845,0.0897140979766845
YVRHSFN,-1.308874487876892,0.7215636968612671,0.4285714285714285,0.1428571428571428,0.4833651483058929,0.283365148305893
VYRDGMN,0.629061222076416,-1.048642873764038,0.5714285714285714,0.4285714285714285,0.4487089812755584,0.2987089812755584
YSHSLGN,1.1444392204284668,-0.42203184962272644,0.5714285714285714,0.1428571428571428,0.5131056904792786,0.3631056904792785
YPRDSNT,1.3075467348098755,-4.105247497558594,0.4285714285714285,0.1428571428571428,0.1345820128917694,0.0
ICHSSHT,-3.5618646144866943,-0.5502484440803528,0.7142857142857143,0.4285714285714285,0.2316515147686004,0.1316515147686004
VNRSAQM,2.014014959335327,-4.040679931640625,0.7142857142857143,0.4285714285714285,0.1412176191806793,0.0412176191806793
CYHRSVH,-3.927058696746826,1.708148717880249,0.5714285714285714,0.2857142857142857,0.1908504664897918,0.0408504664897918
AGARGKD,1.2826616764068604,-3.1336944103240967,0.7142857142857143,0.4285714285714285,0.2344284206628799,0.1344284206628799
YISRPNN,1.2622767686843872,-2.3406569957733154,0.5714285714285714,0.1428571428571428,0.3159288167953491,0.1659288167953491
YSHPGNN,1.1550099849700928,-0.8302680850028992,0.4285714285714285,0.1428571428571428,0.4711513519287109,0.271151351928711
NYSESNE,-0.8197805285453796,-1.304091215133667,0.5714285714285714,0.1428571428571428,0.4224565923213959,0.2724565923213958
IGARLNY,0.7202253341674805,-2.882280111312866,0.7142857142857143,0.2857142857142857,0.2602662444114685,0.1602662444114685
DDRESNN,0.5883640646934509,-5.3579487800598145,0.4285714285714285,0.4285714285714285,0.0058420235291123,0.0
YCRDQID,-3.6546647548675537,-0.16559337079524994,0.5714285714285714,0.4285714285714285,0.2212834805250167,0.0712834805250167
GYHMSAP,1.0474903583526611,-2.41678786277771,0.5714285714285714,0.4285714285714285,0.3081048429012298,0.1581048429012298
YSVRSQN,1.6578503847122192,0.9055466651916504,0.5714285714285714,0.1428571428571428,0.6495408415794373,0.4995408415794372
YPRPSKN,-1.5928336381912231,-0.9924575686454773,0.4285714285714285,0.2857142857142857,0.4516400694847107,0.2516400694847107
YKHPNYN,0.5684096813201904,-0.8067356944084167,0.5714285714285714,0.1428571428571428,0.4735697507858276,0.3235697507858276
QHVLGVI,-1.6525318622589111,-3.0054144859313965,0.5714285714285714,0.2857142857142857,0.2476117461919784,0.0976117461919784
YSDRSGS,1.3158159255981445,-2.4764320850372314,0.7142857142857143,0.4285714285714285,0.3019752204418182,0.2019752204418182
YRHRSSN,-4.138984203338623,1.064557671546936,0.5714285714285714,0.1428571428571428,0.1671732515096664,0.0171732515096664
QYDRGEI,-0.22448740899562836,-2.2142632007598877,0.7142857142857143,0.4285714285714285,0.3289182782173157,0.2289182782173157
RWHGPIG,-0.6991738080978394,-0.8686045408248901,0.7142857142857143,0.4285714285714285,0.4672114849090576,0.3672114849090576
YHRISAV,0.2633383572101593,0.5285835266113281,0.4285714285714285,0.2857142857142857,0.6108003854751587,0.4108003854751587
YHWDSRS,-1.613006591796875,-0.2530015707015991,0.5714285714285714,0.4285714285714285,0.4493862390518188,0.2993862390518188
ISRRSMN,-2.9846584796905518,-0.34940603375434875,0.4285714285714285,0.2857142857142857,0.2961394488811493,0.0961394488811493
IYHVHTN,-1.4277445077896118,-1.8318109512329102,0.5714285714285714,0.2857142857142857,0.3682228624820709,0.2182228624820709
YHYGASI,-1.7590049505233765,-1.4509737491607666,0.7142857142857143,0.4285714285714285,0.4073614478111267,0.3073614478111267
PSRKPLN,-1.9750252962112427,-1.3188674449920654,0.5714285714285714,0.2857142857142857,0.4089399874210357,0.2589399874210357
IYRLGQD,0.3856308162212372,0.25287261605262756,0.4285714285714285,0.2857142857142857,0.5824655890464783,0.3824655890464783
YYNRAGC,-2.83715558052063,-0.7305719256401062,0.7142857142857143,0.4285714285714285,0.3126190900802612,0.2126190900802612
FPHRVNN,1.2464728355407715,-1.6201926469802856,0.7142857142857143,0.2857142857142857,0.3899708688259125,0.2899708688259125
YSHASNS,1.5203341245651245,-1.3469369411468506,0.5714285714285714,0.1428571428571428,0.4180533289909363,0.2680533289909362
EHGNRPW,0.16301044821739197,-1.6749900579452515,0.7142857142857143,0.4285714285714285,0.384339302778244,0.284339302778244
YSRNSQC,-3.503392219543457,1.1660633087158203,0.4285714285714285,0.2857142857142857,0.2381843030452728,0.0381843030452728
YSRTLKN,-1.832741618156433,0.3680996000766754,0.4285714285714285,0.2857142857142857,0.4248364865779876,0.2248364865779877
YSRSVFP,-0.6980022192001343,0.5695486664772034,0.5714285714285714,0.2857142857142857,0.5516144037246704,0.4016144037246704
RHRLSKN,-3.579981565475464,1.9036434888839722,0.2857142857142857,0.2857142857142857,0.2296274155378341,0.0
YWRLSNE,-1.963770866394043,2.2629406452178955,0.2857142857142857,0.2857142857142857,0.4101973474025726,0.1601973474025726
YRQLWYN,-3.5848329067230225,0.35629111528396606,0.5714285714285714,0.4285714285714285,0.2290854007005691,0.0790854007005691
YFCHGPN,-4.234878063201904,0.2285410463809967,0.4285714285714285,0.4285714285714285,0.1564595848321914,0.0
IHRSGLV,0.3594876527786255,-0.9665318131446838,0.5714285714285714,0.2857142857142857,0.4571475088596344,0.3071475088596344
YSWRHFN,-2.230583906173706,1.105482578277588,0.5714285714285714,0.2857142857142857,0.3803878724575043,0.2303878724575042
YNRAENN,1.4875333309173584,-2.6201634407043457,0.4285714285714285,0.2857142857142857,0.2872039675712585,0.0872039675712585
YCRREEQ,-4.10895299911499,-0.9945437908172607,0.7142857142857143,0.4285714285714285,0.1705284714698791,0.0705284714698791
CAHMLNN,-3.5879125595092773,-0.35234275460243225,0.7142857142857143,0.2857142857142857,0.228741317987442,0.128741317987442
TYTRSQN,0.8497716784477234,3.325004816055298,0.2857142857142857,0.1428571428571428,0.7245383262634277,0.4745383262634277
SGRYGQY,-1.1093398332595825,-1.1331039667129517,0.7142857142857143,0.5714285714285714,0.4400289058685303,0.3400289058685303
VHTVFNN,-0.9050248265266418,-3.1903085708618164,0.5714285714285714,0.4285714285714285,0.2286101877689361,0.0786101877689361
YYSRSSI,-0.42552006244659424,0.3076426386833191,0.4285714285714285,0.1428571428571428,0.5820572972297668,0.3820572972297669
YSNVFQP,-1.1241848468780518,-1.8110851049423218,0.7142857142857143,0.5714285714285714,0.3703528344631195,0.2703528344631195
VYHFSSN,-1.8843573331832886,0.09053347259759903,0.5714285714285714,0.2857142857142857,0.419069766998291,0.269069766998291
TVIKFKS,-1.771602749824524,-1.3208576440811157,0.7142857142857143,0.1428571428571428,0.4207334816455841,0.3207334816455841
IHCHSIN,-4.049868106842041,-0.026498643681406975,0.5714285714285714,0.4285714285714285,0.1771296858787536,0.0271296858787536
VYHKTQN,1.3717727661132812,0.2394123673439026,0.5714285714285714,0.1428571428571428,0.581082284450531,0.431082284450531
SYWRSND,-2.6653473377227783,1.2614985704421997,0.5714285714285714,0.2857142857142857,0.3318142294883728,0.1818142294883728
YARSLLC,-4.230191707611084,0.09064091742038727,0.4285714285714285,0.4285714285714285,0.1569831669330597,0.0
HHHWQGG,-1.0542137622833252,0.19054687023162842,0.5714285714285714,0.5714285714285714,0.5118169784545898,0.3618169784545898
YSPRKII,-2.625382900238037,-0.9195961356163025,0.5714285714285714,0.2857142857142857,0.3362792432308197,0.1862792432308197
VHGYNME,-0.4781179130077362,-2.1020045280456543,0.7142857142857143,0.4285714285714285,0.3404550850391388,0.2404550850391388
CSVRSVN,-3.5346004962921143,0.7999382019042969,0.5714285714285714,0.4285714285714285,0.2346975803375244,0.0846975803375244
YSRRTDI,0.5675737857818604,-1.1250377893447876,0.5714285714285714,0.2857142857142857,0.4408578872680664,0.2908578872680664
NVHRTLN,1.1755051612854004,-1.0298634767532349,0.5714285714285714,0.2857142857142857,0.4506389498710632,0.3006389498710632
IWENQAG,-1.2667300701141357,-3.3157238960266113,0.7142857142857143,0.1428571428571428,0.2157212793827057,0.1157212793827057
HDLHLNE,-0.34938764572143555,-5.089329719543457,0.7142857142857143,0.5714285714285714,0.033447977155447,0.0
YMPLNYE,-2.3001153469085693,-0.7119684815406799,0.5714285714285714,0.2857142857142857,0.3726195096969604,0.2226195096969604
LYERLGS,0.28731563687324524,-1.226884126663208,0.5714285714285714,0.2857142857142857,0.4303911030292511,0.2803911030292511
YSQMHMK,-0.31809136271476746,-2.6946287155151367,0.5714285714285714,0.4285714285714285,0.2795511782169342,0.1295511782169342
WSHYGSW,-4.142507076263428,0.5585108995437622,0.7142857142857143,0.5714285714285714,0.1667796671390533,0.0667796671390533
YYETFPC,-4.1010212898254395,0.5206736922264099,0.7142857142857143,0.5714285714285714,0.171414628624916,0.071414628624916
YYDIAHN,-1.2980306148529053,-1.777984619140625,0.5714285714285714,0.2857142857142857,0.3737545907497406,0.2237545907497406
YNHLSGN,1.1713804006576538,-1.8137999773025513,0.4285714285714285,0.2857142857142857,0.3700738549232483,0.1700738549232483
YYRYFGC,-4.7132487297058105,0.8694344162940979,0.7142857142857143,0.4285714285714285,0.1030139699578285,0.0030139699578285
YITSSQN,0.13404281437397003,-3.1207540035247803,0.4285714285714285,0.2857142857142857,0.2357583045959472,0.0357583045959472
YHHSGTN,0.5234498381614685,-1.6134660243988037,0.2857142857142857,0.2857142857142857,0.390662133693695,0.140662133693695
HLRVNGD,1.241173505783081,-4.076385974884033,0.5714285714285714,0.4285714285714285,0.1375481039285659,0.0
SHRRAKN,-3.007617712020874,0.5556591153144836,0.5714285714285714,0.4285714285714285,0.2935743331909179,0.1435743331909179
YRRHAPN,-3.8701236248016357,0.6349642872810364,0.2857142857142857,0.4285714285714285,0.1972115039825439,0.0
YYMRSSN,-1.6231848001480103,0.6186947822570801,0.5714285714285714,0.2857142857142857,0.4482491016387939,0.2982491016387939
NPHRSNN,0.9546616077423096,-2.280674934387207,0.5714285714285714,0.1428571428571428,0.3220931589603424,0.1720931589603424
NYHAMDN,-0.11346317082643509,-2.449223279953003,0.4285714285714285,0.4285714285714285,0.3047714531421661,0.1047714531421661
HYLRNNS,-0.15734632313251495,-0.7366876602172852,0.5714285714285714,0.4285714285714285,0.4807685613632202,0.3307685613632202
YSHKEAY,1.3875911235809326,-0.9921392798423767,0.5714285714285714,0.4285714285714285,0.4545158147811889,0.3045158147811889
NHHRFNN,-0.698721706867218,-0.22891369462013245,0.5714285714285714,0.1428571428571428,0.5329524278640747,0.3829524278640747
YYHRPSA,-1.1724117994308472,0.5779562592506409,0.5714285714285714,0.2857142857142857,0.4986113607883453,0.3486113607883453
YYHRSQE,0.004813973791897297,1.231673002243042,0.4285714285714285,0.1428571428571428,0.6301360726356506,0.4301360726356507
YSRRGNN,-1.8768935203552246,0.9831134676933289,0.2857142857142857,0.1428571428571428,0.4199036657810211,0.1699036657810211
LYHRANS,0.8994200229644775,0.7479601502418518,0.5714285714285714,0.2857142857142857,0.6333456635475159,0.4833456635475158
YVRRENT,1.0051134824752808,-0.6645048260688782,0.5714285714285714,0.2857142857142857,0.488186776638031,0.338186776638031
YYHVLHN,-3.048234224319458,-0.9080444574356079,0.7142857142857143,0.2857142857142857,0.2890364825725555,0.1890364825725555
WYRRENK,-2.4719748497009277,0.6424286961555481,0.7142857142857143,0.2857142857142857,0.3534186482429504,0.2534186482429504
WHMDSTN,-0.6117708683013916,-1.8881831169128418,0.5714285714285714,0.4285714285714285,0.3624294996261596,0.2124294996261596
YKGRSNT,-3.0094432830810547,-0.3698793649673462,0.5714285714285714,0.2857142857142857,0.2933703660964966,0.1433703660964966
MYSRSNE,1.0734548568725586,0.6366961598396301,0.5714285714285714,0.1428571428571428,0.6219111084938049,0.4719111084938049
YYSRGNN,0.627078652381897,0.12504452466964722,0.5714285714285714,0.1428571428571428,0.5693286657333374,0.4193286657333374
YHHESSN,0.17397432029247284,-1.968018651008606,0.4285714285714285,0.1428571428571428,0.35422483086586,0.15422483086586
YYHRGNN,-0.6420488953590393,1.3694806098937988,0.5714285714285714,0.1428571428571428,0.5578657984733582,0.4078657984733581
VSRGSNI,2.2045469284057617,-2.3324005603790283,0.5714285714285714,0.4285714285714285,0.3167773187160492,0.1667773187160492
YSRRHSN,-2.961967945098877,1.6353403329849243,0.4285714285714285,0.2857142857142857,0.2986745238304138,0.0986745238304138
YHNSSMN,1.1555482149124146,-3.7558681964874268,0.4285714285714285,0.2857142857142857,0.1704876869916916,0.0
YHHGSNT,0.4126257002353668,-1.7644585371017456,0.4285714285714285,0.2857142857142857,0.3751446604728699,0.1751446604728699
YHSHSDN,0.1624586433172226,-2.7876195907592773,0.4285714285714285,0.2857142857142857,0.2699944972991943,0.0699944972991943
VYHHLGN,-0.447066992521286,-0.09842423349618912,0.7142857142857143,0.2857142857142857,0.5463628172874451,0.4463628172874451
YYRMAAN,-0.8195372819900513,-0.10581430792808533,0.4285714285714285,0.2857142857142857,0.538036048412323,0.338036048412323
LYRRKIH,-3.853196859359741,0.8824222087860107,0.5714285714285714,0.4285714285714285,0.1991026252508163,0.0491026252508163
IVHVSPS,-0.5088804960250854,-4.505557060241699,0.7142857142857143,0.4285714285714285,0.0934422388672828,0.0
YYHSSNN,-0.6778563261032104,-0.41938555240631104,0.4285714285714285,0.0,0.5133776664733887,0.3133776664733887
PYRSSAN,1.4661463499069214,-1.8212146759033203,0.5714285714285714,0.2857142857142857,0.3693118393421173,0.2193118393421173
PSRNNTS,1.3720883131027222,-3.348276376724243,0.5714285714285714,0.5714285714285714,0.2123758643865585,0.0623758643865585
YNHRSHP,-0.049015775322914124,-0.844677746295929,0.5714285714285714,0.2857142857142857,0.4696704149246216,0.3196704149246215
IYGISHN,-0.4009547829627991,-2.4500136375427246,0.5714285714285714,0.2857142857142857,0.3046902418136596,0.1546902418136596
FSHRFNH,-1.4049009084701538,-0.10334018617868423,0.7142857142857143,0.4285714285714285,0.4726366698741913,0.3726366698741913
YLHRSDE,0.6552379727363586,-0.40472257137298584,0.7142857142857143,0.2857142857142857,0.5148845911026001,0.4148845911026001
YYHRSQN,-1.0289671421051025,1.5204558372497559,0.4285714285714285,0.1428571428571428,0.5146376490592957,0.3146376490592957
FHRRSNN,-2.979219913482666,0.7019833326339722,0.2857142857142857,0.1428571428571428,0.2967470586299896,0.0467470586299896
YSHRMRG,-3.2053356170654297,0.03416655212640762,0.5714285714285714,0.4285714285714285,0.2714844644069671,0.1214844644069671
YHRKSHN,-2.1344656944274902,1.2872107028961182,0.2857142857142857,0.2857142857142857,0.3911266028881073,0.1411266028881073
YYSSAGY,-1.6017111539840698,-2.577043056488037,0.7142857142857143,0.4285714285714285,0.2916354238986969,0.1916354238986969
YHHVSNN,0.8324894905090332,-0.4764159917831421,0.2857142857142857,0.1428571428571428,0.5075166821479797,0.2575166821479797
YSHRSNN,1.822951078414917,1.5215983390808105,0.4285714285714285,0.0,0.712852418422699,0.512852418422699
YSRRFNA,-2.187114953994751,0.17312774062156677,0.5714285714285714,0.2857142857142857,0.3852443993091583,0.2352443993091583
IYSSLGN,-1.0000357627868652,-2.0966830253601074,0.5714285714285714,0.2857142857142857,0.3410019874572754,0.1910019874572754
YSRISHH,-0.5352771282196045,1.361071228981018,0.4285714285714285,0.2857142857142857,0.5697947144508362,0.3697947144508362
YHRRKNN,-3.123399019241333,1.5031038522720337,0.2857142857142857,0.1428571428571428,0.2806387543678283,0.0306387543678283
VSRRSNN,-2.9686057567596436,-0.34181854128837585,0.4285714285714285,0.1428571428571428,0.2979329228401184,0.0979329228401184
HIRRSAN,-3.8121633529663086,0.10614437609910965,0.5714285714285714,0.4285714285714285,0.2036870718002319,0.0536870718002319
YSHRNNN,1.5117714405059814,-0.5843440890312195,0.4285714285714285,0.1428571428571428,0.496424913406372,0.2964249134063721
YRSHSNN,1.3334707021713257,-0.22652511298656464,0.4285714285714285,0.2857142857142857,0.5331978797912598,0.3331978797912598
YYSRNLS,-1.1475657224655151,0.1993747353553772,0.5714285714285714,0.2857142857142857,0.5013872385025024,0.3513872385025024
YESLNGY,-2.498687267303467,-1.3949096202850342,0.5714285714285714,0.4285714285714285,0.3504342138767242,0.2004342138767242
YYHRDLW,-2.2397584915161133,0.9718070030212402,0.7142857142857143,0.4285714285714285,0.3793628513813019,0.2793628513813019
YHHRSNI,-0.588639497756958,1.197286605834961,0.4285714285714285,0.1428571428571428,0.5638329386711121,0.3638329386711121
YYHSSEG,-1.4747282266616821,-0.9589329361915588,0.5714285714285714,0.2857142857142857,0.4579284489154815,0.3079284489154815
LSHRQQG,1.356129765510559,-2.21338152885437,0.5714285714285714,0.4285714285714285,0.3290088772773742,0.1790088772773742
LHRSGAE,2.0399391651153564,-1.9981752634048462,0.4285714285714285,0.4285714285714285,0.3511256277561188,0.1511256277561188
YWHMSNH,-2.2632620334625244,0.5767582654953003,0.5714285714285714,0.2857142857142857,0.3767369389533996,0.2267369389533996
YLHRSDN,0.5226811766624451,0.6955717206001282,0.5714285714285714,0.2857142857142857,0.6279617547988892,0.4779617547988891
YYHRGEG,0.24280928075313568,1.3413089513778687,0.5714285714285714,0.1428571428571428,0.6567258834838867,0.5067258834838867
YYRRSNN,-3.154005289077759,0.9878677725791931,0.2857142857142857,0.0,0.277219295501709,0.0272192955017089
YLRRPTE,0.19378498196601868,-1.2634062767028809,0.5714285714285714,0.4285714285714285,0.4266377389431,0.2766377389430999
YYRSGRN,-2.925506591796875,0.21209605038166046,0.2857142857142857,0.2857142857142857,0.3027481436729431,0.0527481436729431
QYRDSWM,-3.681828737258911,0.4652806520462036,0.7142857142857143,0.4285714285714285,0.2182486057281494,0.1182486057281494
YHRDSSG,2.2003345489501953,-1.0540298223495483,0.4285714285714285,0.2857142857142857,0.4481553435325622,0.2481553435325622
YYSRFQN,-1.4660686254501343,0.01113075576722622,0.5714285714285714,0.1428571428571428,0.4658027589321136,0.3158027589321136
RSHRDGN,-1.0496807098388672,-1.2396795749664307,0.7142857142857143,0.4285714285714285,0.4290761053562164,0.3290761053562164
YYHRMQN,-1.0039352178573608,0.15120871365070343,0.5714285714285714,0.2857142857142857,0.517434298992157,0.3674342989921569
IYRIKAL,-3.908668041229248,-0.6900478601455688,0.7142857142857143,0.4285714285714285,0.1929051578044891,0.0929051578044891
YSHSAHT,0.3094523251056671,-0.8988413214683533,0.5714285714285714,0.4285714285714285,0.4641040563583374,0.3141040563583374
NSRSNSV,1.3940811157226562,-3.279792547225952,0.5714285714285714,0.4285714285714285,0.219413936138153,0.069413936138153
YYHISNN,-1.9479506015777588,-0.510354220867157,0.4285714285714285,0.1428571428571428,0.411964863538742,0.211964863538742
YHHFQNN,-1.1741403341293335,-0.5598962903022766,0.4285714285714285,0.2857142857142857,0.498418241739273,0.2984182417392731
YSRRSGS,-2.6569008827209473,0.6545374989509583,0.5714285714285714,0.2857142857142857,0.3327579200267792,0.1827579200267791
LSTSSEN,-0.7923035025596619,-4.3304548263549805,0.4285714285714285,0.2857142857142857,0.111437477171421,0.0
QYHRSLT,-1.0739654302597046,1.513415813446045,0.5714285714285714,0.1428571428571428,0.5096101760864258,0.3596101760864257
EYHRLNN,0.7251319289207458,-0.8659845590591431,0.7142857142857143,0.1428571428571428,0.4674807488918304,0.3674807488918304
VYFRVSH,-2.9493765830993652,0.35381293296813965,0.5714285714285714,0.2857142857142857,0.3000812828540802,0.1500812828540802
YYHWNND,-2.554431676864624,0.3860883116722107,0.5714285714285714,0.2857142857142857,0.3442062139511108,0.1942062139511108
YMHHSAS,0.4970938265323639,-1.7623194456100464,0.7142857142857143,0.2857142857142857,0.3753644824028015,0.2753644824028015
YYKRNFN,-2.1984760761260986,0.5033847689628601,0.5714285714285714,0.1428571428571428,0.383975088596344,0.233975088596344
YYHWAGW,-4.452381134033203,1.0898962020874023,0.7142857142857143,0.4285714285714285,0.1321592181921005,0.0321592181921005
HYRSAVW,-2.686962127685547,0.3899402916431427,0.7142857142857143,0.4285714285714285,0.3293993473052978,0.2293993473052978
YYRRSND,-0.6906285881996155,0.5021147131919861,0.4285714285714285,0.1428571428571428,0.5524382591247559,0.3524382591247559
YHHKGTN,1.1577417850494385,-0.015487746335566044,0.4285714285714285,0.2857142857142857,0.5548862218856812,0.3548862218856812
HSRRGAN,-3.2578377723693848,-0.09720205515623093,0.4285714285714285,0.4285714285714285,0.2656186819076538,0.0656186819076538
YSKSGTT,2.38204026222229,-2.852909564971924,0.4285714285714285,0.4285714285714285,0.2632846534252167,0.0632846534252166
YHHWSST,-1.9606502056121826,0.6796525716781616,0.5714285714285714,0.2857142857142857,0.4105460047721863,0.2605460047721862
NSRRSMN,-3.785031795501709,-1.0738677978515625,0.4285714285714285,0.2857142857142857,0.2067183256149292,0.0067183256149292
AKHSSIE,1.2999153137207031,-4.340938568115234,0.7142857142857143,0.5714285714285714,0.110360063612461,0.010360063612461
YYRLSNN,-1.2505912780761719,0.9592787623405457,0.1428571428571428,0.1428571428571428,0.4898768067359924,0.1898768067359924
QDHRSSN,0.8668819069862366,-2.1503889560699463,0.5714285714285714,0.2857142857142857,0.3354826271533966,0.1854826271533966
YHYNQNN,-0.8853524923324585,-0.7195208072662354,0.4285714285714285,0.4285714285714285,0.4825327694416046,0.2825327694416046
YYVNSES,-1.9293817281723022,-1.1699563264846802,0.7142857142857143,0.4285714285714285,0.4140394330024719,0.3140394330024719
SYHALDN,-0.6473073363304138,-1.0475083589553833,0.5714285714285714,0.4285714285714285,0.4488255679607391,0.2988255679607391
YHHHSNN,-0.7223615050315857,0.22830776870250702,0.2857142857142857,0.1428571428571428,0.5488929152488708,0.2988929152488708
SYDSSNP,-0.3082409203052521,-2.208547830581665,0.5714285714285714,0.4285714285714285,0.3295056521892547,0.1795056521892547
QYSRNNP,1.5083811283111572,1.5115464925765991,0.5714285714285714,0.2857142857142857,0.7118194103240967,0.5618194103240967
VYHRFNN,-0.833371102809906,1.5055155754089355,0.5714285714285714,0.1428571428571428,0.5364904403686523,0.3864904403686523
YYGRSWE,-1.954566240310669,0.9033118486404419,0.5714285714285714,0.2857142857142857,0.4112257361412048,0.2612257361412048
YHRRNGN,-2.7635812759399414,0.9477781057357788,0.4285714285714285,0.1428571428571428,0.3208391368389129,0.1208391368389129
YYHSSNF,-1.822608232498169,0.25217583775520325,0.5714285714285714,0.1428571428571428,0.4259686470031738,0.2759686470031738
IHRKSNS,-2.9800331592559814,1.2589699029922485,0.4285714285714285,0.4285714285714285,0.2966561913490295,0.0966561913490295
VYKRSQL,-1.9881179332733154,1.2229982614517212,0.2857142857142857,0.2857142857142857,0.4074772000312805,0.1574772000312805
YSHSLNV,0.15577350556850433,-0.33371275663375854,0.7142857142857143,0.2857142857142857,0.522182285785675,0.422182285785675
YHHRGNN,0.3475673794746399,1.4248273372650146,0.4285714285714285,0.1428571428571428,0.6684299111366272,0.4684299111366272
YISRSAN,1.694035530090332,-1.528733730316162,0.5714285714285714,0.2857142857142857,0.3993700742721557,0.2493700742721557
YYRRVQN,-3.5203866958618164,0.28393223881721497,0.5714285714285714,0.1428571428571428,0.2362855970859527,0.0862855970859527
YYHRSNS,-1.1792142391204834,0.39487725496292114,0.5714285714285714,0.1428571428571428,0.4978513419628143,0.3478513419628143
YSHHGVI,-0.0447315089404583,-1.5506763458251953,0.5714285714285714,0.4285714285714285,0.397115021944046,0.247115021944046
YMRRSNN,-2.6464405059814453,0.6180403828620911,0.2857142857142857,0.1428571428571428,0.3339265882968902,0.0839265882968902
YSRRSMY,-3.6501407623291016,0.35051825642585754,0.4285714285714285,0.2857142857142857,0.2217889279127121,0.0217889279127121
YYHSSSI,-1.7399885654449463,-0.6229717135429382,0.5714285714285714,0.2857142857142857,0.4351992607116699,0.2851992607116699
KIHNQSN,0.3187899589538574,-2.2245845794677734,0.5714285714285714,0.2857142857142857,0.3278575539588928,0.1778575539588928
ISRRSNN,-2.8377645015716553,-0.22086167335510254,0.4285714285714285,0.1428571428571428,0.3125510513782501,0.1125510513782501
YYSSSHN,-0.4179702699184418,-2.403489112854004,0.4285714285714285,0.2857142857142857,0.3094715476036072,0.1094715476036072
MHRWNIN,-1.61683988571167,0.7556920051574707,0.5714285714285714,0.2857142857142857,0.4489579796791076,0.2989579796791076
YSHATNY,-0.16495312750339508,-0.8661306500434875,0.7142857142857143,0.2857142857142857,0.4674656987190246,0.3674656987190247
ISRSHHH,-0.6003800630569458,0.24865597486495972,0.7142857142857143,0.4285714285714285,0.56252121925354,0.46252121925354
YYRRSNN,-3.154005289077759,0.9878677725791931,0.2857142857142857,0.0,0.277219295501709,0.0272192955017089
YHRMLNY,-2.364009141921997,0.5041982531547546,0.4285714285714285,0.2857142857142857,0.3654810190200805,0.1654810190200805
YHHKSQA,1.313689947128296,0.3227486312389374,0.5714285714285714,0.2857142857142857,0.5896467566490173,0.4396467566490173
YYSEGNN,-1.3857859373092651,-0.9479086995124817,0.5714285714285714,0.2857142857142857,0.4590613842010498,0.3090613842010498
YHRRLNI,-3.126889705657959,1.0636793375015259,0.4285714285714285,0.1428571428571428,0.280248761177063,0.080248761177063
FSHRQNQ,0.6688523888587952,-1.222114086151123,0.7142857142857143,0.4285714285714285,0.4308813512325287,0.3308813512325287
LYHRQNN,-0.08863043785095215,0.42426908016204834,0.5714285714285714,0.1428571428571428,0.6000800132751465,0.4500800132751464
HPHLNND,-0.5761434435844421,-4.296182155609131,0.5714285714285714,0.5714285714285714,0.1149596720933914,0.0
QDHRAQN,1.1402403116226196,-2.918593645095825,0.7142857142857143,0.2857142857142857,0.2565343081951141,0.1565343081951141
YHRRSNN,-2.949784517288208,1.4256759881973267,0.1428571428571428,0.0,0.3000357151031494,3.5715103149425165e-05
NSHMGNN,0.10355807840824127,-3.9982786178588867,0.5714285714285714,0.4285714285714285,0.1455751955509185,0.0
VHRSSGN,0.9299740791320801,-0.9002196192741394,0.4285714285714285,0.2857142857142857,0.4639624357223511,0.2639624357223511
YSHWSVN,-2.1965529918670654,0.6218031644821167,0.5714285714285714,0.1428571428571428,0.3841899335384369,0.2341899335384369
YSHKSNW,-0.049809474498033524,0.9699941873550415,0.5714285714285714,0.2857142857142857,0.6240332722663879,0.4740332722663879
YYHRSIN,-1.6022964715957642,0.917949914932251,0.5714285714285714,0.1428571428571428,0.4505828320980072,0.3005828320980072
YSHATRN,1.486203670501709,-1.6844630241394043,0.5714285714285714,0.2857142857142857,0.3833657801151275,0.2333657801151275
VPNHFNN,0.40076005458831787,-3.236259698867798,0.7142857142857143,0.5714285714285714,0.2238878011703491,0.1238878011703491
VNRRSTM,-2.9240245819091797,-0.7453357577323914,0.5714285714285714,0.4285714285714285,0.3029137253761291,0.1529137253761291
SYSFSYN,-2.7560954093933105,0.5108959078788757,0.2857142857142857,0.2857142857142857,0.3216754794120788,0.0716754794120788
YPHDGEN,-0.5950349569320679,-3.556614637374878,0.5714285714285714,0.4285714285714285,0.1909649521112442,0.0409649521112442
NYYILSN,-3.5210371017456055,-0.6414238214492798,0.7142857142857143,0.4285714285714285,0.2362129390239715,0.1362129390239715
YYLLANT,-2.5871922969818115,-0.8757988810539246,0.5714285714285714,0.2857142857142857,0.3405460715293884,0.1905460715293884
IRHVADS,1.051472783088684,-2.9571034908294678,0.7142857142857143,0.5714285714285714,0.2525766491889953,0.1525766491889953
YYRSSEN,-0.45669567584991455,0.5055730938911438,0.4285714285714285,0.1428571428571428,0.5785742402076721,0.3785742402076721
PYHLQGS,0.14878198504447937,-1.73037588596344,0.7142857142857143,0.2857142857142857,0.3786473572254181,0.2786473572254181
HSRSSTN,1.273535966873169,-1.8310149908065796,0.4285714285714285,0.2857142857142857,0.3683046400547027,0.1683046400547027
SVSRSSN,1.3056977987289429,-3.2278780937194824,0.5714285714285714,0.2857142857142857,0.2247491776943206,0.0747491776943206
VSHLGND,0.24902881681919098,-3.7953953742980957,0.5714285714285714,0.4285714285714285,0.1664254814386367,0.0164254814386367
YYRKANA,-2.2740237712860107,0.7113638520240784,0.5714285714285714,0.2857142857142857,0.3755345940589905,0.2255345940589904
YYSRSLN,-0.895397961139679,0.9361363053321838,0.5714285714285714,0.1428571428571428,0.5295605063438416,0.3795605063438415
YHIAGEG,0.4426281154155731,-3.088919162750244,0.5714285714285714,0.4285714285714285,0.239029973745346,0.089029973745346
HYHSSSN,0.028896508738398552,-1.4308782815933228,0.5714285714285714,0.1428571428571428,0.4094266891479492,0.2594266891479492
YSHRSIA,1.2439874410629272,0.13863852620124817,0.5714285714285714,0.2857142857142857,0.5707257390022278,0.4207257390022277
TYRRSMN,-3.3475351333618164,-0.0837816670536995,0.5714285714285714,0.2857142857142857,0.255597323179245,0.105597323179245
YHHRSTN,0.32852768898010254,1.0035626888275146,0.4285714285714285,0.1428571428571428,0.6596139073371887,0.4596139073371887
IYHRSAV,0.3902062475681305,0.9304920434951782,0.4285714285714285,0.1428571428571428,0.6521044373512268,0.4521044373512268
YSRNSMA,2.1042325496673584,-1.2165929079055786,0.4285714285714285,0.2857142857142857,0.431448757648468,0.231448757648468
YYSRAGI,-0.17163778841495514,-0.4148541986942291,0.5714285714285714,0.1428571428571428,0.5138433575630188,0.3638433575630188
YHRRNHN,-2.4297990798950195,0.2476286143064499,0.4285714285714285,0.2857142857142857,0.3581306934356689,0.1581306934356689
THRRGGP,-2.9212820529937744,-0.054373111575841904,0.5714285714285714,0.2857142857142857,0.303220123052597,0.153220123052597
VHLRFNN,-1.1904263496398926,-1.2426390647888184,0.4285714285714285,0.2857142857142857,0.4287720024585724,0.2287720024585724
YHSRSNN,1.2556569576263428,1.0195510387420654,0.2857142857142857,0.1428571428571428,0.6612570285797119,0.4112570285797119
YSHRSGN,1.5277682542800903,0.5965955853462219,0.5714285714285714,0.1428571428571428,0.6177899837493896,0.4677899837493896
MHSLSPE,-0.006948286667466164,-4.193331718444824,0.5714285714285714,0.4285714285714285,0.1255296021699905,0.0
SYHRSND,1.1296756267547607,0.6506566405296326,0.5714285714285714,0.1428571428571428,0.6233457922935486,0.4733457922935485
SYRRLHN,-4.618805408477783,0.13308541476726532,0.7142857142857143,0.2857142857142857,0.1135655790567398,0.0135655790567398
YYHVSTR,-1.9317281246185303,-0.6527264714241028,0.4285714285714285,0.2857142857142857,0.4137773215770721,0.2137773215770721
VYRRGND,1.1659801006317139,0.04921075701713562,0.5714285714285714,0.2857142857142857,0.5615352392196655,0.4115352392196655
YHSRQTI,-0.3613133132457733,-0.5916810035705566,0.5714285714285714,0.4285714285714285,0.495670884847641,0.3456708848476409
YYHRSNN,-0.9529139399528503,1.031571388244629,0.4285714285714285,0.0,0.5231346487998962,0.3231346487998963
VYDRSNN,1.010746717453003,0.19519667327404022,0.4285714285714285,0.1428571428571428,0.5765382051467896,0.3765382051467896
YYSRSSN,0.4695335030555725,0.015150315128266811,0.5714285714285714,0.1428571428571428,0.5580348968505859,0.4080348968505859
NHHHSNN,-0.7356593608856201,-1.168103575706482,0.4285714285714285,0.2857142857142857,0.4364320039749145,0.2364320039749145
YAHMSNN,1.3533623218536377,-1.2489354610443115,0.4285714285714285,0.1428571428571428,0.4281249344348907,0.2281249344348907
YSDDFVN,-2.043804168701172,-1.0564053058624268,0.5714285714285714,0.4285714285714285,0.4012556970119476,0.2512556970119476
YSRRVWN,-2.8876450061798096,1.2577968835830688,0.4285714285714285,0.1428571428571428,0.3069781959056854,0.1069781959056854
FYSRQPN,-0.5822873711585999,-1.3673025369644165,0.7142857142857143,0.2857142857142857,0.4159603416919708,0.3159603416919708
NYSSSDN,-0.2849285304546356,-2.994173765182495,0.5714285714285714,0.1428571428571428,0.2487669438123703,0.0987669438123703
IYSRSIA,0.3504224717617035,3.006849765777588,0.4285714285714285,0.2857142857142857,0.6687489151954651,0.4687489151954651
YYHSLGN,-1.9531737565994263,-0.1868925839662552,0.5714285714285714,0.1428571428571428,0.411381334066391,0.2613813340663909
YYHRAQN,-0.8571757674217224,1.0399888753890991,0.5714285714285714,0.2857142857142857,0.5338308811187744,0.3838308811187744
YVHRNNN,0.9752123355865479,-0.21457259356975555,0.5714285714285714,0.1428571428571428,0.5344263315200806,0.3844263315200805
AYQGSIS,0.9009875059127808,-1.986631989479065,0.7142857142857143,0.4285714285714285,0.3523119390010834,0.2523119390010834
YSGMLRQ,0.14281128346920013,-2.4524319171905518,0.7142857142857143,0.4285714285714285,0.3044416904449463,0.2044416904449463
YYHRFGN,-1.9781440496444702,0.9871407151222229,0.7142857142857143,0.1428571428571428,0.4085915088653564,0.3085915088653564
YSHRANN,2.5036022663116455,0.21362408995628357,0.4285714285714285,0.1428571428571428,0.578432023525238,0.3784320235252381
YSGRLPQ,1.5624185800552368,-2.190483570098877,0.5714285714285714,0.4285714285714285,0.3313620984554291,0.181362098455429
YQRVNNA,2.7455098628997803,-3.0370278358459473,0.5714285714285714,0.2857142857142857,0.2443628460168838,0.0943628460168838
YYHVVGA,-2.164353847503662,-0.7126284241676331,0.7142857142857143,0.2857142857142857,0.3877873718738556,0.2877873718738556
YYSWSSN,-2.7232372760772705,0.46750375628471375,0.5714285714285714,0.2857142857142857,0.3253465294837951,0.1753465294837951
YSFESNN,-1.6454226970672607,0.03465140983462334,0.4285714285714285,0.2857142857142857,0.4457645714282989,0.2457645714282989
SYHRSND,1.1296756267547607,0.6506566405296326,0.5714285714285714,0.1428571428571428,0.6233457922935486,0.4733457922935485
YWRYSNN,-1.8796732425689697,1.0563678741455078,0.2857142857142857,0.2857142857142857,0.4195930957794189,0.1695930957794189
YYTRSNN,0.32029980421066284,-0.027679502964019775,0.4285714285714285,0.0,0.5536332726478577,0.3536332726478577
ISFKAEW,-1.5195447206497192,-1.3992477655410767,0.7142857142857143,0.5714285714285714,0.4126773476600647,0.3126773476600647
VSHSSNN,0.8387623429298401,-4.0910420417785645,0.5714285714285714,0.0,0.136041909456253,0.0
YYHSASD,-1.8443461656570435,-0.7950522899627686,0.5714285714285714,0.4285714285714285,0.4235399961471557,0.2735399961471557
HYRRVNN,-3.9904258251190186,0.16713039577007294,0.5714285714285714,0.2857142857142857,0.1837708204984665,0.0337708204984665
YLHRADN,0.10571502894163132,0.3260502815246582,0.5714285714285714,0.2857142857142857,0.5899860262870789,0.4399860262870788
QSLRSLN,0.8154219388961792,-2.0085198879241943,0.5714285714285714,0.4285714285714285,0.3500624895095825,0.2000624895095825
YLRRHSN,-3.777053117752075,0.811290442943573,0.5714285714285714,0.2857142857142857,0.2076097279787063,0.0576097279787063
LWSMSQN,-2.092292070388794,-1.82197105884552,0.5714285714285714,0.2857142857142857,0.3692341148853302,0.2192341148853302
HHHPNNE,-0.205442413687706,-2.3836326599121094,0.7142857142857143,0.4285714285714285,0.3115122020244598,0.2115122020244598
YFTAGNN,-0.6918250322341919,-2.2616074085235596,0.5714285714285714,0.4285714285714285,0.3240527212619781,0.1740527212619781
YWHRGGS,-2.0087342262268066,1.4080491065979004,0.7142857142857143,0.2857142857142857,0.4051738679409027,0.3051738679409027
QYRRLLE,-2.161083698272705,-0.6882908940315247,0.7142857142857143,0.4285714285714285,0.3881527185440063,0.2881527185440063
HKSHHDN,-0.4157545864582062,0.49211516976356506,0.8571428571428571,0.5714285714285714,0.5831483006477356,0.5331483006477356
YHHRLHN,-0.17826715111732483,0.6230963468551636,0.5714285714285714,0.2857142857142857,0.6096814870834351,0.459681487083435
YVHRSVS,0.20331092178821564,1.17111074924469,0.7142857142857143,0.2857142857142857,0.6523129940032959,0.5523129940032959
YYHKGNT,0.19787652790546417,0.4912593960762024,0.5714285714285714,0.2857142857142857,0.6069645881652832,0.4569645881652832
QYSLSAN,0.21778684854507446,-1.0881818532943726,0.5714285714285714,0.2857142857142857,0.4446455240249634,0.2946455240249633
YHRRNNN,-2.851050615310669,0.3963172435760498,0.2857142857142857,0.1428571428571428,0.3110666871070862,0.0610666871070861
IYRISNN,0.7030269503593445,-1.0360201597213745,0.4285714285714285,0.1428571428571428,0.4500061869621277,0.2500061869621277
VHHRTWD,-0.61599200963974,-0.2722994089126587,0.5714285714285714,0.2857142857142857,0.5284937024116516,0.3784937024116516
YYHRSNN,-0.9529139399528503,1.031571388244629,0.4285714285714285,0.0,0.5231346487998962,0.3231346487998963
YHHLANG,1.3737432956695557,-0.7261709570884705,0.4285714285714285,0.2857142857142857,0.4818493723869324,0.2818493723869324
EYSRKWN,-1.263127088546753,-0.03802869841456413,0.7142857142857143,0.4285714285714285,0.4884762465953827,0.3884762465953827
YSSPSSN,0.26768919825553894,-3.4307610988616943,0.5714285714285714,0.2857142857142857,0.2038989067077636,0.0538989067077636
VSHRQNP,1.1249308586120605,-2.548368215560913,0.5714285714285714,0.2857142857142857,0.294582337141037,0.144582337141037
MYHRLNN,0.1461704671382904,0.9471721649169922,0.7142857142857143,0.1428571428571428,0.6459290385246277,0.5459290385246277
VHHSIND,0.25709012150764465,-2.7041454315185547,0.5714285714285714,0.2857142857142857,0.2785731256008148,0.1285731256008148
YYHNGPN,-1.1141220331192017,-1.1695975065231323,0.4285714285714285,0.2857142857142857,0.4362784624099731,0.2362784624099731
YYHSSNH,-0.819922924041748,-0.4925822615623474,0.5714285714285714,0.1428571428571428,0.5058552622795105,0.3558552622795105
YFIRSNE,-0.7070210576057434,0.7755154371261597,0.5714285714285714,0.2857142857142857,0.5506067872047424,0.4006067872047424
YHHSQNN,0.01314577553421259,-1.3479366302490234,0.4285714285714285,0.1428571428571428,0.4179505705833435,0.2179505705833435
VYHSTGN,0.5319433212280273,-2.3216474056243896,0.5714285714285714,0.2857142857142857,0.3178824186325073,0.1678824186325073
YSHRMNN,1.8385604619979858,-0.2625541687011719,0.5714285714285714,0.1428571428571428,0.5294952392578125,0.3794952392578125
YYSWSNN,-2.309345006942749,0.6211705207824707,0.4285714285714285,0.2857142857142857,0.3715883493423462,0.1715883493423462
SYTTSLN,0.1492307335138321,-2.5926029682159424,0.5714285714285714,0.4285714285714285,0.2900363504886627,0.1400363504886627
QYSRGSN,1.5451799631118774,1.4965078830718994,0.5714285714285714,0.2857142857142857,0.7102738618850708,0.5602738618850708
YYHRVDN,-1.627355933189392,0.6765420436859131,0.7142857142857143,0.2857142857142857,0.4477830529212951,0.3477830529212952
YSHHSHN,-0.036444518715143204,0.27289608120918274,0.5714285714285714,0.2857142857142857,0.5845234394073486,0.4345234394073486
YYSSSQN,-0.4642190933227539,-2.0159833431243896,0.4285714285714285,0.1428571428571428,0.3492954671382904,0.1492954671382904
LYHRGNN,0.5128067135810852,1.3113614320755005,0.4285714285714285,0.1428571428571428,0.6868911981582642,0.4868911981582642
YYLSQNN,-2.127746105194092,-0.460909903049469,0.5714285714285714,0.2857142857142857,0.3918773531913757,0.2418773531913757
QYSRSNA,1.9483537673950195,1.4585751295089722,0.5714285714285714,0.1428571428571428,0.7063755393028259,0.5563755393028259
YYRHSMS,-1.895880937576294,0.32141244411468506,0.5714285714285714,0.2857142857142857,0.4177823066711426,0.2677823066711425
YYGKGHN,1.1074495315551758,-0.022401826456189156,0.5714285714285714,0.2857142857142857,0.5541756749153137,0.4041756749153137
NYHRGMN,-0.08232633024454117,0.1986423134803772,0.5714285714285714,0.2857142857142857,0.5768923163414001,0.4268923163414001
RYQNAGK,-2.6648685932159424,-0.8764386177062988,0.7142857142857143,0.5714285714285714,0.3318677246570587,0.2318677246570587
YSRHNVN,1.68001389503479,1.0189777612686157,0.2857142857142857,0.2857142857142857,0.6611981391906738,0.4111981391906738
YYRLSNQ,-1.633626103401184,1.1821858882904053,0.2857142857142857,0.0,0.4470825493335724,0.1970825493335724
KYHRSMN,-4.083283424377441,0.8946055769920349,0.5714285714285714,0.2857142857142857,0.1733963787555694,0.0233963787555694
YYRRLGN,-3.76707124710083,0.7905095815658569,0.5714285714285714,0.1428571428571428,0.2087249457836151,0.0587249457836151
VYHRSMN,0.061534665524959564,2.212019205093384,0.4285714285714285,0.1428571428571428,0.6364731192588806,0.4364731192588806
YHHRQSH,-0.8476646542549133,0.2117004096508026,0.7142857142857143,0.1428571428571428,0.5348934531211853,0.4348934531211853
IYISSGI,-1.8351695537567139,-2.8192427158355713,0.4285714285714285,0.4285714285714285,0.2667445838451385,0.0667445838451385
YHHRSAN,0.43314868211746216,0.8247827291488647,0.4285714285714285,0.0,0.6412407159805298,0.4412407159805298
VYSESQN,-0.5237581133842468,-1.1460089683532715,0.4285714285714285,0.1428571428571428,0.4387026727199554,0.2387026727199554
QKHISEN,0.7749289870262146,-3.240943670272827,0.5714285714285714,0.4285714285714285,0.223406434059143,0.073406434059143
YARRHSN,-3.046384811401367,0.21627259254455566,0.4285714285714285,0.2857142857142857,0.2892431020736694,0.0892431020736694
YSHRSIH,-0.49081969261169434,0.44764450192451477,0.5714285714285714,0.2857142857142857,0.574761688709259,0.424761688709259
YYRWSVN,-3.1548616886138916,1.7708479166030884,0.4285714285714285,0.1428571428571428,0.2771236002445221,0.0771236002445221
YYRVHTN,-0.447868674993515,-0.8064388036727905,0.4285714285714285,0.1428571428571428,0.4736002385616302,0.2736002385616303
YYRRSNI,-2.820326089859009,1.4001131057739258,0.4285714285714285,0.1428571428571428,0.3144993484020233,0.1144993484020233
YSRMSQN,2.633528709411621,1.303085207939148,0.4285714285714285,0.1428571428571428,0.6903958320617676,0.4903958320617676
VYRKKNN,-2.5857577323913574,1.1841883659362793,0.5714285714285714,0.2857142857142857,0.3407063484191894,0.1907063484191894
YYHSLNE,-1.7929713726043701,-0.6233586072921753,0.7142857142857143,0.2857142857142857,0.4292798042297363,0.3292798042297363
YHHAASN,0.4578653573989868,-1.3996202945709229,0.5714285714285714,0.2857142857142857,0.4126390218734741,0.2626390218734741
YRRRANN,-3.6941356658935547,0.8632050156593323,0.4285714285714285,0.1428571428571428,0.2168736308813095,0.0168736308813095
YSRRGSN,-2.406130790710449,1.075292706489563,0.2857142857142857,0.1428571428571428,0.3607750236988067,0.1107750236988067
YYHSSNN,-0.6778563261032104,-0.41938555240631104,0.4285714285714285,0.0,0.5133776664733887,0.3133776664733887
YHRVSSN,1.5664353370666504,2.688844680786133,0.2857142857142857,0.1428571428571428,0.8046070337295532,0.5546070337295532
YYSRYNN,-1.2191030979156494,-0.05602329224348068,0.5714285714285714,0.1428571428571428,0.4933948516845703,0.3433948516845703
YAHRSSN,1.656024694442749,0.49888747930526733,0.4285714285714285,0.1428571428571428,0.6077485084533691,0.4077485084533692
YHHRSLN,-0.38139641284942627,0.8534722328186035,0.4285714285714285,0.1428571428571428,0.5869870185852051,0.3869870185852051
YHRQNMV,-0.043218944221735,-0.20350337028503418,0.4285714285714285,0.4285714285714285,0.5355638861656189,0.3355638861656189
YLSRFDN,-1.751091718673706,-0.8029811382293701,0.7142857142857143,0.2857142857142857,0.4339587688446045,0.3339587688446045
SSHRVSN,0.5307843685150146,-2.103025436401367,0.5714285714285714,0.2857142857142857,0.3403501808643341,0.1903501808643341
YSRRTMN,-2.6785593032836914,0.5304436087608337,0.2857142857142857,0.2857142857142857,0.3303381502628326,0.0803381502628326
YVHRGNI,0.2078309804201126,0.5501708984375,0.7142857142857143,0.2857142857142857,0.6130189299583435,0.5130189299583435
YYHRGEN,-0.43741270899772644,1.7174954414367676,0.5714285714285714,0.1428571428571428,0.5807285904884338,0.4307285904884338
YYHRSTN,-1.0470750331878662,0.9191709756851196,0.4285714285714285,0.0,0.5126144886016846,0.3126144886016846
EYHSSNS,0.45947733521461487,-3.586259126663208,0.5714285714285714,0.2857142857142857,0.1879183948040008,0.0379183948040008
YSRVNEN,1.599050760269165,2.3024837970733643,0.2857142857142857,0.2857142857142857,0.7931039333343506,0.5431039333343506
YSMHLNS,-0.11993826180696487,-3.0484530925750732,0.7142857142857143,0.4285714285714285,0.243188664317131,0.143188664317131
YHHEVWN,-2.1670968532562256,-0.46825462579727173,0.5714285714285714,0.4285714285714285,0.3874809145927429,0.2374809145927429
LYHRANN,0.22169265151023865,1.1393492221832275,0.5714285714285714,0.1428571428571428,0.654366672039032,0.504366672039032
YYYLSNN,-3.503565549850464,0.829198956489563,0.2857142857142857,0.1428571428571428,0.2381649315357208,0.0
YSHPSEH,0.3345719873905182,-2.569554567337036,0.5714285714285714,0.2857142857142857,0.2924050092697143,0.1424050092697143
KYAHGNP,1.0878475904464722,-1.3739005327224731,0.7142857142857143,0.5714285714285714,0.415282279253006,0.315282279253006
YKSLVSS,1.8875213861465454,-2.162787914276123,0.7142857142857143,0.4285714285714285,0.3342083990573883,0.2342083990573883
YSHRSNN,1.822951078414917,1.5215983390808105,0.4285714285714285,0.0,0.712852418422699,0.512852418422699
YYRQLND,-1.5099717378616333,0.09607815742492676,0.5714285714285714,0.1428571428571428,0.4608977437019348,0.3108977437019348
NHRRSNN,-2.9921441078186035,0.10297154635190964,0.2857142857142857,0.1428571428571428,0.2953031063079834,0.0453031063079834
TYMRSLN,-0.6053069829940796,1.036389946937561,0.5714285714285714,0.2857142857142857,0.5619707107543945,0.4119707107543945
QHSRASW,-1.7885180711746216,-0.43186813592910767,0.7142857142857143,0.4285714285714285,0.4297773540019989,0.3297773540019989
YYRRLSM,-3.9993128776550293,-0.013132227584719658,0.7142857142857143,0.2857142857142857,0.182777926325798,0.082777926325798
YHRHADS,1.093252182006836,0.29165908694267273,0.4285714285714285,0.4285714285714285,0.5864516496658325,0.3864516496658325
YYRRSPT,-3.675297975540161,0.2853867709636688,0.5714285714285714,0.2857142857142857,0.2189782559871673,0.0689782559871673
YYEGSKN,0.7993639707565308,-1.9350911378860474,0.5714285714285714,0.4285714285714285,0.3576087653636932,0.2076087653636932
YYHHEGN,-1.5630238056182861,-0.60719895362854,0.7142857142857143,0.2857142857142857,0.4549705684185028,0.3549705684185028
YSSSHGR,0.16886673867702484,-2.6209769248962402,0.7142857142857143,0.4285714285714285,0.2871203422546386,0.1871203422546387
YSHSSNN,1.2270183563232422,-1.5571527481079102,0.4285714285714285,0.1428571428571428,0.3964494466781616,0.1964494466781616
VYSRNEN,0.45078739523887634,2.1649670600891113,0.5714285714285714,0.0,0.6799620985984802,0.5299620985984802
QYHVGED,-0.46591702103614807,-2.1786370277404785,0.7142857142857143,0.4285714285714285,0.3325795829296112,0.2325795829296112
YSRHLPN,0.7923838496208191,0.7373203635215759,0.2857142857142857,0.2857142857142857,0.6322522163391113,0.3822522163391113
YSHRSHQ,-0.20159272849559784,0.4797156751155853,0.7142857142857143,0.0,0.6057782173156738,0.5057782173156739
YHRSNGH,0.22516465187072754,0.9634518623352051,0.5714285714285714,0.0,0.6547545194625854,0.5047545194625854
YSRASNN,2.902688980102539,1.9206920862197876,0.2857142857142857,0.0,0.7538672089576721,0.5038672089576721
VYHRSGN,0.6420456171035767,1.527338981628418,0.4285714285714285,0.0,0.7013302445411682,0.5013302445411683
VYHRSAS,0.6437069177627563,1.9360255002975464,0.4285714285714285,0.0,0.7015158534049988,0.5015158534049988
IYHRGLN,0.20618091523647308,1.925374984741211,0.5714285714285714,0.0,0.6526336073875427,0.5026336073875427
LYSRSNN,1.1981828212738037,0.9790260195732117,0.5714285714285714,0.0,0.657092273235321,0.507092273235321
VYHRLNN,0.2124735713005066,1.572925090789795,0.5714285714285714,0.0,0.6533366441726685,0.5033366441726684
IYHRSND,1.2547143697738647,0.9854224920272827,0.5714285714285714,0.0,0.6577496528625488,0.5077496528625488
VYHRSAN,0.6558268070220947,1.836640477180481,0.4285714285714285,0.0,0.7028699517250061,0.5028699517250061
VYHRSAN,0.6558268070220947,1.836640477180481,0.4285714285714285,0.0,0.7028699517250061,0.5028699517250061
QYLKSIN,0.8008400797843933,0.9977747201919556,0.5714285714285714,0.0,0.6590191125869751,0.5090191125869751
QYLKSIN,0.8008400797843933,0.9977747201919556,0.5714285714285714,0.0,0.6590191125869751,0.5090191125869751
YSRSGSE,1.5829967260360718,1.4773070812225342,0.4285714285714285,0.0,0.7083005905151367,0.5083005905151368
YHRSGLN,1.5200046300888062,1.9538019895553589,0.2857142857142857,0.0,0.7572699189186096,0.5072699189186096
YSRHHGN,0.9219246506690979,1.5000520944595337,0.4285714285714285,0.0,0.7106381058692932,0.5106381058692933
NYSRLME,0.24986176192760468,1.0889185667037964,0.5714285714285714,0.0,0.6575137972831726,0.5075137972831726
YSHRSNP,1.8686492443084717,1.0395225286483765,0.5714285714285714,0.0,0.6633095145225525,0.5133095145225525
YSHRSNP,1.8686492443084717,1.0395225286483765,0.5714285714285714,0.0,0.6633095145225525,0.5133095145225525
TYHRSNA,1.849562644958496,1.515706181526184,0.4285714285714285,0.0,0.712246835231781,0.512246835231781
VHHRLSN,0.5929150581359863,1.0409224033355713,0.5714285714285714,0.0,0.6634534001350403,0.5134534001350403
YSRSGLN,2.2461321353912354,1.9949901103973389,0.2857142857142857,0.0,0.7615028023719788,0.5115028023719788
YSRSGLN,2.2461321353912354,1.9949901103973389,0.2857142857142857,0.0,0.7615028023719788,0.5115028023719788
YSHRSNN,1.822951078414917,1.5215983390808105,0.4285714285714285,0.0,0.712852418422699,0.512852418422699
YSHRSNN,1.822951078414917,1.5215983390808105,0.4285714285714285,0.0,0.712852418422699,0.512852418422699
YSHRSNN,1.822951078414917,1.5215983390808105,0.4285714285714285,0.0,0.712852418422699,0.512852418422699
VYSRVVA,0.277372807264328,2.80084490776062,0.5714285714285714,0.0,0.66058748960495,0.5105874896049499
VYSRVVA,0.277372807264328,2.80084490776062,0.5714285714285714,0.0,0.66058748960495,0.5105874896049499
PYHRGIA,0.7594882249832153,0.583437979221344,0.7142857142857143,0.0,0.6164377331733704,0.5164377331733704
SYHRGNN,0.46520015597343445,1.0633736848831177,0.5714285714285714,0.0,0.6657606959342957,0.5157606959342956
YSRSNGN,2.3796591758728027,2.0158302783966064,0.2857142857142857,0.0,0.7636445760726929,0.5136445760726929
YSRSNGN,2.3796591758728027,2.0158302783966064,0.2857142857142857,0.0,0.7636445760726929,0.5136445760726929
VYHRPNN,0.7321270704269409,1.0641207695007324,0.5714285714285714,0.0,0.6658374667167664,0.5158374667167663
HYSRSNN,0.2870872914791107,1.582735538482666,0.5714285714285714,0.0,0.661672830581665,0.511672830581665
VYHRMNN,0.5278504490852356,1.0673190355300903,0.5714285714285714,0.0,0.6661661267280579,0.5161661267280578
LYHRVNN,0.29282552003860474,1.211611032485962,0.5714285714285714,0.0,0.6623139381408691,0.5123139381408691
YHRISSP,1.0051320791244507,1.549371600151062,0.4285714285714285,0.0,0.7157066464424133,0.5157066464424134
PYSRQDN,-0.12242008000612259,0.6005762219429016,0.7142857142857143,0.0,0.615920901298523,0.515920901298523
QYVRSQE,1.3898134231567383,1.5576248168945312,0.4285714285714285,0.0,0.7165548205375671,0.5165548205375672
IYHRGRD,-0.1301245540380478,1.026167631149292,0.7142857142857143,0.0,0.6150601506233215,0.5150601506233216
YHRLSQN,1.6443864107131958,3.5853121280670166,0.1428571428571428,0.0,0.8133160471916199,0.5133160471916198
IYHRSET,0.4020075798034668,1.1041151285171509,0.5714285714285714,0.0,0.6699476838111877,0.5199476838111877
VYSRSSN,1.285675048828125,1.5869641304016113,0.4285714285714285,0.0,0.7195700407028198,0.5195700407028199
QYHRAQS,0.5302978754043579,1.1112174987792969,0.5714285714285714,0.0,0.6706776022911072,0.5206776022911072
YHRVSNN,2.1698405742645264,2.5461530685424805,0.1428571428571428,0.0,0.8181458115577698,0.5181458115577697
QYHRSVN,0.3382991552352905,1.40286123752594,0.5714285714285714,0.0,0.6673944592475891,0.5173944592475891
YHRVSNT,1.2762795686721802,2.081510066986084,0.2857142857142857,0.0,0.770394504070282,0.520394504070282
IYHRAIE,0.5513573288917542,0.6632164120674133,0.7142857142857143,0.0,0.6246365904808044,0.5246365904808045
YSHRSEI,1.0637435913085938,0.6748918890953064,0.7142857142857143,0.0,0.6258364915847778,0.5258364915847779
AYSRSNN,0.37142214179039,1.7361077070236206,0.5714285714285714,0.0,0.671095073223114,0.521095073223114
AYSRSNN,0.37142214179039,1.7361077070236206,0.5714285714285714,0.0,0.671095073223114,0.521095073223114
YIHRQSN,0.05860669165849686,0.6872997879981995,0.7142857142857143,0.0,0.6271116137504578,0.5271116137504578
YHRLGNN,1.710896372795105,4.220418453216553,0.1428571428571428,0.0,0.8207468390464783,0.5207468390464782
VYSRSNN,0.8320099115371704,2.92356014251709,0.4285714285714285,0.0,0.7225539088249207,0.5225539088249207
VYSRSNN,0.8320099115371704,2.92356014251709,0.4285714285714285,0.0,0.7225539088249207,0.5225539088249207
VYSRSNN,0.8320099115371704,2.92356014251709,0.4285714285714285,0.0,0.7225539088249207,0.5225539088249207
NYHRSNN,0.4226987063884735,1.4816937446594238,0.5714285714285714,0.0,0.6768239140510559,0.5268239140510559
IYHRSNN,0.42777636647224426,1.9939481019973755,0.5714285714285714,0.0,0.6773912310600281,0.527391231060028
YSRINIP,0.9424159526824951,1.6951020956039429,0.4285714285714285,0.0,0.7306833863258362,0.5306833863258362
PYHRSQS,1.0340179204940796,1.6983630657196045,0.4285714285714285,0.0,0.7310184836387634,0.5310184836387635
YSRNLND,2.345395088195801,1.7041794061660767,0.4285714285714285,0.0,0.731616199016571,0.5316161990165711
YSRMSGH,0.9698600172996521,1.241344928741455,0.5714285714285714,0.0,0.6840507984161377,0.5340507984161377
VYSRNEN,0.45078739523887634,2.1649670600891113,0.5714285714285714,0.0,0.6799620985984802,0.5299620985984802
VYSRNEN,0.45078739523887634,2.1649670600891113,0.5714285714285714,0.0,0.6799620985984802,0.5299620985984802
IYHRLNN,0.009280724450945854,1.409530758857727,0.7142857142857143,0.0,0.6306350827217102,0.5306350827217102
IYHRLNN,0.009280724450945854,1.409530758857727,0.7142857142857143,0.0,0.6306350827217102,0.5306350827217102
NYHRSSN,0.7073678374290466,1.2554062604904175,0.5714285714285714,0.0,0.6854958534240723,0.5354958534240722
NYHRSSN,0.7073678374290466,1.2554062604904175,0.5714285714285714,0.0,0.6854958534240723,0.5354958534240722
NYHRSSN,0.7073678374290466,1.2554062604904175,0.5714285714285714,0.0,0.6854958534240723,0.5354958534240722
NYHRSSN,0.7073678374290466,1.2554062604904175,0.5714285714285714,0.0,0.6854958534240723,0.5354958534240722
QYHRSST,0.7765141725540161,1.262603521347046,0.5714285714285714,0.0,0.6862354874610901,0.5362354874610901
YSRSSSN,2.5901215076446533,1.739269495010376,0.4285714285714285,0.0,0.7352224588394165,0.5352224588394165
YSRSSSN,2.5901215076446533,1.739269495010376,0.4285714285714285,0.0,0.7352224588394165,0.5352224588394165
YSRSSSN,2.5901215076446533,1.739269495010376,0.4285714285714285,0.0,0.7352224588394165,0.5352224588394165
YSRSSSN,2.5901215076446533,1.739269495010376,0.4285714285714285,0.0,0.7352224588394165,0.5352224588394165
YHRLSNN,2.24538516998291,4.315680980682373,0.0,0.0,0.8804622292518616,0.5304622292518616
YHRLSNN,2.24538516998291,4.315680980682373,0.0,0.0,0.8804622292518616,0.5304622292518616
YHRLSNN,2.24538516998291,4.315680980682373,0.0,0.0,0.8804622292518616,0.5304622292518616
YLHRLSN,0.03801601380109787,1.7008572816848755,0.7142857142857143,0.0,0.6338455080986023,0.5338455080986023
VYHRQDI,0.4855618178844452,1.324009656906128,0.5714285714285714,0.0,0.6838472485542297,0.5338472485542297
IYSRSGN,1.5717068910598755,1.7687324285507202,0.4285714285714285,0.0,0.7382503747940063,0.5382503747940064
QYHRSNN,0.49870648980140686,1.3024613857269287,0.5714285714285714,0.0,0.6853157877922058,0.5353157877922058
QYHRSNN,0.49870648980140686,1.3024613857269287,0.5714285714285714,0.0,0.6853157877922058,0.5353157877922058
YYHRGEA,0.06672336161136627,1.6653269529342651,0.7142857142857143,0.0,0.6370528340339661,0.5370528340339661
IYSRNNN,0.9791157245635986,1.3348230123519897,0.5714285714285714,0.0,0.6936575174331665,0.5436575174331665
IYSRSND,1.1894460916519165,1.8282781839370728,0.4285714285714285,0.0,0.7443698644638062,0.5443698644638062
NYSRSNN,1.1415168046951294,1.362898826599121,0.5714285714285714,0.0,0.6965428590774536,0.5465428590774536
NYSRSNN,1.1415168046951294,1.362898826599121,0.5714285714285714,0.0,0.6965428590774536,0.5465428590774536
NYSRSNN,1.1415168046951294,1.362898826599121,0.5714285714285714,0.0,0.6965428590774536,0.5465428590774536
YSRSQNN,1.771315336227417,1.8466640710830688,0.4285714285714285,0.0,0.7462593913078308,0.5462593913078309
YSRSQNN,1.771315336227417,1.8466640710830688,0.4285714285714285,0.0,0.7462593913078308,0.5462593913078309
VYHRSEN,1.018811821937561,1.9873669147491455,0.4285714285714285,0.0,0.7434241771697998,0.5434241771697998
MYSRNNN,1.264977216720581,0.905227541923523,0.7142857142857143,0.0,0.6495080590248108,0.5495080590248108
IYHRSAN,0.5817400217056274,1.5826431512832642,0.5714285714285714,0.0,0.6945926547050476,0.5445926547050476
YHRLGSN,1.477121114730835,4.03782844543457,0.2857142857142857,0.0,0.7946285009384155,0.5446285009384155
YSRLGQD,2.593733549118042,2.350282669067383,0.2857142857142857,0.0,0.7980161905288696,0.5480161905288696
SYARSNN,0.6724101901054382,1.4104926586151123,0.5714285714285714,0.0,0.7014340758323669,0.5514340758323669
HYSRSPN,0.7927325367927551,1.4149210453033447,0.5714285714285714,0.0,0.7018892168998718,0.5518892168998718
YSRSSPN,2.597914934158325,2.374415636062622,0.2857142857142857,0.0,0.8004963994026184,0.5504963994026184
TYTRSTN,1.59111750125885,1.9248038530349731,0.4285714285714285,0.0,0.7542898058891296,0.5542898058891297
YSRSVLN,1.1015516519546509,1.954687237739563,0.4285714285714285,0.0,0.7526682615280151,0.5526682615280152
YSRSINN,2.091066837310791,1.9562560319900513,0.4285714285714285,0.0,0.7575221061706543,0.5575221061706543
IYHRSGN,0.6821259260177612,1.4967525005340576,0.5714285714285714,0.0,0.7058082222938538,0.5558082222938537
SYSRLHE,0.7578845620155334,1.5178667306900024,0.5714285714285714,0.0,0.7124689221382141,0.5624689221382141
YLHRGNS,0.6472460627555847,1.0436344146728516,0.7142857142857143,0.0,0.66373211145401,0.56373211145401
YLHRGNS,0.6472460627555847,1.0436344146728516,0.7142857142857143,0.0,0.66373211145401,0.56373211145401
IYHRSEN,0.7110471725463867,1.5264701843261719,0.5714285714285714,0.0,0.7090394496917725,0.5590394496917724
YSRSLVN,1.1651840209960938,2.2716965675354004,0.4285714285714285,0.0,0.7597775459289551,0.5597775459289551
IYHRVNN,0.2880707383155823,1.2022349834442139,0.7142857142857143,0.0,0.6617826819419861,0.5617826819419861
YHRVGSN,1.222070336341858,2.021982192993164,0.4285714285714285,0.0,0.7642768025398254,0.5642768025398255
VYHRGLN,0.7348124980926514,2.4616787433624268,0.5714285714285714,0.0,0.711694598197937,0.561694598197937
IYSRSNN,1.209181785583496,3.098268508911133,0.4285714285714285,0.0,0.7646931409835815,0.5646931409835816
YSRSSVQ,1.976434350013733,1.5923123359680176,0.5714285714285714,0.0,0.7201196551322937,0.5701196551322937
YSRSLGN,1.5712090730667114,2.120896100997925,0.4285714285714285,0.0,0.7744421362876892,0.5744421362876893
YSRSPGE,1.8658947944641113,1.645357608795166,0.5714285714285714,0.0,0.7255711555480957,0.5755711555480957
YSRSANN,2.7788655757904053,2.5977861881256104,0.2857142857142857,0.0,0.8234521746635437,0.5734521746635437
YSRVLGN,1.4600673913955688,2.137068271636963,0.4285714285714285,0.0,0.776104211807251,0.576104211807251
YSRVLGN,1.4600673913955688,2.137068271636963,0.4285714285714285,0.0,0.776104211807251,0.576104211807251
YSRSGNN,2.8404319286346436,2.65136456489563,0.2857142857142857,0.0,0.8289583921432495,0.5789583921432495
TYSRGTN,1.5971348285675049,1.7018580436706543,0.5714285714285714,0.0,0.7313776612281799,0.5813776612281799
YSRLGQN,2.523437738418579,2.67421555519104,0.2857142857142857,0.0,0.8313067555427551,0.5813067555427551
MYSRSNN,1.5054917335510254,1.7826772928237915,0.5714285714285714,0.0,0.7396834492683411,0.589683449268341
MYSRSNN,1.5054917335510254,1.7826772928237915,0.5714285714285714,0.0,0.7396834492683411,0.589683449268341
IYSRSAN,1.4985451698303223,2.275128126144409,0.4285714285714285,0.0,0.7902925610542297,0.5902925610542298
VYTRANN,1.4377975463867188,2.749725580215454,0.4285714285714285,0.0,0.7902351021766663,0.5902351021766663
VYTRANN,1.4377975463867188,2.749725580215454,0.4285714285714285,0.0,0.7902351021766663,0.5902351021766663
VYTRANN,1.4377975463867188,2.749725580215454,0.4285714285714285,0.0,0.7902351021766663,0.5902351021766663
YSRSSGN,2.498208522796631,2.3260834217071533,0.4285714285714285,0.0,0.795529305934906,0.595529305934906
YSRSSAN,2.5067453384399414,2.3360517024993896,0.4285714285714285,0.0,0.7965536713600159,0.5965536713600159
MYSRANN,1.9002363681793213,1.3881070613861084,0.7142857142857143,0.0,0.6991335153579712,0.5991335153579712
YSRSGPN,2.7878224849700928,3.3061652183532715,0.1428571428571428,0.0,0.8962521553039551,0.596252155303955
YSRSLNN,2.0125224590301514,2.3630013465881348,0.4285714285714285,0.0,0.799323320388794,0.599323320388794
TYSRSNN,1.0697753429412842,2.0232675075531006,0.5714285714285714,0.0,0.7491180896759033,0.5991180896759033
SYSRSNN,1.0727022886276245,2.1194589138031006,0.5714285714285714,0.0,0.7494450807571411,0.5994450807571411
SYSRSNN,1.0727022886276245,2.1194589138031006,0.5714285714285714,0.0,0.7494450807571411,0.5994450807571411
YSRSGSN,2.758145809173584,2.9118716716766357,0.2857142857142857,0.0,0.8557306528091431,0.6057306528091431
YSRSGSN,2.758145809173584,2.9118716716766357,0.2857142857142857,0.0,0.8557306528091431,0.6057306528091431
YSRLSNN,3.315321445465088,3.4239096641540527,0.1428571428571428,0.0,0.9083527326583862,0.6083527326583862
QYSRSTN,1.287840723991394,2.425595283508301,0.5714285714285714,0.0,0.7734812498092651,0.6234812498092651
YSRLSQN,2.523674249649048,3.461937665939331,0.2857142857142857,0.0,0.9115538001060486,0.6615538001060486
