seq,fitness_pred,htfr1_pred,ref_dist,div_prev,reward_signal,final_score
YSRLGQA,2.3529775142669678,1.0632375478744507,0.4285714285714285,0.1428571428571428,0.681800127029419,0.481800127029419
QYQNLLI,-2.0728938579559326,-3.3678483963012695,0.7142857142857143,0.2857142857142857,0.2077950984239578,0.1077950984239578
YHVRSSN,0.8251201510429382,0.8009400367736816,0.4285714285714285,0.2857142857142857,0.6537414789199829,0.4537414789199829
VYTRSVI,0.5289812684059143,3.58721923828125,0.2857142857142857,0.2857142857142857,0.6851294040679932,0.4351294040679931
IPHRSVV,0.9258924722671509,-0.8332990407943726,0.5714285714285714,0.2857142857142857,0.4789225459098816,0.3289225459098815
DSHYSTN,-0.3374933898448944,-3.4969370365142822,0.5714285714285714,0.2857142857142857,0.1939861476421356,0.0439861476421356
VYCRAIN,-3.7899112701416016,1.7812142372131348,0.5714285714285714,0.2857142857142857,0.1970725655555725,0.0470725655555725
SLHAANV,0.33062317967414856,-3.9078209400177,0.7142857142857143,0.4285714285714285,0.1500328034162521,0.0500328034162521
SASHIRN,0.6980943083763123,-2.5994815826416016,0.7142857142857143,0.4285714285714285,0.2899893522262573,0.1899893522262573
EYSCSMN,-3.674056053161621,-0.4571142792701721,0.5714285714285714,0.2857142857142857,0.210164800286293,0.060164800286293
AYHDEAN,-0.4102818965911865,-3.6826720237731934,0.7142857142857143,0.2857142857142857,0.1741175800561905,0.0741175800561905
HHTRRVS,-3.732534646987915,0.39702948927879333,0.5714285714285714,0.5714285714285714,0.2035564184188842,0.0535564184188842
YSCQMNN,-2.86348819732666,-1.293202519416809,0.5714285714285714,0.2857142857142857,0.3017630875110626,0.1517630875110626
KTHRSSM,-4.140115737915039,0.4430277943611145,0.5714285714285714,0.2857142857142857,0.1574976742267608,0.0074976742267608
YLTISNS,-0.24677903950214386,-3.4123947620391846,0.5714285714285714,0.2857142857142857,0.2030298560857772,0.0530298560857772
YYHLYFR,-3.2546238899230957,-0.5906833410263062,0.7142857142857143,0.2857142857142857,0.2575627565383911,0.1575627565383911
QYSPPYN,-1.2854225635528564,-1.350587248802185,0.7142857142857143,0.4285714285714285,0.4235868752002716,0.3235868752002716
SLSRSNN,1.4074115753173828,-2.4689698219299316,0.4285714285714285,0.1428571428571428,0.3039505183696747,0.1039505183696747
SYIRFWQ,-5.223958492279053,1.3556365966796875,0.7142857142857143,0.4285714285714285,0.0350179374217987,0.0
YWRRILH,-4.682884216308594,0.026019372045993805,0.5714285714285714,0.1428571428571428,0.0961620807647705,0.0
CKQRTWN,-4.4642744064331055,0.10323397815227509,0.7142857142857143,0.2857142857142857,0.1208661049604415,0.0208661049604415
CGSRGTN,-3.4613091945648193,-0.1409783512353897,0.5714285714285714,0.2857142857142857,0.234206274151802,0.084206274151802
VLVRENN,0.9936144948005676,-3.2562012672424316,0.7142857142857143,0.4285714285714285,0.2197382897138595,0.1197382897138595
PSHLNQA,0.054301101714372635,-4.106921195983887,0.5714285714285714,0.2857142857142857,0.1287345290184021,0.0
CYHSGWS,-4.117343902587891,0.8185359239578247,0.7142857142857143,0.4285714285714285,0.1600710153579712,0.0600710153579712
AYIPGMN,-1.1945724487304688,-1.3109792470932007,0.7142857142857143,0.2857142857142857,0.4278238415718078,0.3278238415718079
IYHNKFR,-3.153472661972046,-0.24596227705478668,0.7142857142857143,0.2857142857142857,0.2689933776855469,0.1689933776855469
IHRRLMT,-3.608241081237793,0.2804146409034729,0.5714285714285714,0.5714285714285714,0.2176022231578827,0.0676022231578827
IHSFSNN,0.5272188782691956,-2.464268922805786,0.4285714285714285,0.2857142857142857,0.3044534027576446,0.1044534027576446
NNRYWQN,-3.4690921306610107,0.24155840277671814,0.7142857142857143,0.5714285714285714,0.2333267629146576,0.1333267629146576
GQRVDYS,0.6636990904808044,-3.00972843170166,0.7142857142857143,0.5714285714285714,0.2461041510105133,0.1461041510105133
IYGRQPW,-2.9957046508789062,0.8443375825881958,0.7142857142857143,0.4285714285714285,0.286821961402893,0.1868219614028931
LYGVNNN,0.03915804997086525,-3.226248264312744,0.7142857142857143,0.2857142857142857,0.222942441701889,0.122942441701889
VHHRQFF,-1.9038153886795044,0.5754937529563904,0.7142857142857143,0.4285714285714285,0.4102109968662262,0.3102109968662262
YEHRWCN,-3.8559257984161377,0.8377726674079895,0.7142857142857143,0.4285714285714285,0.1896125823259353,0.0896125823259353
AYHRSAN,0.12169026583433151,1.1740225553512573,0.5714285714285714,0.1428571428571428,0.6391034126281738,0.4891034126281738
YSRSSNW,-0.9117918610572815,0.9792371392250061,0.4285714285714285,0.1428571428571428,0.522314727306366,0.322314727306366
YYSRSNF,-1.1859325170516968,0.5065401792526245,0.5714285714285714,0.1428571428571428,0.491335391998291,0.341335391998291
HRFRLEV,-1.984910249710083,-0.1555531620979309,0.7142857142857143,0.4285714285714285,0.401046872138977,0.3010468721389771
VYFSNIN,-2.8995275497436523,0.36225903034210205,0.7142857142857143,0.2857142857142857,0.2976904511451721,0.1976904511451721
KWHCSCE,-3.8444769382476807,-1.5941599607467651,0.7142857142857143,0.5714285714285714,0.1909063756465912,0.0909063756465912
ENRSSEN,0.2657756209373474,-4.156994342803955,0.5714285714285714,0.4285714285714285,0.1233780682086944,0.0
YYSRGMN,-0.5649371147155762,0.30275046825408936,0.5714285714285714,0.1428571428571428,0.5615110397338867,0.4115110397338867
YLTRANN,1.6966520547866821,-1.7759829759597778,0.5714285714285714,0.2857142857142857,0.3780811727046966,0.2280811727046966
VYKWHGE,-0.2576007544994354,-0.307169646024704,0.7142857142857143,0.5714285714285714,0.5352040529251099,0.4352040529251099
YSRVNSY,-0.030832819640636444,1.6260786056518555,0.4285714285714285,0.2857142857142857,0.6218675374984741,0.4218675374984741
GSRSSSN,1.409054160118103,-3.251121759414673,0.4285714285714285,0.1428571428571428,0.2202816605567932,0.0202816605567932
QPYPARS,1.4264861345291138,-2.870129346847534,0.7142857142857143,0.5714285714285714,0.2610374391078949,0.1610374391078949
YPRSQFY,-1.3432937860488892,-0.5634452104568481,0.5714285714285714,0.4285714285714285,0.473552793264389,0.323552793264389
QRSRSNN,-4.419052600860596,-0.06923096626996994,0.5714285714285714,0.1428571428571428,0.1259763985872268,0.0
VLHEGSS,-0.6212323307991028,-4.529760837554932,0.7142857142857143,0.4285714285714285,0.083502247929573,0.0
AAQLRIN,1.2143619060516357,-3.7015092372894287,0.7142857142857143,0.4285714285714285,0.1721025258302688,0.0721025258302688
SSRLNQP,1.5965702533721924,-3.4644694328308105,0.4285714285714285,0.4285714285714285,0.1974592953920364,0.0
TYDYSAN,-1.7011204957962036,-0.6212247610092163,0.5714285714285714,0.2857142857142857,0.4331165552139282,0.2831165552139282
GYAHSGN,0.593661367893219,-2.233523368835449,0.7142857142857143,0.2857142857142857,0.329136848449707,0.229136848449707
IYHSDDN,-1.0251507759094238,-2.3000786304473877,0.7142857142857143,0.4285714285714285,0.3220172822475433,0.2220172822475433
ETHRGNN,1.2513363361358643,-3.1726157665252686,0.5714285714285714,0.2857142857142857,0.2286796569824218,0.0786796569824218
YSRSPFQ,-0.1547759473323822,0.8075270056724548,0.5714285714285714,0.2857142857142857,0.607861340045929,0.4578613400459289
KYHRLQF,-3.6178948879241943,0.6425079107284546,0.5714285714285714,0.4285714285714285,0.2165112942457199,0.0665112942457199
IIDMSNN,-0.8659623265266418,-4.175505638122559,0.5714285714285714,0.4285714285714285,0.1213978677988052,0.0
SYARSEN,0.36984843015670776,1.4563535451889038,0.5714285714285714,0.1428571428571428,0.6671465635299683,0.5171465635299682
FYHLSAI,-2.9101693630218506,-0.18485964834690094,0.5714285714285714,0.2857142857142857,0.2964878678321838,0.1464878678321838
SMSTVTF,-1.3934917449951172,-3.855382204055786,0.7142857142857143,0.4285714285714285,0.1556423157453537,0.0556423157453537
VYHRGNF,-0.976177453994751,1.5523159503936768,0.5714285714285714,0.1428571428571428,0.515038788318634,0.365038788318634
YSHRPNI,0.8428083062171936,-0.8754090666770935,0.7142857142857143,0.2857142857142857,0.4744179546833038,0.3744179546833038
YAHTFHL,-1.9807326793670654,-1.246434211730957,0.7142857142857143,0.5714285714285714,0.4015189409255981,0.3015189409255981
FSRRTLF,-3.3634471893310547,-0.5299527049064636,0.5714285714285714,0.1428571428571428,0.2452651709318161,0.0952651709318161
HLSDIAN,-0.723684549331665,-3.7388882637023926,0.7142857142857143,0.4285714285714285,0.1681039780378341,0.0681039780378341
YHFSCWN,-4.6903862953186035,1.2004303932189941,0.5714285714285714,0.4285714285714285,0.0953143090009689,0.0
YSHRIVN,0.11573293805122375,0.9033926129341125,0.5714285714285714,0.1428571428571428,0.6384302377700806,0.4884302377700805
GSRSQSN,1.3614987134933472,-2.8320651054382324,0.5714285714285714,0.1428571428571428,0.2651092708110809,0.1151092708110809
HVTQSLN,-0.20956940948963165,-3.468595504760742,0.5714285714285714,0.1428571428571428,0.1970179229974746,0.0470179229974746
YYHRANT,-1.566522240638733,0.9011633992195129,0.7142857142857143,0.1428571428571428,0.4483268558979034,0.3483268558979034
VYRSVSN,1.5131551027297974,-1.3580595254898071,0.5714285714285714,0.4285714285714285,0.4227875769138336,0.2727875769138336
PYPLHFM,-4.361576557159424,-0.5521281361579895,0.7142857142857143,0.4285714285714285,0.1324714869260788,0.0324714869260788
GTDRLWA,-0.7075730562210083,-1.2778191566467285,0.7142857142857143,0.0,0.4313710629940033,0.3313710629940033
YYSRVIN,-2.366452217102051,0.4087632894515991,0.7142857142857143,0.2857142857142857,0.3579306900501251,0.2579306900501251
YAVGDNN,-0.2177579551935196,-3.862819194793701,0.5714285714285714,0.4285714285714285,0.1548467576503753,0.0048467576503753
QYIRWNN,-3.380859136581421,0.17159762978553772,0.7142857142857143,0.2857142857142857,0.2432975322008133,0.1432975322008133
EMTRAQG,1.5631517171859741,-4.324247360229492,0.5714285714285714,0.4285714285714285,0.1054865717887878,0.0
IYHRKHN,-3.0146772861480713,1.3270148038864136,0.7142857142857143,0.2857142857142857,0.2846779525279999,0.1846779525279999
ISHDSFA,-0.2710723876953125,-3.1608197689056396,0.5714285714285714,0.4285714285714285,0.2299415022134781,0.0799415022134781
IIRSENN,1.139252781867981,-3.5452563762664795,0.5714285714285714,0.2857142857142857,0.1888173073530197,0.0388173073530197
YYVIWHE,-3.589569568634033,-0.08974012732505798,0.7142857142857143,0.4285714285714285,0.2197121977806091,0.1197121977806091
PYSTSNN,0.39735129475593567,-3.093876600265503,0.5714285714285714,0.2857142857142857,0.237102597951889,0.087102597951889
YYSRAGG,0.7560007572174072,-0.893589973449707,0.7142857142857143,0.2857142857142857,0.4724730849266052,0.3724730849266052
YPRVNAN,2.120394468307495,-3.568591594696045,0.4285714285714285,0.2857142857142857,0.1863210648298263,0.0
KSALSQN,-0.1103772521018982,-2.908985137939453,0.5714285714285714,0.2857142857142857,0.256880909204483,0.106880909204483
YSRSSNQ,2.235509157180786,2.0813941955566406,0.4285714285714285,0.0,0.7907150387763977,0.5907150387763977
VYHISIA,-1.6869616508483887,-0.21831519901752472,0.5714285714285714,0.1428571428571428,0.4347165822982788,0.2847165822982788
KYTRGNF,-3.1754045486450195,-0.5515223741531372,0.5714285714285714,0.1428571428571428,0.2665149569511413,0.1165149569511413
DSTRQNM,0.5613486170768738,-3.4214682579040527,0.7142857142857143,0.4285714285714285,0.2020592391490936,0.1020592391490936
HSHREVN,0.8542241454124451,-2.24261736869812,0.5714285714285714,0.2857142857142857,0.3281640410423279,0.1781640410423279
YYHRSSF,-1.991751790046692,0.7502554655075073,0.5714285714285714,0.1428571428571428,0.4002737402915954,0.2502737402915954
TYHRGCA,-2.7971346378326416,1.335591435432434,0.5714285714285714,0.2857142857142857,0.3092613816261291,0.1592613816261291
YYSCSNV,-3.310586452484131,0.332683801651001,0.5714285714285714,0.2857142857142857,0.2512387037277221,0.1012387037277221
CHSHGLD,-3.099424123764038,-0.8657658100128174,0.5714285714285714,0.5714285714285714,0.2751011252403259,0.1251011252403259
GYHRIPF,-3.0792739391326904,0.4117332398891449,0.7142857142857143,0.0,0.2773782014846802,0.1773782014846802
YSFKMLW,-2.3753480911254883,0.25200900435447693,0.5714285714285714,0.5714285714285714,0.3569253981113434,0.2069253981113434
LHHRQNI,-0.4791613221168518,-0.12170388549566269,0.5714285714285714,0.4285714285714285,0.5550437569618225,0.4050437569618225
YYSFVAN,-2.1819381713867188,-0.1680394411087036,0.7142857142857143,0.2857142857142857,0.3787817060947418,0.2787817060947418
LYSRTAN,1.3501207828521729,-1.109775185585022,0.5714285714285714,0.2857142857142857,0.4493471980094909,0.2993471980094909
MERRSNN,1.2078611850738525,-2.3879942893981934,0.4285714285714285,0.2857142857142857,0.3126126825809479,0.1126126825809478
DHMRLHL,-1.4178420305252075,-2.1672065258026123,0.7142857142857143,0.4285714285714285,0.3362309634685516,0.2362309634685516
CVIEYHP,-3.4565489292144775,-1.846076488494873,0.5714285714285714,0.2857142857142857,0.2347442060708999,0.0847442060708999
SYGRSGT,1.4376106262207031,-0.1739300638437271,0.5714285714285714,0.2857142857142857,0.5494570136070251,0.3994570136070251
YSHTSTI,0.938014566898346,-2.638662338256836,0.5714285714285714,0.2857142857142857,0.2857980728149414,0.1357980728149414
QYHRSNL,-0.6167547702789307,1.1190367937088013,0.5714285714285714,0.1428571428571428,0.5556553602218628,0.4056553602218627
VYHRLNN,0.2124735713005066,1.572925090789795,0.5714285714285714,0.1428571428571428,0.6493623852729797,0.4993623852729797
QYHSGSN,0.5919206142425537,-2.4112722873687744,0.5714285714285714,0.2857142857142857,0.3101225793361664,0.1601225793361664
FYSNAPH,-0.354298859834671,-2.4975507259368896,0.5714285714285714,0.5714285714285714,0.3008931577205658,0.1508931577205658
YERSENN,0.41232573986053467,-2.899268627166748,0.4285714285714285,0.2857142857142857,0.2579203248023987,0.0579203248023987
QDQRTWN,-1.7099727392196655,-1.2489858865737915,0.7142857142857143,0.1428571428571428,0.4321161806583404,0.3321161806583405
AHSRLEN,0.01713162288069725,-1.6761314868927002,0.5714285714285714,0.1428571428571428,0.3887625634670257,0.2387625634670257
SYRSSFN,-0.5372231006622314,-0.39086660742759705,0.5714285714285714,0.2857142857142857,0.5262507200241089,0.3762507200241088
VPSESSR,0.09900996834039688,-4.083372592926025,0.5714285714285714,0.4285714285714285,0.1312535852193832,0.0
VYHRCNN,-3.8446927070617676,1.582973599433899,0.5714285714285714,0.1428571428571428,0.1908819824457168,0.0408819824457168
YYRSSYI,-3.0256388187408447,0.3690890371799469,0.5714285714285714,0.2857142857142857,0.2834392488002777,0.1334392488002777
SSFSSNH,0.44728967547416687,-3.662074089050293,0.7142857142857143,0.4285714285714285,0.1763209998607635,0.0763209998607635
IYYRGGR,-4.7010111808776855,0.7856718897819519,0.5714285714285714,0.4285714285714285,0.094113640487194,0.0
KYGPVLN,-0.17433735728263855,-3.2788076400756836,0.5714285714285714,0.4285714285714285,0.2173200249671936,0.0673200249671936
HSHRSQN,0.2666476368904114,0.013936232775449753,0.5714285714285714,0.0,0.569553554058075,0.4195535540580749
SRWVSKN,-4.535566806793213,0.4921358823776245,0.7142857142857143,0.4285714285714285,0.1128096953034401,0.0128096953034401
SFDRHLR,-1.8036954402923584,-0.5163685083389282,0.7142857142857143,0.2857142857142857,0.4215250611305237,0.3215250611305237
NGGRSNT,1.5650253295898438,-3.5225203037261963,0.7142857142857143,0.4285714285714285,0.1912494450807571,0.0912494450807571
MYSRQMH,-0.8727357387542725,0.8983990550041199,0.5714285714285714,0.2857142857142857,0.5267282724380493,0.3767282724380493
YYYAKEY,-1.1699023246765137,0.42553141713142395,0.7142857142857143,0.5714285714285714,0.4931468963623047,0.3931468963623047
TSRVFPN,0.8874910473823547,-1.7631789445877075,0.4285714285714285,0.4285714285714285,0.3794508576393127,0.1794508576393127
FVHESNS,-0.5433337688446045,-4.610020637512207,0.7142857142857143,0.4285714285714285,0.0749166458845138,0.0
IYSRNAD,1.4566134214401245,0.2297399938106537,0.5714285714285714,0.2857142857142857,0.5926386713981628,0.4426386713981628
IYTIVKN,-0.08621810376644135,-2.3945884704589844,0.7142857142857143,0.4285714285714285,0.3119072914123535,0.2119072914123535
SYSAQNQ,0.326397567987442,-2.2826809883117676,0.7142857142857143,0.4285714285714285,0.3238783478736877,0.2238783478736877
TYHRVNI,-0.7984455227851868,1.1479301452636719,0.5714285714285714,0.2857142857142857,0.5351234078407288,0.3851234078407287
IYHRREH,-1.3555335998535156,0.9245821833610535,0.7142857142857143,0.2857142857142857,0.4721696376800537,0.3721696376800537
MCSPMSN,-3.744084596633911,-1.3633759021759033,0.7142857142857143,0.4285714285714285,0.2022512108087539,0.1022512108087539
WQVEMYA,-2.7287282943725586,-0.5337982773780823,0.7142857142857143,0.4285714285714285,0.3169916272163391,0.2169916272163391
IYHRFSY,-3.236971855163574,1.3292593955993652,0.5714285714285714,0.2857142857142857,0.2595575451850891,0.1095575451850891
QMNRGQF,0.8239076733589172,-2.4391467571258545,0.7142857142857143,0.5714285714285714,0.3071407675743103,0.2071407675743103
SGHREAR,-1.1094491481781006,-0.9284849762916565,0.7142857142857143,0.4285714285714285,0.4687402844429016,0.3687402844429016
SKSRSNF,-3.1883492469787598,-0.5393362641334534,0.5714285714285714,0.2857142857142857,0.2650521397590637,0.1150521397590637
QYHDIND,-0.28960514068603516,-2.898660898208618,0.7142857142857143,0.2857142857142857,0.2579853236675262,0.1579853236675262
DVRNSDN,0.5543895959854126,-4.8861212730407715,0.5714285714285714,0.2857142857142857,0.0453814268112182,0.0
ECHHSST,-3.5092053413391113,-0.004024466499686241,0.7142857142857143,0.4285714285714285,0.2287937700748443,0.1287937700748443
KYRRSPE,-2.784702777862549,0.21056079864501953,0.5714285714285714,0.2857142857142857,0.3106662333011627,0.1606662333011627
YVHRSNF,-0.7080150246620178,1.5518012046813965,0.5714285714285714,0.1428571428571428,0.5453425049781799,0.3953425049781799
GHHRGNN,0.8793614506721497,-0.6833232641220093,0.4285714285714285,0.1428571428571428,0.4949658513069153,0.2949658513069153
YCHRGEV,-3.5994248390197754,0.8436193466186523,0.7142857142857143,0.1428571428571428,0.2185984998941421,0.1185984998941421
YYMAQNP,-2.11234974861145,-0.23506304621696472,0.7142857142857143,0.2857142857142857,0.3866455554962158,0.2866455554962158
YNAEYNN,-1.258001685142517,-1.9396686553955078,0.5714285714285714,0.4285714285714285,0.3605712652206421,0.2105712652206421
HYHRQNN,-1.4536941051483154,0.41233086585998535,0.7142857142857143,0.1428571428571428,0.4610770046710968,0.3610770046710968
IYSRSDN,0.6329233050346375,2.469564437866211,0.4285714285714285,0.1428571428571428,0.6968753337860107,0.4968753337860108
QGESQPN,-1.0525258779525757,-4.497517108917236,0.5714285714285714,0.5714285714285714,0.0869514420628547,0.0
ASSSSPN,-0.4143858551979065,-4.038960933685303,0.4285714285714285,0.2857142857142857,0.1360044181346893,0.0
ASRSSFA,1.0296589136123657,-3.180544376373291,0.4285714285714285,0.4285714285714285,0.2278315126895904,0.0278315126895904
QSHRSAN,0.9861907362937927,-1.145633339881897,0.5714285714285714,0.2857142857142857,0.4455113410949707,0.2955113410949707
MYKRNNA,-1.3231185674667358,-0.7349281311035156,0.7142857142857143,0.2857142857142857,0.4758326709270477,0.3758326709270477
RYSRSNT,-3.9244766235351562,1.128032922744751,0.5714285714285714,0.1428571428571428,0.1818659901618957,0.0318659901618957
WYWRVYN,-4.094660758972168,1.5208669900894165,0.7142857142857143,0.2857142857142857,0.162634328007698,0.062634328007698
YFYRWGV,-4.441195487976074,0.6445631980895996,0.7142857142857143,0.4285714285714285,0.1234741359949112,0.0234741359949112
VTHKFQS,1.6243748664855957,-1.5074342489242554,0.7142857142857143,0.4285714285714285,0.4068085253238678,0.3068085253238678
TGHRSIN,0.4571496248245239,-1.2176856994628906,0.5714285714285714,0.2857142857142857,0.437803715467453,0.287803715467453
QCIEPLN,-3.825721502304077,-1.3403992652893066,0.7142857142857143,0.5714285714285714,0.1930258274078369,0.0930258274078369
CMHRSST,-3.3833982944488525,0.23057083785533905,0.5714285714285714,0.2857142857142857,0.2430105954408645,0.0930105954408645
AYFRVHI,-3.4149041175842285,0.12445797771215439,0.5714285714285714,0.4285714285714285,0.2394502758979797,0.0894502758979797
YHRGVFW,-3.484004497528076,0.5703027844429016,0.5714285714285714,0.4285714285714285,0.2316415905952453,0.0816415905952453
YNRISWN,-1.838783621788025,0.6373968124389648,0.4285714285714285,0.2857142857142857,0.4175598919391632,0.2175598919391632
YYPMSHN,-1.8722407817840576,-1.8662774562835693,0.5714285714285714,0.2857142857142857,0.368422120809555,0.218422120809555
YSRAGNN,2.663017988204956,2.2642297744750977,0.2857142857142857,0.1428571428571428,0.8102734684944153,0.5602734684944153
MYAVAGS,0.04926880821585655,-2.5133087635040283,0.7142857142857143,0.4285714285714285,0.299207478761673,0.199207478761673
YYNISVE,-2.3461766242980957,-0.6238324642181396,0.5714285714285714,0.2857142857142857,0.3602219223976135,0.2102219223976135
ISALGTN,0.5406460165977478,-3.3201208114624023,0.5714285714285714,0.4285714285714285,0.2129006534814834,0.0629006534814834
YTSRQAN,2.0237226486206055,-2.6387312412261963,0.7142857142857143,0.0,0.2857907116413116,0.1857907116413116
SYTRSNA,2.064380407333374,1.525989055633545,0.4285714285714285,0.1428571428571428,0.7313019037246704,0.5313019037246705
GWHNITE,-1.27317214012146,-3.660538673400879,0.7142857142857143,0.5714285714285714,0.1764852553606033,0.0764852553606033
YYPKEGN,0.47635725140571594,-1.3842462301254272,0.7142857142857143,0.4285714285714285,0.4199862778186798,0.3199862778186798
HSHGSQN,0.042170148342847824,-2.891940116882324,0.5714285714285714,0.1428571428571428,0.258704274892807,0.108704274892807
RFERQNN,0.9850087761878967,-2.4387102127075195,0.7142857142857143,0.4285714285714285,0.3071874678134918,0.2071874678134918
PYERSFS,-1.575491189956665,-1.0945931673049927,0.5714285714285714,0.2857142857142857,0.4473133087158203,0.2973133087158203
YYTRAMN,-0.9037880897521973,-0.3073931038379669,0.4285714285714285,0.2857142857142857,0.5232191681861877,0.3232191681861878
VEAIINR,-0.8244062662124634,-4.493163108825684,0.5714285714285714,0.4285714285714285,0.0874172076582908,0.0
YACIGKD,-3.105346918106079,-1.3876100778579712,0.5714285714285714,0.5714285714285714,0.274431824684143,0.124431824684143
NGWYGNN,-2.8182201385498047,-0.6266788840293884,0.7142857142857143,0.4285714285714285,0.3068785965442657,0.2068785965442657
NYCLQPP,-3.681972026824951,-1.1587803363800049,0.7142857142857143,0.4285714285714285,0.2092702537775039,0.1092702537775039
VYQVSNN,0.2699936330318451,-2.913416624069214,0.5714285714285714,0.2857142857142857,0.2564068734645843,0.1064068734645843
GYGIVSN,-0.6244099736213684,-2.1759796142578125,0.7142857142857143,0.4285714285714285,0.3352924585342407,0.2352924585342407
YYARSNN,0.3162451684474945,0.48971354961395264,0.4285714285714285,0.1428571428571428,0.6204487681388855,0.4204487681388855
YYTLINM,-3.305891513824463,-0.523151695728302,0.5714285714285714,0.2857142857142857,0.2517692744731903,0.1017692744731903
FSRHSNN,1.576054573059082,-0.873858630657196,0.4285714285714285,0.1428571428571428,0.4745838344097137,0.2745838344097138
TYHPHAN,0.37358522415161133,-1.7995988130569458,0.5714285714285714,0.4285714285714285,0.3755549490451813,0.2255549490451812
PTHVENM,-0.5281654000282288,-5.310355186462402,0.8571428571428571,0.4285714285714285,0.0,0.0
LYHRASV,0.07450955361127853,0.08350764960050583,0.5714285714285714,0.2857142857142857,0.5769957900047302,0.4269957900047302
VQRRSPN,-1.9028915166854858,-0.37560054659843445,0.5714285714285714,0.2857142857142857,0.4103153944015503,0.2603153944015502
VYSRSNH,-0.031925369054079056,1.852076768875122,0.4285714285714285,0.1428571428571428,0.6217440962791443,0.4217440962791443
YLRLYNF,-3.346083164215088,-0.21323437988758087,0.4285714285714285,0.4285714285714285,0.2472274005413055,0.0472274005413055
YHDMHLN,-0.25307655334472656,-2.543484926223755,0.4285714285714285,0.4285714285714285,0.2959794402122497,0.0959794402122497
SYERIQN,0.4099602997303009,-1.9554191827774048,0.5714285714285714,0.2857142857142857,0.3588864207267761,0.2088864207267761
YSRAIET,1.0602524280548096,0.09410334378480911,0.5714285714285714,0.4285714285714285,0.5781292915344238,0.4281292915344238
VSMLGQT,-0.45786887407302856,-4.405732154846191,0.5714285714285714,0.4285714285714285,0.0967699289321899,0.0
YSCIGFS,-3.115800619125366,0.7124543786048889,0.4285714285714285,0.4285714285714285,0.2732504904270172,0.0732504904270172
MYSRWAN,-3.2371716499328613,1.5817891359329224,0.7142857142857143,0.2857142857142857,0.2595349550247192,0.1595349550247192
GSHRWTN,-1.7584635019302368,0.004593738354742527,0.7142857142857143,0.2857142857142857,0.4266365170478821,0.3266365170478821
IYNFNNN,-1.7154593467712402,-1.1645538806915283,0.7142857142857143,0.2857142857142857,0.4314961731433868,0.3314961731433868
VYQRVNP,1.3275974988937378,-1.5884032249450684,0.4285714285714285,0.2857142857142857,0.3981470763683319,0.1981470763683319
FNPRHEI,0.6016697287559509,-2.9193081855773926,0.7142857142857143,0.4285714285714285,0.2557766437530517,0.1557766437530517
RYSTINN,0.5644621849060059,-2.0326144695281982,0.7142857142857143,0.0,0.3506286144256592,0.2506286144256592
MYHVFSN,-3.206096649169922,-0.5363169312477112,0.5714285714285714,0.2857142857142857,0.2630465924739837,0.1130465924739837
PYHRPNN,0.13581179082393646,0.823782742023468,0.7142857142857143,0.0,0.6406992673873901,0.5406992673873902
TYHPSNN,0.44798484444618225,-2.363434314727783,0.4285714285714285,0.1428571428571428,0.3152399361133575,0.1152399361133575
VYTLSEN,-1.1927586793899536,-0.03999705612659454,0.4285714285714285,0.2857142857142857,0.4905640184879303,0.2905640184879303
ICHASPL,-4.4553728103637695,-0.45956647396087646,0.7142857142857143,0.4285714285714285,0.121872030198574,0.021872030198574
HWRSSRN,-4.388730525970459,0.5261361002922058,0.5714285714285714,0.2857142857142857,0.1294029504060745,0.0
MYSRYHR,-4.88743782043457,1.4555894136428833,0.7142857142857143,0.4285714285714285,0.0730464830994606,0.0
YYWQSTI,-3.958921432495117,0.6795130372047424,0.5714285714285714,0.4285714285714285,0.1779735535383224,0.0279735535383224
GMRSKQD,1.285841941833496,-3.147519588470459,0.5714285714285714,0.5714285714285714,0.2313642650842666,0.0813642650842666
GTDWSTN,-1.6386927366256714,-1.3097933530807495,0.7142857142857143,0.4285714285714285,0.4279507100582123,0.3279507100582123
RYPRTSN,-3.9687440395355225,-0.4476911723613739,0.5714285714285714,0.2857142857142857,0.1768635511398315,0.0268635511398315
YDSEQSK,-0.268057644367218,-3.4439537525177,0.7142857142857143,0.4285714285714285,0.1996539086103439,0.0996539086103439
YEGVTEL,-0.45864659547805786,-3.8464527130126953,0.5714285714285714,0.4285714285714285,0.1565975248813629,0.0065975248813629
YRTVSGN,2.2165725231170654,-2.498602867126465,0.5714285714285714,0.4285714285714285,0.3007805943489074,0.1507805943489074
CYADQHF,-3.8146274089813232,-0.6160796284675598,0.7142857142857143,0.4285714285714285,0.1942795217037201,0.0942795217037201
YSWHSNN,-0.9966914057731628,-0.10573097318410873,0.4285714285714285,0.1428571428571428,0.5127206444740295,0.3127206444740296
SYFRLVS,-3.845935821533203,1.4525638818740845,0.5714285714285714,0.2857142857142857,0.1907415091991424,0.0407415091991424
TYHRSPN,0.8082417845726013,1.2542191743850708,0.4285714285714285,0.1428571428571428,0.702229917049408,0.502229917049408
GHRRAWT,-4.868244171142578,0.08512167632579803,0.7142857142857143,0.4285714285714285,0.0752154663205146,0.0
SYSLSVL,-1.9751067161560059,-0.5817978978157043,0.4285714285714285,0.2857142857142857,0.4021547138690948,0.2021547138690948
YCPSENN,-3.971174478530884,-0.9302924871444702,0.5714285714285714,0.4285714285714285,0.1765889078378677,0.0265889078378677
IHWRVVN,-3.0255818367004395,0.5236648917198181,0.4285714285714285,0.4285714285714285,0.2834456861019134,0.0834456861019134
CVHRSFN,-3.8490149974823,0.8321512937545776,0.7142857142857143,0.2857142857142857,0.1903935521841049,0.0903935521841049
YKHRIYV,-4.479663372039795,0.7294443845748901,0.7142857142857143,0.4285714285714285,0.1191270723938942,0.0191270723938942
GYHAYSW,-3.830714225769043,-0.5154487490653992,0.4285714285714285,0.5714285714285714,0.1924616247415542,0.0
YDRRLRH,-3.370898723602295,-0.35737308859825134,0.7142857142857143,0.4285714285714285,0.2444231212139129,0.1444231212139129
DYQMPNE,-1.0795097351074219,-3.3076088428497314,0.7142857142857143,0.5714285714285714,0.214239090681076,0.114239090681076
AVHRSGV,0.6431803107261658,-2.181225061416626,0.5714285714285714,0.2857142857142857,0.3347313404083252,0.1847313404083252
YSRSLAN,1.7333980798721313,1.7346062660217285,0.4285714285714285,0.1428571428571428,0.7536182403564453,0.5536182403564454
QSIVFVK,-1.9436748027801514,-2.809668779373169,0.7142857142857143,0.4285714285714285,0.2675050497055053,0.1675050497055054
YLHRDTA,1.417533040046692,-1.6336655616760254,0.5714285714285714,0.4285714285714285,0.393305242061615,0.243305242061615
YVNRPND,1.5021544694900513,-1.7950477600097656,0.7142857142857143,0.4285714285714285,0.3760417699813843,0.2760417699813843
FDGRSNK,0.4530632197856903,-2.9412763118743896,0.7142857142857143,0.4285714285714285,0.2534266412258148,0.1534266412258148
KYSAFYN,-1.6824696063995361,-0.7375243306159973,0.5714285714285714,0.2857142857142857,0.4352242052555084,0.2852242052555084
VFHKASN,1.3388817310333252,-1.0008538961410522,0.7142857142857143,0.1428571428571428,0.4609987735748291,0.3609987735748291
MSRDYLQ,-0.034966375678777695,-1.8593766689300537,0.5714285714285714,0.4285714285714285,0.3691603243350982,0.2191603243350982
VYQHSMG,0.3240073025226593,-2.5962281227111816,0.5714285714285714,0.5714285714285714,0.2903373837471008,0.1403373837471008
CLSPLNM,-3.513376235961914,-0.6413732171058655,0.4285714285714285,0.4285714285714285,0.2283224314451217,0.0283224314451217
NSRSSPG,2.0977938175201416,-3.3793299198150635,0.5714285714285714,0.2857142857142857,0.2065669000148773,0.0565669000148773
NSRVNPN,1.579878568649292,-3.0010383129119873,0.4285714285714285,0.2857142857142857,0.2470337450504303,0.0470337450504303
EDYRVNN,0.3490630090236664,-2.8601484298706055,0.7142857142857143,0.4285714285714285,0.2621051073074341,0.1621051073074341
TEHRGAS,1.3071810007095337,-3.773738384246826,0.7142857142857143,0.4285714285714285,0.1643759757280349,0.0643759757280349
QATSSGN,0.12204467505216599,-4.242667198181152,0.4285714285714285,0.4285714285714285,0.1142134144902229,0.0
PYHRVPN,-0.6648640632629395,0.6150856614112854,0.7142857142857143,0.2857142857142857,0.5502188205718994,0.4502188205718994
DTSRLDN,0.18478843569755554,-3.8842110633850098,0.7142857142857143,0.2857142857142857,0.1525584161281585,0.0525584161281585
QYHHQNN,-0.5853726267814636,-0.8328779339790344,0.7142857142857143,0.1428571428571428,0.4789676070213318,0.3789676070213318
IYHRAYM,-3.4845728874206543,1.1693204641342163,0.7142857142857143,0.2857142857142857,0.2315773516893386,0.1315773516893387
IIRWFPM,-4.345726013183594,0.2223990112543106,0.7142857142857143,0.5714285714285714,0.1342626810073852,0.0342626810073852
NKSRQPP,-1.2588671445846558,-1.7145888805389404,0.7142857142857143,0.4285714285714285,0.3846486508846283,0.2846486508846283
SYRSPSN,1.5128225088119507,-1.3010693788528442,0.5714285714285714,0.2857142857142857,0.4288839399814605,0.2788839399814605
MASRHAI,1.2447614669799805,-2.563319683074951,0.7142857142857143,0.4285714285714285,0.2938576638698578,0.1938576638698578
YRRVNGN,-2.8441531658172607,-0.23184558749198914,0.4285714285714285,0.2857142857142857,0.3039480447769165,0.1039480447769165
YSMRSTN,2.3421051502227783,-1.6493011713027954,0.5714285714285714,0.2857142857142857,0.3916326761245727,0.2416326761245727
YVYNEKN,0.5774519443511963,-0.930627703666687,0.5714285714285714,0.4285714285714285,0.4685110449790954,0.3185110449790954
VHQRVHC,-3.0038819313049316,-0.874426007270813,0.7142857142857143,0.4285714285714285,0.2858978807926178,0.1858978807926178
QYSRSTC,-3.5489118099212646,2.244675874710083,0.5714285714285714,0.1428571428571428,0.2243067324161529,0.0743067324161529
CSSFSNN,-3.3156352043151855,-0.95207279920578,0.5714285714285714,0.2857142857142857,0.2506681680679321,0.1006681680679321
YYHHSNN,-1.2241413593292236,-0.7616442441940308,0.4285714285714285,0.1428571428571428,0.4865876734256744,0.2865876734256745
INSRLNN,2.316413402557373,-3.5974364280700684,0.7142857142857143,0.2857142857142857,0.1832354664802551,0.0832354664802551
YYSRSGT,0.1456613540649414,-0.3700532913208008,0.5714285714285714,0.2857142857142857,0.5284771919250488,0.3784771919250488
VYTRRYN,-3.6194841861724854,2.271271228790283,0.4285714285714285,0.2857142857142857,0.2163316905498504,0.0163316905498504
VYHRGDP,1.027388572692871,0.7405218482017517,0.4285714285714285,0.2857142857142857,0.647278368473053,0.447278368473053
YYSRGGH,-0.5858833193778992,-0.5182032585144043,0.7142857142857143,0.2857142857142857,0.5126292109489441,0.4126292109489441
PQSRLEQ,0.3210572898387909,-2.4493155479431152,0.7142857142857143,0.4285714285714285,0.3060530126094818,0.2060530126094818
KQHRSDM,-0.30218470096588135,-1.4384117126464844,0.7142857142857143,0.4285714285714285,0.4141920506954193,0.3141920506954193
MQRMAAN,2.4070212841033936,-3.088010549545288,0.5714285714285714,0.5714285714285714,0.2377301007509231,0.0877301007509231
SSLRNEP,0.5967360734939575,-4.349221229553223,0.5714285714285714,0.4285714285714285,0.1028150469064712,0.0
IYHDVVN,-1.4217398166656494,-1.0046483278274536,0.5714285714285714,0.2857142857142857,0.4605928957462311,0.310592895746231
GYEWSFN,-3.720022439956665,0.765673816204071,0.7142857142857143,0.4285714285714285,0.2049703598022461,0.1049703598022461
PYLREDK,0.18861804902553558,-2.9064548015594482,0.7142857142857143,0.5714285714285714,0.2571516036987304,0.1571516036987305
MTHPSRR,-4.484723091125488,-0.13520124554634094,0.5714285714285714,0.4285714285714285,0.118555299937725,0.0
IWSPANV,-2.22733473777771,-1.2223304510116577,0.7142857142857143,0.2857142857142857,0.3736516535282135,0.2736516535282135
IYHRFSW,-3.8348045349121094,1.1575275659561157,0.5714285714285714,0.2857142857142857,0.1919994056224823,0.0419994056224823
EYSRTNM,0.8128156661987305,-0.884196937084198,0.5714285714285714,0.2857142857142857,0.4734779000282287,0.3234779000282287
SQRVGVP,2.390958309173584,-3.548924207687378,0.5714285714285714,0.4285714285714285,0.1884249448776245,0.0384249448776245
KYRRTNQ,-3.82206130027771,0.07689671963453293,0.5714285714285714,0.2857142857142857,0.1934394538402557,0.0434394538402557
YQHRSSV,0.4837554693222046,-0.7126330733299255,0.5714285714285714,0.2857142857142857,0.4918305277824402,0.3418305277824401
SLTRITN,1.5618722438812256,-1.9482176303863525,0.7142857142857143,0.4285714285714285,0.3596567809581756,0.2596567809581757
YSPSGGY,-0.09288802742958069,-3.0213968753814697,0.5714285714285714,0.4285714285714285,0.2448559403419494,0.0948559403419494
YYERGLN,-0.5577437877655029,-0.5271955728530884,0.5714285714285714,0.1428571428571428,0.5116673111915588,0.3616673111915588
YYRHVMS,-2.596256732940674,-0.02636239491403103,0.5714285714285714,0.4285714285714285,0.3319616019725799,0.1819616019725799
QGGRYNN,0.0855034589767456,-2.4278440475463867,0.7142857142857143,0.4285714285714285,0.3083498477935791,0.2083498477935791
MYSRSPD,1.2372325658798218,0.2647458612918854,0.5714285714285714,0.2857142857142857,0.5963833332061768,0.4463833332061767
HKHRHIN,-3.3856759071350098,0.7469983696937561,0.7142857142857143,0.2857142857142857,0.2427532225847244,0.1427532225847244
YSVRSNN,1.8532570600509644,0.7509424090385437,0.4285714285714285,0.2857142857142857,0.6483930349349976,0.4483930349349976
WVSLVAT,-2.651946544647217,-0.9588027000427246,0.7142857142857143,0.4285714285714285,0.3256683647632599,0.2256683647632599
LLRVRPF,-3.8576674461364746,-0.9845942854881287,0.5714285714285714,0.5714285714285714,0.189415767788887,0.039415767788887
RHRYSRK,-5.002686500549316,1.9648211002349854,0.5714285714285714,0.4285714285714285,0.060022797435522,0.0
NVHMGFN,-0.989995539188385,-2.944578170776367,0.5714285714285714,0.2857142857142857,0.2530734539031982,0.1030734539031982
QGSRSND,0.39851143956184387,-3.267590045928955,0.5714285714285714,0.1428571428571428,0.2185200005769729,0.0685200005769729
DYPHVNS,0.709301233291626,-3.868260145187378,0.7142857142857143,0.5714285714285714,0.1542647331953048,0.0542647331953048
KMSTVFH,-0.7402580976486206,-2.531834363937378,0.7142857142857143,0.5714285714285714,0.2972257435321808,0.1972257435321808
YSRMSNN,3.18117356300354,1.0692274570465088,0.2857142857142857,0.1428571428571428,0.6824408769607544,0.4324408769607544
VYTRANY,-0.9253817796707153,2.1467771530151367,0.4285714285714285,0.1428571428571428,0.5207789540290833,0.3207789540290833
YSHRANV,1.5025068521499634,0.05497629940509796,0.5714285714285714,0.1428571428571428,0.5739437341690063,0.4239437341690063
YSRVDGN,0.9834535121917725,1.6987100839614868,0.4285714285714285,0.1428571428571428,0.7364870309829712,0.5364870309829712
TYSRSNN,1.0697753429412842,2.0232675075531006,0.5714285714285714,0.0,0.7462418675422668,0.5962418675422668
YSRSSTT,1.9566422700881958,0.02410527504980564,0.4285714285714285,0.1428571428571428,0.5706413388252258,0.3706413388252259
QYSELVQ,-1.2628083229064941,-2.22904634475708,0.5714285714285714,0.4285714285714285,0.3296157717704773,0.1796157717704773
RYSRSST,-3.833411931991577,1.1920089721679688,0.5714285714285714,0.1428571428571428,0.1921567767858505,0.0421567767858505
RIEYIYN,-3.524221658706665,-0.5776706337928772,0.8571428571428571,0.5714285714285714,0.2270968407392501,0.1770968407392501
DYSRSSM,0.5182811617851257,-1.2635551691055298,0.5714285714285714,0.2857142857142857,0.4328969419002533,0.2828969419002533
NMWKAQS,0.21724994480609894,-0.21874040365219116,0.7142857142857143,0.4285714285714285,0.5446635484695435,0.4446635484695435
SYHLWEN,-3.8462560176849365,1.158850908279419,0.7142857142857143,0.2857142857142857,0.1907053291797638,0.0907053291797638
YLHQQCN,-3.801457643508911,-1.4033963680267334,0.5714285714285714,0.1428571428571428,0.1957677751779556,0.0457677751779556
SYHRWVR,-5.509214401245117,1.6298236846923828,0.7142857142857143,0.4285714285714285,0.0027825688011944,0.0
LLRFNGN,-0.27094605565071106,-2.3655788898468018,0.5714285714285714,0.4285714285714285,0.315010517835617,0.165010517835617
YHPWAHQ,-1.5700597763061523,-0.7687386870384216,0.7142857142857143,0.4285714285714285,0.4479270875453949,0.3479270875453949
YYNRICA,-3.2089619636535645,0.10358244925737381,0.7142857142857143,0.4285714285714285,0.2627227902412414,0.1627227902412414
PIWRYNK,-5.533837795257568,1.8226066827774048,0.7142857142857143,0.4285714285714285,0.0,0.0
VYTRANN,1.4377975463867188,2.749725580215454,0.4285714285714285,0.0,0.7878302335739136,0.5878302335739136
GVRRGQN,-2.7972795963287354,-0.8641703724861145,0.5714285714285714,0.2857142857142857,0.3092449903488159,0.1592449903488159
FKWSRNF,-3.5800905227661133,-0.7506574988365173,0.7142857142857143,0.5714285714285714,0.22078338265419,0.12078338265419
YWRSSGM,-2.421823740005493,0.5164360404014587,0.5714285714285714,0.2857142857142857,0.351673424243927,0.201673424243927
AYHRHGQ,-1.1137057542800903,0.5682693123817444,0.7142857142857143,0.1428571428571428,0.4994974136352539,0.3994974136352539
SYSENNR,0.09919499605894089,-1.4475603103637695,0.7142857142857143,0.4285714285714285,0.4132134020328522,0.3132134020328522
MTICLNN,-3.5330302715301514,-1.073569416999817,0.7142857142857143,0.4285714285714285,0.2261014282703399,0.12610142827034
IYHRSAL,-0.5277516841888428,0.5080225467681885,0.5714285714285714,0.1428571428571428,0.5657132267951965,0.4157132267951965
YEHFTFN,-2.2892889976501465,-0.7447237372398376,0.7142857142857143,0.4285714285714285,0.3666505217552185,0.2666505217552185
IYSRLGN,-0.31559622287750244,3.2706735134124756,0.5714285714285714,0.1428571428571428,0.5896878242492676,0.4396878242492675
YHIFSYN,-3.484673023223877,0.21466326713562012,0.4285714285714285,0.4285714285714285,0.2315660417079925,0.0315660417079925
YSRSGSF,0.4273894727230072,0.7080357074737549,0.4285714285714285,0.1428571428571428,0.6438032388687134,0.4438032388687134
YGIRSQN,1.1452853679656982,-0.33789223432540894,0.5714285714285714,0.2857142857142857,0.5319175720214844,0.3819175720214843
DYHRLCY,-4.581583499908447,0.6224038004875183,0.7142857142857143,0.4285714285714285,0.1076095774769783,0.0076095774769783
KYIRVVP,-3.0620172023773193,-0.48633381724357605,0.5714285714285714,0.4285714285714285,0.2793282866477966,0.1293282866477966
YSRSGWN,-2.2838199138641357,1.659905195236206,0.2857142857142857,0.1428571428571428,0.3672685623168945,0.1172685623168945
SPPRIRN,-3.034116506576538,-1.1635080575942993,0.5714285714285714,0.4285714285714285,0.2824812233448028,0.1324812233448028
VYSRNGN,1.6424411535263062,0.2669810354709625,0.5714285714285714,0.1428571428571428,0.5966224670410156,0.4466224670410156
MSMLSNN,-0.5758435130119324,-3.98514986038208,0.4285714285714285,0.2857142857142857,0.1417607218027115,0.0
KYRQKEN,-2.3965535163879395,0.16623243689537048,0.7142857142857143,0.4285714285714285,0.3545290827751159,0.254529082775116
ASHRGVR,-4.680343151092529,-0.3619988262653351,0.5714285714285714,0.2857142857142857,0.0964492335915565,0.0
DCSHSQG,-3.1296324729919434,-1.1275609731674194,0.7142857142857143,0.4285714285714285,0.2716874182224273,0.1716874182224274
IQRRSTN,-2.4627532958984375,-0.2240229994058609,0.5714285714285714,0.2857142857142857,0.3470481634140014,0.1970481634140014
YCRCAVL,-3.669706106185913,-0.7850687503814697,0.5714285714285714,0.4285714285714285,0.2106563597917556,0.0606563597917556
QYGACFQ,-4.526829719543457,-0.8362837433815002,0.7142857142857143,0.5714285714285714,0.1137970313429832,0.0137970313429832
TYHWLTS,-4.121449947357178,0.4112393260002136,0.4285714285714285,0.2857142857142857,0.1596070080995559,0.0
TPFRIMN,-1.7394590377807617,-2.210348606109619,0.5714285714285714,0.4285714285714285,0.3316159248352051,0.181615924835205
NYHRFNN,-1.254307746887207,0.6952769160270691,0.7142857142857143,0.1428571428571428,0.4836086630821228,0.3836086630821228
SSHRSTN,1.3333102464675903,-1.7188371419906616,0.5714285714285714,0.0,0.3841941952705383,0.2341941952705383
WSRWGVN,-2.7521181106567383,0.4548964500427246,0.2857142857142857,0.2857142857142857,0.3143484592437744,0.0643484592437744
YVRSVQG,1.7391471862792969,-0.6006454229354858,0.5714285714285714,0.4285714285714285,0.5038101077079773,0.3538101077079773
WYIRSTN,-2.6098532676696777,0.5564602017402649,0.5714285714285714,0.2857142857142857,0.3304251134395599,0.1804251134395599
EYTYLEN,-3.2344319820404053,-0.1721477210521698,0.7142857142857143,0.4285714285714285,0.2598445415496826,0.1598445415496826
YLRVSDA,0.5324134826660156,-2.5058810710906982,0.5714285714285714,0.4285714285714285,0.3000020384788513,0.1500020384788513
AYRNSMN,1.4452145099639893,-2.7862534523010254,0.5714285714285714,0.4285714285714285,0.270009845495224,0.120009845495224
IYHRDNN,1.0170032978057861,-0.020790187641978264,0.7142857142857143,0.1428571428571428,0.5658388137817383,0.4658388137817383
TYHRVNN,0.6773278713226318,0.9521881937980652,0.5714285714285714,0.1428571428571428,0.6699208617210388,0.5199208617210388
IYRRSNN,-2.9011523723602295,0.9067913293838501,0.4285714285714285,0.1428571428571428,0.2975068390369415,0.0975068390369415
HSHSDEV,-0.7154787182807922,-4.382962226867676,0.7142857142857143,0.5714285714285714,0.0992056876420974,0.0
YFCYQNN,-4.7784953117370605,1.1722551584243774,0.5714285714285714,0.2857142857142857,0.0853575393557548,0.0
MYYSSIT,-2.5130443572998047,0.18760204315185547,0.7142857142857143,0.4285714285714285,0.3413650095462799,0.2413650095462799
YHSFSAI,-1.8949017524719238,-0.5867373943328857,0.4285714285714285,0.2857142857142857,0.4112182855606079,0.2112182855606079
SYRESYN,-0.9372090101242065,-1.4359389543533325,0.5714285714285714,0.2857142857142857,0.4144566059112549,0.2644566059112548
VAHRLEN,0.9490178227424622,-1.795838475227356,0.7142857142857143,0.2857142857142857,0.375957190990448,0.275957190990448
YFTKKNE,1.0728412866592407,-0.11221437156200409,0.7142857142857143,0.4285714285714285,0.5560588836669922,0.4560588836669922
RYHRDEP,0.7158803939819336,-1.0085073709487915,0.5714285714285714,0.4285714285714285,0.4601800739765167,0.3101800739765167
YSIYQKN,-0.15038692951202393,-1.4200392961502075,0.5714285714285714,0.4285714285714285,0.4161574244499206,0.2661574244499206
NLFRNFL,-4.1822428703308105,-0.4836891293525696,0.7142857142857143,0.5714285714285714,0.152737095952034,0.052737095952034
YLWYVVS,-4.4768218994140625,1.499860405921936,0.7142857142857143,0.5714285714285714,0.1194481700658798,0.0194481700658798
DLMYSGT,-1.055171012878418,-3.9446442127227783,0.7142857142857143,0.5714285714285714,0.1460937261581421,0.0460937261581421
EYHVCKL,-3.751325845718384,-1.5468636751174927,0.7142857142857143,0.5714285714285714,0.2014329135417938,0.1014329135417938
IYHRSVS,0.1324177384376526,1.2874456644058228,0.4285714285714285,0.2857142857142857,0.6403157114982605,0.4403157114982605
SYNDAFN,-1.822820782661438,-2.365624189376831,0.7142857142857143,0.4285714285714285,0.3150056898593902,0.2150056898593902
YYAISNA,-0.8878293633460999,-1.6544616222381592,0.5714285714285714,0.2857142857142857,0.3910806179046631,0.2410806179046631
YSRESGN,1.8743929862976074,0.452441543340683,0.4285714285714285,0.1428571428571428,0.6164616942405701,0.4164616942405701
IYCRSPE,-3.3550918102264404,0.5487900376319885,0.5714285714285714,0.2857142857142857,0.2462093830108642,0.0962093830108642
CSHSSAL,-4.0327677726745605,-0.9733444452285767,0.7142857142857143,0.4285714285714285,0.1696285456418991,0.0696285456418991
YYISSQI,-3.0068984031677246,-0.4142305552959442,0.5714285714285714,0.4285714285714285,0.2855570018291473,0.1355570018291473
QYHRLNN,0.06555498391389847,0.5208244323730469,0.7142857142857143,0.1428571428571428,0.6237767338752747,0.5237767338752747
MHRRSNN,-2.7730069160461426,0.4311334192752838,0.2857142857142857,0.2857142857142857,0.3119879364967346,0.0619879364967346
ILARLIA,-0.8466271162033081,-1.3492050170898438,0.7142857142857143,0.2857142857142857,0.4237347543239593,0.3237347543239594
AYHRLER,-1.9192225933074951,0.5043708682060242,0.7142857142857143,0.2857142857142857,0.4084699153900146,0.3084699153900146
SLRRLEG,0.390737920999527,-2.4364776611328125,0.5714285714285714,0.4285714285714285,0.3074263036251068,0.1574263036251068
YYSVYNN,-2.2664217948913574,0.18484215438365936,0.5714285714285714,0.2857142857142857,0.3692346215248108,0.2192346215248108
YSSRFFN,-1.835405707359314,-0.43537846207618713,0.5714285714285714,0.2857142857142857,0.4179416298866272,0.2679416298866272
YKRASMA,-3.242391586303711,-0.39274799823760986,0.5714285714285714,0.5714285714285714,0.2589450776576996,0.1089450776576995
QYHRTNI,-0.07360343635082245,0.17196503281593323,0.5714285714285714,0.1428571428571428,0.5864583253860474,0.4364583253860473
YYIRSYV,-3.473872184753418,1.7869642972946167,0.5714285714285714,0.4285714285714285,0.2327865958213806,0.0827865958213806
VDHTISK,0.2156229317188263,-4.3885931968688965,0.5714285714285714,0.5714285714285714,0.0986033231019973,0.0
ANSRYQG,1.7570326328277588,-2.404332160949707,0.5714285714285714,0.2857142857142857,0.3108649849891662,0.1608649849891662
IYHRHWQ,-2.2699575424194336,0.984516441822052,0.7142857142857143,0.4285714285714285,0.3688350617885589,0.268835061788559
IHRITNN,1.723800539970398,0.9728135466575623,0.4285714285714285,0.1428571428571428,0.6721272468566895,0.4721272468566895
YSHESFN,-0.9670407772064209,-2.1703908443450928,0.5714285714285714,0.2857142857142857,0.3358903229236603,0.1858903229236602
YWRYWGR,-4.990633010864258,1.211203694343567,0.7142857142857143,0.4285714285714285,0.0613849051296711,0.0
YSILRDD,-0.12805601954460144,-3.8805527687072754,0.4285714285714285,0.4285714285714285,0.1529497504234314,0.0
NVCRRGM,-4.627887725830078,-0.2399398386478424,0.5714285714285714,0.5714285714285714,0.1023769676685333,0.0
VYYRSAN,-0.7400667071342468,2.148987054824829,0.4285714285714285,0.2857142857142857,0.5417205095291138,0.3417205095291138
TVTRAQN,1.5016511678695679,-3.8316006660461426,0.5714285714285714,0.1428571428571428,0.1581862866878509,0.0081862866878509
YSHRPAM,0.8719948530197144,-1.433227300643921,0.7142857142857143,0.2857142857142857,0.4147466421127319,0.3147466421127319
SAGRPAN,1.924676775932312,-4.141141414642334,0.5714285714285714,0.4285714285714285,0.1250738948583603,0.0
YIHRSNT,-0.041140586137771606,-0.08498597890138626,0.5714285714285714,0.1428571428571428,0.5589715838432312,0.4089715838432312
EYHRACG,-3.324434518814087,-0.34637635946273804,0.5714285714285714,0.4285714285714285,0.2496738135814666,0.0996738135814666
YMHHSYP,-2.1949899196624756,-1.4996427297592163,0.7142857142857143,0.1428571428571428,0.3773067891597748,0.2773067891597748
YYRSQHS,-1.3960790634155273,-0.53327476978302,0.5714285714285714,0.0,0.4675877690315246,0.3175877690315246
YYRWAQN,-2.2938718795776367,1.2640193700790405,0.4285714285714285,0.1428571428571428,0.3661326169967651,0.1661326169967651
IYSRECN,-3.773313045501709,1.54791259765625,0.5714285714285714,0.2857142857142857,0.198948249220848,0.048948249220848
IWSLEEA,-3.157916784286499,-1.8135024309158325,0.7142857142857143,0.2857142857142857,0.2684911489486694,0.1684911489486694
GYHLSMF,-3.67079758644104,-1.1272519826889038,0.5714285714285714,0.4285714285714285,0.2105330228805542,0.0605330228805542
YTSHNNN,0.6374306678771973,-4.0174665451049805,0.5714285714285714,0.4285714285714285,0.1383037269115448,0.0
YSRRSHA,-2.9368250370025635,1.3235642910003662,0.5714285714285714,0.2857142857142857,0.2934756577014923,0.1434756577014923
SYQSSFD,-1.5228958129882812,-1.2518107891082764,0.7142857142857143,0.4285714285714285,0.4341532289981842,0.3341532289981842
YEHRSAN,1.1392607688903809,-1.5723247528076172,0.5714285714285714,0.1428571428571428,0.3998670279979706,0.2498670279979706
IYHRSGN,0.6821259260177612,1.4967525005340576,0.5714285714285714,0.0,0.7024355530738831,0.552435553073883
WVHRSVS,-1.051200032234192,-0.04617819935083389,0.7142857142857143,0.1428571428571428,0.5065608620643616,0.4065608620643616
YYHIINY,-3.457789897918701,-0.15886011719703674,0.7142857142857143,0.2857142857142857,0.2346039712429046,0.1346039712429046
WYSHPAT,-1.5706627368927002,-0.899044394493103,0.7142857142857143,0.2857142857142857,0.4478589296340942,0.3478589296340942
YWDNLRV,-3.066790819168091,-0.5167112350463867,0.7142857142857143,0.5714285714285714,0.2787888646125793,0.1787888646125793
SHSRNPG,1.6415935754776,-2.7892916202545166,0.5714285714285714,0.4285714285714285,0.2696848511695862,0.1196848511695861
NSQRVYT,0.8296769261360168,-2.100980043411255,0.7142857142857143,0.5714285714285714,0.3433153629302978,0.2433153629302978
YHVRIEN,0.6429711580276489,-1.0942301750183105,0.5714285714285714,0.2857142857142857,0.4510100781917572,0.3010100781917572
YQLMPMV,-2.187678575515747,-2.693714141845703,0.7142857142857143,0.4285714285714285,0.2799090445041656,0.1799090445041656
YYGRGNA,0.7575704455375671,-1.1059017181396484,0.7142857142857143,0.1428571428571428,0.4497615396976471,0.3497615396976471
YSNEQVW,-1.6575493812561035,-0.899325430393219,0.7142857142857143,0.2857142857142857,0.4380403161048889,0.3380403161048889
QDHGSHV,-0.3488767743110657,-4.100993633270264,0.5714285714285714,0.2857142857142857,0.1293686181306839,0.0
LSHHSNN,0.4124428927898407,-2.8229598999023438,0.4285714285714285,0.2857142857142857,0.2660832703113556,0.0660832703113556
IYARQAN,1.1557084321975708,-0.028479227796196938,0.7142857142857143,0.2857142857142857,0.5650162696838379,0.4650162696838379
HKIRPHL,-2.7362070083618164,-0.45478594303131104,0.7142857142857143,0.1428571428571428,0.3161464929580688,0.2161464929580688
VYSRPPN,1.3658779859542847,1.5837769508361816,0.5714285714285714,0.2857142857142857,0.7374836206436157,0.5874836206436157
IKHRGNN,-3.545151948928833,0.5632025599479675,0.5714285714285714,0.2857142857142857,0.2247316092252731,0.0747316092252731
NWSHHGN,-0.26792779564857483,-0.2637673616409302,0.7142857142857143,0.4285714285714285,0.5398468971252441,0.4398468971252441
YSRNLNP,2.6885313987731934,1.1993434429168701,0.4285714285714285,0.2857142857142857,0.6963597536087036,0.4963597536087036
YSGEGQN,-0.41049355268478394,-3.017848014831543,0.4285714285714285,0.2857142857142857,0.2452355772256851,0.0452355772256851
PKGVIRN,-2.4586005210876465,-1.2817158699035645,0.7142857142857143,0.5714285714285714,0.3475174605846405,0.2475174605846405
VYCRGEW,-4.308651924133301,1.9995702505111694,0.5714285714285714,0.4285714285714285,0.1384522318840026,0.0
HILRIDN,-0.43069037795066833,-2.413860559463501,0.5714285714285714,0.2857142857142857,0.3098457157611847,0.1598457157611847
IYHRVER,-1.305605411529541,0.6410320401191711,0.7142857142857143,0.1428571428571428,0.4778117537498474,0.3778117537498474
YIFRSKK,-4.323042392730713,1.46002197265625,0.7142857142857143,0.4285714285714285,0.1368260383605957,0.0368260383605957
YMSRSNN,2.007906198501587,-0.7131456136703491,0.4285714285714285,0.1428571428571428,0.4917756915092468,0.2917756915092468
MILITHT,-2.6854476928710938,-4.094023704528809,0.7142857142857143,0.7142857142857143,0.130114197731018,0.030114197731018
YCRSSNH,-2.952395439147949,0.24861526489257812,0.4285714285714285,0.2857142857142857,0.2917161285877228,0.0917161285877228
YHRDSKQ,0.49915453791618347,-0.28606992959976196,0.4285714285714285,0.2857142857142857,0.5374611020088196,0.3374611020088196
FWSSSTN,-1.3263490200042725,-1.6894663572311401,0.5714285714285714,0.4285714285714285,0.3873360753059387,0.2373360753059387
THYHVWT,-3.399418592453003,0.16769711673259735,0.7142857142857143,0.4285714285714285,0.2412002235651016,0.1412002235651016
PSRFSGI,0.362859845161438,-2.3478565216064453,0.5714285714285714,0.1428571428571428,0.3169063329696655,0.1669063329696655
YSIRSNP,1.9634722471237183,-0.5817568898200989,0.5714285714285714,0.2857142857142857,0.505830705165863,0.355830705165863
YHTRVHY,-0.9926071166992188,-1.2717702388763428,0.7142857142857143,0.2857142857142857,0.4320181310176849,0.3320181310176849
IYIRSGN,0.5108826756477356,-0.19852247834205627,0.5714285714285714,0.1428571428571428,0.5468263030052185,0.3968263030052185
AYHRSNF,-1.3212668895721436,1.3507540225982666,0.5714285714285714,0.2857142857142857,0.4760419726371765,0.3260419726371765
GEHRLSN,0.30385881662368774,-3.224381923675537,0.7142857142857143,0.2857142857142857,0.2231420874595642,0.1231420874595642
NYSRHMN,0.06441819667816162,-0.10095323622226715,0.5714285714285714,0.2857142857142857,0.5572635531425476,0.4072635531425476
YVGRGNS,2.476090669631958,-2.372978687286377,0.7142857142857143,0.2857142857142857,0.3142189681529999,0.2142189681529999
TYTRFGN,-1.5712192058563232,0.005049057304859161,0.5714285714285714,0.2857142857142857,0.4477960467338562,0.2977960467338562
SYPEVDA,-0.44918784499168396,-2.4238035678863525,0.7142857142857143,0.4285714285714285,0.3087820708751678,0.2087820708751678
YVMRSIY,-3.159689426422119,0.9547526836395264,0.7142857142857143,0.4285714285714285,0.2682908475399017,0.1682908475399017
MNYNLNN,-0.22547529637813568,-3.2175748348236084,0.7142857142857143,0.4285714285714285,0.2238702625036239,0.1238702625036239
VSRRLEN,0.3765862286090851,-2.346648931503296,0.5714285714285714,0.1428571428571428,0.3170355260372162,0.1670355260372162
IYGRRNN,-2.4184467792510986,-0.6288561224937439,0.7142857142857143,0.1428571428571428,0.3520550429821014,0.2520550429821014
AISISGN,0.10734840482473373,-3.7976741790771484,0.5714285714285714,0.4285714285714285,0.1618154942989349,0.0118154942989349
PSHGSAR,0.09646600484848022,-2.490058660507202,0.7142857142857143,0.2857142857142857,0.3016946017742157,0.2016946017742157
FYHKEEN,0.11904655396938324,-1.144296646118164,0.5714285714285714,0.4285714285714285,0.4456543326377868,0.2956543326377868
HHHRDAV,-0.2955823540687561,-0.461343914270401,0.7142857142857143,0.2857142857142857,0.5187116265296936,0.4187116265296936
YQRLTNA,2.4581830501556396,-2.447192430496216,0.4285714285714285,0.4285714285714285,0.306280106306076,0.106280106306076
WIQCIMA,-3.971240520477295,-1.7955929040908813,0.7142857142857143,0.7142857142857143,0.1765814423561096,0.0765814423561096
YSRSLGY,-1.506556749343872,0.20716741681098938,0.5714285714285714,0.1428571428571428,0.4551032185554504,0.3051032185554504
NYSRQGN,1.3919992446899414,-0.11385800689458847,0.7142857142857143,0.2857142857142857,0.5558830499649048,0.4558830499649048
EYMRPPN,-0.12326124310493469,-1.9363477230072021,0.7142857142857143,0.2857142857142857,0.3609265387058258,0.2609265387058258
TYSISYG,-2.0555343627929688,-0.9264872074127197,0.5714285714285714,0.2857142857142857,0.3930659890174866,0.2430659890174865
MMSYSAN,-0.15673746168613434,-2.129737138748169,0.7142857142857143,0.2857142857142857,0.3402391374111175,0.2402391374111175
YFELSCK,-3.4638314247131348,-0.4349183142185211,0.5714285714285714,0.5714285714285714,0.2339212447404861,0.0839212447404861
YHRCTQS,-2.8627920150756836,1.8986341953277588,0.5714285714285714,0.4285714285714285,0.3018417656421661,0.1518417656421661
VYHHLNP,-0.890218198299408,-1.341670274734497,0.5714285714285714,0.2857142857142857,0.4245407581329345,0.2745407581329345
GIFHHEY,-2.457076072692871,-1.004204511642456,0.7142857142857143,0.5714285714285714,0.3476897180080414,0.2476897180080414
EYWRKGP,-2.857015371322632,1.6727029085159302,0.5714285714285714,0.4285714285714285,0.3024945557117462,0.1524945557117462
WMERTEN,-0.719707190990448,-2.85207462310791,0.7142857142857143,0.4285714285714285,0.2629687786102295,0.1629687786102295
AISQWEN,-1.3642709255218506,-1.5196068286895752,0.7142857142857143,0.2857142857142857,0.4055064022541046,0.3055064022541046
TYSRSHE,0.9889715909957886,0.1739039421081543,0.5714285714285714,0.2857142857142857,0.5866657495498657,0.4366657495498657
IKAMVDN,0.21636539697647095,-3.4857842922210693,0.7142857142857143,0.4285714285714285,0.1951791942119598,0.0951791942119598
VSGMSHW,-1.940840244293213,-1.2123676538467407,0.7142857142857143,0.5714285714285714,0.4060269892215729,0.3060269892215729
MYSREDN,0.6574718952178955,-1.5835875272750854,0.7142857142857143,0.2857142857142857,0.3986622095108032,0.2986622095108032
IQHRSPN,1.1631108522415161,-0.6911703944206238,0.5714285714285714,0.2857142857142857,0.4941264688968658,0.3441264688968658
FHKWANI,-2.3340420722961426,0.14574745297431946,0.5714285714285714,0.2857142857142857,0.3615931868553161,0.2115931868553161
VYHRPQN,0.42618730664253235,1.1024349927902222,0.4285714285714285,0.2857142857142857,0.6735131740570068,0.4735131740570069
NRWRSGM,-4.602682590484619,-0.20075547695159912,0.7142857142857143,0.4285714285714285,0.1052252724766731,0.0052252724766731
MEQRVIT,0.23794788122177124,-3.2773325443267822,0.7142857142857143,0.4285714285714285,0.2174778282642364,0.1174778282642364
SSRCSNP,-3.5670666694641113,-0.23025812208652496,0.5714285714285714,0.2857142857142857,0.222255140542984,0.072255140542984
ITSQSQS,-0.24517369270324707,-4.799541473388672,0.5714285714285714,0.4285714285714285,0.0546430982649326,0.0
VGHRGNN,1.1906232833862305,-2.386876344680786,0.5714285714285714,0.1428571428571428,0.3127322793006897,0.1627322793006897
YYSDSTE,-1.5859441757202148,-2.293999195098877,0.5714285714285714,0.2857142857142857,0.3226675987243652,0.1726675987243652
YVCSQTN,-3.9266140460968018,-0.35661813616752625,0.4285714285714285,0.4285714285714285,0.1816244572401046,0.0
NFQRSNQ,1.403581976890564,-2.1777119636535645,0.7142857142857143,0.4285714285714285,0.335107147693634,0.235107147693634
EMHRKNN,-0.21629393100738525,-1.221543788909912,0.7142857142857143,0.2857142857142857,0.4373910129070282,0.3373910129070282
MSHRLVE,0.9517238736152649,-2.014528274536133,0.7142857142857143,0.2857142857142857,0.3525633513927459,0.252563351392746
IYRSSAI,-0.02633601613342762,-1.7915421724319458,0.4285714285714285,0.2857142857142857,0.3764167726039886,0.1764167726039886
VYSRSNN,0.8320099115371704,2.92356014251709,0.4285714285714285,0.1428571428571428,0.7193731665611267,0.5193731665611268
YVILIGV,-2.596773386001587,-2.2969725131988525,0.7142857142857143,0.2857142857142857,0.3223495483398437,0.2223495483398437
IYNRSEN,0.7563351392745972,-1.5302610397338867,0.5714285714285714,0.1428571428571428,0.4043667018413543,0.2543667018413543
AYFRSFN,-3.8003029823303223,0.7858423590660095,0.5714285714285714,0.1428571428571428,0.1958982497453689,0.0458982497453689
SYSRSGP,1.9996074438095093,0.9271328449249268,0.4285714285714285,0.2857142857142857,0.6672406196594238,0.4672406196594239
YSTRSEP,1.5448306798934937,-0.6510869264602661,0.4285714285714285,0.2857142857142857,0.4984143078327179,0.2984143078327179
LYHPSEN,-0.6365604400634766,-3.007593870162964,0.5714285714285714,0.2857142857142857,0.2463324815034866,0.0963324815034866
MYENSNN,-0.27708950638771057,-2.819197654724121,0.5714285714285714,0.2857142857142857,0.266485720872879,0.116485720872879
YSDSSPN,-0.4467509090900421,-3.0195956230163574,0.2857142857142857,0.1428571428571428,0.2450486272573471,0.0
YSISSHG,1.3041774034500122,-2.890504837036133,0.5714285714285714,0.2857142857142857,0.2588578164577484,0.1088578164577484
QYCIPDI,-4.377310276031494,-0.4690397381782532,0.7142857142857143,0.4285714285714285,0.1306934952735901,0.03069349527359
HYIYGAV,-3.416473150253296,-0.2126072347164154,0.7142857142857143,0.4285714285714285,0.2392729669809341,0.1392729669809341
FYSSNNT,-1.0175459384918213,-3.0155656337738037,0.7142857142857143,0.4285714285714285,0.2454797327518463,0.1454797327518463
AYRHSNH,-0.6091918349266052,-0.2536061108112335,0.5714285714285714,0.1428571428571428,0.5409338474273682,0.3909338474273681
YSRVNEN,1.599050760269165,2.3024837970733643,0.2857142857142857,0.0,0.8060526847839355,0.5560526847839355
YSRFGQM,-1.212151288986206,-0.27289462089538574,0.4285714285714285,0.2857142857142857,0.4883725941181183,0.2883725941181183
YQWQSGN,-1.1632415056228638,0.9526898264884949,0.5714285714285714,0.2857142857142857,0.4938996136188507,0.3438996136188507
HLWRLDN,-3.5332517623901367,0.6810680031776428,0.7142857142857143,0.4285714285714285,0.2260763943195343,0.1260763943195343
IYHRSNN,0.42777636647224426,1.9939481019973755,0.5714285714285714,0.0,0.6736927032470703,0.5236927032470703
SHHNWEV,-1.8574655055999756,-0.9816280007362366,0.7142857142857143,0.2857142857142857,0.4154487550258636,0.3154487550258636
YYEIQVS,-2.860760450363159,-0.6302562952041626,0.7142857142857143,0.4285714285714285,0.3020713329315185,0.2020713329315185
FYERDNN,-0.5832910537719727,-0.6797702312469482,0.7142857142857143,0.4285714285714285,0.4953459203243255,0.3953459203243256
IYSCSSN,-3.471616506576538,-0.9607887268066406,0.4285714285714285,0.2857142857142857,0.2330414950847625,0.0330414950847625
GLHVNQY,-0.686687171459198,-3.0770835876464844,0.8571428571428571,0.5714285714285714,0.2388989925384521,0.1888989925384521
PCVREFL,-3.8722376823425293,-0.6378075480461121,0.7142857142857143,0.7142857142857143,0.1877692639827728,0.0877692639827728
DYHRSAD,0.6407222151756287,-1.5116246938705444,0.5714285714285714,0.2857142857142857,0.4063602685928345,0.2563602685928344
YTYGLIP,-2.795119047164917,0.2875038683414459,0.7142857142857143,0.4285714285714285,0.3094891607761383,0.2094891607761383
SVHTGNP,0.46286892890930176,-4.63753080368042,0.7142857142857143,0.4285714285714285,0.0719738081097602,0.0
PLGRVKN,-2.422743320465088,-1.5154997110366821,0.5714285714285714,0.4285714285714285,0.3515695035457611,0.2015695035457611
FYHHMNN,-1.9216564893722534,-1.172763705253601,0.5714285714285714,0.2857142857142857,0.4081948399543762,0.2581948399543762
MEHRDHL,0.3432486653327942,-3.379654884338379,0.7142857142857143,0.4285714285714285,0.206532135605812,0.106532135605812
IYTRATV,0.7838273644447327,1.6613857746124268,0.5714285714285714,0.2857142857142857,0.7139282822608948,0.5639282822608948
YHRSSNN,1.5852744579315186,1.496532678604126,0.1428571428571428,0.1428571428571428,0.7281508445739746,0.4281508445739746
VYPDSNE,-0.9384320974349976,-2.8058342933654785,0.5714285714285714,0.4285714285714285,0.2679152488708496,0.1179152488708496
ITYRQAN,1.0498126745224,-2.6340036392211914,0.7142857142857143,0.2857142857142857,0.2862964272499084,0.1862964272499084
IIKFGER,-0.5851759910583496,-2.7157037258148193,0.5714285714285714,0.5714285714285714,0.2775567471981048,0.1275567471981048
AYSQVNE,-0.3958602845668793,-2.1277859210968018,0.7142857142857143,0.2857142857142857,0.3404478728771209,0.240447872877121
LSRSTLD,1.3009004592895508,-2.104834794998169,0.4285714285714285,0.4285714285714285,0.3429030179977417,0.1429030179977417
TYRSWVT,-3.81843900680542,0.762989342212677,0.5714285714285714,0.4285714285714285,0.1938487887382507,0.0438487887382507
GTDRDWI,-0.7108133435249329,-2.168194055557251,0.7142857142857143,0.2857142857142857,0.3361253142356872,0.2361253142356872
PYPHHTF,-1.202713966369629,-1.2334340810775757,0.7142857142857143,0.2857142857142857,0.4361190497875213,0.3361190497875214
QGYKSNN,1.3986115455627441,-1.0478370189666748,0.5714285714285714,0.4285714285714285,0.4559728503227234,0.3059728503227233
YYYRAAS,-2.495619058609009,0.7986327409744263,0.5714285714285714,0.2857142857142857,0.3433341681957245,0.1933341681957245
YSRSSGG,2.7070703506469727,-0.028344158083200455,0.5714285714285714,0.1428571428571428,0.5650307536125183,0.4150307536125183
KYPRAWN,-4.1488938331604,0.003236396936699748,0.7142857142857143,0.2857142857142857,0.1565057188272476,0.0565057188272476
IFHSSEN,-0.7866249680519104,-3.1571035385131836,0.5714285714285714,0.2857142857142857,0.2303390353918075,0.0803390353918075
DMFLSDF,-3.735672950744629,-1.8929063081741333,0.7142857142857143,0.5714285714285714,0.2032017707824707,0.1032017707824707
ASHGSQN,0.9493789672851562,-4.299529075622559,0.5714285714285714,0.2857142857142857,0.1081307530403137,0.0
TVGRSNN,1.4766488075256348,-3.6586434841156006,0.5714285714285714,0.2857142857142857,0.1766879856586456,0.0266879856586456
YYSIKQR,-2.923536777496338,0.21739715337753296,0.7142857142857143,0.2857142857142857,0.2949772775173187,0.1949772775173187
WGKESSE,0.36926349997520447,-3.3413169384002686,0.7142857142857143,0.5714285714285714,0.210633248090744,0.110633248090744
YWHRSAN,-2.487484931945801,1.7828614711761475,0.5714285714285714,0.1428571428571428,0.3442533612251282,0.1942533612251281
IYTRAPH,-0.3446097671985626,-1.094061255455017,0.5714285714285714,0.4285714285714285,0.4510281383991241,0.3010281383991241
YNSRSNN,2.1677167415618896,-1.3388274908065796,0.4285714285714285,0.1428571428571428,0.4248448312282562,0.2248448312282562
YQSRSTN,1.952132225036621,-0.6076563596725464,0.5714285714285714,0.2857142857142857,0.5030601620674133,0.3530601620674133
IESRFAN,1.0348960161209106,-4.216545104980469,0.7142857142857143,0.2857142857142857,0.1170077621936798,0.0170077621936798
VYHRRNM,-2.954944372177124,1.040722370147705,0.5714285714285714,0.2857142857142857,0.2914280593395233,0.1414280593395233
DPASQIA,-0.5992108583450317,-5.305054664611816,0.7142857142857143,0.5714285714285714,0.0005670108948834,0.0
YSRSPLN,2.0026628971099854,1.9378924369812012,0.4285714285714285,0.1428571428571428,0.7753642797470093,0.5753642797470093
TMITGFN,-1.6351872682571411,-3.0249741077423096,0.5714285714285714,0.4285714285714285,0.2444732785224914,0.0944732785224914
CSRPISW,-4.093099117279053,-0.029342159628868103,0.7142857142857143,0.5714285714285714,0.1628108024597168,0.0628108024597168
YLDVAQY,-2.036746025085449,-1.6939992904663086,0.7142857142857143,0.5714285714285714,0.3868511915206909,0.2868511915206909
VYARSSN,1.1999764442443848,2.569692850112915,0.4285714285714285,0.2857142857142857,0.760955274105072,0.5609552741050721
PYSHDGN,0.10624140501022339,-0.4496883153915405,0.7142857142857143,0.2857142857142857,0.5199584364891052,0.4199584364891052
PPHHSND,0.05576803907752037,-3.862639904022217,0.7142857142857143,0.4285714285714285,0.154865950345993,0.054865950345993
YYREAAN,-0.4955632984638214,-0.40250980854034424,0.4285714285714285,0.2857142857142857,0.5250052809715271,0.3250052809715271
CTHIENA,-3.48730206489563,-0.9661078453063965,0.5714285714285714,0.5714285714285714,0.2312689423561096,0.0812689423561096
MYSVCNN,-3.25685977935791,-1.073216199874878,0.7142857142857143,0.2857142857142857,0.2573100924491882,0.1573100924491882
QCEICDN,-4.241917133331299,-0.6319656372070312,0.7142857142857143,0.2857142857142857,0.1459936052560806,0.0459936052560806
QYITLNN,-1.1699765920639038,-2.197141647338867,0.7142857142857143,0.2857142857142857,0.3330287039279938,0.2330287039279938
SHRLQND,1.3668460845947266,-1.6929640769958496,0.4285714285714285,0.4285714285714285,0.3869619369506836,0.1869619369506836
QYWIEPI,-4.219488620758057,0.884061336517334,0.7142857142857143,0.4285714285714285,0.1485281437635421,0.0485281437635421
FPARQTN,1.9616670608520508,-3.8861212730407715,0.7142857142857143,0.5714285714285714,0.1523540765047073,0.0523540765047073
YYHRTPK,-3.8753163814544678,0.4429868161678314,0.5714285714285714,0.4285714285714285,0.1874213516712188,0.0374213516712188
YLRVSGN,1.1577770709991455,-1.2595497369766235,0.4285714285714285,0.2857142857142857,0.4333254098892212,0.2333254098892212
VYTMSVN,-1.3957246541976929,-1.2491447925567627,0.4285714285714285,0.2857142857142857,0.4344384670257568,0.2344384670257568
FSHRGTN,1.7142127752304077,-0.42527469992637634,0.5714285714285714,0.2857142857142857,0.522570013999939,0.3725700139999389
IYRRLNN,-3.554863214492798,0.5933824777603149,0.5714285714285714,0.1428571428571428,0.223634198307991,0.073634198307991
HYSRSQV,-0.5524935722351074,1.91292142868042,0.4285714285714285,0.2857142857142857,0.5629172325134277,0.3629172325134278
FYHSSNQ,-0.8558406233787537,-0.8267508745193481,0.5714285714285714,0.4285714285714285,0.4796230494976043,0.3296230494976043
YYHRNSE,-0.2986825704574585,0.4343068301677704,0.5714285714285714,0.2857142857142857,0.59159916639328,0.44159916639328
YFTRQNN,-0.4434959292411804,-0.2825576364994049,0.5714285714285714,0.2857142857142857,0.5378368496894836,0.3878368496894836
YNHRNNQ,1.0357608795166016,-1.2702425718307495,0.5714285714285714,0.4285714285714285,0.4321815371513366,0.2821815371513366
HYARANN,0.0774407908320427,0.1989903301000595,0.7142857142857143,0.2857142857142857,0.5893493294715881,0.4893493294715881
YYHSVAP,-1.140406847000122,-0.7745810151100159,0.7142857142857143,0.2857142857142857,0.4852038025856018,0.3852038025856018
YSHRSQN,1.5946561098098755,0.9234071969985962,0.5714285714285714,0.0,0.6668421030044556,0.5168421030044555
NYHISEN,-0.5573695302009583,-2.221736431121826,0.5714285714285714,0.2857142857142857,0.330397754907608,0.180397754907608
MYTRSSN,1.7389216423034668,0.6657662391662598,0.4285714285714285,0.2857142857142857,0.6392815709114075,0.4392815709114075
ILSRDAY,-0.007739807013422251,-2.895113468170166,0.7142857142857143,0.4285714285714285,0.2583648264408111,0.1583648264408111
TYSIYQN,-2.4022409915924072,-0.4538480341434479,0.7142857142857143,0.4285714285714285,0.3538863658905029,0.2538863658905029
QYRSSNF,-0.5445201396942139,-1.1127861738204956,0.5714285714285714,0.2857142857142857,0.4490250647068023,0.2990250647068023
GYSRAGD,1.4759708642959595,-0.8988442420959473,0.7142857142857143,0.4285714285714285,0.4719110131263733,0.3719110131263733
SYHRFGN,-2.5290815830230713,1.1062054634094238,0.7142857142857143,0.1428571428571428,0.3395527303218841,0.2395527303218841
HYRRSVN,-4.4964823722839355,0.7020161151885986,0.5714285714285714,0.2857142857142857,0.1172264367341995,0.0
VYHVAPH,-0.19865722954273224,-2.1043999195098877,0.7142857142857143,0.4285714285714285,0.3429495394229889,0.2429495394229889
YSHRGAS,1.0376811027526855,-0.13386067748069763,0.5714285714285714,0.2857142857142857,0.5537433624267578,0.4037433624267578
QHRRLQN,-3.8466153144836426,0.3778078854084015,0.5714285714285714,0.2857142857142857,0.1906647235155105,0.0406647235155105
YYHSSSL,-1.8881865739822388,-0.4781743884086609,0.5714285714285714,0.1428571428571428,0.4119771420955658,0.2619771420955658
YHHRNVP,0.004705628380179405,-0.037826988846063614,0.5714285714285714,0.4285714285714285,0.5640163421630859,0.4140163421630859
YYSRTAN,0.8034998178482056,-0.6154338121414185,0.5714285714285714,0.1428571428571428,0.5022282004356384,0.3522282004356384
YYRRSSN,-3.655653238296509,0.9977755546569824,0.4285714285714285,0.0,0.2122444063425064,0.0122444063425064
YYRRSVN,-3.414965867996216,0.7488192319869995,0.4285714285714285,0.1428571428571428,0.239443302154541,0.039443302154541
IYQRSNQ,0.9788087010383606,-1.147129774093628,0.5714285714285714,0.2857142857142857,0.445351243019104,0.295351243019104
YYHRLNN,-1.2602183818817139,1.317850947380066,0.5714285714285714,0.1428571428571428,0.4829407632350921,0.3329407632350921
ISHRPAN,1.564091444015503,-3.2701220512390137,0.7142857142857143,0.2857142857142857,0.2182491570711136,0.1182491570711136
HYHQSSN,-0.17517799139022827,-0.831685483455658,0.5714285714285714,0.1428571428571428,0.4790951609611511,0.3290951609611511
YYTRNSN,-0.014045928604900837,-0.36773762106895447,0.5714285714285714,0.2857142857142857,0.5287249088287354,0.3787249088287353
GYHRGNN,0.17102332413196564,-0.7399341464042664,0.5714285714285714,0.1428571428571428,0.4889100790023803,0.3389100790023803
SSHRSSN,0.9731279015541077,-2.169616460800171,0.5714285714285714,0.1428571428571428,0.3359731435775757,0.1859731435775757
YYPRINN,-1.5906150341033936,-0.8677970170974731,0.5714285714285714,0.1428571428571428,0.4456042349338531,0.2956042349338531
IYHRSAN,0.5817400217056274,1.5826431512832642,0.5714285714285714,0.0,0.6910913586616516,0.5410913586616516
IYSRSSN,1.440469741821289,1.947092890739441,0.4285714285714285,0.1428571428571428,0.7763484716415405,0.5763484716415406
YRTRSHN,-3.9894766807556152,0.15023460984230042,0.5714285714285714,0.2857142857142857,0.174520656466484,0.024520656466484
YSHPAVP,1.138118028640747,-2.400575637817383,0.5714285714285714,0.4285714285714285,0.3112668395042419,0.1612668395042419
YSSRQSN,2.151813507080078,-2.488947868347168,0.5714285714285714,0.2857142857142857,0.3018134236335754,0.1518134236335754
YYRRNSP,-3.37783145904541,0.37679651379585266,0.5714285714285714,0.2857142857142857,0.2436396777629852,0.0936396777629852
YYTINNN,-1.7720171213150024,-0.8003969788551331,0.5714285714285714,0.2857142857142857,0.4251048862934112,0.2751048862934112
YMSRENN,1.2006584405899048,-2.9184303283691406,0.5714285714285714,0.2857142857142857,0.2558705508708954,0.1058705508708953
YYTRHDG,-0.26623913645744324,-0.03699777275323868,0.5714285714285714,0.4285714285714285,0.5641050338745117,0.4141050338745117
YYHHVSN,-1.9013925790786743,-1.0048809051513672,0.5714285714285714,0.1428571428571428,0.4104847908020019,0.2604847908020019
SHHHSQN,-0.388994038105011,-0.7430688142776489,0.5714285714285714,0.4285714285714285,0.488574743270874,0.338574743270874
QYSNSEE,-0.5109950304031372,-2.679276943206787,0.5714285714285714,0.4285714285714285,0.2814534306526184,0.1314534306526184
YYSHSQN,-0.5501607656478882,-1.290719747543335,0.5714285714285714,0.2857142857142857,0.4299910366535187,0.2799910366535186
YTHRGNT,1.4515831470489502,-0.05023641884326935,0.7142857142857143,0.2857142857142857,0.5626888871192932,0.4626888871192932
MHHRLHN,-0.4836839437484741,-0.08678997308015823,0.5714285714285714,0.2857142857142857,0.5587786436080933,0.4087786436080932
YVHPGNM,-0.5212039351463318,-2.7691831588745117,0.7142857142857143,0.2857142857142857,0.2718359231948852,0.1718359231948852
YYSRSPN,0.3719217777252197,0.3394770622253418,0.4285714285714285,0.1428571428571428,0.6043775677680969,0.4043775677680969
YMSRWLW,-4.17643404006958,0.7311431169509888,0.7142857142857143,0.4285714285714285,0.1533935219049453,0.0533935219049453
YYSRYNN,-1.2191030979156494,-0.05602329224348068,0.5714285714285714,0.1428571428571428,0.4875869452953338,0.3375869452953338
YMSSLSN,-0.5153692364692688,-2.940610408782959,0.5714285714285714,0.2857142857142857,0.2534978985786438,0.1034978985786438
YYRRSAK,-4.102088451385498,1.1823351383209229,0.5714285714285714,0.2857142857142857,0.1617949604988098,0.0117949604988098
YSSRQNT,1.899038553237915,-2.7379353046417236,0.7142857142857143,0.2857142857142857,0.2751785814762115,0.1751785814762115
YYTSSAN,-0.7555519938468933,-2.2945396900177,0.4285714285714285,0.2857142857142857,0.3226097822189331,0.1226097822189331
HYRRISK,-3.822221517562866,0.492267370223999,0.7142857142857143,0.2857142857142857,0.1934213489294052,0.0934213489294052
YYSRSGE,0.9694749712944031,-1.2124415636062622,0.5714285714285714,0.2857142857142857,0.438364714384079,0.2883647143840789
QYHRGNN,1.0096056461334229,0.9352779388427734,0.5714285714285714,0.1428571428571428,0.6681119203567505,0.5181119203567505
NYHFSDN,-2.2848575115203857,-0.9036277532577515,0.5714285714285714,0.2857142857142857,0.3671512901782989,0.2171512901782989
YYHHSNR,-1.4754993915557861,0.3494163453578949,0.5714285714285714,0.2857142857142857,0.458612859249115,0.3086128592491149
YSDRHPN,1.1792690753936768,-2.8186967372894287,0.4285714285714285,0.4285714285714285,0.2665393054485321,0.0665393054485321
YYYRLVN,-3.626962900161743,0.9764854907989502,0.5714285714285714,0.2857142857142857,0.2154865562915802,0.0654865562915802
HSSYGNN,-0.6461601257324219,-1.0963356494903564,0.5714285714285714,0.2857142857142857,0.4507848620414734,0.3007848620414733
SYARSGL,0.5635193586349487,1.1454541683197021,0.5714285714285714,0.2857142857142857,0.6890323758125305,0.5390323758125305
DYSRPVN,0.7865698933601379,-0.061395566910505295,0.5714285714285714,0.1428571428571428,0.5614951252937317,0.4114951252937316
YSHALEN,0.5909426212310791,-0.5701697468757629,0.5714285714285714,0.2857142857142857,0.5070701837539673,0.3570701837539672
NSARSAI,0.5097463726997375,-3.2842135429382324,0.7142857142857143,0.4285714285714285,0.2167417407035827,0.1167417407035827
KYSVANT,0.5803733468055725,-3.325378179550171,0.7142857142857143,0.4285714285714285,0.2123382538557052,0.1123382538557052
QYVRQSN,0.7366575002670288,-0.4540541172027588,0.7142857142857143,0.2857142857142857,0.51949143409729,0.41949143409729
YYSDSNN,-1.3550409078598022,-1.516310691833496,0.4285714285714285,0.1428571428571428,0.4058589935302734,0.2058589935302734
MYRRGAN,-2.5715065002441406,0.031130265444517136,0.5714285714285714,0.2857142857142857,0.3347584903240204,0.1847584903240204
YVRSGGN,2.4765617847442627,-0.8750956654548645,0.2857142857142857,0.2857142857142857,0.4744514524936676,0.2244514524936676
SHHYSEN,-0.8321604132652283,-1.8842191696166992,0.5714285714285714,0.4285714285714285,0.3665028512477875,0.2165028512477874
NSSSINN,-0.46961575746536255,-4.146779537200928,0.7142857142857143,0.2857142857142857,0.1244707703590393,0.0244707703590393
YYHRFNT,-1.414795994758606,0.5953953266143799,0.7142857142857143,0.0,0.4654726982116699,0.3654726982116699
PYHRHQT,-1.2778220176696777,0.4824409782886505,0.5714285714285714,0.4285714285714285,0.4809514284133911,0.3309514284133911
YSSRSGN,2.6373093128204346,-1.0730241537094116,0.5714285714285714,0.1428571428571428,0.4532785415649414,0.3032785415649414
YYHRNSE,-0.2986825704574585,0.4343068301677704,0.5714285714285714,0.2857142857142857,0.59159916639328,0.44159916639328
QYSRSHN,0.40326952934265137,0.8366320133209229,0.5714285714285714,0.1428571428571428,0.6575595140457153,0.5075595140457153
YHRRKAN,-3.460664749145508,1.7614763975143433,0.4285714285714285,0.2857142857142857,0.2342790961265564,0.0342790961265564
IYHVANN,-0.1867566853761673,-2.153744697570801,0.7142857142857143,0.1428571428571428,0.3376710116863251,0.2376710116863251
VYYEYNN,-3.0078539848327637,1.3408427238464355,0.7142857142857143,0.2857142857142857,0.2854490280151367,0.1854490280151367
YYSSSVN,-1.1853996515274048,-1.5870025157928467,0.4285714285714285,0.2857142857142857,0.3982969224452972,0.1982969224452972
IYHRGGN,0.7977523803710938,0.2829146981239319,0.5714285714285714,0.1428571428571428,0.5983269214630127,0.4483269214630127
KYHRSSN,-4.003227233886719,0.9139524102210999,0.4285714285714285,0.1428571428571428,0.1729667782783508,0.0
EYHSGQN,-0.02787010371685028,-3.2226216793060303,0.5714285714285714,0.2857142857142857,0.2233303934335708,0.0733303934335708
IYAVLSN,-1.662982702255249,0.0110033443197608,0.7142857142857143,0.4285714285714285,0.4374262988567352,0.3374262988567352
VYSSYLN,-3.1393163204193115,-0.6226494908332825,0.7142857142857143,0.4285714285714285,0.2705931067466736,0.1705931067466736
VYQRIDN,0.3997553288936615,-1.2205191850662231,0.5714285714285714,0.1428571428571428,0.4375006258487701,0.2875006258487701
HYSRIAP,-0.9909865856170654,0.3559199869632721,0.5714285714285714,0.2857142857142857,0.5133653283119202,0.3633653283119201
NVSHSGN,0.5300890803337097,-4.406963348388672,0.7142857142857143,0.2857142857142857,0.0966382175683975,0.0
YYQRFQS,-1.5951915979385376,-0.22004832327365875,0.5714285714285714,0.2857142857142857,0.4450870752334595,0.2950870752334594
IHHRNNN,-0.0299086757004261,-0.5945475101470947,0.5714285714285714,0.2857142857142857,0.504462480545044,0.3544624805450439
NYHRSEN,0.7356020212173462,0.28675559163093567,0.5714285714285714,0.1428571428571428,0.5987377762794495,0.4487377762794494
HYSRGDQ,0.4748043715953827,0.37981581687927246,0.7142857142857143,0.2857142857142857,0.6086927056312561,0.5086927056312561
YNRVSIN,2.033445358276367,-2.013270139694214,0.4285714285714285,0.2857142857142857,0.3526979386806488,0.1526979386806488
QHMRANN,1.2221940755844116,-1.2768094539642334,0.5714285714285714,0.2857142857142857,0.4314790666103363,0.2814790666103363
IYEGNSN,-0.5944660305976868,-2.871005058288574,0.7142857142857143,0.4285714285714285,0.260943740606308,0.160943740606308
YYTRYNA,-1.1351255178451538,0.02786930650472641,0.5714285714285714,0.2857142857142857,0.4970768392086029,0.3470768392086029
YYRRPSN,-3.377474069595337,0.4660915434360504,0.5714285714285714,0.1428571428571428,0.2436800748109817,0.0936800748109817
YSRRANL,-2.219607353210449,0.03401236981153488,0.4285714285714285,0.1428571428571428,0.3745248913764953,0.1745248913764953
MYHLSGN,-0.5728536248207092,-1.5176844596862793,0.5714285714285714,0.2857142857142857,0.4057120382785797,0.2557120382785797
YYRRSQN,-3.240212917327881,1.2408682107925415,0.4285714285714285,0.0,0.2591912746429443,0.0591912746429443
YYHRSNN,-0.9529139399528503,1.031571388244629,0.4285714285714285,0.0,0.5176677107810974,0.3176677107810974
YYQRNNR,-3.997053861618042,0.2750910520553589,0.7142857142857143,0.2857142857142857,0.1736644059419632,0.0736644059419632
IYSSSSN,0.26783111691474915,-3.5217692852020264,0.4285714285714285,0.2857142857142857,0.1913297772407531,0.0
DYSRSGN,1.0092430114746094,-0.5652748346328735,0.5714285714285714,0.1428571428571428,0.5075938701629639,0.3575938701629638
QSHRLNA,1.5682907104492188,-2.295623540878296,0.7142857142857143,0.2857142857142857,0.3224938511848449,0.222493851184845
VSRWSEA,-0.8823335766792297,-1.6354026794433594,0.5714285714285714,0.5714285714285714,0.3931194245815277,0.2431194245815277
QVSRSVN,2.044848680496216,-2.230964422225952,0.5714285714285714,0.2857142857142857,0.3294106125831604,0.1794106125831604
QYSRGSQ,1.0115461349487305,1.1389461755752563,0.7142857142857143,0.1428571428571428,0.6898988485336304,0.5898988485336304
YYHRQGN,-1.956200361251831,1.1323057413101196,0.7142857142857143,0.1428571428571428,0.4042912125587463,0.3042912125587463
YYFVHEV,-3.3417437076568604,-0.5205873250961304,0.5714285714285714,0.5714285714285714,0.2477177828550338,0.0977177828550338
NSSFSNN,-0.7965437173843384,-3.6455326080322266,0.5714285714285714,0.2857142857142857,0.1780904829502105,0.0280904829502105
YYWRFVN,-3.7181508541107178,1.3606805801391602,0.5714285714285714,0.2857142857142857,0.2051818519830703,0.0551818519830703
VWHRAGN,-0.9458248615264893,0.13457012176513672,0.7142857142857143,0.2857142857142857,0.5184687972068787,0.4184687972068787
YYFRANN,-1.9114164113998413,-0.14436888694763184,0.5714285714285714,0.2857142857142857,0.409352034330368,0.259352034330368
YYHSSQT,-1.0186798572540283,-0.3079974949359894,0.5714285714285714,0.1428571428571428,0.5102357864379883,0.3602357864379882
YSMRMEY,-1.532556176185608,-1.6390427350997925,0.7142857142857143,0.4285714285714285,0.3927300274372101,0.2927300274372101
MYNRNVN,1.0398329496383667,-1.9980624914169312,0.5714285714285714,0.2857142857142857,0.3543247282505035,0.2043247282505035
SYRRSMA,-2.8881678581237793,0.6958779692649841,0.5714285714285714,0.2857142857142857,0.2989741563796997,0.1489741563796997
YYHSQVT,-1.634955644607544,-0.5472651124000549,0.5714285714285714,0.2857142857142857,0.4405935108661651,0.2905935108661651
QYGRSNN,0.881773829460144,-0.18967202305793762,0.5714285714285714,0.1428571428571428,0.5477730631828308,0.3977730631828308
YYHRLAM,-3.038562536239624,-0.15406949818134308,0.7142857142857143,0.1428571428571428,0.2819787859916687,0.1819787859916687
MSHRSAI,1.2264034748077393,-1.8999159336090088,0.7142857142857143,0.2857142857142857,0.3648237287998199,0.2648237287998199
YYHRSES,-0.8639635443687439,1.413157343864441,0.5714285714285714,0.1428571428571428,0.5277195572853088,0.3777195572853088
LYHRLNK,-3.986095428466797,0.5506485104560852,0.7142857142857143,0.2857142857142857,0.1749027520418167,0.0749027520418167
YYHRLNM,-2.0391077995300293,0.09707755595445633,0.7142857142857143,0.1428571428571428,0.3949222564697265,0.2949222564697266
SSHVSQN,-0.19814813137054443,-3.9087157249450684,0.5714285714285714,0.2857142857142857,0.149937093257904,0.0
IYHVTSW,-3.8807408809661865,0.36965611577033997,0.5714285714285714,0.4285714285714285,0.1868083626031875,0.0368083626031875
YHHRQQL,-0.7484799027442932,0.19612817466259003,0.7142857142857143,0.4285714285714285,0.5407698154449463,0.4407698154449463
YSSPSNL,0.5478319525718689,-3.5333874225616455,0.5714285714285714,0.4285714285714285,0.1900869607925415,0.0400869607925415
YHSISGT,1.0540043115615845,-1.8371003866195679,0.5714285714285714,0.4285714285714285,0.3715432584285736,0.2215432584285736
YMTRTNN,1.535512089729309,-1.757639765739441,0.5714285714285714,0.2857142857142857,0.3800433874130249,0.2300433874130249
YHHRSGN,0.40074631571769714,1.0796763896942139,0.4285714285714285,0.1428571428571428,0.6706382036209106,0.4706382036209107
IGSSSHN,0.43598681688308716,-3.967348575592041,0.5714285714285714,0.1428571428571428,0.1436649858951568,0.0
YYRRASN,-3.836167812347412,0.4766544997692108,0.4285714285714285,0.1428571428571428,0.1918453425168991,0.0
MTSRLNN,2.3089330196380615,-3.0708234310150146,0.7142857142857143,0.1428571428571428,0.2395686507225036,0.1395686507225036
YYHYSNY,-3.235095739364624,-0.1605311632156372,0.5714285714285714,0.1428571428571428,0.2597695291042328,0.1097695291042328
YYRSFER,-1.437064528465271,-0.26519012451171875,0.5714285714285714,0.4285714285714285,0.4629561901092529,0.3129561901092529
MYHDQQM,-0.7696359157562256,-2.455392599105835,0.7142857142857143,0.4285714285714285,0.305402934551239,0.205402934551239
YSRRSAN,-2.289138078689575,1.2272822856903076,0.4285714285714285,0.0,0.3666675686836242,0.1666675686836242
VSSRSAV,1.8515377044677734,-3.094919204711914,0.5714285714285714,0.2857142857142857,0.2369910627603531,0.0869910627603531
YYSSLNN,-1.6691598892211914,-1.2372921705245972,0.5714285714285714,0.1428571428571428,0.4357063472270965,0.2857063472270965
YHRRGSN,-3.144336462020874,1.1737089157104492,0.4285714285714285,0.1428571428571428,0.2700257897377014,0.0700257897377014
QFHSYSN,-1.8215245008468628,-0.670572817325592,0.7142857142857143,0.4285714285714285,0.4195102751255035,0.3195102751255035
DYRRGNN,0.7543842196464539,-1.6056325435638428,0.5714285714285714,0.1428571428571428,0.3963040113449096,0.2463040113449096
YYHSANN,-0.7124414443969727,-1.0958033800125122,0.5714285714285714,0.2857142857142857,0.4508417844772339,0.3008417844772338
AYTRQEA,0.4392964839935303,-0.2672882676124573,0.5714285714285714,0.4285714285714285,0.5394702553749084,0.3894702553749084
YSHRSNN,1.822951078414917,1.5215983390808105,0.4285714285714285,0.1428571428571428,0.7308322191238403,0.5308322191238404
YYSTSNN,-0.38560184836387634,-2.025696277618408,0.4285714285714285,0.1428571428571428,0.3513686656951904,0.1513686656951904
FYHSALN,-1.8326597213745117,-1.1569511890411377,0.7142857142857143,0.4285714285714285,0.4182519316673279,0.3182519316673279
YYHRASN,-1.4868265390396118,0.8486871719360352,0.5714285714285714,0.1428571428571428,0.4573328793048858,0.3073328793048858
YSHRSNN,1.822951078414917,1.5215983390808105,0.4285714285714285,0.1428571428571428,0.7308322191238403,0.5308322191238404
GYSRSGT,1.7442665100097656,0.40375909209251404,0.5714285714285714,0.2857142857142857,0.6112539768218994,0.4612539768218994
QYHRVNN,0.8062372803688049,0.4306175708770752,0.7142857142857143,0.1428571428571428,0.6141270399093628,0.5141270399093628
QSRRLNN,-3.1985690593719482,-0.4797353744506836,0.5714285714285714,0.0,0.2638972401618957,0.1138972401618957
YSRRSNF,-2.3925836086273193,0.21853679418563843,0.4285714285714285,0.2857142857142857,0.3549776971340179,0.1549776971340179
YSHSSPN,1.3186583518981934,-0.8571406006813049,0.2857142857142857,0.1428571428571428,0.4763721823692322,0.2263721823692321
YYEVSAN,-1.4460043907165527,-1.522307276725769,0.5714285714285714,0.2857142857142857,0.4052175283432007,0.2552175283432006
YLHRLLI,-3.036770820617676,-0.024213628843426704,0.7142857142857143,0.2857142857142857,0.2821812629699707,0.1821812629699707
YTRRLNE,0.9965674877166748,-0.9209666848182678,0.5714285714285714,0.2857142857142857,0.4695445299148559,0.3195445299148559
VSRRPNN,-2.3043370246887207,-0.46602755784988403,0.5714285714285714,0.2857142857142857,0.3649500012397766,0.2149500012397766
YYSRPHN,-0.8586391806602478,-0.30881837010383606,0.7142857142857143,0.2857142857142857,0.5283212065696716,0.4283212065696716
YLTRANG,2.2219743728637695,-2.790217876434326,0.7142857142857143,0.2857142857142857,0.2695857584476471,0.1695857584476471
YYHRLWN,-3.5075478553771973,1.6473193168640137,0.7142857142857143,0.1428571428571428,0.2289810627698898,0.1289810627698898
YYRDSEK,-0.057489968836307526,-0.19567102193832397,0.5714285714285714,0.2857142857142857,0.5471312999725342,0.3971312999725341
YPRRAYN,-3.620025396347046,-0.10636346787214279,0.4285714285714285,0.2857142857142857,0.2162705361843109,0.0162705361843109
YSLLAVN,-1.5600327253341675,-1.1520617008209229,0.4285714285714285,0.4285714285714285,0.4448237121105194,0.2448237121105194
FESRSGN,1.3984323740005493,-2.763854503631592,0.7142857142857143,0.2857142857142857,0.2724059224128723,0.1724059224128723
SHRRQHN,-2.6384153366088867,-0.32720065116882324,0.5714285714285714,0.2857142857142857,0.3271974623203277,0.1771974623203277
LYSRDNE,0.18753179907798767,-1.4159902334213257,0.7142857142857143,0.2857142857142857,0.416590541601181,0.316590541601181
AYRRAWA,-4.615697383880615,0.1784520000219345,0.7142857142857143,0.4285714285714285,0.1037545353174209,0.0037545353174209
YSHRSSV,1.3469886779785156,0.7199698090553284,0.5714285714285714,0.1428571428571428,0.6450798511505127,0.4950798511505127
YYSSSND,-1.1845053434371948,-2.5961713790893555,0.5714285714285714,0.1428571428571428,0.2903434336185455,0.1403434336185455
YYRRGQD,-0.4201844036579132,0.5362820029258728,0.4285714285714285,0.2857142857142857,0.5778688192367554,0.3778688192367554
QSTKGNL,0.5669366717338562,-3.2361433506011963,0.7142857142857143,0.5714285714285714,0.221883937716484,0.121883937716484
NSHRSSN,1.0295900106430054,-2.3538553714752197,0.5714285714285714,0.1428571428571428,0.3162646293640136,0.1662646293640136
YPFRGNN,0.07658030837774277,-1.2281986474990845,0.5714285714285714,0.2857142857142857,0.4366791248321533,0.2866791248321533
YYTRANN,0.26258426904678345,-0.31343889236450195,0.5714285714285714,0.1428571428571428,0.5345333814620972,0.3845333814620971
AHYRSEN,0.6231225728988647,-0.44488316774368286,0.5714285714285714,0.4285714285714285,0.5204724073410034,0.3704724073410034
VSSKSNN,1.698266863822937,-3.438101053237915,0.5714285714285714,0.4285714285714285,0.2002799957990646,0.0502799957990646
YYPRSSP,0.03022269904613495,-0.6497346758842468,0.4285714285714285,0.2857142857142857,0.4985589683055877,0.2985589683055878
HYHHANN,-0.6660714149475098,0.43976643681526184,0.7142857142857143,0.2857142857142857,0.5500823855400085,0.4500823855400085
YHHRLEE,0.8339343070983887,-0.5155816674232483,0.7142857142857143,0.2857142857142857,0.5129096508026123,0.4129096508026123
IYSYQAN,-2.025851011276245,0.6873522400856018,0.5714285714285714,0.2857142857142857,0.3964203596115112,0.2464203596115112
MYHRLAN,-0.12627699971199036,1.2464154958724976,0.7142857142857143,0.1428571428571428,0.6110818982124329,0.5110818982124329
VSYHQNN,1.0222305059432983,-2.9514920711517334,0.7142857142857143,0.4285714285714285,0.2523338496685028,0.1523338496685028
SYRRGGN,-2.4539687633514404,-0.05571037903428078,0.5714285714285714,0.1428571428571428,0.3480408787727356,0.1980408787727356
YSHRSSN,1.9647409915924072,0.6647594571113586,0.5714285714285714,0.1428571428571428,0.6391738653182983,0.4891738653182983
YSFMSSN,-1.653347134590149,-1.2236233949661255,0.5714285714285714,0.2857142857142857,0.437168538570404,0.287168538570404
YYHMPNN,-2.097698450088501,-1.1331530809402466,0.5714285714285714,0.1428571428571428,0.3883012235164642,0.2383012235164642
YHRRGWN,-3.698298454284668,1.0335521697998047,0.4285714285714285,0.2857142857142857,0.2074252814054489,0.0074252814054489
YYRWPYN,-3.21132755279541,1.3655929565429688,0.5714285714285714,0.4285714285714285,0.2624554634094238,0.1124554634094238
QSHRGVN,0.996523380279541,-2.045354127883911,0.4285714285714285,0.1428571428571428,0.3492658138275146,0.1492658138275146
NHRVVVN,0.31844019889831543,-1.3854438066482544,0.5714285714285714,0.4285714285714285,0.4198581874370575,0.2698581874370575
VYRRLAN,-2.6051571369171143,0.48797550797462463,0.5714285714285714,0.2857142857142857,0.3309558033943176,0.1809558033943176
YYHRSND,-0.3733210861682892,0.587036669254303,0.5714285714285714,0.1428571428571428,0.583164632320404,0.433164632320404
IYRRSNN,-2.9011523723602295,0.9067913293838501,0.4285714285714285,0.1428571428571428,0.2975068390369415,0.0975068390369415
YSYQSAN,-0.06845149397850037,-0.2404792457818985,0.5714285714285714,0.2857142857142857,0.5423380732536316,0.3923380732536315
HHPRSQV,0.2718745768070221,-1.151626467704773,0.5714285714285714,0.2857142857142857,0.4448702335357666,0.2948702335357666
MYSAKHS,1.7765781879425049,-1.0553491115570068,0.7142857142857143,0.5714285714285714,0.4551692605018616,0.3551692605018616
YYHRSVN,-1.418824553489685,1.1483708620071411,0.5714285714285714,0.0,0.4650174081325531,0.3150174081325531
GSSRSNI,1.260114312171936,-3.1436514854431152,0.5714285714285714,0.2857142857142857,0.2317780405282974,0.0817780405282974
IYHSSNN,0.2806240916252136,-1.9039760828018188,0.5714285714285714,0.1428571428571428,0.364389419555664,0.214389419555664
YYHRSNN,-0.9529139399528503,1.031571388244629,0.4285714285714285,0.0,0.5176677107810974,0.3176677107810974
QYIRSVN,0.05279096961021423,0.2931244969367981,0.5714285714285714,0.2857142857142857,0.599419116973877,0.4494191169738769
SYRRENN,0.9721821546554565,-1.3387831449508667,0.5714285714285714,0.2857142857142857,0.4248495697975158,0.2748495697975158
YYQSLEN,-2.326282262802124,-0.8935264348983765,0.5714285714285714,0.2857142857142857,0.3624700903892517,0.2124700903892517
YVRRQDT,0.3642900884151459,0.06992845982313156,0.5714285714285714,0.2857142857142857,0.575543224811554,0.4255432248115539
YTHRSNT,0.7240200042724609,0.30353283882141113,0.5714285714285714,0.2857142857142857,0.6005324721336365,0.4505324721336364
MYSRSAN,2.001155376434326,1.1911901235580444,0.5714285714285714,0.1428571428571428,0.6954875588417053,0.5454875588417053
YSSRFAN,0.5618731379508972,-2.217168092727661,0.5714285714285714,0.2857142857142857,0.3308864235877991,0.180886423587799
YSHHIVN,-0.25676894187927246,-0.6179338693618774,0.5714285714285714,0.2857142857142857,0.5019607543945312,0.3519607543945312
YYLRSGQ,-1.3300498723983765,0.33732038736343384,0.5714285714285714,0.2857142857142857,0.4750494062900543,0.3250494062900543
YYHRSVD,-0.6890072226524353,0.8862994909286499,0.5714285714285714,0.1428571428571428,0.5474904775619507,0.3974904775619506
IYQRSNN,1.2309199571609497,-0.9249719977378845,0.5714285714285714,0.1428571428571428,0.469116061925888,0.319116061925888
YYHGLVN,-2.624315023422241,-0.4690673351287842,0.5714285714285714,0.2857142857142857,0.3287908732891083,0.1787908732891082
YGIRQAN,1.519705891609192,-2.072235584259033,0.7142857142857143,0.2857142857142857,0.3463902473449707,0.2463902473449707
QSSRSAV,0.3037586510181427,-2.495269536972046,0.5714285714285714,0.2857142857142857,0.3011371791362762,0.1511371791362762
YNRRSNL,-2.6079916954040527,-0.8757648468017578,0.4285714285714285,0.2857142857142857,0.3306354880332947,0.1306354880332947
YYHSSDS,-1.9960813522338867,-0.7173004150390625,0.5714285714285714,0.1428571428571428,0.3997844755649566,0.2497844755649566
ISHRSEN,0.9522671699523926,-2.4534389972686768,0.5714285714285714,0.1428571428571428,0.3056119084358215,0.1556119084358215
YHHRNEV,0.5531333684921265,-1.2178133726119995,0.7142857142857143,0.2857142857142857,0.437790036201477,0.3377900362014771
YTERSNP,1.2191709280014038,-2.90775728225708,0.5714285714285714,0.2857142857142857,0.257012277841568,0.107012277841568
SYHVSNN,0.04556947201490402,-1.868695616722107,0.5714285714285714,0.1428571428571428,0.3681634366512298,0.2181634366512298
YLHRHSN,-0.7453722953796387,0.39163681864738464,0.7142857142857143,0.1428571428571428,0.5411209464073181,0.4411209464073181
YYRRSQN,-3.240212917327881,1.2408682107925415,0.4285714285714285,0.0,0.2591912746429443,0.0591912746429443
SYHRSNN,0.7627543807029724,2.127140998840332,0.5714285714285714,0.0,0.7115469574928284,0.5615469574928283
YYSRLAN,-1.1879152059555054,-0.01852128840982914,0.7142857142857143,0.1428571428571428,0.4911113381385803,0.3911113381385803
QYSRSNN,1.1347072124481201,2.8329105377197266,0.5714285714285714,0.0,0.7535794973373413,0.6035794973373413
VVSRSNN,2.0392963886260986,-2.780017852783203,0.5714285714285714,0.2857142857142857,0.2706769108772278,0.1206769108772277
YHRRFTN,-3.2249104976654053,0.8132192492485046,0.4285714285714285,0.4285714285714285,0.2609205245971679,0.0609205245971679
SSSRAPE,0.5480943322181702,-4.059897422790527,0.4285714285714285,0.4285714285714285,0.1337647885084152,0.0
YYREVIN,-2.513709783554077,-0.27167847752571106,0.5714285714285714,0.2857142857142857,0.3412898182868957,0.1912898182868957
GHHRSNS,0.0696357786655426,-0.6786631345748901,0.5714285714285714,0.2857142857142857,0.4954643845558166,0.3454643845558166
YYHRSNQ,-1.2950923442840576,1.3005563020706177,0.5714285714285714,0.1428571428571428,0.4789998233318329,0.3289998233318328
MYSRSNN,1.5054917335510254,1.7826772928237915,0.5714285714285714,0.0,0.7587605118751526,0.6087605118751526
IYHSLAN,-0.7376471757888794,-2.0982272624969482,0.7142857142857143,0.1428571428571428,0.3436098396778106,0.2436098396778107
SSSRLVY,0.016145827248692513,-2.2379202842712402,0.5714285714285714,0.4285714285714285,0.3286665081977844,0.1786665081977844
YLVRLNN,-1.6148712635040283,-1.529046893119812,0.5714285714285714,0.2857142857142857,0.4044965803623199,0.2544965803623199
YYHRNNQ,-1.3351261615753174,0.5232142210006714,0.5714285714285714,0.2857142857142857,0.4744757413864136,0.3244757413864135
YYHVGAN,-1.3268462419509888,-1.1223249435424805,0.5714285714285714,0.1428571428571428,0.4480046927928924,0.2980046927928924
HYARSVY,-2.7532525062561035,0.8078977465629578,0.5714285714285714,0.4285714285714285,0.3142202794551849,0.1642202794551849
YYHRSNN,-0.9529139399528503,1.031571388244629,0.4285714285714285,0.0,0.5176677107810974,0.3176677107810974
YYHRFAN,-1.8535128831863403,0.7399290800094604,0.7142857142857143,0.1428571428571428,0.4158954322338104,0.3158954322338104
YYSMTQA,-0.7758162021636963,-1.8002114295959473,0.7142857142857143,0.4285714285714285,0.3754893839359283,0.2754893839359283
SYHEGAH,0.42022666335105896,-2.985112190246582,0.7142857142857143,0.2857142857142857,0.2487374097108841,0.1487374097108841
YVHRSPN,0.4396488070487976,0.7931168079376221,0.4285714285714285,0.1428571428571428,0.6529045701026917,0.4529045701026917
YYRRGHN,-3.823432683944702,0.9642523527145386,0.4285714285714285,0.1428571428571428,0.1932844817638397,0.0
ISRRSNN,-2.8377645015716553,-0.22086167335510254,0.4285714285714285,0.1428571428571428,0.3046700060367584,0.1046700060367584
QWISSPN,-1.6885265111923218,-2.5397748947143555,0.4285714285714285,0.4285714285714285,0.2963763177394867,0.0963763177394867
YYHSSEN,-1.4145677089691162,-0.09194431453943253,0.4285714285714285,0.0,0.4654985070228576,0.2654985070228577
YYHRPAE,-0.1921079307794571,-0.031002290546894073,0.7142857142857143,0.2857142857142857,0.5647463798522949,0.4647463798522949
YQHFSNN,-0.25452062487602234,-0.8128633499145508,0.4285714285714285,0.2857142857142857,0.4811086356639862,0.2811086356639862
VSHRSNK,-4.02638578414917,0.18265259265899658,0.5714285714285714,0.2857142857142857,0.1703497469425201,0.0203497469425201
HYRRNDE,-0.8021600246429443,-2.119119167327881,0.7142857142857143,0.4285714285714285,0.3413749933242798,0.2413749933242798
ISRRPHN,-2.6373660564422607,-0.40616241097450256,0.5714285714285714,0.2857142857142857,0.3273160457611084,0.1773160457611084
GSHESIN,-0.8172368407249451,-4.377423286437988,0.4285714285714285,0.2857142857142857,0.0997982025146484,0.0
QWHSSYN,-2.2800989151000977,0.1449829488992691,0.5714285714285714,0.4285714285714285,0.3676890432834625,0.2176890432834625
QYSRTGN,1.5606913566589355,0.6856092810630798,0.5714285714285714,0.2857142857142857,0.6414042115211487,0.4914042115211486
YYRRGIS,-2.894986867904663,0.3922872245311737,0.5714285714285714,0.1428571428571428,0.2982035875320434,0.1482035875320434
YHAMSGQ,1.1030036211013794,-1.4400155544281006,0.5714285714285714,0.4285714285714285,0.4140205085277557,0.2640205085277557
HYSRLVN,-2.4705286026000977,2.0535340309143066,0.5714285714285714,0.1428571428571428,0.3461695313453674,0.1961695313453674
YYHYSNN,-1.9357795715332031,-0.6379329562187195,0.4285714285714285,0.1428571428571428,0.4065988659858703,0.2065988659858703
VYHSGDN,-0.7793157696723938,-1.8749277591705322,0.5714285714285714,0.2857142857142857,0.3674967885017395,0.2174967885017395
YSHRSTD,1.8509379625320435,-0.44162166118621826,0.5714285714285714,0.2857142857142857,0.5208213329315186,0.3708213329315185
YYHSNNS,-0.6844844818115234,-1.249983549118042,0.5714285714285714,0.2857142857142857,0.4343487024307251,0.2843487024307251
VVSHNND,0.23000270128250122,-4.829176425933838,0.7142857142857143,0.4285714285714285,0.051472969353199,0.0
VYHRSEN,1.018811821937561,1.9873669147491455,0.4285714285714285,0.0,0.740482747554779,0.5404827475547791
YYSRNHN,-0.6464091539382935,-0.30792945623397827,0.5714285714285714,0.2857142857142857,0.5351227521896362,0.3851227521896362
YSHRVLS,0.1861668974161148,0.5727778077125549,0.5714285714285714,0.2857142857142857,0.6293343305587769,0.4793343305587768
HYHRSPT,-0.740695059299469,0.8619881868362427,0.5714285714285714,0.2857142857142857,0.5416495203971863,0.3916495203971862
YSRIFGN,-0.8466153144836426,1.9675949811935425,0.2857142857142857,0.2857142857142857,0.5296799540519714,0.2796799540519714
YYHRGNN,-0.6420488953590393,1.3694806098937988,0.5714285714285714,0.1428571428571428,0.5527970194816589,0.4027970194816589
YSALSNN,1.375522255897522,-0.2568742036819458,0.2857142857142857,0.1428571428571428,0.5405842661857605,0.2905842661857605
YSSHGVL,-0.5096538066864014,-2.6478686332702637,0.5714285714285714,0.4285714285714285,0.28481325507164,0.13481325507164
IYRRAGN,-3.182739496231079,0.2872004508972168,0.5714285714285714,0.2857142857142857,0.2656860649585724,0.1156860649585724
YHSEVQY,-0.8810225129127502,-1.7645412683486938,0.5714285714285714,0.4285714285714285,0.3793051242828369,0.2293051242828369
TVSSAGT,0.22433240711688995,-4.930129051208496,0.5714285714285714,0.4285714285714285,0.0406737998127937,0.0
QSHRSSN,1.0158867835998535,-1.8288625478744507,0.5714285714285714,0.2857142857142857,0.3724244832992553,0.2224244832992553
SYRRSQN,-2.9085566997528076,0.8011409044265747,0.4285714285714285,0.1428571428571428,0.2966701090335846,0.0966701090335846
HYSRHEQ,-0.6402995586395264,-0.11104872077703476,0.7142857142857143,0.4285714285714285,0.5529947280883789,0.4529947280883789
YHRWSNP,-1.593777060508728,2.2605862617492676,0.2857142857142857,0.2857142857142857,0.4452468752861023,0.1952468752861023
YYHRYAN,-1.654442548751831,0.9279968738555908,0.7142857142857143,0.1428571428571428,0.4383913874626159,0.338391387462616
DYHRTNP,1.5378036499023438,-1.688143253326416,0.5714285714285714,0.2857142857142857,0.3874776065349579,0.2374776065349579
YSHRSNN,1.822951078414917,1.5215983390808105,0.4285714285714285,0.1428571428571428,0.7308322191238403,0.5308322191238404
YYRSKQN,-2.1973166465759277,0.4989018142223358,0.4285714285714285,0.2857142857142857,0.3770438730716705,0.1770438730716705
YMRRAQN,-2.990562677383423,0.242875337600708,0.4285714285714285,0.1428571428571428,0.2874030172824859,0.0874030172824859
TYHYSPN,-1.4659672975540161,-0.6064207553863525,0.4285714285714285,0.2857142857142857,0.4596900641918182,0.2596900641918183
YYSRHGR,-4.731375694274902,1.145845651626587,0.7142857142857143,0.4285714285714285,0.0906822979450225,0.0
VYSRGNN,1.0391335487365723,1.753395676612854,0.5714285714285714,0.1428571428571428,0.7427791953086853,0.5927791953086853
YYHREVN,-0.7995995879173279,0.7341242432594299,0.5714285714285714,0.1428571428571428,0.5349929928779602,0.3849929928779602
YYRRSSN,-3.655653238296509,0.9977755546569824,0.4285714285714285,0.0,0.2122444063425064,0.0122444063425064
YSRSSVN,2.4003820419311523,1.7830203771591187,0.4285714285714285,0.0,0.7587972283363342,0.5587972283363343
IYARSDN,0.5275266170501709,1.687268614768982,0.5714285714285714,0.0,0.6849649548530579,0.5349649548530578
YSRVMEN,1.0435162782669067,1.7955015897750854,0.4285714285714285,0.0,0.743274450302124,0.5432744503021241
IYHRANT,0.1060233861207962,1.439754605293274,0.7142857142857143,0.0,0.6373329758644104,0.5373329758644104
IYSRNNN,0.9791157245635986,1.3348230123519897,0.5714285714285714,0.0,0.710852324962616,0.560852324962616
YSRVNNN,3.1117184162139893,2.300304889678955,0.2857142857142857,0.0,0.8141325116157532,0.5641325116157532
YSRVNEN,1.599050760269165,2.3024837970733643,0.2857142857142857,0.0,0.8060526847839355,0.5560526847839355
IYSRSND,1.1894460916519165,1.8282781839370728,0.4285714285714285,0.0,0.7597652673721313,0.5597652673721314
YVHRSTN,0.6905807256698608,1.3568605184555054,0.5714285714285714,0.0,0.7033909559249878,0.5533909559249878
NYSRSNN,1.1415168046951294,1.362898826599121,0.5714285714285714,0.0,0.7138556838035583,0.5638556838035583
NYSRSNN,1.1415168046951294,1.362898826599121,0.5714285714285714,0.0,0.7138556838035583,0.5638556838035583
NYSRSNN,1.1415168046951294,1.362898826599121,0.5714285714285714,0.0,0.7138556838035583,0.5638556838035583
NYSRSNN,1.1415168046951294,1.362898826599121,0.5714285714285714,0.0,0.7138556838035583,0.5638556838035583
VYHRSEN,1.018811821937561,1.9873669147491455,0.4285714285714285,0.0,0.740482747554779,0.5404827475547791
YSRSQNN,1.771315336227417,1.8466640710830688,0.4285714285714285,0.0,0.7656053304672241,0.5656053304672242
YSRSQNN,1.771315336227417,1.8466640710830688,0.4285714285714285,0.0,0.7656053304672241,0.5656053304672242
YSRSQNN,1.771315336227417,1.8466640710830688,0.4285714285714285,0.0,0.7656053304672241,0.5656053304672242
YSRSQNN,1.771315336227417,1.8466640710830688,0.4285714285714285,0.0,0.7656053304672241,0.5656053304672242
TYSRSST,1.2296098470687866,1.3705421686172485,0.5714285714285714,0.0,0.7146732807159424,0.5646732807159424
IYHRSAN,0.5817400217056274,1.5826431512832642,0.5714285714285714,0.0,0.6910913586616516,0.5410913586616516
IYHRSAN,0.5817400217056274,1.5826431512832642,0.5714285714285714,0.0,0.6910913586616516,0.5410913586616516
IYHRSAN,0.5817400217056274,1.5826431512832642,0.5714285714285714,0.0,0.6910913586616516,0.5410913586616516
IYHRSAN,0.5817400217056274,1.5826431512832642,0.5714285714285714,0.0,0.6910913586616516,0.5410913586616516
TYTRAQN,1.0237176418304443,1.9297502040863037,0.4285714285714285,0.0,0.7410370707511902,0.5410370707511902
IYSRSNG,1.566129446029663,1.8501169681549072,0.4285714285714285,0.0,0.7659747004508972,0.5659747004508973
MYHRLNN,0.1461704671382904,0.9471721649169922,0.7142857142857143,0.0,0.641869843006134,0.541869843006134
MYHRLNN,0.1461704671382904,0.9471721649169922,0.7142857142857143,0.0,0.641869843006134,0.541869843006134
YSRISNN,2.958439588546753,2.3349082469940186,0.2857142857142857,0.0,0.8178341388702393,0.5678341388702393
QYHRAAN,0.5593296885490417,0.9051790833473206,0.7142857142857143,0.0,0.6648921966552734,0.5648921966552735
MYSRNNN,1.264977216720581,0.905227541923523,0.7142857142857143,0.0,0.6648973822593689,0.5648973822593689
YHRLGSN,1.477121114730835,4.03782844543457,0.2857142857142857,0.0,0.792273998260498,0.542273998260498
SYHRSST,0.876466691493988,1.387302041053772,0.5714285714285714,0.0,0.7164661288261414,0.5664661288261413
YSRLGQD,2.593733549118042,2.350282669067383,0.2857142857142857,0.0,0.8194787502288818,0.5694787502288818
YSRVDEL,0.932559609413147,1.4018746614456177,0.5714285714285714,0.0,0.7180250287055969,0.5680250287055969
SYARSNN,0.6724101901054382,1.4104926586151123,0.5714285714285714,0.0,0.7013375759124756,0.5513375759124756
HYSRSPN,0.7927325367927551,1.4149210453033447,0.5714285714285714,0.0,0.7149346470832825,0.5649346470832824
HYSRSPN,0.7927325367927551,1.4149210453033447,0.5714285714285714,0.0,0.7149346470832825,0.5649346470832824
YSRSSPN,2.597914934158325,2.374415636062622,0.2857142857142857,0.0,0.8220602869987488,0.5720602869987488
YSRSSPN,2.597914934158325,2.374415636062622,0.2857142857142857,0.0,0.8220602869987488,0.5720602869987488
YSRSSPN,2.597914934158325,2.374415636062622,0.2857142857142857,0.0,0.8220602869987488,0.5720602869987488
YSRSSPN,2.597914934158325,2.374415636062622,0.2857142857142857,0.0,0.8220602869987488,0.5720602869987488
IYSRQSV,0.6286096572875977,3.3399436473846436,0.5714285714285714,0.0,0.6963878870010376,0.5463878870010376
IHRFTNN,1.082924246788025,1.9056215286254883,0.4285714285714285,0.0,0.7477277517318726,0.5477277517318726
SYHRSAT,0.6395063996315002,2.118192672729492,0.5714285714285714,0.0,0.6976192593574524,0.5476192593574524
YSRSQSN,1.6020078659057617,1.911088228225708,0.4285714285714285,0.0,0.7724969387054443,0.5724969387054444
YSRSQSN,1.6020078659057617,1.911088228225708,0.4285714285714285,0.0,0.7724969387054443,0.5724969387054444
YVHRSVS,0.20331092178821564,1.17111074924469,0.7142857142857143,0.0,0.6483269929885864,0.5483269929885864
VYHRGSN,0.7546353340148926,1.441296100616455,0.5714285714285714,0.0,0.7106294631958008,0.5606294631958008
VYHRGSN,0.7546353340148926,1.441296100616455,0.5714285714285714,0.0,0.7106294631958008,0.5606294631958008
IYHRGSN,0.7749402523040771,1.4427777528762817,0.5714285714285714,0.0,0.7129240036010742,0.5629240036010742
IYHRGSN,0.7749402523040771,1.4427777528762817,0.5714285714285714,0.0,0.7129240036010742,0.5629240036010742
IYHRGSN,0.7749402523040771,1.4427777528762817,0.5714285714285714,0.0,0.7129240036010742,0.5629240036010742
TYTRSTN,1.59111750125885,1.9248038530349731,0.4285714285714285,0.0,0.7739641666412354,0.5739641666412354
YSRSVLN,1.1015516519546509,1.954687237739563,0.4285714285714285,0.0,0.7498327493667603,0.5498327493667603
YSRVLEN,1.1041735410690308,2.9875757694244385,0.4285714285714285,0.0,0.7501290440559387,0.5501290440559388
QYSRSNA,1.9483537673950195,1.4585751295089722,0.5714285714285714,0.0,0.7240904569625854,0.5740904569625854
SYSRLNN,0.6691986322402954,3.2765274047851562,0.5714285714285714,0.0,0.7009746432304382,0.5509746432304382
SYSRLNN,0.6691986322402954,3.2765274047851562,0.5714285714285714,0.0,0.7009746432304382,0.5509746432304382
YSRSQNP,2.1303699016571045,1.4667940139770508,0.5714285714285714,0.0,0.7249696254730225,0.5749696254730224
LYHRSNN,0.6776084899902344,1.5064384937286377,0.5714285714285714,0.0,0.7019250392913818,0.5519250392913818
SYSRSEL,0.6797801852226257,3.091238021850586,0.5714285714285714,0.0,0.7021704316139221,0.5521704316139221
YSRSINN,2.091066837310791,1.9562560319900513,0.4285714285714285,0.0,0.7773286700248718,0.5773286700248719
YSRSINN,2.091066837310791,1.9562560319900513,0.4285714285714285,0.0,0.7773286700248718,0.5773286700248719
YSRSINN,2.091066837310791,1.9562560319900513,0.4285714285714285,0.0,0.7773286700248718,0.5773286700248719
IYHRSGN,0.6821259260177612,1.4967525005340576,0.5714285714285714,0.0,0.7024355530738831,0.552435553073883
YHRVSSN,1.5664353370666504,2.688844680786133,0.2857142857142857,0.0,0.8023669719696045,0.5523669719696045
NYHRLNN,0.2813147008419037,1.005241870880127,0.7142857142857143,0.0,0.6571418046951294,0.5571418046951294
QYSRGSN,1.5451799631118774,1.4965078830718994,0.5714285714285714,0.0,0.7281481623649597,0.5781481623649597
IYHRSEN,0.7110471725463867,1.5264701843261719,0.5714285714285714,0.0,0.7057037353515625,0.5557037353515625
IYHRSEN,0.7110471725463867,1.5264701843261719,0.5714285714285714,0.0,0.7057037353515625,0.5557037353515625
IYHRSEN,0.7110471725463867,1.5264701843261719,0.5714285714285714,0.0,0.7057037353515625,0.5557037353515625
QYSRNNP,1.5083811283111572,1.5115464925765991,0.5714285714285714,0.0,0.7297569513320923,0.5797569513320923
SYHRPNN,0.5521334409713745,1.0383319854736328,0.7142857142857143,0.0,0.6791359186172485,0.5791359186172486
SYSRLHE,0.7578845620155334,1.5178667306900024,0.5714285714285714,0.0,0.7109966278076172,0.5609966278076172
YLHRGNS,0.6472460627555847,1.0436344146728516,0.7142857142857143,0.0,0.6797031164169312,0.5797031164169312
YLHRGNS,0.6472460627555847,1.0436344146728516,0.7142857142857143,0.0,0.6797031164169312,0.5797031164169312
YSRSLVN,1.1651840209960938,2.2716965675354004,0.4285714285714285,0.0,0.7570235133171082,0.5570235133171082
VYTRANV,1.1700628995895386,3.1846587657928467,0.4285714285714285,0.0,0.7575749158859253,0.5575749158859253
IYHRVNN,0.2880707383155823,1.2022349834442139,0.7142857142857143,0.0,0.6579052805900574,0.5579052805900574
IYHRVNN,0.2880707383155823,1.2022349834442139,0.7142857142857143,0.0,0.6579052805900574,0.5579052805900574
IYHRSNG,0.8296962380409241,1.531541347503662,0.5714285714285714,0.0,0.7191116809844971,0.569111680984497
VYHRGLN,0.7348124980926514,2.4616787433624268,0.5714285714285714,0.0,0.7083893418312073,0.5583893418312073
YHRVGSN,1.222070336341858,2.021982192993164,0.4285714285714285,0.0,0.7634519934654236,0.5634519934654236
QYSRSND,1.1993532180786133,1.5455397367477417,0.5714285714285714,0.0,0.7333932518959045,0.5833932518959045
QYVRSSE,0.8793430328369141,1.552398681640625,0.5714285714285714,0.0,0.7247220277786255,0.5747220277786255
SYHRSNN,0.7627543807029724,2.127140998840332,0.5714285714285714,0.0,0.7115469574928284,0.5615469574928283
SYHRSNN,0.7627543807029724,2.127140998840332,0.5714285714285714,0.0,0.7115469574928284,0.5615469574928283
SYHRSNN,0.7627543807029724,2.127140998840332,0.5714285714285714,0.0,0.7115469574928284,0.5615469574928283
IYSRSNN,1.209181785583496,3.098268508911133,0.4285714285714285,0.0,0.7619954943656921,0.5619954943656922
IYSRSNN,1.209181785583496,3.098268508911133,0.4285714285714285,0.0,0.7619954943656921,0.5619954943656922
IYHRANN,0.33326804637908936,1.7570427656173706,0.7142857142857143,0.0,0.6630128026008606,0.5630128026008606
YSRSSVQ,1.976434350013733,1.5923123359680176,0.5714285714285714,0.0,0.7383966445922852,0.5883966445922851
IYSRTNN,0.7924732565879822,2.7223355770111084,0.5714285714285714,0.0,0.714905321598053,0.564905321598053
YSRSSNQ,2.235509157180786,2.0813941955566406,0.4285714285714285,0.0,0.7907150387763977,0.5907150387763977
VYHRGNN,0.8171966671943665,1.7982733249664307,0.5714285714285714,0.0,0.7176992297172546,0.5676992297172546
VYHRGNN,0.8171966671943665,1.7982733249664307,0.5714285714285714,0.0,0.7176992297172546,0.5676992297172546
YSRSANN,2.7788655757904053,2.5977861881256104,0.2857142857142857,0.0,0.8459548354148865,0.5959548354148865
YSRSLGN,1.5712090730667114,2.120896100997925,0.4285714285714285,0.0,0.794940710067749,0.5949407100677491
YSRSPGE,1.8658947944641113,1.645357608795166,0.5714285714285714,0.0,0.7440710663795471,0.5940710663795471
YSRVLGN,1.4600673913955688,2.137068271636963,0.4285714285714285,0.0,0.7903468608856201,0.5903468608856202
YSRVLGN,1.4600673913955688,2.137068271636963,0.4285714285714285,0.0,0.7903468608856201,0.5903468608856202
VYSRVAN,0.8509868383407593,2.5880870819091797,0.5714285714285714,0.0,0.7215176820755005,0.5715176820755005
QYHRANN,0.8508756756782532,1.2021807432174683,0.7142857142857143,0.0,0.6966632604598999,0.5966632604598999
YSRSGNN,2.8404319286346436,2.65136456489563,0.2857142857142857,0.0,0.8516862392425537,0.6016862392425537
TYSRGTN,1.5971348285675049,1.7018580436706543,0.5714285714285714,0.0,0.7501150369644165,0.6001150369644165
YSRLGQN,2.523437738418579,2.67421555519104,0.2857142857142857,0.0,0.8541306853294373,0.6041306853294373
YSRSQAN,1.7623904943466187,2.207921266555786,0.4285714285714285,0.0,0.8042499423027039,0.6042499423027039
IYSRSPN,1.3657299280166626,2.306851625442505,0.4285714285714285,0.0,0.7796862125396729,0.5796862125396729
MYSRSNN,1.5054917335510254,1.7826772928237915,0.5714285714285714,0.0,0.7587605118751526,0.6087605118751526
MYSRSNN,1.5054917335510254,1.7826772928237915,0.5714285714285714,0.0,0.7587605118751526,0.6087605118751526
IYSRSAN,1.4985451698303223,2.275128126144409,0.4285714285714285,0.0,0.7946950197219849,0.5946950197219849
VYTRANN,1.4377975463867188,2.749725580215454,0.4285714285714285,0.0,0.7878302335739136,0.5878302335739136
VYTRANN,1.4377975463867188,2.749725580215454,0.4285714285714285,0.0,0.7878302335739136,0.5878302335739136
VYTRANN,1.4377975463867188,2.749725580215454,0.4285714285714285,0.0,0.7878302335739136,0.5878302335739136
VYTRANN,1.4377975463867188,2.749725580215454,0.4285714285714285,0.0,0.7878302335739136,0.5878302335739136
SYHRSPN,1.009524941444397,1.9068986177444458,0.5714285714285714,0.0,0.739433228969574,0.589433228969574
YSRVSNN,2.917630195617676,2.8026349544525146,0.2857142857142857,0.0,0.8678681254386902,0.6178681254386902
YSRSSGN,2.498208522796631,2.3260834217071533,0.4285714285714285,0.0,0.8168900609016418,0.6168900609016419
YSRSSGN,2.498208522796631,2.3260834217071533,0.4285714285714285,0.0,0.8168900609016418,0.6168900609016419
YSRSSAN,2.5067453384399414,2.3360517024993896,0.4285714285714285,0.0,0.8179564476013184,0.6179564476013184
MYSRANN,1.9002363681793213,1.3881070613861084,0.7142857142857143,0.0,0.7165523171424866,0.6165523171424866
YSRSGPN,2.7878224849700928,3.3061652183532715,0.1428571428571428,0.0,0.9217320084571838,0.6217320084571838
YSRSLNN,2.0125224590301514,2.3630013465881348,0.4285714285714285,0.0,0.8208392858505249,0.620839285850525
TYSRSNN,1.0697753429412842,2.0232675075531006,0.5714285714285714,0.0,0.7462418675422668,0.5962418675422668
TYSRSNN,1.0697753429412842,2.0232675075531006,0.5714285714285714,0.0,0.7462418675422668,0.5962418675422668
SYSRSNN,1.0727022886276245,2.1194589138031006,0.5714285714285714,0.0,0.7465726137161255,0.5965726137161255
SYSRSNN,1.0727022886276245,2.1194589138031006,0.5714285714285714,0.0,0.7465726137161255,0.5965726137161255
SYSRSNN,1.0727022886276245,2.1194589138031006,0.5714285714285714,0.0,0.7465726137161255,0.5965726137161255
SYSRSNN,1.0727022886276245,2.1194589138031006,0.5714285714285714,0.0,0.7465726137161255,0.5965726137161255
SYSRSNN,1.0727022886276245,2.1194589138031006,0.5714285714285714,0.0,0.7465726137161255,0.5965726137161255
YSRSGSN,2.758145809173584,2.9118716716766357,0.2857142857142857,0.0,0.8795534372329712,0.6295534372329712
YSRSGSN,2.758145809173584,2.9118716716766357,0.2857142857142857,0.0,0.8795534372329712,0.6295534372329712
QYSRSNN,1.1347072124481201,2.8329105377197266,0.5714285714285714,0.0,0.7535794973373413,0.6035794973373413
QYSRSNN,1.1347072124481201,2.8329105377197266,0.5714285714285714,0.0,0.7535794973373413,0.6035794973373413
YSRLSNN,3.315321445465088,3.4239096641540527,0.1428571428571428,0.0,0.9343274235725404,0.6343274235725402
QYSRSSN,1.2236515283584595,2.193639039993286,0.5714285714285714,0.0,0.7636306285858154,0.6136306285858154
QYSRSTN,1.287840723991394,2.425595283508301,0.5714285714285714,0.0,0.7708843946456909,0.6208843946456909
QYSRSTN,1.287840723991394,2.425595283508301,0.5714285714285714,0.0,0.7708843946456909,0.6208843946456909
QYSRLNN,1.0643407106399536,3.376476526260376,0.7142857142857143,0.0,0.7456277012825012,0.6456277012825012
YSRLSQN,2.523674249649048,3.461937665939331,0.2857142857142857,0.0,0.9105398654937744,0.6605398654937744
