seq,fitness_pred,htfr1_pred,ref_dist,div_prev,reward_signal,final_score
YYHWSNN,-2.8406434059143066,0.3795624375343323,0.4285714285714285,0.1428571428571428,0.3183080554008484,0.1183080554008484
PYSRPFA,-1.335159420967102,-0.4882529675960541,0.5714285714285714,0.1428571428571428,0.4850205779075622,0.3350205779075622
MRRSLAK,-4.22669792175293,0.15155629813671112,0.5714285714285714,0.4285714285714285,0.1648207753896713,0.0148207753896713
IYSYLEA,-3.283918619155884,1.910050392150879,0.5714285714285714,0.2857142857142857,0.269221156835556,0.119221156835556
DYHRQNN,1.0907834768295288,-1.7100573778152466,0.7142857142857143,0.1428571428571428,0.3573957085609436,0.2573957085609436
WDRATQD,0.350639283657074,-2.7530314922332764,0.7142857142857143,0.4285714285714285,0.2478179633617401,0.1478179633617401
YSFILVE,-2.8851699829101562,0.8436387777328491,0.5714285714285714,0.4285714285714285,0.313377320766449,0.1633773207664489
MYCHFAN,-4.467416286468506,0.010234915651381016,0.8571428571428571,0.2857142857142857,0.1381644010543823,0.0881644010543823
LSRSQPN,1.7010937929153442,-1.9788612127304077,0.4285714285714285,0.2857142857142857,0.3291544318199157,0.1291544318199158
YYHVEEN,-2.4897561073303223,-0.03549693524837494,0.7142857142857143,0.2857142857142857,0.357164204120636,0.257164204120636
WQWASGN,-1.706842303276062,0.4489460289478302,0.7142857142857143,0.1428571428571428,0.443861573934555,0.3438615739345551
FSHNDIT,0.10154081135988235,-3.319868326187134,0.7142857142857143,0.5714285714285714,0.1882645189762115,0.0882645189762115
IVHDGNS,0.03143918514251709,-4.335350513458252,0.5714285714285714,0.4285714285714285,0.0815751478075981,0.0
MYRSGAP,1.5912208557128906,-1.5303008556365967,0.5714285714285714,0.2857142857142857,0.3762814402580261,0.2262814402580261
SMYSAQN,0.4516560733318329,-2.9431111812591553,0.7142857142857143,0.2857142857142857,0.2278476655483245,0.1278476655483246
QYRFGGN,-0.8686729669570923,-1.4989502429962158,0.5714285714285714,0.2857142857142857,0.3795752227306366,0.2295752227306366
PPHRSEN,1.1070362329483032,-2.920929193496704,0.7142857142857143,0.2857142857142857,0.2301781624555587,0.1301781624555588
SHHISQN,-0.09431390464305878,-2.963218927383423,0.5714285714285714,0.2857142857142857,0.2257350832223892,0.0757350832223892
YCHRGAP,-3.3177242279052734,-0.3094979524612427,0.7142857142857143,0.1428571428571428,0.2654776275157928,0.1654776275157928
KFCQPNN,-4.041446685791016,-0.7358496189117432,0.7142857142857143,0.5714285714285714,0.1853349208831787,0.0853349208831787
WDSMNNT,-0.7266119122505188,-3.630725383758545,0.7142857142857143,0.4285714285714285,0.1556050181388855,0.0556050181388855
HSQRSNS,1.2500417232513428,-3.018916606903076,0.7142857142857143,0.2857142857142857,0.2198833376169204,0.1198833376169204
NPYAPNN,0.31796371936798096,-2.5803818702697754,0.7142857142857143,0.4285714285714285,0.2659569978713989,0.1659569978713989
IRRSLGG,-2.6395304203033447,-0.9805682301521301,0.5714285714285714,0.2857142857142857,0.3405786454677582,0.1905786454677581
WMRVQNF,-2.6962673664093018,-0.11017458885908127,0.7142857142857143,0.4285714285714285,0.334295779466629,0.234295779466629
SYHRGSQ,0.02248275838792324,0.9129062294960022,0.5714285714285714,0.0,0.6329715251922607,0.4829715251922607
SVLRPNN,1.1141971349716187,-3.9160947799682617,0.5714285714285714,0.2857142857142857,0.1256233155727386,0.0
LMHRSNN,1.443185567855835,0.022057149559259415,0.5714285714285714,0.1428571428571428,0.539376437664032,0.3893764376640319
WLCCSNN,-4.417435646057129,-0.871583104133606,0.5714285714285714,0.4285714285714285,0.1436990946531295,0.0
IYSRNNN,0.9791157245635986,1.3348230123519897,0.5714285714285714,0.0,0.6772992610931396,0.5272992610931396
HYHRQVI,-2.1051807403564453,0.7419741749763489,0.5714285714285714,0.1428571428571428,0.3997508287429809,0.2497508287429809
WYSHSTK,-0.945254385471344,-0.20327256619930267,0.5714285714285714,0.2857142857142857,0.5157027244567871,0.3657027244567871
TYHHSPN,0.1987508237361908,-0.5543126463890076,0.4285714285714285,0.1428571428571428,0.4788214564323425,0.2788214564323426
HVRGQTY,-0.24598756432533264,-0.9948065876960754,0.5714285714285714,0.4285714285714285,0.4325419068336487,0.2825419068336486
CHNDKFA,-3.2498393058776855,-1.4759128093719482,0.7142857142857143,0.5714285714285714,0.2729949951171875,0.1729949951171875
YYSRSAI,-0.2517875134944916,0.1451236456632614,0.4285714285714285,0.1428571428571428,0.5523061156272888,0.3523061156272888
VYTRANN,1.4377975463867188,2.749725580215454,0.4285714285714285,0.0,0.7920889854431152,0.5920889854431153
LSRSLVN,1.800016164779663,-0.008311538025736809,0.2857142857142857,0.1428571428571428,0.5361858010292053,0.2861858010292053
YYSFGEM,-2.8786461353302,-0.4750892221927643,0.5714285714285714,0.2857142857142857,0.3140997588634491,0.1640997588634491
LMSRTTI,1.3211413621902466,-2.625680685043335,0.7142857142857143,0.0,0.2611978054046631,0.1611978054046631
IYSCSNT,-3.1342432498931885,-1.1891539096832275,0.4285714285714285,0.2857142857142857,0.2857957482337951,0.0857957482337951
MYHRSNS,0.3642745912075043,0.857110321521759,0.5714285714285714,0.2857142857142857,0.6271094679832458,0.4771094679832458
YIPRPEN,-0.05801181122660637,-3.1414525508880615,0.7142857142857143,0.4285714285714285,0.2070093750953674,0.1070093750953674
YSHRLGN,1.1928244829177856,0.22898706793785095,0.5714285714285714,0.1428571428571428,0.5611171126365662,0.4111171126365661
QSSMGNT,0.27702614665031433,-4.242172718048096,0.7142857142857143,0.4285714285714285,0.0913646668195724,0.0
YYHRTAN,-1.5910754203796387,0.7785417437553406,0.5714285714285714,0.1428571428571428,0.4566812217235565,0.3066812217235565
VYTRAEN,0.527856171131134,2.731600284576416,0.4285714285714285,0.1428571428571428,0.6913250088691711,0.4913250088691712
QYHKMNF,0.21294289827346802,-0.24084366858005524,0.5714285714285714,0.4285714285714285,0.5117553472518921,0.361755347251892
YSRESND,0.9837213158607483,-0.42253783345222473,0.4285714285714285,0.1428571428571428,0.4926660656929016,0.2926660656929016
VHHREGW,0.35175052285194397,-0.3850209414958954,0.7142857142857143,0.1428571428571428,0.4966077208518982,0.3966077208518982
IYHRNHL,-0.5719190239906311,0.1938360184431076,0.7142857142857143,0.2857142857142857,0.557424008846283,0.457424008846283
QSRSGDY,0.2590612471103668,-1.8652775287628174,0.5714285714285714,0.4285714285714285,0.3410878479480743,0.1910878479480743
TMWSPVD,-2.6576027870178223,-1.3927404880523682,0.7142857142857143,0.7142857142857143,0.338577389717102,0.238577389717102
DWNEANN,-1.1434346437454224,-2.5649778842926025,0.7142857142857143,0.2857142857142857,0.2675753831863403,0.1675753831863403
VYTRHSN,-0.5910658240318298,2.3314857482910156,0.4285714285714285,0.1428571428571428,0.5674191117286682,0.3674191117286682
YKIGINP,1.7512065172195435,-2.6933555603027344,0.7142857142857143,0.4285714285714285,0.2540876865386963,0.1540876865386963
WCTRNNN,-3.9210987091064453,-0.8705112338066101,0.7142857142857143,0.2857142857142857,0.1986618638038635,0.0986618638038635
IWCAKGL,-4.45289945602417,-0.5093519687652588,0.7142857142857143,0.5714285714285714,0.1397719383239746,0.0397719383239746
YMRVIEA,-1.135246753692627,-2.24977445602417,0.7142857142857143,0.4285714285714285,0.300691545009613,0.200691545009613
KYMSLSM,-1.1122283935546875,-1.0571424961090088,0.5714285714285714,0.5714285714285714,0.4259927868843078,0.2759927868843078
QLRSPNN,1.6012147665023804,-2.585294723510742,0.5714285714285714,0.2857142857142857,0.2654408514499664,0.1154408514499664
YSRHSNN,1.93325674533844,1.8747100830078125,0.2857142857142857,0.1428571428571428,0.7340213060379028,0.4840213060379028
NYRSDVV,0.8161509037017822,-2.4783124923706055,0.7142857142857143,0.2857142857142857,0.2766807079315185,0.1766807079315185
IYIYFNN,-3.7047717571258545,0.4206094741821289,0.7142857142857143,0.4285714285714285,0.2226172238588333,0.1226172238588333
YFHRQNN,-1.1799687147140503,0.6597933769226074,0.5714285714285714,0.0,0.5022058486938477,0.3522058486938476
LYARVTV,-0.5534147620201111,0.704892098903656,0.5714285714285714,0.1428571428571428,0.5715884566307068,0.4215884566307067
TYHAKPN,1.8638067245483398,-1.6277986764907837,0.5714285714285714,0.4285714285714285,0.366038054227829,0.2160380542278289
PYCRLTN,-4.446415901184082,0.010304497554898262,0.7142857142857143,0.4285714285714285,0.1404899060726165,0.0404899060726165
QYVRSAN,1.1845234632492065,1.532400131225586,0.5714285714285714,0.2857142857142857,0.6980572938919067,0.5480572938919067
MWRPDTN,-1.3194622993469238,-1.1004868745803833,0.5714285714285714,0.4285714285714285,0.4214388728141784,0.2714388728141784
YSPFSKW,-1.3783535957336426,-0.01899784803390503,0.5714285714285714,0.4285714285714285,0.4802373647689819,0.3302373647689819
VISFQAV,-1.5346049070358276,-2.9218575954437256,0.7142857142857143,0.2857142857142857,0.2300806194543838,0.1300806194543838
PYSRVRL,-3.460629463195801,-0.5642119646072388,0.7142857142857143,0.4285714285714285,0.2496527582406997,0.1496527582406998
YSCRARI,-4.134490013122559,-0.3328084945678711,0.5714285714285714,0.4285714285714285,0.1750315874814987,0.0250315874814987
VHGRSAP,1.659475564956665,-1.7443784475326538,0.4285714285714285,0.2857142857142857,0.3537898361682892,0.1537898361682892
IYSRVIN,-1.0941518545150757,3.162106513977051,0.5714285714285714,0.1428571428571428,0.5117089748382568,0.3617089748382568
YSSRVTN,2.351912021636963,-2.8436124324798584,0.5714285714285714,0.2857142857142857,0.2383012771606445,0.0883012771606445
YLHPYNN,-2.494417190551758,-0.8600274324417114,0.5714285714285714,0.2857142857142857,0.3566480278968811,0.2066480278968811
MYHRSSN,0.15759551525115967,1.094336748123169,0.5714285714285714,0.0,0.6503235101699829,0.5003235101699829
YSCSSGF,-3.1760077476501465,-0.4236604869365692,0.5714285714285714,0.2857142857142857,0.2811708748340606,0.1311708748340606
YHRVSSC,-3.119879961013794,1.997241497039795,0.4285714285714285,0.1428571428571428,0.2873862683773041,0.0873862683773041
SPHRLHE,0.8622063398361206,-2.7416303157806396,0.7142857142857143,0.2857142857142857,0.2490158081054687,0.1490158081054687
MYSRVCN,-3.533991575241089,3.356283187866211,0.7142857142857143,0.1428571428571428,0.2415288835763931,0.1415288835763931
TPYSAEN,-0.5725029110908508,-3.7488253116607666,0.7142857142857143,0.2857142857142857,0.1431971043348312,0.0431971043348312
YSHWIDF,-3.6680569648742676,0.5762587785720825,0.7142857142857143,0.4285714285714285,0.2266829013824463,0.1266829013824463
IATRNNN,2.0687692165374756,-4.157003402709961,0.7142857142857143,0.2857142857142857,0.1003127917647361,0.0
VHHNSPN,0.37913981080055237,-3.4338836669921875,0.5714285714285714,0.1428571428571428,0.1762857437133789,0.0262857437133789
QYCRLIP,-4.08441162109375,-0.07101010531187057,0.5714285714285714,0.4285714285714285,0.1805771142244339,0.0305771142244339
VYHREPN,1.5847111940383911,-0.20516373217105865,0.5714285714285714,0.1428571428571428,0.515504002571106,0.3655040025711059
VMYDPNI,-1.8345813751220703,-2.137094259262085,0.8571428571428571,0.5714285714285714,0.3125300407409668,0.2625300407409667
DTHGNNQ,-0.3679335117340088,-4.244960784912109,0.7142857142857143,0.5714285714285714,0.0910717472434043,0.0
TSNSQVN,-0.4663122594356537,-4.320358753204346,0.5714285714285714,0.4285714285714285,0.0831502228975296,0.0
HSSFSTN,-0.03277011215686798,-3.166229248046875,0.5714285714285714,0.4285714285714285,0.2044062614440918,0.0544062614440918
ICHRSDN,-3.9543533325195312,1.049788236618042,0.7142857142857143,0.2857142857142857,0.1949793547391891,0.0949793547391891
SKERSET,0.9094438552856445,-3.5926010608673096,0.7142857142857143,0.4285714285714285,0.1596104651689529,0.0596104651689529
IYHRSEN,0.7110471725463867,1.5264701843261719,0.5714285714285714,0.0,0.6974342465400696,0.5474342465400696
VYHRGNN,0.8171966671943665,1.7982733249664307,0.5714285714285714,0.0,0.7233656048774719,0.5733656048774719
VYHRSGC,-2.8724799156188965,1.584998607635498,0.4285714285714285,0.2857142857142857,0.3147825598716736,0.1147825598716736
YYPDSPN,-1.7251204252243042,-1.909745454788208,0.4285714285714285,0.2857142857142857,0.3364159166812897,0.1364159166812897
VKSRSFN,-3.26454758644104,0.21280112862586975,0.5714285714285714,0.2857142857142857,0.2713662385940552,0.1213662385940551
YCHTSMN,-3.746957778930664,-0.7134766578674316,0.5714285714285714,0.4285714285714285,0.2179456800222396,0.0679456800222396
IYHRSFG,-1.4906014204025269,1.3999181985855103,0.5714285714285714,0.1428571428571428,0.4678073823451996,0.3178073823451995
HYSRQAQ,-0.882491409778595,-0.19552107155323029,0.7142857142857143,0.2857142857142857,0.5165171027183533,0.4165171027183533
YMRVSNN,1.7021865844726562,-0.13231325149536133,0.2857142857142857,0.1428571428571428,0.5231578946113586,0.2731578946113586
YSRSLVN,1.1651840209960938,2.2716965675354004,0.4285714285714285,0.0,0.7619006037712097,0.5619006037712098
VNDRANV,1.533349633216858,-4.387966632843018,0.5714285714285714,0.2857142857142857,0.0760471522808075,0.0
PYSRQFA,-1.0171078443527222,-0.6935372948646545,0.7142857142857143,0.1428571428571428,0.464194118976593,0.364194118976593
WHSCSPN,-3.3494620323181152,-1.1508212089538574,0.5714285714285714,0.4285714285714285,0.2619630992412567,0.1119630992412567
FKTRNHN,-3.4806301593780518,-0.6569473743438721,0.7142857142857143,0.4285714285714285,0.2474379539489746,0.1474379539489746
YPSGGNN,1.1819268465042114,-3.0962977409362793,0.4285714285714285,0.4285714285714285,0.2117534577846527,0.0117534577846527
YRRSLDN,-0.10872191190719604,-1.3336960077285767,0.4285714285714285,0.1428571428571428,0.3969372808933258,0.1969372808933258
YSRSYIN,-1.3898277282714844,1.8398138284683228,0.4285714285714285,0.2857142857142857,0.4789667427539825,0.2789667427539826
DMVVSNN,-0.6648123860359192,-4.339633464813232,0.5714285714285714,0.4285714285714285,0.0811251699924469,0.0
GYSRIVE,0.5609005689620972,0.617622971534729,0.5714285714285714,0.4285714285714285,0.6019482612609863,0.4519482612609863
YYYRSPD,-1.8367435932159424,0.43135300278663635,0.5714285714285714,0.1428571428571428,0.4294767081737518,0.2794767081737518
PHSMVNN,-0.25498950481414795,-4.398172378540039,0.5714285714285714,0.4285714285714285,0.0749749094247818,0.0
AYRFDEN,-1.0896860361099243,-1.3001669645309448,0.7142857142857143,0.4285714285714285,0.4004599153995514,0.3004599153995514
IGDYNHN,-0.0750807523727417,-2.8454391956329346,0.7142857142857143,0.5714285714285714,0.2381093502044677,0.1381093502044678
HMHRRLN,-3.8175528049468994,0.8358669877052307,0.5714285714285714,0.2857142857142857,0.2101282030344009,0.0601282030344009
VVHRSEG,1.315637230873108,-1.5628169775009155,0.5714285714285714,0.2857142857142857,0.3728651702404022,0.2228651702404022
QYLIIPN,-2.5945587158203125,-2.354762554168701,0.5714285714285714,0.4285714285714285,0.2896611988544464,0.1396611988544464
TTFKFPV,-1.074178695678711,-1.9139324426651,0.5714285714285714,0.7142857142857143,0.3359760344028473,0.1859760344028473
SVHPIDN,-0.3233523368835449,-4.014948844909668,0.7142857142857143,0.4285714285714285,0.1152374371886253,0.0152374371886253
QYMSSGH,0.635850727558136,-3.073173999786377,0.7142857142857143,0.4285714285714285,0.2141829133033752,0.1141829133033752
AYTRLMN,-0.7273631691932678,1.606869101524353,0.4285714285714285,0.2857142857142857,0.552325963973999,0.352325963973999
VSESAYN,-1.0529279708862305,-3.767974376678467,0.5714285714285714,0.4285714285714285,0.1411852538585662,0.0
VYVRGVN,0.4553107023239136,2.272043466567993,0.4285714285714285,0.2857142857142857,0.6832915544509888,0.4832915544509888
IYHRSNV,0.35124310851097107,2.0466389656066895,0.4285714285714285,0.1428571428571428,0.6717674136161804,0.4717674136161804
QMRCQAI,-4.210599899291992,-1.4898680448532104,0.7142857142857143,0.4285714285714285,0.1666034311056137,0.0666034311056137
YTEWQNN,-1.576137900352478,-0.7678906917572021,0.5714285714285714,0.4285714285714285,0.4563823342323303,0.3063823342323303
MDSRTMY,-0.1633831411600113,-1.794529676437378,0.5714285714285714,0.5714285714285714,0.348520815372467,0.198520815372467
YSRRMMC,-3.9423258304595947,0.8628619313240051,0.4285714285714285,0.2857142857142857,0.1963112354278564,0.0
NYHNSPP,1.1881113052368164,-2.3749237060546875,0.5714285714285714,0.4285714285714285,0.2875430285930633,0.1375430285930633
YSQRQGN,2.1848134994506836,-2.5893025398254395,0.5714285714285714,0.1428571428571428,0.2650197744369507,0.1150197744369506
NYHCVHN,-4.078746318817139,-0.8318967819213867,0.7142857142857143,0.4285714285714285,0.181204468011856,0.081204468011856
SSEQSYN,-1.5599230527877808,-2.839447498321533,0.5714285714285714,0.4285714285714285,0.238738864660263,0.088738864660263
YYVRTPV,-2.3430891036987305,0.6632944345474243,0.4285714285714285,0.4285714285714285,0.3734056353569031,0.1734056353569031
VYIRSCN,-4.061886787414551,1.828955054283142,0.4285714285714285,0.2857142857142857,0.1830714493989944,0.0
LWHRGPM,-2.2283613681793213,0.7630518078804016,0.5714285714285714,0.4285714285714285,0.3861102163791656,0.2361102163791656
YSESRAN,1.217212200164795,-2.728482961654663,0.5714285714285714,0.2857142857142857,0.2503970861434936,0.1003970861434936
QYHRLNC,-4.0627031326293945,1.2801761627197266,0.7142857142857143,0.2857142857142857,0.1829810440540313,0.0829810440540313
YAENNLP,-0.30993130803108215,-4.03742790222168,0.5714285714285714,0.5714285714285714,0.11287572234869,0.0
FVHMYNN,-3.2747838497161865,-1.207646369934082,0.7142857142857143,0.4285714285714285,0.2702327072620392,0.1702327072620392
KCHNLIK,-3.792309045791626,-0.13963811099529266,0.7142857142857143,0.5714285714285714,0.2129236161708831,0.1129236161708831
VYWKIND,-2.9249680042266846,1.4427047967910767,0.7142857142857143,0.2857142857142857,0.3089702129364013,0.2089702129364014
SYTPANN,0.4915733337402344,-3.3695619106292725,0.7142857142857143,0.2857142857142857,0.1830435693264007,0.0830435693264007
DLNRHSN,1.1440225839614868,-3.590390682220459,0.7142857142857143,0.2857142857142857,0.1598426848649978,0.0598426848649978
SPRYDEQ,-0.5505057573318481,-2.842231273651123,0.7142857142857143,0.5714285714285714,0.2384463846683502,0.1384463846683502
ATHRSSC,-3.5134177207946777,-0.050611406564712524,0.7142857142857143,0.2857142857142857,0.243807166814804,0.1438071668148041
YCRSSQN,-3.3076860904693604,1.6255409717559814,0.4285714285714285,0.2857142857142857,0.2665892243385315,0.0665892243385315
YYVSLGG,-2.173281669616699,0.014011899940669537,0.7142857142857143,0.2857142857142857,0.3922095596790313,0.2922095596790314
MKMLSNN,1.4233534336090088,-2.710421562194824,0.4285714285714285,0.4285714285714285,0.2522946894168854,0.0522946894168853
IYHRSGW,-2.066075563430786,1.4476929903030396,0.5714285714285714,0.1428571428571428,0.4040812253952026,0.2540812253952026
YYHDSEN,-1.6221201419830322,0.18554474413394928,0.5714285714285714,0.1428571428571428,0.4532434046268463,0.3032434046268463
IYHRIST,-0.4484391212463379,0.8125115633010864,0.5714285714285714,0.2857142857142857,0.5832131505012512,0.4332131505012512
QSSLGQD,-1.4275745153427124,-4.077457427978516,0.5714285714285714,0.2857142857142857,0.1086701080203056,0.0
RWSRKNS,-3.08127760887146,1.3352506160736084,0.7142857142857143,0.2857142857142857,0.2916609942913055,0.1916609942913055
WYTRSEN,-1.303777813911438,1.1426042318344116,0.4285714285714285,0.1428571428571428,0.4884956777095794,0.2884956777095795
VYVRANY,-1.8475087881088257,3.142646551132202,0.5714285714285714,0.2857142857142857,0.4282845854759216,0.2782845854759216
VYHRNSD,1.3138720989227295,0.34888043999671936,0.5714285714285714,0.2857142857142857,0.5737134218215942,0.4237134218215942
NFEWSAF,-4.093959808349609,-0.17686901986598969,0.7142857142857143,0.2857142857142857,0.179519772529602,0.079519772529602
YESRNMD,0.26182863116264343,-2.576284885406494,0.5714285714285714,0.4285714285714285,0.2663874626159668,0.1163874626159668
YWHRQGN,-2.1224770545959473,1.810550332069397,0.7142857142857143,0.1428571428571428,0.3978354930877685,0.2978354930877686
KYWSHTN,-2.716369152069092,0.32420334219932556,0.5714285714285714,0.2857142857142857,0.3320697844028473,0.1820697844028473
YHRSIGR,-3.754664182662964,0.6659940481185913,0.5714285714285714,0.4285714285714285,0.217092290520668,0.067092290520668
NYHRHSN,-0.38239675760269165,0.46100398898124695,0.5714285714285714,0.2857142857142857,0.5854933857917786,0.4354933857917785
NPSTSCS,-3.676619052886963,-0.47881683707237244,0.7142857142857143,0.5714285714285714,0.2257347702980041,0.1257347702980041
TYSPSSP,0.6597374081611633,-3.0370943546295166,0.5714285714285714,0.2857142857142857,0.217973530292511,0.0679735302925109
YSMSSEE,-0.25161510705947876,-3.0140910148620605,0.5714285714285714,0.4285714285714285,0.2203903347253799,0.0703903347253799
QYHIIND,-1.0610469579696655,-2.8678829669952393,0.7142857142857143,0.1428571428571428,0.2357513457536697,0.1357513457536697
MYHRSTN,0.7674655318260193,0.9361909627914429,0.4285714285714285,0.1428571428571428,0.6354178786277771,0.4354178786277771
YYTHSQM,-2.014378547668457,-0.8902877569198608,0.4285714285714285,0.2857142857142857,0.4098059833049774,0.2098059833049774
YSRLIDS,0.8645998239517212,2.056337356567383,0.4285714285714285,0.4285714285714285,0.728614866733551,0.5286148667335511
DSRTSNN,0.8178271055221558,-4.004005432128906,0.4285714285714285,0.2857142857142857,0.1163871809840202,0.0
SYFYGTN,-2.9231183528900146,-0.49824708700180054,0.5714285714285714,0.4285714285714285,0.309175044298172,0.159175044298172
DHRDGSK,1.4824732542037964,-2.9064977169036865,0.5714285714285714,0.4285714285714285,0.2316943705081939,0.0816943705081939
VHSRETN,1.7068355083465576,-2.147022247314453,0.5714285714285714,0.2857142857142857,0.3114869594573974,0.1614869594573974
QCHHGWN,-4.027846336364746,0.3434046804904938,0.7142857142857143,0.4285714285714285,0.1868409663438797,0.0868409663438797
LYTRSCN,-4.051653861999512,1.7833852767944336,0.4285714285714285,0.2857142857142857,0.1842046082019806,0.0
VYHRGSA,1.072234034538269,0.8619507551193237,0.5714285714285714,0.1428571428571428,0.6276180148124695,0.4776180148124694
NFHRYSR,-5.715098857879639,1.2624772787094116,0.7142857142857143,0.4285714285714285,0.0,0.0
YSSASNN,1.277923583984375,-3.4037253856658936,0.4285714285714285,0.2857142857142857,0.1794542670249939,0.0
WYTRDSN,-1.241831660270691,0.08472120761871338,0.5714285714285714,0.2857142857142857,0.4953553676605224,0.3453553676605224
YSSLSFA,-2.042814016342163,-0.277707040309906,0.5714285714285714,0.4285714285714285,0.4066571295261383,0.2566571295261383
QYSFNGV,-2.1506528854370117,-0.8214183449745178,0.7142857142857143,0.4285714285714285,0.3947153985500335,0.2947153985500336
YARSRIN,-2.4987001419067383,0.25640296936035156,0.2857142857142857,0.4285714285714285,0.3561737537384033,0.1061737537384033
GSPHVHI,-0.5074690580368042,-3.8026466369628906,0.5714285714285714,0.5714285714285714,0.1375424861907959,0.0
IMKRPSI,-2.1089835166931152,-1.1581714153289795,0.5714285714285714,0.4285714285714285,0.3993297219276428,0.2493297219276428
QYSSLNQ,0.1359746754169464,-2.33186936378479,0.7142857142857143,0.2857142857142857,0.2920664250850677,0.1920664250850677
TCHRAPM,-3.27632737159729,-0.44264528155326843,0.7142857142857143,0.4285714285714285,0.2700617909431457,0.1700617909431457
KYWVGSN,-2.7984249591827393,1.7064868211746216,0.5714285714285714,0.4285714285714285,0.3229831755161285,0.1729831755161285
VYARARN,-4.260507106781006,1.0905226469039917,0.5714285714285714,0.1428571428571428,0.1610768586397171,0.0110768586397171
IYKDFDS,-0.494313508272171,-1.5914520025253296,0.7142857142857143,0.4285714285714285,0.3698567152023315,0.2698567152023315
NYTRNNN,1.5028588771820068,-0.860431969165802,0.5714285714285714,0.1428571428571428,0.4466596841812134,0.2966596841812133
MYHLGSN,-0.5302828550338745,-1.4715149402618408,0.5714285714285714,0.2857142857142857,0.3824576437473297,0.2324576437473297
TCRGINN,-3.4044013023376465,0.3815205693244934,0.5714285714285714,0.2857142857142857,0.255879282951355,0.1058792829513549
QYRHSIN,-0.4669778048992157,0.48438870906829834,0.4285714285714285,0.2857142857142857,0.5811602473258972,0.3811602473258972
TEHYSNN,-0.7891988754272461,-3.7567994594573975,0.5714285714285714,0.2857142857142857,0.1423593312501907,0.0
YYMRGGN,-1.1626970767974854,0.28580164909362793,0.5714285714285714,0.1428571428571428,0.5041184425354004,0.3541184425354003
YWCSLGT,-4.442966938018799,1.8840707540512085,0.7142857142857143,0.4285714285714285,0.1408718377351761,0.040871837735176
TYTRSQN,0.8497716784477234,3.325004816055298,0.2857142857142857,0.1428571428571428,0.7269728183746338,0.4769728183746338
IYQWNNW,-3.0454046726226807,0.09133800119161606,0.5714285714285714,0.4285714285714285,0.2956334352493286,0.1456334352493286
SYRLYQD,-2.1301424503326416,0.7243687510490417,0.5714285714285714,0.4285714285714285,0.3969866633415222,0.2469866633415222
PYDSRSN,0.18720102310180664,-3.5621492862701416,0.7142857142857143,0.2857142857142857,0.1628098040819168,0.0628098040819168
SYHRTFD,-1.0441203117370605,0.47127947211265564,0.5714285714285714,0.4285714285714285,0.5172492861747742,0.3672492861747741
YFRSIPN,-1.0334551334381104,0.5879520773887634,0.4285714285714285,0.0,0.5184302926063538,0.3184302926063538
RYHWGNS,-3.2932043075561523,1.1236135959625244,0.5714285714285714,0.4285714285714285,0.2681928873062134,0.1181928873062133
IYHYHMN,-3.1395986080169678,-1.294929027557373,0.7142857142857143,0.4285714285714285,0.2852027118206024,0.1852027118206024
YSIDQQP,-0.3651260733604431,-3.968048334121704,0.7142857142857143,0.1428571428571428,0.120164930820465,0.020164930820465
CYNASAN,-3.694784164428711,-0.9121333956718445,0.7142857142857143,0.4285714285714285,0.223723217844963,0.123723217844963
VYHHSVC,-3.708395004272461,0.34854093194007874,0.5714285714285714,0.2857142857142857,0.2222159951925277,0.0722159951925277
YYARSCG,-3.5493125915527344,0.6176990270614624,0.5714285714285714,0.2857142857142857,0.2398322820663452,0.0898322820663452
TYSDQFN,-1.6367216110229492,-1.23555588722229,0.7142857142857143,0.4285714285714285,0.4072481393814087,0.3072481393814087
SYSRSEN,0.5977537631988525,2.2665903568267822,0.5714285714285714,0.1428571428571428,0.6990652084350586,0.5490652084350586
QSFRSAN,0.5613278746604919,-1.8568098545074463,0.5714285714285714,0.2857142857142857,0.3419774770736694,0.1919774770736694
YYSDLGN,-1.7761276960372925,-0.9790027141571045,0.7142857142857143,0.2857142857142857,0.4342023134231567,0.3342023134231567
EQSREKN,1.7828407287597656,-3.3298685550689697,0.7142857142857143,0.4285714285714285,0.1872138679027557,0.0872138679027557
QYSWAHQ,-3.1879637241363525,0.007684113457798958,0.7142857142857143,0.2857142857142857,0.2798469066619873,0.1798469066619873
QYAILNK,-0.4672415256500244,-3.2017581462860107,0.7142857142857143,0.2857142857142857,0.2006735056638717,0.1006735056638717
AHRRPAN,-2.552556276321411,0.01746133528649807,0.5714285714285714,0.4285714285714285,0.350209891796112,0.200209891796112
YSRIAAN,2.400623083114624,0.7344304919242859,0.2857142857142857,0.0,0.6142203211784363,0.3642203211784363
TYTKKDW,-0.4973888695240021,-0.5100757479667664,0.5714285714285714,0.5714285714285714,0.4834691286087036,0.3334691286087036
YSRSPHQ,0.7447096705436707,0.6552560925483704,0.5714285714285714,0.2857142857142857,0.6059021353721619,0.4559021353721618
NYLRSEN,0.48656636476516724,-0.4911302328109741,0.5714285714285714,0.2857142857142857,0.485459566116333,0.335459566116333
YYTRSNN,0.32029980421066284,-0.027679502964019775,0.4285714285714285,0.1428571428571428,0.534151017665863,0.3341510176658631
VYSRPWF,-3.6654255390167236,2.002495527267456,0.5714285714285714,0.2857142857142857,0.2269742935895919,0.0769742935895919
GYTRSDN,0.17166920006275177,-0.9117068648338318,0.4285714285714285,0.2857142857142857,0.4412726163864136,0.2412726163864136
GFRRSET,0.6286966800689697,-1.4613901376724243,0.5714285714285714,0.4285714285714285,0.3835213780403137,0.2335213780403137
QYDRSNN,0.5735337734222412,-0.904291033744812,0.5714285714285714,0.1428571428571428,0.4420517385005951,0.292051738500595
YSGDFNN,-1.4130743741989136,-1.5470316410064697,0.5714285714285714,0.2857142857142857,0.3745236396789551,0.224523639678955
SHHRLHW,-2.2841882705688477,-0.06243123859167099,0.7142857142857143,0.4285714285714285,0.3799281120300293,0.2799281120300293
TYKSSNN,2.031205892562866,-1.4041553735733032,0.4285714285714285,0.2857142857142857,0.3895346224308014,0.1895346224308014
VCHPQMP,-3.250945568084717,-1.4107279777526855,0.7142857142857143,0.5714285714285714,0.2728724777698517,0.1728724777698517
YQHASHN,1.1436479091644287,-2.7529027462005615,0.5714285714285714,0.2857142857142857,0.2478314936161041,0.0978314936161041
FYSRSMH,-1.6951106786727905,0.8471174836158752,0.5714285714285714,0.2857142857142857,0.4451606869697571,0.295160686969757
YHPRSIN,0.28607600927352905,-0.790113627910614,0.4285714285714285,0.2857142857142857,0.4540475606918335,0.2540475606918335
FYHMQAT,-2.1439132690429688,-1.4116132259368896,0.7142857142857143,0.4285714285714285,0.3887510895729065,0.2887510895729065
MYSHVNN,0.021759092807769775,-2.198920726776123,0.7142857142857143,0.1428571428571428,0.3060343861579895,0.2060343861579895
YHRVWEQ,-1.5020959377288818,0.8232505321502686,0.5714285714285714,0.2857142857142857,0.4665345549583435,0.3165345549583435
YYSHDTN,-0.7873491048812866,-1.4804943799972534,0.5714285714285714,0.1428571428571428,0.3815142214298248,0.2315142214298248
YSRSQAR,-3.424311876296997,0.6782222986221313,0.5714285714285714,0.1428571428571428,0.2536744475364685,0.1036744475364685
VEHRVPI,0.24437570571899414,-2.744227886199951,0.7142857142857143,0.4285714285714285,0.2487428933382034,0.1487428933382034
YHRVRVK,-2.9277048110961914,0.8123657703399658,0.5714285714285714,0.2857142857142857,0.3086671531200409,0.1586671531200409
ISSIVIS,-1.1358081102371216,-3.40643572807312,0.5714285714285714,0.5714285714285714,0.1791695058345794,0.0291695058345794
YSRSHGQ,0.3660648465156555,0.5055543184280396,0.5714285714285714,0.2857142857142857,0.5901740193367004,0.4401740193367004
RYGEPNI,-0.06028519943356514,-3.1297976970672607,0.7142857142857143,0.2857142857142857,0.2082338631153106,0.1082338631153106
SYRRTNN,-2.502617359161377,0.24693772196769714,0.5714285714285714,0.1428571428571428,0.3557399809360504,0.2057399809360504
YSAREVR,0.7339770793914795,-3.007859945297241,0.7142857142857143,0.4285714285714285,0.2210449874401092,0.1210449874401092
IYHKLPY,-0.9871156811714172,0.5036725997924805,0.5714285714285714,0.4285714285714285,0.5235617756843567,0.3735617756843566
YLRSQDR,0.3274250030517578,-1.0013917684555054,0.4285714285714285,0.4285714285714285,0.4318500757217407,0.2318500757217407
WYSSNNY,-2.4171078205108643,-0.7978322505950928,0.5714285714285714,0.2857142857142857,0.3652090430259704,0.2152090430259704
WYHGNNN,-1.7226415872573853,-0.019371243193745613,0.7142857142857143,0.2857142857142857,0.4421120285987854,0.3421120285987854
YSRSSNP,2.7124032974243164,1.3490700721740723,0.4285714285714285,0.1428571428571428,0.678796112537384,0.4787961125373841
VYSRFHN,-2.167973279953003,2.3637664318084717,0.5714285714285714,0.1428571428571428,0.3927974104881286,0.2427974104881286
IYSTRIP,0.3020597994327545,-1.6906490325927734,0.5714285714285714,0.4285714285714285,0.3594348132610321,0.2094348132610321
TYLRSEM,0.4064556956291199,-0.20241641998291016,0.5714285714285714,0.2857142857142857,0.5157926678657532,0.3657926678657531
WYIRNFN,-3.502253770828247,0.4697698950767517,0.7142857142857143,0.4285714285714285,0.2450434267520904,0.1450434267520904
PTNRESM,0.5618802309036255,-4.117283344268799,0.7142857142857143,0.5714285714285714,0.1044858917593956,0.0033564213663339
VNPRPPN,1.4512836933135986,-4.168210506439209,0.5714285714285714,0.2857142857142857,0.0991353392601013,0.0
IASRSRI,-2.857746124267578,-0.6000546216964722,0.4285714285714285,0.4285714285714285,0.3164141476154327,0.1164141476154327
TYHRSEN,0.6338901519775391,0.24771076440811157,0.4285714285714285,0.0,0.5630842447280884,0.3630842447280884
TYQRPSQ,0.3762601613998413,-1.1806570291519165,0.5714285714285714,0.4285714285714285,0.4130159914493561,0.263015991449356
CRNCDFN,-3.4211153984069824,-0.37102141976356506,0.7142857142857143,0.5714285714285714,0.2540284395217895,0.1540284395217895
WQHRSNV,-0.7660298347473145,-0.6676386594772339,0.5714285714285714,0.2857142857142857,0.466915100812912,0.3169151008129119
YSHRGNN,2.081707000732422,0.43517470359802246,0.4285714285714285,0.0,0.5827797651290894,0.3827797651290894
YQRVSNN,2.4421775341033936,-1.8714617490768433,0.2857142857142857,0.1428571428571428,0.3404380977153778,0.0904380977153778
QQARSNK,-3.599557638168335,-0.5030580163002014,0.7142857142857143,0.4285714285714285,0.234268307685852,0.134268307685852
YYERTMN,-0.5792515277862549,-1.0447256565093994,0.4285714285714285,0.2857142857142857,0.4272973239421844,0.2272973239421844
RTSADDN,-0.7296291589736938,-3.810753345489502,0.7142857142857143,0.2857142857142857,0.1366907805204391,0.0366907805204391
VYHRGQY,-1.4722377061843872,2.4238760471343994,0.4285714285714285,0.2857142857142857,0.469840943813324,0.269840943813324
HSRTNQN,1.4073926210403442,-2.3902578353881836,0.4285714285714285,0.1428571428571428,0.2859319746494293,0.0859319746494293
VYRKHHN,-3.0211734771728516,1.1182193756103516,0.7142857142857143,0.2857142857142857,0.2983167171478271,0.1983167171478271
AVSVTEY,-0.8769985437393188,-3.7334327697753906,0.7142857142857143,0.5714285714285714,0.1448142975568771,0.0448142975568771
SKFRSFG,-3.4185993671417236,-0.3995194137096405,0.5714285714285714,0.4285714285714285,0.2543070316314697,0.1043070316314697
YDRVGNN,1.1303775310516357,-1.7214030027389526,0.4285714285714285,0.2857142857142857,0.3562037050724029,0.1562037050724029
SYHRWAE,-2.5726778507232666,1.520226240158081,0.7142857142857143,0.2857142857142857,0.3479816913604736,0.2479816913604736
FYISSNN,-2.0697391033172607,-0.7935154438018799,0.5714285714285714,0.2857142857142857,0.4036755263805389,0.2536755263805389
VGHRSAG,1.528043270111084,-1.7028533220291138,0.5714285714285714,0.4285714285714285,0.3581525981426239,0.2081525981426239
GYHRSNN,0.8033221364021301,0.32225537300109863,0.5714285714285714,0.1428571428571428,0.5709160566329956,0.4209160566329956
YYRRSEN,-0.8751363158226013,1.265745759010315,0.4285714285714285,0.1428571428571428,0.5359620451927185,0.3359620451927185
SRHRPRT,-3.799259662628174,0.2882286608219147,0.7142857142857143,0.4285714285714285,0.2121539413928985,0.1121539413928985
YVECDEL,-3.7373156547546387,-0.19877107441425323,0.7142857142857143,0.4285714285714285,0.2190134227275848,0.1190134227275848
VPARRNN,-2.3598756790161133,-1.1440322399139404,0.5714285714285714,0.2857142857142857,0.3715467453002929,0.2215467453002929
MKFGSIN,1.1586834192276,-2.3922033309936523,0.5714285714285714,0.4285714285714285,0.2857275605201721,0.1357275605201721
ISSSDNH,-0.2014680802822113,-3.7984135150909424,0.7142857142857143,0.4285714285714285,0.1379872411489486,0.0379872411489486
TTDRSPK,0.49773135781288147,-3.063739061355591,0.7142857142857143,0.4285714285714285,0.2151741683483123,0.1151741683483123
WYSRSPN,-0.9491801261901855,0.5337883234024048,0.5714285714285714,0.1428571428571428,0.5277626514434814,0.3777626514434814
YYSWSIN,-3.252715826034546,1.6716389656066895,0.5714285714285714,0.2857142857142857,0.2726764678955078,0.1226764678955078
VAPHGPM,0.9339355230331421,-4.648856163024902,0.7142857142857143,0.2857142857142857,0.0486373789608478,0.0
CYSSGTN,-3.547649621963501,-0.730400562286377,0.4285714285714285,0.2857142857142857,0.2400164306163787,0.0400164306163788
NDSRSSN,0.26323896646499634,-3.645343065261841,0.5714285714285714,0.2857142857142857,0.1540692448616027,0.0040692448616027
QYVGNNN,0.4644621014595032,-3.112865924835205,0.7142857142857143,0.4285714285714285,0.2100127637386322,0.1100127637386322
APTFCAD,-3.807929515838623,-1.0019090175628662,0.7142857142857143,0.4285714285714285,0.2111938595771789,0.1111938595771789
TYTDQKY,-0.0487351156771183,-1.4922534227371216,0.7142857142857143,0.5714285714285714,0.3802787959575653,0.2802787959575653
QTHSSST,0.29400601983070374,-4.0439629554748535,0.7142857142857143,0.4285714285714285,0.1121891364455223,0.0121891364455223
ISLCHPN,-3.781322956085205,-0.8948238492012024,0.5714285714285714,0.4285714285714285,0.2141401916742324,0.0641401916742324
IYHRLNQ,-0.6069542765617371,1.34370756149292,0.7142857142857143,0.1428571428571428,0.5656597018241882,0.4656597018241882
YSLDNNQ,-0.37105628848075867,-3.275902271270752,0.5714285714285714,0.2857142857142857,0.1928837150335312,0.0428837150335311
IHSRIPL,-0.4922785758972168,-0.4830397367477417,0.7142857142857143,0.4285714285714285,0.4863095581531524,0.3863095581531525
MSAVNSC,-3.706970453262329,-1.1725821495056152,0.7142857142857143,0.4285714285714285,0.222373753786087,0.122373753786087
YHMRSEN,1.021014928817749,-0.4832572937011719,0.4285714285714285,0.2857142857142857,0.4862867295742035,0.2862867295742035
YSRQLNN,2.7105958461761475,2.0964601039886475,0.4285714285714285,0.1428571428571428,0.7573189735412598,0.5573189735412598
YQSRRNN,-2.393160581588745,-0.43259570002555847,0.5714285714285714,0.4285714285714285,0.36786088347435,0.2178608834743499
PYHENNW,-1.7303402423858643,-0.47739821672439575,0.7142857142857143,0.2857142857142857,0.4412594735622406,0.3412594735622406
YMRISSN,1.0994045734405518,-0.38166266679763794,0.4285714285714285,0.2857142857142857,0.4969605207443237,0.2969605207443238
SYYRKPS,-2.7821226119995117,0.5802391767501831,0.5714285714285714,0.4285714285714285,0.3247884511947632,0.1747884511947632
EYSHNNY,-1.1393487453460693,-1.394525408744812,0.7142857142857143,0.4285714285714285,0.3905463516712188,0.2905463516712189
AYLRDHC,-3.889800548553467,-0.6605324745178223,0.7142857142857143,0.4285714285714285,0.2021277248859405,0.1021277248859405
VYTNVDD,-0.5815359950065613,-2.068840265274048,0.5714285714285714,0.5714285714285714,0.3197009861469269,0.1697009861469268
GPHRDQD,0.9673473834991455,-3.528555393218994,0.7142857142857143,0.4285714285714285,0.1663392782211303,0.0663392782211303
YYRRPNN,-2.8849964141845703,0.8731944561004639,0.4285714285714285,0.1428571428571428,0.313396543264389,0.113396543264389
IARRAVF,-3.444230556488037,-1.117030382156372,0.7142857142857143,0.4285714285714285,0.2514687180519104,0.1514687180519104
QYASSNE,-0.5322568416595459,-3.624803304672241,0.7142857142857143,0.2857142857142857,0.1562272012233734,0.0562272012233734
YYHSRNH,-1.7357224225997925,-0.039452601224184036,0.7142857142857143,0.2857142857142857,0.4406634569168091,0.3406634569168091
IQVTSNM,-0.17127801477909088,-4.305509567260742,0.7142857142857143,0.5714285714285714,0.0847103223204612,0.0
YSRRSSN,-2.100688934326172,1.4132413864135742,0.4285714285714285,0.0,0.400248259305954,0.200248259305954
WSTRCVV,-3.7708098888397217,-0.2129707932472229,0.5714285714285714,0.4285714285714285,0.2153043746948242,0.0653043746948242
EASIAPQ,-1.0451922416687012,-5.11179256439209,0.7142857142857143,0.4285714285714285,0.0,0.0
FYTRLGN,-2.171274185180664,-0.04892468452453613,0.5714285714285714,0.2857142857142857,0.3924318552017212,0.2424318552017212
NRSLSST,1.074818730354309,-3.2130184173583984,0.5714285714285714,0.4285714285714285,0.1994904577732086,0.0494904577732086
SYHRGSN,0.20228393375873566,0.6639075875282288,0.5714285714285714,0.1428571428571428,0.6068110466003418,0.4568110466003418
IMSRSPP,1.899441123008728,-2.788200855255127,0.5714285714285714,0.2857142857142857,0.2441229671239853,0.0941229671239853
YYSRFNN,-1.325394868850708,0.16925983130931854,0.5714285714285714,0.2857142857142857,0.4861018061637878,0.3361018061637878
MYSRSNW,-1.8667049407958984,1.0739890336990356,0.5714285714285714,0.1428571428571428,0.4261589050292969,0.2761589050292968
ASSRALH,0.08182638138532639,-3.0642757415771484,0.7142857142857143,0.4285714285714285,0.2151177823543548,0.1151177823543548
YSTGSPA,0.9819002151489258,-4.4410247802734375,0.4285714285714285,0.2857142857142857,0.0704727172851562,0.0
YSRLGQN,2.523437738418579,2.67421555519104,0.2857142857142857,0.0,0.8180195093154907,0.5680195093154907
VYSYSGN,-1.4167531728744507,-0.29808685183525085,0.5714285714285714,0.1428571428571428,0.4759851098060608,0.3259851098060607
YSSGSVQ,0.7793041467666626,-3.630659580230713,0.5714285714285714,0.2857142857142857,0.1556119322776794,0.0056119322776794
IYSRSNN,1.209181785583496,3.098268508911133,0.4285714285714285,0.0,0.7667728066444397,0.5667728066444397
VYHMIGN,-1.9848637580871582,-0.8076446056365967,0.7142857142857143,0.2857142857142857,0.4130743741989136,0.3130743741989136
KYVMDPN,-0.21253883838653564,-0.4310881793498993,0.7142857142857143,0.4285714285714285,0.4917677640914917,0.3917677640914917
YSMATFC,-3.434847116470337,0.039464306086301804,0.5714285714285714,0.5714285714285714,0.2525078058242798,0.1025078058242797
IYHRTVF,-2.8881819248199463,0.8241371512413025,0.5714285714285714,0.2857142857142857,0.3130437731742859,0.1630437731742859
HYSRDTQ,-0.2594323754310608,-0.30553969740867615,0.7142857142857143,0.4285714285714285,0.5049582123756409,0.4049582123756409
SFCEGQT,-3.579707384109497,-1.4035017490386963,0.7142857142857143,0.5714285714285714,0.2364664524793625,0.1364664524793625
PQSANTG,0.47083383798599243,-4.360711574554443,0.7142857142857143,0.5714285714285714,0.0789106488227844,0.0
YYICAGT,-3.955068349838257,-0.07393109798431396,0.7142857142857143,0.4285714285714285,0.194900169968605,0.094900169968605
LSHASNY,0.7867574691772461,-3.117743730545044,0.5714285714285714,0.4285714285714285,0.2095002830028534,0.0595002830028534
YYIRFRN,-4.34286642074585,0.4188196063041687,0.7142857142857143,0.2857142857142857,0.1519566476345062,0.0519566476345062
YSRSLNN,2.0125224590301514,2.3630013465881348,0.4285714285714285,0.0,0.7853225469589233,0.5853225469589234
TPTRSEN,0.8234135508537292,-2.9365432262420654,0.5714285714285714,0.1428571428571428,0.2285377085208892,0.0785377085208892
IYSRNNG,1.2609935998916626,0.8615462183952332,0.5714285714285714,0.1428571428571428,0.6275754570960999,0.4775754570960998
HYYRQKN,-3.7950432300567627,0.7879570722579956,0.7142857142857143,0.4285714285714285,0.2126208543777465,0.1126208543777465
MASHSTN,0.4951615333557129,-3.9250495433807373,0.5714285714285714,0.2857142857142857,0.1246825084090232,0.0
YHHSMNL,-0.6918503046035767,-1.3878034353256226,0.5714285714285714,0.2857142857142857,0.3912525773048401,0.2412525773048401
GHSMSSN,-0.05234852805733681,-4.538142204284668,0.4285714285714285,0.4285714285714285,0.0602692924439907,0.0
VYTAGNN,0.5535011291503906,-2.8912832736968994,0.5714285714285714,0.2857142857142857,0.2332928478717804,0.0832928478717804
YSRVNAT,2.3273966312408447,0.11286939680576324,0.4285714285714285,0.2857142857142857,0.5489174127578735,0.3489174127578736
VNHTNGK,0.4096546769142151,-3.736555814743042,0.5714285714285714,0.5714285714285714,0.1444861739873886,0.0
VYETCQL,-3.9949424266815186,-0.543695330619812,0.5714285714285714,0.5714285714285714,0.1904846429824829,0.0404846429824829
VYHELYQ,-2.790344476699829,-0.5823481678962708,0.7142857142857143,0.2857142857142857,0.3238779902458191,0.2238779902458191
YMHRSIM,-2.06927227973938,-0.686873733997345,0.7142857142857143,0.2857142857142857,0.4037272334098816,0.3037272334098816
DWSRNNP,0.06336654722690582,-1.1326358318328857,0.7142857142857143,0.2857142857142857,0.418061226606369,0.318061226606369
IHHRNNN,-0.0299086757004261,-0.5945475101470947,0.5714285714285714,0.0,0.4745942950248718,0.3245942950248718
YSRAGWA,-2.2732555866241455,0.08617883920669556,0.4285714285714285,0.2857142857142857,0.3811387717723846,0.1811387717723846
WYSAQVN,-2.0926706790924072,-0.4475342929363251,0.5714285714285714,0.4285714285714285,0.4011361598968506,0.2511361598968505
RYRKPRN,-4.048650741577148,1.033332109451294,0.7142857142857143,0.2857142857142857,0.1845371574163437,0.0845371574163437
YSHQSNY,0.06566115468740463,-1.4223015308380127,0.5714285714285714,0.2857142857142857,0.3876281380653381,0.2376281380653381
YEKRVNN,1.5057792663574219,-2.7030465602874756,0.5714285714285714,0.4285714285714285,0.253069519996643,0.103069519996643
MYHRTNN,0.5855444073677063,0.9806296825408936,0.5714285714285714,0.1428571428571428,0.6400867700576782,0.4900867700576782
LCEMEAN,-4.289531230926514,-0.9878672957420349,0.5714285714285714,0.5714285714285714,0.1578628271818161,0.0078628271818161
SYSREVN,1.0139826536178589,0.751307487487793,0.5714285714285714,0.1428571428571428,0.6159934997558594,0.4659934997558593
EFYGGHQ,-1.5862219333648682,-3.163668155670166,0.7142857142857143,0.5714285714285714,0.2046753466129303,0.1046753466129303
VHHHSSN,-0.21068061888217926,-1.4713777303695679,0.4285714285714285,0.2857142857142857,0.3824720382690429,0.1824720382690429
WAYQGQN,-1.9172842502593994,-1.249708652496338,0.5714285714285714,0.1428571428571428,0.4057612121105194,0.2557612121105194
YLHGCNN,-4.024517059326172,-0.07647112756967545,0.5714285714285714,0.2857142857142857,0.1872096508741378,0.0372096508741378
IYRNSKE,1.7500550746917725,-2.0602939128875732,0.5714285714285714,0.1428571428571428,0.3205989003181457,0.1705989003181457
VSRAGNI,2.312237501144409,-2.7774441242218018,0.5714285714285714,0.2857142857142857,0.245253100991249,0.095253100991249
YDRGQPN,0.7570540904998779,-0.8360992074012756,0.2857142857142857,0.2857142857142857,0.4492161870002746,0.1992161870002746
SDSRINV,0.28195327520370483,-3.0804173946380615,0.5714285714285714,0.2857142857142857,0.2134218961000442,0.0634218961000442
VYQRMAL,-1.463041067123413,-1.1201417446136475,0.5714285714285714,0.4285714285714285,0.419373869895935,0.269373869895935
APTRHQV,1.1629784107208252,-2.9750285148620605,0.5714285714285714,0.2857142857142857,0.2244943380355835,0.0744943380355835
WYRRSEN,-1.7265673875808716,0.8333526253700256,0.5714285714285714,0.2857142857142857,0.4416773021221161,0.291677302122116
MYPRQSW,-1.8604626655578613,0.6405322551727295,0.7142857142857143,0.4285714285714285,0.4268501400947571,0.3268501400947571
VYERSSN,1.0395504236221313,-0.9705896973609924,0.4285714285714285,0.1428571428571428,0.4350862503051758,0.2350862503051758
VYQMPSN,0.11492528766393661,-2.8525357246398926,0.7142857142857143,0.4285714285714285,0.2373637706041336,0.1373637706041336
SYSRLGN,0.6304323673248291,1.6012439727783203,0.5714285714285714,0.1428571428571428,0.7026839852333069,0.5526839852333069
QYSFSNA,-1.5595530271530151,-0.7112794518470764,0.5714285714285714,0.1428571428571428,0.4601719081401825,0.3101719081401825
DPHYSNF,-1.9259300231933594,-1.6731420755386353,0.7142857142857143,0.4285714285714285,0.3612741529941559,0.2612741529941559
VYHRSGI,0.5000339150428772,1.1288447380065918,0.4285714285714285,0.1428571428571428,0.6556586027145386,0.4556586027145386
YWQEANQ,-2.0100257396698,-0.004137513693422079,0.7142857142857143,0.1428571428571428,0.410288006067276,0.310288006067276
TYINSYN,-2.4976565837860107,-0.9824590086936951,0.5714285714285714,0.4285714285714285,0.3562893271446228,0.2062893271446228
YLTRVNN,0.9335389733314514,-1.604297399520874,0.5714285714285714,0.2857142857142857,0.3685071468353271,0.2185071468353271
VYTRVAN,0.871374249458313,1.594703197479248,0.4285714285714285,0.1428571428571428,0.7046030163764954,0.5046030163764954
HDTAQQY,-0.21363547444343567,-4.177497863769531,0.7142857142857143,0.5714285714285714,0.0981595888733863,0.0
VYNLCLQ,-3.5094921588897705,-1.2493091821670532,0.7142857142857143,0.5714285714285714,0.244241863489151,0.144241863489151
WSRWPAR,-4.154040813446045,0.6026914715766907,0.5714285714285714,0.4285714285714285,0.1728665977716446,0.0228665977716445
LARYKAN,-2.945249080657959,-0.9576635360717773,0.4285714285714285,0.4285714285714285,0.306724339723587,0.106724339723587
YVGYSGF,-2.8002161979675293,-0.5887405276298523,0.5714285714285714,0.2857142857142857,0.3227848410606384,0.1727848410606384
QYSSSTN,0.9021266102790833,-2.975966691970825,0.5714285714285714,0.1428571428571428,0.2243957817554474,0.0743957817554474
SEKRVNN,0.7320770621299744,-2.9842028617858887,0.7142857142857143,0.4285714285714285,0.2235304564237594,0.1235304564237594
KCRESPK,-4.080409526824951,0.09574604034423828,0.7142857142857143,0.5714285714285714,0.1810202896595001,0.0810202896595001
YSIDMCY,-4.000688552856445,-0.6652312874794006,0.7142857142857143,0.2857142857142857,0.1898483335971832,0.0898483335971832
FYSRSFN,-2.6141555309295654,0.9369796514511108,0.5714285714285714,0.1428571428571428,0.3433885872364044,0.1933885872364044
CHNVINN,-3.4272701740264893,-0.9277974367141724,0.5714285714285714,0.2857142857142857,0.2533468604087829,0.1033468604087829
NYSRAIN,1.2283384799957275,0.2868770956993103,0.7142857142857143,0.1428571428571428,0.567199170589447,0.467199170589447
VDRSPSE,0.05757051706314087,-3.870666265487671,0.7142857142857143,0.4285714285714285,0.130396157503128,0.030396157503128
DECRSGN,-4.604954719543457,-0.9200220108032227,0.7142857142857143,0.4285714285714285,0.1229338273406028,0.0229338273406028
VYAPAAI,-0.7004316449165344,-1.5290602445602417,0.7142857142857143,0.4285714285714285,0.3764117658138275,0.2764117658138275
VYHRMSN,0.21502751111984253,1.1479365825653076,0.4285714285714285,0.1428571428571428,0.6566833257675171,0.4566833257675171
TYVRSAR,-3.4923737049102783,0.720497727394104,0.5714285714285714,0.2857142857142857,0.2461375147104263,0.0961375147104263
SSRSQNN,1.5350228548049927,-3.099884510040283,0.5714285714285714,0.1428571428571428,0.2113766223192215,0.0613766223192215
YGIVQIN,-0.9649477005004883,-1.1810861825942993,0.7142857142857143,0.2857142857142857,0.4129709005355835,0.3129709005355835
YYRSPNN,0.1258929967880249,0.27886736392974854,0.4285714285714285,0.2857142857142857,0.5663576126098633,0.3663576126098633
AYFSKNN,0.6849528551101685,-1.4256757497787476,0.7142857142857143,0.4285714285714285,0.3872736096382141,0.2872736096382141
YCRISNQ,-3.4101052284240723,-0.37687841057777405,0.4285714285714285,0.2857142857142857,0.2552476525306701,0.0552476525306701
HSRSSMN,0.8833314776420593,-2.1063411235809326,0.4285714285714285,0.1428571428571428,0.3157610297203064,0.1157610297203064
SYGVALS,-0.7247669696807861,-1.6564676761627197,0.7142857142857143,0.5714285714285714,0.3630259931087494,0.2630259931087494
IYRQCFS,-4.317023754119873,0.989852786064148,0.7142857142857143,0.4285714285714285,0.1548183858394622,0.0548183858394622
PYVRLWE,-3.5566725730895996,2.062734365463257,0.7142857142857143,0.2857142857142857,0.2390172630548477,0.1390172630548477
CQHSDNF,-3.481257915496826,-0.7321131825447083,0.7142857142857143,0.4285714285714285,0.2473684400320053,0.1473684400320053
ELTWPSN,-3.5284204483032227,0.503984272480011,0.7142857142857143,0.4285714285714285,0.2421458065509796,0.1421458065509796
SFSRSQN,0.5259203314781189,0.3540492355823517,0.5714285714285714,0.2857142857142857,0.5742564797401428,0.4242564797401428
RSYVSNN,-0.30027487874031067,1.458039402961731,0.5714285714285714,0.2857142857142857,0.5996204018592834,0.4496204018592834
YHHCQNT,-3.552985191345215,-0.5931307077407837,0.5714285714285714,0.2857142857142857,0.2394255846738815,0.0894255846738815
YHHLQEE,-0.28568464517593384,-2.462177276611328,0.5714285714285714,0.4285714285714285,0.2783759236335754,0.1283759236335754
YSIDQQD,-0.4573146402835846,-3.6155333518981934,0.5714285714285714,0.1428571428571428,0.1572011262178421,0.0072011262178421
WQERCVN,-3.290031671524048,-0.8196644186973572,0.5714285714285714,0.5714285714285714,0.2685442268848419,0.1185442268848419
YHYSSAY,-2.3617782592773438,0.3457892835140228,0.5714285714285714,0.2857142857142857,0.3713360428810119,0.2213360428810119
AYQSSEN,-0.7157098650932312,-2.182192802429199,0.5714285714285714,0.2857142857142857,0.3077918589115143,0.1577918589115143
YYLCRTS,-4.403596878051758,0.32522666454315186,0.7142857142857143,0.4285714285714285,0.1452315598726272,0.0452315598726272
YVARSTH,0.6493843793869019,-1.810117244720459,0.5714285714285714,0.2857142857142857,0.3468831479549408,0.1968831479549408
VSSRSKS,-3.048835039138794,-0.9185487627983093,0.5714285714285714,0.4285714285714285,0.295253574848175,0.145253574848175
NEMMWEN,-3.0504486560821533,-1.961671233177185,0.7142857142857143,0.5714285714285714,0.2950748801231384,0.1950748801231384
VYHRSEF,-0.5937826037406921,2.8017687797546387,0.4285714285714285,0.2857142857142857,0.5671182870864868,0.3671182870864868
YYHISDN,-2.333122968673706,0.1559986174106598,0.5714285714285714,0.2857142857142857,0.3745092451572418,0.2245092451572418
HREPGNN,1.3704472780227661,-3.5157957077026367,0.7142857142857143,0.4285714285714285,0.1676798462867736,0.0676798462867736
SYFMGSI,-3.376511573791504,-0.5006795525550842,0.7142857142857143,0.1428571428571428,0.2589676976203918,0.1589676976203918
YYHRLWF,-3.780792713165283,1.0071794986724854,0.7142857142857143,0.2857142857142857,0.2141989022493362,0.1141989022493362
IHGRMQI,-0.16013674437999725,0.044499777257442474,0.7142857142857143,0.5714285714285714,0.5417343378067017,0.4417343378067017
YSRLINA,1.6550577878952026,1.1724721193313599,0.4285714285714285,0.2857142857142857,0.6602421998977661,0.4602421998977661
YVHRHQE,0.924824595451355,-0.6967013478279114,0.7142857142857143,0.2857142857142857,0.4638616740703583,0.3638616740703583
AYTRPTI,0.7262487411499023,0.8531502485275269,0.5714285714285714,0.2857142857142857,0.6266934275627136,0.4766934275627136
YISRSEL,0.4380013942718506,-0.8660309910774231,0.7142857142857143,0.2857142857142857,0.446071445941925,0.346071445941925
GISSGFN,-0.06264527142047882,-3.5987114906311035,0.5714285714285714,0.4285714285714285,0.1589684784412384,0.0089684784412384
SLESGNN,-0.5077608823776245,-4.073278427124023,0.5714285714285714,0.4285714285714285,0.1091091707348823,0.0
IYSRSKN,-2.865546941757202,0.9491302967071533,0.4285714285714285,0.1428571428571428,0.315550297498703,0.115550297498703
YSHRTWT,-2.905277967453003,0.7328535318374634,0.5714285714285714,0.4285714285714285,0.3111506104469299,0.1611506104469299
YTHEWAV,-2.61370849609375,-0.8342807292938232,0.7142857142857143,0.2857142857142857,0.3434380888938904,0.2434380888938904
IYHRSAN,0.5817400217056274,1.5826431512832642,0.5714285714285714,0.1428571428571428,0.697291910648346,0.5472919106483459
YRRSWQN,-3.6685898303985596,0.09596636146306992,0.4285714285714285,0.2857142857142857,0.2266238927841186,0.0266238927841186
YYHVRPV,-2.24902606010437,0.10550421476364136,0.5714285714285714,0.4285714285714285,0.3838218748569488,0.2338218748569488
SYHNSNN,0.16027985513210297,-2.139820098876953,0.5714285714285714,0.1428571428571428,0.312243640422821,0.162243640422821
YVHSSAH,0.3430952727794647,-2.3578379154205322,0.5714285714285714,0.4285714285714285,0.289338082075119,0.139338082075119
MHSPHQL,0.2898273468017578,-3.136910915374756,0.7142857142857143,0.5714285714285714,0.2074865251779556,0.1074865251779556
HLFVWGN,-4.921361923217773,0.2960117757320404,0.7142857142857143,0.4285714285714285,0.0878959000110626,0.0
YYIRCNN,-4.260511875152588,0.9480363726615906,0.5714285714285714,0.2857142857142857,0.1610763370990753,0.0110763370990753
QSVKFRE,1.3408241271972656,-2.9142024517059326,0.7142857142857143,0.5714285714285714,0.2308848947286605,0.1308848947286606
IYSRFAN,-2.550694465637207,1.7591122388839722,0.5714285714285714,0.1428571428571428,0.3504160642623901,0.2004160642623901
TYYISYN,-3.5689659118652344,0.8105274438858032,0.5714285714285714,0.4285714285714285,0.2376559376716613,0.0876559376716613
PHHSKAQ,0.6665793657302856,-1.7613096237182617,0.7142857142857143,0.5714285714285714,0.3520109951496124,0.2520109951496124
VSYDIIA,-1.7415231466293335,-1.6184682846069336,0.7142857142857143,0.5714285714285714,0.367018312215805,0.2670183122158051
QYHLNAP,0.19247949123382568,-2.115323305130005,0.7142857142857143,0.4285714285714285,0.3148173391819,0.2148173391819
IYSRSNH,-0.1801963746547699,1.3671164512634277,0.4285714285714285,0.1428571428571428,0.6129174828529358,0.4129174828529358
SSQRVNN,1.065842628479004,-3.8007216453552246,0.5714285714285714,0.1428571428571428,0.13774473965168,0.0
YYFRWGS,-4.433408260345459,1.1516687870025635,0.5714285714285714,0.2857142857142857,0.141930341720581,0.0
VYGCANN,-3.3979856967926025,-1.1763029098510742,0.7142857142857143,0.2857142857142857,0.2565897405147552,0.1565897405147552
TSRCCFN,-4.002305030822754,0.6859393119812012,0.5714285714285714,0.5714285714285714,0.1896693408489227,0.0396693408489227
YYSRQVN,-0.8079078197479248,-0.18994800746440887,0.5714285714285714,0.1428571428571428,0.5171025991439819,0.3671025991439819
YYSRKNF,-2.0788209438323975,0.515687882900238,0.7142857142857143,0.1428571428571428,0.4026698470115661,0.3026698470115662
TYSRCYY,-4.536099910736084,1.8318736553192139,0.7142857142857143,0.2857142857142857,0.1305585950613021,0.0305585950613021
IYHRGSK,-3.887221097946167,0.9728505611419678,0.5714285714285714,0.1428571428571428,0.2024133652448654,0.0524133652448654
VSHKGLC,-3.168356418609619,-0.8075931072235107,0.7142857142857143,0.4285714285714285,0.2820181548595428,0.1820181548595428
QYSRSNE,0.8811636567115784,1.7570844888687134,0.5714285714285714,0.1428571428571428,0.721663236618042,0.571663236618042
AHTRGNT,0.855697512626648,-2.9512054920196533,0.5714285714285714,0.4285714285714285,0.2269972562789917,0.0769972562789917
TMHRSQN,0.9024947285652161,-0.8778966665267944,0.5714285714285714,0.1428571428571428,0.4448248147964477,0.2948248147964477
IYRSQNN,1.438733458518982,-1.1589109897613525,0.5714285714285714,0.1428571428571428,0.4153006672859192,0.2653006672859191
DDTTANN,-0.7645038962364197,-4.882242202758789,0.7142857142857143,0.4285714285714285,0.0241171959787607,0.0
YYCASNV,-3.9688453674316406,0.6660879850387573,0.5714285714285714,0.2857142857142857,0.1933745592832565,0.0433745592832565
MTFKTWD,-1.8010436296463013,-0.9983645677566528,0.5714285714285714,0.5714285714285714,0.4321681261062622,0.2821681261062622
YYFRSID,-2.973667621612549,0.5534836649894714,0.5714285714285714,0.2857142857142857,0.3035773634910583,0.1535773634910583
YRHLKNY,-3.7158923149108887,0.3118113577365875,0.5714285714285714,0.4285714285714285,0.2213857620954513,0.0713857620954513
YMHWMDV,-3.2169601917266846,-0.35399556159973145,0.7142857142857143,0.4285714285714285,0.2766359150409698,0.1766359150409698
VYTIALI,-1.635491132736206,-0.3848854601383209,0.5714285714285714,0.4285714285714285,0.4517627954483032,0.3017627954483032
MYSRELN,0.32583779096603394,0.2964699864387512,0.7142857142857143,0.2857142857142857,0.5682070255279541,0.4682070255279541
HHARSNN,0.36936450004577637,-0.5425109267234802,0.4285714285714285,0.2857142857142857,0.4800613522529602,0.2800613522529602
VYTEEPN,-0.7877421379089355,-2.673391103744507,0.5714285714285714,0.4285714285714285,0.2561852037906647,0.1061852037906646
YHRLGND,2.4056155681610107,2.9005753993988037,0.1428571428571428,0.2857142857142857,0.8418015837669373,0.5418015837669372
YYVIMMA,-3.2074902057647705,0.7786590456962585,0.7142857142857143,0.2857142857142857,0.277684599161148,0.1776845991611481
AYYVSND,-2.4775278568267822,-1.171819806098938,0.7142857142857143,0.2857142857142857,0.3585183024406433,0.2585183024406433
IYRNQNN,1.0323410034179688,-1.6194859743118286,0.5714285714285714,0.2857142857142857,0.3669114112854004,0.2169114112854004
KYWSHTN,-2.716369152069092,0.32420334219932556,0.5714285714285714,0.2857142857142857,0.3320697844028473,0.1820697844028473
YSRSPTN,2.438969373703003,1.96479332447052,0.2857142857142857,0.0,0.743485689163208,0.493485689163208
TYSRSND,1.114092230796814,0.9427774548530579,0.5714285714285714,0.1428571428571428,0.6361098885536194,0.4861098885536193
PISRSFM,-0.8643875122070312,-1.2306050062179565,0.5714285714285714,0.2857142857142857,0.4077682793140411,0.2577682793140411
AEPVSQN,-0.9945781826972961,-4.799259185791016,0.7142857142857143,0.4285714285714285,0.0328356213867664,0.0
IYSIHQC,-3.5541276931762695,-0.8661350011825562,0.5714285714285714,0.4285714285714285,0.2392990738153457,0.0892990738153457
YSMRENN,1.3856006860733032,-3.2238407135009766,0.5714285714285714,0.1428571428571428,0.1983534395694732,0.0483534395694732
LYGRTRN,-3.3090007305145264,-0.2744698226451874,0.5714285714285714,0.4285714285714285,0.2664436399936676,0.1164436399936676
YTRYQKN,-2.515300750732422,0.2428479641675949,0.5714285714285714,0.0,0.3543354570865631,0.2043354570865631
HYHRLNN,-1.3557946681976318,0.7830286622047424,0.7142857142857143,0.1428571428571428,0.4827354848384857,0.3827354848384857
VSRTANN,2.2047176361083984,-3.266657590866089,0.4285714285714285,0.2857142857142857,0.1938549876213073,0.0
MSSRGEN,0.8978615403175354,-3.606721878051758,0.5714285714285714,0.2857142857142857,0.1581268906593322,0.0081268906593322
QSKRVNN,-2.575310468673706,-0.4914376735687256,0.5714285714285714,0.2857142857142857,0.3476901650428772,0.1976901650428772
QCYRLNM,-4.280341625213623,-0.4953630864620209,0.8571428571428571,0.4285714285714285,0.1588804423809051,0.1088804423809051
NYSRQSS,1.6395717859268188,0.11745942384004593,0.5714285714285714,0.4285714285714285,0.5493996739387512,0.3993996739387512
PPRKNMR,-3.795166492462158,-0.17819033563137054,0.5714285714285714,0.4285714285714285,0.212607204914093,0.062607204914093
DSRAQSN,0.8003992438316345,-3.6149985790252686,0.5714285714285714,0.2857142857142857,0.1572573184967041,0.0072573184967041
MYHRSAN,0.6538687348365784,0.9335377216339111,0.5714285714285714,0.1428571428571428,0.6351391077041626,0.4851391077041626
QWHWSTN,-3.268763303756714,0.7253528237342834,0.5714285714285714,0.4285714285714285,0.2708994150161743,0.1208994150161743
THSMQND,-0.24785815179347992,-5.042041778564453,0.7142857142857143,0.4285714285714285,0.0073282103985548,0.0
KPHRSNT,-3.1366868019104004,0.1209438145160675,0.7142857142857143,0.0,0.2855251431465149,0.1855251431465149
TYTRKTN,-2.212428331375122,0.15646111965179443,0.5714285714285714,0.1428571428571428,0.387874573469162,0.237874573469162
MYHHGFG,-1.3041815757751465,-0.38576540350914,0.5714285714285714,0.5714285714285714,0.4884509444236755,0.3384509444236755
VYTEQNP,-0.5866881608963013,-3.0809154510498047,0.4285714285714285,0.4285714285714285,0.2133695632219314,0.0133695632219314
YRTHEHE,0.849162757396698,-2.204645872116089,0.8571428571428571,0.2857142857142857,0.3054328858852386,0.2554328858852386
WNHRGIS,-0.10122496634721756,-2.0849997997283936,0.7142857142857143,0.4285714285714285,0.3180032074451446,0.2180032074451446
CYSRSEL,-4.047547340393066,1.7328370809555054,0.5714285714285714,0.1428571428571428,0.1846593469381332,0.0346593469381332
YARAGNN,2.4549100399017334,0.8911917805671692,0.2857142857142857,0.1428571428571428,0.6306901574134827,0.3806901574134826
ANHWLVN,-2.4910919666290283,-1.2410751581192017,0.7142857142857143,0.4285714285714285,0.3570162653923034,0.2570162653923035
TTNRSNN,1.6679521799087524,-3.434502124786377,0.5714285714285714,0.2857142857142857,0.1762207746505737,0.0262207746505737
PTSISYG,-0.8160881400108337,-2.1736690998077393,0.5714285714285714,0.0,0.3086873888969421,0.1586873888969421
RKWRINN,-3.9275619983673096,-0.07675094157457352,0.7142857142857143,0.2857142857142857,0.1979461461305618,0.0979461461305618
DSHRSNN,1.0410419702529907,-2.7349472045898438,0.5714285714285714,0.1428571428571428,0.2497179508209228,0.0997179508209228
IYYRPPI,-3.674868106842041,1.0356122255325317,0.5714285714285714,0.4285714285714285,0.2259286642074585,0.0759286642074585
ATSRDWN,-0.6341491937637329,-0.8719522356987,0.7142857142857143,0.4285714285714285,0.4454493820667267,0.3454493820667267
CMFRPNS,-3.588874340057373,-0.18038330972194672,0.5714285714285714,0.4285714285714285,0.235451340675354,0.085451340675354
IYHYPMG,-3.1877026557922363,-0.7041094899177551,0.5714285714285714,0.4285714285714285,0.2798758149147033,0.1298758149147033
YCDRFLV,-3.7071611881256104,-0.7324317097663879,0.7142857142857143,0.2857142857142857,0.2223526239395141,0.1223526239395141
LSVICNN,-3.5466482639312744,-1.2126845121383667,0.4285714285714285,0.2857142857142857,0.2401273101568222,0.0401273101568222
MYVFKSK,-3.959545850753784,-0.036142103374004364,0.5714285714285714,0.5714285714285714,0.1944043487310409,0.0444043487310409
SYHRVGN,-0.7995356917381287,1.3755133152008057,0.5714285714285714,0.0,0.544333815574646,0.394333815574646
YSRHSQN,1.7079581022262573,1.2760838270187378,0.4285714285714285,0.1428571428571428,0.67112797498703,0.4711279749870301
NSWSSNH,-0.8286309838294983,-2.6563663482666016,0.7142857142857143,0.4285714285714285,0.2579738795757293,0.1579738795757294
DYWKGAN,-1.9529911279678345,0.02454272098839283,0.7142857142857143,0.4285714285714285,0.4166038334369659,0.3166038334369659
NFLVSNN,-1.093559741973877,-4.1637067794799805,0.5714285714285714,0.4285714285714285,0.0996085181832313,0.0
VYTFMNN,-2.9948208332061768,0.4676946699619293,0.5714285714285714,0.2857142857142857,0.3012349307537079,0.1512349307537079
RYTYDQV,-2.497645378112793,1.3154783248901367,0.5714285714285714,0.5714285714285714,0.3562905490398407,0.2062905490398407
GKMRRIN,-3.8058886528015137,0.2892529368400574,0.7142857142857143,0.2857142857142857,0.211419865489006,0.111419865489006
YYRKNSE,0.026020236313343048,0.3031032681465149,0.5714285714285714,0.1428571428571428,0.5689039826393127,0.4189039826393127
WSHCIND,-2.7580013275146484,-1.1833782196044922,0.7142857142857143,0.4285714285714285,0.3274595737457275,0.2274595737457275
YVAVGEM,-1.9031130075454712,-1.698740005493164,0.7142857142857143,0.4285714285714285,0.3585847318172455,0.2585847318172455
YGSSVNN,0.7615241408348083,-3.3836302757263184,0.5714285714285714,0.2857142857142857,0.1815655082464218,0.0315655082464218
IYTLLAN,-2.1927571296691895,-0.9120714664459229,0.7142857142857143,0.4285714285714285,0.3900529146194458,0.2900529146194458
FYSRHNN,-1.0748889446258545,-0.0041009667329490185,0.7142857142857143,0.1428571428571428,0.5138421058654785,0.4138421058654785
IYHRSEN,0.7110471725463867,1.5264701843261719,0.5714285714285714,0.0,0.6974342465400696,0.5474342465400696
YYERSNE,-0.7969712018966675,-0.05348140746355057,0.5714285714285714,0.1428571428571428,0.5314401388168335,0.3814401388168335
NYRRIQN,-4.011309623718262,0.23413193225860596,0.5714285714285714,0.2857142857142857,0.188672199845314,0.038672199845314
YQHMAHN,0.37468019127845764,-2.3666131496429443,0.5714285714285714,0.4285714285714285,0.2884161472320556,0.1384161472320556
IHHELAE,-0.3049044907093048,-4.095931053161621,0.7142857142857143,0.2857142857142857,0.1067292243242263,0.0062727537006139
YSRLCQD,-2.302647590637207,2.5146028995513916,0.2857142857142857,0.1428571428571428,0.3778840005397796,0.1278840005397796
VCHRQNS,-3.4675235748291016,0.42091017961502075,0.5714285714285714,0.2857142857142857,0.2488893270492553,0.0988893270492553
TYSRGGV,1.7919349670410156,0.12357070297002792,0.5714285714285714,0.2857142857142857,0.5500417947769165,0.4000417947769165
QYARSGN,1.4440116882324219,0.640390932559967,0.5714285714285714,0.2857142857142857,0.6043403148651123,0.4543403148651123
YMQRSNM,0.2878466546535492,-1.0531706809997559,0.5714285714285714,0.2857142857142857,0.426410049200058,0.2764100492000579
YLRRSSE,0.3156077265739441,-0.045891255140304565,0.5714285714285714,0.2857142857142857,0.5322375893592834,0.3822375893592834
LSKRGEN,1.3546372652053833,-3.329423666000366,0.4285714285714285,0.2857142857142857,0.1872606128454208,0.0
YSRGSPN,2.7337636947631836,3.429210901260376,0.1428571428571428,0.0,0.8973414301872253,0.5973414301872253
MMHDRSA,1.3164772987365723,-3.0878076553344727,0.7142857142857143,0.5714285714285714,0.2126454561948776,0.1126454561948776
YSASSTN,1.198088526725769,-3.9684207439422607,0.4285714285714285,0.2857142857142857,0.1201258078217506,0.0
YVHRAQN,0.37017345428466797,0.7377715110778809,0.5714285714285714,0.2857142857142857,0.6145713925361633,0.4645713925361633
YYKWQGW,-2.7255356311798096,1.0673229694366455,0.5714285714285714,0.4285714285714285,0.3310547173023224,0.1810547173023224
YFHRNAR,-4.383697986602783,0.9283323884010315,0.5714285714285714,0.4285714285714285,0.1474350988864898,0.0
SYRVLGN,-0.20424526929855347,-1.7578365802764893,0.7142857142857143,0.2857142857142857,0.3523758947849273,0.2523758947849274
PTSQFGN,-0.8854320049285889,-3.807898998260498,0.7142857142857143,0.4285714285714285,0.1369906663894653,0.0369906663894653
SAHESAT,-0.1862013190984726,-4.729711055755615,0.7142857142857143,0.4285714285714285,0.0401425398886203,0.0
TYHEMEW,-3.1572177410125732,0.16281913220882416,0.5714285714285714,0.4285714285714285,0.2832516133785248,0.1332516133785247
IQARWSN,-1.3406729698181152,-1.2046089172363281,0.7142857142857143,0.2857142857142857,0.4104995131492615,0.3104995131492615
ILHHYNN,-1.231486201286316,-1.5370125770568848,0.7142857142857143,0.2857142857142857,0.3755762875080108,0.2755762875080109
YSRRNSN,-1.94182550907135,0.5690571665763855,0.2857142857142857,0.1428571428571428,0.417840301990509,0.167840301990509
MYHSSMT,-0.7491510510444641,-1.6038556098937988,0.5714285714285714,0.2857142857142857,0.3685535490512848,0.2185535490512848
SYSRDNN,0.7613601684570312,-0.0433805026113987,0.7142857142857143,0.1428571428571428,0.5325013399124146,0.4325013399124146
YYSRNGN,0.45687100291252136,-0.5781408548355103,0.5714285714285714,0.1428571428571428,0.4763180017471313,0.3263180017471313
YYVRINI,-2.6344823837280273,0.9473769068717957,0.7142857142857143,0.4285714285714285,0.3411376774311065,0.2411376774311066
HYHVSQD,0.12586620450019836,-1.9170001745224,0.5714285714285714,0.4285714285714285,0.3356537222862243,0.1856537222862243
YYTILNV,-2.7682688236236572,-0.1363697499036789,0.7142857142857143,0.4285714285714285,0.3263225853443146,0.2263225853443146
IYHSAPN,0.4727369248867035,-2.445613384246826,0.5714285714285714,0.1428571428571428,0.2801161706447601,0.1301161706447601
VHHRLNN,0.22716420888900757,0.6171793937683105,0.5714285714285714,0.1428571428571428,0.601901650428772,0.4519016504287719
QYSRSNN,1.1347072124481201,2.8329105377197266,0.5714285714285714,0.0,0.7585256695747375,0.6085256695747375
YYSVNNN,-0.9379409551620483,-1.4856746196746826,0.5714285714285714,0.2857142857142857,0.3809699714183807,0.2309699714183807
SFGRNHN,0.4438077509403229,-1.731095552444458,0.7142857142857143,0.4285714285714285,0.3551853895187378,0.2551853895187378
ASSVLGN,-0.32415127754211426,-3.56154203414917,0.7142857142857143,0.2857142857142857,0.1628736108541488,0.0628736108541488
SWSVSSN,-1.4384498596191406,-2.3658363819122314,0.5714285714285714,0.2857142857142857,0.2884977459907532,0.1384977459907531
YYTKNAN,1.178979516029358,-1.3213599920272827,0.5714285714285714,0.4285714285714285,0.3982333242893219,0.2482333242893219
IHRRHPN,-3.396503210067749,1.1735321283340454,0.5714285714285714,0.2857142857142857,0.2567538917064667,0.1067538917064666
YMHRSNS,-0.021864769980311394,0.5234401822090149,0.5714285714285714,0.2857142857142857,0.5920531749725342,0.4420531749725341
HYHRAGN,-0.658877432346344,1.2978304624557495,0.7142857142857143,0.2857142857142857,0.5599098801612854,0.4599098801612854
SSSREGN,0.7446916699409485,-3.8568201065063477,0.5714285714285714,0.1428571428571428,0.1318508833646774,0.0
YYREANN,-0.34769225120544434,-0.3261716365814209,0.4285714285714285,0.2857142857142857,0.5027905702590942,0.3027905702590943
VSSMNGN,0.5196498036384583,-4.19016170501709,0.5714285714285714,0.4285714285714285,0.0968290865421295,0.0
IVSRSNN,2.064453601837158,-2.413991689682007,0.5714285714285714,0.1428571428571428,0.2834384143352508,0.1334384143352508
YYDRAHQ,0.03959157317876816,-1.2202509641647339,0.7142857142857143,0.2857142857142857,0.4088561236858368,0.3088561236858368
YSSVSAN,1.196713924407959,-2.6055996417999268,0.5714285714285714,0.2857142857142857,0.2633075714111328,0.1133075714111328
MYRRHMN,-3.6269588470458984,0.1753389835357666,0.5714285714285714,0.2857142857142857,0.2312339842319488,0.0812339842319488
YYTRHAN,-1.1373052597045898,0.007592718582600355,0.5714285714285714,0.2857142857142857,0.5069302916526794,0.3569302916526794
YYSSSNL,-1.2197086811065674,-1.6687366962432861,0.5714285714285714,0.1428571428571428,0.3617369830608368,0.2117369830608368
VYSRIGS,1.0379196405410767,2.0885653495788574,0.4285714285714285,0.1428571428571428,0.7478077411651611,0.5478077411651612
ISHSGPN,0.5234684944152832,-3.441227674484253,0.4285714285714285,0.2857142857142857,0.1755141764879226,0.0
YYSELAN,-1.94492506980896,-1.167880654335022,0.5714285714285714,0.1428571428571428,0.4143583178520202,0.2643583178520202
YYSRSEQ,-0.4124709367752075,0.4708103537559509,0.5714285714285714,0.1428571428571428,0.586523711681366,0.4365237116813659
YYRRKNN,-3.302158832550049,1.4293164014816284,0.4285714285714285,0.1428571428571428,0.26720130443573,0.06720130443573
VYIRAAN,0.3633573353290558,-0.4340832531452179,0.5714285714285714,0.2857142857142857,0.4914530515670776,0.3414530515670776
MYSLSSA,0.48806118965148926,-2.409686803817749,0.5714285714285714,0.4285714285714285,0.2838906943798065,0.1338906943798065
YGHDSEN,-0.6545624732971191,-1.4760470390319824,0.5714285714285714,0.2857142857142857,0.3819814920425415,0.2319814920425415
VYHRLHN,-0.3951949179172516,0.4878006875514984,0.5714285714285714,0.2857142857142857,0.5883087515830994,0.4383087515830993
VYHRVNL,-1.718001365661621,1.1599544286727905,0.5714285714285714,0.2857142857142857,0.4426258504390716,0.2926258504390716
MYSRSNS,1.5926055908203125,0.5975393056869507,0.5714285714285714,0.1428571428571428,0.5998381972312927,0.4498381972312927
YSHRSGV,1.378456950187683,0.03018134832382202,0.5714285714285714,0.2857142857142857,0.5402300357818604,0.3902300357818603
ISRRSNS,-2.483693838119507,-0.7990585565567017,0.5714285714285714,0.2857142857142857,0.3578355014324188,0.2078355014324188
YYLRSSQ,-1.8867590427398682,1.414475440979004,0.5714285714285714,0.2857142857142857,0.4239381551742553,0.2739381551742553
YYRRGEN,-1.0549681186676025,0.8090177178382874,0.4285714285714285,0.2857142857142857,0.516048014163971,0.316048014163971
YSHRGPN,2.053231954574585,-0.17805956304073334,0.2857142857142857,0.1428571428571428,0.5183516144752502,0.2683516144752502
QYTRSSN,1.2221978902816772,2.6413755416870117,0.4285714285714285,0.1428571428571428,0.7682141661643982,0.5682141661643982
ISTRSEV,0.9172548651695251,-2.980332612991333,0.5714285714285714,0.4285714285714285,0.2239370793104171,0.0739370793104171
YYHVSYN,-3.1736905574798584,-0.26306775212287903,0.5714285714285714,0.2857142857142857,0.2814274728298187,0.1314274728298187
SYSRSSN,1.1422529220581055,1.515839695930481,0.5714285714285714,0.1428571428571428,0.6963173747062683,0.5463173747062683
YSHSATE,0.4976440668106079,-3.1427268981933594,0.5714285714285714,0.2857142857142857,0.2068754881620407,0.0568754881620407
AYSRIVN,-0.04367148131132126,2.561678171157837,0.5714285714285714,0.1428571428571428,0.6280357837677002,0.4780357837677002
IYSRSGN,1.5717068910598755,1.7687324285507202,0.4285714285714285,0.1428571428571428,0.7228869795799255,0.5228869795799256
AYHVANN,0.01677640713751316,-2.5664687156677246,0.7142857142857143,0.1428571428571428,0.267418771982193,0.167418771982193
YYHRSTN,-1.0470750331878662,0.9191709756851196,0.4285714285714285,0.1428571428571428,0.516922116279602,0.3169221162796021
TSSEANN,-1.0155646800994873,-4.55623197555542,0.5714285714285714,0.2857142857142857,0.058368731290102,0.0
YSHRLSV,0.4000121057033539,0.6951327919960022,0.5714285714285714,0.2857142857142857,0.6100916266441345,0.4600916266441345
YYSRGSV,0.07519495487213135,-0.8650180101394653,0.7142857142857143,0.1428571428571428,0.4461778998374939,0.3461778998374939
FSMRGVN,0.8322099447250366,-1.9334626197814941,0.4285714285714285,0.4285714285714285,0.3339241445064544,0.1339241445064544
YYHHNNN,-1.8126755952835083,-1.077332854270935,0.5714285714285714,0.2857142857142857,0.4238714873790741,0.2738714873790741
YSSRNLN,2.1688106060028076,-2.7096898555755615,0.4285714285714285,0.2857142857142857,0.2523715496063232,0.0523715496063232
MYSRSNN,1.5054917335510254,1.7826772928237915,0.5714285714285714,0.0,0.7243520617485046,0.5743520617485046
QMHRISN,0.687470018863678,0.21351557970046997,0.7142857142857143,0.2857142857142857,0.5594916343688965,0.4594916343688965
YYHRSNN,-0.9529139399528503,1.031571388244629,0.4285714285714285,0.0,0.5273492336273193,0.3273492336273194
VYYRNNN,-1.0704642534255981,1.176347017288208,0.5714285714285714,0.1428571428571428,0.5143320560455322,0.3643320560455322
VSSRGNN,1.5700223445892334,-3.3102972507476807,0.5714285714285714,0.1428571428571428,0.1892700791358947,0.0392700791358947
VSHRSGN,1.0728328227996826,-1.6687138080596924,0.5714285714285714,0.1428571428571428,0.3617393672466278,0.2117393672466278
MYYELQV,-2.8950088024139404,-0.2783454954624176,0.7142857142857143,0.5714285714285714,0.3122878074645996,0.2122878074645996
YYHEDNE,-1.5267856121063232,-0.4869672358036041,0.7142857142857143,0.2857142857142857,0.4638004899024963,0.3638004899024963
YYTTINN,-1.8419742584228516,-0.8937188982963562,0.5714285714285714,0.2857142857142857,0.428897500038147,0.2788975000381469
SYHRGTN,0.8396535515785217,0.7857499122619629,0.5714285714285714,0.1428571428571428,0.6196121573448181,0.4696121573448181
SYHSPSI,0.37111610174179077,-1.8495216369628906,0.5714285714285714,0.4285714285714285,0.3427432179450989,0.1927432179450988
YATISQN,1.0319417715072632,-2.0768842697143555,0.4285714285714285,0.4285714285714285,0.3188558518886566,0.1188558518886566
YYHRSPV,-1.4757987260818481,0.8535028100013733,0.4285714285714285,0.1428571428571428,0.4694466292858124,0.2694466292858124
TYHRETV,0.8411477208137512,0.10575875639915466,0.2857142857142857,0.2857142857142857,0.5481703877449036,0.2981703877449035
QSHSASN,0.2933031916618347,-3.7451536655426025,0.5714285714285714,0.2857142857142857,0.1435828655958175,0.0
YSRRLTE,1.4258075952529907,0.13489732146263123,0.5714285714285714,0.2857142857142857,0.5512317419052124,0.4012317419052124
YLHRSVY,-2.7271106243133545,0.6936623454093933,0.7142857142857143,0.2857142857142857,0.3308803141117096,0.2308803141117096
HYHRQNN,-1.4536941051483154,0.41233086585998535,0.7142857142857143,0.1428571428571428,0.4718944132328033,0.3718944132328033
ISHSVNN,1.1774715185165405,-3.7366394996643066,0.7142857142857143,0.2857142857142857,0.1444773823022842,0.0444773823022842
AFRRSPN,-2.841536521911621,-0.6168947815895081,0.5714285714285714,0.4285714285714285,0.3182091414928436,0.1682091414928436
YYSRPNN,0.23940876126289368,-0.7538831830024719,0.5714285714285714,0.2857142857142857,0.4578540027141571,0.3078540027141571
MQRSVGN,2.537184476852417,-2.6816794872283936,0.5714285714285714,0.4285714285714285,0.2553144097328186,0.1053144097328186
YYRRSNN,-3.154005289077759,0.9878677725791931,0.2857142857142857,0.0,0.2836073637008667,0.0336073637008667
IYHRGAN,0.8566408753395081,0.6153892874717712,0.5714285714285714,0.1428571428571428,0.6017135977745056,0.4517135977745056
YYHSSAN,-1.010111689567566,-1.217149257659912,0.4285714285714285,0.1428571428571428,0.4091820120811462,0.2091820120811462
AYHRGVD,1.208491563796997,-0.19847804307937622,0.5714285714285714,0.2857142857142857,0.5162063837051392,0.3662063837051391
YYHVSNP,-1.691653847694397,-0.5265052318572998,0.5714285714285714,0.1428571428571428,0.445543497800827,0.295543497800827
GYTSSNN,0.6269975304603577,-2.9995641708374023,0.5714285714285714,0.2857142857142857,0.2219165563583374,0.0719165563583374
IYRRSNN,-2.9011523723602295,0.9067913293838501,0.4285714285714285,0.1428571428571428,0.3116074800491333,0.1116074800491333
YYRMSAN,-0.7705777287483215,-0.016221066936850548,0.4285714285714285,0.2857142857142857,0.5353548526763916,0.3353548526763916
QSHRLPI,0.5958958268165588,-1.8856617212295532,0.5714285714285714,0.4285714285714285,0.3389462530612945,0.1889462530612945
IYHRANN,0.33326804637908936,1.7570427656173706,0.7142857142857143,0.0,0.6697769165039062,0.5697769165039063
MYTRASN,1.90385103225708,0.19175682961940765,0.5714285714285714,0.1428571428571428,0.5572055578231812,0.4072055578231811
GYHRSMN,-0.2155812829732895,0.3022276759147644,0.5714285714285714,0.1428571428571428,0.5688119530677795,0.4188119530677795
PYRRGNN,-2.702723741531372,-0.482205867767334,0.5714285714285714,0.1428571428571428,0.3335808217525482,0.1835808217525482
IYHVLGN,-1.915249228477478,-0.7683165073394775,0.7142857142857143,0.1428571428571428,0.4207832515239715,0.3207832515239716
IYRSSAL,-0.15107446908950806,-1.943706750869751,0.5714285714285714,0.2857142857142857,0.3328478634357452,0.1828478634357452
YYHRINN,-1.3538148403167725,0.7713767290115356,0.5714285714285714,0.1428571428571428,0.482954740524292,0.3329547405242919
VHHRFGN,-0.34078752994537354,0.8490617275238037,0.5714285714285714,0.2857142857142857,0.5951341390609741,0.4451341390609741
YYHRNFH,-1.4094421863555908,0.2684192657470703,0.7142857142857143,0.2857142857142857,0.4767946898937225,0.3767946898937225
SYSRPFN,-1.2193078994750977,0.04689216986298561,0.7142857142857143,0.2857142857142857,0.4978495836257934,0.3978495836257935
RSHRSES,-1.7087273597717285,-0.0920141190290451,0.7142857142857143,0.2857142857142857,0.4436528384685516,0.3436528384685516
YYHRFTQ,-1.6252104043960571,0.1500091701745987,0.5714285714285714,0.2857142857142857,0.4529012441635132,0.3029012441635131
VYSRLEN,-0.03364778682589531,4.406327724456787,0.5714285714285714,0.1428571428571428,0.6291458010673523,0.4791458010673523
YYHRSNN,-0.9529139399528503,1.031571388244629,0.4285714285714285,0.0,0.5273492336273193,0.3273492336273194
YHSRNVN,1.1937634944915771,-0.8311709761619568,0.4285714285714285,0.2857142857142857,0.4497339427471161,0.2497339427471161
YYYRPSN,-2.3889105319976807,0.7010533213615417,0.5714285714285714,0.2857142857142857,0.3683315217494964,0.2183315217494964
YYHRSNN,-0.9529139399528503,1.031571388244629,0.4285714285714285,0.0,0.5273492336273193,0.3273492336273194
YYSRIML,-2.9105496406555176,-0.05163239315152168,0.5714285714285714,0.2857142857142857,0.3105668425559997,0.1605668425559997
AYSRGSN,0.890232503414154,1.1213364601135254,0.5714285714285714,0.1428571428571428,0.654869794845581,0.504869794845581
YSHHSQN,1.0548897981643677,-0.6562725305557251,0.5714285714285714,0.1428571428571428,0.4681092798709869,0.3181092798709869
TYVRVEN,0.1496930718421936,0.34197139739990234,0.5714285714285714,0.2857142857142857,0.5729875564575195,0.4229875564575195
YSSRNNI,2.1386966705322266,-3.1180734634399414,0.5714285714285714,0.4285714285714285,0.2094656378030777,0.0594656378030777
YSHSANL,1.1342213153839111,-1.8731516599655151,0.5714285714285714,0.2857142857142857,0.3402605652809143,0.1902605652809143
YYLRGNP,-1.1708124876022339,1.4652732610702515,0.5714285714285714,0.2857142857142857,0.5032197833061218,0.3532197833061218
QYSRHNN,0.38341817259788513,0.498029500246048,0.7142857142857143,0.1428571428571428,0.5893834233283997,0.4893834233283997
LYHRLNN,-0.13169996440410614,1.109107494354248,0.5714285714285714,0.1428571428571428,0.6182878017425537,0.4682878017425537
YSSSSNY,-0.012737597338855267,-3.0085091590881348,0.5714285714285714,0.2857142857142857,0.2209767699241638,0.0709767699241638
ASSRPNN,1.345533847808838,-3.802546501159668,0.7142857142857143,0.1428571428571428,0.1375530064105987,0.0375530064105987
VYRAQNN,1.7664754390716553,-1.8475719690322876,0.5714285714285714,0.2857142857142857,0.3429480493068695,0.1929480493068695
YYVYLTL,-3.747830390930176,1.1200847625732422,0.5714285714285714,0.4285714285714285,0.2178490459918975,0.0678490459918975
YYHDQNQ,-1.8625789880752563,0.04097479581832886,0.7142857142857143,0.2857142857142857,0.4266158044338226,0.3266158044338226
YSSRSES,1.2461620569229126,-1.0962913036346436,0.7142857142857143,0.2857142857142857,0.4218796491622925,0.3218796491622925
GYHRHNN,-0.42497876286506653,-0.1308956742286682,0.7142857142857143,0.1428571428571428,0.5233067870140076,0.4233067870140076
NYHVAHL,-1.191800594329834,-1.2886115312576294,0.7142857142857143,0.2857142857142857,0.4016740024089813,0.3016740024089813
QWSRPSY,-3.2549948692321777,0.6295346617698669,0.5714285714285714,0.4285714285714285,0.2724240720272064,0.1224240720272064
YSTRINN,1.7758415937423706,-2.9482522010803223,0.5714285714285714,0.1428571428571428,0.2273075431585312,0.0773075431585312
IYHRSHN,-0.5930497646331787,0.44481655955314636,0.5714285714285714,0.1428571428571428,0.5671994686126709,0.4171994686126709
YYHRLNN,-1.2602183818817139,1.317850947380066,0.5714285714285714,0.0,0.4933193027973175,0.3433193027973175
RSSRGNN,-3.716808319091797,-0.6939986348152161,0.5714285714285714,0.2857142857142857,0.2212843298912048,0.0712843298912048
IYHRSNN,0.42777636647224426,1.9939481019973755,0.5714285714285714,0.1428571428571428,0.6802424192428589,0.5302424192428589
ISGSPHN,0.23552364110946655,-4.7124762535095215,0.7142857142857143,0.4285714285714285,0.0419532768428325,0.0
YHHSSNQ,0.42566990852355957,-1.1339622735977173,0.4285714285714285,0.2857142857142857,0.4179218709468841,0.2179218709468841
GYHDGEN,-0.48557108640670776,-3.504436731338501,0.7142857142857143,0.2857142857142857,0.1688732504844665,0.0688732504844665
IYHRPSN,-0.0366937518119812,0.7673846483230591,0.5714285714285714,0.1428571428571428,0.6176826357841492,0.4676826357841491
IYKRLGV,-3.047841787338257,0.15282322466373444,0.7142857142857143,0.2857142857142857,0.2953635454177856,0.1953635454177856
YYRSFNN,-1.2189081907272339,0.18319310247898102,0.4285714285714285,0.1428571428571428,0.4978938400745392,0.2978938400745392
YYSRNNN,0.3166384696960449,-0.7476240992546082,0.5714285714285714,0.1428571428571428,0.458511620759964,0.3085116207599639
IYRRNNN,-3.038191318511963,0.3156064748764038,0.5714285714285714,0.1428571428571428,0.296432226896286,0.146432226896286
WYSRSHQ,-2.07920241355896,0.36560213565826416,0.5714285714285714,0.2857142857142857,0.4026275873184204,0.2526275873184204
YASRLGN,1.8801624774932861,-2.122483968734741,0.5714285714285714,0.2857142857142857,0.3140650391578674,0.1640650391578674
YYHRSQN,-1.0289671421051025,1.5204558372497559,0.4285714285714285,0.1428571428571428,0.518927276134491,0.318927276134491
YSHRSAN,1.8055580854415894,0.5340346693992615,0.5714285714285714,0.1428571428571428,0.5931662321090698,0.4431662321090698
IVSVLNN,-1.4527637958526611,-4.025450229644775,0.7142857142857143,0.4285714285714285,0.114134132862091,0.014134132862091
YYHRLEN,-1.5580573081970215,1.112092137336731,0.7142857142857143,0.1428571428571428,0.4603375494480133,0.3603375494480133
IYTRSEN,0.7378073334693909,1.8064312934875488,0.4285714285714285,0.1428571428571428,0.7145742774009705,0.5145742774009705
YYSRKTA,-2.2282254695892334,0.65982985496521,0.5714285714285714,0.2857142857142857,0.3861252665519714,0.2361252665519714
YYHRRNN,-3.7420201301574707,1.2100459337234497,0.5714285714285714,0.1428571428571428,0.2184924632310867,0.0684924632310867
PYWRQNN,-3.571875810623169,1.3167433738708496,0.7142857142857143,0.2857142857142857,0.2373337000608444,0.1373337000608444
YSHSFSN,-0.6853283643722534,-1.0044448375701904,0.5714285714285714,0.2857142857142857,0.4315292835235595,0.2815292835235595
YYHRSNN,-0.9529139399528503,1.031571388244629,0.4285714285714285,0.0,0.5273492336273193,0.3273492336273194
VYARSAN,1.2697478532791138,2.0576982498168945,0.4285714285714285,0.1428571428571428,0.753246545791626,0.553246545791626
YSHRLAN,0.9701203107833862,-0.3119778633117676,0.5714285714285714,0.1428571428571428,0.5042818188667297,0.3542818188667297
SYVRLNN,-0.41562750935554504,1.8129781484603882,0.5714285714285714,0.1428571428571428,0.5868465900421143,0.4368465900421142
YHSRLNN,0.7282988429069519,-0.11911775916814804,0.4285714285714285,0.1428571428571428,0.5245442390441895,0.3245442390441895
YLSRSGQ,1.4595109224319458,-1.6807746887207031,0.5714285714285714,0.2857142857142857,0.3604722321033478,0.2104722321033477
YYHRSSN,-1.4665004014968872,1.0760574340820312,0.5714285714285714,0.0,0.4704762697219848,0.3204762697219848
RYHRNQL,-4.49437141418457,0.3099724054336548,0.5714285714285714,0.4285714285714285,0.1351794749498367,0.0
HYRLSPN,-1.2405487298965454,0.6706064343452454,0.4285714285714285,0.2857142857142857,0.495497465133667,0.295497465133667
MYGSSND,-0.04051344469189644,-2.8806722164154053,0.7142857142857143,0.4285714285714285,0.2344076782464981,0.1344076782464981
YYSTQNN,-0.43510913848876953,-1.7172356843948364,0.5714285714285714,0.2857142857142857,0.356641560792923,0.2066415607929229
YYRRLPN,-3.567751884460449,1.239231824874878,0.4285714285714285,0.2857142857142857,0.2377903759479522,0.0377903759479522
YYHRSNN,-0.9529139399528503,1.031571388244629,0.4285714285714285,0.0,0.5273492336273193,0.3273492336273194
QYRASSN,1.359686255455017,-2.3111672401428223,0.4285714285714285,0.2857142857142857,0.2942414581775665,0.0942414581775665
QSHRPSN,1.1159428358078003,-2.254110336303711,0.5714285714285714,0.1428571428571428,0.3002359867095947,0.1502359867095947
YYSRQNA,0.5336267352104187,-1.0471839904785156,0.7142857142857143,0.2857142857142857,0.4270390272140503,0.3270390272140503
VYSVKNQ,1.921644926071167,-2.8819868564605713,0.7142857142857143,0.2857142857142857,0.2342695593833923,0.1342695593833923
YYIHSVN,-3.1871094703674316,0.019586514681577682,0.5714285714285714,0.2857142857142857,0.2799414992332458,0.1299414992332458
YQSRSVN,1.9099735021591187,-0.5807270407676697,0.5714285714285714,0.1428571428571428,0.4760462641716003,0.3260462641716003
ISSSQLY,-0.7577994465827942,-3.46616792678833,0.7142857142857143,0.4285714285714285,0.1728938817977905,0.0728938817977905
AYGRLAP,0.38651204109191895,-1.680209994316101,0.5714285714285714,0.2857142857142857,0.3605315387248993,0.2105315387248993
FYDRSQG,0.06601731479167938,-1.0448858737945557,0.4285714285714285,0.4285714285714285,0.4272804856300354,0.2272804856300354
AYRSSGN,1.925952672958374,-1.87153160572052,0.5714285714285714,0.1428571428571428,0.3404307961463928,0.1904307961463928
GYRRNNI,-2.848975658416748,-0.2053069770336151,0.7142857142857143,0.2857142857142857,0.3173853456974029,0.2173853456974029
VSTRSGH,0.5107018351554871,-2.773937225341797,0.4285714285714285,0.4285714285714285,0.2456215471029281,0.0456215471029281
SYHRGNY,-1.5921597480773926,1.544999361038208,0.7142857142857143,0.2857142857142857,0.4565611481666565,0.3565611481666565
VHRRGAY,-3.33187198638916,0.9353691339492798,0.5714285714285714,0.4285714285714285,0.2639109492301941,0.1139109492301941
IYHHSEG,-0.09846661984920502,-1.222316861152649,0.5714285714285714,0.2857142857142857,0.4086391031742096,0.2586391031742096
YYRRSGN,-3.256108045578003,0.8296090960502625,0.4285714285714285,0.1428571428571428,0.2723008096218109,0.0723008096218109
YSHRSTV,1.4264980554580688,0.6859533786773682,0.4285714285714285,0.2857142857142857,0.6091272234916687,0.4091272234916687
YHHRQGN,-0.05508464574813843,0.6179927587509155,0.5714285714285714,0.1428571428571428,0.6019871234893799,0.4519871234893798
IYHSGTN,0.5558555126190186,-2.330026388168335,0.4285714285714285,0.2857142857142857,0.2922600507736206,0.0922600507736206
YYTRGND,0.5295966863632202,-0.4983532428741455,0.5714285714285714,0.1428571428571428,0.4847007095813751,0.3347007095813751
QYRRANW,-3.621381998062134,0.08640215545892715,0.7142857142857143,0.2857142857142857,0.2318515479564666,0.1318515479564667
SSTRSAN,1.299391746520996,-3.5414845943450928,0.5714285714285714,0.2857142857142857,0.1649809032678604,0.0149809032678604
AMDRGEN,0.5368993878364563,-4.47666072845459,0.5714285714285714,0.2857142857142857,0.0667287111282348,0.0
TYHHQNN,-0.7897375226020813,-0.9147417545318604,0.5714285714285714,0.1428571428571428,0.44095379114151,0.29095379114151
ISHVSEA,0.08129672706127167,-4.099440097808838,0.7142857142857143,0.2857142857142857,0.1063605472445488,0.0057934734970331
YYSRSNL,-0.5768589973449707,0.08583039790391922,0.5714285714285714,0.0,0.5460766553878784,0.3960766553878784
QSSRNNN,0.9083476662635803,-3.5974626541137695,0.5714285714285714,0.2857142857142857,0.1590996831655502,0.0090996831655502
YYHRPTN,-0.8467114567756653,-0.005781969055533409,0.5714285714285714,0.1428571428571428,0.5364515781402588,0.3864515781402587
QYHRNNE,1.064992070198059,-0.8502370715141296,0.7142857142857143,0.2857142857142857,0.4477308392524719,0.3477308392524719
YYTRENP,-0.10259382426738739,-0.4403785467147827,0.4285714285714285,0.2857142857142857,0.4907916784286499,0.2907916784286499
QYSRSGS,1.8943266868591309,0.9517876505851746,0.5714285714285714,0.2857142857142857,0.6370564699172974,0.4870564699172973
FYHRQGL,-1.5690476894378662,0.7727116346359253,0.7142857142857143,0.2857142857142857,0.4591205418109894,0.3591205418109894
YYHRLPF,-2.326719045639038,1.056748628616333,0.7142857142857143,0.2857142857142857,0.375218391418457,0.275218391418457
WYHSINN,-2.5600426197052,-0.3937445878982544,0.7142857142857143,0.2857142857142857,0.3493808805942535,0.2493808805942535
TYRLGED,0.943756103515625,-0.9833256602287292,0.4285714285714285,0.4285714285714285,0.433748185634613,0.233748185634613
YYSRSAN,0.7748223543167114,0.36240410804748535,0.5714285714285714,0.0,0.5751342177391052,0.4251342177391052
IYHRPGN,0.4229179322719574,0.6046101450920105,0.7142857142857143,0.1428571428571428,0.6005810499191284,0.5005810499191284
YSHRHVN,0.06402205675840378,-0.05690709874033928,0.5714285714285714,0.2857142857142857,0.5310802459716797,0.3810802459716796
YYSRSNW,-1.7327806949615479,1.4163106679916382,0.5714285714285714,0.1428571428571428,0.440989226102829,0.2909892261028289
RHRRNNN,-3.4648945331573486,0.3667910397052765,0.4285714285714285,0.2857142857142857,0.2491804659366607,0.0491804659366607
IYHRSPE,1.0925604104995728,0.3774870038032532,0.5714285714285714,0.1428571428571428,0.5767189264297485,0.4267189264297485
TYHRSEQ,0.3136289715766907,0.9608725309371948,0.4285714285714285,0.1428571428571428,0.6380109786987305,0.4380109786987305
IYTSAPN,0.052127256989479065,-3.529752731323242,0.5714285714285714,0.2857142857142857,0.1662134826183319,0.0162134826183319
YSRSSNN,2.7260994911193848,1.5295071601867676,0.2857142857142857,0.1428571428571428,0.6977533102035522,0.4477533102035522
YYHLKMN,-0.845950186252594,-1.7996230125427246,0.4285714285714285,0.2857142857142857,0.3479856848716736,0.1479856848716736
SYSRLQN,-0.29323312640190125,3.69696044921875,0.5714285714285714,0.1428571428571428,0.6004001498222351,0.4504001498222351
IYHSLVP,-2.0288240909576416,-1.6744880676269531,0.5714285714285714,0.4285714285714285,0.3611327111721039,0.2111327111721039
QYWRSMN,-4.228660583496094,2.0605263710021973,0.5714285714285714,0.2857142857142857,0.164603441953659,0.014603441953659
VFSRQGN,1.61370050907135,-0.5727025866508484,0.7142857142857143,0.4285714285714285,0.4768893718719482,0.3768893718719482
QMRRSNN,-2.7843894958496094,0.21518081426620483,0.4285714285714285,0.2857142857142857,0.3245374262332916,0.1245374262332916
IYVHPEN,-1.1038202047348022,-1.7370388507843018,0.7142857142857143,0.4285714285714285,0.3545609712600708,0.2545609712600708
YSHRSNT,1.3829689025878906,0.8378424048423767,0.5714285714285714,0.1428571428571428,0.6250851154327393,0.4750851154327392
VYTSQED,-0.5142529606819153,-2.057141065597534,0.5714285714285714,0.4285714285714285,0.3209301233291626,0.1709301233291626
ISSMNNQ,0.7248739004135132,-4.265589237213135,0.7142857142857143,0.4285714285714285,0.0889044627547264,0.0
EYTAQIQ,-0.4986758232116699,-3.4856128692626953,0.7142857142857143,0.5714285714285714,0.170850932598114,0.070850932598114
AYHSPSV,0.027261244133114815,-2.4841814041137695,0.5714285714285714,0.4285714285714285,0.2760640978813171,0.1260640978813171
YYHFSTP,-2.8773882389068604,-0.16215094923973083,0.4285714285714285,0.2857142857142857,0.3142390549182892,0.1142390549182892
NYRRSNN,-2.8759868144989014,0.043532952666282654,0.4285714285714285,0.1428571428571428,0.3143942356109619,0.1143942356109619
QYLRSSN,0.2834486961364746,0.8257893323898315,0.5714285714285714,0.1428571428571428,0.6238188147544861,0.473818814754486
YYHRGGF,-1.7363598346710205,0.5131554007530212,0.5714285714285714,0.2857142857142857,0.440592885017395,0.290592885017395
FYHRSAN,-1.0103600025177002,0.7747379541397095,0.5714285714285714,0.1428571428571428,0.5209878087043762,0.3709878087043762
SYTRAEQ,0.3906252086162567,0.3877708911895752,0.5714285714285714,0.2857142857142857,0.5777993202209473,0.4277993202209472
EYHRSPN,0.6981896162033081,-0.6633055806159973,0.5714285714285714,0.1428571428571428,0.467370331287384,0.317370331287384
SYHRQNN,0.13246093690395355,0.5402921438217163,0.7142857142857143,0.1428571428571428,0.5938236713409424,0.4938236713409424
TYSSSVN,0.6653227806091309,-2.46222186088562,0.4285714285714285,0.1428571428571428,0.2783712148666382,0.0783712148666382
YYSSAVN,-0.9744356870651245,-2.100576162338257,0.5714285714285714,0.2857142857142857,0.3163667321205139,0.1663667321205139
QSERSPA,0.9393607378005981,-3.3883750438690186,0.5714285714285714,0.4285714285714285,0.181067019701004,0.031067019701004
YAHKSEN,1.3014694452285767,-0.10699505358934402,0.4285714285714285,0.2857142857142857,0.52581787109375,0.32581787109375
THHRSQP,0.08304707705974579,0.1470160335302353,0.4285714285714285,0.4285714285714285,0.5525049567222595,0.3525049567222595
QYSLINN,-0.7021929621696472,-3.2952823638916016,0.5714285714285714,0.2857142857142857,0.1908475905656814,0.0408475905656814
MSSPSSP,-0.053288355469703674,-4.731234550476074,0.5714285714285714,0.4285714285714285,0.0399824790656566,0.0
VSSSSTN,-0.021458277478814125,-4.106502532958984,0.5714285714285714,0.2857142857142857,0.1056185513734817,0.0
NYDRGTG,1.5486724376678467,-2.8083746433258057,0.5714285714285714,0.4285714285714285,0.2420034557580948,0.0920034557580948
WYHRSGN,-1.9978076219558716,1.0261175632476807,0.5714285714285714,0.1428571428571428,0.411641001701355,0.2616410017013549
IYHKPNN,1.5412324666976929,-0.35391488671302795,0.5714285714285714,0.2857142857142857,0.4998758137226105,0.3498758137226104
VYHSHGA,0.41955509781837463,-1.3159983158111572,0.7142857142857143,0.4285714285714285,0.3987966477870941,0.2987966477870941
YYSRLNN,-1.3833446502685547,0.693981409072876,0.5714285714285714,0.1428571428571428,0.4796846807003021,0.3296846807003021
IYHRSVN,0.12485437840223312,2.0315165519714355,0.4285714285714285,0.1428571428571428,0.6466978788375854,0.4466978788375855
IYHSSGN,0.2188161015510559,-2.484750747680664,0.5714285714285714,0.1428571428571428,0.276004284620285,0.126004284620285
EYRVNAN,1.1141929626464844,-3.032156467437744,0.5714285714285714,0.4285714285714285,0.218492329120636,0.0684923291206359
YYHRAQN,-0.8571757674217224,1.0399888753890991,0.5714285714285714,0.2857142857142857,0.5379509329795837,0.3879509329795837
YSTISQM,0.266265869140625,-3.5064194202423096,0.5714285714285714,0.4285714285714285,0.1686649471521377,0.0186649471521377
YYSHNSQ,-0.41443949937820435,-1.635308027267456,0.5714285714285714,0.4285714285714285,0.3652490973472595,0.2152490973472595
YLHYNNN,-2.0456583499908447,-0.8187587261199951,0.5714285714285714,0.2857142857142857,0.4063421487808227,0.2563421487808227
VHHVSNY,-0.2250153124332428,-2.09663724899292,0.5714285714285714,0.4285714285714285,0.3167805671691894,0.1667805671691894
YYSRANN,0.6071957349777222,0.30675768852233887,0.5714285714285714,0.1428571428571428,0.569287896156311,0.419287896156311
MYHRSAN,0.6538687348365784,0.9335377216339111,0.5714285714285714,0.1428571428571428,0.6351391077041626,0.4851391077041626
YYSSHGN,-0.6659595966339111,-2.061354398727417,0.5714285714285714,0.2857142857142857,0.3204874694347381,0.1704874694347381
YYHRGHN,-1.7560467720031738,0.8104298710823059,0.5714285714285714,0.1428571428571428,0.4384128153324127,0.2884128153324127
YYNRDNN,0.347697913646698,-1.0761942863464355,0.5714285714285714,0.2857142857142857,0.4239911139011383,0.2739911139011383
TSSRGST,1.222128987312317,-3.5492591857910156,0.7142857142857143,0.2857142857142857,0.1641640812158584,0.0641640812158584
AYHRPGN,0.30762410163879395,0.1842638999223709,0.7142857142857143,0.2857142857142857,0.5564182996749878,0.4564182996749878
YTRRQNN,-2.557969093322754,-0.07452882081270218,0.4285714285714285,0.1428571428571428,0.3496105074882507,0.1496105074882507
WSSRSSF,-0.9847997426986694,-0.8678871393203735,0.5714285714285714,0.2857142857142857,0.4458764493465423,0.2958764493465423
YYRRANT,-3.750148296356201,0.5327275395393372,0.5714285714285714,0.2857142857142857,0.2175923734903335,0.0675923734903335
YYSRINN,-1.303385615348816,0.07523320615291595,0.5714285714285714,0.2857142857142857,0.4885390698909759,0.3385390698909759
FYHSSIN,-1.925260305404663,-0.4259113669395447,0.5714285714285714,0.2857142857142857,0.419674664735794,0.269674664735794
QYDSSNG,0.11535843461751938,-2.583320379257202,0.7142857142857143,0.2857142857142857,0.2656482756137848,0.1656482756137848
YSHRVSN,1.5743885040283203,0.13568107783794403,0.5714285714285714,0.2857142857142857,0.551314115524292,0.4013141155242919
QYSRSAN,1.5230978727340698,1.6478313207626343,0.5714285714285714,0.1428571428571428,0.7101848125457764,0.5601848125457763
YYSRSNA,1.1160309314727783,0.35125505924224854,0.5714285714285714,0.1428571428571428,0.5739628672599792,0.4239628672599792
MHSRSQG,1.563718318939209,-2.058018207550049,0.5714285714285714,0.4285714285714285,0.3208379745483398,0.1708379745483398
MSRRSVN,-2.643653392791748,-0.17154660820960999,0.4285714285714285,0.2857142857142857,0.3401221036911011,0.1401221036911011
HSHVSNN,-0.23744726181030273,-3.3207688331604004,0.5714285714285714,0.1428571428571428,0.1881699115037918,0.0381699115037918
MTSRSSN,2.0841431617736816,-3.704129457473755,0.5714285714285714,0.2857142857142857,0.1478929817676544,0.0
MYRLANP,-0.04823356121778488,-0.8905441761016846,0.5714285714285714,0.2857142857142857,0.4434960484504699,0.2934960484504699
YSHSSPN,1.3186583518981934,-0.8571406006813049,0.2857142857142857,0.1428571428571428,0.4470055103302002,0.1970055103302002
YYHSSPN,-1.126116394996643,-0.5162981152534485,0.2857142857142857,0.1428571428571428,0.4828153550624847,0.2328153550624847
IYRRGST,-2.808399200439453,0.22825169563293457,0.7142857142857143,0.2857142857142857,0.3218786716461181,0.2218786716461182
IYHRSNN,0.42777636647224426,1.9939481019973755,0.5714285714285714,0.1428571428571428,0.6802424192428589,0.5302424192428589
YYHRSEN,-0.7545163631439209,1.7945058345794678,0.5714285714285714,0.0,0.5493191480636597,0.3993191480636596
YLRRSTA,-2.559492349624634,0.020669788122177124,0.5714285714285714,0.2857142857142857,0.3494418263435364,0.1994418263435363
YSHLSQP,1.5275976657867432,-0.6464231014251709,0.5714285714285714,0.2857142857142857,0.4691440463066101,0.3191440463066101
VYTRHND,0.8387243747711182,0.8899223208427429,0.4285714285714285,0.2857142857142857,0.6305567622184753,0.4305567622184754
IYHSGNN,0.4348606467247009,-2.019754648208618,0.5714285714285714,0.2857142857142857,0.3248580694198608,0.1748580694198608
DSRVSGN,0.5015650987625122,-3.5544607639312744,0.4285714285714285,0.2857142857142857,0.1636175811290741,0.0
YYSRGNL,-0.36593374609947205,-0.02370966598391533,0.7142857142857143,0.1428571428571428,0.5345680713653564,0.4345680713653564
WYARSAV,-1.3978095054626465,0.30229541659355164,0.5714285714285714,0.4285714285714285,0.4780828952789306,0.3280828952789306
MYSSSVQ,-0.06702454388141632,-2.4461545944213867,0.4285714285714285,0.2857142857142857,0.2800593078136444,0.0800593078136444
IYDRRGN,0.8581207394599915,-1.1935433149337769,0.7142857142857143,0.2857142857142857,0.4116621017456054,0.3116621017456055
NYHSGNN,0.4575617015361786,-2.426769495010376,0.5714285714285714,0.2857142857142857,0.2820959389209747,0.1320959389209747
YYHRSIN,-1.6022964715957642,0.917949914932251,0.5714285714285714,0.1428571428571428,0.4554386436939239,0.3054386436939239
YSHRAAH,-0.46189963817596436,0.3453768789768219,0.5714285714285714,0.1428571428571428,0.5733453035354614,0.4233453035354614
YYAWSQY,-3.816638469696045,1.6911492347717285,0.5714285714285714,0.1428571428571428,0.2102294564247131,0.0602294564247131
YYHRASN,-1.4868265390396118,0.8486871719360352,0.5714285714285714,0.1428571428571428,0.4682254195213318,0.3182254195213317
YSTRSSN,2.6273701190948486,-1.323075532913208,0.5714285714285714,0.1428571428571428,0.3980530798435211,0.2480530798435211
YLSRFQN,-1.6546000242233276,-0.4359474778175354,0.7142857142857143,0.4285714285714285,0.4496467113494873,0.3496467113494873
YYHRVEN,-1.1859793663024902,0.7468217015266418,0.7142857142857143,0.1428571428571428,0.5015403032302856,0.4015403032302856
YYSRAND,0.5352914929389954,-0.38833096623420715,0.7142857142857143,0.1428571428571428,0.4962599575519562,0.3962599575519562
MYHRNNN,0.23637059330940247,-0.10410454869270325,0.7142857142857143,0.1428571428571428,0.5261215567588806,0.4261215567588806
YSIAQPS,1.2038745880126953,-4.324702739715576,0.5714285714285714,0.4285714285714285,0.082693837583065,0.0
YYSRVNN,-0.3433108627796173,0.07294880598783493,0.5714285714285714,0.2857142857142857,0.5447232723236084,0.3947232723236084
FYSRSIN,-1.1022281646728516,0.47771698236465454,0.5714285714285714,0.2857142857142857,0.5108146071434021,0.3608146071434021
VSHFAKN,1.6824817657470703,-2.081610679626465,0.5714285714285714,0.4285714285714285,0.3183592855930328,0.1683592855930328
VSHTNQN,0.6774620413780212,-4.387936115264893,0.5714285714285714,0.4285714285714285,0.0760503634810447,0.0
YSHRNNN,1.5117714405059814,-0.5843440890312195,0.4285714285714285,0.1428571428571428,0.4756662845611572,0.2756662845611572
SYHRSNR,-4.394726276397705,1.2300388813018799,0.5714285714285714,0.1428571428571428,0.1462138593196869,0.0
VYDRGSN,0.9719967246055603,-1.1276147365570068,0.5714285714285714,0.1428571428571428,0.4185887575149536,0.2685887575149536
IYHRLAN,-0.35095563530921936,1.581995964050293,0.7142857142857143,0.1428571428571428,0.5940081477165222,0.4940081477165222
VYHRGLN,0.7348124980926514,2.4616787433624268,0.5714285714285714,0.0,0.7142426371574402,0.5642426371574402
YSRSLVN,1.1651840209960938,2.2716965675354004,0.4285714285714285,0.0,0.7619006037712097,0.5619006037712098
VYTRANV,1.1700628995895386,3.1846587657928467,0.4285714285714285,0.0,0.7624409198760986,0.5624409198760987
SYSRANV,1.7213318347930908,1.2222152948379517,0.5714285714285714,0.0,0.6654683947563171,0.5154683947563171
VYHRGSN,0.7546353340148926,1.441296100616455,0.5714285714285714,0.0,0.6884856224060059,0.5384856224060058
VYHRGSN,0.7546353340148926,1.441296100616455,0.5714285714285714,0.0,0.6884856224060059,0.5384856224060058
YSRVNEN,1.599050760269165,2.3024837970733643,0.2857142857142857,0.0,0.7789643406867981,0.5289643406867981
YSRVNEN,1.599050760269165,2.3024837970733643,0.2857142857142857,0.0,0.7789643406867981,0.5289643406867981
IYHRANN,0.33326804637908936,1.7570427656173706,0.7142857142857143,0.0,0.6697769165039062,0.5697769165039063
SYSRLHE,0.7578845620155334,1.5178667306900024,0.5714285714285714,0.0,0.6965303421020508,0.5465303421020508
SYHRSNN,0.7627543807029724,2.127140998840332,0.5714285714285714,0.0,0.7173368334770203,0.5673368334770202
SYHRSNN,0.7627543807029724,2.127140998840332,0.5714285714285714,0.0,0.7173368334770203,0.5673368334770202
SYHRSNN,0.7627543807029724,2.127140998840332,0.5714285714285714,0.0,0.7173368334770203,0.5673368334770202
SYHRSNN,0.7627543807029724,2.127140998840332,0.5714285714285714,0.0,0.7173368334770203,0.5673368334770202
SYHRSNN,0.7627543807029724,2.127140998840332,0.5714285714285714,0.0,0.7173368334770203,0.5673368334770202
IYSRSND,1.1894460916519165,1.8282781839370728,0.4285714285714285,0.0,0.7291430234909058,0.5291430234909058
IYSRSND,1.1894460916519165,1.8282781839370728,0.4285714285714285,0.0,0.7291430234909058,0.5291430234909058
IYHRGSN,0.7749402523040771,1.4427777528762817,0.5714285714285714,0.0,0.6886412501335144,0.5386412501335144
IYHRGSN,0.7749402523040771,1.4427777528762817,0.5714285714285714,0.0,0.6886412501335144,0.5386412501335144
IYHRGSN,0.7749402523040771,1.4427777528762817,0.5714285714285714,0.0,0.6886412501335144,0.5386412501335144
IYHRGSN,0.7749402523040771,1.4427777528762817,0.5714285714285714,0.0,0.6886412501335144,0.5386412501335144
VYARSSN,1.1999764442443848,2.569692850112915,0.4285714285714285,0.0,0.765753448009491,0.565753448009491
IYTRATV,0.7838273644447327,1.6613857746124268,0.5714285714285714,0.0,0.7116088271141052,0.5616088271141052
IYSRSNN,1.209181785583496,3.098268508911133,0.4285714285714285,0.0,0.7667728066444397,0.5667728066444397
IYSRSNN,1.209181785583496,3.098268508911133,0.4285714285714285,0.0,0.7667728066444397,0.5667728066444397
IYSRSNN,1.209181785583496,3.098268508911133,0.4285714285714285,0.0,0.7667728066444397,0.5667728066444397
YSRSLAN,1.7333980798721313,1.7346062660217285,0.4285714285714285,0.0,0.7193015813827515,0.5193015813827515
IYSRTNN,0.7924732565879822,2.7223355770111084,0.5714285714285714,0.0,0.7206278443336487,0.5706278443336487
HYSRSPN,0.7927325367927551,1.4149210453033447,0.5714285714285714,0.0,0.6857145428657532,0.5357145428657532
HYSRSPN,0.7927325367927551,1.4149210453033447,0.5714285714285714,0.0,0.6857145428657532,0.5357145428657532
YHRVGSN,1.222070336341858,2.021982192993164,0.4285714285714285,0.0,0.7494941353797913,0.5494941353797913
VYHRGNN,0.8171966671943665,1.7982733249664307,0.5714285714285714,0.0,0.7233656048774719,0.5733656048774719
VYHRGNN,0.8171966671943665,1.7982733249664307,0.5714285714285714,0.0,0.7233656048774719,0.5733656048774719
IYHRSNG,0.8296962380409241,1.531541347503662,0.5714285714285714,0.0,0.6979670524597168,0.5479670524597168
YSRSSVN,2.4003820419311523,1.7830203771591187,0.4285714285714285,0.0,0.7243881225585938,0.5243881225585938
YSRAGNN,2.663017988204956,2.2642297744750977,0.2857142857142857,0.0,0.7749453186988831,0.5249453186988831
YSRAGNN,2.663017988204956,2.2642297744750977,0.2857142857142857,0.0,0.7749453186988831,0.5249453186988831
VYSRVAN,0.8509868383407593,2.5880870819091797,0.5714285714285714,0.0,0.7271074652671814,0.5771074652671814
IYSRNNN,0.9791157245635986,1.3348230123519897,0.5714285714285714,0.0,0.6772992610931396,0.5272992610931396
QYSRSVD,1.2782227993011475,1.8060399293899536,0.4285714285714285,0.0,0.7268065810203552,0.5268065810203553
YSRVNNN,3.1117184162139893,2.300304889678955,0.2857142857142857,0.0,0.7787354588508606,0.5287354588508606
VYHRANN,0.8740494847297668,1.5839598178863525,0.5714285714285714,0.0,0.703474223613739,0.553474223613739
SYHRSST,0.876466691493988,1.387302041053772,0.5714285714285714,0.0,0.6828128695487976,0.5328128695487976
NYSRSNN,1.1415168046951294,1.362898826599121,0.5714285714285714,0.0,0.6802489757537842,0.5302489757537842
NYSRSNN,1.1415168046951294,1.362898826599121,0.5714285714285714,0.0,0.6802489757537842,0.5302489757537842
NYSRSNN,1.1415168046951294,1.362898826599121,0.5714285714285714,0.0,0.6802489757537842,0.5302489757537842
NYSRSNN,1.1415168046951294,1.362898826599121,0.5714285714285714,0.0,0.6802489757537842,0.5302489757537842
QYVRSSE,0.8793430328369141,1.552398681640625,0.5714285714285714,0.0,0.7001583576202393,0.5501583576202392
TYSRSST,1.2296098470687866,1.3705421686172485,0.5714285714285714,0.0,0.681052029132843,0.531052029132843
YSRSQNN,1.771315336227417,1.8466640710830688,0.4285714285714285,0.0,0.7310746908187866,0.5310746908187867
YSRSQNN,1.771315336227417,1.8466640710830688,0.4285714285714285,0.0,0.7310746908187866,0.5310746908187867
YSRSQNN,1.771315336227417,1.8466640710830688,0.4285714285714285,0.0,0.7310746908187866,0.5310746908187867
YSRSQNN,1.771315336227417,1.8466640710830688,0.4285714285714285,0.0,0.7310746908187866,0.5310746908187867
QYHRAAN,0.5593296885490417,0.9051790833473206,0.7142857142857143,0.0,0.6321597099304199,0.5321597099304199
MYSRNNN,1.264977216720581,0.905227541923523,0.7142857142857143,0.0,0.6321647763252258,0.5321647763252259
IYSRSNG,1.566129446029663,1.8501169681549072,0.4285714285714285,0.0,0.7314374446868896,0.5314374446868897
YSRISNN,2.958439588546753,2.3349082469940186,0.2857142857142857,0.0,0.7823709845542908,0.5323709845542908
YSRVDEL,0.932559609413147,1.4018746614456177,0.5714285714285714,0.0,0.6843438744544983,0.5343438744544983
YSRLGQD,2.593733549118042,2.350282669067383,0.2857142857142857,0.0,0.7839862704277039,0.5339862704277039
YSRLGQD,2.593733549118042,2.350282669067383,0.2857142857142857,0.0,0.7839862704277039,0.5339862704277039
YSRSSPN,2.597914934158325,2.374415636062622,0.2857142857142857,0.0,0.7865217328071594,0.5365217328071594
YSRSSPN,2.597914934158325,2.374415636062622,0.2857142857142857,0.0,0.7865217328071594,0.5365217328071594
YSRSSPN,2.597914934158325,2.374415636062622,0.2857142857142857,0.0,0.7865217328071594,0.5365217328071594
YSRSSPN,2.597914934158325,2.374415636062622,0.2857142857142857,0.0,0.7865217328071594,0.5365217328071594
IYSRSPN,1.3657299280166626,2.306851625442505,0.4285714285714285,0.0,0.7794232368469238,0.5794232368469239
YSRSQSN,1.6020078659057617,1.911088228225708,0.4285714285714285,0.0,0.7378432750701904,0.5378432750701905
YSRSQSN,1.6020078659057617,1.911088228225708,0.4285714285714285,0.0,0.7378432750701904,0.5378432750701905
TYTRSTN,1.59111750125885,1.9248038530349731,0.4285714285714285,0.0,0.7392842769622803,0.5392842769622803
QYSRSNA,1.9483537673950195,1.4585751295089722,0.5714285714285714,0.0,0.6903010010719299,0.5403010010719299
VYTRASN,1.4594546556472778,1.9316715002059937,0.4285714285714285,0.0,0.7400058507919312,0.5400058507919312
YSRSPLN,2.0026628971099854,1.9378924369812012,0.4285714285714285,0.0,0.7406594157218933,0.5406594157218934
YSRSQNP,2.1303699016571045,1.4667940139770508,0.5714285714285714,0.0,0.691164493560791,0.541164493560791
SYHRPNN,0.5521334409713745,1.0383319854736328,0.7142857142857143,0.0,0.6461490988731384,0.5461490988731384
IYSRSSN,1.440469741821289,1.947092890739441,0.4285714285714285,0.0,0.7416260242462158,0.5416260242462159
IYSRSSN,1.440469741821289,1.947092890739441,0.4285714285714285,0.0,0.7416260242462158,0.5416260242462159
YSRSINN,2.091066837310791,1.9562560319900513,0.4285714285714285,0.0,0.7425886988639832,0.5425886988639832
YSRSINN,2.091066837310791,1.9562560319900513,0.4285714285714285,0.0,0.7425886988639832,0.5425886988639832
YSRSINN,2.091066837310791,1.9562560319900513,0.4285714285714285,0.0,0.7425886988639832,0.5425886988639832
QYSRGSN,1.5451799631118774,1.4965078830718994,0.5714285714285714,0.0,0.6942862868309021,0.5442862868309021
SYHRSPN,1.009524941444397,1.9068986177444458,0.5714285714285714,0.0,0.7374030947685242,0.5874030947685241
QYSRNNP,1.5083811283111572,1.5115464925765991,0.5714285714285714,0.0,0.6958663463592529,0.5458663463592529
YLHRGNS,0.6472460627555847,1.0436344146728516,0.7142857142857143,0.0,0.6467061638832092,0.5467061638832093
YLHRGNS,0.6472460627555847,1.0436344146728516,0.7142857142857143,0.0,0.6467061638832092,0.5467061638832093
VYTRANN,1.4377975463867188,2.749725580215454,0.4285714285714285,0.0,0.7920889854431152,0.5920889854431153
VYTRANN,1.4377975463867188,2.749725580215454,0.4285714285714285,0.0,0.7920889854431152,0.5920889854431153
VYTRANN,1.4377975463867188,2.749725580215454,0.4285714285714285,0.0,0.7920889854431152,0.5920889854431153
VYTRANN,1.4377975463867188,2.749725580215454,0.4285714285714285,0.0,0.7920889854431152,0.5920889854431153
VYTRANN,1.4377975463867188,2.749725580215454,0.4285714285714285,0.0,0.7920889854431152,0.5920889854431153
YSRVLGN,1.4600673913955688,2.137068271636963,0.4285714285714285,0.0,0.7615853548049927,0.5615853548049927
YSRVLGN,1.4600673913955688,2.137068271636963,0.4285714285714285,0.0,0.7615853548049927,0.5615853548049927
VYSRGNN,1.0391335487365723,1.753395676612854,0.5714285714285714,0.0,0.7212756276130676,0.5712756276130676
QYSRSND,1.1993532180786133,1.5455397367477417,0.5714285714285714,0.0,0.6994377374649048,0.5494377374649048
TYSRSNN,1.0697753429412842,2.0232675075531006,0.5714285714285714,0.0,0.7496291995048523,0.5996291995048523
TYSRSNN,1.0697753429412842,2.0232675075531006,0.5714285714285714,0.0,0.7496291995048523,0.5996291995048523
TYSRSNN,1.0697753429412842,2.0232675075531006,0.5714285714285714,0.0,0.7496291995048523,0.5996291995048523
SYSRSNN,1.0727022886276245,2.1194589138031006,0.5714285714285714,0.0,0.7516595125198364,0.6016595125198364
SYSRSNN,1.0727022886276245,2.1194589138031006,0.5714285714285714,0.0,0.7516595125198364,0.6016595125198364
SYSRSNN,1.0727022886276245,2.1194589138031006,0.5714285714285714,0.0,0.7516595125198364,0.6016595125198364
SYSRSNN,1.0727022886276245,2.1194589138031006,0.5714285714285714,0.0,0.7516595125198364,0.6016595125198364
SYSRSNN,1.0727022886276245,2.1194589138031006,0.5714285714285714,0.0,0.7516595125198364,0.6016595125198364
VYSRPPN,1.3658779859542847,1.5837769508361816,0.5714285714285714,0.0,0.7034550309181213,0.5534550309181213
IYSRSAN,1.4985451698303223,2.275128126144409,0.4285714285714285,0.0,0.7760903239250183,0.5760903239250184
YSRSSVQ,1.976434350013733,1.5923123359680176,0.5714285714285714,0.0,0.7043517827987671,0.5543517827987671
QYSRGSQ,1.0115461349487305,1.1389461755752563,0.7142857142857143,0.0,0.6567198634147644,0.5567198634147644
YSRSSNQ,2.235509157180786,2.0813941955566406,0.4285714285714285,0.0,0.7557361125946045,0.5557361125946045
YSRSSNQ,2.235509157180786,2.0813941955566406,0.4285714285714285,0.0,0.7557361125946045,0.5557361125946045
YSRSPGE,1.8658947944641113,1.645357608795166,0.5714285714285714,0.0,0.7099248766899109,0.5599248766899109
YSRSLGN,1.5712090730667114,2.120896100997925,0.4285714285714285,0.0,0.7598863244056702,0.5598863244056702
QYSRSNN,1.1347072124481201,2.8329105377197266,0.5714285714285714,0.0,0.7585256695747375,0.6085256695747375
QYSRSNN,1.1347072124481201,2.8329105377197266,0.5714285714285714,0.0,0.7585256695747375,0.6085256695747375
QYSRSNN,1.1347072124481201,2.8329105377197266,0.5714285714285714,0.0,0.7585256695747375,0.6085256695747375
QYSRSNN,1.1347072124481201,2.8329105377197266,0.5714285714285714,0.0,0.7585256695747375,0.6085256695747375
YSRSANN,2.7788655757904053,2.5977861881256104,0.2857142857142857,0.0,0.8099896311759949,0.5599896311759949
QYHRANN,0.8508756756782532,1.2021807432174683,0.7142857142857143,0.0,0.663363516330719,0.563363516330719
SYSRTNL,1.168756365776062,1.8445312976837158,0.5714285714285714,0.0,0.7308505773544312,0.5808505773544311
TYSRGTN,1.5971348285675049,1.7018580436706543,0.5714285714285714,0.0,0.7158609628677368,0.5658609628677368
YSRSGNN,2.8404319286346436,2.65136456489563,0.2857142857142857,0.0,0.8156187534332275,0.5656187534332275
SYHRANT,0.7835583090782166,1.3586664199829102,0.7142857142857143,0.0,0.6798043251037598,0.5798043251037598
YSRLGQN,2.523437738418579,2.67421555519104,0.2857142857142857,0.0,0.8180195093154907,0.5680195093154907
YSRSQAN,1.7623904943466187,2.207921266555786,0.4285714285714285,0.0,0.7690293788909912,0.5690293788909913
QYSRSSN,1.2236515283584595,2.193639039993286,0.5714285714285714,0.0,0.7675288319587708,0.6175288319587707
MYSRSNN,1.5054917335510254,1.7826772928237915,0.5714285714285714,0.0,0.7243520617485046,0.5743520617485046
MYSRSNN,1.5054917335510254,1.7826772928237915,0.5714285714285714,0.0,0.7243520617485046,0.5743520617485046
MYSRSNN,1.5054917335510254,1.7826772928237915,0.5714285714285714,0.0,0.7243520617485046,0.5743520617485046
QYSRSTN,1.287840723991394,2.425595283508301,0.5714285714285714,0.0,0.775483250617981,0.6254832506179809
QYSRSTN,1.287840723991394,2.425595283508301,0.5714285714285714,0.0,0.775483250617981,0.6254832506179809
YSRSSGN,2.498208522796631,2.3260834217071533,0.4285714285714285,0.0,0.7814437747001648,0.5814437747001648
YSRSSGN,2.498208522796631,2.3260834217071533,0.4285714285714285,0.0,0.7814437747001648,0.5814437747001648
MYSRANN,1.9002363681793213,1.3881070613861084,0.7142857142857143,0.0,0.6828974485397339,0.5828974485397339
YSRVSNN,2.917630195617676,2.8026349544525146,0.2857142857142857,0.0,0.8315116763114929,0.5815116763114929
YSRSSAN,2.5067453384399414,2.3360517024993896,0.4285714285714285,0.0,0.782491147518158,0.582491147518158
YSRSLNN,2.0125224590301514,2.3630013465881348,0.4285714285714285,0.0,0.7853225469589233,0.5853225469589234
YSRSGPN,2.7878224849700928,3.3061652183532715,0.1428571428571428,0.0,0.8844138979911804,0.5844138979911804
YSRSGSN,2.758145809173584,2.9118716716766357,0.2857142857142857,0.0,0.8429883718490601,0.5929883718490601
YSRSGSN,2.758145809173584,2.9118716716766357,0.2857142857142857,0.0,0.8429883718490601,0.5929883718490601
YSRLSNN,3.315321445465088,3.4239096641540527,0.1428571428571428,0.0,0.8967844247817993,0.5967844247817993
YSRGSPN,2.7337636947631836,3.429210901260376,0.1428571428571428,0.0,0.8973414301872253,0.5973414301872253
QYSRLNN,1.0643407106399536,3.376476526260376,0.7142857142857143,0.0,0.7507335543632507,0.6507335543632508
IYSRGNP,1.5843440294265747,2.221428632736206,0.5714285714285714,0.0,0.7704485058784485,0.6204485058784485
YSRLSQN,2.523674249649048,3.461937665939331,0.2857142857142857,0.0,0.9007798433303832,0.6507798433303833
