seq,fitness_pred,htfr1_pred,ref_dist,div_prev,reward_signal,final_score
VMRSMAN,1.4557181596755981,-2.9523849487304688,0.5714285714285714,0.4285714285714285,0.2693617045879364,0.1193617045879364
SYSRWDN,-2.7409286499023438,1.391255497932434,0.7142857142857143,0.2857142857142857,0.3257897496223449,0.225789749622345
IYAKQKV,-2.165524482727051,0.3494960069656372,0.5714285714285714,0.2857142857142857,0.3898464441299438,0.2398464441299438
ESYRSNN,0.5276996493339539,-1.5216889381408691,0.5714285714285714,0.2857142857142857,0.4255922436714172,0.2755922436714172
MYRDGPD,0.6089363098144531,-2.887026786804199,0.5714285714285714,0.4285714285714285,0.2764987647533417,0.1264987647533416
IYSQGVN,-0.2202334702014923,-2.007478713989258,0.4285714285714285,0.2857142857142857,0.3725444972515106,0.1725444972515106
YLRAGNC,-3.2106947898864746,-0.19949133694171906,0.5714285714285714,0.4285714285714285,0.2734931707382202,0.1234931707382202
SRYQNNI,0.7828159332275391,-1.9902739524841309,0.8571428571428571,0.5714285714285714,0.3744232356548309,0.3244232356548309
YNTLSNN,0.8167778849601746,-2.403714895248413,0.2857142857142857,0.2857142857142857,0.329275906085968,0.079275906085968
YSRMLYK,-3.753363609313965,0.5253463387489319,0.5714285714285714,0.2857142857142857,0.2130807340145111,0.0630807340145111
YYHRYNS,-1.7938917875289917,0.3360452353954315,0.5714285714285714,0.2857142857142857,0.4312183260917663,0.2812183260917663
YYSNGNP,-0.7299225926399231,-0.9987519383430481,0.7142857142857143,0.2857142857142857,0.4826964139938354,0.3826964139938354
PSGSMDD,-1.3184473514556885,-4.618978500366211,0.5714285714285714,0.5714285714285714,0.0873713865876197,0.0
PISLQSN,0.04529350623488426,-4.433219909667969,0.5714285714285714,0.4285714285714285,0.1076560392975807,0.0
TYSRAQN,1.008170247077942,1.3696423768997192,0.5714285714285714,0.1428571428571428,0.7413226962089539,0.5913226962089538
WYSRYNL,-3.232243537902832,0.2686460316181183,0.7142857142857143,0.1428571428571428,0.271094262599945,0.1710942625999451
IHRSNCN,-3.6901254653930664,1.402660608291626,0.5714285714285714,0.4285714285714285,0.2201206982135772,0.0701206982135772
MYSRAEA,1.5167298316955566,-0.09452960640192032,0.7142857142857143,0.1428571428571428,0.5814365744590759,0.4814365744590759
QYSRSNN,1.1347072124481201,2.8329105377197266,0.5714285714285714,0.0,0.7572437524795532,0.6072437524795532
SSRSSDN,0.7851055264472961,-3.3005263805389404,0.4285714285714285,0.2857142857142857,0.2313450127840042,0.0313450127840042
ARCRMEN,-3.9139676094055176,-0.5256149768829346,0.7142857142857143,0.4285714285714285,0.1952015310525894,0.0952015310525894
QYSRSEY,-1.0610665082931519,1.1437193155288696,0.5714285714285714,0.0,0.512799859046936,0.362799859046936
EYHPLLN,-1.101677417755127,-3.2550947666168213,0.7142857142857143,0.2857142857142857,0.2363061010837555,0.1363061010837555
YSASIGN,0.9912056922912598,-2.0403103828430176,0.5714285714285714,0.2857142857142857,0.3689593076705932,0.2189593076705932
QYHHVND,0.02091904915869236,-2.0424327850341797,0.7142857142857143,0.4285714285714285,0.3687275648117065,0.2687275648117065
QYERSIN,0.5428418517112732,-1.602272629737854,0.5714285714285714,0.2857142857142857,0.4167926013469696,0.2667926013469696
TYERGET,0.5589640140533447,-2.9115147590637207,0.5714285714285714,0.2857142857142857,0.2738246917724609,0.1238246917724609
IKRQYNC,-4.8630218505859375,0.14668886363506317,0.7142857142857143,0.1428571428571428,0.0895483642816543,0.0
TYYRAIN,-2.1389381885528564,0.8857526779174805,0.7142857142857143,0.2857142857142857,0.3928061425685882,0.2928061425685883
QAMRQPM,1.0893925428390503,-3.20554256439209,0.7142857142857143,0.4285714285714285,0.2417171448469162,0.1417171448469162
QYLISNC,-4.0890302658081055,-0.9471888542175293,0.7142857142857143,0.2857142857142857,0.1757127344608307,0.0757127344608307
QYSRQVA,1.5424946546554565,-0.025967447087168694,0.5714285714285714,0.2857142857142857,0.5889235138893127,0.4389235138893127
QHRLSYN,-1.0840390920639038,0.3866959512233734,0.2857142857142857,0.2857142857142857,0.5102424621582031,0.2602424621582031
IYSFSEF,-4.109554290771484,1.0502923727035522,0.4285714285714285,0.2857142857142857,0.1734279096126556,0.0
NRDADQH,0.6759622693061829,-4.681703090667725,0.7142857142857143,0.5714285714285714,0.0805219262838363,0.0
TYTWGEC,-4.463131904602051,0.8510220050811768,0.7142857142857143,0.2857142857142857,0.1340659856796264,0.0340659856796264
YSLRMHI,-2.457244873046875,-1.2336704730987549,0.7142857142857143,0.4285714285714285,0.3573707640171051,0.2573707640171051
GKATLSH,0.5087472200393677,-3.925784111022949,0.5714285714285714,0.5714285714285714,0.1630675047636032,0.0130675047636032
WYGRCQE,-3.5717251300811768,0.7135793566703796,0.5714285714285714,0.4285714285714285,0.23330157995224,0.08330157995224
YYSRAWN,-2.907222270965576,1.4149214029312134,0.5714285714285714,0.2857142857142857,0.3072771430015564,0.1572771430015564
FYHLGRF,-4.065897464752197,-0.18534286320209503,0.5714285714285714,0.2857142857142857,0.178287997841835,0.028287997841835
ESRRSHK,-4.021066665649414,1.3690074682235718,0.5714285714285714,0.4285714285714285,0.1832787692546844,0.0332787692546844
YYSRQKD,1.4270132780075073,-0.1324976235628128,0.5714285714285714,0.2857142857142857,0.5772905349731445,0.4272905349731445
YSRLGQY,-0.9091954827308655,1.2108477354049683,0.4285714285714285,0.1428571428571428,0.5297068953514099,0.3297068953514099
VYHVQAE,0.15311235189437866,-2.102440118789673,0.7142857142857143,0.4285714285714285,0.3621748089790344,0.2621748089790344
IYSRSNN,1.209181785583496,3.098268508911133,0.4285714285714285,0.1428571428571428,0.7655345797538757,0.5655345797538758
YNRVPNH,0.7364368438720703,-1.6501431465148926,0.5714285714285714,0.4285714285714285,0.4115651845932007,0.2615651845932006
YTYKLNQ,-0.6986494064331055,-0.994930624961853,0.7142857142857143,0.4285714285714285,0.4831137061119079,0.383113706111908
TYSHSLN,0.1710970550775528,0.0873575285077095,0.5714285714285714,0.2857142857142857,0.6012985110282898,0.4512985110282898
CARLSNN,-3.4641590118408203,0.40683579444885254,0.2857142857142857,0.2857142857142857,0.2452763468027115,0.0
EFRVLGN,-0.5002657175064087,-2.3943941593170166,0.7142857142857143,0.2857142857142857,0.330293744802475,0.230293744802475
MYVRGNN,0.9186574220657349,1.700692057609558,0.5714285714285714,0.1428571428571428,0.7331920266151428,0.5831920266151428
GQHYSNH,0.047495417296886444,-2.513800859451294,0.7142857142857143,0.4285714285714285,0.3172546327114105,0.2172546327114105
NYSRARN,-2.9192285537719727,-0.15940667688846588,0.7142857142857143,0.2857142857142857,0.305940568447113,0.205940568447113
TYSGSSN,0.7950187921524048,-3.303560495376587,0.5714285714285714,0.2857142857142857,0.2310137003660202,0.0810137003660202
VHSESNP,-0.2954756021499634,-3.9355649948120117,0.5714285714285714,0.2857142857142857,0.1619994491338729,0.0119994491338729
MYWRGNN,-2.3517706394195557,1.946151614189148,0.5714285714285714,0.1428571428571428,0.3691126406192779,0.2191126406192779
YYSRSDN,-0.3116157650947571,0.05455779284238815,0.5714285714285714,0.1428571428571428,0.5962322354316711,0.4462322354316711
SYSRSST,1.4084283113479614,1.593125581741333,0.5714285714285714,0.1428571428571428,0.7657268047332764,0.6157268047332763
MRSREYR,-3.290283441543579,0.570137083530426,0.5714285714285714,0.5714285714285714,0.2646329998970032,0.1146329998970031
IYLIGMT,-3.100346565246582,-1.7774457931518555,0.5714285714285714,0.4285714285714285,0.2857776582241058,0.1357776582241058
AYTSSGN,0.5712191462516785,-2.826220989227295,0.5714285714285714,0.4285714285714285,0.2831386923789978,0.1331386923789978
SDDRSNN,0.5489960312843323,-3.7147128582000732,0.5714285714285714,0.2857142857142857,0.1861162781715393,0.0361162781715393
QYSRKSN,-2.5494449138641357,1.297385573387146,0.7142857142857143,0.0,0.3471066057682037,0.2471066057682037
WLQCGEN,-4.38669490814209,-1.2844529151916504,0.7142857142857143,0.4285714285714285,0.1425753086805343,0.0425753086805343
KWMRPMT,-4.434859275817871,-0.13959023356437683,0.7142857142857143,0.4285714285714285,0.1372134238481521,0.0372134238481521
MMHKKNT,-1.8035974502563477,-0.6559770107269287,0.7142857142857143,0.2857142857142857,0.4301378428936004,0.3301378428936005
YDELYQD,-1.9111965894699097,-1.8750941753387451,0.5714285714285714,0.4285714285714285,0.3870007693767547,0.2370007693767547
SYLRSSV,0.4865672290325165,1.2669849395751953,0.5714285714285714,0.2857142857142857,0.6850897073745728,0.5350897073745727
YNRRSGW,-2.673842430114746,-0.09271472692489624,0.5714285714285714,0.2857142857142857,0.3332580924034118,0.1832580924034118
TYNMATV,-0.1455385684967041,-3.7884182929992676,0.4285714285714285,0.4285714285714285,0.1780677139759063,0.0
QAHRQAS,0.7849056124687195,-2.7012062072753906,0.7142857142857143,0.4285714285714285,0.2967901825904846,0.1967901825904846
ESESGRQ,-0.18747925758361816,-4.528216361999512,0.5714285714285714,0.4285714285714285,0.0972825214266777,0.0
QQYKHYS,-0.8126167058944702,-0.4077131450176239,0.7142857142857143,0.1428571428571428,0.5404585003852844,0.4404585003852844
CFSMLKN,-3.365237236022949,-0.8410884737968445,0.7142857142857143,0.4285714285714285,0.2562887668609619,0.1562887668609619
YQKRSAN,-2.3438515663146973,-0.3967171609401703,0.4285714285714285,0.1428571428571428,0.3699942231178283,0.1699942231178283
SYSRSMN,1.240162968635559,1.2013598680496216,0.5714285714285714,0.1428571428571428,0.7229464054107666,0.5729464054107666
DYSRSPY,-1.372713327407837,-0.4239015281200409,0.5714285714285714,0.2857142857142857,0.4781059324741363,0.3281059324741363
HYSSKMP,1.6746529340744019,-2.2494049072265625,0.7142857142857143,0.4285714285714285,0.3461264073848724,0.2461264073848724
YYHSQHG,-0.8331912159919739,-1.2883847951889038,0.5714285714285714,0.4285714285714285,0.4510688185691833,0.3010688185691833
YSSLYNQ,-1.6592459678649902,-1.8406274318695068,0.5714285714285714,0.4285714285714285,0.3907645046710968,0.2407645046710968
KYCRTIR,-5.49468994140625,0.8703134059906006,0.5714285714285714,0.5714285714285714,0.0192281026393175,0.0
VRRDSGR,-2.639845848083496,-0.6120601892471313,0.7142857142857143,0.4285714285714285,0.33704274892807,0.2370427489280701
QLSRSKE,1.483129858970642,-1.9995030164718628,0.5714285714285714,0.2857142857142857,0.3734154403209686,0.2234154403209686
AYNRAAN,1.570470929145813,-1.4474364519119263,0.7142857142857143,0.2857142857142857,0.4337005615234375,0.3337005615234375
KWDEAND,0.14245562255382538,-2.3952770233154297,0.8571428571428571,0.5714285714285714,0.3301973342895508,0.2801973342895507
AYSRKNF,-2.9819090366363525,0.3346897065639496,0.7142857142857143,0.2857142857142857,0.2989626824855804,0.1989626824855804
YLKDRQR,-2.3914318084716797,-0.8534867763519287,0.5714285714285714,0.5714285714285714,0.3646973669528961,0.2146973669528961
EYTASNA,0.0412449985742569,-4.195765018463135,0.5714285714285714,0.4285714285714285,0.1335858702659607,0.0
YYDSAIN,-1.5712919235229492,-0.9633541107177734,0.5714285714285714,0.4285714285714285,0.4559991955757141,0.3059991955757141
PIRHIMN,-1.3880873918533325,-1.8731366395950317,0.5714285714285714,0.5714285714285714,0.3872145414352417,0.2372145414352417
NTRSSPA,1.7098214626312256,-3.633661985397339,0.5714285714285714,0.4285714285714285,0.1949669420719146,0.0449669420719146
MKHKSEN,-0.19284167885780334,-0.6219141483306885,0.5714285714285714,0.1428571428571428,0.5238467454910278,0.3738467454910278
VHWRAMV,-3.269880533218384,0.5080332159996033,0.5714285714285714,0.4285714285714285,0.2669043242931366,0.1169043242931366
MYSNSDH,0.15359218418598175,-3.6563308238983154,0.5714285714285714,0.4285714285714285,0.1924915313720703,0.0424915313720703
YSRKQSV,-2.10113525390625,0.3228594958782196,0.5714285714285714,0.2857142857142857,0.3970145583152771,0.2470145583152771
YYSRSSN,0.4695335030555725,0.015150315128266811,0.5714285714285714,0.0,0.5934135317802429,0.4434135317802429
VYQRAMI,-1.1079710721969604,-0.34129098057746887,0.4285714285714285,0.2857142857142857,0.5075782537460327,0.3075782537460327
VYTRVSI,-0.44757160544395447,3.302288770675659,0.4285714285714285,0.2857142857142857,0.5810970067977905,0.3810970067977905
YVRSYQE,-0.5800645351409912,1.2958215475082397,0.5714285714285714,0.4285714285714285,0.5663472414016724,0.4163472414016723
ATMSQAN,-0.11819368600845337,-5.020808219909668,0.7142857142857143,0.4285714285714285,0.043491993099451,0.0
AYSMKNQ,1.1611673831939697,-2.887216567993164,0.7142857142857143,0.4285714285714285,0.2764780223369598,0.1764780223369598
CFHRDSI,-3.168750286102295,-0.434891015291214,0.5714285714285714,0.4285714285714285,0.2781626284122467,0.1281626284122467
GFSRSMR,-4.451420307159424,0.8919901251792908,0.7142857142857143,0.4285714285714285,0.1353697776794433,0.0353697776794433
PYGLTCN,-3.817701816558838,-0.7398986220359802,0.7142857142857143,0.5714285714285714,0.2059182971715927,0.1059182971715927
YYNYLFG,-3.070464611053467,-0.13316625356674194,0.7142857142857143,0.5714285714285714,0.2891042530536651,0.1891042530536651
SIHRVGN,0.2541264295578003,-2.1524105072021484,0.5714285714285714,0.1428571428571428,0.3567180931568146,0.2067180931568145
MYTSWNS,-3.07218861579895,-0.4091363847255707,0.5714285714285714,0.4285714285714285,0.2889123260974884,0.1389123260974884
YDRRTSM,-0.13999591767787933,-2.063779354095459,0.7142857142857143,0.2857142857142857,0.3663965165615082,0.2663965165615082
YYGDLEY,-2.608717918395996,-0.949600875377655,0.7142857142857143,0.1428571428571428,0.3405080735683441,0.2405080735683441
YYSRWSN,-2.7931301593780518,0.6744611859321594,0.7142857142857143,0.1428571428571428,0.3199784159660339,0.2199784159660339
VNASYEY,-2.269416570663452,-0.9865471720695496,0.7142857142857143,0.5714285714285714,0.3782806694507599,0.2782806694507599
PYVRSNV,0.7254918217658997,2.0787830352783203,0.5714285714285714,0.2857142857142857,0.7116879820823669,0.5616879820823669
CFRQLNR,-4.635819911956787,0.7754452228546143,0.7142857142857143,0.4285714285714285,0.1148415505886077,0.0148415505886077
QYSRGCD,-3.188156843185425,1.0960617065429688,0.7142857142857143,0.1428571428571428,0.2760021984577179,0.1760021984577179
ITRRWGN,-2.900207757949829,-0.303752601146698,0.7142857142857143,0.4285714285714285,0.3080580532550812,0.2080580532550812
KYRKELN,-2.345390796661377,-0.08797627687454224,0.7142857142857143,0.4285714285714285,0.3698228597640991,0.2698228597640991
VEIRSAS,0.5690223574638367,-2.8402583599090576,0.5714285714285714,0.4285714285714285,0.2816058099269867,0.1316058099269867
YYAGRAN,0.23316457867622375,-1.7888460159301758,0.5714285714285714,0.4285714285714285,0.396418958902359,0.246418958902359
YVRSFST,-1.1290770769119263,0.43169867992401123,0.5714285714285714,0.4285714285714285,0.5052286386489868,0.3552286386489868
YYHRSNN,-0.9529139399528503,1.031571388244629,0.4285714285714285,0.0,0.5248399376869202,0.3248399376869202
VSRSIPI,1.131459355354309,-3.0087597370147705,0.5714285714285714,0.4285714285714285,0.2632056474685669,0.1132056474685669
VYMESNN,-0.8988255262374878,-1.9532301425933838,0.5714285714285714,0.2857142857142857,0.37846839427948,0.2284683942794799
FVSRADN,0.8447075486183167,-3.2268319129943848,0.7142857142857143,0.2857142857142857,0.2393923699855804,0.1393923699855804
LYHSSNN,0.4187923073768616,-1.9279128313064575,0.5714285714285714,0.2857142857142857,0.3812330365180969,0.2312330365180969
PSRSRTY,-2.7405858039855957,-0.48366299271583557,0.5714285714285714,0.4285714285714285,0.3258278965950012,0.1758278965950012
SYSRANN,1.3540023565292358,1.132031798362732,0.7142857142857143,0.0,0.7153758406639099,0.6153758406639099
MYSSAND,0.05581269413232803,-3.467041492462158,0.7142857142857143,0.2857142857142857,0.2131617367267608,0.1131617367267608
EITRSHF,-0.20042693614959717,-2.384593963623047,0.5714285714285714,0.2857142857142857,0.3313639163970947,0.1813639163970947
YYHRGNE,0.16746439039707184,1.3092610836029053,0.7142857142857143,0.1428571428571428,0.6495656967163086,0.5495656967163086
YQRSANN,2.18178129196167,-1.6206543445587158,0.4285714285714285,0.1428571428571428,0.4147853255271911,0.2147853255271911
MSRCSSN,-3.3413712978363037,-0.6087627410888672,0.4285714285714285,0.4285714285714285,0.2589456439018249,0.0589456439018249
CYRFSGF,-4.340498924255371,0.3683314919471741,0.7142857142857143,0.4285714285714285,0.147718071937561,0.047718071937561
IYQFSGN,-1.225977897644043,-1.1384549140930176,0.5714285714285714,0.2857142857142857,0.4674410223960876,0.3174410223960876
YYMNPIC,-3.969425678253174,0.32316941022872925,0.7142857142857143,0.4285714285714285,0.1890276819467544,0.0890276819467544
GSRFGNQ,0.5490595102310181,-2.3706719875335693,0.5714285714285714,0.2857142857142857,0.3328841626644134,0.1828841626644134
IYTRLNN,-0.221035435795784,0.6962632536888123,0.5714285714285714,0.1428571428571428,0.606316089630127,0.4563160896301269
IYSTAQP,0.5990145802497864,-3.1754417419433594,0.5714285714285714,0.2857142857142857,0.2450041323900222,0.0950041323900222
TISRLAL,0.5197660326957703,-2.729119062423706,0.5714285714285714,0.4285714285714285,0.2937421202659607,0.1437421202659607
NYMRRAT,-3.7859408855438232,0.4261544644832611,0.5714285714285714,0.2857142857142857,0.2094540745019912,0.0594540745019912
SYTRSCH,-3.455864429473877,0.6535958051681519,0.4285714285714285,0.4285714285714285,0.2461997270584106,0.0461997270584106
QLSQWFV,-4.060231685638428,-0.20117279887199402,0.7142857142857143,0.4285714285714285,0.1789187341928482,0.0789187341928482
DSRPHCD,-3.3986051082611084,-0.41520482301712036,0.5714285714285714,0.5714285714285714,0.2525741159915924,0.1025741159915924
CYQRGNN,-3.581397533416748,0.31815147399902344,0.5714285714285714,0.2857142857142857,0.2322247922420501,0.0822247922420501
QSHRICQ,-4.471986770629883,-0.10911094397306442,0.5714285714285714,0.4285714285714285,0.1330802291631698,0.0
SYQRSEN,0.3845624625682831,0.3850381076335907,0.5714285714285714,0.2857142857142857,0.6338048577308655,0.4838048577308654
IYSRANN,1.362966537475586,2.3781821727752686,0.5714285714285714,0.0,0.7826546430587769,0.6326546430587768
YYSSGRN,1.2052565813064575,-1.8465148210525513,0.4285714285714285,0.1428571428571428,0.3901216089725494,0.1901216089725494
VMQKKNN,-1.4868278503417969,-1.2012113332748413,0.7142857142857143,0.4285714285714285,0.4605880677700043,0.3605880677700043
SYSRRTN,-2.6138339042663574,0.4073368012905121,0.5714285714285714,0.2857142857142857,0.3399385213851928,0.1899385213851928
IYSWLAG,-3.7506673336029053,-0.6308854222297668,0.5714285714285714,0.1428571428571428,0.2133808881044387,0.0633808881044387
IYLSLGR,-3.5296640396118164,-1.82621169090271,0.5714285714285714,0.4285714285714285,0.2379840165376663,0.0879840165376663
YYSRLGN,-0.8408935070037842,0.20689626038074493,0.7142857142857143,0.1428571428571428,0.5373105406761169,0.4373105406761169
AVGKSRN,-3.3621480464935303,-0.8561766147613525,0.5714285714285714,0.4285714285714285,0.2566326856613159,0.1066326856613159
QYSSFQN,-1.4455355405807495,-1.1210620403289795,0.7142857142857143,0.2857142857142857,0.4693402647972107,0.3693402647972107
WLNRFMY,-4.346087455749512,-0.5824633240699768,0.7142857142857143,0.2857142857142857,0.1470959186553955,0.0470959186553955
SYSRRVV,-2.5508651733398438,1.1399641036987305,0.4285714285714285,0.2857142857142857,0.346948504447937,0.146948504447937
YYAFSGN,-1.8431129455566406,-0.733665406703949,0.5714285714285714,0.1428571428571428,0.4257388114929199,0.2757388114929199
YSRRSTN,-1.765214204788208,1.0001578330993652,0.4285714285714285,0.1428571428571428,0.4344108700752258,0.2344108700752258
MVTRSVF,-0.6145257949829102,-2.341520309448242,0.5714285714285714,0.4285714285714285,0.3360674977302551,0.1860674977302551
YYCCSNQ,-4.102349758148193,0.7817330360412598,0.5714285714285714,0.4285714285714285,0.1742299497127533,0.0242299497127533
ESRLSNN,0.8997077345848083,-3.389810562133789,0.2857142857142857,0.1428571428571428,0.2215952724218368,0.0
YQSRWNA,-0.7229784727096558,-0.07570647448301315,0.5714285714285714,0.2857142857142857,0.5504374504089355,0.4004374504089355
WLRRNSF,-2.7639591693878174,0.5680345892906189,0.7142857142857143,0.4285714285714285,0.3232258856296539,0.2232258856296539
QVSRSAN,1.7112607955932617,-2.3447425365448,0.7142857142857143,0.1428571428571428,0.335715651512146,0.235715651512146
YYMQANN,-1.8230202198028564,-0.8350440263748169,0.5714285714285714,0.1428571428571428,0.4279756247997284,0.2779756247997283
EKAHQNI,0.3203405439853668,-4.3336710929870605,0.7142857142857143,0.4285714285714285,0.118526667356491,0.018526667356491
YYSRTDS,-0.44048210978507996,-0.807976245880127,0.4285714285714285,0.2857142857142857,0.5035289525985718,0.3035289525985718
AQEAWND,-2.2580368518829346,-1.856757402420044,0.8571428571428571,0.1428571428571428,0.3795475363731384,0.3295475363731384
YSIRSNC,-3.7169058322906494,0.3495413064956665,0.5714285714285714,0.2857142857142857,0.2171393781900406,0.0671393781900406
QYSRPND,0.7066609263420105,0.8352416753768921,0.7142857142857143,0.1428571428571428,0.6829667091369629,0.5829667091369629
YYFRNNN,-2.0981996059417725,0.5641739368438721,0.5714285714285714,0.2857142857142857,0.3973413705825805,0.2473413705825805
CYCRPNT,-3.4166243076324463,0.8177627921104431,0.5714285714285714,0.4285714285714285,0.2505681216716766,0.1005681216716766
SYSRTNL,1.168756365776062,1.8445312976837158,0.5714285714285714,0.0,0.7610342502593994,0.6110342502593994
YWMVCKN,-5.0197649002075195,0.6550591588020325,0.7142857142857143,0.4285714285714285,0.0720989853143692,0.0
QYFRNSN,-1.4657063484191895,0.3706766366958618,0.7142857142857143,0.1428571428571428,0.4677534699440002,0.3677534699440002
ASRYQSN,0.06546192616224289,-1.808236002922058,0.5714285714285714,0.2857142857142857,0.3943015933036804,0.2443015933036804
YSRRGST,-2.7263083457946777,0.21846386790275574,0.4285714285714285,0.2857142857142857,0.3274173438549042,0.1274173438549042
SVHIGFN,-1.5132935047149658,-2.277470111846924,0.5714285714285714,0.5714285714285714,0.3430617153644562,0.1930617153644561
QYSRSPF,-1.5387789011001587,0.2835039794445038,0.5714285714285714,0.2857142857142857,0.4596187174320221,0.3096187174320221
QYNLAES,-0.3636665344238281,-2.7673206329345703,0.5714285714285714,0.4285714285714285,0.289570540189743,0.139570540189743
IDEYSNN,-0.7619468569755554,-3.5775272846221924,0.5714285714285714,0.2857142857142857,0.2010968029499054,0.0510968029499054
MYKRSMR,-3.7682406902313232,0.960452139377594,0.5714285714285714,0.4285714285714285,0.2114245444536209,0.0614245444536209
VSGVKNN,2.171279191970825,-4.284469127655029,0.7142857142857143,0.4285714285714285,0.1238994747400283,0.0238994747400283
GRDRQRN,-2.5376853942871094,-0.8087267875671387,0.7142857142857143,0.4285714285714285,0.348415732383728,0.248415732383728
IHTRDNP,0.9395329356193542,-3.0061399936676025,0.5714285714285714,0.1428571428571428,0.2634917199611664,0.1134917199611663
TSRLSVF,-0.21744580566883087,-2.1422863006591797,0.5714285714285714,0.4285714285714285,0.3578236401081085,0.2078236401081085
NSYRLYN,-2.6997122764587402,-0.38216260075569153,0.7142857142857143,0.4285714285714285,0.3303781449794769,0.2303781449794769
YYLRCNW,-4.1622514724731445,1.1806963682174683,0.7142857142857143,0.2857142857142857,0.1675614118576049,0.0675614118576049
IYCMANN,-3.8653738498687744,0.00289112888276577,0.7142857142857143,0.1428571428571428,0.2006112188100814,0.1006112188100814
FLTRTVN,-0.34558039903640747,-1.348722219467163,0.5714285714285714,0.2857142857142857,0.4444800019264221,0.2944800019264221
YQRSANN,2.18178129196167,-1.6206543445587158,0.4285714285714285,0.1428571428571428,0.4147853255271911,0.2147853255271911
DEFRVNI,-0.25951069593429565,-2.579650640487671,0.5714285714285714,0.4285714285714285,0.310063898563385,0.160063898563385
EARSCNN,-4.863320827484131,-0.28171083331108093,0.4285714285714285,0.4285714285714285,0.0895150750875473,0.0
QTRIKEN,0.9066116809844971,-2.8595807552337646,0.5714285714285714,0.4285714285714285,0.2794958353042602,0.1294958353042602
QYSDLNN,-0.5248451232910156,-1.8769930601119995,0.7142857142857143,0.1428571428571428,0.3867934048175812,0.2867934048175812
YSRRNSN,-1.94182550907135,0.5690571665763855,0.2857142857142857,0.2857142857142857,0.4147496819496155,0.1647496819496154
SYSRETQ,0.18558438122272491,0.12994952499866486,0.7142857142857143,0.2857142857142857,0.6059495210647583,0.5059495210647583
KYSRHPN,-3.5570123195648193,0.24019886553287506,0.7142857142857143,0.1428571428571428,0.2349394708871841,0.1349394708871841
TSNRQEN,0.581539511680603,-3.8564867973327637,0.7142857142857143,0.4285714285714285,0.1706347018480301,0.0706347018480301
TYFRGEN,-1.3805469274520874,0.2214730829000473,0.5714285714285714,0.1428571428571428,0.4772337973117828,0.3272337973117828
QYSRKDD,1.3694905042648315,-0.9485241174697876,0.7142857142857143,0.2857142857142857,0.4881812632083893,0.3881812632083893
YSHRQHD,0.838340163230896,-1.7576980590820312,0.5714285714285714,0.2857142857142857,0.3998202979564667,0.2498202979564666
VSHRSNS,1.195363998413086,-2.0309979915618896,0.5714285714285714,0.2857142857142857,0.3699762225151062,0.2199762225151062
IFSSINS,-1.3726341724395752,-3.8227875232696533,0.7142857142857143,0.4285714285714285,0.1743146330118179,0.0743146330118179
MYSQLWS,-4.152981281280518,0.7683658599853516,0.5714285714285714,0.5714285714285714,0.1685934066772461,0.0185934066772461
TISRNST,1.3941489458084106,-3.629409074783325,0.7142857142857143,0.4285714285714285,0.1954313665628433,0.0954313665628433
EYICTED,-4.056723117828369,-0.6922106146812439,0.7142857142857143,0.5714285714285714,0.1793093234300613,0.0793093234300613
GYVHSAA,0.21959149837493896,-1.0694286823272705,0.7142857142857143,0.1428571428571428,0.4749786257743835,0.3749786257743835
TSTRAPN,1.8432925939559937,-3.6331653594970703,0.4285714285714285,0.1428571428571428,0.1950211822986602,0.0
PYSRSNN,0.7769836187362671,1.5134986639022827,0.5714285714285714,0.1428571428571428,0.7174202799797058,0.5674202799797058
THGDITF,-0.5055285692214966,-3.6847405433654785,0.7142857142857143,0.2857142857142857,0.1893892288208007,0.0893892288208007
QFQRDNH,0.4874240756034851,-2.5895907878875732,0.8571428571428571,0.2857142857142857,0.3089784681797027,0.2589784681797027
FYRRDST,-1.1417205333709717,-0.27641329169273376,0.7142857142857143,0.2857142857142857,0.503821074962616,0.403821074962616
YGGRSHL,0.49275416135787964,-1.893304705619812,0.5714285714285714,0.2857142857142857,0.3850121796131134,0.2350121796131134
VYDRFNP,-1.1005452871322632,0.35040080547332764,0.4285714285714285,0.2857142857142857,0.5084049105644226,0.3084049105644226
QMRSYLE,-0.41853833198547363,-1.3113608360290527,0.5714285714285714,0.4285714285714285,0.4485598504543304,0.2985598504543304
KAMAPNN,0.5013705492019653,-3.802764654159546,0.7142857142857143,0.5714285714285714,0.1765011101961136,0.0765011101961136
YVTRCHT,-3.186692953109741,-0.19810040295124054,0.7142857142857143,0.4285714285714285,0.2761651575565338,0.1761651575565338
DYSRNED,-0.023111270740628242,-0.2104640156030655,0.7142857142857143,0.4285714285714285,0.5687766671180725,0.4687766671180725
PYSTVAN,0.46680644154548645,-3.141653060913086,0.7142857142857143,0.4285714285714285,0.2486938238143921,0.1486938238143921
IPTRSTC,-3.2396912574768066,-0.15112224221229553,0.5714285714285714,0.4285714285714285,0.270265132188797,0.120265132188797
QYTRAKN,-2.2563395500183105,0.02370593324303627,0.5714285714285714,0.2857142857142857,0.3797364830970764,0.2297364830970764
IYYRGSN,-1.579014778137207,1.1606125831604004,0.5714285714285714,0.1428571428571428,0.4551394581794739,0.3051394581794738
YSSRAMM,0.6376286745071411,-0.5250453948974609,0.5714285714285714,0.4285714285714285,0.5344247221946716,0.3844247221946716
VYSSQIC,-3.839383363723755,-0.03875494748353958,0.7142857142857143,0.4285714285714285,0.2035046070814132,0.1035046070814132
YYHREAT,-0.9617630839347839,-0.17937591671943665,0.7142857142857143,0.2857142857142857,0.5238548517227173,0.4238548517227173
QYSRLQN,0.635715663433075,3.2597625255584717,0.5714285714285714,0.1428571428571428,0.7016936540603638,0.5516936540603637
YNHSAND,0.616645336151123,-3.7939276695251465,0.7142857142857143,0.2857142857142857,0.1774660944938659,0.0774660944938659
PYSRAHQ,0.14159509539604187,0.1890191286802292,0.7142857142857143,0.2857142857142857,0.6123998165130615,0.5123998165130615
MAHRINI,-0.5379223823547363,-1.1471011638641357,0.8571428571428571,0.4285714285714285,0.4664968252182007,0.4164968252182006
QKSWPSV,-1.8476561307907104,-0.16958191990852356,0.7142857142857143,0.5714285714285714,0.4252330362796783,0.3252330362796783
SYSRAST,1.6270252466201782,0.908727765083313,0.7142857142857143,0.2857142857142857,0.6909912824630737,0.5909912824630738
MKLSHRK,-3.668867826461792,0.5463781356811523,0.7142857142857143,0.7142857142857143,0.2224871963262558,0.1224871963262558
VYKSAST,1.8250012397766113,-2.290879487991333,0.7142857142857143,0.4285714285714285,0.3415974378585815,0.2415974378585815
QTHHGNN,0.23185117542743683,-3.3642117977142334,0.7142857142857143,0.1428571428571428,0.2243906408548355,0.1243906408548355
KYSNRQS,-2.8526949882507324,-0.3665890693664551,0.7142857142857143,0.4285714285714285,0.3133473992347717,0.2133473992347717
YSRPNNH,0.8394873738288879,0.5144566297531128,0.4285714285714285,0.4285714285714285,0.6479372978210449,0.4479372978210449
EIFRKEV,0.5304469466209412,-2.2765424251556396,0.7142857142857143,0.5714285714285714,0.3431630134582519,0.2431630134582519
IFRRMDN,-1.6598844528198242,-0.4167138934135437,0.7142857142857143,0.4285714285714285,0.4461366534233093,0.3461366534233093
SYFRQNF,-3.4918456077575684,0.9988157153129578,0.5714285714285714,0.2857142857142857,0.2421941459178924,0.0921941459178924
SSRMKPN,-1.9573973417282104,-0.8212124705314636,0.4285714285714285,0.4285714285714285,0.4130161106586456,0.2130161106586456
YRRNPLT,-3.651671886444092,-0.7081916928291321,0.5714285714285714,0.4285714285714285,0.2244015336036682,0.0744015336036682
YYRLGSN,-0.8087343573570251,1.2862598896026611,0.4285714285714285,0.2857142857142857,0.5408906936645508,0.3408906936645508
YYSRGKV,-2.6600167751312256,-0.7327193021774292,0.7142857142857143,0.2857142857142857,0.3347972333431244,0.2347972333431244
YYSRAYN,-1.8294702768325806,0.40830159187316895,0.5714285714285714,0.1428571428571428,0.4272575974464416,0.2772575974464416
PYNRSPP,2.217755079269409,-0.23249049484729767,0.4285714285714285,0.4285714285714285,0.5663713812828064,0.3663713812828064
CYSRSAS,-3.4962196350097656,1.206184983253479,0.5714285714285714,0.2857142857142857,0.2417072057723999,0.0917072057723999
QYHYSNN,-1.8379528522491455,-0.4448389410972595,0.5714285714285714,0.1428571428571428,0.4263132512569427,0.2763132512569427
YSNLSNI,0.1789126843214035,-2.3262696266174316,0.4285714285714285,0.2857142857142857,0.3377328515052795,0.1377328515052795
SYNRSSE,1.26945161819458,-0.46355003118515015,0.5714285714285714,0.2857142857142857,0.5411399602890015,0.3911399602890014
QYARLNE,0.734294593334198,1.4851540327072144,0.7142857142857143,0.1428571428571428,0.7126678824424744,0.6126678824424744
YESRSSE,0.6302996277809143,-2.08953595161438,0.7142857142857143,0.2857142857142857,0.3635839223861694,0.2635839223861694
YSRHHNQ,0.03431220352649689,1.0826189517974854,0.5714285714285714,0.2857142857142857,0.6347426176071167,0.4847426176071167
HYYKEND,-0.7056107521057129,-1.686790108680725,0.7142857142857143,0.5714285714285714,0.4075633883476257,0.3075633883476257
VYCRGNE,-3.4702677726745605,1.9207675457000732,0.5714285714285714,0.2857142857142857,0.2445962876081466,0.0945962876081466
NWSRGNG,-0.5122262239456177,-1.0548410415649414,0.7142857142857143,0.2857142857142857,0.4765715599060058,0.3765715599060059
SASVQST,-0.0895412415266037,-4.397726535797119,0.7142857142857143,0.4285714285714285,0.111531876027584,0.011531876027584
QQCRSAL,-4.396615505218506,0.757524847984314,0.5714285714285714,0.4285714285714285,0.1414709091186523,0.0
QYRLGQD,0.7755404710769653,-0.49092426896095276,0.4285714285714285,0.2857142857142857,0.5381506681442261,0.3381506681442261
YFHLDAN,-2.166694164276123,0.04922221973538399,0.5714285714285714,0.4285714285714285,0.3897162079811096,0.2397162079811096
YTRSFNN,0.16406095027923584,-1.1124039888381958,0.4285714285714285,0.2857142857142857,0.4702857732772827,0.2702857732772827
QNERSMN,0.8170878887176514,-3.8821558952331543,0.7142857142857143,0.2857142857142857,0.1678316593170166,0.0678316593170166
TYGSSGN,0.8805009722709656,-2.812950372695923,0.5714285714285714,0.2857142857142857,0.2845878303050995,0.1345878303050995
IYSRTSM,0.5311983823776245,1.9228521585464478,0.5714285714285714,0.2857142857142857,0.6900582909584045,0.5400582909584045
QYFRSNN,-1.3855658769607544,0.8006808161735535,0.5714285714285714,0.1428571428571428,0.4766750931739807,0.3266750931739807
DWSEVNP,-1.1470741033554077,-1.0551624298095703,0.7142857142857143,0.2857142857142857,0.4765364825725555,0.3765364825725555
SYSMAPN,0.7332264184951782,-0.8918797969818115,0.5714285714285714,0.2857142857142857,0.4943667352199554,0.3443667352199554
KNEHSGM,0.09604597836732864,-4.518040657043457,0.7142857142857143,0.5714285714285714,0.0983937010169029,0.0
QSRGWWH,-4.245753765106201,0.4162558913230896,0.5714285714285714,0.4285714285714285,0.158265545964241,0.008265545964241
ESRGWNN,-1.6227086782455444,-1.9438942670822144,0.4285714285714285,0.1428571428571428,0.3794878423213959,0.1794878423213959
DSRSGDN,0.31974688172340393,-3.0461721420288086,0.4285714285714285,0.2857142857142857,0.259120225906372,0.059120225906372
FYHRSPN,-1.2804605960845947,1.167614459991455,0.5714285714285714,0.0,0.4883759319782257,0.3383759319782257
VYSRGNE,1.1412276029586792,2.279097318649292,0.5714285714285714,0.1428571428571428,0.7579696178436279,0.6079696178436279
ISSRGNP,2.0776987075805664,-4.004960536956787,0.5714285714285714,0.1428571428571428,0.1544215232133865,0.0044215232133865
SDKRSHS,-1.1627027988433838,-1.0227584838867188,0.7142857142857143,0.4285714285714285,0.480074942111969,0.380074942111969
RYTRAQP,-3.1717238426208496,-0.0765598863363266,0.2857142857142857,0.4285714285714285,0.2778315842151642,0.0278315842151641
FFSRGGQ,-0.02955758199095726,-2.3368310928344727,0.7142857142857143,0.4285714285714285,0.3365795612335205,0.2365795612335205
ERQRDNK,0.045127902179956436,-2.0433542728424072,0.5714285714285714,0.2857142857142857,0.3686269223690033,0.2186269223690033
YGNTFNY,-1.8570483922958374,-1.2633816003799438,0.7142857142857143,0.5714285714285714,0.424187421798706,0.3241874217987061
SYLCYVN,-4.819089412689209,1.8543202877044678,0.5714285714285714,0.4285714285714285,0.0944391265511512,0.0
MYGGQNN,0.9437357783317566,-3.2046196460723877,0.7142857142857143,0.4285714285714285,0.2418179363012313,0.1418179363012314
HQTRDNN,1.4438884258270264,-3.839078426361084,0.7142857142857143,0.2857142857142857,0.1725356876850128,0.0725356876850128
TYSRSSN,1.2077594995498657,0.9517911076545715,0.5714285714285714,0.1428571428571428,0.6956937909126282,0.5456937909126282
CYSRIDW,-4.139366626739502,1.1626263856887817,0.7142857142857143,0.4285714285714285,0.1701090633869171,0.0701090633869171
WYTSFNP,-2.9881176948547363,0.455986350774765,0.5714285714285714,0.4285714285714285,0.298271507024765,0.148271507024765
KYSRANN,-2.8082778453826904,-0.4083766043186188,0.7142857142857143,0.1428571428571428,0.3182921111583709,0.218292111158371
QYSQLEE,-0.6927533149719238,-1.784886121749878,0.7142857142857143,0.2857142857142857,0.3968513906002044,0.2968513906002045
WYPRNEI,-1.3176984786987305,0.13684599101543427,0.5714285714285714,0.4285714285714285,0.4842303991317749,0.3342303991317749
YSRKQNP,-0.5077653527259827,1.0662387609481812,0.5714285714285714,0.1428571428571428,0.5743959546089172,0.4243959546089172
SRPHVNN,0.7630682587623596,-3.304263114929199,0.7142857142857143,0.4285714285714285,0.230936974287033,0.1309369742870331
YSSRCNR,-4.468259334564209,-0.519072413444519,0.7142857142857143,0.4285714285714285,0.1334951817989349,0.0334951817989349
DLIVPGE,-1.2361029386520386,-5.419090270996094,0.7142857142857143,0.5714285714285714,0.0,0.0
SYVRACN,-3.9838101863861084,1.526216983795166,0.5714285714285714,0.2857142857142857,0.1874263286590576,0.0374263286590576
RYSRKNN,-3.3211045265197754,1.062111496925354,0.7142857142857143,0.1428571428571428,0.2612018287181854,0.1612018287181854
WAGWINY,-3.5890653133392334,1.047006368637085,0.7142857142857143,0.1428571428571428,0.2313711792230606,0.1313711792230606
TYQHWFL,-4.499752044677734,0.7779585719108582,0.7142857142857143,0.5714285714285714,0.1299892663955688,0.0299892663955688
WQSRWAE,-1.4663677215576172,0.08651881664991379,0.7142857142857143,0.4285714285714285,0.4676798582077026,0.3676798582077026
SLHRDGQ,0.38183122873306274,-2.4066922664642334,0.7142857142857143,0.4285714285714285,0.3289507925510406,0.2289507925510406
SYSRQNP,1.3631422519683838,1.5342450141906738,0.5714285714285714,0.1428571428571428,0.7592971324920654,0.6092971324920654
YGTRSAN,2.638721227645874,-0.8879005908966064,0.5714285714285714,0.1428571428571428,0.4948013126850128,0.3448013126850128
QYKGPED,1.0185896158218384,-3.5126967430114746,0.7142857142857143,0.4285714285714285,0.2081762254238128,0.1081762254238128
QYTRSNN,0.810586154460907,2.711632490158081,0.4285714285714285,0.0,0.7211610078811646,0.5211610078811646
YERSIDT,-0.07625119388103485,-2.8908700942993164,0.5714285714285714,0.4285714285714285,0.2760790586471557,0.1260790586471557
VQDPSKW,0.8903794288635254,-3.3222334384918213,0.7142857142857143,0.5714285714285714,0.2289746254682541,0.1289746254682541
YSSRGSN,2.7303249835968018,-1.4401577711105347,0.4285714285714285,0.2857142857142857,0.4344953596591949,0.2344953596591949
VHMRANN,1.3338836431503296,-1.3712714910507202,0.5714285714285714,0.2857142857142857,0.4420176744461059,0.2920176744461059
YVDAGNW,-1.5568863153457642,-0.7958342432975769,0.7142857142857143,0.4285714285714285,0.4576029181480407,0.3576029181480408
VYSRQSN,0.9709349870681763,2.435783863067627,0.5714285714285714,0.1428571428571428,0.739011824131012,0.5890118241310119
QYSRSNN,1.1347072124481201,2.8329105377197266,0.5714285714285714,0.0,0.7572437524795532,0.6072437524795532
SRKKGSD,-2.206275701522827,-0.4150138199329376,0.7142857142857143,0.5714285714285714,0.3853098154067993,0.2853098154067993
RYHRSDN,-1.6427403688430786,0.3460247218608856,0.5714285714285714,0.1428571428571428,0.4480452239513397,0.2980452239513397
YVMHTTN,-0.4878646731376648,-1.9216724634170532,0.5714285714285714,0.4285714285714285,0.3819144666194916,0.2319144666194915
YSSRQNE,1.585106611251831,-3.6224687099456787,0.7142857142857143,0.2857142857142857,0.1961892396211624,0.0961892396211624
PSFRHIN,-1.164725661277771,-1.4476189613342285,0.5714285714285714,0.4285714285714285,0.4336806237697601,0.2836806237697601
SYFRSTN,-1.160044550895691,0.3485827147960663,0.5714285714285714,0.2857142857142857,0.501781165599823,0.351781165599823
QYHKATN,1.9256532192230225,-0.17170976102352142,0.4285714285714285,0.2857142857142857,0.5730085968971252,0.3730085968971253
SREKTTN,1.2410657405853271,-3.7746119499206543,0.7142857142857143,0.5714285714285714,0.1795753538608551,0.0795753538608551
SPWAGNT,-1.018317461013794,-2.435993194580078,0.7142857142857143,0.4285714285714285,0.3257511556148529,0.2257511556148529
QVRLSNN,1.559516191482544,-2.747110366821289,0.2857142857142857,0.1428571428571428,0.291777491569519,0.041777491569519
YYSRSWY,-3.247654438018799,1.519425630569458,0.5714285714285714,0.2857142857142857,0.269378662109375,0.119378662109375
SLTFHPN,-0.4577760398387909,-4.150351524353027,0.5714285714285714,0.5714285714285714,0.1385449767112732,0.0
YCVKAVP,-3.145934581756592,0.5409054756164551,0.7142857142857143,0.5714285714285714,0.2807025909423828,0.1807025909423828
IYSRAPL,0.07081160694360733,3.327237844467163,0.5714285714285714,0.2857142857142857,0.6388058662414551,0.488805866241455
YKDKDNN,0.9788861870765686,-2.5489468574523926,0.5714285714285714,0.4285714285714285,0.3134167194366455,0.1634167194366455
GYHFCIN,-4.601579666137695,0.28367313742637634,0.7142857142857143,0.4285714285714285,0.1186533346772193,0.0186533346772194
KSRSWYA,-5.2947468757629395,1.1098259687423706,0.7142857142857143,0.2857142857142857,0.0414867028594017,0.0
WYGLHAL,-3.905517816543579,0.7606784701347351,0.5714285714285714,0.4285714285714285,0.1961422115564346,0.0461422115564346
YQNFDNN,-1.0944855213165283,-1.5370060205459595,0.5714285714285714,0.4285714285714285,0.4239196479320526,0.2739196479320526
TTQRSSG,1.8212623596191406,-3.090057134628296,0.5714285714285714,0.4285714285714285,0.254328042268753,0.104328042268753
YSRLSNG,2.8765809535980225,1.748234748840332,0.2857142857142857,0.1428571428571428,0.7826645970344543,0.5326645970344543
YRAPLIV,-1.210479736328125,-3.0201592445373535,0.7142857142857143,0.2857142857142857,0.2619608342647552,0.1619608342647552
CYSRYQM,-3.679795265197754,1.4276424646377563,0.5714285714285714,0.4285714285714285,0.2212706953287124,0.0712706953287124
MNSRAAG,2.5009171962738037,-3.942845582962036,0.5714285714285714,0.4285714285714285,0.1612044125795364,0.0112044125795364
YSRKSAM,-2.5437581539154053,1.0764740705490112,0.5714285714285714,0.2857142857142857,0.3477396965026855,0.1977396965026855
FYSSSAN,-0.7147371768951416,-2.648395538330078,0.5714285714285714,0.2857142857142857,0.3025570511817932,0.1525570511817932
YSRQLNN,2.7105958461761475,2.0964601039886475,0.4285714285714285,0.0,0.8206904530525208,0.6206904530525208
SWTRGFN,-2.7408504486083984,1.275854229927063,0.5714285714285714,0.4285714285714285,0.3257984519004822,0.1757984519004821
KYSRGMQ,-3.7256970405578613,-0.3708774149417877,0.5714285714285714,0.2857142857142857,0.216160699725151,0.066160699725151
VYSVGLN,-1.3163315057754517,-0.8153083920478821,0.5714285714285714,0.2857142857142857,0.4843825995922088,0.3343825995922088
YLHTGNS,0.6240856051445007,-2.9120934009552,0.7142857142857143,0.1428571428571428,0.273761510848999,0.173761510848999
QYTRSPN,0.764456570148468,2.326979637145996,0.4285714285714285,0.1428571428571428,0.716025710105896,0.516025710105896
FCTLQNN,-3.714803695678711,-1.510984182357788,0.5714285714285714,0.4285714285714285,0.2173734009265899,0.0673734009265899
SYHHQCS,-3.3867099285125732,0.6203108429908752,0.7142857142857143,0.4285714285714285,0.2538983523845672,0.1538983523845672
QHSRSRD,-0.7711312174797058,-1.0810054540634155,0.7142857142857143,0.2857142857142857,0.4737144112586975,0.3737144112586975
EQSRTPN,0.5717467665672302,-3.861403226852417,0.5714285714285714,0.2857142857142857,0.1700978428125381,0.0200978428125381
YSRLQQW,-1.52475905418396,1.920606017112732,0.4285714285714285,0.2857142857142857,0.4611794352531433,0.2611794352531433
PRPRARS,-3.242997169494629,0.1714029461145401,0.7142857142857143,0.5714285714285714,0.2698971033096313,0.1698971033096313
YDRRASN,0.7460103631019592,-2.1101667881011963,0.4285714285714285,0.1428571428571428,0.3613310754299164,0.1613310754299164
QYSRMQS,0.6764113306999207,0.9933671355247498,0.5714285714285714,0.1428571428571428,0.7002338171005249,0.5502338171005249
FASRWDI,-2.147498846054077,-0.3717345893383026,0.7142857142857143,0.5714285714285714,0.3918531239032745,0.2918531239032745
TYTRCSN,-3.923165798187256,1.5574302673339844,0.5714285714285714,0.2857142857142857,0.1941775530576706,0.0441775530576706
MSRFGQE,1.3537460565567017,-2.9550609588623047,0.5714285714285714,0.4285714285714285,0.269069492816925,0.119069492816925
YAYSRQN,-0.39880257844924927,-1.1407948732376099,0.4285714285714285,0.5714285714285714,0.4671854972839355,0.2671854972839356
SITRSTN,1.5146902799606323,-2.723644495010376,0.5714285714285714,0.2857142857142857,0.2943399250507355,0.1443399250507354
HASRMKM,-2.813154935836792,-0.5883861780166626,0.7142857142857143,0.4285714285714285,0.3177491724491119,0.2177491724491119
YSKNKLV,-0.9896849989891052,-0.9076462388038635,0.5714285714285714,0.4285714285714285,0.4926450848579407,0.3426450848579406
YSRSLGN,1.5712090730667114,2.120896100997925,0.4285714285714285,0.0,0.8058371543884277,0.6058371543884278
YAAGSND,-0.1191609799861908,-3.5362675189971924,0.5714285714285714,0.2857142857142857,0.2056023180484771,0.0556023180484771
IYRWCDN,-5.29608678817749,1.1093379259109497,0.7142857142857143,0.4285714285714285,0.0413375385105609,0.0
QVMRHWR,-5.667410850524902,0.0755351260304451,0.5714285714285714,0.5714285714285714,0.0,0.0
TPESLGN,-1.1606388092041016,-4.923752307891846,0.7142857142857143,0.4285714285714285,0.0540903992950916,0.0
VYTFHSN,-2.1938812732696533,0.3624049425125122,0.5714285714285714,0.2857142857142857,0.3866896331310272,0.2366896331310272
CSRSGNW,-3.305172920227051,-0.21983914077281952,0.5714285714285714,0.2857142857142857,0.2629754245281219,0.1129754245281219
YSTQINN,1.3666281700134277,-3.939296245574951,0.5714285714285714,0.2857142857142857,0.1615919917821884,0.0115919917821884
IVRSINN,1.1861659288406372,-2.090362310409546,0.5714285714285714,0.2857142857142857,0.3634937107563019,0.2134937107563018
QWIRKEG,0.32115697860717773,0.03990263119339943,0.7142857142857143,0.5714285714285714,0.5961164832115173,0.4961164832115173
VYTRAWN,-3.4597268104553223,2.0315659046173096,0.4285714285714285,0.1428571428571428,0.2457697540521621,0.0457697540521621
QYRDFIC,-4.0955491065979,-0.4560838043689728,0.7142857142857143,0.5714285714285714,0.1749870330095291,0.0749870330095291
YYHRPNM,-1.204733967781067,0.05675940960645676,0.7142857142857143,0.2857142857142857,0.4968061745166778,0.3968061745166779
CSRNRPN,-4.34588623046875,0.08279001712799072,0.2857142857142857,0.4285714285714285,0.147118330001831,0.0
SYSMAFQ,-2.6411843299865723,-1.4843884706497192,0.5714285714285714,0.4285714285714285,0.3368937373161316,0.1868937373161316
KMFAISW,-4.301089763641357,-0.6842827796936035,0.5714285714285714,0.5714285714285714,0.1521052867174148,0.0021052867174148
YSRSSPN,2.597914934158325,2.374415636062622,0.2857142857142857,0.0,0.8510428667068481,0.6010428667068481
YRCRSNN,-4.31307315826416,0.9173404574394226,0.4285714285714285,0.2857142857142857,0.1507712304592132,0.0
TYHRSEN,0.6338901519775391,0.24771076440811157,0.4285714285714285,0.1428571428571428,0.6188088655471802,0.4188088655471802
YSTRGQY,0.7769518494606018,-1.7283324003219604,0.5714285714285714,0.4285714285714285,0.4030269682407379,0.2530269682407379
YSQLYLM,-3.182668685913086,-1.626869559288025,0.4285714285714285,0.4285714285714285,0.276613175868988,0.076613175868988
VYTRANC,-3.337761640548706,2.627044439315796,0.4285714285714285,0.1428571428571428,0.2593474984169006,0.0593474984169006
YYASCNN,-3.8925375938415527,-0.43106576800346375,0.5714285714285714,0.2857142857142857,0.1975872218608856,0.0475872218608856
YSRKWQD,0.5051156282424927,0.07414907217025757,0.4285714285714285,0.0,0.5998561382293701,0.3998561382293701
VYNRSNI,1.855562448501587,-0.06412135809659958,0.4285714285714285,0.2857142857142857,0.5847571492195129,0.384757149219513
FYMIDDC,-4.922669410705566,-0.8743186593055725,0.7142857142857143,0.5714285714285714,0.0829081162810325,0.0
QYHLSQY,-3.232557773590088,-0.45545485615730286,0.5714285714285714,0.2857142857142857,0.2710592746734619,0.1210592746734619
KPSMWAN,-2.6833858489990234,-0.5287845730781555,0.7142857142857143,0.5714285714285714,0.3321956694126129,0.2321956694126129
YYSRDSH,-0.2809763252735138,-0.6460681557655334,0.7142857142857143,0.2857142857142857,0.521209180355072,0.421209180355072
VLGKSFN,0.686037003993988,-1.5780960321426392,0.5714285714285714,0.1428571428571428,0.419432669878006,0.2694326698780059
PYHDYNP,-2.025132179260254,-0.5716665983200073,0.7142857142857143,0.4285714285714285,0.4054755568504333,0.3054755568504333
QYHRDNN,1.0570566654205322,-1.2762548923492432,0.7142857142857143,0.1428571428571428,0.4523934125900268,0.3523934125900269
QISRSNN,1.4312223196029663,-3.514432907104492,0.5714285714285714,0.1428571428571428,0.2079866379499435,0.0579866379499435
SYRHPGP,0.6820851564407349,-0.7869351506233215,0.7142857142857143,0.4285714285714285,0.5058265924453735,0.4058265924453735
QYYRGNN,-1.4244779348373413,1.5167840719223022,0.5714285714285714,0.1428571428571428,0.4723432064056396,0.3223432064056396
ADSRSYQ,0.0035486004780977964,-2.4766979217529297,0.5714285714285714,0.4285714285714285,0.3213062584400177,0.1713062584400177
RYGRVTT,-3.670222043991089,-0.5705116987228394,0.5714285714285714,0.4285714285714285,0.2223364412784576,0.0723364412784576
HYSSLSM,-1.0661178827285767,-3.0387346744537354,0.7142857142857143,0.2857142857142857,0.2599323987960815,0.1599323987960815
QYGMSMR,-1.3456556797027588,-1.3913787603378296,0.7142857142857143,0.2857142857142857,0.4398219883441925,0.3398219883441925
RYARQSS,-3.5297274589538574,-0.2250894457101822,0.5714285714285714,0.4285714285714285,0.2379769533872604,0.0879769533872604
HYGRVWE,-3.1838650703430176,0.5731701254844666,0.5714285714285714,0.4285714285714285,0.2764799892902374,0.1264799892902374
SYSRADN,0.6031373143196106,0.28693750500679016,0.7142857142857143,0.1428571428571428,0.6230924129486084,0.5230924129486084
IYSRSAS,1.6490048170089722,2.3988759517669678,0.4285714285714285,0.1428571428571428,0.8144977688789368,0.6144977688789368
YSRRLGN,-2.1558334827423096,0.638271689414978,0.4285714285714285,0.1428571428571428,0.3909252882003784,0.1909252882003784
VYARGSN,1.4801099300384521,1.4405790567398071,0.5714285714285714,0.1428571428571428,0.7490688562393188,0.5990688562393188
YSTRSNN,2.577684164047241,-0.8676153421401978,0.4285714285714285,0.1428571428571428,0.497016429901123,0.2970164299011231
TYHRGAK,-3.7588024139404297,0.7698229551315308,0.5714285714285714,0.2857142857142857,0.2124752551317215,0.0624752551317215
YYHNAPI,-1.7620866298675537,-1.136650562286377,0.4285714285714285,0.4285714285714285,0.4347590208053589,0.2347590208053589
QQSDGSW,-0.6681917905807495,-2.461191177368164,0.8571428571428571,0.4285714285714285,0.3229995667934418,0.2729995667934417
SKWSSCN,-3.561507225036621,-1.1661803722381592,0.5714285714285714,0.4285714285714285,0.2344390749931335,0.0844390749931335
YSDRALE,1.0790380239486694,-2.544847011566162,0.5714285714285714,0.2857142857142857,0.3138644397258758,0.1638644397258758
GYCELKT,-4.210090160369873,-0.8896118402481079,0.7142857142857143,0.5714285714285714,0.1622357815504074,0.0622357815504074
YDRSGSN,1.1836583614349365,-1.0840609073638916,0.2857142857142857,0.1428571428571428,0.4733808040618896,0.2233808040618896
MQKSGHT,1.4963059425354004,-3.5861682891845703,0.7142857142857143,0.5714285714285714,0.2001532167196273,0.1001532167196273
TYSRTIN,0.5567603707313538,2.8886680603027344,0.5714285714285714,0.1428571428571428,0.692903995513916,0.542903995513916
KYHKSPN,-3.301847457885742,1.1878776550292969,0.4285714285714285,0.2857142857142857,0.2633456289768219,0.0633456289768219
YSRSLNS,1.9571248292922974,1.5921833515167236,0.5714285714285714,0.0,0.765623927116394,0.615623927116394
YTCLGHA,-3.490630865097046,0.2854759991168976,0.5714285714285714,0.5714285714285714,0.2423293739557266,0.0923293739557266
YYSSLSV,-2.0127289295196533,-1.6297448873519897,0.7142857142857143,0.2857142857142857,0.4068563580513,0.3068563580513
FYQEEFN,-2.312009334564209,0.0991237536072731,0.8571428571428571,0.5714285714285714,0.3735390603542328,0.3235390603542327
SDTRGDN,-0.4323531985282898,-3.713303327560425,0.5714285714285714,0.4285714285714285,0.1862701922655105,0.0362701922655105
YYNRLNI,-2.2043392658233643,0.11046198010444641,0.7142857142857143,0.2857142857142857,0.3855254054069519,0.2855254054069519
TESAYNY,-2.7987754344940186,-2.075972080230713,0.7142857142857143,0.5714285714285714,0.3193499743938446,0.2193499743938446
YFWSQNQ,-3.2822718620300293,0.7592505216598511,0.5714285714285714,0.4285714285714285,0.2655248641967773,0.1155248641967773
QCSRPQN,-3.622084140777588,-0.3279290795326233,0.7142857142857143,0.2857142857142857,0.2276953756809234,0.1276953756809234
YSRRSNN,-1.634276270866394,1.1742011308670044,0.2857142857142857,0.1428571428571428,0.4489874839782715,0.1989874839782714
TYSVSNN,0.5344752073287964,-2.2449989318847656,0.5714285714285714,0.1428571428571428,0.3466075360774994,0.1966075360774994
WSRSLNS,-0.2889919877052307,-0.931376576423645,0.5714285714285714,0.1428571428571428,0.4900537729263305,0.3400537729263305
ALIRSSL,0.31521251797676086,-2.5954391956329346,0.7142857142857143,0.4285714285714285,0.3083398044109344,0.2083398044109344
MYRVHGN,-0.7859227657318115,-0.536620020866394,0.7142857142857143,0.4285714285714285,0.5331607460975647,0.4331607460975647
GYSRANN,1.0988832712173462,-0.05453753471374512,0.7142857142857143,0.1428571428571428,0.5858036875724792,0.4858036875724792
YLAGGAR,-0.21481528878211975,-3.1621062755584717,0.5714285714285714,0.5714285714285714,0.246460348367691,0.096460348367691
ASRRMNP,-2.925935745239258,-1.5080994367599487,0.7142857142857143,0.2857142857142857,0.3051938712596893,0.2051938712596893
YYHRSNN,-0.9529139399528503,1.031571388244629,0.4285714285714285,0.0,0.5248399376869202,0.3248399376869202
QYSPLNI,-0.679620623588562,-2.337862014770508,0.5714285714285714,0.2857142857142857,0.3364669978618622,0.1864669978618622
CDSWWSP,-4.19001579284668,1.2169336080551147,0.7142857142857143,0.5714285714285714,0.1644705533981323,0.0644705533981323
GQSRWSN,-1.8527288436889648,-1.0978535413742065,0.7142857142857143,0.1428571428571428,0.4246683120727539,0.3246683120727539
YSVSSPD,-0.1723676174879074,-3.5321099758148193,0.4285714285714285,0.2857142857142857,0.2060563266277313,0.0060563266277313
YSRRANN,-1.660461187362671,0.6493926048278809,0.2857142857142857,0.1428571428571428,0.4460724294185638,0.1960724294185638
YYSRAEN,-0.03797340765595436,0.4993138313293457,0.5714285714285714,0.1428571428571428,0.6266953945159912,0.4766953945159912
ITSRSQN,1.5836787223815918,-3.0698161125183105,0.5714285714285714,0.1428571428571428,0.2565383315086365,0.1065383315086364
YHWHGNW,-2.057811975479126,0.4434303045272827,0.5714285714285714,0.4285714285714285,0.4018374979496002,0.2518374979496002
TGHAGNC,-3.826557159423828,-0.691185712814331,0.7142857142857143,0.5714285714285714,0.2049324810504913,0.1049324810504913
VSCLIRE,-3.434796094894409,-1.8335243463516235,0.7142857142857143,0.4285714285714285,0.248545154929161,0.1485451549291611
YHHRKVY,-3.004399061203003,1.3613779544830322,0.5714285714285714,0.4285714285714285,0.2964589893817901,0.1464589893817901
CYSRSAM,-3.503631830215454,1.1290596723556519,0.5714285714285714,0.1428571428571428,0.2408820390701294,0.0908820390701294
YYSRSAN,0.7748223543167114,0.36240410804748535,0.5714285714285714,0.1428571428571428,0.6313332915306091,0.4813332915306091
MYRRHNN,-3.740260362625122,0.08902684599161148,0.5714285714285714,0.2857142857142857,0.2145394384860992,0.0645394384860992
NSKSWNQ,0.00518795195966959,-1.8058793544769287,0.5714285714285714,0.4285714285714285,0.3945589363574981,0.2445589363574981
VYSRGAN,1.7486071586608887,1.742592453956604,0.5714285714285714,0.0,0.7820484638214111,0.6320484638214111
HSSRQTG,1.033466100692749,-2.0864691734313965,0.7142857142857143,0.4285714285714285,0.3639188110828399,0.26391881108284
IYQASDI,-0.5332735776901245,-3.156200885772705,0.4285714285714285,0.4285714285714285,0.247105211019516,0.047105211019516
CYSQKND,-3.2118687629699707,-0.2421443909406662,0.7142857142857143,0.4285714285714285,0.2733624875545501,0.1733624875545502
AHSRSKC,-4.8596038818359375,1.1124048233032227,0.7142857142857143,0.2857142857142857,0.0899288654327392,0.0
YSRSHIT,0.3021184802055359,0.17487728595733643,0.5714285714285714,0.1428571428571428,0.6108555197715759,0.4608555197715759
YSPRLGF,-1.738508701324463,-2.2652428150177,0.5714285714285714,0.4285714285714285,0.3443969190120697,0.1943969190120697
YSRSGMY,-0.7231578826904297,1.543574333190918,0.4285714285714285,0.2857142857142857,0.5504174828529358,0.3504174828529358
VYRSSNA,2.093313694000244,-1.571351408958435,0.5714285714285714,0.2857142857142857,0.4201691448688507,0.2701691448688507
YSRSGSD,1.627627968788147,0.9292071461677551,0.4285714285714285,0.1428571428571428,0.6932276487350464,0.4932276487350464
QVSRETN,1.1939502954483032,-3.795703172683716,0.7142857142857143,0.2857142857142857,0.1772722154855728,0.0772722154855728
MYHASEI,-0.14076650142669678,-2.1620290279388428,0.5714285714285714,0.4285714285714285,0.355667769908905,0.205667769908905
FWHRSNN,-1.7649286985397339,0.27475520968437195,0.5714285714285714,0.2857142857142857,0.4344426393508911,0.2844426393508911
YYGRGEW,-1.7862019538879395,0.6458474397659302,0.7142857142857143,0.2857142857142857,0.4320743978023529,0.3320743978023529
QNKGANN,1.5275095701217651,-4.106008052825928,0.7142857142857143,0.4285714285714285,0.1433872431516647,0.0433872431516647
RYSRKNT,-3.5009443759918213,1.214966058731079,0.7142857142857143,0.2857142857142857,0.2411812245845794,0.1411812245845795
QYHHMPQ,-1.4682871103286743,-1.6049124002456665,0.5714285714285714,0.4285714285714285,0.4165043532848358,0.2665043532848358
TSRASGN,1.6560052633285522,-2.9132132530212402,0.4285714285714285,0.2857142857142857,0.2736392021179199,0.0736392021179199
KMKQLWG,-2.5665225982666016,0.37502676248550415,0.7142857142857143,0.7142857142857143,0.3452054560184479,0.2452054560184479
YYHKQMN,0.2619321346282959,-1.257483959197998,0.5714285714285714,0.2857142857142857,0.4544431567192077,0.3044431567192077
PYSYLNN,-2.600383996963501,0.17645752429962158,0.7142857142857143,0.2857142857142857,0.341435819864273,0.2414358198642731
IYHHCMT,-4.150209903717041,0.03612033650279045,0.7142857142857143,0.4285714285714285,0.1689019352197647,0.0689019352197647
VYHHDNL,-0.5050045251846313,-1.1117956638336182,0.7142857142857143,0.2857142857142857,0.4703522026538849,0.3703522026538849
SYHQAQH,0.5998072624206543,-1.5955474376678467,0.7142857142857143,0.2857142857142857,0.4175269901752472,0.3175269901752472
YNNTYKD,1.4442238807678223,-3.262652635574341,0.5714285714285714,0.2857142857142857,0.235480785369873,0.085480785369873
VTSRGNN,1.9487826824188232,-3.450941801071167,0.5714285714285714,0.1428571428571428,0.2149198055267334,0.0649198055267334
SYSRSYP,-0.9783222675323486,1.2824681997299194,0.4285714285714285,0.2857142857142857,0.522011399269104,0.322011399269104
QCCIKSE,-3.9330756664276123,0.23061886429786682,0.8571428571428571,0.4285714285714285,0.1930743306875229,0.1430743306875228
MYYESDN,-2.6403706073760986,-1.1679630279541016,0.7142857142857143,0.4285714285714285,0.3369843363761902,0.2369843363761902
TYHHHEN,-0.7522681951522827,-1.165905237197876,0.5714285714285714,0.4285714285714285,0.4644435048103332,0.3144435048103332
PYERFPH,-1.6134541034698486,-1.2725266218185425,0.7142857142857143,0.4285714285714285,0.4513055384159088,0.3513055384159088
VYSRSNN,0.8320099115371704,2.92356014251709,0.4285714285714285,0.0,0.723546028137207,0.5235460281372071
WHSRQSI,-0.7567207217216492,-0.3916076123714447,0.7142857142857143,0.2857142857142857,0.5466811060905457,0.4466811060905457
LYHRVLN,-2.430493116378784,1.1668176651000977,0.5714285714285714,0.2857142857142857,0.3603488802909851,0.2103488802909851
YSRSSNA,2.901653528213501,0.804423987865448,0.4285714285714285,0.1428571428571428,0.6796013712882996,0.4796013712882996
YLYFKEN,-1.975670337677002,-0.043709948658943176,0.7142857142857143,0.2857142857142857,0.4109818935394287,0.3109818935394287
FYHWVNN,-3.7181012630462646,-0.19092349708080292,0.7142857142857143,0.2857142857142857,0.2170062959194183,0.1170062959194183
AYSRRGN,-3.3019721508026123,0.12491919100284576,0.7142857142857143,0.2857142857142857,0.2633317410945892,0.1633317410945892
GYSRQEN,0.3119340240955353,-0.02224929817020893,0.7142857142857143,0.0,0.5893295407295227,0.4893295407295227
YYPGAEI,-1.3726478815078735,-2.849510908126831,0.7142857142857143,0.4285714285714285,0.280595451593399,0.180595451593399
VYHFANN,-1.8722925186157227,-0.44329166412353516,0.7142857142857143,0.2857142857142857,0.4224903881549835,0.3224903881549835
RYSRTVC,-4.390108108520508,0.670335054397583,0.5714285714285714,0.4285714285714285,0.1421953439712524,0.0
FTNRDNT,1.1269077062606812,-4.703882217407227,0.8571428571428571,0.5714285714285714,0.0780999884009361,0.0190547470003366
YDRQSTN,1.0454535484313965,-3.048586130142212,0.4285714285714285,0.4285714285714285,0.2588566243648529,0.0588566243648529
PYDPTNM,-0.2111154943704605,-3.3814175128936768,0.7142857142857143,0.4285714285714285,0.2225117832422256,0.1225117832422256
QYHRLEG,0.36540424823760986,-0.11944322288036346,0.5714285714285714,0.2857142857142857,0.5787160396575928,0.4287160396575927
GYSRCHN,-3.7306876182556152,0.35131895542144775,0.7142857142857143,0.2857142857142857,0.2156051248311996,0.1156051248311996
SYSRGAL,1.0460623502731323,0.3480595052242279,0.5714285714285714,0.2857142857142857,0.6297668814659119,0.4797668814659118
WYAWAGD,-3.337716817855835,0.2520911693572998,0.7142857142857143,0.4285714285714285,0.2593524754047394,0.1593524754047394
YSRRVNN,-1.7308048009872437,0.8916946649551392,0.4285714285714285,0.2857142857142857,0.4382414519786834,0.2382414519786835
TCHRSCN,-3.711440324783325,0.8810515403747559,0.5714285714285714,0.2857142857142857,0.2177478224039077,0.0677478224039077
QPRRSGN,-2.5647594928741455,-0.25839629769325256,0.5714285714285714,0.2857142857142857,0.3454017341136932,0.1954017341136932
LYPRPPQ,-0.30043545365333557,-2.3489246368408203,0.7142857142857143,0.2857142857142857,0.3352589607238769,0.2352589607238769
QSRSMGE,0.6113659143447876,-2.976895809173584,0.5714285714285714,0.2857142857142857,0.2666851580142975,0.1166851580142974
QSRMGQD,0.7656784653663635,-3.8179426193237305,0.5714285714285714,0.2857142857142857,0.1748436838388443,0.0248436838388443
YYSRANN,0.6071957349777222,0.30675768852233887,0.5714285714285714,0.1428571428571428,0.6252567768096924,0.4752567768096923
TYENSHQ,0.001304768375121057,-3.508338689804077,0.5714285714285714,0.4285714285714285,0.2086521238088607,0.0586521238088607
WSRRSMM,-3.737272262573242,-0.8910788297653198,0.5714285714285714,0.2857142857142857,0.2148720920085907,0.0648720920085907
QYSRIPH,-0.7592538595199585,0.07440707832574844,0.7142857142857143,0.4285714285714285,0.5463990569114685,0.4463990569114685
WDSRKGC,-2.9494681358337402,-1.1356436014175415,0.7142857142857143,0.2857142857142857,0.3025741577148437,0.2025741577148437
IYSRSQN,0.49031347036361694,3.402162551879883,0.4285714285714285,0.0,0.6855068206787109,0.485506820678711
KVRISPN,-2.1595141887664795,-0.5808020830154419,0.4285714285714285,0.4285714285714285,0.39051553606987,0.19051553606987
FYSRSNN,0.5123149752616882,0.09461794793605804,0.5714285714285714,0.1428571428571428,0.6020913124084473,0.4520913124084472
QTSRPPN,1.2995094060897827,-3.680626630783081,0.7142857142857143,0.2857142857142857,0.1898384541273117,0.0898384541273117
YTRWLNS,-2.973613739013672,0.20278587937355042,0.5714285714285714,0.2857142857142857,0.2998861372470855,0.1498861372470855
LYYRSMI,-3.524780750274658,0.835051953792572,0.5714285714285714,0.4285714285714285,0.2385276407003402,0.0885276407003402
VAYKNPN,2.4673731327056885,-3.0354738235473633,0.5714285714285714,0.1428571428571428,0.2602884769439697,0.1102884769439697
FSRSVDP,1.1156929731369019,-1.3664941787719727,0.5714285714285714,0.2857142857142857,0.4425393640995025,0.2925393640995025
HMTRSPA,1.6595470905303955,-2.5820040702819824,0.5714285714285714,0.2857142857142857,0.3098069131374359,0.1598069131374359
YYSRAKN,-2.638211250305176,0.49860328435897827,0.5714285714285714,0.2857142857142857,0.3372247219085693,0.1872247219085693
QYSRKRE,-1.9401803016662598,0.3078654110431671,0.7142857142857143,0.1428571428571428,0.4149328172206878,0.3149328172206879
QYAQDNN,-0.5158920288085938,-2.596298933029175,0.7142857142857143,0.2857142857142857,0.3082459270954132,0.2082459270954132
YYREAGQ,-0.3825192451477051,-0.5934976935386658,0.5714285714285714,0.2857142857142857,0.5269497632980347,0.3769497632980346
SFRLGQK,-3.5665082931518555,-0.9196759462356567,0.5714285714285714,0.4285714285714285,0.233882337808609,0.083882337808609
FDSMMEN,-0.9931092858314514,-3.91160249710083,0.7142857142857143,0.4285714285714285,0.164616122841835,0.064616122841835
TIDHGPW,-1.0677686929702759,-3.037996530532837,0.7142857142857143,0.4285714285714285,0.2600130140781402,0.1600130140781402
QYMRFDE,-2.772757053375244,-0.6785166263580322,0.7142857142857143,0.4285714285714285,0.3222464621067047,0.2222464621067047
EYMFSPM,-3.848968505859375,-0.6808091402053833,0.5714285714285714,0.4285714285714285,0.2024375349283218,0.0524375349283218
SPCGSSE,-3.936476945877075,-1.2837721109390259,0.7142857142857143,0.2857142857142857,0.1926956921815872,0.0926956921815872
SYSRSNN,1.0727022886276245,2.1194589138031006,0.5714285714285714,0.0,0.7503410577774048,0.6003410577774048
PSHEINN,-0.24251697957515717,-4.6920037269592285,0.7142857142857143,0.4285714285714285,0.0793971121311187,0.0
QISRPNE,1.077207326889038,-3.9267053604125977,0.7142857142857143,0.2857142857142857,0.1629669070243835,0.0629669070243835
TYNRYDN,-1.6667230129241943,-0.2471182495355606,0.7142857142857143,0.2857142857142857,0.4453753232955932,0.3453753232955933
TYSPYPN,-1.2550104856491089,-1.3617053031921387,0.5714285714285714,0.4285714285714285,0.4430623054504394,0.2930623054504394
IYSSYNN,-2.2103350162506104,-0.6521219611167908,0.5714285714285714,0.2857142857142857,0.3848579227924347,0.2348579227924347
IYSRLGE,0.4521614909172058,3.242356777191162,0.5714285714285714,0.0,0.6812595129013062,0.5312595129013061
MQPRSNN,1.4702435731887817,-3.364372730255127,0.5714285714285714,0.0,0.2243730574846267,0.0743730574846267
TYYRENN,-0.9939801692962646,0.6150901913642883,0.7142857142857143,0.2857142857142857,0.5202682018280029,0.4202682018280029
QESSISW,-2.3103458881378174,-2.3643264770507812,0.8571428571428571,0.4285714285714285,0.3335770964622497,0.2835770964622497
FVRGSPN,1.975168228149414,-1.887832522392273,0.4285714285714285,0.2857142857142857,0.3856097459793091,0.1856097459793091
CHSYSNN,-3.228886842727661,0.12165921926498413,0.4285714285714285,0.4285714285714285,0.2714679539203644,0.0714679539203644
YAWGFEN,-3.5982558727264404,0.5077365040779114,0.5714285714285714,0.4285714285714285,0.2303480505943298,0.0803480505943298
YSESSRN,1.1553611755371094,-3.6052191257476807,0.4285714285714285,0.2857142857142857,0.1980728805065155,0.0
KYSRLHN,-3.975477695465088,0.5686947703361511,0.7142857142857143,0.2857142857142857,0.1883539408445358,0.0883539408445358
YLERMNN,0.6285949945449829,-3.0091140270233154,0.5714285714285714,0.2857142857142857,0.2631669342517853,0.1131669342517852
QYDIISN,-1.1939880847930908,-2.6650726795196533,0.7142857142857143,0.4285714285714285,0.3007359206676483,0.2007359206676483
VETPASN,-0.9624878168106079,-5.048808574676514,0.7142857142857143,0.2857142857142857,0.0404343828558921,0.0
FAHRDSR,-1.1457469463348389,-0.6833280324935913,0.7142857142857143,0.4285714285714285,0.503372848033905,0.403372848033905
QYMDRNC,-3.7641537189483643,-1.4405572414398193,0.7142857142857143,0.4285714285714285,0.2118795216083526,0.1118795216083526
YSSRHPN,1.3086203336715698,-1.1609190702438354,0.4285714285714285,0.2857142857142857,0.4649879336357116,0.2649879336357117
YIEAEPP,-0.9345393776893616,-4.75162935256958,0.7142857142857143,0.5714285714285714,0.072886049747467,0.0
HYHVAFT,-2.782498836517334,0.1664520651102066,0.7142857142857143,0.4285714285714285,0.3211619555950165,0.2211619555950165
TIHRSHD,0.6344989538192749,-2.2195303440093994,0.5714285714285714,0.2857142857142857,0.3493886888027191,0.1993886888027191
LSCSQSG,-3.075495958328247,-0.8124868273735046,0.5714285714285714,0.1428571428571428,0.2885441482067108,0.1385441482067108
SCHVSLF,-4.7002973556518555,0.08855794370174408,0.7142857142857143,0.5714285714285714,0.1076636165380477,0.0076636165380477
YSRYDGN,0.458000510931015,0.7466345429420471,0.4285714285714285,0.2857142857142857,0.6732908487319946,0.4732908487319947
PESRLGH,0.6404114961624146,-4.027985572814941,0.7142857142857143,0.2857142857142857,0.1519072204828262,0.0519072204828262
YRRSVHT,-4.49704647064209,-0.62157142162323,0.5714285714285714,0.4285714285714285,0.1302904635667801,0.0
LYSHFII,-4.016551971435547,0.15762922167778015,0.5714285714285714,0.5714285714285714,0.1837813705205917,0.0337813705205917
YSSHGCE,-3.7147951126098633,-1.0076192617416382,0.5714285714285714,0.4285714285714285,0.2173743546009063,0.0673743546009063
MYSSANN,1.1771538257598877,-3.2218616008758545,0.7142857142857143,0.1428571428571428,0.2399351298809051,0.1399351298809051
IYARIGN,-0.338941752910614,0.8516051769256592,0.7142857142857143,0.1428571428571428,0.5931902527809143,0.4931902527809143
QYSRVNQ,0.5118622183799744,2.313619613647461,0.5714285714285714,0.2857142857142857,0.6879057288169861,0.5379057288169861
TKSDSNN,0.6025254726409912,-3.405686855316162,0.5714285714285714,0.2857142857142857,0.2198615968227386,0.0698615968227386
YHSRMIL,-2.4116172790527344,-0.47725120186805725,0.7142857142857143,0.4285714285714285,0.3624502420425415,0.2624502420425415
TSSTGNN,-0.07545522600412369,-4.195440292358398,0.4285714285714285,0.1428571428571428,0.133621335029602,0.0
YSTLSNN,1.0993539094924927,-1.7968249320983887,0.2857142857142857,0.1428571428571428,0.3955476880073547,0.1455476880073547
YVRQPKN,-1.3782739639282227,0.3943142890930176,0.5714285714285714,0.4285714285714285,0.4774868488311767,0.3274868488311767
KSSRSAN,-3.341843366622925,-0.21446940302848816,0.5714285714285714,0.2857142857142857,0.2588931024074554,0.1088931024074554
PYRRAPN,-2.918553113937378,-0.23770879209041595,0.4285714285714285,0.2857142857142857,0.3060157597064972,0.1060157597064972
QYYRNNN,-1.8864880800247192,-0.05255168676376343,0.7142857142857143,0.2857142857142857,0.4209100902080536,0.3209100902080536
QYSRSSN,1.2236515283584595,2.193639039993286,0.5714285714285714,0.0,0.7671453952789307,0.6171453952789306
QYYRSSH,-2.759999990463257,1.6404523849487305,0.5714285714285714,0.2857142857142857,0.3236666321754455,0.1736666321754455
YYSQSIN,-1.337714433670044,-0.6310849785804749,0.5714285714285714,0.2857142857142857,0.4820021688938141,0.332002168893814
FYSSQSN,-1.10492742061615,-2.20308256149292,0.7142857142857143,0.2857142857142857,0.3511847555637359,0.251184755563736
VYARDNY,-0.9385138154029846,0.544226884841919,0.5714285714285714,0.2857142857142857,0.5264430046081543,0.3764430046081543
QYGSGPS,1.1847130060195923,-3.0501596927642822,0.7142857142857143,0.4285714285714285,0.2586848139762878,0.1586848139762878
QYRRSNN,-3.216153383255005,0.40572839975357056,0.4285714285714285,0.0,0.2728855013847351,0.0728855013847351
IYSRSQN,0.49031347036361694,3.402162551879883,0.4285714285714285,0.0,0.6855068206787109,0.485506820678711
YSRRLEN,0.28339478373527527,0.6972773671150208,0.4285714285714285,0.2857142857142857,0.6624716520309448,0.4624716520309448
GYARSNN,0.7751494646072388,-0.5500751733779907,0.5714285714285714,0.1428571428571428,0.5316914916038513,0.3816914916038513
TYSRSNM,1.1411516666412354,1.419645071029663,0.5714285714285714,0.1428571428571428,0.7467829585075378,0.5967829585075378
YYMSASN,-1.8572200536727905,-1.3512846231460571,0.5714285714285714,0.2857142857142857,0.4241683185100555,0.2741683185100555
QYHQSQN,0.3138739764690399,-1.7670923471450806,0.5714285714285714,0.1428571428571428,0.3987944722175598,0.2487944722175598
ISSRSNT,1.4606119394302368,-3.5627517700195312,0.5714285714285714,0.2857142857142857,0.2027102708816528,0.0527102708816528
YYHRSSN,-1.4665004014968872,1.0760574340820312,0.5714285714285714,0.1428571428571428,0.4676651060581207,0.3176651060581207
MYTRSFN,-1.607520580291748,1.1224291324615479,0.4285714285714285,0.2857142857142857,0.4519660472869873,0.2519660472869873
ESRRAVT,0.028407342731952667,-3.3582868576049805,0.5714285714285714,0.4285714285714285,0.2250376343727111,0.0750376343727111
YYSRNYN,-1.0486658811569214,-0.2514681816101074,0.5714285714285714,0.2857142857142857,0.5141803622245789,0.3641803622245788
YYRRANN,-3.307755708694458,0.20897573232650757,0.4285714285714285,0.1428571428571428,0.2626878917217254,0.0626878917217254
QYSHSNN,0.3831215500831604,0.41246935725212097,0.5714285714285714,0.1428571428571428,0.6368003487586975,0.4868003487586975
QYHRAMG,-0.1935969442129135,0.44450148940086365,0.5714285714285714,0.2857142857142857,0.6093707084655762,0.4593707084655761
YYSRDNN,0.2975325882434845,-0.7687757611274719,0.5714285714285714,0.1428571428571428,0.507809579372406,0.357809579372406
TYSRSAD,1.234486699104309,0.6893804669380188,0.5714285714285714,0.2857142857142857,0.6670387983322144,0.5170387983322143
YLRFSSG,-0.7342544794082642,0.15180693566799164,0.5714285714285714,0.4285714285714285,0.5491821765899658,0.3991821765899658
QYSSHNN,0.5372520685195923,-2.723357677459717,0.7142857142857143,0.2857142857142857,0.2943712472915649,0.1943712472915649
YSSRGKN,-2.5686285495758057,-0.8188836574554443,0.4285714285714285,0.2857142857142857,0.3449710011482239,0.1449710011482239
YYRSSSN,0.22183188796043396,0.11794789135456085,0.4285714285714285,0.2857142857142857,0.604638934135437,0.404638934135437
SLSRANN,1.5878289937973022,-3.153811454772949,0.5714285714285714,0.1428571428571428,0.2473661303520202,0.0973661303520202
QYSRSNN,1.1347072124481201,2.8329105377197266,0.5714285714285714,0.0,0.7572437524795532,0.6072437524795532
QYSHADS,0.40075650811195374,-0.6359131932258606,0.7142857142857143,0.4285714285714285,0.5223180651664734,0.4223180651664734
QYHRQNI,0.07920023053884506,-0.2577674388885498,0.7142857142857143,0.2857142857142857,0.5636111497879028,0.4636111497879028
IYFRYQI,-4.077948570251465,0.7585182189941406,0.5714285714285714,0.4285714285714285,0.1769464015960693,0.0269464015960693
YYARSNN,0.3162451684474945,0.48971354961395264,0.4285714285714285,0.1428571428571428,0.6452353596687317,0.4452353596687317
YYTVSGG,-0.6178932785987854,-1.4098329544067383,0.5714285714285714,0.4285714285714285,0.4378068149089813,0.2878068149089813
QYSYTPN,-1.5659414529800415,-0.08175264298915863,0.7142857142857143,0.4285714285714285,0.456594854593277,0.356594854593277
PFRRSNY,-4.563315391540527,0.34072861075401306,0.5714285714285714,0.2857142857142857,0.1229130923748016,0.0
QYSRIYN,-2.655653715133667,1.8852217197418213,0.7142857142857143,0.2857142857142857,0.335282951593399,0.235282951593399
VYTRGPN,1.8106755018234253,1.6213856935501099,0.4285714285714285,0.2857142857142857,0.7688127756118774,0.5688127756118775
YYRRDNN,-0.5477675199508667,0.1058831587433815,0.4285714285714285,0.1428571428571428,0.5699427127838135,0.3699427127838135
MYSRAGE,1.6451987028121948,-0.38198909163475037,0.7142857142857143,0.2857142857142857,0.5500463247299194,0.4500463247299194
VYSSHQN,0.7308103442192078,-2.956620454788208,0.5714285714285714,0.4285714285714285,0.2688992023468017,0.1188992023468017
YSHRGPE,2.0640034675598145,-0.25341105461120605,0.4285714285714285,0.4285714285714285,0.5640868544578552,0.3640868544578552
YYSREAE,-0.3545601963996887,-1.757615327835083,0.7142857142857143,0.2857142857142857,0.3998293280601501,0.2998293280601501
YSSSSSN,0.6665292382240295,-3.795940637588501,0.4285714285714285,0.2857142857142857,0.1772462874650955,0.0
MYSVKYN,-0.10234375298023224,-1.8849904537200928,0.7142857142857143,0.4285714285714285,0.3859201073646545,0.2859201073646545
YYSRLGN,-0.8408935070037842,0.20689626038074493,0.7142857142857143,0.1428571428571428,0.5373105406761169,0.4373105406761169
VYTRSSP,2.1817452907562256,2.1913013458251953,0.1428571428571428,0.2857142857142857,0.831046998500824,0.5310469985008239
NYRRGNN,-2.6753268241882324,-0.24942034482955933,0.5714285714285714,0.2857142857142857,0.3330928385257721,0.1830928385257721
QYTAAIN,0.09484431892633438,-3.5976080894470215,0.7142857142857143,0.2857142857142857,0.1989039927721023,0.0989039927721023
QYVMSGN,-0.9344567060470581,-1.970895767211914,0.7142857142857143,0.2857142857142857,0.3765393197536468,0.2765393197536469
YHSRQMN,0.48248425126075745,-0.5125529766082764,0.5714285714285714,0.2857142857142857,0.5357888340950012,0.3857888340950012
YYSRGVS,0.17222175002098083,-0.5314290523529053,0.5714285714285714,0.2857142857142857,0.5337275862693787,0.3837275862693786
NYSRSNN,1.1415168046951294,1.362898826599121,0.5714285714285714,0.1428571428571428,0.7405862808227539,0.5905862808227539
WYRRSHL,-3.6869113445281982,1.2065656185150146,0.5714285714285714,0.4285714285714285,0.2204785048961639,0.0704785048961639
SYRRSNN,-2.7835934162139893,0.8152108788490295,0.4285714285714285,0.1428571428571428,0.3210400938987732,0.1210400938987732
VYHHSPN,0.345272958278656,-0.6921753883361816,0.5714285714285714,0.2857142857142857,0.5161742568016052,0.3661742568016052
MYGRAVT,0.7148379683494568,-0.008602483198046684,0.7142857142857143,0.4285714285714285,0.5908197164535522,0.4908197164535522
QYRMSNN,0.8973749279975891,-1.4259917736053467,0.4285714285714285,0.1428571428571428,0.4360422790050506,0.2360422790050506
YSRGSNN,2.7694387435913086,2.9044413566589355,0.2857142857142857,0.1428571428571428,0.908921241760254,0.6589212417602539
QQDRANQ,0.8759931325912476,-4.601437091827393,0.7142857142857143,0.2857142857142857,0.0892868936061859,0.0
QSSRSFN,0.46327540278434753,-2.554593086242676,0.5714285714285714,0.2857142857142857,0.3128001689910888,0.1628001689910888
QSRMDNN,0.2198929339647293,-3.28357195854187,0.5714285714285714,0.2857142857142857,0.233196422457695,0.083196422457695
VYRSAPI,0.694853663444519,-1.5680989027023315,0.5714285714285714,0.2857142857142857,0.4205243289470672,0.2705243289470672
YYQRINN,-1.3943780660629272,-0.3205103874206543,0.5714285714285714,0.1428571428571428,0.4756940603256225,0.3256940603256225
YYHLSEN,-2.499725818634033,0.5176698565483093,0.4285714285714285,0.1428571428571428,0.3526415824890136,0.1526415824890137
IHHRDNN,0.5700700283050537,-1.4127182960510254,0.5714285714285714,0.1428571428571428,0.4374917447566986,0.2874917447566986
QHHHSAN,-0.29730939865112305,-1.4726054668426514,0.5714285714285714,0.2857142857142857,0.4309521019458771,0.280952101945877
YYSRSPN,0.3719217777252197,0.3394770622253418,0.4285714285714285,0.1428571428571428,0.6288296580314636,0.4288296580314636
GYARSQN,0.30332300066947937,0.09436337649822235,0.4285714285714285,0.1428571428571428,0.6020634770393372,0.4020634770393372
QYHRSAT,0.7348156571388245,0.9438768625259399,0.5714285714285714,0.2857142857142857,0.694829523563385,0.544829523563385
VYTRASE,1.4419331550598145,0.9288431406021118,0.4285714285714285,0.1428571428571428,0.6931878328323364,0.4931878328323364
YSHRAAN,1.5978480577468872,0.01735074073076248,0.4285714285714285,0.1428571428571428,0.5936537981033325,0.3936537981033325
YKTRSGN,-2.554898977279663,0.05543136969208717,0.5714285714285714,0.2857142857142857,0.3464994430541992,0.1964994430541992
FYSGGEI,-1.2134593725204468,-1.3876363039016724,0.5714285714285714,0.4285714285714285,0.4402306675910949,0.2902306675910949
NSRKANN,-2.7404379844665527,-0.690377950668335,0.4285714285714285,0.2857142857142857,0.3258443772792816,0.1258443772792816
YYSRSNN,0.5108199119567871,0.6452360153198242,0.4285714285714285,0.0,0.6622182726860046,0.4622182726860047
YVRREGN,1.1618428230285645,-0.6418986320495605,0.5714285714285714,0.2857142857142857,0.5216644406318665,0.3716644406318664
NYHLSAE,0.10887984931468964,-2.277066946029663,0.5714285714285714,0.4285714285714285,0.3431057333946228,0.1931057333946228
MSHKDNN,1.3728457689285278,-4.408044338226318,0.7142857142857143,0.4285714285714285,0.110405184328556,0.010405184328556
MSSRGNN,2.292015552520752,-3.5397555828094482,0.5714285714285714,0.1428571428571428,0.2052214294672012,0.0552214294672012
WYRRSNN,-3.317004680633545,0.41424620151519775,0.4285714285714285,0.1428571428571428,0.261658251285553,0.0616582512855529
NYTKGNN,1.724156141281128,-1.0232954025268555,0.7142857142857143,0.2857142857142857,0.4800163209438324,0.3800163209438324
YYSQTSD,-1.1560178995132446,-2.177381753921509,0.7142857142857143,0.4285714285714285,0.3539912700653076,0.2539912700653076
MYSSDNE,-0.6921667456626892,-3.1675519943237305,0.7142857142857143,0.2857142857142857,0.2458656877279281,0.1458656877279281
TYSYGQN,-1.4804487228393555,-0.55722576379776,0.7142857142857143,0.2857142857142857,0.4661122858524322,0.3661122858524323
YMRRDNE,0.21029488742351532,-1.7996492385864258,0.5714285714285714,0.4285714285714285,0.3952392637729645,0.2452392637729644
QYRRQNN,-3.4884657859802246,0.22437329590320587,0.5714285714285714,0.1428571428571428,0.2425704002380371,0.0925704002380371
HYHRSNV,-0.7770259380340576,1.1811132431030273,0.4285714285714285,0.2857142857142857,0.544420599937439,0.344420599937439
MYHREGN,1.1490771770477295,-0.6814435124397278,0.7142857142857143,0.2857142857142857,0.517346203327179,0.417346203327179
YQRRSVP,-2.4799225330352783,-0.7147470712661743,0.5714285714285714,0.2857142857142857,0.354846179485321,0.204846179485321
TYSKLSN,1.6329244375228882,0.16254563629627228,0.5714285714285714,0.2857142857142857,0.6095089316368103,0.4595089316368103
QYRSAGN,1.307525396347046,-2.4434006214141846,0.5714285714285714,0.2857142857142857,0.3249422609806061,0.174942260980606
YFSRGAP,0.2417125254869461,-0.9230055809020996,0.7142857142857143,0.4285714285714285,0.4909678697586059,0.390967869758606
YSHRSQN,1.5946561098098755,0.9234071969985962,0.5714285714285714,0.2857142857142857,0.6925942301750183,0.5425942301750183
YQRRNNN,-2.6522603034973145,-0.8441850543022156,0.4285714285714285,0.2857142857142857,0.3356607258319855,0.1356607258319855
DYIKPIN,-0.04610879719257355,-1.9833593368530273,0.7142857142857143,0.5714285714285714,0.3751783072948456,0.2751783072948456
IMHRANN,1.4660307168960571,-0.431454062461853,0.7142857142857143,0.1428571428571428,0.5446447730064392,0.4446447730064392
WSSHGPN,-0.2787860333919525,-2.3238472938537598,0.4285714285714285,0.4285714285714285,0.3379973769187927,0.1379973769187927
YYSRSSN,0.4695335030555725,0.015150315128266811,0.5714285714285714,0.0,0.5934135317802429,0.4434135317802429
TYRRDNN,0.712261974811554,-1.4935483932495117,0.5714285714285714,0.2857142857142857,0.4286651611328125,0.2786651611328125
YYRSIQN,-1.3819901943206787,-0.021147403866052628,0.4285714285714285,0.2857142857142857,0.4770731329917907,0.2770731329917908
ASTRGNE,0.7622664570808411,-3.7290565967559814,0.7142857142857143,0.4285714285714285,0.1845499575138092,0.0845499575138092
YKARIKN,-2.8821897506713867,-0.015183436684310436,0.7142857142857143,0.4285714285714285,0.310063898563385,0.210063898563385
SQTSSSE,-0.5253815650939941,-4.981225967407227,0.7142857142857143,0.4285714285714285,0.0478143356740474,0.0
YYTRSEN,-0.38138604164123535,0.678598165512085,0.4285714285714285,0.1428571428571428,0.58846515417099,0.38846515417099
MYHRSNN,0.722406268119812,1.457527995109558,0.5714285714285714,0.0,0.7113444805145264,0.5613444805145263
VLHRLNN,-0.008637335151433945,0.6036456227302551,0.7142857142857143,0.2857142857142857,0.6299612522125244,0.5299612522125244
TYRKSNN,-2.016666889190674,0.525919497013092,0.4285714285714285,0.2857142857142857,0.406417965888977,0.206417965888977
MYSRQAA,1.6157121658325195,-0.9740899205207825,0.7142857142857143,0.2857142857142857,0.4853894710540771,0.3853894710540771
QSSRDNN,0.4329949617385864,-3.6187074184417725,0.7142857142857143,0.2857142857142857,0.1965999752283096,0.0965999752283096
YSRRSSN,-2.100688934326172,1.4132413864135742,0.4285714285714285,0.1428571428571428,0.3970642387866974,0.1970642387866974
VYERQYN,-0.6045502424240112,-0.44054222106933594,0.5714285714285714,0.2857142857142857,0.543652355670929,0.3936523556709289
WYKRAAQ,-3.3026957511901855,0.6182829141616821,0.7142857142857143,0.4285714285714285,0.2632511854171753,0.1632511854171753
YYRHSAM,-2.2601044178009033,0.09559032320976257,0.5714285714285714,0.2857142857142857,0.3793173432350158,0.2293173432350158
YYARGGN,0.3271975815296173,-1.3220313787460327,0.5714285714285714,0.1428571428571428,0.4473946392536163,0.2973946392536163
FYVRPYN,-3.0347135066986084,0.28909480571746826,0.7142857142857143,0.4285714285714285,0.2930842339992523,0.1930842339992523
SYHSAAN,0.6126336455345154,-2.6828877925872803,0.7142857142857143,0.2857142857142857,0.2987905144691467,0.1987905144691467
PSSIQNN,-0.6326627731323242,-4.341289520263672,0.5714285714285714,0.4285714285714285,0.1176947429776191,0.0
YYHRTNL,-1.3269554376602173,0.6758028268814087,0.5714285714285714,0.2857142857142857,0.4831998944282532,0.3331998944282531
IYSHSNL,-0.6633501648902893,0.8430776000022888,0.4285714285714285,0.2857142857142857,0.557075560092926,0.357075560092926
YYSMING,-1.9017635583877563,-1.6431512832641602,0.7142857142857143,0.2857142857142857,0.412328690290451,0.312328690290451
IYHRAYN,-2.2473087310791016,1.6101683378219604,0.7142857142857143,0.2857142857142857,0.3807418346405029,0.2807418346405029
ISRSNSS,2.048116683959961,-3.62926983833313,0.5714285714285714,0.4285714285714285,0.195446565747261,0.045446565747261
NYTSANS,0.8894070982933044,-4.053202152252197,0.5714285714285714,0.4285714285714285,0.1491535902023315,0.0
YYSKGNQ,1.576828956604004,-1.1124956607818604,0.5714285714285714,0.2857142857142857,0.4702757596969604,0.3202757596969604
YYRRSNA,-2.733581304550171,1.136701226234436,0.4285714285714285,0.1428571428571428,0.3266076743602752,0.1266076743602752
YSRVIAN,1.5657386779785156,2.084861993789673,0.4285714285714285,0.2857142857142857,0.8052281737327576,0.6052281737327576
YYSRKSL,-2.713899850845337,0.4631161689758301,0.7142857142857143,0.2857142857142857,0.3287987112998962,0.2287987112998962
WYRRSYN,-3.296800136566162,0.4995018541812897,0.5714285714285714,0.2857142857142857,0.2639075219631195,0.1139075219631195
YYYRGNA,-0.8819500803947449,1.0197101831436157,0.7142857142857143,0.2857142857142857,0.5327399969100952,0.4327399969100952
IYTRSNM,0.9719232320785522,1.0713634490966797,0.4285714285714285,0.2857142857142857,0.7087509036064148,0.5087509036064148
YYSSAIV,-2.11350679397583,-1.6349610090255737,0.7142857142857143,0.2857142857142857,0.3956373035907745,0.2956373035907745
QYGRNNN,1.3568189144134521,-1.3741309642791748,0.7142857142857143,0.2857142857142857,0.4417054057121277,0.3417054057121277
QYSVGNN,0.8175051808357239,-1.7950561046600342,0.7142857142857143,0.1428571428571428,0.3957408368587494,0.2957408368587494
YYRLANN,-0.9547784328460693,1.0824323892593384,0.2857142857142857,0.1428571428571428,0.5246323347091675,0.2746323347091675
MYSSISN,-0.3344614803791046,-2.2224717140197754,0.7142857142857143,0.2857142857142857,0.3490674793720245,0.2490674793720245
YYSRSNN,0.5108199119567871,0.6452360153198242,0.4285714285714285,0.0,0.6622182726860046,0.4622182726860047
SYRRSAN,-2.819502592086792,0.5155112147331238,0.5714285714285714,0.1428571428571428,0.3170425295829773,0.1670425295829773
NYSRSSN,1.248365044593811,0.3445347249507904,0.5714285714285714,0.1428571428571428,0.6293820142745972,0.4793820142745971
MSYRGGY,-1.5092012882232666,-0.666359543800354,0.7142857142857143,0.4285714285714285,0.462911456823349,0.362911456823349
VSSESHA,-0.5798678398132324,-4.5407490730285645,0.7142857142857143,0.4285714285714285,0.0959139615297317,0.0
YYHSENN,-1.386476993560791,-0.5872682929039001,0.5714285714285714,0.2857142857142857,0.4765736758708954,0.3265736758708953
VYGRMNN,0.42773425579071045,0.9154433608055115,0.5714285714285714,0.2857142857142857,0.6785401701927185,0.5285401701927185
YYTRGTN,0.7278984785079956,-0.9718763828277588,0.4285714285714285,0.2857142857142857,0.4856312572956085,0.2856312572956085
PYHRQNE,0.494483083486557,-0.6895862221717834,0.7142857142857143,0.2857142857142857,0.5164570212364197,0.4164570212364197
MNRRDNV,1.412994146347046,-3.070694923400879,0.7142857142857143,0.4285714285714285,0.2564423680305481,0.1564423680305481
WYSLSLD,-3.4598886966705322,0.6037927269935608,0.5714285714285714,0.4285714285714285,0.2457517385482788,0.0957517385482788
YYTRSSV,-0.3877093195915222,-0.3056288957595825,0.4285714285714285,0.2857142857142857,0.5583847761154175,0.3583847761154175
AYSGLFA,-2.793215036392212,-1.046987771987915,0.7142857142857143,0.4285714285714285,0.319968968629837,0.219968968629837
QYRRSNN,-3.216153383255005,0.40572839975357056,0.4285714285714285,0.0,0.2728855013847351,0.0728855013847351
VQRRSNN,-2.4870805740356445,-0.739062488079071,0.4285714285714285,0.2857142857142857,0.3540492951869964,0.1540492951869964
YYRSSSH,-1.4647759199142456,0.2518211901187897,0.5714285714285714,0.2857142857142857,0.4678570330142975,0.3178570330142974
MYSRENN,1.2767704725265503,-0.9024370908737183,0.7142857142857143,0.1428571428571428,0.4932139217853546,0.3932139217853546
VYASGNE,-0.2977699041366577,-2.7535061836242676,0.7142857142857143,0.4285714285714285,0.2910790741443634,0.1910790741443634
YYSSSPN,-0.8058990836143494,-2.241879463195801,0.2857142857142857,0.1428571428571428,0.3469481766223907,0.0969481766223907
YYRRSNP,-3.1962924003601074,0.9212976098060608,0.4285714285714285,0.1428571428571428,0.2750965058803558,0.0750965058803558
WSTMSNN,-0.3946082293987274,-3.2069015502929688,0.5714285714285714,0.2857142857142857,0.2415687590837478,0.0915687590837478
QSLVSNQ,-0.7664041519165039,-4.392498016357422,0.5714285714285714,0.4285714285714285,0.1121028289198875,0.0
VYHRSVT,0.14227397739887238,1.920159101486206,0.4285714285714285,0.2857142857142857,0.646761417388916,0.446761417388916
YYHRSNN,-0.9529139399528503,1.031571388244629,0.4285714285714285,0.0,0.5248399376869202,0.3248399376869202
SYSRGGN,1.6300957202911377,0.8971314430236816,0.5714285714285714,0.2857142857142857,0.6897249817848206,0.5397249817848205
VYSLGPN,-0.26107048988342285,-1.2299987077713013,0.5714285714285714,0.2857142857142857,0.4574445486068725,0.3074445486068725
YYERENN,-0.9872111082077026,-0.35788658261299133,0.5714285714285714,0.2857142857142857,0.5210217833518982,0.3710217833518981
MYHFGYN,-3.2256829738616943,-0.7631919980049133,0.7142857142857143,0.4285714285714285,0.2718246281147003,0.1718246281147003
YYRSSFN,-1.312990665435791,0.5456428527832031,0.4285714285714285,0.2857142857142857,0.4847545027732849,0.2847545027732849
YFPHSSD,-1.6079117059707642,-1.1918959617614746,0.7142857142857143,0.4285714285714285,0.4519225358963012,0.3519225358963013
VYSGGNE,-0.026418810710310936,-2.499349594116211,0.7142857142857143,0.2857142857142857,0.3188326954841614,0.2188326954841614
HHSRSSV,-0.20942434668540955,-0.9488341808319092,0.5714285714285714,0.2857142857142857,0.4881473779678345,0.3381473779678344
YSRVSHN,1.3847116231918335,1.5238453149795532,0.4285714285714285,0.1428571428571428,0.7581614851951599,0.55816148519516
YYHRGNI,-1.2143033742904663,0.9796544909477234,0.7142857142857143,0.1428571428571428,0.4957408308982849,0.3957408308982849
YYHRGAN,-0.5669691562652588,0.5582840442657471,0.5714285714285714,0.1428571428571428,0.5678051710128784,0.4178051710128784
QYYRLNN,-2.711627960205078,1.2124463319778442,0.7142857142857143,0.1428571428571428,0.3290516436100006,0.2290516436100006
YSRRSNN,-1.634276270866394,1.1742011308670044,0.2857142857142857,0.1428571428571428,0.4489874839782715,0.1989874839782714
ISSRSFN,1.1997697353363037,-2.802137613296509,0.5714285714285714,0.2857142857142857,0.2857685685157776,0.1357685685157776
QYRQYPE,-1.6632766723632812,-0.9074782729148865,0.7142857142857143,0.4285714285714285,0.4457590281963348,0.3457590281963348
IYRRAEN,-0.10642168670892715,0.26450371742248535,0.5714285714285714,0.2857142857142857,0.6190754771232605,0.4690754771232605
QWRMANE,-1.4708890914916992,-0.9733301401138306,0.7142857142857143,0.4285714285714285,0.4671764969825744,0.3671764969825745
QYRRPNT,-3.1718387603759766,-0.1074221283197403,0.7142857142857143,0.2857142857142857,0.2778187990188598,0.1778187990188598
SSARKNT,-2.072096109390259,-0.7270669937133789,0.5714285714285714,0.4285714285714285,0.4002473354339599,0.2502473354339599
SSHVSNE,-0.5509375333786011,-5.205483436584473,0.7142857142857143,0.4285714285714285,0.0233256481587886,0.0
YYTRNNN,-0.234638974070549,-0.3823525905609131,0.5714285714285714,0.1428571428571428,0.5500065684318542,0.4000065684318542
YVTRANN,2.053293466567993,-1.147673487663269,0.5714285714285714,0.2857142857142857,0.4664343297481537,0.3164343297481536
FYHRSHN,-1.315748929977417,0.3341602385044098,0.5714285714285714,0.1428571428571428,0.4844474196434021,0.3344474196434021
IWMKPNS,-0.7457399368286133,-0.7410394549369812,0.7142857142857143,0.5714285714285714,0.5108383893966675,0.4108383893966675
YYTSANN,-0.5756238698959351,-2.4193367958068848,0.5714285714285714,0.2857142857142857,0.3275700211524963,0.1775700211524963
FYRRPEN,-0.7872964143753052,-0.04146949574351311,0.7142857142857143,0.2857142857142857,0.5432772636413574,0.4432772636413574
YYHSLVN,-2.9068050384521484,-0.6650253534317017,0.5714285714285714,0.2857142857142857,0.3073236048221588,0.1573236048221588
TYSRRGN,-2.917818069458008,0.16535571217536926,0.5714285714285714,0.2857142857142857,0.3060975670814514,0.1560975670814514
YYHKSND,0.5562559962272644,-0.19292014837265015,0.4285714285714285,0.2857142857142857,0.5706924200057983,0.3706924200057984
VYRRLAN,-2.6051571369171143,0.48797550797462463,0.5714285714285714,0.2857142857142857,0.3409044742584228,0.1909044742584228
IYSRSQN,0.49031347036361694,3.402162551879883,0.4285714285714285,0.0,0.6855068206787109,0.485506820678711
NSSRSGG,1.752478837966919,-3.477912664413452,0.7142857142857143,0.4285714285714285,0.2119746208190918,0.1119746208190918
QYRSSNN,1.4484885931015015,-1.3009347915649414,0.4285714285714285,0.1428571428571428,0.4496983885765075,0.2496983885765075
YYRRVNW,-3.5280184745788574,0.8727211356163025,0.5714285714285714,0.2857142857142857,0.2381672114133834,0.0881672114133834
VYHRNGN,0.8274351954460144,0.5848192572593689,0.5714285714285714,0.1428571428571428,0.655620813369751,0.505620813369751
YGRKAQN,-2.7669663429260254,-0.148128941655159,0.4285714285714285,0.2857142857142857,0.3228911161422729,0.1228911161422729
SYRRSNN,-2.7835934162139893,0.8152108788490295,0.4285714285714285,0.1428571428571428,0.3210400938987732,0.1210400938987732
VYGHAIN,-0.9873210191726685,-1.0346728563308716,0.7142857142857143,0.4285714285714285,0.4787739217281341,0.3787739217281342
VYSRMKN,-2.778543710708618,2.301253080368042,0.5714285714285714,0.2857142857142857,0.3216022551059723,0.1716022551059723
YYRSSGN,0.6121424436569214,0.4639609158039093,0.4285714285714285,0.1428571428571428,0.6424232125282288,0.4424232125282288
QYHSSNN,0.38200855255126953,-1.9514098167419434,0.5714285714285714,0.1428571428571428,0.3786671757698059,0.2286671757698059
YKHRGNN,-3.233250856399536,1.3563191890716553,0.5714285714285714,0.1428571428571428,0.2709821164608001,0.1209821164608001
SYTRAPN,1.3812931776046753,0.39272868633270264,0.5714285714285714,0.2857142857142857,0.6346446871757507,0.4846446871757507
VYSRSNM,0.8303049802780151,2.8596553802490234,0.4285714285714285,0.1428571428571428,0.7233562469482422,0.5233562469482422
VSHRSQN,1.1543927192687988,-1.3127727508544922,0.4285714285714285,0.2857142857142857,0.4484056830406189,0.2484056830406189
SYHRQNI,-0.39677104353904724,1.531732201576233,0.7142857142857143,0.2857142857142857,0.5867524147033691,0.4867524147033691
NYRRDNN,0.13293606042861938,-1.8722444772720337,0.5714285714285714,0.2857142857142857,0.3873119652271271,0.237311965227127
TYVRLPN,-1.0051246881484985,0.2934095859527588,0.5714285714285714,0.4285714285714285,0.519027590751648,0.3690275907516479
TSSHGAN,-0.06070299819111824,-4.276587963104248,0.5714285714285714,0.4285714285714285,0.1247600838541984,0.0
YHRLYNM,-2.34448504447937,0.6711733341217041,0.2857142857142857,0.2857142857142857,0.3699237108230591,0.119923710823059
YSARSNH,1.3365603685379028,-1.4983264207839966,0.5714285714285714,0.1428571428571428,0.4281434416770935,0.2781434416770935
QYHHSTN,0.268305242061615,-0.4714927077293396,0.4285714285714285,0.2857142857142857,0.54027259349823,0.34027259349823
YYSRQNN,-0.37457531690597534,-0.6004014611244202,0.5714285714285714,0.0,0.5261958837509155,0.3761958837509155
YYKRSPA,-2.2583987712860107,0.6542309522628784,0.4285714285714285,0.2857142857142857,0.3795072436332702,0.1795072436332702
VYHRLNN,0.2124735713005066,1.572925090789795,0.5714285714285714,0.1428571428571428,0.654576301574707,0.504576301574707
QYSSDAL,-0.5959923267364502,-2.9455697536468506,0.7142857142857143,0.4285714285714285,0.2701059281826019,0.1701059281826019
YSSRSGN,2.6373093128204346,-1.0730241537094116,0.5714285714285714,0.1428571428571428,0.4745859801769256,0.3245859801769256
IYSRSSS,1.4738192558288574,0.9122344255447388,0.4285714285714285,0.1428571428571428,0.6913741827011108,0.4913741827011109
YYLRSSE,-1.0928550958633423,0.8264251947402954,0.5714285714285714,0.1428571428571428,0.5092610716819763,0.3592610716819763
QYHRFQS,-2.143449544906616,0.5972418189048767,0.5714285714285714,0.4285714285714285,0.3923039138317108,0.2423039138317108
YYSRSNA,1.1160309314727783,0.35125505924224854,0.5714285714285714,0.0,0.630115807056427,0.480115807056427
YQSLGIN,-0.004480844363570213,-2.1365036964416504,0.5714285714285714,0.2857142857142857,0.358455091714859,0.208455091714859
GYRSSHN,0.6161231994628906,-0.9825667142868042,0.5714285714285714,0.2857142857142857,0.4844638407230377,0.3344638407230377
SYSRSDI,0.7781179547309875,1.1967871189117432,0.4285714285714285,0.2857142857142857,0.7175465822219849,0.5175465822219849
QYSRSNN,1.1347072124481201,2.8329105377197266,0.5714285714285714,0.0,0.7572437524795532,0.6072437524795532
QHRRTNN,-2.8717033863067627,0.2692171335220337,0.4285714285714285,0.2857142857142857,0.3112312853336334,0.1112312853336334
YSSRQSN,2.151813507080078,-2.488947868347168,0.5714285714285714,0.2857142857142857,0.3199685513973236,0.1699685513973236
PYHRSNN,0.2690008282661438,1.1113201379776,0.5714285714285714,0.1428571428571428,0.6608692407608032,0.5108692407608032
QYRRLPN,-3.4941518306732178,0.11443613469600677,0.5714285714285714,0.1428571428571428,0.2419373989105224,0.0919373989105224
VYRSPNN,2.0735418796539307,-0.9121001958847046,0.5714285714285714,0.2857142857142857,0.4921587109565735,0.3421587109565734
YNRMSYN,-0.9203128814697266,-0.486227810382843,0.4285714285714285,0.2857142857142857,0.5284692645072937,0.3284692645072937
YYSRQIE,-0.43743497133255005,-0.8945464491844177,0.7142857142857143,0.2857142857142857,0.4940755665302276,0.3940755665302277
YYIRLNN,-2.820884943008423,0.5866395235061646,0.5714285714285714,0.2857142857142857,0.3168886303901672,0.1668886303901672
SYMKGNN,1.7318251132965088,-1.087435007095337,0.7142857142857143,0.4285714285714285,0.4730123579502105,0.3730123579502106
NVHRDNI,0.9685412645339966,-2.9236414432525635,0.7142857142857143,0.4285714285714285,0.2725004553794861,0.1725004553794861
QYEHGNP,0.042102281004190445,-2.7570302486419678,0.7142857142857143,0.4285714285714285,0.2906942367553711,0.1906942367553711
SYHSQAE,0.5877367258071899,-2.243776798248291,0.7142857142857143,0.4285714285714285,0.3467409908771515,0.2467409908771515
YYSSPNN,-0.5631093978881836,-2.0641963481903076,0.5714285714285714,0.1428571428571428,0.3663510084152221,0.2163510084152221
IYQSSNE,-0.5244477987289429,-3.412065029144287,0.5714285714285714,0.2857142857142857,0.2191651165485382,0.0691651165485382
YYSKQEN,0.5014088749885559,-1.684928059577942,0.5714285714285714,0.2857142857142857,0.407766729593277,0.2577667295932769
QSRRGND,0.7267085313796997,-3.257205009460449,0.5714285714285714,0.2857142857142857,0.2360756695270538,0.0860756695270538
HYSMNSN,0.6187008619308472,-2.220820188522339,0.7142857142857143,0.4285714285714285,0.3492478430271148,0.2492478430271149
QSSRYQN,-0.23820994794368744,-1.8762538433074951,0.7142857142857143,0.2857142857142857,0.3868741393089294,0.2868741393089294
YYSQANN,-0.1663886457681656,-1.5199662446975708,0.5714285714285714,0.1428571428571428,0.4257803857326507,0.2757803857326507
QVTSQNN,-0.05332464724779129,-4.8162689208984375,0.7142857142857143,0.2857142857142857,0.0658274739980697,0.0
YYRRANN,-3.307755708694458,0.20897573232650757,0.4285714285714285,0.1428571428571428,0.2626878917217254,0.0626878917217254
YYSLANN,-0.9542632699012756,-0.31918713450431824,0.4285714285714285,0.1428571428571428,0.5246897339820862,0.3246897339820862
MYSRGNN,1.833730697631836,0.5206020474433899,0.5714285714285714,0.0,0.648608386516571,0.498608386516571
YYRRSIN,-3.4296164512634277,0.6072962880134583,0.4285714285714285,0.1428571428571428,0.2491217851638794,0.0491217851638794
SFSRQNN,1.0149486064910889,-0.07677459716796875,0.7142857142857143,0.1428571428571428,0.5833753943443298,0.4833753943443298
QYSKALP,2.1716995239257812,-1.1447950601577759,0.5714285714285714,0.4285714285714285,0.4667486846446991,0.3167486846446991
YSSRSPH,1.2376402616500854,-2.2328109741210938,0.5714285714285714,0.4285714285714285,0.3479384481906891,0.1979384481906891
TYTRNAE,1.482324242591858,0.508021891117096,0.5714285714285714,0.4285714285714285,0.6472346186637878,0.4972346186637878
YYRTSNN,0.29021355509757996,0.5714225769042969,0.2857142857142857,0.1428571428571428,0.6541578769683838,0.4041578769683838
AYASSQN,0.2042657434940338,-2.7647879123687744,0.5714285714285714,0.2857142857142857,0.2898471057415008,0.1398471057415008
TYTRLNT,-0.10927135497331619,2.363306999206543,0.5714285714285714,0.2857142857142857,0.6187582015991211,0.468758201599121
WYSRGEE,-0.5390976667404175,-0.16078054904937744,0.7142857142857143,0.2857142857142857,0.5709078907966614,0.4709078907966614
MAHRYGS,-0.11366263031959534,-0.5212786793708801,0.7142857142857143,0.5714285714285714,0.5348359942436218,0.4348359942436218
QYTLSQD,-0.662176251411438,-0.6639171242713928,0.4285714285714285,0.2857142857142857,0.519260048866272,0.319260048866272
YYSRPNA,0.694388210773468,-0.8074882626533508,0.7142857142857143,0.1428571428571428,0.503582239151001,0.403582239151001
YYHRIAN,-1.7060800790786743,0.5471178889274597,0.7142857142857143,0.1428571428571428,0.4409939646720886,0.3409939646720886
QYSSQPG,1.3027044534683228,-2.4579272270202637,0.7142857142857143,0.4285714285714285,0.3233559727668762,0.2233559727668762
YQSRSNH,0.3868601620197296,-1.4288737773895264,0.5714285714285714,0.2857142857142857,0.4357275664806366,0.2857275664806366
MYYNGNN,-1.6569029092788696,-0.9662394523620605,0.7142857142857143,0.2857142857142857,0.4464685916900635,0.3464685916900635
PSRDSNN,0.7852663993835449,-4.097827911376953,0.4285714285714285,0.2857142857142857,0.1442805081605911,0.0
ISSRNPN,1.605118989944458,-3.388617515563965,0.5714285714285714,0.2857142857142857,0.2217255532741546,0.0717255532741546
MYSRVNE,0.7693449854850769,1.7501025199890137,0.7142857142857143,0.2857142857142857,0.7165698409080505,0.6165698409080506
DYRRYDN,-2.2025296688079834,-0.5875211358070374,0.7142857142857143,0.2857142857142857,0.3857268393039703,0.2857268393039703
QYRSSTV,0.8763550519943237,-1.970076084136963,0.4285714285714285,0.2857142857142857,0.3766288459300995,0.1766288459300995
GYHRSNM,-0.08507604151964188,0.9671990275382996,0.5714285714285714,0.2857142857142857,0.621451735496521,0.471451735496521
YGTQGGN,1.2069778442382812,-3.0243289470672607,0.5714285714285714,0.4285714285714285,0.2615054845809936,0.1115054845809936
GYHSFAN,-2.055797576904297,-2.2927234172821045,0.7142857142857143,0.2857142857142857,0.3413960635662079,0.2413960635662079
IYSRMNN,0.3139210045337677,2.31933331489563,0.5714285714285714,0.1428571428571428,0.665869951248169,0.5158699512481689
IYARHQN,-0.43332722783088684,1.4717706441879272,0.5714285714285714,0.2857142857142857,0.5826827883720398,0.4326827883720398
YYSSGNN,-0.3301048278808594,-1.910903811454773,0.4285714285714285,0.0,0.3830903768539428,0.1830903768539429
QMHAKNN,1.6189385652542114,-2.982250213623047,0.7142857142857143,0.4285714285714285,0.2661004364490509,0.1661004364490509
IFHRYNN,-1.6534662246704102,1.2976053953170776,0.7142857142857143,0.2857142857142857,0.4468511641025543,0.3468511641025543
NYSRGEP,1.3801913261413574,-0.011153326369822025,0.5714285714285714,0.2857142857142857,0.5905411839485168,0.4405411839485168
ISHSLNN,0.8270516395568848,-3.383424758911133,0.7142857142857143,0.2857142857142857,0.2222926020622253,0.1222926020622253
YYVYSNV,-2.663506031036377,1.5047922134399414,0.5714285714285714,0.4285714285714285,0.3344087898731231,0.1844087898731231
QYHHLIA,-1.9517617225646973,-0.6468024253845215,0.7142857142857143,0.4285714285714285,0.4136435091495514,0.3136435091495514
VYRRSNE,0.9755971431732178,0.18351854383945465,0.4285714285714285,0.2857142857142857,0.6117991805076599,0.4117991805076599
QYERASN,0.9636351466178894,-2.2948310375213623,0.7142857142857143,0.1428571428571428,0.3411659300327301,0.2411659300327301
QYVSSNQ,-0.14811788499355316,-2.7523365020751953,0.7142857142857143,0.4285714285714285,0.2912067770957947,0.1912067770957947
YSRRSMN,-2.4372215270996094,0.9222391843795776,0.2857142857142857,0.1428571428571428,0.3595998585224151,0.1095998585224151
VSHKSNN,1.5621397495269775,-2.6163878440856934,0.5714285714285714,0.2857142857142857,0.3060522377490997,0.1560522377490997
YNSRANN,2.3679895401000977,-1.7918667793273926,0.5714285714285714,0.2857142857142857,0.396089106798172,0.246089106798172
TYSRSNV,1.6413607597351074,3.1502766609191895,0.4285714285714285,0.1428571428571428,0.8136467933654785,0.6136467933654786
IQSRDGE,0.4606989920139313,-4.597389221191406,0.7142857142857143,0.2857142857142857,0.0897289142012596,0.0
ISSRLHN,1.5994417667388916,-2.3407673835754395,0.7142857142857143,0.2857142857142857,0.3361497223377228,0.2361497223377228
YYRHLAN,-1.936680793762207,0.44102004170417786,0.5714285714285714,0.2857142857142857,0.4153223931789398,0.2653223931789398
TYHRLNW,-2.6565518379211426,1.3465932607650757,0.5714285714285714,0.2857142857142857,0.3351829648017883,0.1851829648017883
TSRRSPN,-2.0550312995910645,0.38894879817962646,0.4285714285714285,0.1428571428571428,0.4021470546722412,0.2021470546722412
VYSRSGN,1.9117947816848755,1.9823672771453857,0.4285714285714285,0.0,0.8082316517829895,0.6082316517829895
QYSRGSN,1.5451799631118774,1.4965078830718994,0.5714285714285714,0.0,0.7551762461662292,0.6051762461662292
QYSRGSN,1.5451799631118774,1.4965078830718994,0.5714285714285714,0.0,0.7551762461662292,0.6051762461662292
QYHRGNT,0.8391679525375366,1.0219343900680542,0.7142857142857143,0.0,0.7033533453941345,0.6033533453941345
QYSRNNP,1.5083811283111572,1.5115464925765991,0.5714285714285714,0.0,0.7568184733390808,0.6068184733390808
TYTRANI,1.2616287469863892,1.5152959823608398,0.5714285714285714,0.0,0.757227897644043,0.607227897644043
SYSRSSN,1.1422529220581055,1.515839695930481,0.5714285714285714,0.0,0.7572872638702393,0.6072872638702392
YLHRGNS,0.6472460627555847,1.0436344146728516,0.7142857142857143,0.0,0.7029772400856018,0.6029772400856018
YLHRGNS,0.6472460627555847,1.0436344146728516,0.7142857142857143,0.0,0.7029772400856018,0.6029772400856018
QYVRSAN,1.1845234632492065,1.532400131225586,0.5714285714285714,0.0,0.7590956687927246,0.6090956687927246
QYSRSND,1.1993532180786133,1.5455397367477417,0.5714285714285714,0.0,0.7605305314064026,0.6105305314064026
QYSRQNT,0.8920267224311829,1.0595054626464844,0.7142857142857143,0.0,0.7074560523033142,0.6074560523033142
VYSRQNN,0.8949811458587646,2.1973581314086914,0.5714285714285714,0.0,0.730556309223175,0.580556309223175
YSRVPLN,1.321965217590332,2.040806293487549,0.4285714285714285,0.0,0.7780901789665222,0.5780901789665223
VYSRQGQ,0.8982329368591309,1.8566213846206665,0.5714285714285714,0.0,0.730918288230896,0.580918288230896
YSRVTND,2.491661310195923,2.0442099571228027,0.4285714285714285,0.0,0.8149847984313965,0.6149847984313965
IYHRNGN,0.6884950399398804,1.073756217956543,0.7142857142857143,0.0,0.7075693011283875,0.6075693011283875
IYTRGNN,1.5450838804244995,1.5752365589141846,0.5714285714285714,0.0,0.7637733221054077,0.6137733221054077
VYSRPPN,1.3658779859542847,1.5837769508361816,0.5714285714285714,0.0,0.7647059559822083,0.6147059559822082
YSRSLNS,1.9571248292922974,1.5921833515167236,0.5714285714285714,0.0,0.765623927116394,0.615623927116394
YSRSSVQ,1.976434350013733,1.5923123359680176,0.5714285714285714,0.0,0.765637993812561,0.615637993812561
YSRSSNQ,2.235509157180786,2.0813941955566406,0.4285714285714285,0.0,0.8190452456474304,0.6190452456474305
YSRSSNQ,2.235509157180786,2.0813941955566406,0.4285714285714285,0.0,0.8190452456474304,0.6190452456474305
QYARLNN,0.6687585115432739,1.1085295677185059,0.7142857142857143,0.0,0.7053720951080322,0.6053720951080322
QYSRGNN,1.375897765159607,1.606122374534607,0.5714285714285714,0.0,0.7671460509300232,0.6171460509300232
QYSRGNN,1.375897765159607,1.606122374534607,0.5714285714285714,0.0,0.7671460509300232,0.6171460509300232
QYSRANE,1.3676269054412842,1.1201345920562744,0.7142857142857143,0.0,0.7140766382217407,0.6140766382217407
YSRQLNN,2.7105958461761475,2.0964601039886475,0.4285714285714285,0.0,0.8206904530525208,0.6206904530525208
YSRQLNN,2.7105958461761475,2.0964601039886475,0.4285714285714285,0.0,0.8206904530525208,0.6206904530525208
YSRQLNN,2.7105958461761475,2.0964601039886475,0.4285714285714285,0.0,0.8206904530525208,0.6206904530525208
SYSRANN,1.3540023565292358,1.132031798362732,0.7142857142857143,0.0,0.7153758406639099,0.6153758406639099
SYSRANN,1.3540023565292358,1.132031798362732,0.7142857142857143,0.0,0.7153758406639099,0.6153758406639099
YSRSANN,2.7788655757904053,2.5977861881256104,0.2857142857142857,0.0,0.8754346966743469,0.6254346966743469
QYSRGSQ,1.0115461349487305,1.1389461755752563,0.7142857142857143,0.0,0.7161308526992798,0.6161308526992798
QYSRGSQ,1.0115461349487305,1.1389461755752563,0.7142857142857143,0.0,0.7161308526992798,0.6161308526992798
YSRSLGN,1.5712090730667114,2.120896100997925,0.4285714285714285,0.0,0.8058371543884277,0.6058371543884278
IYSRVQE,0.9722750186920166,3.738504648208618,0.5714285714285714,0.0,0.7391610145568848,0.5891610145568847
QYSRLAN,0.5525227785110474,1.4503839015960693,0.7142857142857143,0.0,0.6924322247505188,0.5924322247505188
YSRSPGE,1.8658947944641113,1.645357608795166,0.5714285714285714,0.0,0.771430492401123,0.621430492401123
QYSRSAN,1.5230978727340698,1.6478313207626343,0.5714285714285714,0.0,0.7717006206512451,0.6217006206512451
YSRVLGN,1.4600673913955688,2.137068271636963,0.4285714285714285,0.0,0.7934643626213074,0.5934643626213074
YSRVLGN,1.4600673913955688,2.137068271636963,0.4285714285714285,0.0,0.7934643626213074,0.5934643626213074
MYHRANN,0.9758740067481995,1.1677207946777344,0.7142857142857143,0.0,0.719273030757904,0.6192730307579041
YSRSGNN,2.8404319286346436,2.65136456489563,0.2857142857142857,0.0,0.8812854290008545,0.6312854290008545
YSRSGNN,2.8404319286346436,2.65136456489563,0.2857142857142857,0.0,0.8812854290008545,0.6312854290008545
SYHRSPN,1.009524941444397,1.9068986177444458,0.5714285714285714,0.0,0.7433078289031982,0.5933078289031982
VYTRANN,1.4377975463867188,2.749725580215454,0.4285714285714285,0.0,0.7909851670265198,0.5909851670265198
VYTRANN,1.4377975463867188,2.749725580215454,0.4285714285714285,0.0,0.7909851670265198,0.5909851670265198
VYTRANN,1.4377975463867188,2.749725580215454,0.4285714285714285,0.0,0.7909851670265198,0.5909851670265198
VYTRANN,1.4377975463867188,2.749725580215454,0.4285714285714285,0.0,0.7909851670265198,0.5909851670265198
VYTRANN,1.4377975463867188,2.749725580215454,0.4285714285714285,0.0,0.7909851670265198,0.5909851670265198
VYTRANN,1.4377975463867188,2.749725580215454,0.4285714285714285,0.0,0.7909851670265198,0.5909851670265198
VYTRANN,1.4377975463867188,2.749725580215454,0.4285714285714285,0.0,0.7909851670265198,0.5909851670265198
QYHRANN,0.8508756756782532,1.2021807432174683,0.7142857142857143,0.0,0.7230360507965088,0.6230360507965088
SYSRQNN,0.5985351204872131,1.6466094255447388,0.7142857142857143,0.0,0.6975545287132263,0.5975545287132263
YSRLGQN,2.523437738418579,2.67421555519104,0.2857142857142857,0.0,0.8837807178497314,0.6337807178497314
YSRLGQN,2.523437738418579,2.67421555519104,0.2857142857142857,0.0,0.8837807178497314,0.6337807178497314
TYSRGTN,1.5971348285675049,1.7018580436706543,0.5714285714285714,0.0,0.7776002883911133,0.6276002883911133
YSRSLSN,1.8933918476104736,2.194544553756714,0.4285714285714285,0.0,0.8314011693000793,0.6314011693000794
VYSRGNN,1.0391335487365723,1.753395676612854,0.5714285714285714,0.0,0.7466040253639221,0.5966040253639221
YSRSQAN,1.7623904943466187,2.207921266555786,0.4285714285714285,0.0,0.8271203637123108,0.6271203637123108
MYSRAEN,0.7473888993263245,1.2542983293533325,0.7142857142857143,0.0,0.7141256332397461,0.6141256332397461
VYSRGAN,1.7486071586608887,1.742592453956604,0.5714285714285714,0.0,0.7820484638214111,0.6320484638214111
TYSRSNN,1.0697753429412842,2.0232675075531006,0.5714285714285714,0.0,0.7500152587890625,0.6000152587890625
TYSRSNN,1.0697753429412842,2.0232675075531006,0.5714285714285714,0.0,0.7500152587890625,0.6000152587890625
TYSRSNN,1.0697753429412842,2.0232675075531006,0.5714285714285714,0.0,0.7500152587890625,0.6000152587890625
TYSRSNN,1.0697753429412842,2.0232675075531006,0.5714285714285714,0.0,0.7500152587890625,0.6000152587890625
TYSRSNN,1.0697753429412842,2.0232675075531006,0.5714285714285714,0.0,0.7500152587890625,0.6000152587890625
SYSRSNN,1.0727022886276245,2.1194589138031006,0.5714285714285714,0.0,0.7503410577774048,0.6003410577774048
SYSRSNN,1.0727022886276245,2.1194589138031006,0.5714285714285714,0.0,0.7503410577774048,0.6003410577774048
SYSRSNN,1.0727022886276245,2.1194589138031006,0.5714285714285714,0.0,0.7503410577774048,0.6003410577774048
SYSRSNN,1.0727022886276245,2.1194589138031006,0.5714285714285714,0.0,0.7503410577774048,0.6003410577774048
SYSRSNN,1.0727022886276245,2.1194589138031006,0.5714285714285714,0.0,0.7503410577774048,0.6003410577774048
SYSRSNN,1.0727022886276245,2.1194589138031006,0.5714285714285714,0.0,0.7503410577774048,0.6003410577774048
SYSRSNN,1.0727022886276245,2.1194589138031006,0.5714285714285714,0.0,0.7503410577774048,0.6003410577774048
SYSRSNN,1.0727022886276245,2.1194589138031006,0.5714285714285714,0.0,0.7503410577774048,0.6003410577774048
SYSRSNN,1.0727022886276245,2.1194589138031006,0.5714285714285714,0.0,0.7503410577774048,0.6003410577774048
SYSRSNN,1.0727022886276245,2.1194589138031006,0.5714285714285714,0.0,0.7503410577774048,0.6003410577774048
IYSRSAN,1.4985451698303223,2.275128126144409,0.4285714285714285,0.0,0.7977478504180908,0.5977478504180909
PYSRLSN,0.6677212119102478,1.8893604278564453,0.7142857142857143,0.0,0.7052566409111023,0.6052566409111023
MYSRSNN,1.5054917335510254,1.7826772928237915,0.5714285714285714,0.0,0.7864256501197815,0.6364256501197815
MYSRSNN,1.5054917335510254,1.7826772928237915,0.5714285714285714,0.0,0.7864256501197815,0.6364256501197815
MYSRSNN,1.5054917335510254,1.7826772928237915,0.5714285714285714,0.0,0.7864256501197815,0.6364256501197815
MYSRSNN,1.5054917335510254,1.7826772928237915,0.5714285714285714,0.0,0.7864256501197815,0.6364256501197815
MYSRSNN,1.5054917335510254,1.7826772928237915,0.5714285714285714,0.0,0.7864256501197815,0.6364256501197815
QYSRSNN,1.1347072124481201,2.8329105377197266,0.5714285714285714,0.0,0.7572437524795532,0.6072437524795532
QYSRSNN,1.1347072124481201,2.8329105377197266,0.5714285714285714,0.0,0.7572437524795532,0.6072437524795532
QYSRSNN,1.1347072124481201,2.8329105377197266,0.5714285714285714,0.0,0.7572437524795532,0.6072437524795532
QYSRSNN,1.1347072124481201,2.8329105377197266,0.5714285714285714,0.0,0.7572437524795532,0.6072437524795532
QYSRSNN,1.1347072124481201,2.8329105377197266,0.5714285714285714,0.0,0.7572437524795532,0.6072437524795532
QYSRSNN,1.1347072124481201,2.8329105377197266,0.5714285714285714,0.0,0.7572437524795532,0.6072437524795532
QYSRSNN,1.1347072124481201,2.8329105377197266,0.5714285714285714,0.0,0.7572437524795532,0.6072437524795532
QYSRSNN,1.1347072124481201,2.8329105377197266,0.5714285714285714,0.0,0.7572437524795532,0.6072437524795532
YSRVSNN,2.917630195617676,2.8026349544525146,0.2857142857142857,0.0,0.8978040218353271,0.6478040218353271
YSRSSGN,2.498208522796631,2.3260834217071533,0.4285714285714285,0.0,0.8457650542259216,0.6457650542259217
YSRSSGN,2.498208522796631,2.3260834217071533,0.4285714285714285,0.0,0.8457650542259216,0.6457650542259217
SYSRTNL,1.168756365776062,1.8445312976837158,0.5714285714285714,0.0,0.7610342502593994,0.6110342502593994
SYHRANT,0.7835583090782166,1.3586664199829102,0.7142857142857143,0.0,0.7181521654129028,0.6181521654129029
YSRSGPN,2.7878224849700928,3.3061652183532715,0.1428571428571428,0.0,0.9412763118743896,0.6412763118743896
YSRSSAN,2.5067453384399414,2.3360517024993896,0.4285714285714285,0.0,0.8468536138534546,0.6468536138534546
VYSRNVN,1.1627570390701294,2.513132095336914,0.5714285714285714,0.0,0.7603663802146912,0.6103663802146911
MYSRANN,1.9002363681793213,1.3881070613861084,0.7142857142857143,0.0,0.7433390617370605,0.6433390617370606
MYSRANN,1.9002363681793213,1.3881070613861084,0.7142857142857143,0.0,0.7433390617370605,0.6433390617370606
MYSRANN,1.9002363681793213,1.3881070613861084,0.7142857142857143,0.0,0.7433390617370605,0.6433390617370606
MYSRANN,1.9002363681793213,1.3881070613861084,0.7142857142857143,0.0,0.7433390617370605,0.6433390617370606
YSRSLNN,2.0125224590301514,2.3630013465881348,0.4285714285714285,0.0,0.84979647397995,0.64979647397995
YSRSLNN,2.0125224590301514,2.3630013465881348,0.4285714285714285,0.0,0.84979647397995,0.64979647397995
YSRSVNQ,1.5319690704345703,1.877048373222351,0.5714285714285714,0.0,0.7967309355735779,0.6467309355735779
YSRSVNQ,1.5319690704345703,1.877048373222351,0.5714285714285714,0.0,0.7967309355735779,0.6467309355735779
MYSRANV,1.082700490951538,1.3977967500686646,0.7142857142857143,0.0,0.7443971037864685,0.6443971037864685
VYSRGSN,1.778441071510315,1.9026318788528442,0.5714285714285714,0.0,0.7995246052742004,0.6495246052742004
VYSRSAG,2.0348708629608154,2.4021005630493164,0.4285714285714285,0.0,0.8540660738945007,0.6540660738945008
SYSRSNS,1.5453193187713623,1.919838786125183,0.5714285714285714,0.0,0.8014035820960999,0.6514035820960998
QYSRSSN,1.2236515283584595,2.193639039993286,0.5714285714285714,0.0,0.7671453952789307,0.6171453952789306
VYSRSAN,1.6571578979492188,2.6213510036468506,0.4285714285714285,0.0,0.8154053688049316,0.6154053688049317
YSRSGSN,2.758145809173584,2.9118716716766357,0.2857142857142857,0.0,0.9097325801849364,0.6597325801849365
YSRSGSN,2.758145809173584,2.9118716716766357,0.2857142857142857,0.0,0.9097325801849364,0.6597325801849365
YSRSGSN,2.758145809173584,2.9118716716766357,0.2857142857142857,0.0,0.9097325801849364,0.6597325801849365
QYSRVIE,0.8261132836341858,1.8900599479675293,0.7142857142857143,0.0,0.7228896021842957,0.6228896021842957
YSRLSNN,3.315321445465088,3.4239096641540527,0.1428571428571428,0.0,0.9656466245651244,0.6656466245651245
YSRLSNN,3.315321445465088,3.4239096641540527,0.1428571428571428,0.0,0.9656466245651244,0.6656466245651245
YSRLSNN,3.315321445465088,3.4239096641540527,0.1428571428571428,0.0,0.9656466245651244,0.6656466245651245
YSRGSPN,2.7337636947631836,3.429210901260376,0.1428571428571428,0.0,0.9352582097053528,0.6352582097053527
YSRGSPN,2.7337636947631836,3.429210901260376,0.1428571428571428,0.0,0.9352582097053528,0.6352582097053527
TYSRSQG,1.7069900035858154,2.461890935897827,0.4285714285714285,0.0,0.8209529519081116,0.6209529519081116
YSRSGNQ,2.335385799407959,2.4859085083007812,0.4285714285714285,0.0,0.863217830657959,0.663217830657959
QYSRSTN,1.287840723991394,2.425595283508301,0.5714285714285714,0.0,0.7742912769317627,0.6242912769317627
QYSRSTN,1.287840723991394,2.425595283508301,0.5714285714285714,0.0,0.7742912769317627,0.6242912769317627
YSRVTNN,3.03092360496521,2.5071945190429688,0.4285714285714285,0.0,0.8655422329902649,0.6655422329902649
QYSRLGE,0.927726686000824,1.921929121017456,0.7142857142857143,0.0,0.7342016696929932,0.6342016696929932
IYSRANN,1.362966537475586,2.3781821727752686,0.5714285714285714,0.0,0.7826546430587769,0.6326546430587768
IYSRGNE,1.3740437030792236,2.2794430255889893,0.5714285714285714,0.0,0.7838877439498901,0.6338877439498901
QYSRANN,1.5575484037399292,1.6717592477798462,0.7142857142857143,0.0,0.7743135094642639,0.6743135094642639
YSRLSND,2.6747188568115234,3.145183563232422,0.2857142857142857,0.0,0.9286850690841676,0.6786850690841675
IYSRGNP,1.5843440294265747,2.221428632736206,0.5714285714285714,0.0,0.8072993755340576,0.6572993755340576
QYSRLNN,1.0643407106399536,3.376476526260376,0.7142857142857143,0.0,0.7494102120399475,0.6494102120399475
QYSRLNN,1.0643407106399536,3.376476526260376,0.7142857142857143,0.0,0.7494102120399475,0.6494102120399475
SYSRSNV,1.4889161586761475,2.320668935775757,0.5714285714285714,0.0,0.796675980091095,0.646675980091095
YSRLSQN,2.523674249649048,3.461937665939331,0.2857142857142857,0.0,0.9118700623512268,0.6618700623512268
YSRLSPN,3.145138740539551,3.6200718879699707,0.2857142857142857,0.0,0.981054425239563,0.731054425239563
