seq,fitness_pred,htfr1_pred,ref_dist,div_prev,reward_signal,final_score
RYRGSAL,-3.0568881034851074,-0.9890034794807434,0.7142857142857143,0.4285714285714285,0.2878119349479675,0.1878119349479675
YSPKMWP,-1.8769166469573975,1.1793051958084106,0.5714285714285714,0.5714285714285714,0.4196911156177521,0.269691115617752
ILRSCNV,-3.5363805294036865,0.28486526012420654,0.7142857142857143,0.2857142857142857,0.2342216074466705,0.1342216074466705
NYCRTQN,-3.7011208534240723,0.9440886974334717,0.5714285714285714,0.2857142857142857,0.2158094644546508,0.0658094644546508
YSLSTHN,0.7056889533996582,-2.978634834289551,0.5714285714285714,0.4285714285714285,0.236639067530632,0.086639067530632
LDHCLAN,-3.7406272888183594,-0.862842857837677,0.7142857142857143,0.4285714285714285,0.2113940417766571,0.1113940417766571
FYRTLNK,-3.6219217777252197,-0.8151317834854126,0.7142857142857143,0.2857142857142857,0.2246611267328262,0.1246611267328262
RNLQGPN,1.1362085342407227,-3.2700483798980713,0.5714285714285714,0.5714285714285714,0.2061422020196914,0.0561422020196914
YHRVCMV,-4.227616786956787,-0.2690642476081848,0.5714285714285714,0.2857142857142857,0.1569657921791076,0.0069657921791076
YLSRNAN,1.8802388906478882,-1.8881224393844604,0.5714285714285714,0.1428571428571428,0.3507627844810486,0.2007627844810486
MTHKVNN,2.0315194129943848,-2.568716049194336,0.7142857142857143,0.1428571428571428,0.2795376777648926,0.1795376777648926
MCRRSWN,-5.381543159484863,1.9032843112945557,0.5714285714285714,0.4285714285714285,0.0279975607991218,0.0
VPRIQAV,1.0410553216934204,-3.5533251762390137,0.5714285714285714,0.5714285714285714,0.1764968782663345,0.0264968782663345
YFHQDNW,-1.900694489479065,0.18839998543262482,0.7142857142857143,0.4285714285714285,0.4170335829257965,0.3170335829257965
IMHAFYS,-3.3455193042755127,-0.2533440887928009,0.7142857142857143,0.4285714285714285,0.2555531561374664,0.1555531561374664
VMHMTNC,-3.44515061378479,-0.8236032128334045,0.7142857142857143,0.2857142857142857,0.2444179058074951,0.1444179058074951
YLIDLLH,-2.730374813079834,-2.732921838760376,0.7142857142857143,0.4285714285714285,0.2623533010482788,0.1623533010482788
GSKSQNN,1.3268450498580933,-3.769451856613159,0.5714285714285714,0.2857142857142857,0.1538788974285125,0.0038788974285125
ASHREWG,-0.76707923412323,-1.0476312637329102,0.5714285714285714,0.1428571428571428,0.4387214481830597,0.2887214481830596
MYYRSDN,-1.6580278873443604,0.24348141252994537,0.5714285714285714,0.2857142857142857,0.4441551268100738,0.2941551268100738
KWHRSWP,-4.730807781219482,2.8900790214538574,0.5714285714285714,0.2857142857142857,0.100726805627346,0.0
VLHCDQN,-4.033677101135254,-0.010871616192162037,0.7142857142857143,0.4285714285714285,0.1786414086818695,0.0786414086818695
SYCRSEN,-4.075623035430908,1.3563152551651,0.5714285714285714,0.2857142857142857,0.1739533394575119,0.0239533394575119
IYRRSNH,-3.8126959800720215,0.8415154814720154,0.5714285714285714,0.1428571428571428,0.2033392935991287,0.0533392935991287
YYHRSQP,-1.4621232748031616,1.2943823337554932,0.2857142857142857,0.2857142857142857,0.4660503566265106,0.2160503566265106
YEERTRD,-0.019794821739196777,-2.7290284633636475,0.7142857142857143,0.4285714285714285,0.262760728597641,0.162760728597641
IIKRSSQ,-2.4666993618011475,-0.2397533357143402,0.7142857142857143,0.4285714285714285,0.353774219751358,0.253774219751358
FFQRSWH,-2.5646283626556396,0.5866370797157288,0.7142857142857143,0.4285714285714285,0.3428291976451874,0.2428291976451874
YMERSGS,1.1110137701034546,-2.1336288452148438,0.7142857142857143,0.2857142857142857,0.3250702023506164,0.2250702023506164
FQWGDAE,-2.501807689666748,-0.6819398999214172,0.8571428571428571,0.5714285714285714,0.3498503267765045,0.2998503267765044
YQVRSNN,1.728476643562317,-1.0529727935791016,0.4285714285714285,0.2857142857142857,0.4381624460220337,0.2381624460220337
FYQRHIN,-1.3957810401916504,-0.40767815709114075,0.7142857142857143,0.2857142857142857,0.473465085029602,0.3734650850296021
QYRRSIN,-3.7844252586364746,0.17422565817832947,0.4285714285714285,0.1428571428571428,0.2064989656209945,0.0064989656209945
YIQSSGD,-0.4414013624191284,-4.2153215408325195,0.5714285714285714,0.4285714285714285,0.1072179749608039,0.0
RRKVYRC,-5.632047653198242,1.7360388040542603,0.7142857142857143,0.7142857142857143,0.0,0.0
IYHHGTC,-3.6202738285064697,-0.3811332583427429,0.5714285714285714,0.4285714285714285,0.2248453050851822,0.0748453050851822
TLHRLSN,0.703124463558197,0.7058166265487671,0.7142857142857143,0.1428571428571428,0.622222363948822,0.522222363948822
FYTRSNG,0.3996179699897766,0.3287511169910431,0.4285714285714285,0.2857142857142857,0.5827618837356567,0.3827618837356568
YHLWHMI,-3.9589178562164307,0.1080988347530365,0.7142857142857143,0.5714285714285714,0.1869968622922897,0.0869968622922897
ESGNTVH,-0.3569718301296234,-5.0335373878479,0.5714285714285714,0.5714285714285714,0.0215904749929904,0.0
YMRGANN,2.157505750656128,-1.6387683153152466,0.4285714285714285,0.2857142857142857,0.3768580853939056,0.1768580853939056
VVHRSQV,1.1713625192642212,0.6164076328277588,0.4285714285714285,0.2857142857142857,0.6128656268119812,0.4128656268119812
RSHEMDQ,-0.7358452081680298,-3.5654678344726562,0.7142857142857143,0.5714285714285714,0.1752261221408844,0.0752261221408844
QGYGLGN,-0.9276488423347473,-2.177511215209961,0.7142857142857143,0.4285714285714285,0.3204778432846069,0.2204778432846069
AFRMQEN,0.5177192687988281,-3.044401168823242,0.7142857142857143,0.2857142857142857,0.2297565191984176,0.1297565191984176
YNSCYGP,-3.05238938331604,-0.0723206028342247,0.7142857142857143,0.4285714285714285,0.2883147299289703,0.1883147299289703
YSHRTSN,2.02850341796875,0.2576533257961273,0.5714285714285714,0.1428571428571428,0.5753213763237,0.4253213763236999
IYHVFWK,-3.4962751865386963,0.0851638913154602,0.7142857142857143,0.4285714285714285,0.2387039810419082,0.1387039810419083
NCAILWP,-4.338417053222656,2.9263205528259277,0.5714285714285714,0.5714285714285714,0.1445822417736053,0.0
MYSYRHN,-1.6533222198486328,-0.08220018446445465,0.7142857142857143,0.4285714285714285,0.4446810781955719,0.3446810781955719
YYRTAAY,-2.6101202964782715,-0.2343449741601944,0.5714285714285714,0.0,0.337744802236557,0.187744802236557
GYINQEN,-0.7533539533615112,-3.418145179748535,0.7142857142857143,0.4285714285714285,0.1906436532735824,0.0906436532735824
AKGVEQV,0.8639897704124451,-3.2984063625335693,0.7142857142857143,0.7142857142857143,0.2031745016574859,0.1031745016574859
WVHPTNE,-0.8120726346969604,-3.115851879119873,0.7142857142857143,0.4285714285714285,0.2222791016101837,0.1222791016101837
QYSRCNS,-3.124177932739258,2.189164161682129,0.5714285714285714,0.2857142857142857,0.2802913188934326,0.1302913188934326
EYDRLSV,-0.6867539882659912,-2.2675557136535645,0.5714285714285714,0.2857142857142857,0.3110545575618744,0.1610545575618744
LYHSSIN,-0.8119819164276123,-1.5315182209014893,0.4285714285714285,0.1428571428571428,0.3880819678306579,0.1880819678306579
GHRHFVD,0.7227456569671631,-1.4849944114685059,0.5714285714285714,0.4285714285714285,0.3929507434368133,0.2429507434368133
DYSRSNN,0.5666507482528687,0.19150474667549133,0.5714285714285714,0.1428571428571428,0.5683988928794861,0.418398892879486
VYRRVEN,-0.10758324712514877,-0.25228074193000793,0.5714285714285714,0.2857142857142857,0.5219560265541077,0.3719560265541076
SVTMANN,0.2881050407886505,-4.569638252258301,0.7142857142857143,0.4285714285714285,0.0701382085680961,0.0
YYHDLNN,-2.164469003677368,0.11538892239332199,0.5714285714285714,0.2857142857142857,0.3875528872013092,0.2375528872013092
WYRRHEN,-1.7477070093154907,0.4198875427246094,0.7142857142857143,0.1428571428571428,0.4341321885585785,0.3341321885585785
YVHVSPN,-0.26229920983314514,-1.4110310077667236,0.4285714285714285,0.2857142857142857,0.4006911218166351,0.2006911218166351
YNSHGRD,1.6040593385696411,-3.227450132369995,0.5714285714285714,0.5714285714285714,0.2106001824140548,0.0606001824140548
YVHRMTQ,-0.24958458542823792,0.5135877728462219,0.4285714285714285,0.2857142857142857,0.6015693545341492,0.4015693545341492
THHRLNN,-0.37256237864494324,0.4246634244918823,0.5714285714285714,0.1428571428571428,0.587824821472168,0.4378248214721679
YHTTSWM,-3.628354787826538,-0.521649956703186,0.5714285714285714,0.4285714285714285,0.223942145705223,0.073942145705223
KYHRSAL,-4.615207672119141,1.1718213558197021,0.5714285714285714,0.2857142857142857,0.1136468201875686,0.0
NGSKQNN,1.183962106704712,-4.516709804534912,0.7142857142857143,0.4285714285714285,0.0756772458553314,0.0
QYHISYA,-2.7763137817382812,0.30942270159721375,0.5714285714285714,0.4285714285714285,0.3191702365875244,0.1691702365875244
CHRHDAQ,-3.577554941177368,-0.22631977498531342,0.7142857142857143,0.5714285714285714,0.2296197712421417,0.1296197712421417
CYHSSMN,-3.8521833419799805,-0.4748234152793884,0.5714285714285714,0.2857142857142857,0.1989260017871856,0.0489260017871856
NYSRLRN,-3.255645751953125,-0.046105459332466125,0.7142857142857143,0.2857142857142857,0.2655978500843048,0.1655978500843048
VRAHVQN,1.0152031183242798,-2.6485326290130615,0.7142857142857143,0.4285714285714285,0.2711847424507141,0.1711847424507141
YWHRTEP,-2.2011146545410156,1.6078383922576904,0.7142857142857143,0.2857142857142857,0.383457213640213,0.283457213640213
MHSRAFQ,-0.5939139723777771,-0.9125563502311707,0.7142857142857143,0.4285714285714285,0.4528572559356689,0.3528572559356689
QPWISNN,-2.5430362224578857,-2.0214343070983887,0.5714285714285714,0.4285714285714285,0.3368115127086639,0.1868115127086639
YSRSDMN,0.5726184844970703,0.5137515068054199,0.2857142857142857,0.2857142857142857,0.6021224856376648,0.3521224856376648
VHHRLYW,-3.3603103160858154,1.0904955863952637,0.7142857142857143,0.2857142857142857,0.2539000511169433,0.1539000511169433
ATSRNNN,1.1668100357055664,-3.8902697563171387,0.7142857142857143,0.1428571428571428,0.1412351280450821,0.0412351280450821
YCRSPGE,-3.2372167110443115,-0.02888043411076069,0.5714285714285714,0.1428571428571428,0.2676575779914856,0.1176575779914856
AQWREFS,-2.5351979732513428,0.944649875164032,0.7142857142857143,0.4285714285714285,0.3461184799671173,0.2461184799671173
VYPRAVA,1.1594263315200806,-0.3663909435272217,0.5714285714285714,0.4285714285714285,0.5100142955780029,0.3600142955780029
YCRSSAC,-3.2300758361816406,-0.03118203394114971,0.5714285714285714,0.2857142857142857,0.2684556543827057,0.1184556543827057
YVRVNNN,1.3058303594589233,-1.2169601917266846,0.4285714285714285,0.1428571428571428,0.4210008978843689,0.2210008978843689
CNIYIVT,-3.6619670391082764,-1.0600693225860596,0.7142857142857143,0.7142857142857143,0.2201854735612869,0.1201854735612869
DTHRSGN,1.3221652507781982,-2.4792118072509766,0.7142857142857143,0.2857142857142857,0.2889044284820556,0.1889044284820557
YARSSVN,2.682133674621582,1.2646379470825195,0.2857142857142857,0.1428571428571428,0.6807038187980652,0.4307038187980652
YVHRVTN,0.8900379538536072,1.1615803241729736,0.5714285714285714,0.1428571428571428,0.6699187159538269,0.5199187159538269
VSRSLNN,1.9530606269836426,-2.2896032333374023,0.5714285714285714,0.1428571428571428,0.3087472319602966,0.1587472319602966
IIGRSYN,0.19756777584552765,-1.7815742492675781,0.7142857142857143,0.1428571428571428,0.3619132339954376,0.2619132339954376
YSNLGQD,0.04312487691640854,-1.9992307424545288,0.4285714285714285,0.1428571428571428,0.3391351401805877,0.1391351401805877
LYSRSQN,0.6133780479431152,1.6541082859039307,0.4285714285714285,0.2857142857142857,0.6980181336402893,0.4980181336402893
QYHRANN,0.8508756756782532,1.2021807432174683,0.7142857142857143,0.1428571428571428,0.6741676330566406,0.5741676330566406
AGHRIHN,-0.618159830570221,-1.3486435413360596,0.7142857142857143,0.2857142857142857,0.4072200655937195,0.3072200655937195
YSPSTTD,-0.34757691621780396,-4.729471206665039,0.5714285714285714,0.4285714285714285,0.0534114502370357,0.0
YSRSGLK,-2.96516752243042,0.6457023620605469,0.4285714285714285,0.2857142857142857,0.2980630695819855,0.0980630695819854
MYSRAAV,1.288967490196228,0.016377704218029976,0.7142857142857143,0.2857142857142857,0.5500715970993042,0.4500715970993042
VYRTGNS,2.0523641109466553,-1.541283369064331,0.5714285714285714,0.4285714285714285,0.3870600163936615,0.2370600163936615
QRRMEAA,-0.053079962730407715,-2.403986930847168,0.7142857142857143,0.5714285714285714,0.2967768311500549,0.1967768311500549
IYYRSNY,-3.5201306343078613,1.6756495237350464,0.5714285714285714,0.2857142857142857,0.2360377758741378,0.0860377758741378
QCHRKNN,-4.509796142578125,0.4331972002983093,0.7142857142857143,0.2857142857142857,0.1254281103610992,0.0254281103610992
KEMRRNN,-2.0559399127960205,-0.97354656457901,0.7142857142857143,0.4285714285714285,0.3996826112270355,0.2996826112270355
YHSLYNN,-1.590179681777954,-1.31565260887146,0.2857142857142857,0.2857142857142857,0.4106726050376892,0.1606726050376892
AYTRIPN,0.7162553668022156,0.8390640020370483,0.5714285714285714,0.2857142857142857,0.6361669301986694,0.4861669301986694
VYSRVAN,0.8509868383407593,2.5880870819091797,0.5714285714285714,0.2857142857142857,0.7245744466781616,0.5745744466781616
MFHYWHN,-3.5788421630859375,-0.04876941815018654,0.8571428571428571,0.2857142857142857,0.2294759005308151,0.1794759005308151
VYISVKT,0.3073095679283142,-2.418734550476074,0.7142857142857143,0.4285714285714285,0.2952334582805633,0.1952334582805633
IYSMTPD,-1.1285139322280884,-2.7414746284484863,0.5714285714285714,0.4285714285714285,0.2614582180976867,0.1114582180976867
YSGRQNN,2.009533166885376,-2.094897508621216,0.5714285714285714,0.1428571428571428,0.3291234970092773,0.1791234970092773
YSHWYYN,-3.6230618953704834,0.2717527151107788,0.5714285714285714,0.2857142857142857,0.2245336920022964,0.0745336920022964
YYHMWHV,-3.5252952575683594,0.21519552171230316,0.5714285714285714,0.4285714285714285,0.2354605495929718,0.0854605495929718
IYNSLNN,-0.7660880088806152,-3.3109781742095947,0.7142857142857143,0.2857142857142857,0.2018588483333587,0.1018588483333587
YNSGMGN,0.7703962922096252,-3.519948959350586,0.5714285714285714,0.4285714285714285,0.1799897402524948,0.0299897402524948
VYFRVNN,-2.605036973953247,0.7493070363998413,0.5714285714285714,0.1428571428571428,0.338312953710556,0.188312953710556
LYQRGSY,-1.2739109992980957,-0.688914954662323,0.5714285714285714,0.1428571428571428,0.4762616455554962,0.3262616455554962
YYSRCVR,-4.929981231689453,0.7468028664588928,0.5714285714285714,0.2857142857142857,0.0784662440419197,0.0
VSSRQAN,1.3959237337112427,-3.858051300048828,0.5714285714285714,0.1428571428571428,0.1446068286895752,0.0
YSFHGTK,-0.6584904789924622,-0.5112666487693787,0.5714285714285714,0.5714285714285714,0.4948527812957763,0.3448527812957763
HIRSLNN,0.46454936265945435,-0.9338858723640442,0.5714285714285714,0.2857142857142857,0.4506250619888305,0.3006250619888305
ASRRYAN,-3.548565149307251,-0.8901501297950745,0.5714285714285714,0.4285714285714285,0.232859805226326,0.082859805226326
CYSRKCT,-4.231228828430176,0.9253720641136169,0.7142857142857143,0.4285714285714285,0.1565621048212051,0.0565621048212051
AYSRSEN,0.11888611316680908,1.5998196601867676,0.5714285714285714,0.1428571428571428,0.6427513957023621,0.492751395702362
YHHSIYN,-2.0988821983337402,-0.805046796798706,0.5714285714285714,0.2857142857142857,0.3948831856250763,0.2448831856250763
YWQPVNK,-1.6015195846557617,-0.3247235119342804,0.7142857142857143,0.4285714285714285,0.4504707753658294,0.3504707753658295
QPQKDSD,-0.07438674569129944,-3.7757344245910645,0.8571428571428571,0.2857142857142857,0.1532214134931564,0.1032214134931564
NHHRSGT,0.05846462771296501,-0.6245806217193604,0.7142857142857143,0.2857142857142857,0.4829942882061004,0.3829942882061005
YSCCEQN,-3.81441330909729,-0.3396545946598053,0.5714285714285714,0.4285714285714285,0.2031473666429519,0.0531473666429519
INGRSNI,2.0201988220214844,-3.360635280609131,0.5714285714285714,0.1428571428571428,0.1966621577739715,0.0466621577739715
QPTSSQP,0.016560932621359825,-4.484029769897461,0.4285714285714285,0.5714285714285714,0.0790972635149955,0.0
YSRRTEN,0.5524114370346069,-0.4161449372768402,0.4285714285714285,0.1428571428571428,0.5048074126243591,0.3048074126243592
YLGISAE,-0.666100800037384,-2.562788486480713,0.7142857142857143,0.1428571428571428,0.2801580131053924,0.1801580131053924
RHRRFNI,-4.129575252532959,0.5516122579574585,0.5714285714285714,0.2857142857142857,0.1679233759641647,0.0179233759641647
IYHYSHQ,-2.4121248722076416,-0.6565127968788147,0.5714285714285714,0.4285714285714285,0.3598737120628357,0.2098737120628357
YYFRSTQ,-2.5763461589813232,0.37367478013038635,0.5714285714285714,0.2857142857142857,0.3415195643901825,0.1915195643901825
PSRLKQN,-2.155224084854126,-1.355392575263977,0.4285714285714285,0.2857142857142857,0.388586163520813,0.188586163520813
PYHRPNN,0.13581179082393646,0.823782742023468,0.7142857142857143,0.1428571428571428,0.6345676779747009,0.534567677974701
YHHRSNT,-0.07876000553369522,1.2416898012161255,0.4285714285714285,0.1428571428571428,0.6206615567207336,0.4206615567207337
QQSNSID,-0.826065182685852,-3.9297754764556885,0.7142857142857143,0.4285714285714285,0.1371007859706878,0.0371007859706878
ADWISAP,-2.0740854740142822,-1.4731740951538086,0.7142857142857143,0.4285714285714285,0.3941877484321594,0.2941877484321594
QYMRWHI,-4.212849140167236,0.12732908129692078,0.7142857142857143,0.4285714285714285,0.158616304397583,0.058616304397583
GFHKSNT,1.6279312372207642,-1.8725374937057495,0.5714285714285714,0.4285714285714285,0.35239377617836,0.20239377617836
VQSKSKH,-4.124753952026367,0.6473382115364075,0.5714285714285714,0.4285714285714285,0.1684622317552566,0.0184622317552566
MNRASAR,-3.713198661804199,-1.0250465869903564,0.7142857142857143,0.5714285714285714,0.2144595831632614,0.1144595831632614
YPHMQFN,-1.6694287061691284,-1.367650032043457,0.7142857142857143,0.4285714285714285,0.4052309989929199,0.3052309989929199
YMRVSVT,-0.5483874678611755,-1.0938959121704102,0.5714285714285714,0.2857142857142857,0.4338797926902771,0.2838797926902771
PYSHSNN,0.4962623715400696,-0.6047651767730713,0.5714285714285714,0.2857142857142857,0.4850680232048034,0.3350680232048034
YENINIP,-0.6339359283447266,-2.4474635124206543,0.7142857142857143,0.2857142857142857,0.2922269403934479,0.1922269403934479
LIRSSVW,-2.2851641178131104,-1.9086138010025024,0.5714285714285714,0.4285714285714285,0.3486183583736419,0.1986183583736419
NYHSQAM,0.7119651436805725,-2.3401918411254883,0.7142857142857143,0.2857142857142857,0.3034530580043793,0.2034530580043793
ISQESAN,-0.740073025226593,-5.2398457527160645,0.5714285714285714,0.2857142857142857,0.0,0.0
YVHRVLN,-2.2653777599334717,0.9419108629226685,0.5714285714285714,0.2857142857142857,0.3762748539447784,0.2262748539447784
YRNIGQN,1.9872374534606934,-3.0422301292419434,0.4285714285714285,0.2857142857142857,0.2299837172031402,0.0299837172031402
MCSAVSP,-3.4969611167907715,-1.5061051845550537,0.7142857142857143,0.5714285714285714,0.2386273145675659,0.1386273145675659
KSHQVKS,-2.8537187576293945,-0.577295184135437,0.5714285714285714,0.5714285714285714,0.3105190992355346,0.1605190992355346
HYSSSNV,0.6579849123954773,-2.6484053134918213,0.5714285714285714,0.2857142857142857,0.2711980640888214,0.1211980640888214
YGHESNN,0.2810422480106354,-2.17648983001709,0.4285714285714285,0.2857142857142857,0.3205847144126892,0.1205847144126892
KYHRSCP,-4.414884090423584,1.4255427122116089,0.4285714285714285,0.2857142857142857,0.1360359191894531,0.0
YRVVSSN,1.6238131523132324,-1.7577834129333496,0.5714285714285714,0.2857142857142857,0.3644029796123504,0.2144029796123504
NYSRQIK,-3.504669189453125,-0.05958816409111023,0.7142857142857143,0.4285714285714285,0.2377658188343048,0.1377658188343048
GSRPTNP,1.8300284147262573,-3.770111322402954,0.7142857142857143,0.1428571428571428,0.1538098752498626,0.0538098752498626
HKHKSHN,-2.785001754760742,1.1162536144256592,0.5714285714285714,0.2857142857142857,0.3181992471218109,0.1681992471218109
YTTSSAN,0.7627752423286438,-4.228201866149902,0.4285714285714285,0.1428571428571428,0.1058700308203697,0.0
HTVYGIN,-1.2640818357467651,-1.107998013496399,0.7142857142857143,0.5714285714285714,0.4324039816856384,0.3324039816856384
IKITIAG,1.3303824663162231,-3.71359920501709,0.7142857142857143,0.5714285714285714,0.1597239524126052,0.0597239524126052
YGRKDNN,1.2692147493362427,-1.359013319015503,0.4285714285714285,0.2857142857142857,0.4061348438262939,0.2061348438262939
IFHRSLN,-1.0394598245620728,0.7501782178878784,0.7142857142857143,0.2857142857142857,0.513289213180542,0.413289213180542
YSHIGSQ,1.0184413194656372,-1.0250569581985474,0.4285714285714285,0.2857142857142857,0.4410838782787323,0.2410838782787323
AGNIIRD,0.18640218675136566,-4.027340412139893,0.7142857142857143,0.5714285714285714,0.126890480518341,0.026890480518341
SPDRLWN,-2.164717435836792,-1.000640630722046,0.5714285714285714,0.4285714285714285,0.3875251412391662,0.2375251412391662
MFHRSNS,0.5682204365730286,-0.5627566576004028,0.7142857142857143,0.2857142857142857,0.4894643127918243,0.3894643127918243
YYCGRAN,-3.501405715942383,0.1957298070192337,0.5714285714285714,0.4285714285714285,0.2381305694580078,0.0881305694580078
TYNTSDN,-0.5492181181907654,-3.194598436355591,0.5714285714285714,0.4285714285714285,0.214038148522377,0.064038148522377
YKHRSEN,-0.43027377128601074,1.0119919776916504,0.5714285714285714,0.0,0.5813747048377991,0.431374704837799
QYSRSSN,1.2236515283584595,2.193639039993286,0.5714285714285714,0.1428571428571428,0.7662251591682434,0.6162251591682434
WYNDSGN,-1.8790730237960815,-2.059993028640747,0.7142857142857143,0.2857142857142857,0.33277627825737,0.23277627825737
TYQRWNN,-2.302543878555298,0.3904167711734772,0.7142857142857143,0.1428571428571428,0.3721210062503814,0.2721210062503815
KYHSSRI,-3.975937604904175,0.03960824012756348,0.5714285714285714,0.2857142857142857,0.1850946545600891,0.0350946545600891
MYSRSVQ,0.5557551383972168,2.3904507160186768,0.4285714285714285,0.2857142857142857,0.6915779709815979,0.4915779709815979
HSHESFN,-0.8171446323394775,-3.8231849670410156,0.5714285714285714,0.4285714285714285,0.1482556462287902,0.0
ILHRANN,1.2413973808288574,-0.12173886597156525,0.7142857142857143,0.1428571428571428,0.535617470741272,0.435617470741272
RMCQLNS,-3.0221691131591797,-0.7711448669433594,0.8571428571428571,0.5714285714285714,0.2916922867298126,0.2416922867298126
TGVFGTN,-0.32130804657936096,-3.773399829864502,0.5714285714285714,0.4285714285714285,0.1534657329320907,0.0034657329320907
NGHRQSS,0.5861755609512329,-2.5417709350585938,0.7142857142857143,0.2857142857142857,0.2823575139045715,0.1823575139045715
YSHSSQN,1.2352015972137451,-1.368269681930542,0.4285714285714285,0.1428571428571428,0.4051661491394043,0.2051661491394043
ATHFQHW,-2.23748517036438,-0.522757351398468,0.8571428571428571,0.5714285714285714,0.3793922662734985,0.3293922662734985
HHHWQSP,-2.458327293395996,0.010046973824501038,0.7142857142857143,0.4285714285714285,0.3547099232673645,0.2547099232673645
QYSRNVH,-0.29385435581207275,-0.01713860221207142,0.5714285714285714,0.2857142857142857,0.5465640425682068,0.3965640425682067
SKARSND,0.659382164478302,-2.202914237976074,0.7142857142857143,0.2857142857142857,0.3178193867206573,0.2178193867206573
HQGISVA,0.4923930764198303,-3.7310969829559326,0.7142857142857143,0.4285714285714285,0.1578927934169769,0.0578927934169769
YGRKWQY,-2.5520424842834473,-0.6582345962524414,0.7142857142857143,0.4285714285714285,0.3442358672618866,0.2442358672618866
TAHDGVN,-0.11516900360584259,-3.790117025375366,0.5714285714285714,0.2857142857142857,0.151716262102127,0.001716262102127
IQHRMNN,1.3887089490890503,-1.5876392126083374,0.7142857142857143,0.2857142857142857,0.3822087943553924,0.2822087943553925
VYTRCPN,-3.8553504943847656,3.163792848587036,0.4285714285714285,0.2857142857142857,0.1985720247030258,0.0
KFRHRMN,-3.728860855102539,0.5068767070770264,0.5714285714285714,0.5714285714285714,0.2127091139554977,0.0627091139554977
VKSAHGP,1.9068355560302734,-3.385206937789917,0.7142857142857143,0.4285714285714285,0.1940906941890716,0.0940906941890716
QYSRSNN,1.1347072124481201,2.8329105377197266,0.5714285714285714,0.0,0.7562843561172485,0.6062843561172485
YLSRSQV,1.0674259662628174,-0.030775586143136024,0.5714285714285714,0.2857142857142857,0.5451368689537048,0.3951368689537048
YSWRSCN,-3.5820908546447754,1.747758388519287,0.5714285714285714,0.2857142857142857,0.2291128188371658,0.0791128188371658
QYRISAW,-3.250901699066162,-0.18321393430233002,0.5714285714285714,0.4285714285714285,0.2661280632019043,0.1161280632019043
GHHILAL,-1.9057157039642334,-2.7496328353881836,0.7142857142857143,0.4285714285714285,0.2606044709682464,0.1606044709682464
IHHVLYN,-2.4864304065704346,-2.032247543334961,0.7142857142857143,0.4285714285714285,0.3356798887252807,0.2356798887252807
MEFRSHP,0.7513884902000427,-2.872804641723633,0.5714285714285714,0.4285714285714285,0.2477143555879593,0.0977143555879593
VDHRREL,0.7725725173950195,-2.3372623920440674,0.7142857142857143,0.4285714285714285,0.3037596344947815,0.2037596344947815
YIRSINN,0.8235301375389099,-0.929298996925354,0.4285714285714285,0.1428571428571428,0.4511051177978515,0.2511051177978516
FSASIVN,-1.0451254844665527,-3.089399814605713,0.5714285714285714,0.4285714285714285,0.2250473499298095,0.0750473499298095
YQHSKAM,2.5064337253570557,-2.330540657043457,0.7142857142857143,0.2857142857142857,0.3044630885124206,0.2044630885124206
IGLFQET,-1.974467396736145,-3.381868600845337,0.7142857142857143,0.4285714285714285,0.1944400519132614,0.0944400519132614
EYHRSAV,0.5586104393005371,-0.7912102937698364,0.4285714285714285,0.2857142857142857,0.4655562937259674,0.2655562937259674
TYTRIQN,-0.2052973061800003,1.5150829553604126,0.4285714285714285,0.2857142857142857,0.6065191030502319,0.406519103050232
IYWYIKW,-4.000813961029053,0.3649616837501526,0.7142857142857143,0.5714285714285714,0.1823143512010574,0.0823143512010574
HYSRSSE,0.9847314357757568,0.9375025629997253,0.5714285714285714,0.1428571428571428,0.6464686393737793,0.4964686393737793
KYHLAEN,-0.34815600514411926,-0.4799722135066986,0.5714285714285714,0.2857142857142857,0.4981277883052826,0.3481277883052825
IYSRSVN,0.7967274785041809,4.082208633422852,0.2857142857142857,0.1428571428571428,0.7185101509094238,0.4685101509094238
LNSRSNR,-4.1203179359436035,-1.1523151397705078,0.7142857142857143,0.4285714285714285,0.1689580231904983,0.0689580231904983
TYSRCNN,-3.8492836952209473,2.137150526046753,0.7142857142857143,0.1428571428571428,0.1992500871419906,0.0992500871419906
HHCVSYQ,-4.283492088317871,-0.8368419408798218,0.7142857142857143,0.4285714285714285,0.1507209092378616,0.0507209092378616
IYGRSNI,0.24945080280303955,1.4459086656570435,0.4285714285714285,0.0,0.6573439240455627,0.4573439240455628
MYHRPNN,0.29309308528900146,0.4778475761413574,0.7142857142857143,0.1428571428571428,0.598365068435669,0.4983650684356689
RDHRSNN,-0.739179253578186,-2.090379476547241,0.5714285714285714,0.2857142857142857,0.3295963108539581,0.1795963108539581
VSSVSWN,-2.09865403175354,-0.906658411026001,0.5714285714285714,0.4285714285714285,0.3949086964130401,0.2449086964130401
YSRVMEN,1.0435162782669067,1.7955015897750854,0.4285714285714285,0.1428571428571428,0.7362595200538635,0.5362595200538636
KYHCAAN,-3.7516584396362305,-0.011263417080044746,0.5714285714285714,0.2857142857142857,0.2101611495018005,0.0601611495018005
YSIWAWN,-4.373554706573486,1.0904008150100708,0.4285714285714285,0.4285714285714285,0.1406550854444503,0.0
VYHRSNN,0.5539344549179077,1.7630423307418823,0.4285714285714285,0.1428571428571428,0.6913744807243347,0.4913744807243347
YHHYGSN,-0.5044962167739868,0.011893633753061295,0.5714285714285714,0.2857142857142857,0.5496023297309875,0.3996023297309875
YRRSLNL,-3.9133894443511963,-0.03638661280274391,0.5714285714285714,0.1428571428571428,0.192085325717926,0.042085325717926
YYHRSED,-0.7794050574302673,1.0391631126403809,0.5714285714285714,0.0,0.542354166507721,0.3923541665077209
AHTIHNN,0.07333243638277054,-3.292924642562866,0.5714285714285714,0.2857142857142857,0.2037481665611267,0.0537481665611267
IDRNGNN,1.145411729812622,-4.03433084487915,0.5714285714285714,0.2857142857142857,0.1261589229106903,0.0
AYSRLNN,-0.13848529756069183,2.294098377227783,0.7142857142857143,0.1428571428571428,0.6139863729476929,0.5139863729476929
IYSYHGK,-1.7317832708358765,0.11402100324630737,0.5714285714285714,0.4285714285714285,0.4359118640422821,0.2859118640422821
YWHRLNN,-2.267972230911255,1.7963206768035889,0.5714285714285714,0.1428571428571428,0.3759848773479461,0.2259848773479461
YSHRSQS,1.640641689300537,0.7429139018058777,0.5714285714285714,0.1428571428571428,0.6261046528816223,0.4761046528816223
TYTRIEN,-0.7117593884468079,1.412925124168396,0.5714285714285714,0.1428571428571428,0.549914538860321,0.399914538860321
DYRRSCE,-3.8387575149536133,-1.4392446279525757,0.5714285714285714,0.4285714285714285,0.2004265338182449,0.0504265338182449
MKLRSKS,-2.8996481895446777,0.2856752872467041,0.7142857142857143,0.5714285714285714,0.3053858280181885,0.2053858280181885
VYHTFAN,-2.2893741130828857,-0.4100342094898224,0.7142857142857143,0.2857142857142857,0.3735929131507873,0.2735929131507874
VRWSQNN,-0.8168707489967346,-1.8081767559051514,0.7142857142857143,0.4285714285714285,0.3591292202472687,0.2591292202472687
YYSNSYV,-2.6289870738983154,-0.2328835278749466,0.5714285714285714,0.4285714285714285,0.335636168718338,0.185636168718338
YCSRSNE,-3.4287023544311523,0.7508596181869507,0.5714285714285714,0.2857142857142857,0.2462562322616577,0.0962562322616577
VKMRWNN,-2.9704627990722656,-0.7741784453392029,0.7142857142857143,0.4285714285714285,0.2974712550640106,0.1974712550640106
GHHRLSP,0.34356239438056946,-1.0408592224121094,0.7142857142857143,0.2857142857142857,0.4394301474094391,0.3394301474094391
YLYHNAT,-1.8460184335708618,-1.3938262462615967,0.7142857142857143,0.5714285714285714,0.4024916291236877,0.3024916291236877
KQWHTPH,-1.7236727476119995,-0.5052638053894043,0.8571428571428571,0.7142857142857143,0.4368183612823486,0.3868183612823486
QFSPSNN,-0.07952550053596497,-3.7112581729888916,0.5714285714285714,0.2857142857142857,0.1599689573049545,0.0099689573049545
QYELSTN,-0.5210928320884705,-1.762801170349121,0.5714285714285714,0.2857142857142857,0.3638778626918793,0.2138778626918792
YYQNLRW,-2.786416530609131,0.09756562858819962,0.7142857142857143,0.4285714285714285,0.3180411159992218,0.2180411159992218
MYHSLND,-0.7136849761009216,-1.8934963941574097,0.5714285714285714,0.1428571428571428,0.3502003848552704,0.2002003848552704
QYHRFNA,-1.3480077981948853,0.13173624873161316,0.7142857142857143,0.2857142857142857,0.4788044691085815,0.3788044691085815
YQWSSNN,-1.108838438987732,0.916976809501648,0.4285714285714285,0.2857142857142857,0.5055351257324219,0.3055351257324219
YDYTVQN,-2.2479963302612305,-0.24604028463363647,0.7142857142857143,0.1428571428571428,0.378217488527298,0.278217488527298
AYWRDNP,-2.1675567626953125,0.43561363220214844,0.5714285714285714,0.4285714285714285,0.3872078061103821,0.237207806110382
IYHFSRN,-2.1312878131866455,0.38576531410217285,0.5714285714285714,0.2857142857142857,0.3912613987922668,0.2412613987922668
YYRGYNA,-1.014487862586975,-0.6649261713027954,0.5714285714285714,0.4285714285714285,0.4787721037864685,0.3287721037864685
NYHRSSP,1.4023903608322144,0.6203388571739197,0.4285714285714285,0.1428571428571428,0.613277018070221,0.413277018070221
YYMRTNN,-1.4066226482391357,0.2978430986404419,0.5714285714285714,0.2857142857142857,0.4722533524036407,0.3222533524036407
QCHRSVC,-3.4225692749023438,1.4439270496368408,0.7142857142857143,0.2857142857142857,0.2469417005777359,0.1469417005777359
QTHKHSD,0.9764253497123718,-2.2303640842437744,0.7142857142857143,0.1428571428571428,0.314946711063385,0.214946711063385
IDHIIVN,-1.4048420190811157,-4.110603332519531,0.7142857142857143,0.4285714285714285,0.1181768923997879,0.0181768923997879
YHVQGLM,-1.5015658140182495,-1.9206039905548096,0.5714285714285714,0.1428571428571428,0.3473635613918304,0.1973635613918304
KYSCQES,-3.367166519165039,-0.5973838567733765,0.7142857142857143,0.4285714285714285,0.2531337738037109,0.1531337738037109
SDHRFSK,-1.2081698179244995,-0.981795608997345,0.7142857142857143,0.4285714285714285,0.4456112384796142,0.3456112384796143
TYERMNP,0.9990586638450623,-3.220180034637451,0.5714285714285714,0.2857142857142857,0.2113610059022903,0.0613610059022903
PNHQVNN,0.05166902393102646,-4.3329176902771,0.7142857142857143,0.4285714285714285,0.0949113592505455,0.0
YIRRTND,0.5523596405982971,-0.8732756972312927,0.5714285714285714,0.4285714285714285,0.4569680094718933,0.3069680094718933
YNRAQNN,2.3447465896606445,-2.020382881164551,0.4285714285714285,0.2857142857142857,0.3369215428829193,0.1369215428829193
YHEDNHR,0.19167748093605042,-2.500821828842163,0.7142857142857143,0.4285714285714285,0.2866429090499878,0.1866429090499878
HYSKSDN,0.4142441153526306,-1.274862289428711,0.4285714285714285,0.2857142857142857,0.4149413704872131,0.2149413704872131
YHITMKL,-1.0979444980621338,-2.125386953353882,0.7142857142857143,0.4285714285714285,0.3259327113628387,0.2259327113628387
IKIRPHA,-2.536398410797119,-0.9388386011123657,0.7142857142857143,0.4285714285714285,0.3459843099117279,0.2459843099117279
YSHRVWI,-2.8899331092834473,-0.07780344039201736,0.5714285714285714,0.2857142857142857,0.3064716160297394,0.1564716160297393
YYHDMSN,-1.990098476409912,-0.6421468257904053,0.4285714285714285,0.2857142857142857,0.4070413708686828,0.2070413708686828
KSNWIIF,-3.7393386363983154,-0.3146297335624695,0.7142857142857143,0.5714285714285714,0.2115380614995956,0.1115380614995956
YSRRGSN,-2.406130790710449,1.075292706489563,0.2857142857142857,0.1428571428571428,0.3605436384677887,0.1105436384677887
YMWISWP,-4.464699745178223,3.61090350151062,0.7142857142857143,0.4285714285714285,0.1304682940244674,0.0304682940244674
KSRSNLM,-3.736635208129883,-0.9361112117767334,0.4285714285714285,0.4285714285714285,0.2118402123451233,0.0118402123451233
LHHRNNF,-0.8647587895393372,0.13538916409015656,0.5714285714285714,0.2857142857142857,0.532814621925354,0.382814621925354
GYHRSAN,0.40278398990631104,-0.01682136207818985,0.5714285714285714,0.1428571428571428,0.5465972423553467,0.3965972423553466
WYDWQMN,-3.4703497886657715,0.908399224281311,0.7142857142857143,0.4285714285714285,0.2416015267372131,0.1416015267372131
DYRASDQ,-0.09313210844993591,-3.4028759002685547,0.7142857142857143,0.4285714285714285,0.1922416090965271,0.0922416090965271
TKDRMFN,0.1192413717508316,-2.415074586868286,0.7142857142857143,0.5714285714285714,0.29561647772789,0.19561647772789
NYCHANT,-3.4929187297821045,0.23632442951202393,0.8571428571428571,0.4285714285714285,0.2390791028738021,0.1890791028738021
YHRQVHN,0.13667616248130798,-0.16502131521701813,0.4285714285714285,0.2857142857142857,0.5310878753662109,0.331087875366211
YSRSMEP,0.6803606152534485,-0.3943515121936798,0.5714285714285714,0.4285714285714285,0.5070881247520447,0.3570881247520446
KYHYGSQ,-1.4918519258499146,0.305631160736084,0.4285714285714285,0.4285714285714285,0.4627277553081512,0.2627277553081513
VSHCENN,-3.320721387863159,-0.8899241089820862,0.7142857142857143,0.2857142857142857,0.2583246827125549,0.1583246827125549
VYHRRFN,-3.880923271179199,1.6452155113220215,0.5714285714285714,0.2857142857142857,0.1957138925790786,0.0457138925790786
FPLLSSA,-1.3900717496871948,-3.9175710678100586,0.5714285714285714,0.4285714285714285,0.1383779942989349,0.0
FVEHDEH,-0.4986083209514618,-4.674310684204102,0.7142857142857143,0.5714285714285714,0.059184081852436,0.0
IYRYSGM,-2.607177257537842,-0.056898556649684906,0.5714285714285714,0.4285714285714285,0.33807373046875,0.18807373046875
VYSRRNN,-2.661715269088745,1.0870742797851562,0.5714285714285714,0.2857142857142857,0.3319783210754394,0.1819783210754394
NTSGGFK,0.0753508135676384,-4.091832637786865,0.7142857142857143,0.5714285714285714,0.1201412677764892,0.0201412677764892
YLHRNEN,0.5089449882507324,-0.7413545846939087,0.5714285714285714,0.2857142857142857,0.4707737565040588,0.3207737565040588
SFRKSNQ,-2.8444008827209473,0.2106776088476181,0.5714285714285714,0.4285714285714285,0.3115605115890503,0.1615605115890503
VHHRGNN,0.7797427773475647,0.033005110919475555,0.4285714285714285,0.1428571428571428,0.5518116354942322,0.3518116354942322
VYARGIH,-0.42329415678977966,0.957094132900238,0.5714285714285714,0.4285714285714285,0.5821548104286194,0.4321548104286193
NHHRIYA,-1.5953857898712158,-0.38247743248939514,0.7142857142857143,0.4285714285714285,0.451156347990036,0.351156347990036
AYHWAQD,-2.751917600631714,-0.45673850178718567,0.7142857142857143,0.1428571428571428,0.321896880865097,0.221896880865097
YYHRYNN,-0.99025958776474,0.5018534660339355,0.5714285714285714,0.2857142857142857,0.5187880396842957,0.3687880396842956
IYSRLSL,-1.990700125694275,4.144901752471924,0.5714285714285714,0.2857142857142857,0.4069741070270538,0.2569741070270538
IHRVNEN,1.3493847846984863,-1.1482793092727661,0.5714285714285714,0.2857142857142857,0.4281885027885437,0.2781885027885437
CYDHACS,-3.1970739364624023,-0.10457228124141693,0.7142857142857143,0.5714285714285714,0.2721441090106964,0.1721441090106964
EHRFTNC,-3.4114158153533936,-0.9205824732780457,0.5714285714285714,0.2857142857142857,0.2481882572174072,0.0981882572174072
SYGEANC,-3.773764133453369,-0.5116692185401917,0.8571428571428571,0.2857142857142857,0.2076905071735382,0.1576905071735382
IYHRDIV,-1.2549583911895752,-0.1736210137605667,0.5714285714285714,0.2857142857142857,0.4892041087150574,0.3392041087150573
YSRSIFF,-3.243431568145752,0.3613952696323395,0.5714285714285714,0.2857142857142857,0.2669629752635956,0.1169629752635955
YLRYDHT,-1.0913310050964355,-0.5584737062454224,0.7142857142857143,0.4285714285714285,0.4899125099182129,0.3899125099182129
MHCYTSN,-3.9583823680877686,-0.690756618976593,0.5714285714285714,0.5714285714285714,0.1870567053556442,0.0370567053556442
TYELVIA,-2.0728671550750732,-2.73895001411438,0.7142857142857143,0.5714285714285714,0.2617224454879761,0.1617224454879761
YSRSVGN,2.261268377304077,1.496975302696228,0.4285714285714285,0.1428571428571428,0.7050182819366455,0.5050182819366456
AYKRSQG,-1.7269315719604492,-0.1556791067123413,0.4285714285714285,0.4285714285714285,0.4364541471004486,0.2364541471004486
WYSILES,-3.546901226043701,-0.18432635068893433,0.5714285714285714,0.4285714285714285,0.2330457717180252,0.0830457717180252
YSRLLPN,0.8855533003807068,2.6515707969665527,0.2857142857142857,0.2857142857142857,0.7284377217292786,0.4784377217292785
HYSMSSV,-0.5078268647193909,-2.194153070449829,0.5714285714285714,0.2857142857142857,0.3187362551689148,0.1687362551689148
EYWRGCE,-4.946035385131836,1.0669234991073608,0.7142857142857143,0.2857142857142857,0.0766719579696655,0.0
RCTSSPN,-3.483746290206909,-1.006018042564392,0.4285714285714285,0.4285714285714285,0.2401042580604553,0.0401042580604553
YQEIRNP,0.8924461603164673,-3.158997058868408,0.7142857142857143,0.4285714285714285,0.2177638858556747,0.1177638858556747
TYHESVQ,-0.010530423372983932,-2.0805442333221436,0.4285714285714285,0.1428571428571428,0.3306255638599396,0.1306255638599396
YSGRFSD,0.3111710250377655,-2.3419814109802246,0.5714285714285714,0.2857142857142857,0.303265780210495,0.153265780210495
FHRHAHL,-0.9051461815834045,-0.4510642886161804,0.7142857142857143,0.5714285714285714,0.5011530518531799,0.4011530518531799
AYKHPQS,2.1431655883789062,-1.4188441038131714,0.7142857142857143,0.5714285714285714,0.3998734652996063,0.2998734652996063
NSASSGW,-0.4941818118095398,-1.928638219833374,0.7142857142857143,0.4285714285714285,0.3465227782726288,0.2465227782726288
YTRNTVN,1.8690564632415771,-1.8525090217590332,0.4285714285714285,0.4285714285714285,0.354489803314209,0.154489803314209
VYHRGNN,0.8171966671943665,1.7982733249664307,0.5714285714285714,0.0,0.7207978963851929,0.5707978963851928
MYHSLNR,-1.4837124347686768,-0.9872164130210876,0.7142857142857143,0.0,0.4450439512729645,0.3450439512729645
YYHRGNS,-0.9381083250045776,0.9371849894523621,0.5714285714285714,0.1428571428571428,0.5246167182922363,0.3746167182922363
YMHKLVD,-0.006244247313588858,-2.0265955924987793,0.7142857142857143,0.5714285714285714,0.3362713754177093,0.2362713754177093
ASRSQSN,1.505676507949829,-2.8970892429351807,0.5714285714285714,0.1428571428571428,0.2451729327440261,0.0951729327440261
TYFRDNN,-1.1827754974365234,-0.688252866268158,0.5714285714285714,0.2857142857142857,0.4763309061527252,0.3263309061527252
YYRDVTK,0.01833059825003147,-1.075741171836853,0.5714285714285714,0.4285714285714285,0.4357796907424927,0.2857796907424926
YSWSINA,-2.7404873371124268,0.7515217661857605,0.7142857142857143,0.1428571428571428,0.323174387216568,0.223174387216568
CTSAEVD,-4.192548751831055,-1.049589991569519,0.7142857142857143,0.5714285714285714,0.1608851701021194,0.0608851701021194
YDHYDQN,-1.6772292852401733,-1.5221068859100342,0.7142857142857143,0.4285714285714285,0.3890668749809265,0.2890668749809265
RSESSHQ,-0.3132770359516144,-4.004064559936523,0.5714285714285714,0.2857142857142857,0.1293263286352157,0.0
YLHRANN,0.09825244545936584,0.7350766062736511,0.5714285714285714,0.2857142857142857,0.6252844333648682,0.4752844333648681
YSREIDW,-1.8499820232391357,0.3054831027984619,0.5714285714285714,0.4285714285714285,0.4227014482021332,0.2727014482021331
YSSRSMN,1.856648325920105,-2.2243547439575195,0.4285714285714285,0.2857142857142857,0.3155755996704101,0.1155755996704101
EYPRATN,1.300223469734192,-3.715498685836792,0.7142857142857143,0.2857142857142857,0.1595251709222793,0.0595251709222793
YYKREQW,-0.8916600346565247,1.0039411783218384,0.5714285714285714,0.1428571428571428,0.529807984828949,0.3798079848289489
KYWGKVN,-3.598893404006958,0.6893627047538757,0.5714285714285714,0.2857142857142857,0.22723488509655,0.07723488509655
IYGRSNM,0.36401960253715515,0.13716813921928406,0.5714285714285714,0.1428571428571428,0.5627124309539795,0.4127124309539794
HHHRSQK,-3.2806451320648193,1.0441179275512695,0.5714285714285714,0.1428571428571428,0.2628037929534912,0.1128037929534912
WYCSSET,-4.250794410705566,0.24541987478733063,0.7142857142857143,0.5714285714285714,0.154375359416008,0.054375359416008
WYHRCSI,-4.467219829559326,0.7456756830215454,0.5714285714285714,0.2857142857142857,0.1301866322755813,0.0
YPHQDGP,0.2526037096977234,-3.2585268020629883,0.7142857142857143,0.5714285714285714,0.207347959280014,0.107347959280014
WDHYSMN,-2.491023302078247,-0.09587100893259048,0.7142857142857143,0.4285714285714285,0.3510556519031524,0.2510556519031525
IYTSISE,-0.936644434928894,-2.472158432006836,0.7142857142857143,0.4285714285714285,0.2896425724029541,0.1896425724029541
ICYRKEE,-3.306516408920288,-1.0891586542129517,0.8571428571428571,0.1428571428571428,0.2599123120307922,0.2099123120307922
YSRSSNS,2.6086273193359375,0.6356194019317627,0.4285714285714285,0.2857142857142857,0.6148761510848999,0.4148761510848999
VYHRVMQ,-1.97963547706604,1.6974328756332397,0.4285714285714285,0.2857142857142857,0.4082107543945312,0.2082107543945312
SYHELRN,-0.7225586771965027,-2.3862218856811523,0.7142857142857143,0.2857142857142857,0.2986359596252441,0.1986359596252441
CKHRSWN,-4.952092170715332,0.5219129920005798,0.7142857142857143,0.2857142857142857,0.0759950205683708,0.0
PWHPSNN,-1.252681016921997,-2.5242831707000732,0.5714285714285714,0.2857142857142857,0.2841876447200775,0.1341876447200775
YYWRSYN,-3.6399619579315186,1.489495873451233,0.5714285714285714,0.2857142857142857,0.2226448655128479,0.0726448655128479
TSMSLVN,-0.868186354637146,-3.927870512008667,0.5714285714285714,0.2857142857142857,0.1373001486063003,0.0
YLRISPE,0.7866277694702148,-1.2151670455932617,0.4285714285714285,0.2857142857142857,0.4211885631084442,0.2211885631084442
YNRGNAN,2.3411848545074463,-0.4236202538013458,0.4285714285714285,0.4285714285714285,0.5040251016616821,0.3040251016616822
YHPQGDF,-0.6619953513145447,-2.0318591594696045,0.4285714285714285,0.4285714285714285,0.3357205390930176,0.1357205390930176
IYFRSWF,-5.395013332366943,1.9088846445083618,0.5714285714285714,0.4285714285714285,0.0264920704066753,0.0
VFHMQNW,-3.7112338542938232,-0.3323172330856323,0.8571428571428571,0.1428571428571428,0.2146791815757751,0.1646791815757751
CNHVPQN,-3.1407196521759033,-1.038931131362915,0.5714285714285714,0.4285714285714285,0.2784425318241119,0.1284425318241119
PYPRSVN,1.0641638040542603,-0.3033464550971985,0.5714285714285714,0.2857142857142857,0.5166119337081909,0.3666119337081909
GSHNSMN,0.2679860293865204,-3.89357852935791,0.5714285714285714,0.2857142857142857,0.1408888548612594,0.0
YYSRSTN,0.49787479639053345,0.1907176822423935,0.5714285714285714,0.1428571428571428,0.5683165192604065,0.4183165192604064
YYHHIIN,-3.1456782817840576,-0.6495214700698853,0.7142857142857143,0.2857142857142857,0.2778883278369903,0.1778883278369903
KSRHGPR,-3.6806185245513916,1.361047387123108,0.4285714285714285,0.4285714285714285,0.2181008905172348,0.0181008905172348
YYHRAPN,-1.2740579843521118,0.9579978585243225,0.4285714285714285,0.1428571428571428,0.4870694279670715,0.2870694279670716
YDIHLLN,-1.985942006111145,-3.5021004676818848,0.7142857142857143,0.1428571428571428,0.1818576157093048,0.0818576157093048
YHSISYQ,-2.0252742767333984,-1.1694493293762207,0.5714285714285714,0.2857142857142857,0.4031099677085876,0.2531099677085876
TAHRSEN,0.8972483277320862,-2.432945489883423,0.5714285714285714,0.1428571428571428,0.2937462627887726,0.1437462627887726
SYALSAD,-0.5184687376022339,-1.0940607786178589,0.7142857142857143,0.1428571428571428,0.4338625073432922,0.3338625073432922
YMRVAIE,-0.1256941258907318,-1.9323779344558716,0.5714285714285714,0.4285714285714285,0.3461314141750335,0.1961314141750335
YYARAAS,0.0007715263636782765,-0.6408778429031372,0.5714285714285714,0.1428571428571428,0.4812887907028198,0.3312887907028198
LERRFNV,-0.654848039150238,-2.0988051891326904,0.7142857142857143,0.4285714285714285,0.3287145495414734,0.2287145495414734
YSAESFH,-1.195209264755249,-3.2838544845581055,0.5714285714285714,0.4285714285714285,0.204697385430336,0.054697385430336
YTHWTFD,-3.2613253593444824,0.3892044425010681,0.7142857142857143,0.5714285714285714,0.2649630606174469,0.1649630606174469
YSCNLNF,-3.571465253829956,-0.41052985191345215,0.5714285714285714,0.2857142857142857,0.2303003817796707,0.0803003817796707
YSHSSHG,0.6447222828865051,-0.5936704277992249,0.5714285714285714,0.2857142857142857,0.4862291216850281,0.336229121685028
IYHRLTN,-0.196527361869812,2.130476236343384,0.5714285714285714,0.2857142857142857,0.6074993014335632,0.4574993014335632
NYHVYCN,-4.600295543670654,0.7218928337097168,0.7142857142857143,0.2857142857142857,0.1153134703636169,0.0153134703636169
WLKPSSS,0.9010897278785706,-3.347090721130371,0.7142857142857143,0.4285714285714285,0.1980796158313751,0.0980796158313751
VYFQSGN,-1.8893928527832031,-0.9782188534736633,0.5714285714285714,0.4285714285714285,0.4182966947555542,0.2682966947555542
GHRISAM,0.2356777787208557,-2.027970552444458,0.5714285714285714,0.2857142857142857,0.3361274898052215,0.1861274898052215
TSHRQNN,1.3527859449386597,-2.150397539138794,0.7142857142857143,0.2857142857142857,0.3233153223991394,0.2233153223991394
SYSRVHF,-2.094078302383423,0.2569355368614197,0.5714285714285714,0.2857142857142857,0.395420104265213,0.245420104265213
EHRASHS,1.3197752237319946,-2.271745204925537,0.5714285714285714,0.5714285714285714,0.3106161057949066,0.1606161057949066
IYFHFLK,-3.77996563911438,-0.2890441417694092,0.7142857142857143,0.4285714285714285,0.2069973945617675,0.1069973945617675
YLSRSWT,-3.580228567123413,0.7702834010124207,0.5714285714285714,0.2857142857142857,0.2293209582567215,0.0793209582567215
VYLGCFA,-4.321287631988525,1.4789128303527832,0.7142857142857143,0.5714285714285714,0.1464966982603073,0.0464966982603073
VQRRNNR,-3.8993418216705322,0.34459707140922546,0.5714285714285714,0.4285714285714285,0.1936553567647934,0.0436553567647934
TYHRSEP,0.8194651007652283,0.42318183183670044,0.4285714285714285,0.2857142857142857,0.592644214630127,0.392644214630127
QTPRWHN,-2.6425540447235107,-1.1140525341033936,0.7142857142857143,0.4285714285714285,0.3341198563575744,0.2341198563575744
HSHAAIE,-0.4102308452129364,-4.839555263519287,0.7142857142857143,0.4285714285714285,0.0418909899890422,0.0
YYSWSTN,-2.5971755981445312,0.09104692190885544,0.5714285714285714,0.1428571428571428,0.33919158577919,0.18919158577919
DYNRPQN,0.22834785282611847,-1.780068039894104,0.5714285714285714,0.4285714285714285,0.3620708584785461,0.2120708584785461
IYRRSSG,-2.66306209564209,1.0877153873443604,0.5714285714285714,0.2857142857142857,0.3318277895450592,0.1818277895450592
YSRVSNN,2.917630195617676,2.8026349544525146,0.2857142857142857,0.1428571428571428,0.8416574597358704,0.5916574597358704
ILVRSME,-0.3233864903450012,-2.4085068702697754,0.7142857142857143,0.4285714285714285,0.2963038086891174,0.1963038086891174
VWTVDTN,-2.2340071201324463,-0.7405825257301331,0.7142857142857143,0.5714285714285714,0.3797809779644012,0.2797809779644012
DCSNPQT,-3.9123520851135254,-1.6764605045318604,0.8571428571428571,0.1428571428571428,0.1922012716531753,0.1422012716531753
VAYHAAK,0.015451081097126007,-2.2013752460479736,0.5714285714285714,0.2857142857142857,0.3179804384708404,0.1679804384708404
EYSSGSN,0.23689767718315125,-4.157653331756592,0.5714285714285714,0.2857142857142857,0.1132530346512794,0.0
YVHRSEN,0.994834840297699,0.9479674100875854,0.5714285714285714,0.1428571428571428,0.6475638151168823,0.4975638151168823
IPHRGNE,1.4511308670043945,-3.708735466003418,0.5714285714285714,0.4285714285714285,0.1602329611778259,0.0102329611778259
SIHRFSV,-1.1823114156723022,-0.954423189163208,0.5714285714285714,0.4285714285714285,0.4484757781028747,0.2984757781028747
YSHRSTN,2.0999040603637695,0.9327888488769531,0.5714285714285714,0.0,0.6459753513336182,0.4959753513336181
LHARASN,0.7384237051010132,-1.713038682937622,0.4285714285714285,0.2857142857142857,0.3690855801105499,0.1690855801105499
NHKWANY,-1.9208662509918213,0.039194703102111816,0.5714285714285714,0.5714285714285714,0.4147790968418121,0.2647790968418121
IYSRQSV,0.6286096572875977,3.3399436473846436,0.5714285714285714,0.4285714285714285,0.6997205018997192,0.5497205018997192
SYSRETQ,0.18558438122272491,0.12994952499866486,0.7142857142857143,0.4285714285714285,0.5619570016860962,0.4619570016860962
IYHRGSN,0.7749402523040771,1.4427777528762817,0.5714285714285714,0.0,0.6993464231491089,0.5493464231491089
GSRWPAD,-2.175027847290039,-0.09193376451730728,0.4285714285714285,0.5714285714285714,0.3863728046417236,0.1863728046417236
QYCESHP,-3.0795905590057373,-1.1457139253616333,0.5714285714285714,0.2857142857142857,0.2852746248245239,0.1352746248245239
YWSDFNG,-2.6866707801818848,1.438785433769226,0.7142857142857143,0.4285714285714285,0.3291891813278198,0.2291891813278198
HVHRNHP,-0.35616904497146606,-1.1889933347702026,0.7142857142857143,0.4285714285714285,0.4239276945590973,0.3239276945590973
MGSRSMM,0.5782231092453003,-1.5164341926574707,0.5714285714285714,0.4285714285714285,0.3896605372428894,0.2396605372428894
YYSTSAN,-0.48157256841659546,-2.2353076934814453,0.5714285714285714,0.1428571428571428,0.3144293427467346,0.1644293427467346
VEYLSEA,-0.8420653343200684,-3.417074203491211,0.5714285714285714,0.4285714285714285,0.1907557398080825,0.0407557398080825
IQSRVAT,2.1050331592559814,-3.817265748977661,0.7142857142857143,0.4285714285714285,0.1488751024007797,0.0488751024007797
YRRQSTT,-3.503889322280884,-0.6139689087867737,0.5714285714285714,0.2857142857142857,0.2378529906272888,0.0878529906272888
YVRCLSN,-3.852792978286743,0.42410480976104736,0.5714285714285714,0.2857142857142857,0.1988578736782074,0.0488578736782074
EWKRHIL,-2.9242520332336426,-0.050871871411800385,0.5714285714285714,0.4285714285714285,0.3026359677314758,0.1526359677314758
MHRSSVQ,1.1051596403121948,-0.4952794015407562,0.5714285714285714,0.2857142857142857,0.4965258836746216,0.3465258836746215
GIHRIWN,-3.2623448371887207,0.8984363079071045,0.7142857142857143,0.4285714285714285,0.2648491263389587,0.1648491263389587
VSEKTGE,0.22702059149742126,-4.287001609802246,0.5714285714285714,0.5714285714285714,0.0997165516018867,0.0
YSRSQNP,2.1303699016571045,1.4667940139770508,0.5714285714285714,0.1428571428571428,0.7018597722053528,0.5518597722053528
GYSRSSN,1.0459173917770386,0.7963671088218689,0.5714285714285714,0.1428571428571428,0.6316986083984375,0.4816986083984375
YLHRLWN,-3.963383674621582,1.2041198015213013,0.5714285714285714,0.1428571428571428,0.1864977329969406,0.0364977329969406
SYLAIVS,-2.343022584915161,-0.27490320801734924,0.7142857142857143,0.2857142857142857,0.3675969243049621,0.2675969243049622
IYHGYFN,-3.348728656768799,0.1640075445175171,0.7142857142857143,0.4285714285714285,0.2551944851875305,0.1551944851875305
YYHRVAK,-3.7439188957214355,0.41378864645957947,0.5714285714285714,0.1428571428571428,0.2110261470079422,0.0610261470079422
YKHDEEL,0.4381446838378906,-2.5715315341949463,0.8571428571428571,0.2857142857142857,0.2792430222034454,0.2292430222034454
ILQRMSR,-3.7969014644622803,-0.7516781091690063,0.5714285714285714,0.5714285714285714,0.205104574561119,0.055104574561119
QSKISNN,1.232498288154602,-2.5664613246917725,0.4285714285714285,0.2857142857142857,0.2797736227512359,0.0797736227512359
VYHRGSN,0.7546353340148926,1.441296100616455,0.5714285714285714,0.1428571428571428,0.6991913914680481,0.5491913914680481
NYCGTDN,-4.396080493927002,-1.2734824419021606,0.7142857142857143,0.4285714285714285,0.1381375044584274,0.0381375044584274
QYHWAIV,-4.228584289550781,1.3118324279785156,0.5714285714285714,0.4285714285714285,0.1568576693534851,0.0068576693534851
GMGYSNN,0.4962514638900757,-2.139002799987793,0.5714285714285714,0.4285714285714285,0.3245078027248382,0.1745078027248382
QYHISNP,0.44540566205978394,-1.8480008840560913,0.5714285714285714,0.2857142857142857,0.3549615740776062,0.2049615740776062
WNNGLWR,-3.068321466445923,0.24770012497901917,0.7142857142857143,0.7142857142857143,0.2865341007709503,0.1865341007709503
RYLKHGK,-4.125085353851318,1.3713265657424927,0.7142857142857143,0.1428571428571428,0.1684251874685287,0.0684251874685287
YVESPSE,-1.0167673826217651,-2.8691322803497314,0.5714285714285714,0.4285714285714285,0.2480986714363098,0.0980986714363098
QYHRLNN,0.06555498391389847,0.5208244323730469,0.7142857142857143,0.1428571428571428,0.6028626561164856,0.5028626561164856
YHSRHNN,0.07356563955545425,0.28902751207351685,0.4285714285714285,0.2857142857142857,0.5786047577857971,0.3786047577857971
QYRRSTN,-3.2152814865112305,0.16964922845363617,0.5714285714285714,0.1428571428571428,0.2701091468334198,0.1201091468334198
IYSHLGN,-0.9423369765281677,-0.5240077376365662,0.5714285714285714,0.2857142857142857,0.4935194253921509,0.3435194253921508
KVHRFNR,-4.145575523376465,0.7669708728790283,0.5714285714285714,0.4285714285714285,0.1661351174116134,0.0161351174116134
AHNFSMN,-0.012323930859565735,-2.915212392807007,0.5714285714285714,0.4285714285714285,0.2432763129472732,0.0932763129472732
VYHRAGT,0.4178403317928314,0.976142168045044,0.5714285714285714,0.2857142857142857,0.6505123376846313,0.5005123376846313
YSFRYTP,-2.3601105213165283,-0.13601459562778473,0.7142857142857143,0.1428571428571428,0.3656870722770691,0.2656870722770691
YYSRSLN,-0.895397961139679,0.9361363053321838,0.5714285714285714,0.1428571428571428,0.5293902158737183,0.3793902158737182
YYRTSVN,-0.2538732886314392,0.7946780323982239,0.4285714285714285,0.2857142857142857,0.6010900735855103,0.4010900735855103
EIYNQWS,-3.6179327964782715,0.5499308109283447,0.7142857142857143,0.7142857142857143,0.2251069545745849,0.1251069545745849
GYCRGFI,-4.532320499420166,0.26896342635154724,0.7142857142857143,0.4285714285714285,0.1229106783866882,0.0229106783866882
QYHRANK,-3.5244758129119873,0.867149829864502,0.7142857142857143,0.2857142857142857,0.2355521470308303,0.1355521470308304
YARSFEN,-0.08698572218418121,-1.098954200744629,0.2857142857142857,0.4285714285714285,0.4333504140377044,0.1833504140377044
QESDHKH,0.174778550863266,-2.9574203491210938,0.8571428571428571,0.5714285714285714,0.2388591915369033,0.1888591915369033
VYHRSGN,0.6420456171035767,1.527338981628418,0.4285714285714285,0.1428571428571428,0.7012221813201904,0.5012221813201905
SYARSNR,-3.3626160621643066,-0.08247804641723633,0.5714285714285714,0.1428571428571428,0.2536423504352569,0.1036423504352569
GYARANN,0.40474823117256165,-1.2195838689804077,0.7142857142857143,0.2857142857142857,0.420726329088211,0.3207263290882111
KKLNSNG,-1.4345779418945312,-1.6448864936828613,0.7142857142857143,0.4285714285714285,0.3762178122997284,0.2762178122997284
YYRTVAN,-0.5985406637191772,-0.48834002017974854,0.5714285714285714,0.2857142857142857,0.4972521066665649,0.3472521066665649
YFHRSNC,-4.5439348220825195,1.26842200756073,0.5714285714285714,0.2857142857142857,0.1216126084327697,0.0
LIRTRLN,-2.044869899749756,-0.9886079430580139,0.4285714285714285,0.2857142857142857,0.4009198546409607,0.2009198546409607
YYYAHGN,-2.553851842880249,-0.0737854391336441,0.7142857142857143,0.4285714285714285,0.3440336287021637,0.2440336287021637
QYHVSNN,0.638762354850769,-2.231780767440796,0.5714285714285714,0.1428571428571428,0.3147984445095062,0.1647984445095062
GSHSSGW,-0.6954665184020996,-1.8008769750595093,0.7142857142857143,0.4285714285714285,0.3598931431770324,0.2598931431770325
DNSRLNN,0.5834866166114807,-3.8132526874542236,0.7142857142857143,0.2857142857142857,0.1492950767278671,0.0492950767278671
QYSRSHC,-3.737344264984131,1.1073559522628784,0.5714285714285714,0.2857142857142857,0.2117609679698944,0.0617609679698944
YTHHASA,0.7933185696601868,-0.9916633367538452,0.5714285714285714,0.4285714285714285,0.4445785582065582,0.2945785582065582
YSWKTIS,-0.7252458930015564,-0.12914295494556427,0.5714285714285714,0.1428571428571428,0.5348426103591919,0.3848426103591919
GQHRANN,1.3575952053070068,-2.5666067600250244,0.7142857142857143,0.1428571428571428,0.2797584235668182,0.1797584235668182
SYRLINN,-0.5245339274406433,-0.9364625215530396,0.4285714285714285,0.4285714285714285,0.4503554403781891,0.2503554403781891
MQCLSDN,-4.108831405639648,-0.9270256161689758,0.5714285714285714,0.4285714285714285,0.1702418178319931,0.0202418178319931
QIMRSNL,0.4069463908672333,-1.6631629467010498,0.7142857142857143,0.2857142857142857,0.3743051290512085,0.2743051290512085
DSRSGRD,1.04593026638031,-3.4910101890563965,0.5714285714285714,0.4285714285714285,0.18301822245121,0.03301822245121
QSHRSDN,0.518499493598938,-1.9094016551971436,0.5714285714285714,0.1428571428571428,0.3485358953475952,0.1985358953475952
VYHRQAN,-0.11164268851280212,1.0660103559494019,0.5714285714285714,0.1428571428571428,0.6169863939285278,0.4669863939285278
HYSRSPN,0.7927325367927551,1.4149210453033447,0.5714285714285714,0.0,0.6964312195777893,0.5464312195777893
SYHDKAM,0.8741137385368347,-1.1493667364120483,0.7142857142857143,0.4285714285714285,0.4280746579170227,0.3280746579170227
HHHRSHP,-0.676786482334137,0.41483771800994873,0.5714285714285714,0.2857142857142857,0.5538232922554016,0.4038232922554016
YSFEYGS,-2.2492923736572266,-0.1601329743862152,0.7142857142857143,0.4285714285714285,0.3780726492404938,0.2780726492404938
VNLTHAN,0.5527459979057312,-4.071958541870117,0.7142857142857143,0.4285714285714285,0.1222211197018623,0.0222211197018623
VSLRYCP,-3.647864580154419,-0.766922652721405,0.5714285714285714,0.4285714285714285,0.2217616289854049,0.0717616289854049
ISRSINN,2.1594600677490234,-2.273141384124756,0.5714285714285714,0.1428571428571428,0.3104699850082397,0.1604699850082397
YYHVNEC,-4.166956424713135,0.4482022523880005,0.7142857142857143,0.4285714285714285,0.163745492696762,0.0637454926967621
YQRFPGI,-1.8034789562225342,-0.6874136924743652,0.7142857142857143,0.4285714285714285,0.4278988540172577,0.3278988540172577
QYVRSKT,-3.3924036026000977,0.7154709100723267,0.5714285714285714,0.2857142857142857,0.2503131628036499,0.1003131628036499
GYTSQSN,0.3425961136817932,-2.409000873565674,0.7142857142857143,0.4285714285714285,0.2962521016597748,0.1962521016597748
QIHPSVN,0.5207474231719971,-4.519251823425293,0.7142857142857143,0.4285714285714285,0.0754112228751182,0.0
YTGRASE,1.9806609153747559,-1.6420625448226929,0.7142857142857143,0.2857142857142857,0.3765133321285248,0.2765133321285248
GYHKSTN,1.7321220636367798,-0.6127954721450806,0.2857142857142857,0.2857142857142857,0.4842276573181152,0.2342276573181152
YPSRSAN,2.8316268920898438,-1.4329487085342407,0.5714285714285714,0.1428571428571428,0.3983974158763885,0.2483974158763885
QYGSLFV,-3.763453245162964,-0.06521641463041306,0.7142857142857143,0.4285714285714285,0.2088429033756256,0.1088429033756256
KHRLNQN,-3.090640068054199,0.4678713083267212,0.4285714285714285,0.4285714285714285,0.2840396761894226,0.0840396761894226
YLYFAPN,-3.3753244876861572,-0.14774352312088013,0.4285714285714285,0.5714285714285714,0.2522220015525818,0.0522220015525818
QSRLGQN,1.2799865007400513,-2.831435441970825,0.4285714285714285,0.1428571428571428,0.2520436942577362,0.0520436942577362
YFHPHAV,-1.593696117401123,-1.4873006343841553,0.7142857142857143,0.4285714285714285,0.3927094042301178,0.2927094042301178
VYQREIN,1.180214285850525,-1.6184219121932983,0.5714285714285714,0.2857142857142857,0.3789873421192169,0.2289873421192169
YSHFQAN,-0.3170738220214844,-1.9723091125488281,0.5714285714285714,0.2857142857142857,0.3419525325298309,0.1919525325298309
YPRIKNN,-1.5844056606292725,-0.2911735773086548,0.4285714285714285,0.2857142857142857,0.4523834884166717,0.2523834884166718
DTHLCSA,-3.6539599895477295,-0.49699264764785767,0.7142857142857143,0.4285714285714285,0.2210803776979446,0.1210803776979446
YESRATL,0.9700950384140015,-3.130321979522705,0.7142857142857143,0.2857142857142857,0.2207647860050201,0.1207647860050201
FGRSSPS,1.964059591293335,-2.957489013671875,0.5714285714285714,0.4285714285714285,0.2388520091772079,0.0888520091772079
YSNSSVN,0.9387715458869934,-2.955242395401001,0.4285714285714285,0.1428571428571428,0.2390871196985244,0.0390871196985244
KYWRANN,-4.199803829193115,1.265696406364441,0.7142857142857143,0.2857142857142857,0.160074308514595,0.060074308514595
YHRLWNN,-1.6831014156341553,1.4838374853134155,0.1428571428571428,0.1428571428571428,0.4413528144359588,0.1413528144359588
WLVRNQN,-0.8534153699874878,-1.475351333618164,0.7142857142857143,0.4285714285714285,0.3939599096775055,0.2939599096775055
ILIQLNA,-1.791733741760254,-4.177408218383789,0.7142857142857143,0.2857142857142857,0.1111856624484062,0.0111856624484062
VEHRQEP,0.8611659407615662,-2.5632500648498535,0.5714285714285714,0.4285714285714285,0.280109703540802,0.130109703540802
MYHLVGT,-2.1583526134490967,-1.9786125421524048,0.7142857142857143,0.4285714285714285,0.3412928879261017,0.2412928879261017
YMHRSYP,-1.531787633895874,0.13505759835243225,0.5714285714285714,0.2857142857142857,0.4582643210887909,0.3082643210887908
YVAISNN,-0.20698577165603638,-1.3142505884170532,0.4285714285714285,0.2857142857142857,0.4108193516731262,0.2108193516731262
YYWRSTN,-2.6694393157958984,2.226769208908081,0.5714285714285714,0.2857142857142857,0.3311150372028351,0.1811150372028351
YSGLSAH,1.312408208847046,-2.1601502895355225,0.5714285714285714,0.4285714285714285,0.322294682264328,0.172294682264328
HYSRSSQ,0.3631933927536011,1.0251812934875488,0.5714285714285714,0.1428571428571428,0.6556443572044373,0.5056443572044372
IYYMSNF,-3.5790371894836426,0.13788944482803345,0.5714285714285714,0.4285714285714285,0.2294541001319885,0.0794541001319885
ALSPNNN,-0.23040153086185455,-4.326679706573486,0.5714285714285714,0.2857142857142857,0.0955641791224479,0.0
VYSRSNN,0.8320099115371704,2.92356014251709,0.4285714285714285,0.1428571428571428,0.7224534749984741,0.5224534749984742
QGYNMNW,-3.266849994659424,-0.1586855947971344,0.8571428571428571,0.5714285714285714,0.2643456161022186,0.2143456161022186
QLHRYMN,-2.0391788482666016,0.329325795173645,0.7142857142857143,0.2857142857142857,0.4015559256076813,0.3015559256076813
IYHILNI,-2.885401964187622,-1.3267828226089478,0.5714285714285714,0.4285714285714285,0.3069780468940735,0.1569780468940735
TPLVEWM,-3.573561191558838,-0.7319019436836243,0.7142857142857143,0.4285714285714285,0.2300661355257034,0.1300661355257034
IYHRSAN,0.5817400217056274,1.5826431512832642,0.5714285714285714,0.0,0.694482147693634,0.544482147693634
AYSRSCN,-4.183526515960693,1.4168446063995361,0.5714285714285714,0.1428571428571428,0.1618935316801071,0.0118935316801071
VYHVTQT,0.05934302508831024,-1.76340913772583,0.5714285714285714,0.4285714285714285,0.3638142347335815,0.2138142347335815
PYLMEWV,-4.325559616088867,0.7512655258178711,0.7142857142857143,0.5714285714285714,0.1460192501544952,0.0460192501544952
VQILGHK,-0.41015347838401794,-2.7878215312957764,0.5714285714285714,0.5714285714285714,0.2566079497337341,0.1066079497337341
YSRSQNN,1.771315336227417,1.8466640710830688,0.4285714285714285,0.0,0.7416137456893921,0.5416137456893921
NHRTFHN,-1.066039800643921,-0.9826949834823608,0.5714285714285714,0.1428571428571428,0.4455171227455139,0.2955171227455139
YGHRGIA,0.4194263815879822,-1.4885114431381226,0.7142857142857143,0.2857142857142857,0.3925826549530029,0.2925826549530029
GYHRVAN,-0.4262976348400116,-0.5449038743972778,0.7142857142857143,0.2857142857142857,0.4913326203823089,0.391332620382309
HYQYPNN,-1.54674232006073,-1.001837134361267,0.7142857142857143,0.1428571428571428,0.4435138404369354,0.3435138404369354
VNHRDNL,1.5116933584213257,-3.4179415702819824,0.7142857142857143,0.4285714285714285,0.1906649619340896,0.0906649619340896
SPIKINK,-2.5115532875061035,-0.982854425907135,0.7142857142857143,0.4285714285714285,0.3487611413002014,0.2487611413002014
MYSTKEN,1.236855387687683,-4.1150617599487305,0.7142857142857143,0.4285714285714285,0.1177103072404861,0.0177103072404861
MYHWAIS,-3.6653926372528076,0.7939853072166443,0.7142857142857143,0.1428571428571428,0.2198026180267334,0.1198026180267334
AHRLKNS,-3.1361541748046875,0.22571642696857452,0.4285714285714285,0.4285714285714285,0.278952807188034,0.078952807188034
VEVRSGH,0.6992266774177551,-3.4588584899902344,0.5714285714285714,0.4285714285714285,0.1863829493522644,0.0363829493522644
QYHDNGF,-1.5286020040512085,-2.134666681289673,0.7142857142857143,0.2857142857142857,0.3249615728855133,0.2249615728855133
YYHFIPH,-3.0747742652893066,-0.7896509170532227,0.7142857142857143,0.4285714285714285,0.2858129143714905,0.1858129143714905
VYHRCMH,-4.001005172729492,1.0045889616012573,0.4285714285714285,0.4285714285714285,0.1822929829359054,0.0
YNHWGSN,-1.284635066986084,-0.9792329668998718,0.5714285714285714,0.4285714285714285,0.4458794593811035,0.2958794593811035
QDSNGIR,0.462627112865448,-4.508995056152344,0.7142857142857143,0.5714285714285714,0.0764846056699752,0.0
ASRINIE,1.0797364711761475,-4.042472839355469,0.4285714285714285,0.2857142857142857,0.1253068447113037,0.0
YVWRSNK,-4.008271217346191,1.2064701318740845,0.5714285714285714,0.2857142857142857,0.1814808845520019,0.0314808845520019
PTHDGDM,-0.9190043807029724,-4.836394786834717,0.7142857142857143,0.5714285714285714,0.0422217398881912,0.0
SISASWN,-1.5331716537475586,-1.7261438369750977,0.5714285714285714,0.4285714285714285,0.3677141070365906,0.2177141070365905
YSSSGQN,1.0592776536941528,-3.0238709449768066,0.4285714285714285,0.2857142857142857,0.2319050431251526,0.0319050431251526
TNSRLVN,1.7929396629333496,-3.5274741649627686,0.5714285714285714,0.4285714285714285,0.1792022138833999,0.0292022138833999
YRGRAIC,-3.8638908863067627,-0.24438290297985077,0.5714285714285714,0.4285714285714285,0.1976175159215927,0.0476175159215927
NHHRYNS,-0.942783534526825,-0.4204409718513489,0.7142857142857143,0.2857142857142857,0.5043578147888184,0.4043578147888184
YSRSPLI,0.22842496633529663,1.3872427940368652,0.4285714285714285,0.2857142857142857,0.654994010925293,0.454994010925293
VYLRPGE,0.3791479170322418,-1.242050290107727,0.5714285714285714,0.4285714285714285,0.4183752238750458,0.2683752238750457
MYHRMEN,0.21781280636787415,-0.8768787384033203,0.5714285714285714,0.2857142857142857,0.4565909504890442,0.3065909504890441
VYTTGSN,0.68080735206604,-2.490699529647827,0.5714285714285714,0.2857142857142857,0.287702202796936,0.137702202796936
DVNRMHI,0.07909736037254333,-3.6894826889038086,0.5714285714285714,0.5714285714285714,0.1622477918863296,0.0122477918863296
IYHRSAD,1.088699460029602,0.4732604920864105,0.5714285714285714,0.1428571428571428,0.597885012626648,0.4478850126266479
YHFRSSG,0.10645996034145355,0.9465652108192444,0.5714285714285714,0.2857142857142857,0.6413626074790955,0.4913626074790954
TSHYSNN,-0.13466663658618927,-2.8377294540405273,0.5714285714285714,0.2857142857142857,0.2513850331306457,0.1013850331306457
QHRRSGN,-3.4672114849090576,0.9493297338485718,0.4285714285714285,0.2857142857142857,0.2419522702693939,0.0419522702693939
YYRRNAD,-0.7987087965011597,0.41412511467933655,0.4285714285714285,0.2857142857142857,0.5401966571807861,0.3401966571807862
YHRSANV,0.9857019782066345,0.6236108541488647,0.4285714285714285,0.2857142857142857,0.6136193871498108,0.4136193871498108
IQHRIPA,1.3738714456558228,-2.022019147872925,0.7142857142857143,0.5714285714285714,0.3367502987384796,0.2367502987384796
YYHFLWN,-4.4527411460876465,0.7396036982536316,0.7142857142857143,0.2857142857142857,0.1318048387765884,0.0318048387765884
YYHRSNN,-0.9529139399528503,1.031571388244629,0.4285714285714285,0.1428571428571428,0.5229620337486267,0.3229620337486267
QYRDNFN,-1.106313705444336,-1.208565592765808,0.5714285714285714,0.4285714285714285,0.4218794107437134,0.2718794107437133
SYHRSPN,1.009524941444397,1.9068986177444458,0.5714285714285714,0.1428571428571428,0.7422933578491211,0.5922933578491211
THHSSSN,0.020861608907580376,-2.844381809234619,0.4285714285714285,0.2857142857142857,0.2506888508796692,0.0506888508796692
YPHRIYN,-1.4718539714813232,-0.1448567509651184,0.7142857142857143,0.2857142857142857,0.4649627804756164,0.3649627804756165
YVRRAGN,-3.2368111610412598,-0.2312946915626526,0.4285714285714285,0.4285714285714285,0.2677029073238373,0.0677029073238373
YYHRTYN,-1.2121528387069702,0.8336563110351562,0.5714285714285714,0.2857142857142857,0.4939882159233093,0.3439882159233093
GYYESQN,-2.171787738800049,-1.578029751777649,0.5714285714285714,0.4285714285714285,0.3832144737243652,0.2332144737243652
ISHVLSN,-0.423183411359787,-3.9166338443756104,0.7142857142857143,0.4285714285714285,0.138476088643074,0.038476088643074
YYYRSHH,-2.1144673824310303,0.8952715396881104,0.5714285714285714,0.4285714285714285,0.3931413292884826,0.2431413292884826
YYIVGVE,-3.0092809200286865,-0.608365535736084,0.7142857142857143,0.4285714285714285,0.2931327521800995,0.1931327521800995
YYHSSVS,-1.3164676427841187,-1.1225831508636475,0.5714285714285714,0.2857142857142857,0.4308776557445526,0.2808776557445526
VYHRSNF,-1.0532021522521973,2.255035638809204,0.4285714285714285,0.2857142857142857,0.5117533206939697,0.3117533206939697
YYHNSDP,-1.5901658535003662,-0.32941821217536926,0.5714285714285714,0.2857142857142857,0.4517396986484527,0.3017396986484527
LYQRFAW,-4.558069705963135,0.06362439692020416,0.7142857142857143,0.5714285714285714,0.120032824575901,0.020032824575901
YSHMQTN,1.4352904558181763,-2.7669668197631836,0.5714285714285714,0.2857142857142857,0.2587904334068298,0.1087904334068298
YSHRHSN,0.38764986395835876,0.33210328221321106,0.5714285714285714,0.1428571428571428,0.5831127166748047,0.4331127166748046
YYSRQNP,-0.5597497224807739,-0.5822171568870544,0.5714285714285714,0.2857142857142857,0.4874277114868164,0.3374277114868164
VRRLVAD,0.13513238728046417,-2.8782429695129395,0.5714285714285714,0.4285714285714285,0.2471452206373214,0.0971452206373214
VYSRKNN,-2.1431562900543213,1.3405685424804688,0.5714285714285714,0.2857142857142857,0.3899348974227905,0.2399348974227905
ISHRSNN,1.4521647691726685,-1.6635117530822754,0.5714285714285714,0.1428571428571428,0.3742686510086059,0.2242686510086059
MYAKSQN,2.1265130043029785,0.5127162933349609,0.5714285714285714,0.4285714285714285,0.6020141243934631,0.4520141243934631
YSYHFNA,-1.409034013748169,-0.3289054334163666,0.7142857142857143,0.4285714285714285,0.4719838798046112,0.3719838798046112
GYHRSNN,0.8033221364021301,0.32225537300109863,0.5714285714285714,0.1428571428571428,0.5820821523666382,0.4320821523666381
YYHRYPN,-1.189192533493042,0.8773332834243774,0.5714285714285714,0.1428571428571428,0.4965543448925018,0.3465543448925018
HYHRMDN,-0.15537461638450623,-1.1694337129592896,0.5714285714285714,0.2857142857142857,0.4259746372699737,0.2759746372699737
YHSRQNN,0.7456746101379395,-0.9564827084541321,0.4285714285714285,0.1428571428571428,0.4482602477073669,0.2482602477073669
YYHSSNM,-2.1173934936523438,-0.8517389297485352,0.5714285714285714,0.1428571428571428,0.3928142786026001,0.2428142786026001
YSYKSIA,1.8784412145614624,-0.6495355367660522,0.5714285714285714,0.4285714285714285,0.4803827404975891,0.3303827404975891
QSHRAEW,0.038782671093940735,-1.4824721813201904,0.7142857142857143,0.2857142857142857,0.3932147026062011,0.2932147026062012
YKHRGSN,-3.400003671646118,1.0729889869689941,0.5714285714285714,0.2857142857142857,0.2494637370109558,0.0994637370109558
QSRRSSN,-3.560264825820923,-0.12647978961467743,0.4285714285714285,0.2857142857142857,0.2315521985292434,0.0315521985292434
ISQRNNN,1.8043373823165894,-3.5850186347961426,0.5714285714285714,0.2857142857142857,0.1731801033020019,0.0231801033020019
AHHRSTS,0.043825820088386536,0.24386757612228394,0.5714285714285714,0.2857142857142857,0.5738787055015564,0.4238787055015564
SYRRGWN,-4.2357072830200195,0.3735344409942627,0.5714285714285714,0.2857142857142857,0.1560615599155426,0.0060615599155426
YSRSGQP,2.7920148372650146,1.644057035446167,0.4285714285714285,0.2857142857142857,0.7204105854034424,0.5204105854034424
YYRNNNT,-0.2862239480018616,-0.8302021622657776,0.5714285714285714,0.1428571428571428,0.4614757299423218,0.3114757299423217
SHRRSEN,-1.029718041419983,0.28439706563949585,0.4285714285714285,0.2857142857142857,0.514378011226654,0.3143780112266541
YYSRGNY,-0.8020855784416199,0.21791021525859833,0.7142857142857143,0.1428571428571428,0.5398193001747131,0.4398193001747131
YYHISEA,-1.5658701658248901,0.2667083740234375,0.5714285714285714,0.2857142857142857,0.4544551074504852,0.3044551074504852
YYHRSAN,-1.2602688074111938,1.0208686590194702,0.5714285714285714,0.0,0.488610565662384,0.338610565662384
MSHVSTL,-0.5630592703819275,-4.101633548736572,0.5714285714285714,0.4285714285714285,0.1191155910491943,0.0
WYHRFVN,-3.3321962356567383,1.3726812601089478,0.5714285714285714,0.2857142857142857,0.2570421993732452,0.1070421993732452
YSIRSQA,1.6280088424682617,-0.9715039134025574,0.5714285714285714,0.2857142857142857,0.4466882944107055,0.2966882944107055
YWSLASN,-1.9184364080429077,0.41104304790496826,0.5714285714285714,0.4285714285714285,0.4150506556034088,0.2650506556034088
YYHMAEN,-2.066092014312744,-0.45256903767585754,0.5714285714285714,0.2857142857142857,0.3985479772090912,0.2485479772090912
YYHRVNN,-1.1452174186706543,1.0036706924438477,0.5714285714285714,0.1428571428571428,0.5014692544937134,0.3514692544937133
QSSRANN,1.0893560647964478,-3.537229061126709,0.5714285714285714,0.2857142857142857,0.1781813502311706,0.0281813502311706
VYYRSNN,-0.8070648908615112,2.2115085124969482,0.4285714285714285,0.1428571428571428,0.5392627716064453,0.3392627716064453
QYHSSSN,0.44883278012275696,-2.344472646713257,0.5714285714285714,0.1428571428571428,0.3030050694942474,0.1530050694942474
YWHRSIN,-2.2648658752441406,2.0228915214538574,0.5714285714285714,0.2857142857142857,0.3763320744037628,0.2263320744037628
IYSRSNG,1.566129446029663,1.8501169681549072,0.4285714285714285,0.1428571428571428,0.7419751286506653,0.5419751286506653
YYHRQNL,-1.3705060482025146,0.26953089237213135,0.7142857142857143,0.2857142857142857,0.4762898981571197,0.3762898981571198
YVGRAEN,0.615632176399231,-1.4921382665634155,0.5714285714285714,0.4285714285714285,0.3922031223773956,0.2422031223773956
YHHSSNQ,0.42566990852355957,-1.1339622735977173,0.4285714285714285,0.2857142857142857,0.4296867847442627,0.2296867847442627
YSRSLFN,-1.65031898021698,0.683925986289978,0.4285714285714285,0.1428571428571428,0.4450167119503021,0.2450167119503021
YHHLSSN,0.6040418148040771,-0.08935564011335373,0.2857142857142857,0.1428571428571428,0.5390064120292664,0.2890064120292663
QHSRPNN,1.3106324672698975,-2.0926995277404785,0.5714285714285714,0.2857142857142857,0.3293535113334656,0.1793535113334655
IYRVNSN,1.1497043371200562,-1.5360521078109741,0.5714285714285714,0.4285714285714285,0.3876074552536011,0.237607455253601
YHWRSYN,-2.3332417011260986,1.2779910564422607,0.4285714285714285,0.2857142857142857,0.3686900734901428,0.1686900734901428
YYRYSLA,-3.0389392375946045,0.00799926370382309,0.5714285714285714,0.4285714285714285,0.2898179888725281,0.139817988872528
YYHFSDH,-2.8673064708709717,-0.243088498711586,0.5714285714285714,0.2857142857142857,0.3090004920959472,0.1590004920959472
MSADLNL,-0.7872229218482971,-4.216960430145264,0.7142857142857143,0.5714285714285714,0.1070464625954628,0.0066851634532213
YYHMSSN,-2.4556045532226562,-1.3004827499389648,0.5714285714285714,0.1428571428571428,0.3550142347812652,0.2050142347812652
YHRRGNN,-2.507068634033203,1.5754815340042114,0.2857142857142857,0.1428571428571428,0.3492623567581177,0.0992623567581176
VYHRSLN,-0.2105628103017807,2.800485849380493,0.4285714285714285,0.1428571428571428,0.6059306859970093,0.4059306859970093
YYHRGQN,-1.2525088787078857,1.4141311645507812,0.5714285714285714,0.2857142857142857,0.4894778132438659,0.3394778132438659
YSTRSNP,2.444267749786377,-0.9400738477706909,0.4285714285714285,0.1428571428571428,0.4499774873256683,0.2499774873256683
SYHKALQ,0.6936280131340027,1.2352298498153687,0.5714285714285714,0.4285714285714285,0.6776262521743774,0.5276262521743774
YSHRSEP,1.1908842325210571,0.5515196919441223,0.5714285714285714,0.1428571428571428,0.6060749888420105,0.4560749888420105
YVHHSES,-0.15333013236522675,-1.6058436632156372,0.7142857142857143,0.2857142857142857,0.3803037106990814,0.2803037106990814
YKHRANN,-2.8609161376953125,0.8971720337867737,0.5714285714285714,0.2857142857142857,0.3097147047519684,0.1597147047519684
VYRRSMS,-3.1528706550598145,1.8284130096435547,0.2857142857142857,0.2857142857142857,0.277084469795227,0.027084469795227
LYGRQNN,0.6779348254203796,-0.9545112252235413,0.5714285714285714,0.2857142857142857,0.4484665989875793,0.2984665989875793
NVSRSSN,1.3842934370040894,-2.9716360569000244,0.5714285714285714,0.2857142857142857,0.2373715043067932,0.0873715043067932
YYHRFNN,-1.083543062210083,0.8916803002357483,0.5714285714285714,0.1428571428571428,0.5083622932434082,0.3583622932434082
YYHRFNN,-1.083543062210083,0.8916803002357483,0.5714285714285714,0.1428571428571428,0.5083622932434082,0.3583622932434082
VYHGNNN,0.9310874342918396,-2.157412052154541,0.7142857142857143,0.2857142857142857,0.3225812315940857,0.2225812315940857
SYSSENN,-0.4189990162849426,-2.3204381465911865,0.7142857142857143,0.2857142857142857,0.3055203258991241,0.2055203258991241
HSRRSAN,-3.4754769802093506,0.28937700390815735,0.4285714285714285,0.2857142857142857,0.2410284876823425,0.0410284876823425
LYHVSNH,-0.5818746089935303,-2.3839504718780518,0.5714285714285714,0.2857142857142857,0.2988736629486084,0.1488736629486084
YSSKTAV,2.2594187259674072,-3.841339349746704,0.5714285714285714,0.4285714285714285,0.1463557630777359,0.0
YHSRSNL,0.5610865950584412,-0.1408635526895523,0.4285714285714285,0.2857142857142857,0.5336160659790039,0.3336160659790039
YYRKSNK,-3.108264684677124,1.0903186798095703,0.4285714285714285,0.2857142857142857,0.2820698618888855,0.0820698618888855
QYKNSYN,0.5108460187911987,-1.1551916599273682,0.5714285714285714,0.2857142857142857,0.4274650514125824,0.2774650514125824
SYHRSNN,0.7627543807029724,2.127140998840332,0.5714285714285714,0.0,0.7147131562232971,0.5647131562232971
SYHSLNN,-0.029551558196544647,-1.686375379562378,0.7142857142857143,0.1428571428571428,0.3718759417533874,0.2718759417533875
ISHRNVA,1.7096863985061646,-2.780473232269287,0.7142857142857143,0.4285714285714285,0.2573769688606262,0.1573769688606262
ILHRSNN,1.0984736680984497,0.43557998538017273,0.5714285714285714,0.1428571428571428,0.5939416885375977,0.4439416885375976
YFERLEV,-2.219379186630249,-0.5142583847045898,0.7142857142857143,0.4285714285714285,0.3814158737659454,0.2814158737659454
YVHLSSN,-0.3873705267906189,-1.2363663911819458,0.4285714285714285,0.2857142857142857,0.4189700484275818,0.2189700484275818
VTGRQNN,1.8541263341903687,-4.27850341796875,0.7142857142857143,0.2857142857142857,0.1006058976054191,0.0
QYHHSNN,-0.09754127264022827,-0.3497800827026367,0.5714285714285714,0.1428571428571428,0.5117526054382324,0.3617526054382324
YYARSSN,0.2452704906463623,0.6506239771842957,0.5714285714285714,0.1428571428571428,0.6164463758468628,0.4664463758468627
YYHRSAI,-1.4911762475967407,0.7131255269050598,0.5714285714285714,0.1428571428571428,0.4628032743930816,0.3128032743930816
IYKRQVW,-3.377035140991211,-0.20468448102474213,0.5714285714285714,0.4285714285714285,0.2520307898521423,0.1020307898521423
QLHQSSN,0.3728281855583191,-3.369357109069824,0.5714285714285714,0.4285714285714285,0.1957494020462036,0.0457494020462036
IYRNSFN,-0.94057297706604,-0.5118198394775391,0.5714285714285714,0.4285714285714285,0.4947949051856994,0.3447949051856994
TYHNIIN,-0.7465459108352661,-2.66367506980896,0.5714285714285714,0.4285714285714285,0.2696000635623932,0.1196000635623932
YYSTANN,-0.3556424379348755,-2.760610342025757,0.5714285714285714,0.2857142857142857,0.2594556510448456,0.1094556510448455
YSHRSQN,1.5946561098098755,0.9234071969985962,0.5714285714285714,0.1428571428571428,0.6449935436248779,0.4949935436248779
YHHLSQI,-0.9594655632972717,-0.12315090000629425,0.4285714285714285,0.2857142857142857,0.5222297310829163,0.3222297310829163
ISHRLNA,2.1897432804107666,-2.830784320831299,0.7142857142857143,0.2857142857142857,0.2521118521690368,0.1521118521690369
QYHHSHN,-1.0881445407867432,-0.33352962136268616,0.5714285714285714,0.2857142857142857,0.5078480243682861,0.3578480243682861
FYSSDSN,-1.6353800296783447,-3.0890586376190186,0.7142857142857143,0.4285714285714285,0.22508305311203,0.12508305311203
YYHMNNN,-1.948056697845459,-1.3620290756225586,0.5714285714285714,0.2857142857142857,0.4058192372322082,0.2558192372322082
VPRLLAN,0.9942026734352112,-3.393402338027954,0.5714285714285714,0.4285714285714285,0.1932330280542373,0.0432330280542373
YSHRSQI,0.3148454427719116,0.6791279911994934,0.5714285714285714,0.1428571428571428,0.619429349899292,0.4694293498992919
YYRRGSQ,-3.4001810550689697,0.28827548027038574,0.5714285714285714,0.2857142857142857,0.2494439035654068,0.0994439035654068
IYHRGRS,-3.886207342147827,1.4252680540084839,0.5714285714285714,0.1428571428571428,0.1951233297586441,0.0451233297586441
SISFNAN,0.08172246813774109,-3.4815051555633545,0.5714285714285714,0.4285714285714285,0.1840129494667053,0.0340129494667053
YSRRSSN,-2.100688934326172,1.4132413864135742,0.4285714285714285,0.1428571428571428,0.3946812450885772,0.1946812450885773
VSHLSNN,0.9787472486495972,-3.3968660831451416,0.4285714285714285,0.1428571428571428,0.1928705424070358,0.0
YYNRFNN,-0.8887568712234497,-0.5877066850662231,0.5714285714285714,0.2857142857142857,0.4868532419204712,0.3368532419204711
YPRRKNN,-2.4079971313476562,0.48465147614479065,0.4285714285714285,0.2857142857142857,0.3603350520133972,0.1603350520133972
YLRQWIG,-3.9779186248779297,0.5894095301628113,0.7142857142857143,0.2857142857142857,0.1848732382059097,0.0848732382059097
YYSRINN,-1.303385615348816,0.07523320615291595,0.5714285714285714,0.1428571428571428,0.4837916195392608,0.3337916195392608
YHMSSTR,-0.32039013504981995,-0.7645206451416016,0.5714285714285714,0.4285714285714285,0.4683493971824646,0.3183493971824646
WSHRAMN,-0.86611407995224,-0.30234402418136597,0.5714285714285714,0.4285714285714285,0.5167168974876404,0.3667168974876403
YYSQGSN,-0.23735418915748596,-1.8765084743499756,0.5714285714285714,0.2857142857142857,0.3519782125949859,0.2019782125949859
YSHRLEW,-0.8766397833824158,0.6192457675933838,0.7142857142857143,0.2857142857142857,0.5314867496490479,0.4314867496490479
IYRRSNL,-3.143526792526245,1.1165440082550049,0.5714285714285714,0.1428571428571428,0.2781288027763366,0.1281288027763366
VYRHFNN,-1.1842381954193115,0.6262789964675903,0.5714285714285714,0.2857142857142857,0.4971080720424652,0.3471080720424652
YYPRGAN,0.43929532170295715,-1.250530481338501,0.5714285714285714,0.2857142857142857,0.4174877405166626,0.2674877405166626
IYRRADN,-0.27235162258148193,-0.3620295524597168,0.5714285714285714,0.1428571428571428,0.5104706883430481,0.3604706883430481
YYHRSTA,-1.022648572921753,0.6690318584442139,0.4285714285714285,0.1428571428571428,0.5151680707931519,0.3151680707931519
IYWRSQN,-2.8899381160736084,2.2953290939331055,0.4285714285714285,0.2857142857142857,0.306471049785614,0.106471049785614
QYRHQNN,-0.7228360772132874,-0.6752005219459534,0.5714285714285714,0.2857142857142857,0.4776968657970428,0.3276968657970428
VYSSLVN,-1.8631306886672974,-1.8213032484054565,0.5714285714285714,0.2857142857142857,0.3577555119991302,0.2077555119991302
SYHSSND,0.3270544409751892,-2.7991557121276855,0.5714285714285714,0.2857142857142857,0.2554218173027038,0.1054218173027038
YYSLANQ,-0.8614280819892883,-0.60667884349823,0.5714285714285714,0.2857142857142857,0.4848677515983581,0.3348677515983581
QYHRAEN,0.9684277772903442,-0.0706271380186081,0.7142857142857143,0.1428571428571428,0.5409663915634155,0.4409663915634155
YSSRSNN,2.5225963592529297,-0.9731555581092834,0.4285714285714285,0.1428571428571428,0.4465154409408569,0.2465154409408569
TYNSHNN,0.34916189312934875,-3.9525907039642334,0.7142857142857143,0.4285714285714285,0.1347131431102752,0.0347131431102752
QYHRFSN,-1.989615559577942,0.5844281315803528,0.5714285714285714,0.2857142857142857,0.407095342874527,0.2570953428745269
YYSSSQN,-0.4642190933227539,-2.0159833431243896,0.4285714285714285,0.1428571428571428,0.3373819589614868,0.1373819589614868
IYSHSNN,0.2507898509502411,0.49075353145599365,0.4285714285714285,0.1428571428571428,0.5997157096862793,0.3997157096862793
YHQRSEE,1.152350902557373,-1.2967718839645386,0.5714285714285714,0.4285714285714285,0.4126484990119934,0.2626484990119934
YYHRSAT,-1.4240471124649048,0.6819345355033875,0.5714285714285714,0.1428571428571428,0.4703059494495392,0.3203059494495391
YSHSFSD,-1.0675146579742432,-1.4114669561386108,0.5714285714285714,0.2857142857142857,0.4006454944610595,0.2506454944610595
AYHRSNQ,0.45388540625572205,1.4457900524139404,0.5714285714285714,0.2857142857142857,0.6801925301551819,0.5301925301551819
YHRVSST,1.6064807176589966,1.6727443933486938,0.4285714285714285,0.1428571428571428,0.7234127521514893,0.5234127521514893
IGTVNNA,1.121462106704712,-4.427701473236084,0.7142857142857143,0.4285714285714285,0.0849921032786369,0.0
IYSAGVN,-0.3185209035873413,-2.650862216949463,0.4285714285714285,0.4285714285714285,0.2709409594535827,0.0709409594535827
IYHSSIG,-0.4461372494697571,-2.367086887359619,0.5714285714285714,0.2857142857142857,0.3006384670734405,0.1506384670734405
YLSRSNN,1.8316199779510498,-0.01760350726544857,0.4285714285714285,0.1428571428571428,0.5465154051780701,0.3465154051780701
YYRRQNN,-3.5211076736450195,1.1369619369506836,0.4285714285714285,0.1428571428571428,0.2359285801649093,0.0359285801649093
TYHHSVN,0.11041411012411118,-0.10297057777643204,0.4285714285714285,0.2857142857142857,0.5375815629959106,0.3375815629959107
QYHVLAS,-1.2146209478378296,-1.2165250778198242,0.7142857142857143,0.4285714285714285,0.4210464656352997,0.3210464656352997
IYRRSVN,-3.030709981918335,0.7044165134429932,0.4285714285714285,0.1428571428571428,0.2907377183437347,0.0907377183437347
YYTRQNE,-0.09400169551372528,-0.33553996682167053,0.5714285714285714,0.2857142857142857,0.5132428407669067,0.3632428407669067
FYSRSPN,0.28899887204170227,0.18457412719726562,0.5714285714285714,0.1428571428571428,0.5676735639572144,0.4176735639572143
YYQRKSN,-2.642796039581299,0.5022058486938477,0.7142857142857143,0.2857142857142857,0.3340928256511688,0.2340928256511688
SYRRSLN,-3.6637330055236816,0.5800437927246094,0.5714285714285714,0.2857142857142857,0.2199881076812744,0.0699881076812744
YFHRGNN,-0.5534794926643372,1.4940742254257202,0.5714285714285714,0.1428571428571428,0.567604660987854,0.417604660987854
NHHSWNN,-1.6837260723114014,-1.6235421895980835,0.5714285714285714,0.4285714285714285,0.3784514963626861,0.2284514963626861
QYQRSSN,0.8964177966117859,-0.23984187841415405,0.5714285714285714,0.2857142857142857,0.5232577919960022,0.3732577919960022
YYRRLNN,-3.5846574306488037,0.634210467338562,0.4285714285714285,0.1428571428571428,0.228825956583023,0.028825956583023
YYRIHNN,-0.9120067954063416,-0.3802812397480011,0.4285714285714285,0.1428571428571428,0.5085605978965759,0.3085605978965759
IYHRIYN,-3.0322039127349854,1.5125812292099,0.7142857142857143,0.2857142857142857,0.2905707657337188,0.1905707657337189
PYRHSDD,0.558544397354126,-1.6298333406448364,0.5714285714285714,0.4285714285714285,0.3777931630611419,0.2277931630611419
SHRRNAN,-2.7753584384918213,-0.21884804964065552,0.5714285714285714,0.2857142857142857,0.3192770183086395,0.1692770183086395
YYARQEE,-0.5620835423469543,-0.4304500222206116,0.7142857142857143,0.4285714285714285,0.5033103823661804,0.4033103823661804
AYQRSTN,1.1814149618148804,-0.05328946188092232,0.5714285714285714,0.2857142857142857,0.5427808165550232,0.3927808165550231
YYHRLLV,-3.6521286964416504,0.6981999278068542,0.5714285714285714,0.2857142857142857,0.2212850600481033,0.0712850600481033
IHHSAQA,0.6645663380622864,-3.9840567111968994,0.5714285714285714,0.2857142857142857,0.1314201802015304,0.0
YSRVLEN,1.1041735410690308,2.9875757694244385,0.4285714285714285,0.1428571428571428,0.7528717517852783,0.5528717517852784
YTIRQDN,-0.23533697426319122,-2.2803032398223877,0.7142857142857143,0.1428571428571428,0.3097204864025116,0.2097204864025116
EYHRRAN,-1.4426946640014648,0.41264787316322327,0.5714285714285714,0.2857142857142857,0.4682217836380005,0.3182217836380004
YSHRSMQ,0.42553848028182983,0.33056649565696716,0.5714285714285714,0.2857142857142857,0.5829518437385559,0.4329518437385559
YYRRSFN,-3.1607086658477783,0.27651476860046387,0.4285714285714285,0.1428571428571428,0.2762084603309631,0.0762084603309631
YYHSSEN,-1.4145677089691162,-0.09194431453943253,0.4285714285714285,0.1428571428571428,0.471365362405777,0.271365362405777
SSHHNGQ,-0.12511765956878662,-3.156715154647827,0.5714285714285714,0.5714285714285714,0.2180026918649673,0.0680026918649673
YSRRASP,-1.9343193769454956,0.4456299841403961,0.4285714285714285,0.1428571428571428,0.4132754802703857,0.2132754802703857
NHRRSNN,-2.9921441078186035,0.10297154635190964,0.2857142857142857,0.1428571428571428,0.2950480282306671,0.0450480282306671
YYSWADN,-2.9053540229797363,0.6158803105354309,0.5714285714285714,0.2857142857142857,0.3047481179237366,0.1547481179237365
QVHRTWN,-2.1600794792175293,0.0965852364897728,0.5714285714285714,0.4285714285714285,0.3880434930324554,0.2380434930324554
YHHDINW,-2.077056884765625,-0.1436610370874405,0.5714285714285714,0.4285714285714285,0.3973224759101867,0.2473224759101867
HYHRSSG,0.2046561986207962,1.1473608016967773,0.4285714285714285,0.2857142857142857,0.6523374915122986,0.4523374915122986
YHRRFIP,-3.1200835704803467,0.9418131113052368,0.5714285714285714,0.2857142857142857,0.2807489335536957,0.1307489335536956
YIHSISQ,-0.8686267137527466,-2.387295722961426,0.5714285714285714,0.4285714285714285,0.2985235750675201,0.1485235750675201
QDSRISP,0.6262855529785156,-3.564589738845825,0.7142857142857143,0.4285714285714285,0.1753180176019668,0.0753180176019668
QAHRGNN,1.4683789014816284,-2.1113550662994385,0.5714285714285714,0.2857142857142857,0.3274011611938476,0.1774011611938476
QYHRFMH,-2.956090211868286,-0.5603913068771362,0.5714285714285714,0.4285714285714285,0.2990776002407074,0.1490776002407074
ISSRGEN,0.38114139437675476,-3.5650126934051514,0.5714285714285714,0.2857142857142857,0.1752737611532211,0.0252737611532211
IVHRSYN,-0.1356491893529892,0.39103081822395325,0.5714285714285714,0.2857142857142857,0.5892795324325562,0.4392795324325561
YYHRSSN,-1.4665004014968872,1.0760574340820312,0.5714285714285714,0.0,0.4655611515045166,0.3155611515045166
YSSHSNY,-0.14548462629318237,-2.101414680480957,0.5714285714285714,0.4285714285714285,0.3284414410591125,0.1784414410591125
TYRRLLN,-4.2173285484313965,0.5075203776359558,0.7142857142857143,0.4285714285714285,0.1581156551837921,0.0581156551837921
YVHRTAI,0.03972703590989113,0.12894609570503235,0.5714285714285714,0.2857142857142857,0.5618520379066467,0.4118520379066467
YYSRQDN,-0.5047540664672852,-0.7267771363258362,0.7142857142857143,0.1428571428571428,0.4722993075847626,0.3722993075847626
YSHHSIN,1.0188943147659302,-0.3495626747608185,0.4285714285714285,0.2857142857142857,0.5117753744125366,0.3117753744125366
YYSLSNN,-1.1556600332260132,-0.09159748256206512,0.2857142857142857,0.1428571428571428,0.5003021359443665,0.2503021359443664
THRQENN,1.0807480812072754,-2.6582419872283936,0.4285714285714285,0.4285714285714285,0.270168662071228,0.070168662071228
YYSRLNN,-1.3833446502685547,0.693981409072876,0.5714285714285714,0.1428571428571428,0.4748550355434418,0.3248550355434417
NSHQIAE,-0.414531946182251,-4.773573875427246,0.7142857142857143,0.5714285714285714,0.0487960427999496,0.0
IYHKSRN,-3.0943098068237305,1.475600242614746,0.4285714285714285,0.2857142857142857,0.2836295068264007,0.0836295068264007
YYSRNSN,0.2671751081943512,-0.62778240442276,0.5714285714285714,0.2857142857142857,0.482659250497818,0.3326592504978179
QSRRSEN,0.06614468991756439,-1.7572556734085083,0.4285714285714285,0.1428571428571428,0.3644582033157348,0.1644582033157348
YYSRNHN,-0.6464091539382935,-0.30792945623397827,0.5714285714285714,0.2857142857142857,0.5161323547363281,0.3661323547363281
YYHRNNN,-1.1749986410140991,0.4450906813144684,0.5714285714285714,0.1428571428571428,0.4981407523155212,0.3481407523155212
YYHRSSL,-1.771563172340393,0.6059300303459167,0.5714285714285714,0.1428571428571428,0.4314659237861633,0.2814659237861633
GYHRGNA,1.1266251802444458,-0.6850719451904297,0.7142857142857143,0.2857142857142857,0.4766637980937958,0.3766637980937958
YISRSQN,1.2283343076705933,-0.8899024128913879,0.5714285714285714,0.2857142857142857,0.4552279710769653,0.3052279710769653
YYGLINN,-2.1935229301452637,-1.5359009504318237,0.4285714285714285,0.2857142857142857,0.3843056857585907,0.1843056857585907
YYHRTQN,-0.7653450965881348,1.0565638542175293,0.5714285714285714,0.1428571428571428,0.5439255833625793,0.3939255833625793
YSFRSQK,-3.0380005836486816,0.12080845981836319,0.5714285714285714,0.2857142857142857,0.2899228930473327,0.1399228930473327
YVRSVAA,1.6880366802215576,-1.3897902965545654,0.5714285714285714,0.4285714285714285,0.4029139876365661,0.2529139876365661
IHHRSRP,-2.796618938446045,0.1555611938238144,0.5714285714285714,0.2857142857142857,0.3169008493423462,0.1669008493423462
QLRRANN,-2.6716997623443604,-0.6728134751319885,0.5714285714285714,0.2857142857142857,0.3308624029159546,0.1808624029159546
YYHSSLN,-1.6525895595550537,-0.28652703762054443,0.4285714285714285,0.1428571428571428,0.4447629451751709,0.2447629451751709
TTHSSSK,-0.3042786121368408,-2.939192056655884,0.5714285714285714,0.4285714285714285,0.2407668083906173,0.0907668083906173
YHHSHSN,-0.5537112951278687,-0.10714223980903625,0.5714285714285714,0.2857142857142857,0.5371450185775757,0.3871450185775756
YVQRGAM,1.6107110977172852,-1.81681489944458,0.7142857142857143,0.4285714285714285,0.3582252264022827,0.2582252264022827
ILKRHNN,-2.4046216011047363,-0.7204424738883972,0.7142857142857143,0.2857142857142857,0.360712319612503,0.2607123196125031
MHRSGNN,1.2413545846939087,-1.0051862001419067,0.4285714285714285,0.2857142857142857,0.4431633949279785,0.2431633949279785
YYHRHVG,-1.8705893754959106,0.32178762555122375,0.5714285714285714,0.2857142857142857,0.4203982949256897,0.2703982949256897
YYRKSNQ,-3.022052764892578,0.9560928344726562,0.4285714285714285,0.2857142857142857,0.291705310344696,0.091705310344696
YYSRQNN,-0.37457531690597534,-0.6004014611244202,0.5714285714285714,0.1428571428571428,0.4855247139930725,0.3355247139930725
QYWRYNN,-4.122817039489746,0.91643887758255,0.7142857142857143,0.2857142857142857,0.1686787158250808,0.0686787158250808
IYSRGGT,1.8559516668319702,0.2689608633518219,0.5714285714285714,0.2857142857142857,0.5765047669410706,0.4265047669410705
YYSSDEE,-0.9575818181037903,-2.1036272048950195,0.7142857142857143,0.4285714285714285,0.3282099068164825,0.2282099068164825
SSSKSQN,1.3434374332427979,-3.5959420204162598,0.5714285714285714,0.2857142857142857,0.1720369607210159,0.0220369607210159
QYHLGNN,0.2909882664680481,-1.3707586526870728,0.5714285714285714,0.2857142857142857,0.4049057066440582,0.2549057066440582
QYHRSAN,0.8125804662704468,0.9465776681900024,0.5714285714285714,0.1428571428571428,0.6474183201789856,0.4974183201789856
VLHKANN,1.8341026306152344,-2.3064777851104736,0.7142857142857143,0.4285714285714285,0.3069812953472137,0.2069812953472137
YYHRSIN,-1.6022964715957642,0.917949914932251,0.5714285714285714,0.1428571428571428,0.4503839612007141,0.3003839612007141
SHSIQFN,-0.800297737121582,-2.448286771774292,0.7142857142857143,0.5714285714285714,0.292140781879425,0.192140781879425
QYHPANA,0.5748366713523865,-3.606820821762085,0.5714285714285714,0.2857142857142857,0.1708984673023224,0.0208984673023223
VQSRSQN,1.5414894819259644,-2.48854923248291,0.4285714285714285,0.2857142857142857,0.2879272401332855,0.0879272401332855
YYRSVSA,-0.3345329761505127,-0.37687474489212036,0.5714285714285714,0.4285714285714285,0.5089170932769775,0.3589170932769775
FYHRLNL,-3.122157573699951,0.784812867641449,0.7142857142857143,0.2857142857142857,0.2805171310901642,0.1805171310901642
QLHRSHN,-0.008952890522778034,-0.4286147654056549,0.7142857142857143,0.2857142857142857,0.5035024285316467,0.4035024285316467
IYSKGSN,1.5659189224243164,-0.8092609643936157,0.4285714285714285,0.2857142857142857,0.4636672735214233,0.2636672735214234
YYSRFND,-0.7865213751792908,-0.06394786387681961,0.7142857142857143,0.1428571428571428,0.5415588021278381,0.4415588021278381
YYHNSNS,-0.7327429056167603,-1.1944130659103394,0.5714285714285714,0.2857142857142857,0.4233604967594147,0.2733604967594146
VHSALNN,0.8031549453735352,-3.9568612575531006,0.5714285714285714,0.4285714285714285,0.1342662274837494,0.0
YHHSAVN,0.7566606402397156,-1.5128262042999268,0.5714285714285714,0.2857142857142857,0.3900381028652191,0.2400381028652191
FYSRGRN,-3.350260019302368,-0.15159858763217926,0.5714285714285714,0.2857142857142857,0.255023330450058,0.1050233304500579
VHMRSGN,1.2357256412506104,-0.8640450239181519,0.5714285714285714,0.2857142857142857,0.4579339921474457,0.3079339921474456
YYHLSLN,-3.1795101165771484,0.5978859663009644,0.4285714285714285,0.1428571428571428,0.2741071283817291,0.0741071283817291
YYTRAND,0.21231792867183685,-0.5748198628425598,0.5714285714285714,0.1428571428571428,0.4882018268108368,0.3382018268108367
VYHRASN,0.35585978627204895,1.4665076732635498,0.5714285714285714,0.1428571428571428,0.6692367196083069,0.5192367196083069
YYVRLNS,-2.7412526607513428,1.219327688217163,0.5714285714285714,0.2857142857142857,0.3230888545513153,0.1730888545513153
QMSRTGP,2.2049942016601562,-3.988935947418213,0.7142857142857143,0.4285714285714285,0.1309095621109008,0.0309095621109008
MYLRSSN,0.11324682831764221,0.7548480033874512,0.5714285714285714,0.2857142857142857,0.6273535490036011,0.477353549003601
VYRRNNN,-2.3689332008361816,0.3464301824569702,0.5714285714285714,0.1428571428571428,0.3647010326385498,0.2147010326385498
YSHRVQN,0.8436748385429382,0.03491637483239174,0.5714285714285714,0.1428571428571428,0.5520116686820984,0.4020116686820983
YYHSSES,-1.773297905921936,-0.3427990972995758,0.5714285714285714,0.2857142857142857,0.431272029876709,0.2812720298767089
IYDRHEN,0.11369454115629196,-2.1100881099700928,0.7142857142857143,0.2857142857142857,0.3275337517261505,0.2275337517261505
YMHPANA,0.7554701566696167,-3.3333053588867188,0.5714285714285714,0.4285714285714285,0.1995222717523574,0.0495222717523574
YYRRGGT,-3.1898765563964844,0.34963613748550415,0.5714285714285714,0.2857142857142857,0.2729485332965851,0.122948533296585
VHSNSDN,-0.3614085614681244,-4.292787075042725,0.5714285714285714,0.2857142857142857,0.0991110876202583,0.0
SYRRSHN,-3.7603745460510254,0.8616589307785034,0.5714285714285714,0.1428571428571428,0.2091869860887527,0.0591869860887527
SYHGAEN,-0.3294789493083954,-2.616264581680298,0.5714285714285714,0.2857142857142857,0.2745616436004638,0.1245616436004638
ISRRSNT,-2.940915584564209,-0.49562960863113403,0.5714285714285714,0.1428571428571428,0.3007735908031463,0.1507735908031463
YSHKIGN,2.444056272506714,-0.8425077795982361,0.5714285714285714,0.2857142857142857,0.4601879119873047,0.3101879119873046
YYHRGHI,-1.6814590692520142,0.9560917019844055,0.7142857142857143,0.2857142857142857,0.4415363669395447,0.3415363669395447
QYHRQNN,-0.12859459221363068,-0.4425159692764282,0.7142857142857143,0.1428571428571428,0.5020476579666138,0.4020476579666138
IYHYSQN,-2.2473175525665283,0.11519823223352432,0.5714285714285714,0.2857142857142857,0.378293365240097,0.228293365240097
ISSRRSN,-2.398658514022827,-1.1706284284591675,0.5714285714285714,0.2857142857142857,0.3613787889480591,0.2113787889480591
RYSRMVW,-5.150364875793457,1.3617701530456543,0.5714285714285714,0.4285714285714285,0.0538351312279701,0.0
ISHHFNN,0.22231371700763702,-2.250296115875244,0.7142857142857143,0.2857142857142857,0.3128607869148254,0.2128607869148254
YYSRGVN,-0.031919535249471664,0.05503421276807785,0.4285714285714285,0.2857142857142857,0.5541170239448547,0.3541170239448548
YYSRSPI,-0.3706892430782318,0.284737229347229,0.4285714285714285,0.2857142857142857,0.5781557559967041,0.3781557559967041
ILTSIGT,-0.8152197599411011,-3.869779348373413,0.7142857142857143,0.5714285714285714,0.1433794796466827,0.0433794796466827
YYYRQSN,-2.4061243534088135,0.922976016998291,0.7142857142857143,0.2857142857142857,0.360544353723526,0.260544353723526
TSHRGNN,1.5530585050582886,-1.890687346458435,0.5714285714285714,0.1428571428571428,0.3504943549633026,0.2004943549633026
NSQILSN,-0.533380925655365,-4.545340538024902,0.5714285714285714,0.5714285714285714,0.0726809948682785,0.0
YYILSNN,-3.203953981399536,-0.21450002491474152,0.2857142857142857,0.1428571428571428,0.2713751792907715,0.0213751792907714
YSHSSEN,0.3485153019428253,-1.531502604484558,0.4285714285714285,0.2857142857142857,0.3880835771560669,0.1880835771560669
MHHRSNP,-0.01237974502146244,-0.38558584451675415,0.5714285714285714,0.1428571428571428,0.5080054998397827,0.3580054998397827
NYRRENN,0.38994675874710083,-1.567936658859253,0.5714285714285714,0.2857142857142857,0.3842707276344299,0.2342707276344299
YYHRQNN,-1.141427755355835,0.3130018413066864,0.5714285714285714,0.1428571428571428,0.5018927454948425,0.3518927454948425
YHRSSLN,0.7831293940544128,1.4688191413879395,0.2857142857142857,0.2857142857142857,0.7020717263221741,0.4520717263221741
YLWSSQN,-3.0489346981048584,1.0688270330429077,0.4285714285714285,0.2857142857142857,0.2887008488178253,0.0887008488178253
MYGNSMA,0.2630733549594879,-2.3196773529052734,0.7142857142857143,0.4285714285714285,0.3055999279022217,0.2055999279022217
YYHSAQN,-0.9598178267478943,-0.9225919246673584,0.5714285714285714,0.2857142857142857,0.4518070220947265,0.3018070220947265
YWHRSND,-1.6707994937896729,1.0822288990020752,0.5714285714285714,0.2857142857142857,0.4427277147769928,0.2927277147769928
TSRRSQE,0.5025415420532227,-1.8672878742218018,0.5714285714285714,0.2857142857142857,0.3529431819915771,0.2029431819915771
YYSRGVF,-1.949799656867981,-0.1629871129989624,0.5714285714285714,0.2857142857142857,0.4115453660488128,0.2615453660488128
ISRQTNN,1.8918458223342896,-3.366440773010254,0.5714285714285714,0.2857142857142857,0.196054607629776,0.046054607629776
YYHRGSN,-1.2076259851455688,0.8639930486679077,0.5714285714285714,0.1428571428571428,0.4944941997528076,0.3444941997528076
YYQRNNN,-0.6313359141349792,-0.7323229312896729,0.5714285714285714,0.1428571428571428,0.4717189073562622,0.3217189073562622
SSHRSQT,0.6519546508789062,-1.446506142616272,0.5714285714285714,0.2857142857142857,0.3969786167144775,0.2469786167144775
IYRRYNN,-3.985884666442871,0.5506317615509033,0.5714285714285714,0.1428571428571428,0.1839829236268997,0.0339829236268997
ISHRSQN,1.2734286785125732,-1.216415524482727,0.5714285714285714,0.1428571428571428,0.4210579395294189,0.2710579395294189
MYHRSIN,-0.6850544810295105,1.2225099802017212,0.5714285714285714,0.1428571428571428,0.5528992414474487,0.4028992414474487
YYRKESD,-0.328124463558197,-0.19481030106544495,0.5714285714285714,0.2857142857142857,0.5279704332351685,0.3779704332351684
YYHFINS,-3.5110208988189697,-0.6539347767829895,0.7142857142857143,0.1428571428571428,0.2370559275150299,0.1370559275150299
YSHSHPN,0.734693706035614,-1.194573163986206,0.4285714285714285,0.2857142857142857,0.4233437776565552,0.2233437776565552
AYLLSNN,-1.2125747203826904,-2.1832594871520996,0.4285714285714285,0.1428571428571428,0.3198762834072113,0.1198762834072113
YSRRDNN,1.3932451009750366,-0.935289740562439,0.4285714285714285,0.0,0.4504781365394592,0.2504781365394593
YSHRSEI,1.0637435913085938,0.6748918890953064,0.7142857142857143,0.0,0.6189860701560974,0.5189860701560974
YIHRQSN,0.05860669165849686,0.6872997879981995,0.7142857142857143,0.0,0.6202845573425293,0.5202845573425293
MYSRSQV,0.8609160780906677,2.709543466567993,0.4285714285714285,0.0,0.7256841659545898,0.5256841659545899
IYHRSNN,0.42777636647224426,1.9939481019973755,0.5714285714285714,0.0,0.6772744059562683,0.5272744059562683
YLHRLSN,0.03801601380109787,1.7008572816848755,0.7142857142857143,0.0,0.6337129473686218,0.5337129473686218
VYSRSNT,0.9060590863227844,2.9841690063476562,0.4285714285714285,0.0,0.7307295799255371,0.5307295799255372
SYHRLSE,0.47205033898353577,1.4440486431121826,0.5714285714285714,0.0,0.6822226643562317,0.5322226643562317
YSRSSGE,1.849624514579773,1.2173826694488525,0.5714285714285714,0.0,0.6757585406303406,0.5257585406303406
YSRINIP,0.9424159526824951,1.6951020956039429,0.4285714285714285,0.0,0.7257525324821472,0.5257525324821473
PYHRSQS,1.0340179204940796,1.6983630657196045,0.4285714285714285,0.0,0.7260937690734863,0.5260937690734864
VYHRQDI,0.4855618178844452,1.324009656906128,0.5714285714285714,0.0,0.683732807636261,0.533732807636261
YSRNLND,2.345395088195801,1.7041794061660767,0.4285714285714285,0.0,0.7267025113105774,0.5267025113105774
YSRMSGH,0.9698600172996521,1.241344928741455,0.5714285714285714,0.0,0.678266167640686,0.528266167640686
QYHRSNN,0.49870648980140686,1.3024613857269287,0.5714285714285714,0.0,0.6846621036529541,0.5346621036529541
QYHRSNN,0.49870648980140686,1.3024613857269287,0.5714285714285714,0.0,0.6846621036529541,0.5346621036529541
QYHRSNN,0.49870648980140686,1.3024613857269287,0.5714285714285714,0.0,0.6846621036529541,0.5346621036529541
QYHRSNN,0.49870648980140686,1.3024613857269287,0.5714285714285714,0.0,0.6846621036529541,0.5346621036529541
YYHRGEA,0.06672336161136627,1.6653269529342651,0.7142857142857143,0.0,0.6369214653968811,0.5369214653968811
YHRLSNN,2.24538516998291,4.315680980682373,0.0,0.0,0.8804189562797546,0.5304189562797547
YHRLSNN,2.24538516998291,4.315680980682373,0.0,0.0,0.8804189562797546,0.5304189562797547
YHRLSNN,2.24538516998291,4.315680980682373,0.0,0.0,0.8804189562797546,0.5304189562797547
NYHRSSN,0.7073678374290466,1.2554062604904175,0.5714285714285714,0.0,0.6797377467155457,0.5297377467155456
NYHRSSN,0.7073678374290466,1.2554062604904175,0.5714285714285714,0.0,0.6797377467155457,0.5297377467155456
NYHRSSN,0.7073678374290466,1.2554062604904175,0.5714285714285714,0.0,0.6797377467155457,0.5297377467155456
NYHRSSN,0.7073678374290466,1.2554062604904175,0.5714285714285714,0.0,0.6797377467155457,0.5297377467155456
QYHRSST,0.7765141725540161,1.262603521347046,0.5714285714285714,0.0,0.6804909110069275,0.5304909110069275
YSRSSSN,2.5901215076446533,1.739269495010376,0.4285714285714285,0.0,0.7303747534751892,0.5303747534751893
YSRSSSN,2.5901215076446533,1.739269495010376,0.4285714285714285,0.0,0.7303747534751892,0.5303747534751893
YSRSSSN,2.5901215076446533,1.739269495010376,0.4285714285714285,0.0,0.7303747534751892,0.5303747534751893
YSRSSSN,2.5901215076446533,1.739269495010376,0.4285714285714285,0.0,0.7303747534751892,0.5303747534751893
IYARSDN,0.5275266170501709,1.687268614768982,0.5714285714285714,0.0,0.6884230375289917,0.5384230375289917
VYHRVNN,0.7539680004119873,1.280434012413025,0.5714285714285714,0.0,0.6823569536209106,0.5323569536209106
IYHRANT,0.1060233861207962,1.439754605293274,0.7142857142857143,0.0,0.6413137912750244,0.5413137912750244
IYSRSGN,1.5717068910598755,1.7687324285507202,0.4285714285714285,0.0,0.7334581017494202,0.5334581017494202
YSRSSVN,2.4003820419311523,1.7830203771591187,0.4285714285714285,0.0,0.7349533438682556,0.5349533438682557
YSRSSVN,2.4003820419311523,1.7830203771591187,0.4285714285714285,0.0,0.7349533438682556,0.5349533438682557
MYHRLNN,0.1461704671382904,0.9471721649169922,0.7142857142857143,0.0,0.6458008289337158,0.5458008289337158
IYHRSAN,0.5817400217056274,1.5826431512832642,0.5714285714285714,0.0,0.694482147693634,0.544482147693634
IYHRSAN,0.5817400217056274,1.5826431512832642,0.5714285714285714,0.0,0.694482147693634,0.544482147693634
IYSRNNN,0.9791157245635986,1.3348230123519897,0.5714285714285714,0.0,0.6880488395690918,0.5380488395690918
VYHRSEN,1.018811821937561,1.9873669147491455,0.4285714285714285,0.0,0.7433313131332397,0.5433313131332398
YSRVNNN,3.1117184162139893,2.300304889678955,0.2857142857142857,0.0,0.7890878915786743,0.5390878915786743
IYSRSND,1.1894460916519165,1.8282781839370728,0.4285714285714285,0.0,0.7396895885467529,0.539689588546753
YSRVNEN,1.599050760269165,2.3024837970733643,0.2857142857142857,0.0,0.789315938949585,0.539315938949585
YVHRSTN,0.6905807256698608,1.3568605184555054,0.5714285714285714,0.0,0.6903550624847412,0.5403550624847412
NYSRSNN,1.1415168046951294,1.362898826599121,0.5714285714285714,0.0,0.6909869909286499,0.5409869909286499
NYSRSNN,1.1415168046951294,1.362898826599121,0.5714285714285714,0.0,0.6909869909286499,0.5409869909286499
NYSRSNN,1.1415168046951294,1.362898826599121,0.5714285714285714,0.0,0.6909869909286499,0.5409869909286499
NYSRSNN,1.1415168046951294,1.362898826599121,0.5714285714285714,0.0,0.6909869909286499,0.5409869909286499
YHRLGSN,1.477121114730835,4.03782844543457,0.2857142857142857,0.0,0.7945541739463806,0.5445541739463806
YSRSQNN,1.771315336227417,1.8466640710830688,0.4285714285714285,0.0,0.7416137456893921,0.5416137456893921
YSRSQNN,1.771315336227417,1.8466640710830688,0.4285714285714285,0.0,0.7416137456893921,0.5416137456893921
YSRSQNN,1.771315336227417,1.8466640710830688,0.4285714285714285,0.0,0.7416137456893921,0.5416137456893921
QYHRAAN,0.5593296885490417,0.9051790833473206,0.7142857142857143,0.0,0.6430859565734863,0.5430859565734864
MYSRNNN,1.264977216720581,0.905227541923523,0.7142857142857143,0.0,0.6430910229682922,0.5430910229682923
SYHRSST,0.876466691493988,1.387302041053772,0.5714285714285714,0.0,0.6935408115386963,0.5435408115386963
YSRISNN,2.958439588546753,2.3349082469940186,0.2857142857142857,0.0,0.7927091717720032,0.5427091717720032
YVHRSVS,0.20331092178821564,1.17111074924469,0.7142857142857143,0.0,0.6521871089935303,0.5521871089935303
SYHRSAT,0.6395063996315002,2.118192672729492,0.5714285714285714,0.0,0.70093834400177,0.55093834400177
YSRVDEL,0.932559609413147,1.4018746614456177,0.5714285714285714,0.0,0.6950658559799194,0.5450658559799194
YSRLGQD,2.593733549118042,2.350282669067383,0.2857142857142857,0.0,0.7943181395530701,0.5443181395530701
IHRFTNN,1.082924246788025,1.9056215286254883,0.4285714285714285,0.0,0.7477837204933167,0.5477837204933167
SYARSNN,0.6724101901054382,1.4104926586151123,0.5714285714285714,0.0,0.6959677338600159,0.5459677338600158
HYSRSPN,0.7927325367927551,1.4149210453033447,0.5714285714285714,0.0,0.6964312195777893,0.5464312195777893
YSRSVLN,1.1015516519546509,1.954687237739563,0.4285714285714285,0.0,0.7525787353515625,0.5525787353515625
YSRSSPN,2.597914934158325,2.374415636062622,0.2857142857142857,0.0,0.7968437075614929,0.5468437075614929
YSRSSPN,2.597914934158325,2.374415636062622,0.2857142857142857,0.0,0.7968437075614929,0.5468437075614929
YSRSSPN,2.597914934158325,2.374415636062622,0.2857142857142857,0.0,0.7968437075614929,0.5468437075614929
SYSRLNN,0.6691986322402954,3.2765274047851562,0.5714285714285714,0.0,0.7042568922042847,0.5542568922042846
YSRSQSN,1.6020078659057617,1.911088228225708,0.4285714285714285,0.0,0.7483558654785156,0.5483558654785157
YSRSQSN,1.6020078659057617,1.911088228225708,0.4285714285714285,0.0,0.7483558654785156,0.5483558654785157
LYHRSNN,0.6776084899902344,1.5064384937286377,0.5714285714285714,0.0,0.7051968574523926,0.5551968574523926
SYSRSEL,0.6797801852226257,3.091238021850586,0.5714285714285714,0.0,0.705439567565918,0.555439567565918
IYHRGSN,0.7749402523040771,1.4427777528762817,0.5714285714285714,0.0,0.6993464231491089,0.5493464231491089
IYHRGSN,0.7749402523040771,1.4427777528762817,0.5714285714285714,0.0,0.6993464231491089,0.5493464231491089
IYHRSGN,0.6821259260177612,1.4967525005340576,0.5714285714285714,0.0,0.7049949169158936,0.5549949169158935
TYTRSTN,1.59111750125885,1.9248038530349731,0.4285714285714285,0.0,0.749791145324707,0.5497911453247071
QYSRSNA,1.9483537673950195,1.4585751295089722,0.5714285714285714,0.0,0.7009996771812439,0.5509996771812439
YHRVSSN,1.5664353370666504,2.688844680786133,0.2857142857142857,0.0,0.8045363426208496,0.5545363426208496
IYHRSEN,0.7110471725463867,1.5264701843261719,0.5714285714285714,0.0,0.7081049680709839,0.5581049680709839
IYHRSEN,0.7110471725463867,1.5264701843261719,0.5714285714285714,0.0,0.7081049680709839,0.5581049680709839
IYHRSEN,0.7110471725463867,1.5264701843261719,0.5714285714285714,0.0,0.7081049680709839,0.5581049680709839
NYHRLNN,0.2813147008419037,1.005241870880127,0.7142857142857143,0.0,0.6535576581954956,0.5535576581954956
YSRSINN,2.091066837310791,1.9562560319900513,0.4285714285714285,0.0,0.7530826926231384,0.5530826926231385
YSRSINN,2.091066837310791,1.9562560319900513,0.4285714285714285,0.0,0.7530826926231384,0.5530826926231385
IYHRVNN,0.2880707383155823,1.2022349834442139,0.7142857142857143,0.0,0.6616602540016174,0.5616602540016175
IYHRVNN,0.2880707383155823,1.2022349834442139,0.7142857142857143,0.0,0.6616602540016174,0.5616602540016175
YSRSLVN,1.1651840209960938,2.2716965675354004,0.4285714285714285,0.0,0.7596905827522278,0.5596905827522278
QYSRGSN,1.5451799631118774,1.4965078830718994,0.5714285714285714,0.0,0.7049694061279297,0.5549694061279297
VYHRGLN,0.7348124980926514,2.4616787433624268,0.5714285714285714,0.0,0.7115902900695801,0.5615902900695801
VYTRANV,1.1700628995895386,3.1846587657928467,0.4285714285714285,0.0,0.7602359056472778,0.5602359056472779
QYSRNNP,1.5083811283111572,1.5115464925765991,0.5714285714285714,0.0,0.7065432071685791,0.5565432071685791
YLHRGNS,0.6472460627555847,1.0436344146728516,0.7142857142857143,0.0,0.6575754880905151,0.5575754880905152
YLHRGNS,0.6472460627555847,1.0436344146728516,0.7142857142857143,0.0,0.6575754880905151,0.5575754880905152
SYSRLHE,0.7578845620155334,1.5178667306900024,0.5714285714285714,0.0,0.7072045803070068,0.5572045803070068
SYHRSNN,0.7627543807029724,2.127140998840332,0.5714285714285714,0.0,0.7147131562232971,0.5647131562232971
SYHRSNN,0.7627543807029724,2.127140998840332,0.5714285714285714,0.0,0.7147131562232971,0.5647131562232971
IYHRSNG,0.8296962380409241,1.531541347503662,0.5714285714285714,0.0,0.708635687828064,0.5586356878280639
IYHRANN,0.33326804637908936,1.7570427656173706,0.7142857142857143,0.0,0.6667117476463318,0.5667117476463318
IYSRSNN,1.209181785583496,3.098268508911133,0.4285714285714285,0.0,0.7646079659461975,0.5646079659461976
QYSRSND,1.1993532180786133,1.5455397367477417,0.5714285714285714,0.0,0.7101006507873535,0.5601006507873535
YHRVGSN,1.222070336341858,2.021982192993164,0.4285714285714285,0.0,0.7599610090255737,0.5599610090255738
IYSRTNN,0.7924732565879822,2.7223355770111084,0.5714285714285714,0.0,0.7180346846580505,0.5680346846580505
VYHRGNN,0.8171966671943665,1.7982733249664307,0.5714285714285714,0.0,0.7207978963851929,0.5707978963851928
YSRSSVQ,1.976434350013733,1.5923123359680176,0.5714285714285714,0.0,0.7149954438209534,0.5649954438209533
YSRSPGE,1.8658947944641113,1.645357608795166,0.5714285714285714,0.0,0.7205467224121094,0.5705467224121094
YSRSLGN,1.5712090730667114,2.120896100997925,0.4285714285714285,0.0,0.770312488079071,0.5703124880790711
YSRSANN,2.7788655757904053,2.5977861881256104,0.2857142857142857,0.0,0.8202198147773743,0.5702198147773743
YSRVLGN,1.4600673913955688,2.137068271636963,0.4285714285714285,0.0,0.7720049619674683,0.5720049619674683
YSRVLGN,1.4600673913955688,2.137068271636963,0.4285714285714285,0.0,0.7720049619674683,0.5720049619674683
TYSRGTN,1.5971348285675049,1.7018580436706543,0.5714285714285714,0.0,0.7264595627784729,0.5764595627784729
YSRSGNN,2.8404319286346436,2.65136456489563,0.2857142857142857,0.0,0.8258268237113953,0.5758268237113953
YSRLGQN,2.523437738418579,2.67421555519104,0.2857142857142857,0.0,0.8282182216644287,0.5782182216644287
YSRSQAN,1.7623904943466187,2.207921266555786,0.4285714285714285,0.0,0.7794198393821716,0.5794198393821717
MYSRSNN,1.5054917335510254,1.7826772928237915,0.5714285714285714,0.0,0.734917402267456,0.584917402267456
MYSRSNN,1.5054917335510254,1.7826772928237915,0.5714285714285714,0.0,0.734917402267456,0.584917402267456
VYTRANN,1.4377975463867188,2.749725580215454,0.4285714285714285,0.0,0.7901591658592224,0.5901591658592225
VYTRANN,1.4377975463867188,2.749725580215454,0.4285714285714285,0.0,0.7901591658592224,0.5901591658592225
VYTRANN,1.4377975463867188,2.749725580215454,0.4285714285714285,0.0,0.7901591658592224,0.5901591658592225
VYTRANN,1.4377975463867188,2.749725580215454,0.4285714285714285,0.0,0.7901591658592224,0.5901591658592225
IYSRSAN,1.4985451698303223,2.275128126144409,0.4285714285714285,0.0,0.786453127861023,0.586453127861023
YSRSSGN,2.498208522796631,2.3260834217071533,0.4285714285714285,0.0,0.791785717010498,0.5917857170104981
YSRSSGN,2.498208522796631,2.3260834217071533,0.4285714285714285,0.0,0.791785717010498,0.5917857170104981
MYSRANN,1.9002363681793213,1.3881070613861084,0.7142857142857143,0.0,0.6936250329017639,0.5936250329017639
YSRSSAN,2.5067453384399414,2.3360517024993896,0.4285714285714285,0.0,0.7928288578987122,0.5928288578987122
TYSRSNN,1.0697753429412842,2.0232675075531006,0.5714285714285714,0.0,0.7490273118019104,0.5990273118019104
TYSRSNN,1.0697753429412842,2.0232675075531006,0.5714285714285714,0.0,0.7490273118019104,0.5990273118019104
SYSRSNN,1.0727022886276245,2.1194589138031006,0.5714285714285714,0.0,0.7493544220924377,0.5993544220924377
SYSRSNN,1.0727022886276245,2.1194589138031006,0.5714285714285714,0.0,0.7493544220924377,0.5993544220924377
SYSRSNN,1.0727022886276245,2.1194589138031006,0.5714285714285714,0.0,0.7493544220924377,0.5993544220924377
SYSRSNN,1.0727022886276245,2.1194589138031006,0.5714285714285714,0.0,0.7493544220924377,0.5993544220924377
YSRSGPN,2.7878224849700928,3.3061652183532715,0.1428571428571428,0.0,0.8943526744842529,0.5943526744842529
YSRSLNN,2.0125224590301514,2.3630013465881348,0.4285714285714285,0.0,0.7956491708755493,0.5956491708755494
QYSRSNN,1.1347072124481201,2.8329105377197266,0.5714285714285714,0.0,0.7562843561172485,0.6062843561172485
YSRSGSN,2.758145809173584,2.9118716716766357,0.2857142857142857,0.0,0.8530892729759216,0.6030892729759216
YSRSGSN,2.758145809173584,2.9118716716766357,0.2857142857142857,0.0,0.8530892729759216,0.6030892729759216
YSRLSNN,3.315321445465088,3.4239096641540527,0.1428571428571428,0.0,0.9066748023033142,0.6066748023033142
QYSRSTN,1.287840723991394,2.425595283508301,0.5714285714285714,0.0,0.773399293422699,0.623399293422699
QYSRSTN,1.287840723991394,2.425595283508301,0.5714285714285714,0.0,0.773399293422699,0.623399293422699
YSRLSQN,2.523674249649048,3.461937665939331,0.2857142857142857,0.0,0.9106544852256776,0.6606544852256775
