seq,fitness_pred,htfr1_pred,ref_dist,div_prev,reward_signal,final_score
DSSRLNN,0.11711204051971436,-3.649324417114258,0.7142857142857143,0.2857142857142857,0.1446697860956192,0.0446697860956192
YSYRLAP,-0.880985677242279,-0.932273805141449,0.7142857142857143,0.2857142857142857,0.4552083611488342,0.3552083611488342
VYHRINN,0.11397910118103027,1.0509639978408813,0.5714285714285714,0.1428571428571428,0.638437807559967,0.488437807559967
YRHAHAM,-0.5120335221290588,-0.6026895046234131,0.7142857142857143,0.5714285714285714,0.4928773641586303,0.3928773641586304
YYRSPNN,0.1258929967880249,0.27886736392974854,0.4285714285714285,0.0,0.5936327576637268,0.3936327576637268
NHRGGSN,0.7611343264579773,-2.2012743949890137,0.4285714285714285,0.2857142857142857,0.3101710975170135,0.1101710975170135
VHEWFVT,-3.5898678302764893,-1.044018268585205,0.5714285714285714,0.5714285714285714,0.2201223820447921,0.0701223820447921
YVHCASN,-3.75601863861084,-0.4460963308811188,0.5714285714285714,0.2857142857142857,0.2013571709394455,0.0513571709394455
YYTRWNT,-2.857651710510254,1.2704741954803467,0.5714285714285714,0.2857142857142857,0.3028194606304168,0.1528194606304168
WYCSCPP,-3.94408917427063,0.6833165287971497,0.7142857142857143,0.5714285714285714,0.1801163405179977,0.0801163405179977
QSEVASE,-1.3095619678497314,-4.248735427856445,0.5714285714285714,0.4285714285714285,0.0761615931987762,0.0
YYMVSNI,-2.7258005142211914,-0.07114953547716141,0.5714285714285714,0.2857142857142857,0.317710816860199,0.1677108168601989
YRENQSS,0.6604922413825989,-3.0606143474578857,0.7142857142857143,0.5714285714285714,0.2119549512863159,0.1119549512863159
YSRSAAE,1.9369219541549683,1.6692434549331665,0.4285714285714285,0.2857142857142857,0.7525423765182495,0.5525423765182496
WYRHSLN,-1.768358826637268,0.7413557171821594,0.5714285714285714,0.2857142857142857,0.425845056772232,0.275845056772232
SYTRDNN,0.8844277262687683,-0.7099933624267578,0.5714285714285714,0.1428571428571428,0.4806133806705475,0.3306133806705474
THFKFPQ,-0.7006934881210327,-1.3033325672149658,0.7142857142857143,0.2857142857142857,0.4127991199493408,0.3127991199493408
GASYAII,-1.8949068784713745,-3.2657551765441895,0.5714285714285714,0.5714285714285714,0.1885088980197906,0.0385088980197906
IYSRSNT,1.0923545360565186,3.0962331295013428,0.4285714285714285,0.1428571428571428,0.7489362955093384,0.5489362955093384
VYLVANK,-1.2866846323013306,-2.50994610786438,0.7142857142857143,0.4285714285714285,0.2748922109603882,0.1748922109603882
VYCRTRA,-3.7585318088531494,1.1767839193344116,0.4285714285714285,0.4285714285714285,0.201073333621025,0.0010733336210251
QYRFGGS,-0.7146174907684326,-1.3132531642913818,0.7142857142857143,0.1428571428571428,0.4116652905941009,0.311665290594101
NYSPSNV,0.41696590185165405,-3.0693085193634033,0.5714285714285714,0.2857142857142857,0.2109612822532653,0.0609612822532653
HYSKSNI,1.147289514541626,0.21555863320827484,0.2857142857142857,0.4285714285714285,0.5863970518112183,0.3363970518112182
IHHRSNM,-0.2683636546134949,0.05668671056628227,0.5714285714285714,0.2857142857142857,0.5682392120361328,0.4182392120361328
ACSRRDF,-2.726968765258789,-1.2289268970489502,0.7142857142857143,0.5714285714285714,0.3175788819789886,0.2175788819789886
ILHRHPV,-0.8303557634353638,-0.7107957601547241,0.5714285714285714,0.4285714285714285,0.4805216491222381,0.3305216491222381
QYSNSNN,0.22257256507873535,-2.81998610496521,0.5714285714285714,0.1428571428571428,0.2394569665193557,0.0894569665193557
YSRYSRN,-3.3142497539520264,1.224097728729248,0.4285714285714285,0.2857142857142857,0.2512508928775787,0.0512508928775787
YSRSKEW,-0.17981301248073578,0.6926727890968323,0.5714285714285714,0.4285714285714285,0.6052566766738892,0.4552566766738891
IYLRSNY,-3.088111400604248,1.478202223777771,0.5714285714285714,0.2857142857142857,0.2767911553382873,0.1267911553382873
SERFGAS,0.32293665409088135,-2.6885838508605957,0.7142857142857143,0.5714285714285714,0.2544752657413482,0.1544752657413483
WYTRDLG,-1.0140355825424194,0.28382235765457153,0.5714285714285714,0.2857142857142857,0.5110388994216919,0.3610388994216919
YHSVGSC,-2.8708531856536865,-0.7701767086982727,0.5714285714285714,0.2857142857142857,0.3013284504413605,0.1513284504413604
IYTRATV,0.7838273644447327,1.6613857746124268,0.5714285714285714,0.0,0.7140910029411316,0.5640910029411316
VYSRVAY,-1.966452956199646,2.304450273513794,0.5714285714285714,0.1428571428571428,0.4034721255302429,0.2534721255302429
IRHYPME,0.6785953640937805,-1.618213176727295,0.7142857142857143,0.2857142857142857,0.3768106400966644,0.2768106400966644
MNHRSNN,1.4433083534240723,-1.4401112794876099,0.5714285714285714,0.2857142857142857,0.39716637134552,0.24716637134552
VSDAGNQ,-0.6433699727058411,-4.449553489685059,0.7142857142857143,0.2857142857142857,0.0532095879316329,0.0
IAHRKWD,-0.17886294424533844,-0.8418828845024109,0.8571428571428571,0.5714285714285714,0.4655393958091736,0.4155393958091735
MYMIQHY,-3.7794816493988037,-1.7372633218765259,0.7142857142857143,0.5714285714285714,0.1987072378396988,0.0987072378396988
YTSMSQH,0.9247398376464844,-3.9406447410583496,0.7142857142857143,0.5714285714285714,0.11137405782938,0.01137405782938
YYNDANN,-1.2149667739868164,-2.151174783706665,0.5714285714285714,0.2857142857142857,0.3158971071243286,0.1658971071243286
NPRHSPV,1.490737795829773,-2.9003615379333496,0.7142857142857143,0.5714285714285714,0.230270653963089,0.130270653963089
IDHRSNT,0.9183449745178223,-3.1967337131500244,0.7142857142857143,0.2857142857142857,0.19639752805233,0.09639752805233
GVHRVAN,0.564619243144989,-2.516831159591675,0.5714285714285714,0.4285714285714285,0.2741053104400635,0.1241053104400634
EYSESNN,-0.7136220335960388,-2.376166582107544,0.5714285714285714,0.2857142857142857,0.2901822328567505,0.1401822328567505
IFSRSQN,0.8476589918136597,2.537632465362549,0.5714285714285714,0.1428571428571428,0.7213001847267151,0.5713001847267151
QYSHINN,0.9347620606422424,-1.6526846885681152,0.7142857142857143,0.1428571428571428,0.3728708028793335,0.2728708028793335
TSEESVQ,-1.7116948366165161,-4.521351337432861,0.5714285714285714,0.4285714285714285,0.04500363022089,0.0
CLHYNNW,-4.532057762145996,0.6406855583190918,0.7142857142857143,0.2857142857142857,0.113710694015026,0.0137106940150261
TYCRSNF,-3.66849684715271,0.565851628780365,0.5714285714285714,0.2857142857142857,0.2112419605255127,0.0612419605255127
YYAHNFN,-1.8623573780059814,-0.5377304553985596,0.5714285714285714,0.2857142857142857,0.41522878408432,0.26522878408432
KYSKLQN,-3.214003801345825,-0.3855365514755249,0.5714285714285714,0.2857142857142857,0.2625727653503418,0.1125727653503418
IYHRPGN,0.4229179322719574,0.6046101450920105,0.7142857142857143,0.0,0.6308627128601074,0.5308627128601074
YQLATMN,-0.09608437120914459,-2.868952989578247,0.5714285714285714,0.4285714285714285,0.2338604182004928,0.0838604182004928
TKSCSPN,-3.7802574634552,-0.48307129740715027,0.5714285714285714,0.2857142857142857,0.1986196190118789,0.0486196190118789
YSRVFYN,-2.368399143218994,2.1940243244171143,0.4285714285714285,0.2857142857142857,0.3580760359764099,0.1580760359764099
YSRMGSI,1.099117398262024,1.0543603897094727,0.4285714285714285,0.2857142857142857,0.6822658181190491,0.4822658181190491
EYTWDNC,-4.742214679718018,0.7290917038917542,0.7142857142857143,0.5714285714285714,0.0899754092097282,0.0
YSWSSNN,-1.4939852952957153,-0.3712778389453888,0.4285714285714285,0.1428571428571428,0.4568330347537994,0.2568330347537995
IDRSSCN,-3.7149195671081543,0.28702545166015625,0.5714285714285714,0.4285714285714285,0.2059989422559738,0.0559989422559738
FYSRHNN,-1.0748889446258545,-0.0041009667329490185,0.7142857142857143,0.0,0.5041660666465759,0.4041660666465759
GYQPTFD,-1.839956521987915,-2.7599568367004395,0.7142857142857143,0.4285714285714285,0.2463178634643554,0.1463178634643555
TTGDFNN,-1.3806419372558594,-3.182108163833618,0.7142857142857143,0.2857142857142857,0.1980691254138946,0.0980691254138946
LQRRSTN,-2.3340554237365723,-0.5008485913276672,0.4285714285714285,0.4285714285714285,0.3619548380374908,0.1619548380374908
AFRSVGL,-0.09024152904748917,-2.7653510570526123,0.7142857142857143,0.4285714285714285,0.2457013428211212,0.1457013428211212
PYESSNN,-0.5299937129020691,-3.9076576232910156,0.5714285714285714,0.2857142857142857,0.1151442378759384,0.0
WYRAEEP,-2.0700137615203857,-0.3010173439979553,0.5714285714285714,0.4285714285714285,0.391775906085968,0.241775906085968
YSRHSND,1.951798439025879,0.8085495233535767,0.4285714285714285,0.1428571428571428,0.6541714668273926,0.4541714668273926
GAMMWEN,-2.432178497314453,-1.1050798892974854,0.7142857142857143,0.2857142857142857,0.3508727252483368,0.2508727252483368
YARSGNN,3.1850740909576416,2.5979933738708496,0.1428571428571428,0.1428571428571428,0.8586915135383606,0.5586915135383606
RYHRSPV,-4.681077480316162,1.0504732131958008,0.4285714285714285,0.1428571428571428,0.0968802943825721,0.0
SCVRANN,-4.215670108795166,-0.2510422170162201,0.5714285714285714,0.2857142857142857,0.1494437754154205,0.0
CYSRNQN,-4.0716047286987305,1.2044689655303955,0.5714285714285714,0.2857142857142857,0.1657146364450454,0.0157146364450454
HSKFKYA,-1.830324649810791,-1.000349521636963,0.7142857142857143,0.5714285714285714,0.4188465774059295,0.3188465774059296
VYLAGQG,0.11779467761516571,-2.611576557159424,0.5714285714285714,0.4285714285714285,0.263276606798172,0.113276606798172
FYHRSNN,-0.8552359342575073,1.1604597568511963,0.5714285714285714,0.1428571428571428,0.5289738774299622,0.3789738774299621
DASRLSN,0.6738569140434265,-3.6412227153778076,0.7142857142857143,0.2857142857142857,0.1455957591533661,0.0455957591533661
SNSHRLN,1.2125775814056396,-2.2485976219177246,0.7142857142857143,0.5714285714285714,0.3047623932361603,0.2047623932361603
HYRDDEL,-0.18094390630722046,-1.9427558183670044,0.7142857142857143,0.4285714285714285,0.339717835187912,0.239717835187912
VYDYPKN,0.18307368457317352,-1.8746436834335327,0.7142857142857143,0.4285714285714285,0.3475025296211242,0.2475025296211243
YYHRSGC,-4.292609691619873,0.3850924074649811,0.5714285714285714,0.1428571428571428,0.140754148364067,0.0
ICHRENN,-3.7038931846618652,-0.6512451767921448,0.7142857142857143,0.2857142857142857,0.207244262099266,0.107244262099266
VYHGPRN,0.7844557166099548,-1.4767214059829712,0.7142857142857143,0.4285714285714285,0.3929820954799652,0.2929820954799652
TKRSPGV,-2.6949379444122314,-1.4603853225708008,0.7142857142857143,0.4285714285714285,0.3211964666843414,0.2211964666843414
QYSYSNN,-1.2893661260604858,0.28362274169921875,0.5714285714285714,0.1428571428571428,0.4799428582191467,0.3299428582191467
QYIRQGN,0.5967833399772644,-0.7707003355026245,0.7142857142857143,0.2857142857142857,0.473675012588501,0.373675012588501
VQTRAFN,1.403915524482727,-2.858938455581665,0.5714285714285714,0.2857142857142857,0.2350050061941146,0.0850050061941146
IYMRFMP,-3.8642756938934326,-0.2504926919937134,0.5714285714285714,0.4285714285714285,0.1891305297613144,0.0391305297613144
SPSGSND,-0.5427449345588684,-4.480013370513916,0.5714285714285714,0.4285714285714285,0.0497282519936561,0.0
EYHRSAN,0.8193246722221375,-0.5068845748901367,0.5714285714285714,0.1428571428571428,0.5038272142410278,0.3538272142410278
LSHHLQV,0.01011496502906084,-2.6237752437591553,0.7142857142857143,0.4285714285714285,0.2618823945522308,0.1618823945522308
IYHRSQT,-0.1605023741722107,1.7228516340255737,0.4285714285714285,0.2857142857142857,0.6074376106262207,0.4074376106262207
QYHRHDG,0.6373366117477417,-0.7766609787940979,0.5714285714285714,0.4285714285714285,0.4729937613010406,0.3229937613010406
VYSRGSN,1.778441071510315,1.9026318788528442,0.5714285714285714,0.1428571428571428,0.7792168855667114,0.6292168855667114
QYSRGSN,1.5451799631118774,1.4965078830718994,0.5714285714285714,0.0,0.7327999472618103,0.5827999472618103
VYHRQHN,-0.4428686499595642,-0.08343002945184708,0.5714285714285714,0.1428571428571428,0.55222487449646,0.4022248744964599
QYSDNNC,-3.7678046226501465,-0.05037073791027069,0.7142857142857143,0.2857142857142857,0.200026050209999,0.100026050209999
PYRRREN,-2.6729819774627686,-0.11112833023071289,0.7142857142857143,0.2857142857142857,0.323676198720932,0.223676198720932
VYHRWEF,-2.6329402923583984,0.6308375000953674,0.5714285714285714,0.1428571428571428,0.3281985223293304,0.1781985223293304
FYHRPNN,-0.9037966132164001,0.5535785555839539,0.7142857142857143,0.1428571428571428,0.5234894156455994,0.4234894156455994
YHHSYNQ,-1.6361048221588135,-1.0932384729385376,0.5714285714285714,0.1428571428571428,0.4368113279342651,0.2868113279342651
MRHRMKS,-3.8755574226379395,-0.1953004002571106,0.7142857142857143,0.4285714285714285,0.1878563612699508,0.0878563612699508
DYSRINN,0.5523427724838257,0.6160001754760742,0.7142857142857143,0.1428571428571428,0.6321645379066467,0.5321645379066468
VHNQKFF,-0.5578746795654297,-1.2662273645401,0.7142857142857143,0.4285714285714285,0.4170399904251098,0.3170399904251099
YNKRSNF,-2.1785993576049805,-1.3223421573638916,0.5714285714285714,0.4285714285714285,0.3795121610164642,0.2295121610164642
WKHSVGA,0.8467934131622314,-1.355190634727478,0.7142857142857143,0.4285714285714285,0.4068721234798431,0.3068721234798431
IRYRAGM,-3.5985612869262695,-0.4930645525455475,0.7142857142857143,0.5714285714285714,0.2191405296325683,0.1191405296325683
IYSRGNE,1.3740437030792236,2.2794430255889893,0.5714285714285714,0.1428571428571428,0.7807504534721375,0.6307504534721374
PSVSLNN,-0.1872771829366684,-4.6945271492004395,0.5714285714285714,0.2857142857142857,0.0252109300345182,0.0
QVRMSYN,-0.04719731956720352,-1.7807449102401733,0.5714285714285714,0.4285714285714285,0.3582344651222229,0.2082344651222229
LSRWKYN,-3.600078821182251,0.4509778320789337,0.4285714285714285,0.4285714285714285,0.2189691364765167,0.0189691364765167
YYHHLRN,-1.846382975578308,-0.04061543941497803,0.7142857142857143,0.2857142857142857,0.417032927274704,0.317032927274704
IPCYSNS,-3.188140392303467,-0.4931873381137848,0.7142857142857143,0.4285714285714285,0.265493780374527,0.165493780374527
VLTWSCN,-3.9817235469818115,-0.27967506647109985,0.5714285714285714,0.4285714285714285,0.175865888595581,0.025865888595581
YYPRSNN,-0.049269404262304306,-0.6322485208511353,0.4285714285714285,0.1428571428571428,0.489499032497406,0.289499032497406
YSRGVNN,2.0049803256988525,1.7358336448669434,0.2857142857142857,0.2857142857142857,0.7601531147956848,0.5101531147956848
TFRRIST,-3.0905799865722656,-0.6896719336509705,0.7142857142857143,0.4285714285714285,0.2765123546123504,0.1765123546123504
SYYRSNN,-0.9234433174133301,1.0500298738479614,0.5714285714285714,0.1428571428571428,0.5212704539299011,0.3712704539299011
YMVGANR,-0.4346063435077667,-2.937222480773926,0.7142857142857143,0.5714285714285714,0.2260577231645584,0.1260577231645584
HYHRGPN,-0.5313067436218262,1.1263164281845093,0.5714285714285714,0.2857142857142857,0.565558671951294,0.4155586719512939
YSHSPTN,1.044891119003296,-1.5777857303619385,0.4285714285714285,0.1428571428571428,0.3814311921596527,0.1814311921596527
VFSRQCN,-3.374691963195801,2.353853702545166,0.7142857142857143,0.1428571428571428,0.244424507021904,0.144424507021904
YYTRQNP,-1.010601282119751,-0.18770048022270203,0.4285714285714285,0.1428571428571428,0.5114268064498901,0.3114268064498902
PYHRAPN,-0.044643063098192215,0.648293137550354,0.5714285714285714,0.2857142857142857,0.6205229163169861,0.470522916316986
AEHRWNC,-3.595834493637085,-0.48599302768707275,0.7142857142857143,0.4285714285714285,0.2194484919309616,0.1194484919309616
YHHMIRN,-0.6222853064537048,-1.2976680994033813,0.5714285714285714,0.4285714285714285,0.4134465456008911,0.2634465456008911
DDSPSMH,-0.9884146451950073,-4.633517265319824,0.7142857142857143,0.4285714285714285,0.0321839042007923,0.0
IKHRPNF,-3.0895442962646484,0.21737593412399292,0.7142857142857143,0.4285714285714285,0.2766293287277221,0.1766293287277222
RFSRVNP,-3.5229480266571045,-0.3181053698062897,0.5714285714285714,0.4285714285714285,0.22768035531044,0.07768035531044
YSRSVGN,2.261268377304077,1.496975302696228,0.4285714285714285,0.1428571428571428,0.7328534126281738,0.5328534126281739
IHHRNNP,0.014403165318071842,-1.1156162023544312,0.7142857142857143,0.1428571428571428,0.4342536926269531,0.3342536926269531
SMRSLVI,-0.418329656124115,-2.907731056213379,0.5714285714285714,0.4285714285714285,0.2294283658266067,0.0794283658266067
IYHRSNN,0.42777636647224426,1.9939481019973755,0.5714285714285714,0.0,0.6738783121109009,0.5238783121109009
VAVMDEW,-2.8498969078063965,-2.165510416030884,0.7142857142857143,0.5714285714285714,0.3036952912807464,0.2036952912807464
HSHRAQN,0.6958637833595276,-0.6852595806121826,0.5714285714285714,0.2857142857142857,0.4834402203559875,0.3334402203559875
VSDRYGY,-1.175288200378418,-1.7521933317184448,0.7142857142857143,0.4285714285714285,0.361497700214386,0.261497700214386
MHHHSQN,-0.3728988766670227,-0.6997542381286621,0.5714285714285714,0.2857142857142857,0.4817836284637451,0.3317836284637451
MYHDSNK,0.8858920335769653,-2.3565492630004883,0.5714285714285714,0.2857142857142857,0.2924243211746216,0.1424243211746216
IYHRVHY,-2.5893285274505615,0.35724273324012756,0.7142857142857143,0.2857142857142857,0.3331240713596344,0.2331240713596344
YNRKHHN,-2.343245029449463,0.5838953256607056,0.5714285714285714,0.2857142857142857,0.3609169423580169,0.2109169423580169
YYSWCTN,-4.063024044036865,0.6623944640159607,0.5714285714285714,0.2857142857142857,0.1666837334632873,0.0166837334632873
MYSDRFN,-1.0640438795089722,-0.9115869998931885,0.7142857142857143,0.2857142857142857,0.4575727581977844,0.3575727581977844
RAFYDQV,-2.0878775119781494,-0.6901896595954895,0.7142857142857143,0.2857142857142857,0.3897583484649658,0.2897583484649658
YDRRCTE,-3.5911266803741455,-2.0157785415649414,0.5714285714285714,0.2857142857142857,0.2199801951646804,0.0699801951646804
IYSTEKV,0.8054721355438232,-2.9344160556793213,0.5714285714285714,0.4285714285714285,0.2263784706592559,0.0763784706592559
VCHPQSN,-3.9316864013671875,-0.8133313059806824,0.7142857142857143,0.2857142857142857,0.1815171092748642,0.0815171092748642
VSRSENN,1.0113681554794312,-3.6709303855895996,0.5714285714285714,0.2857142857142857,0.1422003954648971,0.0
YQSGPNN,0.5730434060096741,-3.950929880142212,0.5714285714285714,0.2857142857142857,0.1101985424757003,0.0
YVECWEI,-4.340939044952393,0.8308542370796204,0.7142857142857143,0.2857142857142857,0.1352957934141159,0.0352957934141159
CYPRYSW,-4.3426947593688965,1.3144125938415527,0.5714285714285714,0.2857142857142857,0.1350975036621093,0.0
YYSDQFC,-4.061820983886719,0.00701823178678751,0.7142857142857143,0.2857142857142857,0.166819617152214,0.066819617152214
QWSAGNF,-1.600938081741333,-0.9584143757820129,0.7142857142857143,0.4285714285714285,0.4447536766529083,0.3447536766529083
VFHVLNF,-3.528702974319458,-0.7025214433670044,0.7142857142857143,0.4285714285714285,0.2270303815603256,0.1270303815603256
YQMRSNS,1.6868468523025513,-0.9543602466583252,0.5714285714285714,0.2857142857142857,0.452684074640274,0.302684074640274
SYHRITH,-1.6559512615203857,0.9604345560073853,0.5714285714285714,0.2857142857142857,0.4385404586791992,0.2885404586791992
MYRRSAN,-2.9912850856781006,0.18829430639743805,0.5714285714285714,0.1428571428571428,0.2877267897129059,0.1377267897129059
EYSLLEA,-1.2225688695907593,-2.876368522644043,0.7142857142857143,0.2857142857142857,0.2330128699541092,0.1330128699541092
YPHRGCF,-3.6327266693115234,0.04887313023209572,0.7142857142857143,0.2857142857142857,0.2152818590402603,0.1152818590402603
MYHYTNN,-2.0053374767303467,-1.08344566822052,0.7142857142857143,0.1428571428571428,0.3990804851055145,0.2990804851055145
KFSRRMN,-3.7682888507843018,0.37224921584129333,0.7142857142857143,0.4285714285714285,0.1999713629484176,0.0999713629484176
YGRPQNG,2.342743158340454,-1.3920173645019531,0.5714285714285714,0.4285714285714285,0.4026631116867065,0.2526631116867065
TRSHSIN,0.6656103134155273,-2.662895917892456,0.5714285714285714,0.4285714285714285,0.2574112117290497,0.1074112117290496
YWTRANN,-1.8316538333892822,0.8739147186279297,0.5714285714285714,0.2857142857142857,0.4186964631080627,0.2686964631080627
ISSRDNK,0.9052302837371826,-3.674544334411621,0.7142857142857143,0.2857142857142857,0.1417873501777649,0.0417873501777649
YSRSANS,2.8103256225585938,1.39826238155365,0.4285714285714285,0.1428571428571428,0.7215712666511536,0.5215712666511536
YQESLFS,-3.229351758956909,-1.1111395359039307,0.7142857142857143,0.5714285714285714,0.2608393430709839,0.1608393430709839
IYMYLGN,-3.5346992015838623,0.4668964147567749,0.7142857142857143,0.2857142857142857,0.2263531684875488,0.1263531684875488
YETRRAQ,-0.2164495438337326,-2.21004581451416,0.7142857142857143,0.4285714285714285,0.3091685771942138,0.2091685771942139
YSESGGN,-0.07257039844989777,-3.3593413829803467,0.4285714285714285,0.2857142857142857,0.1778126806020736,0.0
YSRVSEN,1.4013224840164185,2.8349761962890625,0.4285714285714285,0.1428571428571428,0.7838313579559326,0.5838313579559327
NYSSSNQ,0.42593857645988464,-3.0991413593292236,0.5714285714285714,0.2857142857142857,0.2075515985488891,0.0575515985488891
YYMPLAF,-3.314964532852173,-0.4159095585346222,0.5714285714285714,0.4285714285714285,0.2511701881885528,0.1011701881885528
ASWSSHI,-2.3037593364715576,-1.3261709213256836,0.5714285714285714,0.4285714285714285,0.3653765022754669,0.2153765022754669
CMKDLDE,-3.7091007232666016,-1.9358477592468262,0.8571428571428571,0.5714285714285714,0.2066561132669448,0.1566561132669448
QYVWNNN,-3.0676586627960205,-0.3971368372440338,0.7142857142857143,0.1428571428571428,0.2791011035442352,0.1791011035442352
IIDRANN,1.1662787199020386,-4.142833709716797,0.7142857142857143,0.2857142857142857,0.0882653668522834,0.0
YVVREHI,-0.8307968378067017,-1.37441086769104,0.7142857142857143,0.4285714285714285,0.4046754240989685,0.3046754240989685
CASRNSD,-3.5332694053649902,-1.080989956855774,0.5714285714285714,0.4285714285714285,0.2265146523714065,0.0765146523714065
RYRVLGN,-3.790477991104126,-0.5027347803115845,0.7142857142857143,0.1428571428571428,0.1974653005599975,0.0974653005599975
RHTRGDT,-1.5143311023712158,-1.286051630973816,0.5714285714285714,0.2857142857142857,0.4147742092609405,0.2647742092609405
IYHRWAN,-2.8730788230895996,1.4598978757858276,0.7142857142857143,0.1428571428571428,0.3010770976543426,0.2010770976543426
PYHRAYN,-2.597108840942383,1.1307024955749512,0.5714285714285714,0.2857142857142857,0.3322453796863556,0.1822453796863556
YMVRDTQ,0.28922468423843384,-2.0893733501434326,0.5714285714285714,0.4285714285714285,0.3229605555534363,0.1729605555534362
QYARSSN,1.458622694015503,1.1071043014526367,0.5714285714285714,0.1428571428571428,0.6882940530776978,0.5382940530776977
WDSMAIR,-2.602759838104248,-2.5832107067108154,0.5714285714285714,0.4285714285714285,0.266518622636795,0.116518622636795
YYHRFWN,-3.3912713527679443,1.2495478391647339,0.7142857142857143,0.2857142857142857,0.2425520271062851,0.1425520271062851
YLHRPFE,-1.341003179550171,-0.08364982903003693,0.5714285714285714,0.4285714285714285,0.4741109013557434,0.3241109013557434
IYHRLIN,-2.7478749752044678,1.271501064300537,0.7142857142857143,0.1428571428571428,0.3152177333831787,0.2152177333831787
FYFIVVD,-3.8409042358398438,-0.05605491250753403,0.7142857142857143,0.5714285714285714,0.1917701214551925,0.0917701214551925
YSDREHQ,0.6497825980186462,-3.3179574012756348,0.7142857142857143,0.2857142857142857,0.1825425624847412,0.0825425624847412
MISFNGV,-1.246744990348816,-3.062345266342163,0.5714285714285714,0.2857142857142857,0.2117571234703064,0.0617571234703064
YYSTWNN,-2.763247489929199,0.9965342283248901,0.5714285714285714,0.1428571428571428,0.3134815394878387,0.1634815394878387
KPVRSNV,-2.3666653633117676,-0.22267356514930725,0.5714285714285714,0.2857142857142857,0.358271837234497,0.208271837234497
VYRSGSN,2.056274890899658,-1.0326697826385498,0.4285714285714285,0.2857142857142857,0.4437338709831238,0.2437338709831238
YSHSSNQ,0.932953953742981,-1.7596995830535889,0.5714285714285714,0.1428571428571428,0.3606397807598114,0.2106397807598114
AYTILCG,-3.7548108100891113,-0.2536683976650238,0.7142857142857143,0.4285714285714285,0.2014935910701751,0.1014935910701751
TYSRLSV,0.5980578660964966,3.4475395679473877,0.5714285714285714,0.2857142857142857,0.6931100487709045,0.5431100487709045
GYTRASQ,0.600168764591217,-1.114904761314392,0.5714285714285714,0.2857142857142857,0.4343350231647491,0.2843350231647491
YAGRTTN,2.7168803215026855,-1.6949678659439087,0.4285714285714285,0.4285714285714285,0.368038147687912,0.168038147687912
NYSRMEW,-2.5787153244018555,0.7001182436943054,0.7142857142857143,0.4285714285714285,0.3343227505683899,0.2343227505683899
YFPPSPN,-1.3073607683181763,-2.040013313293457,0.4285714285714285,0.2857142857142857,0.3286020159721374,0.1286020159721374
HYSKSPI,0.9048424363136292,-0.465223103761673,0.2857142857142857,0.2857142857142857,0.5085887312889099,0.2585887312889099
QYVLSYQ,-3.7852673530578613,0.25564125180244446,0.7142857142857143,0.4285714285714285,0.1980538070201873,0.0980538070201873
WQAKSNI,1.4444184303283691,-2.3383238315582275,0.5714285714285714,0.4285714285714285,0.2945073544979095,0.1445073544979095
IEHSSTN,0.20359744131565094,-4.725036144256592,0.5714285714285714,0.2857142857142857,0.0217239800840616,0.0
PYCHLTN,-4.306302547454834,-0.022640295326709747,0.7142857142857143,0.1428571428571428,0.1392076760530471,0.0392076760530471
NYHRSEN,0.7356020212173462,0.28675559163093567,0.5714285714285714,0.1428571428571428,0.5945343375205994,0.4445343375205993
AFTQANF,-1.6306850910186768,-3.7509632110595703,0.7142857142857143,0.5714285714285714,0.1330532431602478,0.0330532431602478
YQHWSNN,-1.2960569858551025,-0.400397926568985,0.4285714285714285,0.1428571428571428,0.4791872203350067,0.2791872203350067
RSRHSPN,-3.8858025074005127,1.1141756772994995,0.4285714285714285,0.2857142857142857,0.1866992861032486,0.0
TYHRSGL,0.21970035135746002,1.4396551847457886,0.4285714285714285,0.2857142857142857,0.6503780484199524,0.4503780484199524
DHGLVNG,0.317001610994339,-4.907702922821045,0.5714285714285714,0.5714285714285714,0.0008465317660011,0.0
MSMYGYN,-3.2234134674072266,-1.1024614572525024,0.5714285714285714,0.4285714285714285,0.2615100145339966,0.1115100145339965
YANELQQ,-0.27559617161750793,-4.095717430114746,0.7142857142857143,0.5714285714285714,0.0936504080891609,0.0
NHHRRNN,-2.6722426414489746,0.38679471611976624,0.5714285714285714,0.2857142857142857,0.3237597048282623,0.1737597048282623
YYMKDNY,-0.944991946220398,-0.7959235906600952,0.7142857142857143,0.4285714285714285,0.4707921743392944,0.3707921743392944
QYHSGMT,0.6466204524040222,-2.8740015029907227,0.7142857142857143,0.2857142857142857,0.2332834154367447,0.1332834154367447
YGRAGLF,-1.486509919166565,-2.1334166526794434,0.5714285714285714,0.4285714285714285,0.3179267346858978,0.1679267346858978
YYHRNNH,-1.507217288017273,0.11081087589263916,0.7142857142857143,0.1428571428571428,0.455338567495346,0.3553385674953461
TYDHRGN,0.9366660714149475,-2.6154625415802,0.7142857142857143,0.2857142857142857,0.2628324925899505,0.1628324925899505
MLSRELE,0.4117974638938904,-3.9330620765686035,0.7142857142857143,0.2857142857142857,0.1122407019138336,0.0122407019138336
MYRASNN,2.2886219024658203,-1.6656888723373413,0.4285714285714285,0.2857142857142857,0.3713845014572143,0.1713845014572143
IYHISQD,-0.3782770037651062,-1.4940067529678345,0.5714285714285714,0.2857142857142857,0.3910064995288849,0.2410064995288849
VYSDCIN,-4.090340614318848,1.188823938369751,0.7142857142857143,0.4285714285714285,0.1635985821485519,0.0635985821485519
THDHCSE,-3.909679651260376,-1.3210982084274292,0.7142857142857143,0.5714285714285714,0.1840025782585144,0.0840025782585144
FGTSSLQ,0.27661147713661194,-4.531754970550537,0.5714285714285714,0.5714285714285714,0.0438145734369754,0.0
HYSRDNN,0.405531644821167,-0.11094086617231369,0.7142857142857143,0.1428571428571428,0.5490806102752686,0.4490806102752686
VWHRQNW,-1.9819635152816772,1.5152616500854492,0.7142857142857143,0.2857142857142857,0.4017203450202942,0.3017203450202942
INHRSNA,1.722521424293518,-2.7504990100860596,0.7142857142857143,0.2857142857142857,0.2473988234996795,0.1473988234996796
QYDRGSD,0.12602873146533966,-1.8243910074234009,0.5714285714285714,0.2857142857142857,0.3532460629940033,0.2032460629940033
AYRSWWF,-4.82658576965332,0.8673354387283325,0.7142857142857143,0.4285714285714285,0.0804464668035507,0.0
HHNANYM,0.1709469109773636,-2.1761839389801025,0.7142857142857143,0.7142857142857143,0.3130387365818023,0.2130387365818024
YANSGNN,0.9488012194633484,-2.3840222358703613,0.2857142857142857,0.2857142857142857,0.2892843782901764,0.0392843782901763
LYETCQL,-4.428610324859619,-0.6351085305213928,0.7142857142857143,0.1428571428571428,0.1253941357135772,0.0253941357135772
FYVRMNY,-2.815660238265991,0.27082180976867676,0.7142857142857143,0.2857142857142857,0.307561993598938,0.207561993598938
NYSRSPV,1.296065330505371,-0.06735339015722275,0.5714285714285714,0.2857142857142857,0.5540623068809509,0.4040623068809509
FYGDMVN,-2.8043508529663086,-1.276716709136963,0.7142857142857143,0.5714285714285714,0.3088392913341522,0.2088392913341522
QYSRLGE,0.927726686000824,1.921929121017456,0.7142857142857143,0.2857142857142857,0.7303431034088135,0.6303431034088135
YYSRAIN,-0.6787322759628296,-0.051147252321243286,0.5714285714285714,0.1428571428571428,0.5489083528518677,0.3989083528518676
YHMVINW,-3.515777349472046,-0.2569633722305298,0.5714285714285714,0.4285714285714285,0.2284902185201645,0.0784902185201645
YYHGPPT,-1.4059377908706665,-1.6117786169052124,0.5714285714285714,0.4285714285714285,0.3775460422039032,0.2275460422039032
SYWCPCN,-4.79250431060791,1.6190117597579956,0.8571428571428571,0.4285714285714285,0.0842956602573394,0.0342956602573394
HPSRSVQ,1.0815693140029907,-2.2539145946502686,0.5714285714285714,0.4285714285714285,0.3041547238826751,0.1541547238826751
YYSRSIN,-0.6108130812644958,0.9872986674308777,0.5714285714285714,0.1428571428571428,0.5565791726112366,0.4065791726112365
QYSRDED,0.5334216356277466,0.8075637817382812,0.7142857142857143,0.2857142857142857,0.6540588140487671,0.5540588140487671
ESTSTQL,-1.3606102466583252,-4.714395046234131,0.5714285714285714,0.5714285714285714,0.0229401774704456,0.0
DYHVLNN,-0.5981560945510864,-3.0281996726989746,0.7142857142857143,0.2857142857142857,0.2156597077846527,0.1156597077846527
VYTYSKQ,-0.11565947532653809,-0.5519386529922485,0.4285714285714285,0.4285714285714285,0.4986778497695923,0.2986778497695923
HSSVQGN,-0.4251510798931122,-3.780766725540161,0.7142857142857143,0.2857142857142857,0.1296469122171402,0.0296469122171402
YDRLQNN,1.3164020776748657,-1.9431939125061035,0.2857142857142857,0.2857142857142857,0.3396677672863006,0.0896677672863006
YSRLEMN,1.6259675025939941,2.7025163173675537,0.1428571428571428,0.2857142857142857,0.8092029690742493,0.5092029690742492
IYHRSEN,0.7110471725463867,1.5264701843261719,0.5714285714285714,0.0,0.7058711647987366,0.5558711647987366
YMSRKTF,-2.5127992630004883,-0.14485691487789154,0.5714285714285714,0.2857142857142857,0.3417673707008362,0.1917673707008362
ILKRVPL,-2.390962839126587,-1.5582164525985718,0.7142857142857143,0.4285714285714285,0.3555276691913605,0.2555276691913605
LYSGSNM,0.1195213794708252,-3.368678569793701,0.5714285714285714,0.4285714285714285,0.176745519042015,0.026745519042015
LMSRTTI,1.3211413621902466,-2.625680685043335,0.7142857142857143,0.0,0.2616646289825439,0.1616646289825439
IMTRSMN,0.9635918140411377,-1.471498727798462,0.5714285714285714,0.2857142857142857,0.3935790061950683,0.2435790061950683
RYRPYNN,-3.7739036083221436,-0.06900451332330704,0.5714285714285714,0.4285714285714285,0.1993372291326522,0.0493372291326522
EYHWSHN,-2.9177942276000977,-0.20928187668323517,0.5714285714285714,0.2857142857142857,0.2960269153118133,0.1460269153118133
KYLSSVN,0.43804362416267395,-1.7653847932815552,0.5714285714285714,0.2857142857142857,0.3599900305271148,0.2099900305271148
QITRKSN,-2.846215009689331,0.1743212789297104,0.7142857142857143,0.2857142857142857,0.304111123085022,0.204111123085022
YYRRETG,-0.7811932563781738,0.6354577541351318,0.5714285714285714,0.4285714285714285,0.5373362898826599,0.3873362898826599
QSQRNFN,0.845217227935791,-2.850961208343506,0.5714285714285714,0.2857142857142857,0.2359167486429214,0.0859167486429214
FVRGQMY,-2.862351894378662,-0.28392040729522705,0.7142857142857143,0.2857142857142857,0.3022885918617248,0.2022885918617248
GYSRSNW,-1.6660988330841064,0.6360083222389221,0.5714285714285714,0.1428571428571428,0.437394380569458,0.287394380569458
VQRVIEA,0.7239786982536316,-3.801413059234619,0.7142857142857143,0.2857142857142857,0.1272871941328048,0.0272871941328048
SYSRNMN,1.271793007850647,0.5143754482269287,0.5714285714285714,0.2857142857142857,0.6205496191978455,0.4705496191978454
ACHTSMN,-3.81052303314209,-0.6090749502182007,0.7142857142857143,0.1428571428571428,0.1952013969421386,0.0952013969421386
TDVRANY,0.40514692664146423,-3.364480495452881,0.7142857142857143,0.2857142857142857,0.1772253215312957,0.0772253215312957
IHHEENQ,-0.33936750888824463,-4.22575044631958,0.7142857142857143,0.4285714285714285,0.0787886008620262,0.0
IHGRPAN,1.3136311769485474,-1.9631400108337402,0.5714285714285714,0.2857142857142857,0.3373880684375763,0.1873880684375763
NYSRLAW,-3.8075807094573975,-0.7005804181098938,0.7142857142857143,0.4285714285714285,0.1955337077379226,0.0955337077379226
IYDRNQH,0.2020249366760254,-1.5370254516601562,0.5714285714285714,0.4285714285714285,0.3860897719860077,0.2360897719860077
QQARSTN,1.8323975801467896,-2.598322629928589,0.7142857142857143,0.2857142857142857,0.2647914588451385,0.1647914588451385
YFSRNWA,-2.201171398162842,0.9374372363090515,0.7142857142857143,0.4285714285714285,0.3769628703594208,0.2769628703594208
TCTHSKN,-3.219564199447632,-0.9000444412231445,0.7142857142857143,0.4285714285714285,0.2619447708129883,0.1619447708129883
YSRRTNN,-1.73491632938385,0.804728627204895,0.4285714285714285,0.2857142857142857,0.429622083902359,0.229622083902359
VYSYTQL,-3.0871894359588623,1.2925686836242676,0.5714285714285714,0.4285714285714285,0.2768952846527099,0.1268952846527099
YYRSLVN,-2.4417171478271484,-0.3214876055717468,0.4285714285714285,0.1428571428571428,0.3497954308986664,0.1497954308986664
NSGLSQP,-0.30271708965301514,-4.381426811218262,0.5714285714285714,0.2857142857142857,0.0609959587454795,0.0
WYSRSNI,-1.4098907709121704,1.2229558229446411,0.4285714285714285,0.2857142857142857,0.466330736875534,0.2663307368755341
YFRSIPN,-1.0334551334381104,0.5879520773887634,0.4285714285714285,0.0,0.5088456869125366,0.3088456869125366
YSGRSKQ,-2.936171531677246,-0.49170365929603577,0.5714285714285714,0.4285714285714285,0.2939513623714447,0.1439513623714447
WYHRHGN,-2.3374533653259277,0.7136383056640625,0.7142857142857143,0.1428571428571428,0.3615710735321045,0.2615710735321045
YSRNQNA,2.8063547611236572,0.31597673892974854,0.4285714285714285,0.2857142857142857,0.5978740453720093,0.3978740453720093
FYMMQIT,-3.940748691558838,-0.24604344367980957,0.7142857142857143,0.2857142857142857,0.1804936081171035,0.0804936081171035
HYHWSWN,-3.8297104835510254,0.7124007344245911,0.5714285714285714,0.2857142857142857,0.1930343508720398,0.0430343508720398
HYSLCFA,-4.289522647857666,0.8501925468444824,0.7142857142857143,0.4285714285714285,0.1411028057336807,0.0411028057336807
YYISSPN,-2.198988676071167,-0.4035275876522064,0.2857142857142857,0.1428571428571428,0.3772093653678894,0.1272093653678894
LYHRGFF,-3.942006826400757,0.6390294432640076,0.5714285714285714,0.2857142857142857,0.1803515255451202,0.0303515255451202
SYANANN,0.7059844732284546,-2.8628697395324707,0.5714285714285714,0.2857142857142857,0.2345556914806366,0.0845556914806366
VYGRDQE,0.10514380782842636,-0.4555535614490509,0.4285714285714285,0.4285714285714285,0.5096939206123352,0.3096939206123352
SYHRAEH,0.03299646079540253,-0.15837684273719788,0.7142857142857143,0.2857142857142857,0.5436590313911438,0.4436590313911438
HAENSFY,-2.4384689331054688,-2.5428898334503174,0.7142857142857143,0.5714285714285714,0.2711269855499267,0.1711269855499267
EQRVSNV,1.3503121137619019,-4.271151065826416,0.5714285714285714,0.2857142857142857,0.0735996514558792,0.0
YYWRTNN,-1.981952428817749,1.3895691633224487,0.5714285714285714,0.2857142857142857,0.4017216265201568,0.2517216265201568
VSRAMGW,-1.8032231330871582,-1.5100442171096802,0.7142857142857143,0.4285714285714285,0.3891735374927521,0.2891735374927521
ASRAGQD,0.8291299939155579,-3.437913179397583,0.5714285714285714,0.2857142857142857,0.1688325107097625,0.0188325107097625
RMWSSGN,-2.287208318710327,-0.20626729726791382,0.5714285714285714,0.4285714285714285,0.3672457933425903,0.2172457933425903
YSGSGNQ,1.0971068143844604,-3.056997537612915,0.5714285714285714,0.2857142857142857,0.2123683243989944,0.0623683243989944
HERVNNN,1.131280779838562,-4.328161716461182,0.5714285714285714,0.2857142857142857,0.0670837610960006,0.0
KYRLGAN,-3.063375234603882,-0.3404363989830017,0.5714285714285714,0.4285714285714285,0.2795848846435547,0.1295848846435547
YYWRQDN,-2.663207530975342,1.8824392557144165,0.7142857142857143,0.2857142857142857,0.324780136346817,0.224780136346817
YLSQTCN,-3.9165103435516357,-0.7129416465759277,0.7142857142857143,0.4285714285714285,0.1832311153411865,0.0832311153411865
TYDDQPN,-1.2679800987243652,-2.692173957824707,0.7142857142857143,0.2857142857142857,0.2540649473667145,0.1540649473667145
SARAGNN,1.9969230890274048,-3.210904598236084,0.4285714285714285,0.1428571428571428,0.1947779059410095,0.0
LSRSDSN,0.537556529045105,-2.6075170040130615,0.4285714285714285,0.2857142857142857,0.263740599155426,0.063740599155426
VYMLLNY,-3.736109733581543,0.30347320437431335,0.7142857142857143,0.4285714285714285,0.2036056965589523,0.1036056965589523
LSSRSEI,1.0105019807815552,-2.9419639110565186,0.5714285714285714,0.2857142857142857,0.2255158126354217,0.0755158126354217
YQGSDNW,-1.1843888759613037,-0.314193993806839,0.7142857142857143,0.4285714285714285,0.4917990565299988,0.3917990565299988
HYSWSPK,-2.1216468811035156,0.35147351026535034,0.5714285714285714,0.2857142857142857,0.3859444260597229,0.2359444260597229
WYNRYNN,-2.1488211154937744,-0.41970089077949524,0.7142857142857143,0.2857142857142857,0.3828753530979156,0.2828753530979156
VVSRGNP,2.5422964096069336,-3.8396100997924805,0.5714285714285714,0.2857142857142857,0.1229215636849403,0.0
NYNLSAD,-0.16447022557258606,-2.101130723953247,0.7142857142857143,0.4285714285714285,0.3216167688369751,0.2216167688369751
SYGTRIP,1.4787389039993286,-1.882006287574768,0.7142857142857143,0.2857142857142857,0.3466610610485077,0.2466610610485077
IYHRTNG,0.8548460602760315,1.2010589838027954,0.5714285714285714,0.1428571428571428,0.6990323662757874,0.5490323662757873
GPWRIGN,-2.4612438678741455,0.07932815700769424,0.7142857142857143,0.4285714285714285,0.3475900590419769,0.2475900590419769
PQVGYIN,-0.9843189716339111,-3.305755853652954,0.7142857142857143,0.5714285714285714,0.1839371174573898,0.0839371174573898
YYLRGEN,-1.3537437915802002,1.7413067817687988,0.4285714285714285,0.1428571428571428,0.4726720452308655,0.2726720452308655
GYRSVAN,1.1283293962478638,-2.432934045791626,0.5714285714285714,0.4285714285714285,0.2836941182613373,0.1336941182613372
QDSRFGN,0.20162628591060638,-3.96712327003479,0.7142857142857143,0.4285714285714285,0.1083477586507797,0.0083477586507797
YYTRSIN,-1.0714479684829712,0.24995626509189606,0.4285714285714285,0.1428571428571428,0.5045547485351562,0.3045547485351563
CFYRKFN,-5.538874626159668,1.586356282234192,0.7142857142857143,0.5714285714285714,0.0,0.0
YHGRNVN,1.646231770515442,-0.2983095049858093,0.4285714285714285,0.1428571428571428,0.5276657938957214,0.3276657938957215
QYHRNNH,-0.6848433613777161,-0.009358188137412071,0.7142857142857143,0.1428571428571428,0.5482181310653687,0.4482181310653687
YYSGRNN,0.6918483376502991,-1.0848917961120605,0.5714285714285714,0.2857142857142857,0.4377652704715729,0.2877652704715728
DHARSNI,0.3076479136943817,-3.070175886154175,0.5714285714285714,0.2857142857142857,0.2108621448278427,0.0608621448278427
FYHSSKE,1.1073832511901855,-0.9401644468307495,0.5714285714285714,0.2857142857142857,0.4543065130710602,0.3043065130710601
YVVPQQN,-0.6416698098182678,-2.975348472595215,0.7142857142857143,0.4285714285714285,0.2217002063989639,0.1217002063989639
YYYYENN,-3.434170961380005,0.21750305593013763,0.5714285714285714,0.4285714285714285,0.2377068996429443,0.0877068996429443
MYCRHMN,-4.426836013793945,-0.1697068065404892,0.5714285714285714,0.1428571428571428,0.1255945265293121,0.0
YTRSANV,2.3438193798065186,-1.8147417306900024,0.5714285714285714,0.2857142857142857,0.3543488979339599,0.2043488979339599
YSWDSLR,-2.3525643348693848,1.284017562866211,0.5714285714285714,0.5714285714285714,0.3598644137382507,0.2098644137382507
YSRQWPN,-1.6494909524917603,2.3724169731140137,0.2857142857142857,0.2857142857142857,0.4392701089382171,0.1892701089382171
VYHMDGF,-2.6254963874816895,-0.7303751111030579,0.7142857142857143,0.2857142857142857,0.3290392458438873,0.2290392458438873
VYSCSQP,-3.1140379905700684,-0.8504564166069031,0.2857142857142857,0.4285714285714285,0.2738629877567291,0.0238629877567291
RYRSFNN,-4.158783912658691,0.5049598217010498,0.5714285714285714,0.1428571428571428,0.1558685451745987,0.0058685451745986
TYHRSSN,0.8401370048522949,1.5051493644714355,0.4285714285714285,0.1428571428571428,0.7204506397247314,0.5204506397247315
SASRSTT,1.400276780128479,-3.259613275527954,0.5714285714285714,0.4285714285714285,0.1892108619213104,0.0392108619213104
YYSRAWN,-2.907222270965576,1.4149214029312134,0.5714285714285714,0.1428571428571428,0.297220915555954,0.1472209155559539
DHHRWLH,-2.959005832672119,-0.03546879440546036,0.7142857142857143,0.5714285714285714,0.2913724482059479,0.1913724482059479
IYSRPMN,0.1112828478217125,1.8322129249572754,0.5714285714285714,0.2857142857142857,0.6381332874298096,0.4881332874298095
YHFRFGN,-2.055737018585205,-0.11520932614803314,0.5714285714285714,0.2857142857142857,0.3933883309364319,0.2433883309364319
FYSTKNN,1.3061237335205078,-2.8041093349456787,0.7142857142857143,0.2857142857142857,0.2412715554237365,0.1412715554237366
YLIVQED,-2.3857204914093018,-4.227614879608154,0.5714285714285714,0.4285714285714285,0.0785755142569542,0.0
VYRKHFN,-3.3436553478240967,0.9202980995178223,0.7142857142857143,0.1428571428571428,0.2479298114776611,0.1479298114776611
QYSWSAL,-4.007033824920654,-0.09507497400045395,0.5714285714285714,0.2857142857142857,0.1730073243379593,0.0230073243379592
VSASSTN,0.4645151197910309,-4.398715972900391,0.5714285714285714,0.1428571428571428,0.0590199381113052,0.0
YSRINNV,2.0994040966033936,0.7720175385475159,0.4285714285714285,0.2857142857142857,0.6499961614608765,0.4499961614608765
QYSRANN,1.5575484037399292,1.6717592477798462,0.7142857142857143,0.1428571428571428,0.752829909324646,0.652829909324646
QYLRSED,0.4193798899650574,0.059512924402952194,0.5714285714285714,0.2857142857142857,0.5685622096061707,0.4185622096061706
YYHRSNN,-0.9529139399528503,1.031571388244629,0.4285714285714285,0.0,0.5179420709609985,0.3179420709609986
GYHSHNN,0.1237078607082367,-1.6435106992721558,0.7142857142857143,0.1428571428571428,0.3739193081855774,0.2739193081855774
MYQRSNN,1.2614198923110962,-0.8047268986701965,0.5714285714285714,0.1428571428571428,0.4697860181331634,0.3197860181331634
GQLQSCQ,-4.039371967315674,-0.986375629901886,0.7142857142857143,0.5714285714285714,0.1693550199270248,0.0693550199270248
YYSVQGN,-1.1093343496322632,-1.1881396770477295,0.7142857142857143,0.2857142857142857,0.4259648323059082,0.3259648323059082
YKYDACE,-3.824293851852417,-1.761830449104309,0.7142857142857143,0.5714285714285714,0.1936461180448532,0.0936461180448532
SHHLSNV,0.11585144698619843,-2.9009437561035156,0.4285714285714285,0.4285714285714285,0.2302041053771972,0.0302041053771972
EYGGSPY,-1.8028812408447266,-3.592918634414673,0.7142857142857143,0.4285714285714285,0.1511165499687194,0.0511165499687194
QYNIMNN,-0.6217771172523499,-3.3381495475769043,0.7142857142857143,0.4285714285714285,0.1802347600460052,0.0802347600460052
YVRLGQI,-1.5511252880096436,-0.4675452411174774,0.4285714285714285,0.2857142857142857,0.4503795802593231,0.2503795802593231
ESMRTWT,-2.440363645553589,-1.0581164360046387,0.4285714285714285,0.2857142857142857,0.3499482870101928,0.1499482870101929
IYSREND,0.16501197218894958,-0.311130166053772,0.5714285714285714,0.1428571428571428,0.5262004733085632,0.3762004733085632
FSSSGCN,-3.8330228328704834,-0.7625293731689453,0.5714285714285714,0.4285714285714285,0.1926602572202682,0.0426602572202682
YSHRQLA,0.5269041657447815,-0.5604762434959412,0.5714285714285714,0.4285714285714285,0.4977020621299743,0.3477020621299743
ISSVSAN,0.5868229866027832,-4.297415733337402,0.5714285714285714,0.1428571428571428,0.0705977976322174,0.0
YSCSMLN,-3.1477696895599365,-1.0488213300704956,0.5714285714285714,0.2857142857142857,0.2700532972812652,0.1200532972812652
CSRTSNN,-3.377666711807251,-0.010815846733748913,0.4285714285714285,0.1428571428571428,0.2440885454416275,0.0440885454416275
MTFKTWN,-1.821711540222168,-0.5971482396125793,0.5714285714285714,0.1428571428571428,0.4198193550109863,0.2698193550109863
NSHFFES,-2.930774450302124,-1.1887222528457642,0.7142857142857143,0.4285714285714285,0.2945609092712402,0.1945609092712402
YHPRSIN,0.28607600927352905,-0.790113627910614,0.4285714285714285,0.0,0.471456229686737,0.2714562296867371
IYHRWNN,-1.9866547584533691,1.1060973405838013,0.7142857142857143,0.1428571428571428,0.4011905491352081,0.3011905491352081
SSSRFWV,-3.3042984008789062,0.9062819480895996,0.4285714285714285,0.4285714285714285,0.2523748278617859,0.0523748278617859
FYHPGNS,-1.2931742668151855,-1.8582459688186646,0.7142857142857143,0.2857142857142857,0.3493766784667969,0.2493766784667969
NSSRGQE,0.5983471274375916,-4.007084369659424,0.7142857142857143,0.4285714285714285,0.1037805005908012,0.0024394128471613
QWARSAN,-0.7361985445022583,0.35738715529441833,0.7142857142857143,0.2857142857142857,0.5424180626869202,0.4424180626869202
KISRSTN,-3.335437297821045,-0.08649779856204987,0.7142857142857143,0.2857142857142857,0.2488579601049423,0.1488579601049423
PYHSSYN,-1.4512975215911865,-1.0014760494232178,0.5714285714285714,0.2857142857142857,0.447299063205719,0.2972990632057189
PTYEDNN,-1.2936428785324097,-3.9270718097686768,0.7142857142857143,0.5714285714285714,0.1129253432154655,0.0129253432154655
RYHHSEG,0.6947472095489502,-0.8627758026123047,0.5714285714285714,0.1428571428571428,0.4631514847278595,0.3131514847278595
RYKRSMN,-4.195409774780273,0.4894399642944336,0.5714285714285714,0.2857142857142857,0.1517319828271865,0.0017319828271865
YVTRSEN,0.8151082396507263,-0.2892228066921234,0.5714285714285714,0.2857142857142857,0.5287042856216431,0.378704285621643
VYTRVSN,0.8217180967330933,2.377210855484009,0.4285714285714285,0.1428571428571428,0.7183704376220703,0.5183704376220704
YVQRSNA,2.108722686767578,-0.6690191030502319,0.5714285714285714,0.2857142857142857,0.4852963984012604,0.3352963984012603
NYRSDTN,0.6491349339485168,-2.2670345306396484,0.4285714285714285,0.2857142857142857,0.3026551902294159,0.1026551902294159
RYGEPAL,-0.5362660884857178,-3.518882989883423,0.5714285714285714,0.2857142857142857,0.1595782786607742,0.0095782786607742
SFSSSNQ,0.08823245763778687,-4.135847568511963,0.5714285714285714,0.4285714285714285,0.0890638306736946,0.0
AYKSHNN,1.3803738355636597,-1.5706150531768799,0.5714285714285714,0.2857142857142857,0.3822507560253143,0.2322507560253143
CYRGQNG,-3.1206576824188232,-0.06668954342603683,0.5714285714285714,0.4285714285714285,0.273115336894989,0.123115336894989
SYHFSTF,-3.3826894760131836,0.22249726951122284,0.4285714285714285,0.2857142857142857,0.2435212731361389,0.0435212731361389
IYHNTAF,-1.8670519590377808,-1.5383750200271606,0.7142857142857143,0.2857142857142857,0.3859355449676513,0.2859355449676514
YSGVALR,-0.6419452428817749,-2.490114450454712,0.5714285714285714,0.4285714285714285,0.2771588265895843,0.1271588265895843
QAHRDSN,1.1225471496582031,-2.8281631469726562,0.7142857142857143,0.2857142857142857,0.2385223954916,0.1385223954916
SYSRLQY,-2.0739943981170654,2.0115480422973633,0.5714285714285714,0.1428571428571428,0.3913263380527496,0.2413263380527496
NYERCNN,-3.378645420074463,-0.9801165461540222,0.7142857142857143,0.2857142857142857,0.2439780086278915,0.1439780086278915
SYSRSPD,1.2529587745666504,0.31131434440612793,0.5714285714285714,0.2857142857142857,0.5973412394523621,0.447341239452362
DSDGSLD,-1.2459644079208374,-3.7284162044525146,0.5714285714285714,0.5714285714285714,0.135630190372467,0.0
YYSRSNG,1.088923692703247,0.2793595790863037,0.5714285714285714,0.1428571428571428,0.5936890244483948,0.4436890244483947
YSRSAPM,2.1747894287109375,-0.2956891357898712,0.2857142857142857,0.2857142857142857,0.527965247631073,0.277965247631073
HSRVLGC,-3.7548482418060303,-0.4653020203113556,0.7142857142857143,0.2857142857142857,0.2014893591403961,0.1014893591403961
GYHRFNN,-1.7214499711990356,-0.5288925170898438,0.7142857142857143,0.1428571428571428,0.4311429858207702,0.3311429858207703
SCLRSEQ,-4.062525272369385,1.0640716552734375,0.7142857142857143,0.4285714285714285,0.1667400747537613,0.0667400747537613
CVWRAHN,-4.2534966468811035,1.028305172920227,0.7142857142857143,0.4285714285714285,0.1451716125011444,0.0451716125011444
IYWDQNN,-3.086256742477417,0.15251921117305756,0.7142857142857143,0.2857142857142857,0.2770006060600281,0.1770006060600281
VSRSANW,0.6190603375434875,-1.5377753973007202,0.5714285714285714,0.2857142857142857,0.3860040605068207,0.2360040605068206
SECRSTN,-3.7061240673065186,0.18842332065105438,0.7142857142857143,0.2857142857142857,0.2069922983646392,0.1069922983646392
TYSRLNN,0.22922207415103912,3.4076387882232666,0.7142857142857143,0.1428571428571428,0.65145343542099,0.55145343542099
VYSRHSN,0.29040539264678955,2.136561155319214,0.5714285714285714,0.1428571428571428,0.6583635210990906,0.5083635210990906
YNRASNI,2.352304220199585,-2.9674072265625,0.4285714285714285,0.4285714285714285,0.2226078361272812,0.0226078361272812
SYGRHEY,-0.9286071062088013,-0.43854278326034546,0.7142857142857143,0.4285714285714285,0.5116381645202637,0.4116381645202637
AQNQSTN,0.2792670428752899,-4.811714172363281,0.7142857142857143,0.5714285714285714,0.0118173286318779,0.0
AYSRSTN,0.8336395025253296,1.3036577701568604,0.5714285714285714,0.1428571428571428,0.710758626461029,0.560758626461029
YVERAQN,1.4992738962173462,-2.3716683387756348,0.5714285714285714,0.1428571428571428,0.2906963229179382,0.1406963229179382
VYTRINQ,0.3437344431877136,1.9560787677764893,0.4285714285714285,0.2857142857142857,0.664386510848999,0.464386510848999
SDDRSNV,0.3010346591472626,-3.150831937789917,0.5714285714285714,0.2857142857142857,0.2016437649726867,0.0516437649726867
TYVRGNN,0.7208706140518188,1.0352274179458618,0.5714285714285714,0.2857142857142857,0.6800790429115295,0.5300790429115295
QMHYEEN,-1.1731674671173096,-2.438223361968994,0.8571428571428571,0.4285714285714285,0.2830896079540252,0.2330896079540252
LSHTTQP,0.6197651624679565,-4.232198715209961,0.5714285714285714,0.4285714285714285,0.0780516117811203,0.0
RNCRIAN,-4.194985866546631,-0.1554187387228012,0.7142857142857143,0.4285714285714285,0.1517798602581024,0.0517798602581024
VILILNM,-2.292140483856201,-2.6453874111175537,0.7142857142857143,0.5714285714285714,0.2594122886657715,0.1594122886657715
CSWKFMN,-3.955930233001709,0.16172002255916595,0.5714285714285714,0.5714285714285714,0.1787790060043335,0.0287790060043335
TYSRGTG,1.8892526626586914,0.7993036508560181,0.5714285714285714,0.1428571428571428,0.6531147360801697,0.5031147360801697
VYYTPRE,-0.8017479777336121,-0.017459629103541374,0.5714285714285714,0.5714285714285714,0.5350148677825928,0.3850148677825927
TYHEAFN,-1.6742256879806519,-1.4900906085968018,0.5714285714285714,0.4285714285714285,0.3914540708065033,0.2414540708065033
KSGSPSV,0.4221191108226776,-4.5288872718811035,0.5714285714285714,0.4285714285714285,0.0441423319280147,0.0
VENHHEQ,-0.5346372127532959,-4.273557662963867,0.7142857142857143,0.5714285714285714,0.0733245983719825,0.0
YYSRRFN,-2.6857712268829346,0.18003250658512115,0.7142857142857143,0.2857142857142857,0.3222317695617676,0.2222317695617676
RPSRKEN,-1.9483221769332886,-1.2283759117126465,0.7142857142857143,0.4285714285714285,0.4055198431015014,0.3055198431015015
IHLCQNT,-3.7723605632781982,-0.6714749336242676,0.5714285714285714,0.2857142857142857,0.1995114982128143,0.0495114982128143
LSRRSCM,-4.055277347564697,0.12697923183441162,0.4285714285714285,0.4285714285714285,0.1675586551427841,0.0
SYHFSNS,-1.5857231616973877,-0.822945773601532,0.5714285714285714,0.2857142857142857,0.4464720785617828,0.2964720785617828
HYFKITI,-1.8034746646881104,-1.208118200302124,0.5714285714285714,0.5714285714285714,0.4218790531158447,0.2718790531158447
EMWVFAN,-4.804412364959717,-0.6962406039237976,0.7142857142857143,0.4285714285714285,0.0829507485032081,0.0
MTYRSPD,0.7110674381256104,-1.9656649827957153,0.7142857142857143,0.2857142857142857,0.3370994925498962,0.2370994925498962
AFRRSVI,-3.7344281673431396,-0.5598898530006409,0.5714285714285714,0.2857142857142857,0.2037956118583679,0.0537956118583679
HVRGFAQ,-0.9652151465415955,-1.7361079454421997,0.7142857142857143,0.4285714285714285,0.3633361458778381,0.2633361458778381
MYCFLIP,-4.599327087402344,0.7945391535758972,0.7142857142857143,0.2857142857142857,0.1061132475733757,0.0061132475733757
HRTRNNN,-4.099229335784912,-0.0796913206577301,0.7142857142857143,0.2857142857142857,0.1625946909189224,0.0625946909189224
RTRTFRE,-3.0163209438323975,-0.7102807760238647,0.7142857142857143,0.5714285714285714,0.2848992049694061,0.1848992049694061
YYSRENG,0.48388907313346863,-1.3922889232635498,0.7142857142857143,0.2857142857142857,0.4026320874691009,0.302632087469101
SFYANQI,-2.547122001647949,-1.8028571605682373,0.5714285714285714,0.5714285714285714,0.3378909230232239,0.1878909230232238
AHSRINC,-3.745487689971924,-0.05187132954597473,0.7142857142857143,0.4285714285714285,0.202546551823616,0.102546551823616
YYHYGVN,-2.6746768951416016,0.749438464641571,0.5714285714285714,0.2857142857142857,0.3234847784042358,0.1734847784042358
YSRSFSN,0.30691197514533997,1.1364936828613281,0.4285714285714285,0.1428571428571428,0.6602277755737305,0.4602277755737305
YVAVHNN,-0.11296229064464569,-2.7309999465942383,0.5714285714285714,0.4285714285714285,0.249627411365509,0.099627411365509
YYLRLDN,-3.157200574874878,0.8865281343460083,0.5714285714285714,0.2857142857142857,0.268988162279129,0.118988162279129
STHRYAM,-0.8474326133728027,-0.9014842510223389,0.7142857142857143,0.4285714285714285,0.4587273597717285,0.3587273597717285
NGMMLGW,-3.988970994949341,-0.36588844656944275,0.7142857142857143,0.5714285714285714,0.1750473529100418,0.0750473529100418
IYHRFVN,-3.4916555881500244,1.6668232679367065,0.5714285714285714,0.1428571428571428,0.231214553117752,0.081214553117752
SKESFNN,0.1357937902212143,-4.309063911437988,0.7142857142857143,0.2857142857142857,0.0692664980888366,0.0
VYTRHFN,-1.7748816013336182,2.3378798961639404,0.4285714285714285,0.1428571428571428,0.4251083731651306,0.2251083731651306
NYMFGEN,-3.2373266220092773,-1.225484848022461,0.7142857142857143,0.4285714285714285,0.2599386572837829,0.1599386572837829
MIRRGSN,-2.728790521621704,-0.44376644492149353,0.5714285714285714,0.4285714285714285,0.317373126745224,0.167373126745224
MYMRGAN,0.606615424156189,-0.34508761763572693,0.5714285714285714,0.2857142857142857,0.5223193764686584,0.3723193764686584
YSRQLNH,0.5148805379867554,0.5201811790466309,0.5714285714285714,0.1428571428571428,0.6212131381034851,0.4712131381034851
SYHRNEC,-3.570115089416504,0.07624542713165283,0.7142857142857143,0.4285714285714285,0.2223532646894455,0.1223532646894455
TYHSDVV,-0.05221432074904442,-1.829055666923523,0.4285714285714285,0.2857142857142857,0.3527128994464874,0.1527128994464874
FSRVNEN,1.2634482383728027,-1.0356804132461548,0.4285714285714285,0.1428571428571428,0.4433897733688354,0.2433897733688354
TYRVNAL,0.49248063564300537,-2.183837652206421,0.7142857142857143,0.2857142857142857,0.3121639788150787,0.2121639788150787
IFFRQNN,-2.5275955200195312,0.440581351518631,0.7142857142857143,0.2857142857142857,0.3400962650775909,0.2400962650775909
VYRGQYT,-1.0537996292114258,-0.07304316759109497,0.7142857142857143,0.4285714285714285,0.5065479278564453,0.4065479278564453
YTHCFNN,-3.6538279056549072,-0.5189253091812134,0.5714285714285714,0.4285714285714285,0.2128986716270446,0.0628986716270446
CYHRSNI,-3.5495986938476562,1.6264023780822754,0.5714285714285714,0.2857142857142857,0.22467041015625,0.07467041015625
YKELSFL,-1.8075472116470337,-1.8471145629882812,0.5714285714285714,0.4285714285714285,0.3506489098072052,0.2006489098072052
VYQRMAN,0.45943713188171387,-1.010520339012146,0.5714285714285714,0.1428571428571428,0.4462653696537018,0.2962653696537017
YSRSMNN,1.8668876886367798,0.5302078127861023,0.4285714285714285,0.1428571428571428,0.6223590970039368,0.4223590970039368
YNCRSWN,-3.4646782875061035,0.519906222820282,0.5714285714285714,0.4285714285714285,0.2342613786458969,0.0842613786458969
YYHRSNN,-0.9529139399528503,1.031571388244629,0.4285714285714285,0.0,0.5179420709609985,0.3179420709609986
VYSRNVN,1.1627570390701294,2.513132095336914,0.5714285714285714,0.2857142857142857,0.7568876147270203,0.6068876147270202
YVGKCNA,-2.9240190982818604,-1.1326082944869995,0.7142857142857143,0.5714285714285714,0.2953238487243652,0.1953238487243652
YYRIVNL,-3.252650737762451,-0.36358729004859924,0.5714285714285714,0.4285714285714285,0.2582079470157623,0.1082079470157623
RSRSPGL,-3.76591157913208,-0.9577658176422119,0.7142857142857143,0.2857142857142857,0.2002398520708084,0.1002398520708084
YYSRTNL,-0.6449372172355652,-0.45202186703681946,0.5714285714285714,0.1428571428571428,0.5100975632667542,0.3600975632667541
IAKRFHM,-3.8540055751800537,-0.49603575468063354,0.7142857142857143,0.5714285714285714,0.1902904510498047,0.0902904510498047
SYHRAGG,0.6762723922729492,-0.285066694021225,0.5714285714285714,0.2857142857142857,0.5291793346405029,0.3791793346405029
WYTHCDN,-4.29644775390625,0.2843782305717468,0.7142857142857143,0.4285714285714285,0.140320673584938,0.040320673584938
APTFFPN,-2.210723400115967,-2.7479822635650635,0.7142857142857143,0.4285714285714285,0.2476864606142044,0.1476864606142044
WMRWPNN,-2.9231860637664795,1.039371371269226,0.5714285714285714,0.4285714285714285,0.2954179346561432,0.1454179346561432
IYIDFDS,-3.495610237121582,-0.3880624771118164,0.7142857142857143,0.1428571428571428,0.2307679057121276,0.1307679057121277
MYHRQNN,-0.03318742662668228,-0.17866887152194977,0.7142857142857143,0.1428571428571428,0.5413397550582886,0.4413397550582886
VREAVKE,1.7717347145080566,-4.500319957733154,0.7142857142857143,0.7142857142857143,0.0474073626101017,0.0
VERRSAN,1.135390043258667,-2.5844335556030273,0.5714285714285714,0.2857142857142857,0.2663788497447967,0.1163788497447967
LCENELN,-4.431251049041748,-0.8671073317527771,0.5714285714285714,0.2857142857142857,0.1250958889722824,0.0
YTIVKQT,1.1973665952682495,-3.0158379077911377,0.7142857142857143,0.5714285714285714,0.2170725613832473,0.1170725613832473
SYHRSSY,-1.8400219678878784,2.157942771911621,0.5714285714285714,0.1428571428571428,0.4177513420581817,0.2677513420581817
YSHRLSQ,0.13260331749916077,0.3367823362350464,0.7142857142857143,0.1428571428571428,0.6002520322799683,0.5002520322799683
IYSAVDN,-1.0340105295181274,-2.7463817596435547,0.5714285714285714,0.2857142857142857,0.24786938726902,0.09786938726902
VYTRSIL,-0.6765697002410889,3.834368944168091,0.2857142857142857,0.4285714285714285,0.5491525530815125,0.2991525530815124
QLSRQAH,0.9162126779556274,-2.373086929321289,0.7142857142857143,0.4285714285714285,0.2905341982841491,0.1905341982841492
KHVSSNN,0.15594105422496796,-3.2627055644989014,0.4285714285714285,0.4285714285714285,0.1888574361801147,0.0
YRTILVN,-1.229745864868164,-2.3885610103607178,0.5714285714285714,0.4285714285714285,0.2887656390666961,0.1387656390666961
ATSREWK,-0.9025301933288574,-1.176742434501648,0.7142857142857143,0.2857142857142857,0.4272674322128296,0.3272674322128296
WYARVNN,-2.021933078765869,0.305287629365921,0.7142857142857143,0.2857142857142857,0.39720618724823,0.29720618724823
YCFRACD,-3.8024933338165283,0.504362940788269,0.7142857142857143,0.4285714285714285,0.1961082816123962,0.0961082816123962
DQARWSN,-1.6641604900360107,-1.60450279712677,0.7142857142857143,0.1428571428571428,0.3783776462078094,0.2783776462078094
LYTDIDS,-1.34669029712677,-2.5630693435668945,0.5714285714285714,0.4285714285714285,0.2688206434249878,0.1188206434249878
VYSRTAK,-3.601820230484009,1.3159199953079224,0.4285714285714285,0.2857142857142857,0.2187724709510803,0.0187724709510803
MFSRSNN,1.5606473684310913,-0.6194051504135132,0.5714285714285714,0.1428571428571428,0.4909669160842895,0.3409669160842895
KCRETNR,-3.9991252422332764,-0.269379198551178,0.7142857142857143,0.4285714285714285,0.1739005148410797,0.0739005148410797
IHEVPIA,-0.5748313069343567,-3.85837721824646,0.7142857142857143,0.5714285714285714,0.1207766160368919,0.0207766160368919
NISRVWF,-4.297944068908691,-0.4335896074771881,0.5714285714285714,0.4285714285714285,0.1401516795158386,0.0
TKSWHNN,0.06803619861602783,-0.5392501950263977,0.7142857142857143,0.4285714285714285,0.5001280307769775,0.4001280307769775
YYSYDEI,-2.9844698905944824,0.6096304655075073,0.5714285714285714,0.4285714285714285,0.2884964942932129,0.1384964942932129
MYHRGAN,0.8620802760124207,0.3979303240776062,0.5714285714285714,0.1428571428571428,0.6072407364845276,0.4572407364845275
YGRVGNN,2.152606725692749,-0.8469057679176331,0.4285714285714285,0.1428571428571428,0.4649653136730194,0.2649653136730194
HYSRSWT,-4.154719352722168,1.5453510284423828,0.5714285714285714,0.2857142857142857,0.1563275903463363,0.0063275903463363
YTRRKNI,-3.0093066692352295,1.0482800006866455,0.5714285714285714,0.2857142857142857,0.2856914103031158,0.1356914103031158
IYSRSNN,1.209181785583496,3.098268508911133,0.4285714285714285,0.0,0.762130856513977,0.5621308565139771
YHHRKLD,-0.29818522930145264,0.6525824069976807,0.5714285714285714,0.4285714285714285,0.5918875932693481,0.4418875932693481
TYTRSYN,-1.310784935951233,1.2488174438476562,0.4285714285714285,0.1428571428571428,0.4775238335132599,0.2775238335132599
YYFRLGN,-3.8102385997772217,1.1509991884231567,0.5714285714285714,0.2857142857142857,0.1952335238456726,0.0452335238456726
IYSEWNM,-3.6789724826812744,1.2520805597305298,0.5714285714285714,0.4285714285714285,0.2100588232278823,0.0600588232278823
RYMRGCN,-4.900941371917725,0.8236641883850098,0.5714285714285714,0.2857142857142857,0.0720486864447593,0.0
ILSEANN,-0.7228022813796997,-4.915109634399414,0.7142857142857143,0.2857142857142857,0.0,0.0
YYHPAAN,-1.1844611167907715,-1.9375009536743164,0.5714285714285714,0.2857142857142857,0.3403184115886688,0.1903184115886688
YSRRASN,-2.565019130706787,0.8759705424308777,0.2857142857142857,0.1428571428571428,0.3358696103096008,0.0858696103096008
QYMRFDN,-2.9712350368499756,-0.5907424688339233,0.7142857142857143,0.4285714285714285,0.2899912595748901,0.1899912595748901
IYSYLNY,-3.487468957901001,1.1351423263549805,0.5714285714285714,0.2857142857142857,0.231687381863594,0.081687381863594
ISISQNN,0.6065182089805603,-4.880725860595703,0.7142857142857143,0.2857142857142857,0.0039298082701861,0.0
LYTFGKN,-0.5977174043655396,-1.8541699647903442,0.5714285714285714,0.4285714285714285,0.3498425483703613,0.1998425483703613
VYHRANN,0.8740494847297668,1.5839598178863525,0.5714285714285714,0.0,0.7242807745933533,0.5742807745933532
IYRRACN,-4.506940841674805,1.0946862697601318,0.5714285714285714,0.2857142857142857,0.1165474206209182,0.0
GYHIFLN,-4.024202346801758,-0.023479370400309563,0.7142857142857143,0.4285714285714285,0.1710682958364486,0.0710682958364486
YSRSGNN,2.8404319286346436,2.65136456489563,0.2857142857142857,0.0,0.8647914528846741,0.6147914528846741
RYHRGQN,-4.375527381896973,1.0430655479431152,0.5714285714285714,0.2857142857142857,0.1313893646001815,0.0
YYFASGN,-2.2244679927825928,-1.014230489730835,0.5714285714285714,0.2857142857142857,0.3743317127227783,0.2243317127227783
VCHMCEN,-4.131308555603027,-0.5219102501869202,0.7142857142857143,0.4285714285714285,0.1589716374874115,0.0589716374874115
YSGAGNN,1.2602953910827637,-2.526607036590576,0.4285714285714285,0.1428571428571428,0.2729879915714264,0.0729879915714264
YVSRVNA,1.937370777130127,-1.8575323820114136,0.5714285714285714,0.2857142857142857,0.3494582176208496,0.1994582176208496
YGPRAQN,1.5479507446289062,-2.00571870803833,0.5714285714285714,0.2857142857142857,0.3325216472148895,0.1825216472148895
MYHKSAN,1.8618625402450562,0.5278881788253784,0.4285714285714285,0.1428571428571428,0.6220939755439758,0.4220939755439759
MYSSSRE,1.6444404125213623,-3.6650025844573975,0.5714285714285714,0.2857142857142857,0.1428778916597366,0.0
VYESHPN,-0.07316646724939346,-3.4285714626312256,0.5714285714285714,0.4285714285714285,0.1699002087116241,0.0199002087116241
WQHLSNF,-2.819373369216919,-0.7737268209457397,0.5714285714285714,0.2857142857142857,0.3071426451206207,0.1571426451206207
NSWGSHT,-1.718118667602539,-1.5606915950775146,0.7142857142857143,0.4285714285714285,0.3833849132061004,0.2833849132061005
MYKRQCA,-3.96207857131958,-0.13042964041233063,0.7142857142857143,0.4285714285714285,0.178084596991539,0.078084596991539
SYSRANN,1.3540023565292358,1.132031798362732,0.7142857142857143,0.1428571428571428,0.6911430954933167,0.5911430954933167
YYHRSEL,-1.2291755676269531,1.9910905361175537,0.5714285714285714,0.1428571428571428,0.4867408275604248,0.3367408275604248
FYHSIKQ,-0.68051677942276,-1.0799013376235962,0.7142857142857143,0.4285714285714285,0.438335657119751,0.338335657119751
NYHRSVN,0.3596104681491852,1.3622854948043823,0.5714285714285714,0.1428571428571428,0.6661795973777771,0.5161795973777771
MQSRANR,-3.9634993076324463,-1.1459310054779053,0.7142857142857143,0.2857142857142857,0.1779241412878036,0.0779241412878036
YSRRSNN,-1.634276270866394,1.1742011308670044,0.2857142857142857,0.1428571428571428,0.4409884214401245,0.1909884214401245
IMSDSPN,-1.0293513536453247,-4.068168640136719,0.5714285714285714,0.2857142857142857,0.0967990309000015,0.0
KYYSGKN,-3.0642027854919434,-0.28289929032325745,0.5714285714285714,0.4285714285714285,0.2794913947582245,0.1294913947582245
YFRESNN,-0.055670663714408875,-0.5115037560462952,0.2857142857142857,0.2857142857142857,0.5032992362976074,0.2532992362976074
PLSVYTD,-1.6310399770736694,-3.2725231647491455,0.7142857142857143,0.5714285714285714,0.1877353638410568,0.0877353638410568
TWTRSSN,-0.38411715626716614,1.2454588413238525,0.5714285714285714,0.2857142857142857,0.5821824073791504,0.4321824073791503
VYHRCNI,-4.030215263366699,1.6934175491333008,0.5714285714285714,0.2857142857142857,0.1703891903162002,0.0203891903162002
WCARIIF,-4.2614054679870605,0.5249436497688293,0.7142857142857143,0.5714285714285714,0.1442783772945404,0.0442783772945404
VYRSANN,2.0807278156280518,-1.1472134590148926,0.5714285714285714,0.2857142857142857,0.4306423664093017,0.2806423664093017
VYSRQKN,-2.782567262649536,1.3540048599243164,0.5714285714285714,0.2857142857142857,0.3112995326519012,0.1612995326519012
IYSRSPN,1.3657299280166626,2.306851625442505,0.4285714285714285,0.0,0.7798115015029907,0.5798115015029908
YRRRGNN,-3.2494583129882812,1.0556981563568115,0.4285714285714285,0.2857142857142857,0.2585684955120086,0.0585684955120086
SYSRSNV,1.4889161586761475,2.320668935775757,0.5714285714285714,0.1428571428571428,0.7937242984771729,0.6437242984771728
YRTESYE,-0.8383963704109192,-1.8239246606826782,0.7142857142857143,0.4285714285714285,0.3532993495464325,0.2532993495464325
VYTSANN,0.5181509256362915,-3.06105375289917,0.5714285714285714,0.1428571428571428,0.2119047343730926,0.0619047343730926
AVFLCPK,-4.569260120391846,-0.4982735812664032,0.7142857142857143,0.7142857142857143,0.1095090359449386,0.0095090359449386
DEHYSNF,-2.1275153160095215,-2.1900532245635986,0.7142857142857143,0.1428571428571428,0.3114535808563232,0.2114535808563232
YYASSNN,-0.8162577748298645,-2.220789909362793,0.4285714285714285,0.2857142857142857,0.3079406023025512,0.1079406023025512
IYTHQNN,0.14235296845436096,-1.861885905265808,0.7142857142857143,0.2857142857142857,0.3489606380462646,0.2489606380462646
VYAVSEI,-1.900549292564392,-0.5220339298248291,0.5714285714285714,0.4285714285714285,0.410915344953537,0.2609153449535369
YYTRTPS,-0.2513059973716736,-1.4963890314102173,0.2857142857142857,0.2857142857142857,0.3907342255115509,0.1407342255115509
VYHSSNN,0.7684656381607056,-1.8617115020751953,0.5714285714285714,0.2857142857142857,0.3489806056022644,0.1989806056022644
YYRRIEN,-2.1666648387908936,0.26565685868263245,0.5714285714285714,0.1428571428571428,0.3808600604534149,0.2308600604534149
YYHRSDN,-1.1925513744354248,1.0811140537261963,0.5714285714285714,0.1428571428571428,0.4908771812915802,0.3408771812915802
FYRYSSW,-3.407987594604492,0.050205640494823456,0.5714285714285714,0.4285714285714285,0.2406640797853469,0.0906640797853469
VYRRGEN,0.6182024478912354,0.5540283918380737,0.5714285714285714,0.1428571428571428,0.6250815987586975,0.4750815987586975
YYHKFIS,-1.5926069021224976,0.1102704256772995,0.5714285714285714,0.4285714285714285,0.4456945955753326,0.2956945955753326
VSRRANN,-2.9377052783966064,-0.7361388206481934,0.4285714285714285,0.1428571428571428,0.293778121471405,0.093778121471405
GYSRGDN,0.5054768919944763,-0.46893492341041565,0.5714285714285714,0.2857142857142857,0.5081645250320435,0.3581645250320434
SFHRSPN,0.7989989519119263,0.220754474401474,0.5714285714285714,0.1428571428571428,0.5869908928871155,0.4369908928871154
YYGRLSN,-0.9257976412773132,0.47919631004333496,0.7142857142857143,0.2857142857142857,0.5210046172142029,0.4210046172142029
IYHQNVN,-0.41001003980636597,-2.6946961879730225,0.5714285714285714,0.2857142857142857,0.2537766695022583,0.1037766695022583
ISSRSQN,1.50341796875,-3.161975622177124,0.5714285714285714,0.2857142857142857,0.200370118021965,0.050370118021965
YYHRITN,-1.3793011903762817,0.7637465000152588,0.5714285714285714,0.1428571428571428,0.4697855412960052,0.3197855412960052
YSRRNNN,-1.8365867137908936,0.8014520406723022,0.2857142857142857,0.1428571428571428,0.4181393384933471,0.1681393384933471
YYSRSVA,-0.08334597945213318,0.14769048988819122,0.4285714285714285,0.1428571428571428,0.5786402225494385,0.3786402225494385
YYHRHNW,-1.3570561408996582,1.0355502367019653,0.7142857142857143,0.2857142857142857,0.4722979068756103,0.3722979068756104
YYHRLHN,-1.578059196472168,0.08107412606477737,0.7142857142857143,0.1428571428571428,0.447337657213211,0.3473376572132111
AYTRPNN,1.0742017030715942,0.5943719744682312,0.5714285714285714,0.2857142857142857,0.629692554473877,0.4796925544738769
VYRSQEF,-1.0135984420776367,0.4096304774284363,0.5714285714285714,0.2857142857142857,0.5110883116722107,0.3610883116722106
TSRRANL,-3.628739833831787,-0.5339702367782593,0.5714285714285714,0.4285714285714285,0.215732142329216,0.065732142329216
WYHRSNN,-1.8496575355529785,0.7614006400108337,0.5714285714285714,0.1428571428571428,0.416663110256195,0.266663110256195
MYSSGNN,1.3643391132354736,-3.1034343242645264,0.5714285714285714,0.2857142857142857,0.2070609480142593,0.0570609480142593
QSHVSFN,-0.5083925724029541,-2.740969657897949,0.5714285714285714,0.2857142857142857,0.2484879493713379,0.0984879493713379
YSSRLAN,2.163548469543457,-2.363959550857544,0.5714285714285714,0.1428571428571428,0.291577398777008,0.141577398777008
SSSRHPV,0.8183214664459229,-2.699389934539795,0.2857142857142857,0.4285714285714285,0.2532401978969574,0.0032401978969573
VYRILIQ,-2.9207801818847656,-1.247319221496582,0.5714285714285714,0.4285714285714285,0.2956896722316742,0.1456896722316742
IYRRLEN,-1.3880478143692017,-0.04187893494963646,0.7142857142857143,0.2857142857142857,0.4687976837158203,0.3687976837158203
MWHRSQS,-1.5099424123764038,0.029521334916353226,0.5714285714285714,0.2857142857142857,0.4550307989120483,0.3050307989120483
YSRRSNN,-1.634276270866394,1.1742011308670044,0.2857142857142857,0.1428571428571428,0.4409884214401245,0.1909884214401245
SYVRSPQ,0.2653014659881592,3.7504234313964844,0.4285714285714285,0.2857142857142857,0.6555283069610596,0.4555283069610596
SYRRNFN,-3.4791085720062256,0.11986489593982697,0.5714285714285714,0.2857142857142857,0.2326316237449646,0.0826316237449646
YYSRGNN,0.627078652381897,0.12504452466964722,0.5714285714285714,0.1428571428571428,0.5760519504547119,0.4260519504547119
IYAHSSN,0.18877877295017242,0.7287631630897522,0.5714285714285714,0.2857142857142857,0.6450524926185608,0.4950524926185607
SYSVGSN,0.6163387298583984,-1.5741307735443115,0.7142857142857143,0.2857142857142857,0.381848931312561,0.281848931312561
QYSDQSN,-1.088209629058838,-2.010822296142578,0.7142857142857143,0.2857142857142857,0.3319383561611175,0.2319383561611175
AYHEDNN,-0.9740054607391357,-2.9562294483184814,0.7142857142857143,0.2857142857142857,0.2238853722810745,0.1238853722810745
IMSRSNN,1.8354014158248901,-2.7274513244628906,0.5714285714285714,0.1428571428571428,0.2500329911708832,0.1000329911708831
YYSRLNN,-1.3833446502685547,0.693981409072876,0.5714285714285714,0.0,0.4693288505077362,0.3193288505077362
VLHRQNN,0.8582971096038818,-0.6214458346366882,0.7142857142857143,0.2857142857142857,0.4907337129116058,0.3907337129116058
DTSRQNN,0.7191206812858582,-4.119327545166016,0.7142857142857143,0.2857142857142857,0.0909519493579864,0.0
QYSSAND,-0.019879501312971115,-3.039285659790039,0.7142857142857143,0.2857142857142857,0.2143926620483398,0.1143926620483398
TYRRSIN,-3.1843442916870117,0.29462116956710815,0.4285714285714285,0.2857142857142857,0.2659225165843963,0.0659225165843963
HYRRINN,-4.195449352264404,0.40872764587402344,0.5714285714285714,0.2857142857142857,0.1517275124788284,0.0017275124788284
YFHRENN,-0.6256691217422485,0.022484304383397102,0.5714285714285714,0.1428571428571428,0.5549013614654541,0.4049013614654541
YYRRAVN,-3.146915912628174,0.29243114590644836,0.4285714285714285,0.2857142857142857,0.2701497077941894,0.0701497077941894
YYRRGNN,-3.079895496368408,0.8212386965751648,0.4285714285714285,0.1428571428571428,0.2777190506458282,0.0777190506458282
GYSSSGW,-1.356959581375122,-1.4092921018600464,0.5714285714285714,0.4285714285714285,0.4006887376308441,0.2506887376308441
PYSRNNN,0.6337102651596069,0.914063572883606,0.7142857142857143,0.1428571428571428,0.6662309169769287,0.5662309169769287
YHHRSNP,-0.06637808680534363,0.9693642854690552,0.4285714285714285,0.2857142857142857,0.6180680990219116,0.4180680990219116
SQRSLVM,0.6498234272003174,-3.4577524662017822,0.5714285714285714,0.4285714285714285,0.1665650308132171,0.0165650308132171
YYRRATN,-3.6472740173339844,0.1809394508600235,0.4285714285714285,0.2857142857142857,0.2136388719081878,0.0136388719081878
YYVRSNN,-0.4115929901599884,1.6578865051269531,0.4285714285714285,0.1428571428571428,0.579079270362854,0.379079270362854
VYRMNNN,1.1625351905822754,-1.1710087060928345,0.5714285714285714,0.2857142857142857,0.427922785282135,0.277922785282135
YYHRLVI,-3.2767202854156494,0.7600641250610352,0.5714285714285714,0.2857142857142857,0.2554894983768463,0.1054894983768463
YYSRSQW,-1.5855908393859863,1.6922496557235718,0.4285714285714285,0.1428571428571428,0.4464870095252991,0.2464870095252991
YYQSDNP,-1.8991941213607788,-0.6719764471054077,0.7142857142857143,0.4285714285714285,0.4110684096813202,0.3110684096813202
ISRRLNN,-2.6841166019439697,-0.45573973655700684,0.5714285714285714,0.2857142857142857,0.3224186301231384,0.1724186301231384
HYARGNI,-0.5566318035125732,-0.40990689396858215,0.7142857142857143,0.4285714285714285,0.5149109959602356,0.4149109959602356
YSTDVTN,0.043230246752500534,-4.041208267211914,0.5714285714285714,0.2857142857142857,0.0998803973197937,0.0
YYSRANA,1.3616420030593872,-0.06521181017160416,0.7142857142857143,0.1428571428571428,0.5543071031570435,0.4543071031570435
YSHSQNN,1.144442081451416,-0.73297518491745,0.5714285714285714,0.1428571428571428,0.4779867529869079,0.3279867529869079
YMRDSID,0.20271718502044678,-2.7580623626708984,0.5714285714285714,0.4285714285714285,0.2465343922376632,0.0965343922376632
YSHRQGE,1.7435219287872314,-1.4183073043823242,0.7142857142857143,0.2857142857142857,0.3996583819389343,0.2996583819389343
YYHSGPN,-1.281732201576233,-0.6309500932693481,0.4285714285714285,0.1428571428571428,0.4808050692081451,0.2808050692081452
SYRSIVV,-0.7503703832626343,-1.461690902709961,0.7142857142857143,0.2857142857142857,0.3946999609470367,0.2946999609470367
ISSRQNN,1.494368076324463,-4.187360763549805,0.7142857142857143,0.2857142857142857,0.0831762552261352,0.0
YYTRSEN,-0.38138604164123535,0.678598165512085,0.4285714285714285,0.1428571428571428,0.582490861415863,0.3824908614158631
HSQRASN,1.2191450595855713,-2.322542190551758,0.5714285714285714,0.4285714285714285,0.29631108045578,0.14631108045578
YSHRGNN,2.081707000732422,0.43517470359802246,0.4285714285714285,0.0,0.6114975214004517,0.4114975214004517
SYRRALW,-3.925616502761841,0.9361417293548584,0.7142857142857143,0.2857142857142857,0.1822026520967483,0.0822026520967483
KYHRANT,-3.112236261367798,1.025193452835083,0.5714285714285714,0.1428571428571428,0.2740664780139923,0.1240664780139923
YYHSSSD,-1.7175410985946655,-0.7935911417007446,0.5714285714285714,0.2857142857142857,0.4315844476222992,0.2815844476222991
YSSSSNN,0.7958909869194031,-3.388707399368286,0.4285714285714285,0.1428571428571428,0.1744563728570938,0.0
SYHFDGS,-2.187267303466797,-0.3955642879009247,0.7142857142857143,0.4285714285714285,0.3785331845283508,0.2785331845283508
IYVRSKN,-2.7377114295959473,1.238823413848877,0.5714285714285714,0.1428571428571428,0.3163655996322632,0.1663655996322632
YSSGSSN,0.8598649501800537,-3.4683539867401123,0.4285714285714285,0.2857142857142857,0.1653533577919006,0.0
SVRSSSN,1.5719822645187378,-3.1898767948150635,0.4285714285714285,0.4285714285714285,0.197181224822998,0.0
YFHSSQL,-2.4028823375701904,-0.2725863456726074,0.5714285714285714,0.4285714285714285,0.3541814684867859,0.2041814684867859
WYSRSLN,-1.9537360668182373,0.4615741968154907,0.5714285714285714,0.1428571428571428,0.4049083888530731,0.2549083888530731
KYHRSSN,-4.003227233886719,0.9139524102210999,0.4285714285714285,0.1428571428571428,0.173437237739563,0.0
VYHRAND,1.257320523262024,0.8987942337989807,0.5714285714285714,0.1428571428571428,0.66448575258255,0.51448575258255
VYHRSVN,0.0698714405298233,2.354102373123169,0.4285714285714285,0.1428571428571428,0.6334562301635742,0.4334562301635742
SYSRSND,1.046607494354248,0.9169635772705078,0.5714285714285714,0.1428571428571428,0.6665623784065247,0.5165623784065246
HYHRDNN,-0.05815042555332184,-0.5710827112197876,0.7142857142857143,0.1428571428571428,0.4964898228645324,0.3964898228645325
GYRESAP,0.96253901720047,-2.682568073272705,0.5714285714285714,0.4285714285714285,0.2551628053188324,0.1051628053188324
SYHRINN,-0.681618869304657,1.4617363214492798,0.7142857142857143,0.1428571428571428,0.5485823750495911,0.4485823750495911
VMSRFKN,-2.336582660675049,-0.5597577691078186,0.7142857142857143,0.2857142857142857,0.3616693913936615,0.2616693913936615
WYHRLQN,-1.7969818115234375,1.6452127695083618,0.5714285714285714,0.2857142857142857,0.4226123392581939,0.2726123392581939
SYRRPVN,-3.045227527618408,-0.05022628977894783,0.5714285714285714,0.2857142857142857,0.2816344797611236,0.1316344797611236
TMHRFES,0.40878671407699585,-1.5511189699172974,0.7142857142857143,0.4285714285714285,0.3844790160655975,0.2844790160655975
YYWSVNN,-3.435241937637329,0.8006239533424377,0.5714285714285714,0.2857142857142857,0.2375859469175338,0.0875859469175338
WHRRSGN,-3.527324676513672,-0.3211852014064789,0.4285714285714285,0.2857142857142857,0.2271860539913177,0.0271860539913177
VSSHSNT,0.32331329584121704,-4.690274238586426,0.7142857142857143,0.4285714285714285,0.0256970059126615,0.0
VSSRINN,2.0135245323181152,-3.967237949371338,0.7142857142857143,0.1428571428571428,0.1083346530795097,0.0083346530795097
FYRRSNN,-3.2375807762145996,0.39608344435691833,0.4285714285714285,0.1428571428571428,0.2599099576473236,0.0599099576473236
GSQRSFN,0.42320939898490906,-2.468554735183716,0.5714285714285714,0.4285714285714285,0.2796229422092438,0.1296229422092437
YYRRSPL,-3.0767524242401123,1.0730245113372803,0.5714285714285714,0.2857142857142857,0.2780740261077881,0.1280740261077881
HYTSSGE,0.08873333036899567,-3.6980228424072266,0.5714285714285714,0.4285714285714285,0.1391039192676544,0.0
YTSRGNN,2.504445791244507,-1.877468466758728,0.5714285714285714,0.2857142857142857,0.3471796810626983,0.1971796810626983
AYHRNNP,0.9079549312591553,-0.007930111140012741,0.5714285714285714,0.2857142857142857,0.5608539581298828,0.4108539581298828
VYSSSTN,0.6293326616287231,-3.134511709213257,0.5714285714285714,0.1428571428571428,0.2035090327262878,0.0535090327262878
YYSRSNA,1.1160309314727783,0.35125505924224854,0.5714285714285714,0.0,0.6019061207771301,0.4519061207771301
YYTRGNN,0.6071937084197998,-0.24759796261787415,0.5714285714285714,0.1428571428571428,0.5334616899490356,0.3834616899490356
YYRRFNN,-3.40436053276062,0.09215053170919418,0.4285714285714285,0.1428571428571428,0.2410737127065658,0.0410737127065658
ISRVQTW,-1.7358510494232178,-1.2931801080703735,0.7142857142857143,0.5714285714285714,0.4139595031738281,0.3139595031738281
QMSRLAN,1.7837483882904053,-3.158456802368164,0.7142857142857143,0.2857142857142857,0.2007723003625869,0.1007723003625869
YYSSSGN,-0.36617791652679443,-2.556318998336792,0.4285714285714285,0.1428571428571428,0.269592136144638,0.069592136144638
YSHRPTN,1.5604363679885864,-0.41882437467575073,0.5714285714285714,0.1428571428571428,0.5138918161392212,0.3638918161392211
QSAESAN,-1.0468300580978394,-4.448728561401367,0.5714285714285714,0.2857142857142857,0.0533038713037967,0.0
SYSRSNS,1.5453193187713623,1.919838786125183,0.5714285714285714,0.1428571428571428,0.7811835408210754,0.6311835408210754
NYRRGNQ,-2.839829444885254,-0.2507917881011963,0.7142857142857143,0.2857142857142857,0.3048323094844818,0.2048323094844818
VSHASGN,0.6942768692970276,-4.282083034515381,0.5714285714285714,0.1428571428571428,0.0723502114415168,0.0
SSVRGEN,-0.04720010980963707,-2.971872329711914,0.4285714285714285,0.2857142857142857,0.2220975011587143,0.0220975011587143
YYSVVVN,-2.4661262035369873,-0.5948922634124756,0.5714285714285714,0.2857142857142857,0.3470386564731598,0.1970386564731598
NHSLSEN,-0.6840941309928894,-4.22509241104126,0.4285714285714285,0.4285714285714285,0.0788638144731521,0.0
WYHRNEM,-1.5584988594055176,0.3105255663394928,0.7142857142857143,0.4285714285714285,0.4495468139648437,0.3495468139648437
MYHRNNN,0.23637059330940247,-0.10410454869270325,0.7142857142857143,0.0,0.5498619675636292,0.4498619675636292
ISSKVSN,1.8216164112091064,-4.042041778564453,0.5714285714285714,0.4285714285714285,0.0997851341962814,0.0
YLVVSVN,-2.045586585998535,-1.7387338876724243,0.5714285714285714,0.4285714285714285,0.363036036491394,0.213036036491394
YYRHANN,-1.1121299266815186,0.18243961036205292,0.4285714285714285,0.1428571428571428,0.4999600350856781,0.2999600350856781
YSRLDAV,1.1047892570495605,0.6359156370162964,0.4285714285714285,0.4285714285714285,0.6344407200813293,0.4344407200813294
YYDDSVN,-1.3012754917144775,-1.2797114849090576,0.5714285714285714,0.2857142857142857,0.4154988527297973,0.2654988527297973
HYHRHNN,-1.1939871311187744,0.8013885021209717,0.7142857142857143,0.1428571428571428,0.4907150864601135,0.3907150864601135
TSSRSPA,1.3447760343551636,-3.526946783065796,0.5714285714285714,0.2857142857142857,0.1586566418409347,0.0086566418409347
QYSRFNN,-1.1242966651916504,1.4525154829025269,0.7142857142857143,0.1428571428571428,0.4985859394073486,0.3985859394073486
YYSSEVN,-1.3412916660308838,-1.4279122352600098,0.5714285714285714,0.1428571428571428,0.3985606133937835,0.2485606133937835
VSHRSST,0.7169928550720215,-1.2183082103729248,0.5714285714285714,0.2857142857142857,0.422516793012619,0.272516793012619
SYHRSVN,0.025571662932634354,2.4889376163482666,0.5714285714285714,0.1428571428571428,0.6284530162811279,0.4784530162811279
YYQDQNN,-2.0690462589263916,-1.6553711891174316,0.5714285714285714,0.2857142857142857,0.372563749551773,0.222563749551773
YSTQVAN,0.9631808996200562,-3.8842990398406982,0.5714285714285714,0.4285714285714285,0.1178139522671699,0.0
MYSRDNN,1.050645351409912,0.1053922027349472,0.7142857142857143,0.1428571428571428,0.5738058090209961,0.4738058090209961
YYRRSGN,-3.256108045578003,0.8296090960502625,0.4285714285714285,0.0,0.2578174769878387,0.0578174769878387
ASRSDSN,0.5093764662742615,-3.8701820373535156,0.5714285714285714,0.2857142857142857,0.1194274201989173,0.0
VSSRGPN,1.7010340690612793,-3.358252763748169,0.4285714285714285,0.1428571428571428,0.1779371052980423,0.0
IYTRSSN,1.3499212265014648,2.0614840984344482,0.4285714285714285,0.1428571428571428,0.7780261039733887,0.5780261039733887
VSSRSHD,1.143731951713562,-3.4758169651031494,0.5714285714285714,0.2857142857142857,0.1645004004240036,0.0145004004240036
YHHRQNL,-0.6115515232086182,0.30587103962898254,0.5714285714285714,0.2857142857142857,0.5564958453178406,0.4064958453178405
IYTRSNN,0.9206362962722778,2.4836647510528564,0.4285714285714285,0.1428571428571428,0.7295423150062561,0.5295423150062561
IYHRQPA,0.03948960080742836,-0.17791569232940674,0.7142857142857143,0.2857142857142857,0.541425883769989,0.441425883769989
VQSRHFQ,-0.061694107949733734,-0.5777292847633362,0.7142857142857143,0.4285714285714285,0.4957301616668701,0.3957301616668701
YYSSMSN,-1.6397677659988403,-2.2839627265930176,0.5714285714285714,0.2857142857142857,0.3007204234600067,0.1507204234600067
YYRRAGN,-3.4891128540039062,0.16770191490650177,0.4285714285714285,0.1428571428571428,0.2315017282962799,0.0315017282962799
VQHRQGN,1.5885080099105835,-2.0688118934631348,0.7142857142857143,0.2857142857142857,0.3253105580806732,0.2253105580806732
QSVRASV,0.9695593118667603,-3.4157254695892334,0.4285714285714285,0.4285714285714285,0.1713684052228927,0.0
QFHRSAN,0.758257269859314,0.3635825216770172,0.7142857142857143,0.2857142857142857,0.6033150553703308,0.5033150553703308
IYHTISN,-0.7460952997207642,-1.5127835273742676,0.5714285714285714,0.2857142857142857,0.3888604640960693,0.2388604640960693
YYTRSSN,0.185537189245224,0.3148522973060608,0.4285714285714285,0.1428571428571428,0.5977455377578735,0.3977455377578736
IYRISGY,-2.133993148803711,-0.6639496684074402,0.5714285714285714,0.4285714285714285,0.3845500349998474,0.2345500349998474
HHHRGND,0.1654530018568039,0.5102326273918152,0.5714285714285714,0.4285714285714285,0.620076060295105,0.4700760602951049
MSTRSNY,1.9623913764953613,-2.6905999183654785,0.5714285714285714,0.4285714285714285,0.2542448341846466,0.1042448341846466
FYSSGGN,-0.475967139005661,-2.7635953426361084,0.5714285714285714,0.2857142857142857,0.2459020018577575,0.0959020018577575
ESHSAVN,-0.5402796268463135,-4.720853805541992,0.5714285714285714,0.2857142857142857,0.0222019907087087,0.0
QYHRAVS,-0.015065331943333149,0.9586029052734375,0.5714285714285714,0.2857142857142857,0.6238634586334229,0.4738634586334228
SYHRDNN,0.7955537438392639,-0.5626955032348633,0.7142857142857143,0.1428571428571428,0.4974484145641327,0.3974484145641327
YYMRSEN,-1.1820003986358643,1.020815134048462,0.5714285714285714,0.1428571428571428,0.4920688569545746,0.3420688569545745
YYSRQLN,-1.5094691514968872,-0.1549629271030426,0.7142857142857143,0.1428571428571428,0.4550842642784118,0.3550842642784119
YYRRNAP,-3.513448476791382,0.6899349093437195,0.5714285714285714,0.4285714285714285,0.2287532389163971,0.0787532389163971
YYSRSSN,0.4695335030555725,0.015150315128266811,0.5714285714285714,0.1428571428571428,0.5634918808937073,0.4134918808937072
IYHRASN,0.3147515058517456,1.4827139377593994,0.5714285714285714,0.1428571428571428,0.6611132025718689,0.5111132025718689
IYSRQNN,0.7829177975654602,1.4757368564605713,0.5714285714285714,0.1428571428571428,0.7139883041381836,0.5639883041381836
IYRRASM,-3.405366897583008,0.5586738586425781,0.7142857142857143,0.2857142857142857,0.2409600615501403,0.1409600615501404
SYSSSIN,0.6265948414802551,-1.954190731048584,0.5714285714285714,0.2857142857142857,0.3384109139442444,0.1884109139442444
IYRRQND,-0.09726165980100632,-0.408703476190567,0.7142857142857143,0.2857142857142857,0.5150485634803772,0.4150485634803772
YYHRSNN,-0.9529139399528503,1.031571388244629,0.4285714285714285,0.0,0.5179420709609985,0.3179420709609986
YYVSSNN,-1.6482492685317993,-0.31926923990249634,0.4285714285714285,0.2857142857142857,0.4394103288650512,0.2394103288650513
YYSRANN,0.6071957349777222,0.30675768852233887,0.5714285714285714,0.0,0.5968204736709595,0.4468204736709594
YYHRSNN,-0.9529139399528503,1.031571388244629,0.4285714285714285,0.0,0.5179420709609985,0.3179420709609986
YYSRSSN,0.4695335030555725,0.015150315128266811,0.5714285714285714,0.1428571428571428,0.5634918808937073,0.4134918808937072
YYHRASS,-1.7527390718460083,0.6800277829170227,0.5714285714285714,0.1428571428571428,0.4276091754436493,0.2776091754436492
YYRRNNN,-3.44283127784729,0.7402983903884888,0.4285714285714285,0.1428571428571428,0.2367288023233413,0.0367288023233413
YYSRSSG,0.3514803946018219,-0.37204259634017944,0.5714285714285714,0.2857142857142857,0.5192385911941528,0.3692385911941528
IYRSSNN,2.0240092277526855,-1.1520063877105713,0.4285714285714285,0.1428571428571428,0.4300945699214935,0.2300945699214935
IYTRGAN,1.336787223815918,0.20455263555049896,0.5714285714285714,0.1428571428571428,0.5851391553878784,0.4351391553878784
YYRRHEV,-1.6313365697860718,0.5543819069862366,0.7142857142857143,0.2857142857142857,0.4413204491138458,0.3413204491138458
IYRRSVW,-4.022848129272461,0.5938653945922852,0.4285714285714285,0.2857142857142857,0.1712212413549423,0.0
VYVQTVA,-1.105043649673462,-1.3038251399993896,0.5714285714285714,0.4285714285714285,0.4127428233623504,0.2627428233623504
YSTRGNN,2.644855499267578,-1.7576100826263428,0.4285714285714285,0.1428571428571428,0.3608786165714264,0.1608786165714264
YYRRDEI,-1.0134080648422241,0.19099074602127075,0.7142857142857143,0.2857142857142857,0.5111097693443298,0.4111097693443298
QYSEHNM,-0.16112880408763885,-3.4046378135681152,0.7142857142857143,0.2857142857142857,0.1726356446743011,0.0726356446743011
SLHVSPN,-0.24513445794582367,-3.745145559310913,0.5714285714285714,0.2857142857142857,0.1337181478738784,0.0
MGSRINN,2.107449531555176,-3.0557703971862793,0.7142857142857143,0.2857142857142857,0.2125085890293121,0.1125085890293121
TYMRSQP,0.8922797441482544,0.8357203602790833,0.2857142857142857,0.2857142857142857,0.6572769284248352,0.4072769284248352
ISSRGSF,1.649716854095459,-2.9083728790283203,0.7142857142857143,0.2857142857142857,0.2293550223112106,0.1293550223112106
VYYRSNN,-0.8070648908615112,2.2115085124969482,0.4285714285714285,0.1428571428571428,0.5344143509864807,0.3344143509864807
YYRRLNV,-3.4753592014312744,0.6701415777206421,0.5714285714285714,0.2857142857142857,0.2330550700426101,0.0830550700426101
YYSSNNN,-0.5351112484931946,-1.9040937423706055,0.5714285714285714,0.1428571428571428,0.3441366255283355,0.1941366255283355
YYVFSNP,-2.7474453449249268,1.4669172763824463,0.5714285714285714,0.2857142857142857,0.3152662515640259,0.1652662515640258
STHSSEN,-0.41634780168533325,-4.19121789932251,0.5714285714285714,0.4285714285714285,0.0827354192733764,0.0
WYHRAET,-1.684355616569519,1.0125943422317505,0.7142857142857143,0.2857142857142857,0.4353324174880981,0.3353324174880981
YYRRVSN,-3.617621421813965,0.32691729068756104,0.5714285714285714,0.2857142857142857,0.2169878631830215,0.0669878631830215
TYFSSSN,-1.5083130598068237,-2.291185140609741,0.5714285714285714,0.2857142857142857,0.2998949587345123,0.1498949587345123
YSHRQNN,1.3974227905273438,-0.8597842454910278,0.5714285714285714,0.1428571428571428,0.4634934067726135,0.3134934067726135
YYHRQND,-0.6439574956893921,0.03773671016097069,0.7142857142857143,0.2857142857142857,0.5528358221054077,0.4528358221054077
YYSRSAN,0.7748223543167114,0.36240410804748535,0.5714285714285714,0.0,0.6031803488731384,0.4531803488731384
IYSVGSN,0.1826833188533783,-1.4300979375839233,0.5714285714285714,0.2857142857142857,0.3983107805252075,0.2483107805252075
MYSREFP,-0.7632163166999817,0.38768914341926575,0.5714285714285714,0.2857142857142857,0.539366602897644,0.389366602897644
IYRRLIN,-3.8444342613220215,0.65723717212677,0.5714285714285714,0.2857142857142857,0.1913714408874511,0.0413714408874511
YYSRSSN,0.4695335030555725,0.015150315128266811,0.5714285714285714,0.1428571428571428,0.5634918808937073,0.4134918808937072
YYSLGSN,-1.2743581533432007,-0.7291653752326965,0.5714285714285714,0.2857142857142857,0.4784221351146698,0.3284221351146698
SYVRINN,-0.05492328107357025,1.127493143081665,0.5714285714285714,0.1428571428571428,0.6193618774414062,0.4693618774414062
VYHSSND,0.20615312457084656,-2.4395906925201416,0.5714285714285714,0.2857142857142857,0.2829333245754242,0.1329333245754242
VYSRAEN,0.1846388578414917,2.900886058807373,0.5714285714285714,0.1428571428571428,0.6464181542396545,0.4964181542396545
IVSRNGN,2.310997486114502,-3.6153550148010254,0.5714285714285714,0.2857142857142857,0.1485522389411926,0.0
YYRLASN,-1.135818600654602,0.7375931143760681,0.4285714285714285,0.2857142857142857,0.4972846508026123,0.2972846508026123
YYHRNNQ,-1.3351261615753174,0.5232142210006714,0.5714285714285714,0.2857142857142857,0.4747747182846069,0.3247747182846069
YYSRFND,-0.7865213751792908,-0.06394786387681961,0.7142857142857143,0.1428571428571428,0.5367345213890076,0.4367345213890076
VYRFSPY,-3.3505635261535645,0.7049566507339478,0.5714285714285714,0.4285714285714285,0.2471496015787124,0.0971496015787124
HSRVFND,0.8725132346153259,-0.8533675670623779,0.5714285714285714,0.4285714285714285,0.4642267525196075,0.3142267525196075
LSHRPNN,0.8187834620475769,-1.3388450145721436,0.5714285714285714,0.2857142857142857,0.4087403118610382,0.2587403118610382
YYRRVAN,-3.3409860134124756,0.15113645792007446,0.5714285714285714,0.2857142857142857,0.248231291770935,0.098231291770935
VYSVSNN,0.18584184348583221,-2.3247196674346924,0.5714285714285714,0.2857142857142857,0.2960622310638428,0.1460622310638427
YSHFGEN,-1.2339674234390259,-1.2392576932907104,0.4285714285714285,0.2857142857142857,0.4201223850250244,0.2201223850250244
YYSRSAF,-1.320334553718567,0.3113037347793579,0.5714285714285714,0.1428571428571428,0.4764452874660492,0.3264452874660491
SSHRSNP,0.9665094017982483,-2.0254459381103516,0.5714285714285714,0.2857142857142857,0.3302669823169708,0.1802669823169708
IYVRLHE,-1.1470648050308228,-0.28826695680618286,0.7142857142857143,0.2857142857142857,0.4960145056247711,0.3960145056247711
YTRRSAN,-2.5326573848724365,0.2971365451812744,0.4285714285714285,0.2857142857142857,0.3395245671272278,0.1395245671272278
YSSRGEE,1.2599482536315918,-2.367396354675293,0.5714285714285714,0.2857142857142857,0.2911846041679382,0.1411846041679382
IYSRHEN,0.5600265264511108,1.0176844596862793,0.5714285714285714,0.2857142857142857,0.678074061870575,0.5280740618705749
YYGRNNN,0.4214782416820526,-0.2267647534608841,0.5714285714285714,0.1428571428571428,0.535842776298523,0.3858427762985229
YYHREQM,-0.8975884318351746,-0.461090087890625,0.5714285714285714,0.2857142857142857,0.5090611577033997,0.3590611577033996
KYTRASN,-3.2818281650543213,-0.004605263937264681,0.5714285714285714,0.1428571428571428,0.2549126148223877,0.1049126148223877
WYARQNN,-1.6559785604476929,-0.24621935188770294,0.7142857142857143,0.2857142857142857,0.4385373592376709,0.3385373592376709
SYSRAIM,0.1359100341796875,0.8529483675956726,0.5714285714285714,0.2857142857142857,0.6409146785736084,0.4909146785736084
YYHLQNE,-2.0555648803710938,-0.6387288570404053,0.5714285714285714,0.2857142857142857,0.3934077620506286,0.2434077620506286
QHHRSGF,-0.37215638160705566,-0.28942713141441345,0.5714285714285714,0.4285714285714285,0.5286809206008911,0.3786809206008911
SYHSSNQ,0.38797205686569214,-2.048579454421997,0.5714285714285714,0.2857142857142857,0.3276229798793793,0.1776229798793792
QYHRIHN,-1.5587557554244995,-0.6003392934799194,0.7142857142857143,0.2857142857142857,0.4495177865028381,0.3495177865028381
SYYILSP,-3.204558849334717,-0.13503721356391907,0.5714285714285714,0.5714285714285714,0.2636394798755646,0.1136394798755645
SYTRSQM,0.5229982733726501,1.8269834518432617,0.2857142857142857,0.2857142857142857,0.6846327781677246,0.4346327781677246
NSYRGGQ,0.7823754549026489,-2.41042160987854,0.5714285714285714,0.5714285714285714,0.2862671315670013,0.1362671315670013
MYTRANN,1.3779058456420898,0.5940149426460266,0.5714285714285714,0.1428571428571428,0.6296517848968506,0.4796517848968505
VYRRSNN,-2.3025782108306885,0.7563472986221313,0.4285714285714285,0.1428571428571428,0.3655098974704742,0.1655098974704742
YYHRDSN,-0.9503983855247498,0.36653196811676025,0.5714285714285714,0.1428571428571428,0.518226146697998,0.368226146697998
VHTSSSN,0.6394816040992737,-4.262890815734863,0.4285714285714285,0.2857142857142857,0.0745437368750572,0.0
HMRKSEN,0.5243703722953796,0.31719326972961426,0.5714285714285714,0.4285714285714285,0.5980131030082703,0.4480131030082702
IYSSNIN,-0.6959932446479797,-2.4603095054626465,0.5714285714285714,0.2857142857142857,0.2805653214454651,0.1305653214454651
YYHRSNN,-0.9529139399528503,1.031571388244629,0.4285714285714285,0.0,0.5179420709609985,0.3179420709609986
IYRSQEN,0.5327232480049133,-1.8833942413330078,0.5714285714285714,0.1428571428571428,0.346502423286438,0.196502423286438
IYRRSNL,-3.143526792526245,1.1165440082550049,0.5714285714285714,0.1428571428571428,0.270532488822937,0.120532488822937
YYSVDNN,-1.373823642730713,-1.2412035465240479,0.5714285714285714,0.1428571428571428,0.4199000298976898,0.2699000298976898
SSTRGNA,1.5466030836105347,-3.5479187965393066,0.5714285714285714,0.4285714285714285,0.1562597006559372,0.0062597006559372
YYHVENN,-1.6419733762741089,-1.2776159048080444,0.5714285714285714,0.1428571428571428,0.4157383441925049,0.2657383441925048
HSSRATN,1.335838794708252,-1.8785346746444702,0.5714285714285714,0.2857142857142857,0.3470578193664551,0.197057819366455
YSRRSNN,-1.634276270866394,1.1742011308670044,0.2857142857142857,0.1428571428571428,0.4409884214401245,0.1909884214401245
VYHRSIN,-0.2039385885000229,2.0264010429382324,0.4285714285714285,0.1428571428571428,0.602531909942627,0.402531909942627
IYRHGNN,0.7372968792915344,0.8543522953987122,0.5714285714285714,0.2857142857142857,0.6594064235687256,0.5094064235687256
YYHRGTN,-0.7815779447555542,0.7918546795845032,0.4285714285714285,0.1428571428571428,0.5372928380966187,0.3372928380966187
YYHRSES,-0.8639635443687439,1.413157343864441,0.5714285714285714,0.1428571428571428,0.5279881954193115,0.3779881954193115
YYPFSEN,-2.8537487983703613,-0.27252864837646484,0.5714285714285714,0.2857142857142857,0.3032602369785309,0.1532602369785309
IMYSGSN,-0.37244951725006104,-2.608912706375122,0.5714285714285714,0.4285714285714285,0.2635810673236847,0.1135810673236847
YYRRLNN,-3.5846574306488037,0.634210467338562,0.4285714285714285,0.1428571428571428,0.2207108438014984,0.0207108438014984
TSDRPNP,0.9322536587715149,-4.0520734786987305,0.4285714285714285,0.4285714285714285,0.0986385866999626,0.0
ISSRSNA,2.1874594688415527,-3.310664415359497,0.5714285714285714,0.2857142857142857,0.1833761036396026,0.0333761036396026
YYRRLSQ,-3.787662982940674,0.509148895740509,0.7142857142857143,0.2857142857142857,0.1977832317352295,0.0977832317352295
VARSLAN,2.3892171382904053,-1.9846974611282349,0.4285714285714285,0.2857142857142857,0.3349242210388183,0.1349242210388183
SHSFAST,-0.47121909260749817,-3.0188236236572266,0.5714285714285714,0.5714285714285714,0.2167313247919082,0.0667313247919082
IYHRNNN,0.5350426435470581,0.2619536221027374,0.7142857142857143,0.1428571428571428,0.5916996598243713,0.4916996598243713
SYHSSTN,0.8104249238967896,-2.292634963989258,0.4285714285714285,0.2857142857142857,0.2997292578220367,0.0997292578220367
YYHVGEE,-1.9487141370773315,-0.05909225717186928,0.7142857142857143,0.2857142857142857,0.4054755568504333,0.3054755568504333
IYRRSND,0.41503971815109253,-0.21826733648777008,0.5714285714285714,0.1428571428571428,0.5368139743804932,0.3868139743804931
YSSSINN,0.6435191631317139,-3.302114248275757,0.5714285714285714,0.1428571428571428,0.1843533217906952,0.0343533217906951
YYRRSNN,-3.154005289077759,0.9878677725791931,0.2857142857142857,0.0,0.2693490386009216,0.0193490386009216
SYHRSNE,1.169193983078003,0.5043931603431702,0.5714285714285714,0.1428571428571428,0.6194086670875549,0.4694086670875549
YSSRNNF,0.9523561000823975,-2.4512550830841064,0.5714285714285714,0.1428571428571428,0.2816001772880554,0.1316001772880554
YSQRNTN,1.6788294315338135,-2.335530996322632,0.4285714285714285,0.2857142857142857,0.2948265671730041,0.0948265671730041
YYHRSNN,-0.9529139399528503,1.031571388244629,0.4285714285714285,0.0,0.5179420709609985,0.3179420709609986
GHHRSAL,-0.22541597485542297,-0.3528531789779663,0.5714285714285714,0.4285714285714285,0.5214318037033081,0.3714318037033081
YYSRSNN,0.5108199119567871,0.6452360153198242,0.4285714285714285,0.1428571428571428,0.6355059742927551,0.4355059742927551
WYSRSPN,-0.9491801261901855,0.5337883234024048,0.5714285714285714,0.0,0.5183637738227844,0.3683637738227844
QLHRSAN,1.3107730150222778,-0.6099675893783569,0.7142857142857143,0.2857142857142857,0.4920455515384674,0.3920455515384674
SYSRTEN,0.48655837774276733,1.6013503074645996,0.5714285714285714,0.1428571428571428,0.6805171966552734,0.5305171966552734
VYRRANN,-2.734534502029419,0.48155802488327026,0.5714285714285714,0.1428571428571428,0.3167243897914886,0.1667243897914886
VARSSNN,2.3998687267303467,-1.889664649963379,0.4285714285714285,0.2857142857142857,0.3457857668399811,0.1457857668399811
VYRGSNN,2.0714051723480225,-1.0116535425186157,0.4285714285714285,0.2857142857142857,0.4461358785629272,0.2461358785629272
VYKSSAN,2.0372281074523926,-2.046663761138916,0.4285714285714285,0.2857142857142857,0.3278419375419616,0.1278419375419617
WYHRLEN,-2.0362203121185303,1.386455774307251,0.7142857142857143,0.1428571428571428,0.3955925703048706,0.2955925703048706
QYRRGNN,-2.4091501235961914,-0.1517850011587143,0.5714285714285714,0.1428571428571428,0.3534735739231109,0.2034735739231109
IYSRSGN,1.5717068910598755,1.7687324285507202,0.4285714285714285,0.0,0.7639132142066956,0.5639132142066956
IPSRQLS,1.6197656393051147,-2.929008960723877,0.7142857142857143,0.4285714285714285,0.2269964665174484,0.1269964665174484
TNHRSNN,1.340541124343872,-2.0989694595336914,0.5714285714285714,0.2857142857142857,0.3218637704849243,0.1718637704849243
YSRGGNN,2.919302463531494,2.5186665058135986,0.1428571428571428,0.1428571428571428,0.8496250510215759,0.5496250510215759
YHTRGAN,1.1200674772262573,-0.8314621448516846,0.4285714285714285,0.2857142857142857,0.4667304158210754,0.2667304158210755
YSMRLAV,-0.36757805943489075,-1.8781346082687378,0.5714285714285714,0.2857142857142857,0.3471035361289978,0.1971035361289978
YYSSAGN,-0.3442120850086212,-2.533196210861206,0.5714285714285714,0.1428571428571428,0.2722349166870117,0.1222349166870117
ISSRYEN,0.3017610013484955,-2.3964040279388428,0.7142857142857143,0.2857142857142857,0.287869244813919,0.1878692448139191
YSSRFEN,0.17677725851535797,-1.5698113441467285,0.5714285714285714,0.2857142857142857,0.3823426067829132,0.2323426067829132
IYHRASN,0.3147515058517456,1.4827139377593994,0.5714285714285714,0.1428571428571428,0.6611132025718689,0.5111132025718689
IYSISNN,-0.10499264299869537,-2.2308027744293213,0.4285714285714285,0.1428571428571428,0.3067962229251861,0.1067962229251861
QYSRSNY,-1.0354483127593994,0.7056592702865601,0.5714285714285714,0.1428571428571428,0.50862056016922,0.3586205601692199
YYRMSNN,-0.830958902835846,-0.17007121443748474,0.2857142857142857,0.1428571428571428,0.5317157506942749,0.2817157506942749
YYVRNNN,-0.6676251888275146,0.5849823355674744,0.5714285714285714,0.1428571428571428,0.5501627326011658,0.4001627326011657
YYSRLNN,-1.3833446502685547,0.693981409072876,0.5714285714285714,0.0,0.4693288505077362,0.3193288505077362
IYSRQVM,-0.8779346346855164,2.0760467052459717,0.4285714285714285,0.2857142857142857,0.5264102816581726,0.3264102816581726
YSLSPEN,-0.3067794442176819,-2.5928587913513184,0.5714285714285714,0.2857142857142857,0.2654159069061279,0.1154159069061279
SYRRSTF,-3.5585131645202637,1.090066909790039,0.5714285714285714,0.4285714285714285,0.2236635982990265,0.0736635982990265
YYHRQNN,-1.141427755355835,0.3130018413066864,0.5714285714285714,0.1428571428571428,0.4966511130332947,0.3466511130332946
YSRISNN,2.958439588546753,2.3349082469940186,0.2857142857142857,0.0,0.8286228775978088,0.5786228775978088
SYHRSST,0.876466691493988,1.387302041053772,0.5714285714285714,0.0,0.7203185558319092,0.5703185558319092
YSRLGQD,2.593733549118042,2.350282669067383,0.2857142857142857,0.0,0.8303800821304321,0.5803800821304321
YSRLGQD,2.593733549118042,2.350282669067383,0.2857142857142857,0.0,0.8303800821304321,0.5803800821304321
YSRVDEL,0.932559609413147,1.4018746614456177,0.5714285714285714,0.0,0.7219840884208679,0.5719840884208679
HYSRSPN,0.7927325367927551,1.4149210453033447,0.5714285714285714,0.0,0.7150967717170715,0.5650967717170715
HYSRSPN,0.7927325367927551,1.4149210453033447,0.5714285714285714,0.0,0.7150967717170715,0.5650967717170715
YSRSSPN,2.597914934158325,2.374415636062622,0.2857142857142857,0.0,0.8331382274627686,0.5831382274627686
YSRSSPN,2.597914934158325,2.374415636062622,0.2857142857142857,0.0,0.8331382274627686,0.5831382274627686
YSRSSPN,2.597914934158325,2.374415636062622,0.2857142857142857,0.0,0.8331382274627686,0.5831382274627686
YSRSSPN,2.597914934158325,2.374415636062622,0.2857142857142857,0.0,0.8331382274627686,0.5831382274627686
YSRSQSN,1.6020078659057617,1.911088228225708,0.4285714285714285,0.0,0.7801833748817444,0.5801833748817444
YSRSQSN,1.6020078659057617,1.911088228225708,0.4285714285714285,0.0,0.7801833748817444,0.5801833748817444
VYHRGSN,0.7546353340148926,1.441296100616455,0.5714285714285714,0.0,0.7107940316200256,0.5607940316200256
VYHRGSN,0.7546353340148926,1.441296100616455,0.5714285714285714,0.0,0.7107940316200256,0.5607940316200256
IYHRGSN,0.7749402523040771,1.4427777528762817,0.5714285714285714,0.0,0.7130873203277588,0.5630873203277588
IYHRGSN,0.7749402523040771,1.4427777528762817,0.5714285714285714,0.0,0.7130873203277588,0.5630873203277588
IYHRGSN,0.7749402523040771,1.4427777528762817,0.5714285714285714,0.0,0.7130873203277588,0.5630873203277588
IYHRGSN,0.7749402523040771,1.4427777528762817,0.5714285714285714,0.0,0.7130873203277588,0.5630873203277588
TYTRSTN,1.59111750125885,1.9248038530349731,0.4285714285714285,0.0,0.7817509770393372,0.5817509770393372
VYTRASN,1.4594546556472778,1.9316715002059937,0.4285714285714285,0.0,0.7825359106063843,0.5825359106063843
QYSRSNA,1.9483537673950195,1.4585751295089722,0.5714285714285714,0.0,0.7284645438194275,0.5784645438194275
YSRSPLN,2.0026628971099854,1.9378924369812012,0.4285714285714285,0.0,0.7832469344139099,0.58324693441391
YSRSQNP,2.1303699016571045,1.4667940139770508,0.5714285714285714,0.0,0.7294039130210876,0.5794039130210876
IYSRSSN,1.440469741821289,1.947092890739441,0.4285714285714285,0.0,0.7842984795570374,0.5842984795570374
IYSRSSN,1.440469741821289,1.947092890739441,0.4285714285714285,0.0,0.7842984795570374,0.5842984795570374
YHRLGND,2.4056155681610107,2.9005753993988037,0.1428571428571428,0.0,0.8932744264602661,0.5932744264602661
YSRSINN,2.091066837310791,1.9562560319900513,0.4285714285714285,0.0,0.785345733165741,0.585345733165741
YSRSINN,2.091066837310791,1.9562560319900513,0.4285714285714285,0.0,0.785345733165741,0.585345733165741
YSRSINN,2.091066837310791,1.9562560319900513,0.4285714285714285,0.0,0.785345733165741,0.585345733165741
QYSRGSN,1.5451799631118774,1.4965078830718994,0.5714285714285714,0.0,0.7327999472618103,0.5827999472618103
QYSRNNP,1.5083811283111572,1.5115464925765991,0.5714285714285714,0.0,0.7345187664031982,0.5845187664031982
SYHRPNN,0.5521334409713745,1.0383319854736328,0.7142857142857143,0.0,0.6804338693618774,0.5804338693618775
SYSRSSN,1.1422529220581055,1.515839695930481,0.5714285714285714,0.0,0.7350094318389893,0.5850094318389892
SYSRLHE,0.7578845620155334,1.5178667306900024,0.5714285714285714,0.0,0.7111609578132629,0.5611609578132629
YLHRGNS,0.6472460627555847,1.0436344146728516,0.7142857142857143,0.0,0.6810399293899536,0.5810399293899536
YLHRGNS,0.6472460627555847,1.0436344146728516,0.7142857142857143,0.0,0.6810399293899536,0.5810399293899536
IYHRSAN,0.5817400217056274,1.5826431512832642,0.5714285714285714,0.0,0.6912670731544495,0.5412670731544494
IYHRSEN,0.7110471725463867,1.5264701843261719,0.5714285714285714,0.0,0.7058711647987366,0.5558711647987366
IYHRSEN,0.7110471725463867,1.5264701843261719,0.5714285714285714,0.0,0.7058711647987366,0.5558711647987366
VYSRIGS,1.0379196405410767,2.0885653495788574,0.4285714285714285,0.0,0.7427883744239807,0.5427883744239808
IYHRSNG,0.8296962380409241,1.531541347503662,0.5714285714285714,0.0,0.7192714810371399,0.5692714810371399
QYVRSAN,1.1845234632492065,1.532400131225586,0.5714285714285714,0.0,0.7369021773338318,0.5869021773338318
SYSRSEN,0.5977537631988525,2.2665903568267822,0.5714285714285714,0.0,0.6930756568908691,0.5430756568908691
QYSRSND,1.1993532180786133,1.5455397367477417,0.5714285714285714,0.0,0.7384039759635925,0.5884039759635925
YHRVGSN,1.222070336341858,2.021982192993164,0.4285714285714285,0.0,0.7635864615440369,0.5635864615440369
QYVRSSE,0.8793430328369141,1.552398681640625,0.5714285714285714,0.0,0.7248786091804504,0.5748786091804504
SYSRLGN,0.6304323673248291,1.6012439727783203,0.5714285714285714,0.0,0.6967664361000061,0.5467664361000061
VYARSAN,1.2697478532791138,2.0576982498168945,0.4285714285714285,0.0,0.7689712047576904,0.5689712047576905
VYSRPPN,1.3658779859542847,1.5837769508361816,0.5714285714285714,0.0,0.7427741885185242,0.5927741885185241
VYHRANN,0.8740494847297668,1.5839598178863525,0.5714285714285714,0.0,0.7242807745933533,0.5742807745933532
YSRSSVQ,1.976434350013733,1.5923123359680176,0.5714285714285714,0.0,0.743749737739563,0.593749737739563
YSRSSNQ,2.235509157180786,2.0813941955566406,0.4285714285714285,0.0,0.799648106098175,0.5996481060981751
YSRSSNQ,2.235509157180786,2.0813941955566406,0.4285714285714285,0.0,0.799648106098175,0.5996481060981751
QYSRGSQ,1.0115461349487305,1.1389461755752563,0.7142857142857143,0.0,0.6919333338737488,0.5919333338737488
YSRQLNN,2.7105958461761475,2.0964601039886475,0.4285714285714285,0.0,0.8013700842857361,0.6013700842857361
YSRSLGN,1.5712090730667114,2.120896100997925,0.4285714285714285,0.0,0.8030185103416443,0.6030185103416443
YSRSPGE,1.8658947944641113,1.645357608795166,0.5714285714285714,0.0,0.7498123645782471,0.599812364578247
YSRSANN,2.7788655757904053,2.5977861881256104,0.2857142857142857,0.0,0.8586678504943848,0.6086678504943848
QYSRSAN,1.5230978727340698,1.6478313207626343,0.5714285714285714,0.0,0.7500951290130615,0.6000951290130615
YSRVLGN,1.4600673913955688,2.137068271636963,0.4285714285714285,0.0,0.7904660701751709,0.5904660701751709
YSRVLGN,1.4600673913955688,2.137068271636963,0.4285714285714285,0.0,0.7904660701751709,0.5904660701751709
IYTRATV,0.7838273644447327,1.6613857746124268,0.5714285714285714,0.0,0.7140910029411316,0.5640910029411316
YSRSLVN,1.1651840209960938,2.2716965675354004,0.4285714285714285,0.0,0.7571617364883423,0.5571617364883423
YSRSLVN,1.1651840209960938,2.2716965675354004,0.4285714285714285,0.0,0.7571617364883423,0.5571617364883423
VYTRANV,1.1700628995895386,3.1846587657928467,0.4285714285714285,0.0,0.7577127814292908,0.5577127814292908
QYHRANN,0.8508756756782532,1.2021807432174683,0.7142857142857143,0.0,0.6991605758666992,0.5991605758666992
VYHRGLN,0.7348124980926514,2.4616787433624268,0.5714285714285714,0.0,0.7085552215576172,0.5585552215576172
YSRSGNN,2.8404319286346436,2.65136456489563,0.2857142857142857,0.0,0.8647914528846741,0.6147914528846741
VYARSSN,1.1999764442443848,2.569692850112915,0.4285714285714285,0.0,0.7610911726951599,0.56109117269516
TYSRGTN,1.5971348285675049,1.7018580436706543,0.5714285714285714,0.0,0.7562699913978577,0.6062699913978576
IYSRSNN,1.209181785583496,3.098268508911133,0.4285714285714285,0.0,0.762130856513977,0.5621308565139771
IYSRSNN,1.209181785583496,3.098268508911133,0.4285714285714285,0.0,0.762130856513977,0.5621308565139771
IYSRSNN,1.209181785583496,3.098268508911133,0.4285714285714285,0.0,0.762130856513977,0.5621308565139771
IYSRSNN,1.209181785583496,3.098268508911133,0.4285714285714285,0.0,0.762130856513977,0.5621308565139771
SYHRSNN,0.7627543807029724,2.127140998840332,0.5714285714285714,0.0,0.7117109894752502,0.5617109894752502
SYHRSNN,0.7627543807029724,2.127140998840332,0.5714285714285714,0.0,0.7117109894752502,0.5617109894752502
SYHRSNN,0.7627543807029724,2.127140998840332,0.5714285714285714,0.0,0.7117109894752502,0.5617109894752502
SYHRSNN,0.7627543807029724,2.127140998840332,0.5714285714285714,0.0,0.7117109894752502,0.5617109894752502
SYHRSNN,0.7627543807029724,2.127140998840332,0.5714285714285714,0.0,0.7117109894752502,0.5617109894752502
YSRLGQN,2.523437738418579,2.67421555519104,0.2857142857142857,0.0,0.8674031496047974,0.6174031496047974
YSRLGQN,2.523437738418579,2.67421555519104,0.2857142857142857,0.0,0.8674031496047974,0.6174031496047974
QYTRSSN,1.2221978902816772,2.6413755416870117,0.4285714285714285,0.0,0.7636009454727173,0.5636009454727173
YSRSQAN,1.7623904943466187,2.207921266555786,0.4285714285714285,0.0,0.814109206199646,0.614109206199646
IYHRANN,0.33326804637908936,1.7570427656173706,0.7142857142857143,0.0,0.6632044911384583,0.5632044911384583
IYHRANN,0.33326804637908936,1.7570427656173706,0.7142857142857143,0.0,0.6632044911384583,0.5632044911384583
IYSRTNN,0.7924732565879822,2.7223355770111084,0.5714285714285714,0.0,0.715067446231842,0.565067446231842
VYSRGNN,1.0391335487365723,1.753395676612854,0.5714285714285714,0.0,0.7429254651069641,0.5929254651069641
QYSRSNE,0.8811636567115784,1.7570844888687134,0.5714285714285714,0.0,0.7250842452049255,0.5750842452049255
VYHRGNN,0.8171966671943665,1.7982733249664307,0.5714285714285714,0.0,0.7178597450256348,0.5678597450256347
VYHRGNN,0.8171966671943665,1.7982733249664307,0.5714285714285714,0.0,0.7178597450256348,0.5678597450256347
VYHRGNN,0.8171966671943665,1.7982733249664307,0.5714285714285714,0.0,0.7178597450256348,0.5678597450256347
MYSRSNN,1.5054917335510254,1.7826772928237915,0.5714285714285714,0.0,0.7655069828033447,0.6155069828033447
MYSRSNN,1.5054917335510254,1.7826772928237915,0.5714285714285714,0.0,0.7655069828033447,0.6155069828033447
MYSRSNN,1.5054917335510254,1.7826772928237915,0.5714285714285714,0.0,0.7655069828033447,0.6155069828033447
MYSRSNN,1.5054917335510254,1.7826772928237915,0.5714285714285714,0.0,0.7655069828033447,0.6155069828033447
IYSRSAN,1.4985451698303223,2.275128126144409,0.4285714285714285,0.0,0.7948117852210999,0.5948117852210999
VYSRVAN,0.8509868383407593,2.5880870819091797,0.5714285714285714,0.0,0.7216760516166687,0.5716760516166687
IYSRSPN,1.3657299280166626,2.306851625442505,0.4285714285714285,0.0,0.7798115015029907,0.5798115015029908
SYHRANT,0.7835583090782166,1.3586664199829102,0.7142857142857143,0.0,0.7140606045722961,0.6140606045722962
SYSRTNL,1.168756365776062,1.8445312976837158,0.5714285714285714,0.0,0.7575652003288269,0.6075652003288269
YSRSSGN,2.498208522796631,2.3260834217071533,0.4285714285714285,0.0,0.8276142477989197,0.6276142477989197
YSRSSGN,2.498208522796631,2.3260834217071533,0.4285714285714285,0.0,0.8276142477989197,0.6276142477989197
YSRVSNN,2.917630195617676,2.8026349544525146,0.2857142857142857,0.0,0.8820805549621582,0.6320805549621582
YSRSSAN,2.5067453384399414,2.3360517024993896,0.4285714285714285,0.0,0.8287535905838013,0.6287535905838013
MYSRANN,1.9002363681793213,1.3881070613861084,0.7142857142857143,0.0,0.7204105854034424,0.6204105854034424
YSRSGPN,2.7878224849700928,3.3061652183532715,0.1428571428571428,0.0,0.9396303296089172,0.6396303296089172
YSRSLNN,2.0125224590301514,2.3630013465881348,0.4285714285714285,0.0,0.8318337202072144,0.6318337202072144
YSRSLNN,2.0125224590301514,2.3630013465881348,0.4285714285714285,0.0,0.8318337202072144,0.6318337202072144
SYHRSPN,1.009524941444397,1.9068986177444458,0.5714285714285714,0.0,0.7395814657211304,0.5895814657211303
VYTRANN,1.4377975463867188,2.749725580215454,0.4285714285714285,0.0,0.7879509329795837,0.5879509329795838
VYTRANN,1.4377975463867188,2.749725580215454,0.4285714285714285,0.0,0.7879509329795837,0.5879509329795838
VYTRANN,1.4377975463867188,2.749725580215454,0.4285714285714285,0.0,0.7879509329795837,0.5879509329795838
VYTRANN,1.4377975463867188,2.749725580215454,0.4285714285714285,0.0,0.7879509329795837,0.5879509329795838
VYTRANN,1.4377975463867188,2.749725580215454,0.4285714285714285,0.0,0.7879509329795837,0.5879509329795838
VYTRANN,1.4377975463867188,2.749725580215454,0.4285714285714285,0.0,0.7879509329795837,0.5879509329795838
YSRSGSN,2.758145809173584,2.9118716716766357,0.2857142857142857,0.0,0.8945655226707458,0.6445655226707458
YSRSGSN,2.758145809173584,2.9118716716766357,0.2857142857142857,0.0,0.8945655226707458,0.6445655226707458
YSRLSNN,3.315321445465088,3.4239096641540527,0.1428571428571428,0.0,0.9530876278877258,0.6530876278877258
YSRGSPN,2.7337636947631836,3.429210901260376,0.1428571428571428,0.0,0.9343183636665344,0.6343183636665344
YSRGSPN,2.7337636947631836,3.429210901260376,0.1428571428571428,0.0,0.9343183636665344,0.6343183636665344
TYSRSNN,1.0697753429412842,2.0232675075531006,0.5714285714285714,0.0,0.7463862299919128,0.5963862299919128
TYSRSNN,1.0697753429412842,2.0232675075531006,0.5714285714285714,0.0,0.7463862299919128,0.5963862299919128
TYSRSNN,1.0697753429412842,2.0232675075531006,0.5714285714285714,0.0,0.7463862299919128,0.5963862299919128
SYSRSNN,1.0727022886276245,2.1194589138031006,0.5714285714285714,0.0,0.7467167973518372,0.5967167973518371
SYSRSNN,1.0727022886276245,2.1194589138031006,0.5714285714285714,0.0,0.7467167973518372,0.5967167973518371
SYSRSNN,1.0727022886276245,2.1194589138031006,0.5714285714285714,0.0,0.7467167973518372,0.5967167973518371
SYSRSNN,1.0727022886276245,2.1194589138031006,0.5714285714285714,0.0,0.7467167973518372,0.5967167973518371
SYSRSNN,1.0727022886276245,2.1194589138031006,0.5714285714285714,0.0,0.7467167973518372,0.5967167973518371
QYSRSNN,1.1347072124481201,2.8329105377197266,0.5714285714285714,0.0,0.753719687461853,0.603719687461853
QYSRSNN,1.1347072124481201,2.8329105377197266,0.5714285714285714,0.0,0.753719687461853,0.603719687461853
QYSRSNN,1.1347072124481201,2.8329105377197266,0.5714285714285714,0.0,0.753719687461853,0.603719687461853
QYSRSNN,1.1347072124481201,2.8329105377197266,0.5714285714285714,0.0,0.753719687461853,0.603719687461853
QYSRSNN,1.1347072124481201,2.8329105377197266,0.5714285714285714,0.0,0.753719687461853,0.603719687461853
QYSRSSN,1.2236515283584595,2.193639039993286,0.5714285714285714,0.0,0.7637650966644287,0.6137650966644287
IYSRGNP,1.5843440294265747,2.221428632736206,0.5714285714285714,0.0,0.8045019507408142,0.6545019507408142
QYSRSTN,1.287840723991394,2.425595283508301,0.5714285714285714,0.0,0.7710146903991699,0.6210146903991699
QYSRSTN,1.287840723991394,2.425595283508301,0.5714285714285714,0.0,0.7710146903991699,0.6210146903991699
QYSRLNN,1.0643407106399536,3.376476526260376,0.7142857142857143,0.0,0.7457723617553711,0.6457723617553711
YSRLSQN,2.523674249649048,3.461937665939331,0.2857142857142857,0.0,0.910590648651123,0.660590648651123
