seq,fitness_pred,htfr1_pred,ref_dist,div_prev,reward_signal,final_score
YYRHFAV,-2.976249933242798,-0.22864854335784912,0.7142857142857143,0.2857142857142857,0.2577002942562103,0.1577002942562103
SSHNVNW,-1.0631858110427856,-1.1220428943634033,0.7142857142857143,0.4285714285714285,0.4403430223464966,0.3403430223464966
LYHIVNN,-2.012158155441284,-2.122035264968872,0.5714285714285714,0.1428571428571428,0.337422639131546,0.187422639131546
IYRSRQN,-2.879443883895874,-0.46920245885849,0.5714285714285714,0.4285714285714285,0.269121766090393,0.119121766090393
VYRELSN,0.7268251180648804,-1.5123926401138306,0.5714285714285714,0.2857142857142857,0.4001677930355072,0.2501677930355072
IMMRKWN,-3.779086112976074,-0.7475318908691406,0.7142857142857143,0.4285714285714285,0.1629790961742401,0.0629790961742401
AYMIGEN,-1.5693068504333496,-3.0216832160949707,0.5714285714285714,0.4285714285714285,0.2448298186063766,0.0948298186063766
YHHNSSN,0.3932415544986725,-0.9395998120307922,0.4285714285714285,0.1428571428571428,0.4591202735900879,0.2591202735900879
ISFRVDN,-0.38660988211631775,-3.0538086891174316,0.5714285714285714,0.4285714285714285,0.2415234297513961,0.0915234297513961
PYHLHTD,-0.7894739508628845,-2.0915629863739014,0.5714285714285714,0.4285714285714285,0.3405588865280151,0.1905588865280151
QYHKANT,2.0647366046905518,0.0168771892786026,0.5714285714285714,0.2857142857142857,0.5575620532035828,0.4075620532035827
RWETADM,-0.3432649075984955,-3.0113778114318848,0.7142857142857143,0.7142857142857143,0.2458904683589935,0.1458904683589935
PLRRMHN,-3.995131015777588,-0.43230658769607544,0.7142857142857143,0.4285714285714285,0.1374894231557846,0.0374894231557846
ASHRSIA,-0.05695535987615585,-1.9297904968261719,0.5714285714285714,0.1428571428571428,0.3572086989879608,0.2072086989879608
IHWRSEN,-1.228447437286377,0.7871302366256714,0.5714285714285714,0.1428571428571428,0.46391162276268,0.31391162276268
HYRIVNN,-1.3220707178115845,-0.2540343403816223,0.5714285714285714,0.1428571428571428,0.4528656601905823,0.3028656601905822
EMSVSQE,-0.5477492809295654,-4.82144021987915,0.7142857142857143,0.5714285714285714,0.0595967099070549,0.0
SKHALDN,-0.2070685625076294,-2.8452260494232178,0.5714285714285714,0.1428571428571428,0.2629910111427307,0.1129910111427307
DTSRGNS,1.325430989265442,-4.193241119384766,0.7142857142857143,0.4285714285714285,0.1242517009377479,0.0242517009377479
YIHRHSN,-0.6127673387527466,0.07756242901086807,0.7142857142857143,0.1428571428571428,0.5365515351295471,0.4365515351295471
KSRPLST,-2.0976715087890625,-2.0173914432525635,0.5714285714285714,0.2857142857142857,0.3481927216053009,0.1981927216053009
HSCWFVN,-5.16046142578125,1.1930104494094849,0.5714285714285714,0.4285714285714285,0.0,0.0
WYHWNGN,-3.1498279571533203,0.5174200534820557,0.7142857142857143,0.4285714285714285,0.2372209876775741,0.1372209876775741
WSRKSEQ,0.6206986904144287,-0.31137990951538086,0.5714285714285714,0.1428571428571428,0.523777425289154,0.373777425289154
NYFRGNN,-1.3311190605163574,-0.2298390418291092,0.5714285714285714,0.2857142857142857,0.4517981112003326,0.3017981112003326
QGSRGRA,-2.8253395557403564,-1.1131978034973145,0.7142857142857143,0.4285714285714285,0.2755051553249359,0.1755051553249359
YPIKINW,-1.9521002769470215,-0.1311355084180832,0.7142857142857143,0.4285714285714285,0.378532737493515,0.278532737493515
YFGCKNF,-3.8646163940429688,-0.2735465168952942,0.7142857142857143,0.2857142857142857,0.1528879553079605,0.0528879553079605
QMRSSAN,1.5361688137054443,-2.7308712005615234,0.5714285714285714,0.2857142857142857,0.2747605443000793,0.1247605443000793
YYVGYAN,-2.705103635787964,0.6778272390365601,0.5714285714285714,0.2857142857142857,0.2896910011768341,0.1396910011768341
NYHRDNA,1.6049888134002686,-1.1425435543060303,0.7142857142857143,0.2857142857142857,0.4382331073284149,0.3382331073284149
HYLSNAI,-1.0417065620422363,-2.6739819049835205,0.7142857142857143,0.4285714285714285,0.2806156575679779,0.1806156575679779
HKSAHFN,0.20201009511947632,-1.3853236436843872,0.7142857142857143,0.2857142857142857,0.4132458865642547,0.3132458865642548
FYHRSSQ,-2.190469980239868,1.075824499130249,0.5714285714285714,0.2857142857142857,0.3504091203212738,0.2004091203212738
YSHRSVN,1.0718961954116821,1.0182483196258545,0.5714285714285714,0.1428571428571428,0.6606243252754211,0.5106243252754211
YYSRQEN,-0.5480969548225403,-0.7861093878746033,0.7142857142857143,0.1428571428571428,0.4749177098274231,0.3749177098274231
YYRRIIP,-3.826322317123413,0.8513112664222717,0.5714285714285714,0.2857142857142857,0.1574060171842575,0.0074060171842575
GHDESNC,-4.0581889152526855,-1.7890809774398804,0.5714285714285714,0.5714285714285714,0.1300496459007263,0.0
KTRLSSR,-3.8236196041107178,0.5474593639373779,0.4285714285714285,0.4285714285714285,0.1577248871326446,0.0
PSSRQNN,0.7560173869132996,-3.9957478046417236,0.7142857142857143,0.2857142857142857,0.1445779502391815,0.0445779502391815
CRHRINN,-4.305912494659424,0.6168003678321838,0.7142857142857143,0.2857142857142857,0.1008224263787269,0.0008224263787269
YYHVQTG,-1.0152374505996704,-0.8236119747161865,0.5714285714285714,0.2857142857142857,0.4710579216480255,0.3210579216480255
YSHRKKT,-3.086118698120117,1.207376480102539,0.5714285714285714,0.2857142857142857,0.2447376102209091,0.0947376102209091
WSNRRNW,-3.0124671459198,0.05332957208156586,0.5714285714285714,0.2857142857142857,0.2534272670745849,0.1034272670745849
LHVCHFP,-4.599043369293213,-0.22471819818019867,0.7142857142857143,0.7142857142857143,0.0662379041314125,0.0
TVSRSNE,0.7859798073768616,-3.299961566925049,0.5714285714285714,0.2857142857142857,0.2161890864372253,0.0661890864372253
IFIPMET,-3.0975894927978516,-1.9800149202346802,0.7142857142857143,0.4285714285714285,0.2433842420578003,0.1433842420578003
HFERTNA,1.0485596656799316,-3.009446144104004,0.7142857142857143,0.2857142857142857,0.2460892796516418,0.1460892796516418
YVIRVVS,-1.823371410369873,-0.9379899501800537,0.5714285714285714,0.2857142857142857,0.3937205970287323,0.2437205970287323
YTRVNEN,1.0497301816940308,-1.603890061378479,0.4285714285714285,0.1428571428571428,0.3907507658004761,0.1907507658004761
NQHRGKT,-3.38638973236084,-0.1772557646036148,0.7142857142857143,0.4285714285714285,0.2093106657266616,0.1093106657266616
KHMDNGP,0.5305433869361877,-3.864715814590454,0.7142857142857143,0.5714285714285714,0.158063918352127,0.058063918352127
LYHRSNI,-0.3245861232280731,1.3852344751358032,0.5714285714285714,0.2857142857142857,0.5705521106719971,0.420552110671997
VFTWPAQ,-3.730464220046997,-0.1598280966281891,0.7142857142857143,0.5714285714285714,0.1687156558036804,0.0687156558036804
YRHCVCI,-4.022270202636719,-0.01647212915122509,0.7142857142857143,0.4285714285714285,0.1342874467372894,0.0342874467372894
NYLCSWE,-4.867562294006348,0.8432562947273254,0.7142857142857143,0.4285714285714285,0.0345571786165237,0.0
TMTSHGN,0.06782129406929016,-4.206456184387207,0.7142857142857143,0.4285714285714285,0.1228915974497795,0.0228915974497795
IMRLGKG,-2.2207021713256836,-1.0821609497070312,0.5714285714285714,0.4285714285714285,0.3468422293663025,0.1968422293663025
YYSRIIP,-2.7900071144104004,-0.12288399040699005,0.5714285714285714,0.1428571428571428,0.2796738147735595,0.1296738147735595
QHHRSSP,0.5242488384246826,0.5105960369110107,0.5714285714285714,0.2857142857142857,0.608376145362854,0.458376145362854
SYHWAIE,-2.9528541564941406,0.27046507596969604,0.7142857142857143,0.2857142857142857,0.2604605853557586,0.1604605853557587
VSLHYNA,-0.47626054286956787,-2.979832649230957,0.7142857142857143,0.5714285714285714,0.249137133359909,0.149137133359909
YAHFWNN,-2.5799789428710938,0.11496209353208542,0.5714285714285714,0.2857142857142857,0.3044536113739013,0.1544536113739013
YVRHSNA,1.548617959022522,-0.08491536229848862,0.4285714285714285,0.2857142857142857,0.5470854640007019,0.3470854640007019
YSHHHGN,0.5470962524414062,0.05875203013420105,0.5714285714285714,0.1428571428571428,0.5618718266487122,0.4118718266487121
NYHRSDN,0.5615723729133606,-0.15703614056110382,0.5714285714285714,0.1428571428571428,0.5396626591682434,0.3896626591682434
YMRSQNN,1.6613346338272095,-0.34221023321151733,0.4285714285714285,0.1428571428571428,0.5206043124198914,0.3206043124198914
GNNRSMS,1.370254635810852,-3.673102855682373,0.5714285714285714,0.5714285714285714,0.1777849495410919,0.0277849495410919
EANRDIA,0.43203458189964294,-4.178814888000488,0.7142857142857143,0.5714285714285714,0.1257364749908447,0.0257364749908447
HYHSAQM,0.3671829402446747,-1.415548324584961,0.7142857142857143,0.4285714285714285,0.4101351201534271,0.3101351201534271
SYSASNR,1.0182048082351685,-2.425539493560791,0.5714285714285714,0.2857142857142857,0.306185632944107,0.156185632944107
YSRYTSA,1.0090333223342896,-0.12377682328224182,0.5714285714285714,0.4285714285714285,0.5430857539176941,0.393085753917694
HHRVASG,0.593894898891449,-1.5006868839263916,0.5714285714285714,0.4285714285714285,0.4013725519180298,0.2513725519180297
EYSRKWY,-2.78409743309021,0.4134424030780792,0.7142857142857143,0.1428571428571428,0.2803710401058197,0.1803710401058197
AHRHNGN,0.5156142115592957,-0.8586586117744446,0.5714285714285714,0.1428571428571428,0.4674508571624756,0.3174508571624755
QSHRMTN,1.057826042175293,-1.7472953796386719,0.7142857142857143,0.2857142857142857,0.3759913146495819,0.2759913146495819
YSRSINI,0.17099961638450623,1.2595943212509155,0.5714285714285714,0.1428571428571428,0.6290228962898254,0.4790228962898254
HPHWHTE,-1.1239339113235474,-1.7962090969085693,0.7142857142857143,0.5714285714285714,0.37095707654953,0.27095707654953
WQMSMLQ,-2.9445042610168457,-2.341097831726074,0.7142857142857143,0.5714285714285714,0.2614457309246063,0.1614457309246063
KQHIDNT,0.43725451827049255,-4.079311370849609,0.7142857142857143,0.5714285714285714,0.135977491736412,0.035977491736412
YHIVGPN,-0.7230976223945618,-1.7858961820602417,0.4285714285714285,0.2857142857142857,0.3720184564590454,0.1720184564590454
VYSNSVN,-0.0428524911403656,-2.1342921257019043,0.4285714285714285,0.2857142857142857,0.3361611664295196,0.1361611664295196
QSRCSNK,-4.546054363250732,0.6573365330696106,0.5714285714285714,0.2857142857142857,0.0724897161126136,0.0
YSRSPCN,-3.4145116806030273,1.851503610610962,0.4285714285714285,0.2857142857142857,0.2059927582740783,0.0059927582740783
QSRSINW,-1.7902984619140625,-0.7500432133674622,0.7142857142857143,0.2857142857142857,0.3976226449012756,0.2976226449012756
YYYYSDN,-3.8366246223449707,0.7861544489860535,0.5714285714285714,0.2857142857142857,0.1561905145645141,0.0061905145645141
TYILTNT,-1.0665274858474731,-2.6833934783935547,0.7142857142857143,0.4285714285714285,0.2796469926834106,0.1796469926834106
YYHKGNT,0.19787652790546417,0.4912593960762024,0.5714285714285714,0.0,0.6063860654830933,0.4563860654830932
YSRISSN,2.9872701168060303,1.9567248821258545,0.2857142857142857,0.1428571428571428,0.7572134137153625,0.5072134137153625
VYHRINY,-2.330338716506958,1.561442494392395,0.5714285714285714,0.2857142857142857,0.3339069485664367,0.1839069485664367
IYTLGRN,-1.0710760354995728,-1.5658999681472778,0.7142857142857143,0.4285714285714285,0.3946607708930969,0.2946607708930969
IYHRSEN,0.7110471725463867,1.5264701843261719,0.5714285714285714,0.0,0.6927394270896912,0.5427394270896911
YLTNKEN,1.2705588340759277,-3.368342399597168,0.5714285714285714,0.5714285714285714,0.2091512531042099,0.0591512531042099
VYQTSAN,0.36675500869750977,-3.2052323818206787,0.5714285714285714,0.2857142857142857,0.2259387224912643,0.0759387224912643
LYERGSN,1.0235193967819214,-2.3417725563049316,0.4285714285714285,0.2857142857142857,0.3148070275783539,0.1148070275783539
YYHRFFN,-3.1533589363098145,0.888120174407959,0.7142857142857143,0.1428571428571428,0.2368043959140777,0.1368043959140777
YHHKGNS,1.247151255607605,0.23628346621990204,0.5714285714285714,0.2857142857142857,0.5801435708999634,0.4301435708999633
VYRPLES,0.2980671226978302,-2.1071159839630127,0.5714285714285714,0.2857142857142857,0.3389581739902496,0.1889581739902496
YDRRLLQ,-1.3263661861419678,-1.3481427431106567,0.5714285714285714,0.2857142857142857,0.417072594165802,0.267072594165802
SPRRDFV,0.4225262999534607,-2.6268415451049805,0.5714285714285714,0.5714285714285714,0.2854673862457275,0.1354673862457275
YYPRMNN,-1.243719458580017,-0.9898103475570679,0.5714285714285714,0.2857142857142857,0.4539525508880615,0.3039525508880615
YSHLEAN,0.23923109471797943,-1.7633771896362305,0.4285714285714285,0.2857142857142857,0.3743361532688141,0.1743361532688141
YSRSKNF,-2.258403778076172,0.3701890707015991,0.5714285714285714,0.2857142857142857,0.342394083738327,0.192394083738327
SYSRLNN,0.6691986322402954,3.2765274047851562,0.5714285714285714,0.1428571428571428,0.6878019571304321,0.5378019571304321
FHRTTSN,1.2357099056243896,-0.058663640171289444,0.4285714285714285,0.2857142857142857,0.5497872829437256,0.3497872829437256
PYATMAV,-1.1492536067962646,-2.224764823913574,0.7142857142857143,0.4285714285714285,0.3268496096134186,0.2268496096134186
GVLWRNE,-2.4244110584259033,-0.6273820400238037,0.5714285714285714,0.5714285714285714,0.3228079974651336,0.1728079974651336
MEWDAAC,-3.8640799522399902,-1.4464675188064575,0.7142857142857143,0.7142857142857143,0.1529512405395507,0.0529512405395507
IDHRSQN,1.2015222311019897,-1.9572529792785645,0.5714285714285714,0.1428571428571428,0.3543822467327118,0.2043822467327118
MYMRSGN,0.41342246532440186,0.23098713159561157,0.5714285714285714,0.2857142857142857,0.5795984864234924,0.4295984864234924
SYPVSAN,0.42998623847961426,-2.870666742324829,0.7142857142857143,0.4285714285714285,0.2603726089000702,0.1603726089000702
YHHASND,0.5710792541503906,-2.3013219833374023,0.4285714285714285,0.2857142857142857,0.318970263004303,0.118970263004303
CYTRFNN,-4.133242607116699,0.7177520394325256,0.5714285714285714,0.2857142857142857,0.1211945712566375,0.0
YHARLHN,-0.4070341885089874,-0.4554254710674286,0.5714285714285714,0.1428571428571428,0.5089521408081055,0.3589521408081054
YCSAGSG,-3.1377809047698975,-1.2722238302230835,0.5714285714285714,0.4285714285714285,0.2386423349380493,0.0886423349380493
PYSRCDQ,-4.084755897521973,2.180706262588501,0.7142857142857143,0.2857142857142857,0.1269151866436004,0.0269151866436004
SYHRENE,0.69282066822052,-1.0983105897903442,0.7142857142857143,0.2857142857142857,0.4427856206893921,0.3427856206893921
YLHPGMN,-0.6529345512390137,-2.474871873855591,0.5714285714285714,0.2857142857142857,0.3011083006858825,0.1511083006858825
WSQIDEI,-1.921451449394226,-3.0424091815948486,0.7142857142857143,0.5714285714285714,0.2426966875791549,0.142696687579155
YSRIKIH,-2.932753801345825,0.5159801840782166,0.4285714285714285,0.2857142857142857,0.2628321051597595,0.0628321051597595
YSHRLAN,0.9701203107833862,-0.3119778633117676,0.5714285714285714,0.2857142857142857,0.5237159132957458,0.3737159132957458
QYHRNNN,0.6549490094184875,-0.4902766942977905,0.7142857142857143,0.1428571428571428,0.5053651332855225,0.4053651332855225
YESVTEY,-1.9019216299057007,-1.7546616792678833,0.7142857142857143,0.4285714285714285,0.3752331733703613,0.2752331733703613
RVRQTFN,-4.243571758270264,-0.3111671209335327,0.7142857142857143,0.4285714285714285,0.1081775873899459,0.0081775873899459
YYSRSNN,0.5108199119567871,0.6452360153198242,0.4285714285714285,0.0,0.6222334504127502,0.4222334504127503
YHKHSLN,1.0952301025390625,0.32169732451438904,0.4285714285714285,0.1428571428571428,0.5889344811439514,0.3889344811439514
VQERNNN,1.1286121606826782,-3.5375783443450928,0.5714285714285714,0.2857142857142857,0.1917332857847213,0.0417332857847213
VQHNQPS,0.5456896424293518,-4.723622798919678,0.7142857142857143,0.2857142857142857,0.0696641951799392,0.0
YHHWLNS,-2.584629774093628,-0.39719292521476746,0.5714285714285714,0.4285714285714285,0.3039048910140991,0.1539048910140991
EYRHSAV,0.4022601246833801,-2.4051122665405273,0.5714285714285714,0.1428571428571428,0.308288037776947,0.158288037776947
VYTRANN,1.4377975463867188,2.749725580215454,0.4285714285714285,0.0,0.7784837484359741,0.5784837484359742
NYSRSTN,1.3717496395111084,0.8604959845542908,0.5714285714285714,0.1428571428571428,0.6443883180618286,0.4943883180618286
HSRRPKN,-2.987492561340332,0.3865448832511902,0.5714285714285714,0.2857142857142857,0.2563738524913788,0.1063738524913787
KKRSSNN,-3.0717408657073975,0.752955973148346,0.4285714285714285,0.2857142857142857,0.2464339584112167,0.0464339584112167
YTLYGMN,-3.3506505489349365,-0.9987711310386658,0.5714285714285714,0.4285714285714285,0.2135272920131683,0.0635272920131683
QSRMGVN,1.1480638980865479,-2.80178165435791,0.2857142857142857,0.4285714285714285,0.2674623429775238,0.0174623429775238
YDHYSPN,-0.9710272550582886,-1.268326759338379,0.4285714285714285,0.4285714285714285,0.4252873361110687,0.2252873361110687
SYSRSNN,1.0727022886276245,2.1194589138031006,0.5714285714285714,0.0,0.7354086637496948,0.5854086637496948
VKKRKNQ,-3.660212755203247,0.8746757507324219,0.7142857142857143,0.5714285714285714,0.1770041584968567,0.0770041584968567
YYGSYDS,-2.5779247283935547,-0.2003328502178192,0.7142857142857143,0.5714285714285714,0.3046959638595581,0.2046959638595581
NYHRGMN,-0.08232633024454117,0.1986423134803772,0.5714285714285714,0.0,0.5762695074081421,0.426269507408142
YLHRSGS,0.22384962439537048,-0.19323112070560455,0.7142857142857143,0.2857142857142857,0.5359374284744263,0.4359374284744263
QCHIGSE,-3.447178363800049,-0.8006579279899597,0.7142857142857143,0.5714285714285714,0.2021386325359344,0.1021386325359344
FSRRTEN,0.463634729385376,-1.8968205451965332,0.5714285714285714,0.2857142857142857,0.3606020212173462,0.2106020212173462
IYHSIHD,-0.9789742231369019,-1.88411283493042,0.7142857142857143,0.4285714285714285,0.3619098961353302,0.2619098961353302
RSFLTAC,-4.200639724731445,-0.25216928124427795,0.5714285714285714,0.4285714285714285,0.1132428422570228,0.0
YYTRQSN,-0.5560886263847351,0.19382014870643616,0.5714285714285714,0.2857142857142857,0.5432386994361877,0.3932386994361877
YSHPSVS,1.0162467956542969,-2.6243231296539307,0.7142857142857143,0.2857142857142857,0.2857266068458557,0.1857266068458557
GYHRQDN,0.07742592692375183,-1.2059943675994873,0.7142857142857143,0.2857142857142857,0.4317026734352112,0.3317026734352112
FSDRSSN,1.296871542930603,-3.6756386756896973,0.5714285714285714,0.4285714285714285,0.1775239557027816,0.0275239557027816
QHHGKDY,0.8724038004875183,-2.1845831871032715,0.7142857142857143,0.4285714285714285,0.3309851586818695,0.2309851586818695
YYRRGNN,-3.079895496368408,0.8212386965751648,0.4285714285714285,0.1428571428571428,0.2454718500375747,0.0454718500375747
YCGNRNW,-2.9025862216949463,0.390501469373703,0.7142857142857143,0.1428571428571428,0.2663913667201996,0.1663913667201996
IYHWQPN,-2.9289681911468506,0.06783010810613632,0.7142857142857143,0.2857142857142857,0.2632787227630615,0.1632787227630615
YSRRQDN,0.5135940909385681,-0.5901753306388855,0.4285714285714285,0.2857142857142857,0.4950835108757019,0.2950835108757019
YSQSVCD,-3.444322109222412,-0.9369350671768188,0.5714285714285714,0.4285714285714285,0.2024756222963333,0.0524756222963333
YRRLGMN,-3.174274206161499,1.1515856981277466,0.2857142857142857,0.2857142857142857,0.2343367338180542,0.0
GYHHLGN,-0.5562715530395508,-1.2419813871383667,0.7142857142857143,0.1428571428571428,0.427998811006546,0.327998811006546
HHRMSAN,0.9489390850067139,0.4485258162021637,0.4285714285714285,0.2857142857142857,0.6019878387451172,0.4019878387451172
VTRWSFE,-2.2316884994506836,-0.045206405222415924,0.7142857142857143,0.5714285714285714,0.3455460369586944,0.2455460369586944
LNRGGWS,-1.2886714935302734,-1.5744928121566772,0.5714285714285714,0.4285714285714285,0.3937763571739197,0.2437763571739196
GTRSCAN,-4.145351409912109,0.05081731453537941,0.5714285714285714,0.4285714285714285,0.1197659373283386,0.0
VYNSCSN,-3.5689830780029297,-1.427728295326233,0.7142857142857143,0.4285714285714285,0.1877677142620086,0.0877677142620086
YVSRLVV,-0.7234210968017578,-0.5214754343032837,0.7142857142857143,0.4285714285714285,0.5021541714668274,0.4021541714668274
YSRSQSN,1.6020078659057617,1.911088228225708,0.4285714285714285,0.0,0.752516508102417,0.552516508102417
YYRILQD,-2.787036180496216,0.13875895738601685,0.5714285714285714,0.2857142857142857,0.2800243198871612,0.1300243198871612
THGCLLT,-4.239617347717285,-0.3764982223510742,0.7142857142857143,0.5714285714285714,0.1086441352963447,0.0086441352963447
HFLHSSI,-2.431699752807617,-1.0532910823822021,0.7142857142857143,0.4285714285714285,0.3219480514526367,0.2219480514526367
YHPRAKQ,-2.8452885150909424,-0.11789903044700623,0.7142857142857143,0.4285714285714285,0.2731515169143677,0.1731515169143677
NGRDTTN,0.8603607416152954,-3.670076370239258,0.5714285714285714,0.2857142857142857,0.1780964434146881,0.0280964434146881
YQVHTIF,-2.6709001064300537,-0.911724865436554,0.7142857142857143,0.4285714285714285,0.2937264442443847,0.1937264442443848
VHRFANN,1.1692306995391846,0.8717097043991089,0.4285714285714285,0.4285714285714285,0.6455424427986145,0.4455424427986145
YYFMAAN,-3.0540482997894287,-0.9962069392204285,0.5714285714285714,0.1428571428571428,0.2485213726758957,0.0985213726758957
YQRSSYS,0.36795875430107117,-1.1856106519699097,0.5714285714285714,0.4285714285714285,0.4338005781173706,0.2838005781173706
ISARNNP,2.1416945457458496,-3.8447024822235107,0.7142857142857143,0.4285714285714285,0.1601237058639526,0.0601237058639526
PEIGIEL,-1.4008876085281372,-4.048921585083008,0.7142857142857143,0.7142857142857143,0.1391052454710006,0.0391052454710006
IYSYLSN,-3.0068392753601074,1.5589025020599365,0.5714285714285714,0.2857142857142857,0.2540912628173828,0.1040912628173828
PHHCSSN,-4.040520668029785,-0.6066393852233887,0.4285714285714285,0.2857142857142857,0.132134199142456,0.0
YYSPLCE,-3.6527979373931885,-0.569494366645813,0.5714285714285714,0.4285714285714285,0.1778789758682251,0.0278789758682251
YHYAASN,-0.8982220888137817,-1.2843992710113525,0.5714285714285714,0.1428571428571428,0.4236330986022949,0.2736330986022949
HYSRSSD,0.9841421246528625,0.21069926023483276,0.5714285714285714,0.2857142857142857,0.577510416507721,0.4275104165077209
YSEWPNN,-2.380765438079834,-0.1373700648546219,0.5714285714285714,0.2857142857142857,0.3279574513435364,0.1779574513435363
NRSRLVE,0.7128898501396179,-2.5704445838928223,0.7142857142857143,0.2857142857142857,0.291271835565567,0.191271835565567
VYHNGKN,1.5865178108215332,-1.4480657577514648,0.7142857142857143,0.2857142857142857,0.4067883789539337,0.3067883789539337
YSHKHNA,1.4995530843734741,-0.40844887495040894,0.7142857142857143,0.2857142857142857,0.513787031173706,0.4137870311737061
LHHAAIE,0.3731611371040344,-4.1464314460754395,0.5714285714285714,0.4285714285714285,0.1290694177150726,0.0
TKRSAIN,-3.5399115085601807,-0.21988539397716522,0.5714285714285714,0.4285714285714285,0.1911976784467697,0.0411976784467697
YDIRVNP,0.695833146572113,-3.296619176864624,0.7142857142857143,0.2857142857142857,0.2165330946445465,0.1165330946445465
YRRLFNN,-3.8377907276153564,0.36534634232521057,0.2857142857142857,0.2857142857142857,0.1560529321432113,0.0
TMTDSWR,-1.5098857879638672,-0.8002820014953613,0.5714285714285714,0.2857142857142857,0.4307066202163696,0.2807066202163696
GHHKHHN,0.31729045510292053,-0.4977783262729645,0.7142857142857143,0.2857142857142857,0.5045930743217468,0.4045930743217468
WESLGAN,-0.8742227554321289,-1.4645054340362549,0.7142857142857143,0.4285714285714285,0.4050964117050171,0.3050964117050171
HWHVWGN,-4.242727279663086,0.36199045181274414,0.8571428571428571,0.5714285714285714,0.108277216553688,0.058277216553688
YYLRDNS,-0.9729353785514832,0.33843377232551575,0.5714285714285714,0.2857142857142857,0.4940577745437622,0.3440577745437622
VHHSIDD,-0.1446801871061325,-3.5967764854431152,0.5714285714285714,0.1428571428571428,0.1856405436992645,0.0356405436992645
IYYSSWG,-4.323437213897705,0.9012488722801208,0.5714285714285714,0.4285714285714285,0.0987548008561134,0.0
YPHYINN,-1.7557085752487183,-1.8896608352661133,0.5714285714285714,0.2857142857142857,0.3613389134407043,0.2113389134407043
YYAHCHS,-3.5539426803588867,-0.08224774152040482,0.7142857142857143,0.4285714285714285,0.1895422339439392,0.0895422339439392
CYHESPS,-3.3099522590637207,-0.9493157863616943,0.5714285714285714,0.4285714285714285,0.2183290123939514,0.0683290123939514
GYHVMHD,-1.173566460609436,-2.367436647415161,0.5714285714285714,0.4285714285714285,0.3121656477451324,0.1621656477451324
WTHRGHN,-1.4385837316513062,-0.6625978350639343,0.5714285714285714,0.2857142857142857,0.4391190707683563,0.2891190707683563
KCRSHIS,-4.730830669403076,0.45037269592285156,0.5714285714285714,0.5714285714285714,0.0506892167031765,0.0
NYSRWIG,-3.941058397293091,0.6066428422927856,0.7142857142857143,0.4285714285714285,0.143869087100029,0.043869087100029
WPERVHN,-0.4508628249168396,-0.6683725714683533,0.7142857142857143,0.4285714285714285,0.48703533411026,0.38703533411026
YYHRCTF,-4.707254886627197,0.7883697748184204,0.5714285714285714,0.2857142857142857,0.0534707605838775,0.0
YCRDLLN,-3.8791189193725586,-0.3799959123134613,0.5714285714285714,0.4285714285714285,0.1511768996715545,0.0011768996715545
SYHRSNN,0.7627543807029724,2.127140998840332,0.5714285714285714,0.1428571428571428,0.6988400220870972,0.5488400220870971
YSHRRVN,-2.98341703414917,0.3485454022884369,0.5714285714285714,0.2857142857142857,0.2568546831607818,0.1068546831607818
VPHMSGN,0.8514048457145691,-4.067982196807861,0.7142857142857143,0.2857142857142857,0.1371434926986694,0.0371434926986694
YSRSINN,2.091066837310791,1.9562560319900513,0.4285714285714285,0.0,0.7571651935577393,0.5571651935577393
CSRSSPN,-3.519724130630493,0.7311016917228699,0.4285714285714285,0.1428571428571428,0.1935794502496719,0.0
SYSNSDP,-0.07526596635580063,-2.09729266166687,0.5714285714285714,0.2857142857142857,0.3399691879749298,0.1899691879749298
VYRKLAN,-2.2474377155303955,0.24150440096855164,0.7142857142857143,0.2857142857142857,0.343687891960144,0.243687891960144
NYMRAQN,0.43693745136260986,-1.0815743207931519,0.5714285714285714,0.2857142857142857,0.4445081055164337,0.2945081055164337
CCHQFNN,-3.9724440574645996,-0.4258737564086914,0.7142857142857143,0.4285714285714285,0.1401661038398742,0.0401661038398742
IMSRSNN,1.8354014158248901,-2.7274513244628906,0.5714285714285714,0.1428571428571428,0.275112509727478,0.125112509727478
TKHWAID,-0.34795182943344116,-1.3217222690582275,0.7142857142857143,0.4285714285714285,0.4197917878627777,0.3197917878627777
YEGRGYN,0.11114609986543655,-1.5464556217193604,0.5714285714285714,0.4285714285714285,0.3966619968414306,0.2466619968414306
YQRVCTN,-3.274183750152588,-0.4937676191329956,0.4285714285714285,0.2857142857142857,0.222549095749855,0.022549095749855
YHLRKPN,-2.66375994682312,0.9715858101844788,0.4285714285714285,0.2857142857142857,0.2945688366889953,0.0945688366889953
GYVCSEN,-4.312427520751953,-0.19327938556671143,0.7142857142857143,0.4285714285714285,0.1000537574291229,5.375742912293313e-05
YSKRQDN,0.9822613000869751,-1.7627315521240234,0.5714285714285714,0.4285714285714285,0.3744026124477386,0.2244026124477386
AHRRFNN,-3.716585159301758,0.12640655040740967,0.4285714285714285,0.2857142857142857,0.1703531593084335,0.0
PSLPNEN,-1.212310552597046,-4.537490367889404,0.5714285714285714,0.4285714285714285,0.0888211652636528,0.0
YVHRSIE,1.2630584239959717,0.1923653483390808,0.7142857142857143,0.2857142857142857,0.5756234526634216,0.4756234526634216
YISRSSN,1.7318083047866821,-1.7261662483215332,0.5714285714285714,0.1428571428571428,0.3781659603118896,0.2281659603118896
YLCFLVN,-4.616349697113037,1.0898959636688232,0.7142857142857143,0.4285714285714285,0.0641960501670837,0.0
QYGRSNN,0.881773829460144,-0.18967202305793762,0.5714285714285714,0.1428571428571428,0.5363037586212158,0.3863037586212158
YYYYDPN,-3.700010061264038,0.6643345355987549,0.5714285714285714,0.2857142857142857,0.1723087430000305,0.0223087430000305
YVHFGNM,-2.752657890319824,-0.48895135521888733,0.7142857142857143,0.2857142857142857,0.2840803861618042,0.1840803861618042
YSRRSVN,-2.378868579864502,1.0034892559051514,0.4285714285714285,0.1428571428571428,0.3281812369823456,0.1281812369823456
YHVVSNN,-0.2003031075000763,-2.707277297973633,0.2857142857142857,0.1428571428571428,0.2771888673305511,0.0271888673305511
WSHRIEM,-0.8937088847160339,-0.2589326798915863,0.7142857142857143,0.4285714285714285,0.5034051537513733,0.4034051537513733
TSRSGGY,1.3009942770004272,-2.2530124187469482,0.5714285714285714,0.4285714285714285,0.3239423334598541,0.1739423334598541
YSRRGSN,-2.406130790710449,1.075292706489563,0.2857142857142857,0.0,0.3249647617340088,0.0749647617340087
YYHRSTN,-1.0470750331878662,0.9191709756851196,0.4285714285714285,0.0,0.4853104948997497,0.2853104948997498
AHSIAAN,-0.41867750883102417,-3.6853179931640625,0.7142857142857143,0.4285714285714285,0.1765277534723281,0.0765277534723282
GKHRSFN,-4.106514930725098,0.4268873631954193,0.7142857142857143,0.4285714285714285,0.1243479922413826,0.0243479922413826
IYMRSLN,-2.0727479457855225,0.6410256028175354,0.5714285714285714,0.1428571428571428,0.3642983436584472,0.2142983436584472
IWTREAN,-0.4097672700881958,0.11888301372528076,0.7142857142857143,0.4285714285714285,0.5605021715164185,0.4605021715164185
VRWRAFN,-4.200965881347656,0.3773786723613739,0.7142857142857143,0.4285714285714285,0.1132043600082397,0.0132043600082397
IYSHSFE,-2.37577223777771,0.7394978404045105,0.4285714285714285,0.4285714285714285,0.3285465538501739,0.1285465538501739
YHRISED,1.615346908569336,1.0112048387527466,0.4285714285714285,0.2857142857142857,0.6598994135856628,0.4598994135856629
IYRMVVA,-2.188217878341675,-1.204254150390625,0.5714285714285714,0.4285714285714285,0.3506748378276825,0.2006748378276825
YFERSWN,-2.3770933151245117,0.47979310154914856,0.5714285714285714,0.2857142857142857,0.3283906877040863,0.1783906877040863
MHQWNMH,-1.6172211170196533,-1.5811342000961304,0.7142857142857143,0.4285714285714285,0.3930928111076355,0.2930928111076355
PLHYGYN,-2.942423105239868,-0.4993455708026886,0.7142857142857143,0.4285714285714285,0.2616912722587585,0.1616912722587585
YMHRSMN,-0.2060568779706955,0.2293677031993866,0.5714285714285714,0.2857142857142857,0.5794318318367004,0.4294318318367004
YLHDKHG,1.6395832300186157,-1.6250873804092407,0.7142857142857143,0.5714285714285714,0.3885691165924072,0.2885691165924072
FGGRSLN,1.6259465217590332,-2.8214638233184814,0.5714285714285714,0.4285714285714285,0.2654366493225097,0.1154366493225097
PAGNRNW,-0.3548000156879425,-1.2611503601074219,0.5714285714285714,0.1428571428571428,0.4260259568691253,0.2760259568691253
DHLKANP,1.7210105657577515,-4.375367164611816,0.7142857142857143,0.5714285714285714,0.1055070757865905,0.0046839606016874
SYHWSNF,-3.2850899696350098,0.7174815535545349,0.5714285714285714,0.2857142857142857,0.2212623357772827,0.0712623357772827
YSRSGTR,-3.9810550212860107,1.3630422353744507,0.2857142857142857,0.2857142857142857,0.1391501575708389,0.0
VHHRLSG,0.8244336247444153,-0.4936942756175995,0.5714285714285714,0.1428571428571428,0.5050134062767029,0.3550134062767028
YSRSSPN,2.597914934158325,2.374415636062622,0.2857142857142857,0.0,0.8002027273178101,0.5502027273178101
SFYMTKA,-0.9828135967254639,0.3364788293838501,0.7142857142857143,0.5714285714285714,0.4928922653198242,0.3928922653198242
NYRSVFP,-2.467658758163452,-0.22166582942008972,0.7142857142857143,0.2857142857142857,0.3177055120468139,0.217705512046814
QYHRAAN,0.5593296885490417,0.9051790833473206,0.7142857142857143,0.2857142857142857,0.6489871144294739,0.5489871144294739
YYYISSP,-3.4805030822753906,0.886947512626648,0.5714285714285714,0.2857142857142857,0.1982068717479705,0.0482068717479705
YVWASNN,-2.3675904273986816,0.9874394536018372,0.4285714285714285,0.2857142857142857,0.3295118808746338,0.1295118808746338
YSHRHGD,1.1717803478240967,-0.7504370808601379,0.5714285714285714,0.1428571428571428,0.4785891473293304,0.3285891473293304
CYCRANR,-4.470130443572998,0.6527462601661682,0.7142857142857143,0.4285714285714285,0.0814474672079086,0.0
HWHICNN,-4.75948429107666,-0.04347413033246994,0.7142857142857143,0.4285714285714285,0.0473085679113864,0.0
SYARTAN,0.9997075796127319,-0.04998890310525894,0.5714285714285714,0.2857142857142857,0.5506801009178162,0.4006801009178161
NKNRMEP,0.27012813091278076,-3.474376678466797,0.7142857142857143,0.4285714285714285,0.1982380747795105,0.0982380747795105
YGHRSPN,1.9086365699768066,-0.07675505429506302,0.4285714285714285,0.2857142857142857,0.5479252934455872,0.3479252934455872
YKDNVIN,1.2228702306747437,-4.1594929695129395,0.5714285714285714,0.2857142857142857,0.1277251094579696,0.0
YKRRPGS,-2.7643179893493652,0.37100276350975037,0.7142857142857143,0.2857142857142857,0.2827046811580658,0.1827046811580658
YYQRAGI,-0.6389681100845337,-0.46481409668922424,0.7142857142857143,0.1428571428571428,0.5079857707023621,0.4079857707023621
YPSRSMK,-3.086458444595337,-0.856694757938385,0.5714285714285714,0.4285714285714285,0.2446975260972976,0.0946975260972976
YSYNLSG,-1.2375282049179077,-0.7179198265075684,0.5714285714285714,0.2857142857142857,0.4628402292728424,0.3128402292728424
IHSRISE,2.3062586784362793,-1.416657567024231,0.7142857142857143,0.4285714285714285,0.4100209772586822,0.3100209772586823
MEMRSND,0.5685336589813232,-3.059948682785034,0.7142857142857143,0.4285714285714285,0.2408915013074875,0.1408915013074875
SYHHSNH,-0.6922545433044434,0.46129438281059265,0.5714285714285714,0.2857142857142857,0.5271733999252319,0.3771733999252319
PYHQNPN,0.04248519986867905,-2.1221039295196533,0.7142857142857143,0.2857142857142857,0.3374155759811401,0.2374155759811401
PRHGSVN,1.5666378736495972,-3.1638686656951904,0.7142857142857143,0.2857142857142857,0.2301959246397018,0.1301959246397018
NRHRLNA,-3.7124431133270264,-0.6085656881332397,0.7142857142857143,0.4285714285714285,0.1708418428897857,0.0708418428897857
PYHVVCN,-4.153355121612549,-0.12929505109786987,0.7142857142857143,0.4285714285714285,0.1188216358423233,0.0188216358423233
PFDGLQL,-2.135059118270874,-2.414473295211792,0.7142857142857143,0.5714285714285714,0.3073245882987976,0.2073245882987976
LRSHSNN,0.8704949617385864,-1.9189527034759521,0.5714285714285714,0.1428571428571428,0.3583241403102875,0.2083241403102874
YYFCLNN,-4.732463836669922,1.0059510469436646,0.5714285714285714,0.2857142857142857,0.0504965297877788,0.0
DYLSEWW,-4.757668972015381,0.35801178216934204,0.7142857142857143,0.5714285714285714,0.0475227460265159,0.0
GHHSLGN,-0.4670465290546417,-2.8664145469665527,0.5714285714285714,0.2857142857142857,0.2608102560043335,0.1108102560043335
YGRRSVQ,-2.998608112335205,-0.5496340990066528,0.5714285714285714,0.2857142857142857,0.2550624012947082,0.1050624012947082
YHTTSRM,0.5923773050308228,-0.9868662357330322,0.5714285714285714,0.4285714285714285,0.4542555510997772,0.3042555510997772
HVSRSSY,-0.37320587038993835,-1.3187130689620972,0.7142857142857143,0.2857142857142857,0.4201014935970306,0.3201014935970306
NYSRNAN,1.6753087043762207,-0.6867988705635071,0.5714285714285714,0.1428571428571428,0.485138863325119,0.335138863325119
SYRDQQQ,-0.10544958710670471,-2.606104612350464,0.7142857142857143,0.4285714285714285,0.2876016795635223,0.1876016795635223
LHRPSGG,1.60697340965271,-2.0260050296783447,0.4285714285714285,0.4285714285714285,0.3473061919212341,0.1473061919212341
YNRRPLN,-2.107370376586914,-1.1014480590820312,0.5714285714285714,0.4285714285714285,0.3602134883403778,0.2102134883403778
YMRSQTN,1.433087706565857,-0.20125694572925568,0.2857142857142857,0.2857142857142857,0.5351114273071289,0.2851114273071289
YVRMNGN,1.345705509185791,-0.2729455530643463,0.4285714285714285,0.2857142857142857,0.5277331471443176,0.3277331471443176
YHRQNMV,-0.043218944221735,-0.20350337028503418,0.4285714285714285,0.0,0.5348802208900452,0.3348802208900452
YVSRSNN,2.108713388442993,-0.24529501795768738,0.4285714285714285,0.1428571428571428,0.5305789709091187,0.3305789709091187
FSRVSFN,-1.4901756048202515,0.46818864345550537,0.4285714285714285,0.2857142857142857,0.4330320954322815,0.2330320954322815
HYERCNE,-3.344160795211792,-1.1980128288269043,0.7142857142857143,0.4285714285714285,0.214292973279953,0.114292973279953
PWHESSN,-0.8242518305778503,-3.163635015487671,0.5714285714285714,0.2857142857142857,0.2302199751138687,0.0802199751138687
EHGNRPN,1.214853048324585,-3.7749929428100586,0.5714285714285714,0.1428571428571428,0.1672983020544052,0.0172983020544052
PYSRRNN,-2.6833438873291016,0.1500188559293747,0.7142857142857143,0.2857142857142857,0.2922582626342773,0.1922582626342773
YYHKYCT,-3.8565263748168945,0.30361318588256836,0.5714285714285714,0.2857142857142857,0.1538424342870712,0.0038424342870712
QYSNLDI,-1.1455438137054443,-2.6622776985168457,0.5714285714285714,0.4285714285714285,0.2818202674388885,0.1318202674388885
YRRSLSN,-3.3892104625701904,0.2102212905883789,0.4285714285714285,0.2857142857142857,0.2089778780937194,0.0089778780937194
YLHRADN,0.10571502894163132,0.3260502815246582,0.5714285714285714,0.0,0.589382529258728,0.439382529258728
IHLRSTL,-0.6049467921257019,-1.133957028388977,0.5714285714285714,0.2857142857142857,0.4391168355941772,0.2891168355941772
LSKESNE,0.34144073724746704,-4.541387557983398,0.5714285714285714,0.4285714285714285,0.0884200632572174,0.0
QIDRSKF,0.7517209053039551,-2.8066864013671875,0.7142857142857143,0.5714285714285714,0.266957551240921,0.166957551240921
IQYYLSA,-2.6335926055908203,-0.6650031805038452,0.7142857142857143,0.5714285714285714,0.2981280982494354,0.1981280982494354
VYAFLNV,-3.136554479598999,2.4789462089538574,0.7142857142857143,0.4285714285714285,0.2387870401144027,0.1387870401144028
VYSIWLP,-3.619236946105957,1.7715829610824585,0.5714285714285714,0.2857142857142857,0.1818386018276214,0.0318386018276214
YMHRFMN,-2.4870991706848145,0.024857068434357643,0.5714285714285714,0.2857142857142857,0.3154118657112121,0.1654118657112121
VVDEATN,-0.7977768778800964,-5.400492191314697,0.7142857142857143,0.4285714285714285,0.0,0.0
YARRHEN,-0.6925221085548401,-0.1476624608039856,0.4285714285714285,0.1428571428571428,0.527141809463501,0.327141809463501
YESHSDY,-1.6364153623580933,-1.853851556777954,0.7142857142857143,0.2857142857142857,0.3650244474411011,0.2650244474411011
YHDRLHN,0.7383522391319275,-2.0665013790130615,0.5714285714285714,0.1428571428571428,0.3431382775306701,0.1931382775306701
TQHNSMY,0.011722204275429249,-3.222379446029663,0.5714285714285714,0.5714285714285714,0.2241739332675933,0.0741739332675933
HKFAQAS,1.6023645401000977,-2.2305335998535156,0.5714285714285714,0.4285714285714285,0.3262558877468109,0.1762558877468109
HLRESTW,-0.5514323115348816,-2.027311086654663,0.7142857142857143,0.4285714285714285,0.3471717834472656,0.2471717834472656
QHNKSQN,1.7577100992202759,-2.791832208633423,0.5714285714285714,0.4285714285714285,0.268486350774765,0.118486350774765
YSRRGVL,-2.4650330543518066,-0.15601500868797302,0.4285714285714285,0.1428571428571428,0.3180152773857116,0.1180152773857116
LYHAGRS,0.5556179881095886,-0.93680739402771,0.5714285714285714,0.4285714285714285,0.4594077169895172,0.3094077169895172
FQHTFNH,-1.1721707582473755,-2.1945531368255615,0.8571428571428571,0.2857142857142857,0.3299590349197387,0.2799590349197387
RQRRAND,-2.807670831680298,-0.3517218232154846,0.7142857142857143,0.4285714285714285,0.2775897681713104,0.1775897681713104
YHHKGYN,0.3579823970794678,0.22511880099773407,0.5714285714285714,0.1428571428571428,0.5789945125579834,0.4289945125579834
YTTVINN,-0.34832996129989624,-3.4770023822784424,0.5714285714285714,0.4285714285714285,0.19796784222126,0.04796784222126
YYFGKNS,-0.7084727883338928,-0.6018161177635193,0.7142857142857143,0.2857142857142857,0.4938853979110718,0.3938853979110718
NYHYRSN,-2.1474878787994385,-0.014555511064827442,0.5714285714285714,0.2857142857142857,0.355480283498764,0.205480283498764
NGYESMN,-0.628017246723175,-2.9733259677886963,0.7142857142857143,0.4285714285714285,0.2498068064451217,0.1498068064451218
YYSRSNN,0.5108199119567871,0.6452360153198242,0.4285714285714285,0.0,0.6222334504127502,0.4222334504127503
VYSRHVY,-2.5248773097991943,2.4580166339874268,0.5714285714285714,0.2857142857142857,0.3109546601772308,0.1609546601772308
MLSREIA,0.9577142000198364,-3.1528468132019043,0.7142857142857143,0.4285714285714285,0.2313303053379058,0.1313303053379059
HPSRGLQ,0.816268265247345,-2.779155731201172,0.7142857142857143,0.4285714285714285,0.2697910368442535,0.1697910368442535
YCRSEAN,-3.645845413208008,1.0905845165252686,0.4285714285714285,0.2857142857142857,0.178699254989624,0.0
AYSDSNN,-0.6286411881446838,-1.4217686653137207,0.5714285714285714,0.1428571428571428,0.4094949066638946,0.2594949066638946
YYQRIKN,-2.706778049468994,0.4502604007720947,0.7142857142857143,0.2857142857142857,0.2894934415817261,0.1894934415817261
VYSCSGN,-3.2500698566436768,-0.5742552280426025,0.5714285714285714,0.2857142857142857,0.2253941297531128,0.0753941297531128
PYHRGIH,-1.5669231414794922,0.6894562840461731,0.7142857142857143,0.1428571428571428,0.4239771664142608,0.3239771664142609
YSMQLGN,0.1929571032524109,-3.0616493225097656,0.5714285714285714,0.2857142857142857,0.2407164722681045,0.0907164722681045
YHRRLNE,-0.20253406465053558,0.9990057945251465,0.4285714285714285,0.1428571428571428,0.584952175617218,0.384952175617218
YKNWMDE,-0.9263433814048767,-1.9869279861450195,0.7142857142857143,0.2857142857142857,0.351328045129776,0.251328045129776
VSRSANN,2.197073221206665,-2.2324953079223633,0.4285714285714285,0.1428571428571428,0.3260539770126343,0.1260539770126343
CYRINSS,-3.432260513305664,-0.07497496902942657,0.7142857142857143,0.4285714285714285,0.2038986831903457,0.1038986831903457
GSRRLGD,0.7377337217330933,-2.447136402130127,0.5714285714285714,0.4285714285714285,0.3039628565311432,0.1539628565311432
MYSYARS,-2.197101593017578,-0.2961304187774658,0.7142857142857143,0.4285714285714285,0.3496266901493072,0.2496266901493072
YSQDSYG,-1.2174956798553467,-1.9244799613952637,0.7142857142857143,0.4285714285714285,0.3577552735805511,0.2577552735805511
GAHRTLN,0.5255461931228638,-2.0469632148742676,0.7142857142857143,0.2857142857142857,0.3451491594314575,0.2451491594314575
YYYLGEN,-3.4766576290130615,1.0401250123977661,0.5714285714285714,0.2857142857142857,0.1986605674028396,0.0486605674028396
YYGTKAS,1.3592358827590942,-2.1002886295318604,0.7142857142857143,0.2857142857142857,0.3396608531475067,0.2396608531475067
SSHSQNN,0.006550314836204052,-3.953385591506958,0.7142857142857143,0.2857142857142857,0.1489379107952118,0.0489379107952118
QCREEVN,-4.073070049285889,-1.088112235069275,0.5714285714285714,0.4285714285714285,0.1282939165830612,0.0
DSRSHPI,0.8612219095230103,-3.9915480613708496,0.5714285714285714,0.2857142857142857,0.1450101882219314,0.0
YLSRHVA,0.49729472398757935,-1.3706774711608887,0.7142857142857143,0.4285714285714285,0.4147532880306244,0.3147532880306244
YVRVYNT,-2.345560073852539,1.1359761953353882,0.5714285714285714,0.2857142857142857,0.3321110904216766,0.1821110904216766
VSHYSNN,0.6986036896705627,-3.0477330684661865,0.5714285714285714,0.1428571428571428,0.2421487420797348,0.0921487420797348
HYSQSND,-0.033099833875894547,-2.431028127670288,0.5714285714285714,0.2857142857142857,0.3056207299232483,0.1556207299232483
EYHRGYN,-1.6465411186218262,-0.35184499621391296,0.5714285714285714,0.2857142857142857,0.4145835936069488,0.2645835936069488
GQYRWSN,-3.3261868953704834,0.5766811370849609,0.7142857142857143,0.1428571428571428,0.2164135873317718,0.1164135873317718
YWCRQIQ,-4.6999664306640625,0.5415295958518982,0.7142857142857143,0.4285714285714285,0.0543306767940521,0.0
TTPIRSP,1.8137670755386353,-4.482851505279541,0.7142857142857143,0.2857142857142857,0.0944446623325347,0.0
YSRYSRN,-3.3142497539520264,1.224097728729248,0.4285714285714285,0.2857142857142857,0.2178219705820083,0.0178219705820083
RSRSQNH,-4.730157375335693,0.13370275497436523,0.7142857142857143,0.1428571428571428,0.0507686510682106,0.0
VSSHVVG,-0.31208401918411255,-4.3270463943481445,0.7142857142857143,0.4285714285714285,0.1104803085327148,0.0104803085327148
YYSRSKN,-2.4560747146606445,0.5149611830711365,0.5714285714285714,0.1428571428571428,0.3190722167491913,0.1690722167491913
PVRKSSN,-2.6190240383148193,-0.18599951267242432,0.4285714285714285,0.4285714285714285,0.2998469471931457,0.0998469471931457
DGHAEHC,-3.8609604835510254,-1.1709645986557007,0.7142857142857143,0.5714285714285714,0.1533192843198776,0.0533192843198776
LSDEGDP,-1.0692675113677979,-4.7484588623046875,0.5714285714285714,0.5714285714285714,0.067108042538166,0.0
YTHPGTN,0.6359297633171082,-2.563098907470703,0.4285714285714285,0.2857142857142857,0.292027860879898,0.092027860879898
IYGRSEN,0.4978910982608795,0.7134349942207336,0.5714285714285714,0.1428571428571428,0.6292526125907898,0.4792526125907898
INQAFPN,0.38248229026794434,-4.5639238357543945,0.7142857142857143,0.2857142857142857,0.0861006006598472,0.0
IYNPSLN,-0.2706003785133362,-3.327331304550171,0.5714285714285714,0.4285714285714285,0.2133721560239792,0.0633721560239791
YMHRSNP,0.1879536658525467,0.30592215061187744,0.5714285714285714,0.1428571428571428,0.5873109102249146,0.4373109102249145
QHVIHHE,-0.5823032259941101,-3.7325997352600098,0.7142857142857143,0.5714285714285714,0.1716614514589309,0.0716614514589309
YGRSMST,1.1290236711502075,-2.262988328933716,0.5714285714285714,0.2857142857142857,0.3229155838489532,0.1729155838489532
RYTRSNI,-3.9594626426696777,0.709528386592865,0.4285714285714285,0.2857142857142857,0.1416976898908615,0.0
EHWDSRW,-2.2161705493927,-0.2433367520570755,0.7142857142857143,0.2857142857142857,0.3473768830299377,0.2473768830299377
PSHRMAN,0.5345088243484497,-2.4227404594421387,0.7142857142857143,0.2857142857142857,0.3064737319946289,0.2064737319946289
PHTFSQQ,-0.9736890196800232,-3.544224500656128,0.5714285714285714,0.5714285714285714,0.191049262881279,0.041049262881279
YSRGSEE,1.038910984992981,0.9297059178352356,0.4285714285714285,0.4285714285714285,0.6515114903450012,0.4515114903450012
VYHHLVN,-1.941973090171814,-0.6972002983093262,0.7142857142857143,0.1428571428571428,0.3797275722026825,0.2797275722026825
MYTRKGF,-3.0391833782196045,0.466297447681427,0.5714285714285714,0.5714285714285714,0.250275194644928,0.1002751946449279
YYHRSQP,-1.4621232748031616,1.2943823337554932,0.2857142857142857,0.1428571428571428,0.436341792345047,0.186341792345047
GVHRTVS,0.7602750062942505,-3.1847176551818848,0.5714285714285714,0.2857142857142857,0.2280501276254654,0.0780501276254654
QYSRNTA,1.9850406646728516,0.22893062233924866,0.5714285714285714,0.2857142857142857,0.579386830329895,0.429386830329895
YSRKLGN,-2.349369525909424,0.6324621438980103,0.4285714285714285,0.1428571428571428,0.3316616415977478,0.1316616415977478
IYARSDN,0.5275266170501709,1.687268614768982,0.5714285714285714,0.2857142857142857,0.6710870862007141,0.5210870862007141
YEHRSWE,-1.3996081352233887,-0.49391376972198486,0.7142857142857143,0.2857142857142857,0.4437175393104553,0.3437175393104553
CYRHSEY,-3.9249229431152344,1.0907316207885742,0.5714285714285714,0.4285714285714285,0.1457727998495102,0.0
LPRMLPM,-0.8054967522621155,-2.9603567123413086,0.4285714285714285,0.5714285714285714,0.251141607761383,0.051141607761383
PMRSSVS,2.302887201309204,-3.685713052749634,0.7142857142857143,0.4285714285714285,0.1764870882034301,0.0764870882034301
YSVKAQA,2.2011239528656006,-2.454177141189575,0.5714285714285714,0.4285714285714285,0.3032382130622864,0.1532382130622863
YISYNNN,-1.5790425539016724,-2.0825388431549072,0.5714285714285714,0.2857142857142857,0.3414876759052276,0.1914876759052276
YHHENNM,0.03714374452829361,-2.5813543796539307,0.5714285714285714,0.4285714285714285,0.2901489734649658,0.1401489734649658
YVRNMSN,1.1612491607666016,-0.24763846397399902,0.4285714285714285,0.4285714285714285,0.5303378105163574,0.3303378105163574
FSRSSWP,-2.4768426418304443,0.5272665619850159,0.5714285714285714,0.4285714285714285,0.3166219592094421,0.1666219592094421
HYNRCHA,-3.5545830726623535,-0.30755746364593506,0.7142857142857143,0.4285714285714285,0.1894666850566864,0.0894666850566864
YSRSACN,-3.4149796962738037,2.0849180221557617,0.2857142857142857,0.1428571428571428,0.2059375345706939,0.0
ARSRGNR,-3.9668827056884766,0.7709950804710388,0.5714285714285714,0.4285714285714285,0.1408222466707229,0.0
GSPMVPN,-0.10404884815216064,-4.808332443237305,0.5714285714285714,0.4285714285714285,0.0609457790851593,0.0
SMPRHAA,0.8985275626182556,-3.017211437225342,0.5714285714285714,0.2857142857142857,0.245290070772171,0.095290070772171
AIRQGSP,2.079087972640991,-3.7284390926361084,0.7142857142857143,0.4285714285714285,0.1720896810293197,0.0720896810293197
YNQINIP,0.4260444939136505,-2.8979928493499756,0.7142857142857143,0.2857142857142857,0.2575601935386657,0.1575601935386658
YGHYSCN,-3.189807891845703,-0.2810901999473572,0.5714285714285714,0.2857142857142857,0.2325040251016616,0.0825040251016616
QYMRHSW,-3.5408787727355957,1.0565742254257202,0.7142857142857143,0.4285714285714285,0.191083550453186,0.091083550453186
YYGRDAV,-0.1118055209517479,-0.36073726415634155,0.5714285714285714,0.4285714285714285,0.5186975002288818,0.3686975002288818
YSRLKII,-2.8096063137054443,0.6459172368049622,0.4285714285714285,0.2857142857142857,0.2773614227771759,0.0773614227771759
VTHRSNN,1.100372314453125,-1.5492244958877563,0.5714285714285714,0.2857142857142857,0.3963770270347595,0.2463770270347595
TYKRTNN,-1.5702177286148071,0.026058483868837357,0.5714285714285714,0.2857142857142857,0.4235884845256805,0.2735884845256805
HMFQAHW,-3.2844908237457275,-0.6925525665283203,0.8571428571428571,0.5714285714285714,0.2213330268859863,0.1713330268859863
YHHRGNN,0.3475673794746399,1.4248273372650146,0.4285714285714285,0.0,0.6498549580574036,0.4498549580574036
TAHSGLN,0.032060567289590836,-3.2329745292663574,0.4285714285714285,0.4285714285714285,0.2230834662914276,0.0230834662914276
YTHRGEM,0.4599343240261078,-0.9012132287025452,0.7142857142857143,0.2857142857142857,0.4630711078643799,0.3630711078643799
QYHRSNN,0.49870648980140686,1.3024613857269287,0.5714285714285714,0.0,0.6676867604255676,0.5176867604255676
VQFRAIE,-0.6917188167572021,-2.7462403774261475,0.7142857142857143,0.4285714285714285,0.2731787264347076,0.1731787264347076
DLTRANN,0.9511787295341492,-3.5740339756011963,0.7142857142857143,0.2857142857142857,0.1879812330007553,0.0879812330007553
QYDEGSL,-1.0376852750778198,-3.6277050971984863,0.7142857142857143,0.4285714285714285,0.1824573427438736,0.0824573427438736
LTHHHMH,-1.3214527368545532,-1.1609010696411133,0.7142857142857143,0.5714285714285714,0.4363437294960022,0.3363437294960022
IYRQLVH,-2.3855581283569336,-1.1089513301849365,0.5714285714285714,0.2857142857142857,0.3273919820785522,0.1773919820785522
YSWTQAP,-1.5982997417449951,-0.43853959441185,0.7142857142857143,0.4285714285714285,0.4202752709388733,0.3202752709388733
YTHRSHA,-0.024299047887325287,0.6183764338493347,0.7142857142857143,0.2857142857142857,0.6059809327125549,0.505980932712555
ICSNSGN,-3.680391550064087,-1.3079675436019897,0.5714285714285714,0.2857142857142857,0.1746233850717544,0.0246233850717544
YCKRNFN,-4.166060447692871,0.769839882850647,0.5714285714285714,0.1428571428571428,0.1173226162791252,0.0
NVHMTYD,-0.9615161418914795,-2.586815595626831,0.5714285714285714,0.4285714285714285,0.2895869016647339,0.1395869016647339
MYIDNND,-0.9380569458007812,-3.678403854370117,0.7142857142857143,0.4285714285714285,0.1772393584251403,0.0772393584251403
ETHGQSN,-0.034537024796009064,-4.15245246887207,0.7142857142857143,0.4285714285714285,0.1284497231245041,0.028449723124504
IYHRPNC,-3.606574058532715,0.8046788573265076,0.7142857142857143,0.2857142857142857,0.183332622051239,0.083332622051239
YFNSGYG,-1.155523419380188,-1.7283129692077637,0.5714285714285714,0.1428571428571428,0.3779450058937073,0.2279450058937072
YRRSNGN,-2.4999277591705322,-0.24043884873390198,0.4285714285714285,0.1428571428571428,0.3138982951641083,0.1138982951641082
KYHSSNH,-0.014379139989614487,-0.9671474099159241,0.5714285714285714,0.1428571428571428,0.4562850892543793,0.3062850892543792
YSLRDNI,0.3167338967323303,-2.328491449356079,0.7142857142857143,0.2857142857142857,0.3161739408969879,0.2161739408969879
MHRYNEN,0.22732092440128326,-0.9632174968719482,0.5714285714285714,0.2857142857142857,0.4566895663738251,0.306689566373825
CHHHWNN,-3.9646971225738525,-0.1591304987668991,0.5714285714285714,0.2857142857142857,0.1410801112651825,0.0
ISFASWS,-3.6331894397735596,0.4751010537147522,0.7142857142857143,0.4285714285714285,0.1801924556493759,0.0801924556493759
NYRDGWF,-2.5661513805389404,-0.13457883894443512,0.7142857142857143,0.4285714285714285,0.3060850203037262,0.2060850203037262
YYYRHNN,-1.726348638534546,0.3498770296573639,0.5714285714285714,0.2857142857142857,0.4051676392555237,0.2551676392555236
TYMRSAS,1.3905997276306152,0.9334238171577454,0.5714285714285714,0.2857142857142857,0.6518941521644592,0.5018941521644592
VYLKSHN,1.6452144384384155,-0.6415169835090637,0.5714285714285714,0.2857142857142857,0.4897993206977844,0.3397993206977844
YSGSCST,-3.2146363258361816,-1.0893619060516357,0.7142857142857143,0.4285714285714285,0.2295746952295303,0.1295746952295303
IYHRSNG,0.8296962380409241,1.531541347503662,0.5714285714285714,0.1428571428571428,0.7067379951477051,0.5567379951477051
YYSRHSW,-2.2553043365478516,1.7353203296661377,0.7142857142857143,0.1428571428571428,0.342759758234024,0.242759758234024
PIRHQSN,0.8871214985847473,-1.630564570426941,0.5714285714285714,0.4285714285714285,0.3880053758621216,0.2380053758621216
LYDFFQD,-3.7767066955566406,-0.40724873542785645,0.7142857142857143,0.5714285714285714,0.163259819149971,0.063259819149971
EHSLKAN,0.9637715220451355,-4.044559001922607,0.5714285714285714,0.4285714285714285,0.1395542472600937,0.0
VHRMLRR,-4.187540531158447,0.24339379370212555,0.5714285714285714,0.4285714285714285,0.1147883310914039,0.0
YVHCHLN,-4.380862712860107,-0.38185277581214905,0.7142857142857143,0.2857142857142857,0.0919795557856559,0.0
YSERSGN,1.6162710189819336,-1.2619050741195679,0.5714285714285714,0.1428571428571428,0.4259482622146606,0.2759482622146606
QSRSFNL,-0.5326564908027649,-2.2197365760803223,0.7142857142857143,0.2857142857142857,0.3273671269416809,0.2273671269416809
HMSNENR,0.006877739913761616,-3.8533194065093994,0.7142857142857143,0.4285714285714285,0.1592368483543396,0.0592368483543396
YHDRSPY,0.029807664453983307,-1.0606013536453247,0.5714285714285714,0.4285714285714285,0.4466666877269745,0.2966666877269744
YDSREMI,-0.7491410970687866,-2.7645103931427,0.7142857142857143,0.4285714285714285,0.271298348903656,0.171298348903656
VYQKGMT,1.8381720781326294,-1.0713162422180176,0.5714285714285714,0.4285714285714285,0.4455638825893402,0.2955638825893402
PEHRSNP,1.287484049797058,-2.6672675609588623,0.5714285714285714,0.2857142857142857,0.2813067138195038,0.1313067138195038
CHMFQNN,-4.022133827209473,-1.4601080417633057,0.5714285714285714,0.2857142857142857,0.1343035399913787,0.0
VYHRSND,1.3321188688278198,1.0828571319580078,0.4285714285714285,0.1428571428571428,0.6672739386558533,0.4672739386558533
YYHVPQD,-1.770990014076233,-0.769573986530304,0.7142857142857143,0.4285714285714285,0.399900734424591,0.2999007344245911
YHSVEEN,-0.649068295955658,-3.3921101093292236,0.5714285714285714,0.1428571428571428,0.2067050486803054,0.0567050486803054
YYSRSNP,0.3850770890712738,0.26675674319267273,0.4285714285714285,0.1428571428571428,0.5832799077033997,0.3832799077033997
ECRVGNN,-3.624427080154419,-0.619279682636261,0.5714285714285714,0.4285714285714285,0.1812262535095214,0.0312262535095214
QSRSNSG,1.962279200553894,-3.1002728939056396,0.5714285714285714,0.2857142857142857,0.2367412894964218,0.0867412894964218
YVHRTRD,-0.06572537124156952,0.42715713381767273,0.5714285714285714,0.4285714285714285,0.5997885465621948,0.4497885465621948
YSRPSWW,-2.5592703819274902,1.3302438259124756,0.5714285714285714,0.2857142857142857,0.3068968653678894,0.1568968653678894
YYPEQGS,-1.576520323753357,-2.1160402297973633,0.7142857142857143,0.4285714285714285,0.3380396664142608,0.2380396664142609
KYSRMKI,-3.4820523262023926,0.18550950288772583,0.5714285714285714,0.4285714285714285,0.1980240941047668,0.0480240941047668
IYSLSWS,-4.110320568084717,0.937679648399353,0.4285714285714285,0.4285714285714285,0.1238989904522895,0.0
IYHRSMN,-0.3558307886123657,1.584691047668457,0.5714285714285714,0.1428571428571428,0.5668657422065735,0.4168657422065734
TYSHFNK,0.02954026125371456,-1.0695334672927856,0.7142857142857143,0.4285714285714285,0.4457474052906036,0.3457474052906036
VYHRFCN,-4.458174705505371,2.1214962005615234,0.5714285714285714,0.1428571428571428,0.0828580409288406,0.0
PKKYSAS,-1.5047824382781982,0.138773113489151,0.5714285714285714,0.2857142857142857,0.4313087463378906,0.2813087463378906
AYSIENA,-0.3088902235031128,-3.046539068222046,0.7142857142857143,0.4285714285714285,0.2422716319561004,0.1422716319561004
WSRLAGK,-3.696408987045288,-0.501423180103302,0.5714285714285714,0.4285714285714285,0.1727336049079895,0.0227336049079895
GWHRSNN,-0.4221189320087433,-0.7969418168067932,0.5714285714285714,0.2857142857142857,0.4738028347492218,0.3238028347492218
CCTRGKI,-4.25130558013916,-0.04918563365936279,0.7142857142857143,0.5714285714285714,0.1072651222348213,0.0072651222348213
QYHRLSN,-0.21077312529087067,0.9964685440063477,0.5714285714285714,0.1428571428571428,0.583980143070221,0.4339801430702209
YLRVQFN,-2.6005983352661133,0.039206042885780334,0.5714285714285714,0.4285714285714285,0.3020208477973938,0.1520208477973938
DYHGGKN,0.7807443141937256,-3.5114400386810303,0.5714285714285714,0.2857142857142857,0.1944234818220138,0.0444234818220138
YSCHLGW,-4.227863311767578,0.41261130571365356,0.7142857142857143,0.4285714285714285,0.1100309193134307,0.0100309193134307
VPHRSWH,-1.7064069509506226,-0.9101849794387817,0.5714285714285714,0.4285714285714285,0.4075204133987427,0.2575204133987426
YFGNWNW,-3.7337071895599365,1.4133797883987427,0.7142857142857143,0.2857142857142857,0.168333038687706,0.068333038687706
VYHRGNN,0.8171966671943665,1.7982733249664307,0.5714285714285714,0.1428571428571428,0.7052633166313171,0.5552633166313171
YLSLPVA,-1.1802855730056763,-2.6358749866485596,0.7142857142857143,0.5714285714285714,0.284537672996521,0.184537672996521
NNCKINN,-3.767704486846924,-0.6930857300758362,0.7142857142857143,0.5714285714285714,0.1643219292163849,0.0643219292163849
YRQSQSN,1.154001235961914,-2.2991819381713867,0.5714285714285714,0.2857142857142857,0.319190502166748,0.169190502166748
VYSRSNN,0.8320099115371704,2.92356014251709,0.4285714285714285,0.0,0.7070109844207764,0.5070109844207764
QLHEKAM,0.868676483631134,-3.285238265991211,0.7142857142857143,0.5714285714285714,0.2177044302225113,0.1177044302225113
VYWFSNN,-4.034610748291016,0.5984272956848145,0.5714285714285714,0.2857142857142857,0.1328314691781997,0.0
MYRRNNE,0.14803950488567352,-1.4010369777679443,0.7142857142857143,0.2857142857142857,0.4116286337375641,0.3116286337375641
YYRSSQN,-0.26147204637527466,0.8588989973068237,0.4285714285714285,0.1428571428571428,0.5779984593391418,0.3779984593391419
HPAGSHE,0.11390212923288345,-5.213253974914551,0.7142857142857143,0.4285714285714285,0.0192707777023315,0.0
YSRAVFP,-1.1664994955062866,0.38112741708755493,0.5714285714285714,0.1428571428571428,0.4712204337120056,0.3212204337120056
YSRSVFS,-0.7401745915412903,0.24866287410259247,0.5714285714285714,0.1428571428571428,0.5215196013450623,0.3715196013450622
LYHRANS,0.8994200229644775,0.7479601502418518,0.5714285714285714,0.0,0.6328059434890747,0.4828059434890747
ESKLNTN,0.4572177529335022,-3.940016746520996,0.4285714285714285,0.5714285714285714,0.1503138542175293,0.0
VHRGVIP,0.733922004699707,-1.655999779701233,0.7142857142857143,0.2857142857142857,0.3853875994682312,0.2853875994682312
WYNQPHT,-2.3323845863342285,-0.9870461821556091,0.8571428571428571,0.4285714285714285,0.3336655795574188,0.2836655795574188
TITRSIG,2.275847911834717,-2.4296905994415283,0.5714285714285714,0.4285714285714285,0.3057584166526794,0.1557584166526794
WVFAGSP,-2.3781044483184814,0.1409740000963211,0.5714285714285714,0.4285714285714285,0.3282713890075683,0.1782713890075683
YSRSSVN,2.4003820419311523,1.7830203771591187,0.4285714285714285,0.1428571428571428,0.7393355965614319,0.5393355965614319
YYPKDSN,0.6581345796585083,-1.673966646194458,0.7142857142857143,0.4285714285714285,0.3835383951663971,0.2835383951663971
MYSRARP,-2.5983967781066895,0.14664709568023682,0.5714285714285714,0.2857142857142857,0.3022806048393249,0.1522806048393249
RSRSSST,-3.7107739448547363,-0.9000516533851624,0.5714285714285714,0.2857142857142857,0.1710387766361236,0.0210387766361236
YTMRMRG,-2.700295925140381,-0.6054046154022217,0.7142857142857143,0.2857142857142857,0.2902582287788391,0.1902582287788391
YPRKIHA,-2.6315038204193115,-0.17094548046588898,0.7142857142857143,0.2857142857142857,0.2983745336532593,0.1983745336532593
TGHRINN,0.6465913653373718,-2.005275249481201,0.7142857142857143,0.2857142857142857,0.3494397401809692,0.2494397401809692
YSIKSDN,0.8825454115867615,-0.9829908013343811,0.5714285714285714,0.4285714285714285,0.4546544551849365,0.3046544551849365
IYQNYNE,-1.7970086336135864,-0.7918989658355713,0.7142857142857143,0.5714285714285714,0.3968309760093689,0.2968309760093689
YAHRSQV,1.259993553161621,0.44917032122612,0.5714285714285714,0.2857142857142857,0.6020541191101074,0.4520541191101074
EYHCIAY,-4.504477500915527,-0.08201022446155548,0.7142857142857143,0.4285714285714285,0.0773950889706611,0.0
YFWFGNQ,-4.128488063812256,0.8365319967269897,0.7142857142857143,0.4285714285714285,0.1217555254697799,0.0217555254697799
TYCRSNK,-4.100244998931885,0.3165780007839203,0.5714285714285714,0.2857142857142857,0.1250877380371093,0.0
LHISWIE,-2.9771854877471924,-0.7198308706283569,0.5714285714285714,0.4285714285714285,0.2575899064540863,0.1075899064540863
LCRRYQC,-4.830469608306885,0.8265915513038635,0.5714285714285714,0.5714285714285714,0.0389334931969642,0.0
HYVMLNY,-3.8923845291137695,-0.1880381852388382,0.7142857142857143,0.4285714285714285,0.1496117860078811,0.0496117860078811
GTKRYSN,-2.878802537918091,-0.437907874584198,0.7142857142857143,0.5714285714285714,0.2691974341869354,0.1691974341869354
YQRNTNN,1.993865728378296,-2.552480697631836,0.4285714285714285,0.1428571428571428,0.2931207120418548,0.0931207120418548
MYHNPLT,-0.5323092937469482,-2.5785105228424072,0.7142857142857143,0.4285714285714285,0.2904416918754577,0.1904416918754577
YTRSNWN,-1.6374045610427856,0.7530969977378845,0.4285714285714285,0.2857142857142857,0.4156615734100342,0.2156615734100342
PYHTWIR,-4.486378192901611,0.6302765607833862,0.7142857142857143,0.4285714285714285,0.0795304998755455,0.0
ESTRKTN,0.5905908942222595,-2.7573037147521973,0.5714285714285714,0.4285714285714285,0.2720400691032409,0.1220400691032409
VWDVNND,-1.8281896114349365,-1.1305707693099976,0.7142857142857143,0.5714285714285714,0.393152117729187,0.293152117729187
QHHRSNN,0.22781850397586823,-0.05231018736958504,0.4285714285714285,0.1428571428571428,0.5504412055015564,0.3504412055015564
SYRVSNN,0.9653537273406982,-1.1513043642044067,0.4285714285714285,0.2857142857142857,0.4373314380645752,0.2373314380645752
SHHSNTN,0.35389193892478943,-2.923299789428711,0.5714285714285714,0.2857142857142857,0.2549555599689483,0.1049555599689483
NYHNSNI,1.1486188173294067,-2.670985460281372,0.5714285714285714,0.2857142857142857,0.2809240520000458,0.1309240520000457
YYHRSYP,-2.2983005046844482,0.7609519958496094,0.4285714285714285,0.2857142857142857,0.3376869261264801,0.1376869261264801
YYKSTNN,1.4267754554748535,-0.2759505808353424,0.4285714285714285,0.2857142857142857,0.5274238586425781,0.3274238586425781
RSPRSNN,-3.4029736518859863,-0.5479809045791626,0.5714285714285714,0.2857142857142857,0.2073540389537811,0.0573540389537811
YYHLAIE,-2.379607677459717,0.03045048750936985,0.7142857142857143,0.2857142857142857,0.3280940353870392,0.2280940353870392
NEHRHIK,-0.9918367266654968,-0.3787205219268799,0.7142857142857143,0.1428571428571428,0.4918277263641357,0.3918277263641357
GAERAQN,0.7575942277908325,-4.574392795562744,0.7142857142857143,0.4285714285714285,0.0850231274962425,0.0
YSSRRNT,-2.2844860553741455,-1.1600428819656372,0.5714285714285714,0.2857142857142857,0.3393168151378631,0.1893168151378631
YHRISAV,0.2633383572101593,0.5285835266113281,0.4285714285714285,0.0,0.6102274656295776,0.4102274656295777
RYPMCLN,-4.101949214935303,-0.547781765460968,0.5714285714285714,0.5714285714285714,0.1248866692185401,0.0
KDRVFYF,-2.030447006225586,-1.1662129163742065,0.7142857142857143,0.7142857142857143,0.3692891299724579,0.2692891299724579
YYEDSNQ,-1.8866374492645264,-1.3519201278686523,0.5714285714285714,0.1428571428571428,0.3862562477588653,0.2362562477588653
SSHPVNL,-0.7005669474601746,-3.8819425106048584,0.7142857142857143,0.4285714285714285,0.1562909185886383,0.0562909185886383
ILHLMFN,-2.9751219749450684,-1.968822717666626,0.5714285714285714,0.2857142857142857,0.2578333616256714,0.1078333616256713
TYNMPNI,-0.6402677297592163,-3.6134250164031982,0.7142857142857143,0.2857142857142857,0.1839270591735839,0.0839270591735839
GSELGSQ,-1.0355732440948486,-4.211587905883789,0.5714285714285714,0.5714285714285714,0.1223634332418441,0.0
DHHKNMP,1.7543684244155884,-2.533918619155884,0.7142857142857143,0.2857142857142857,0.2950311303138733,0.1950311303138733
YHGYNLE,-1.6249608993530273,-0.6715865731239319,0.5714285714285714,0.2857142857142857,0.4171296954154968,0.2671296954154968
YYRRGAA,-2.459320068359375,0.22947531938552856,0.5714285714285714,0.2857142857142857,0.3186893165111542,0.1686893165111541
GHRLSNN,1.1548576354980469,-1.259055256843567,0.1428571428571428,0.1428571428571428,0.4262415766716003,0.1262415766716003
AARSGYD,0.8671775460243225,-2.58984375,0.4285714285714285,0.4285714285714285,0.2892752587795257,0.0892752587795257
AMAFSST,-0.9229583144187927,-4.229794979095459,0.7142857142857143,0.5714285714285714,0.1204895377159118,0.0204895377159118
YRKAGNN,-2.889258623123169,-0.019829105585813522,0.5714285714285714,0.2857142857142857,0.2679637968540191,0.1179637968540191
YNYTDAN,-1.1198716163635254,-1.791818380355835,0.7142857142857143,0.5714285714285714,0.3714089691638946,0.2714089691638947
YHRSSNT,1.3429948091506958,1.08616042137146,0.2857142857142857,0.1428571428571428,0.6676139235496521,0.4176139235496521
QDHPAQP,-0.4383852779865265,-5.044241905212402,0.7142857142857143,0.2857142857142857,0.0366657003760337,0.0
LHCFNNT,-3.90411639213562,-0.5762662887573242,0.7142857142857143,0.5714285714285714,0.1482276171445846,0.0482276171445846
YSWSGWN,-4.035470008850098,1.4827407598495483,0.4285714285714285,0.2857142857142857,0.132730096578598,0.0
YHRVSWN,-2.200096368789673,2.2645301818847656,0.2857142857142857,0.1428571428571428,0.3492733538150787,0.0992733538150787
QYLKHIS,0.16323654353618622,0.1498483568429947,0.7142857142857143,0.2857142857142857,0.5712475776672363,0.4712475776672363
MYHINNN,-0.7355625629425049,-2.5141584873199463,0.7142857142857143,0.1428571428571428,0.297064870595932,0.197064870595932
YWGRVNQ,-2.0457005500793457,1.559737205505371,0.7142857142857143,0.4285714285714285,0.3674894869327545,0.2674894869327545
YDGRGNS,1.0818066596984863,-2.042093515396118,0.7142857142857143,0.2857142857142857,0.3456503450870514,0.2456503450870514
YYSCFNN,-3.685168504714966,0.28469371795654297,0.5714285714285714,0.2857142857142857,0.1740597933530807,0.0240597933530807
SDHWSDN,-2.4168860912323,-2.390218734741211,0.7142857142857143,0.4285714285714285,0.3098208904266357,0.2098208904266357
SHHFQNN,-0.5434862375259399,-1.9365885257720947,0.5714285714285714,0.1428571428571428,0.3565090596675873,0.2065090596675872
YTRSLNN,1.8245946168899536,-0.36000970005989075,0.4285714285714285,0.1428571428571428,0.5187724232673645,0.3187724232673645
GYKRIGN,-3.00264048576355,-0.9651699066162109,0.7142857142857143,0.2857142857142857,0.2545866370201111,0.1545866370201111
KYQPQWQ,-1.717605471611023,-0.3849572539329529,0.7142857142857143,0.5714285714285714,0.406199187040329,0.306199187040329
ISRRSIG,-1.7645564079284668,-0.6284371614456177,0.4285714285714285,0.2857142857142857,0.4006597697734833,0.2006597697734833
VHHHDVA,0.8388294577598572,-2.818899154663086,0.7142857142857143,0.5714285714285714,0.2657006084918976,0.1657006084918976
YYSMGSA,-0.5653784275054932,-1.4603632688522339,0.7142857142857143,0.4285714285714285,0.4055227041244507,0.3055227041244507
QSRRSNN,-3.257713556289673,-0.31304895877838135,0.4285714285714285,0.1428571428571428,0.2244922965764999,0.0244922965764999
YERHVEF,-0.7446767687797546,-1.2811824083328247,0.7142857142857143,0.5714285714285714,0.4239642322063446,0.3239642322063446
YSRRQNA,-1.6908085346221924,-0.0542529933154583,0.5714285714285714,0.1428571428571428,0.4093607664108276,0.2593607664108276
YYHRSNT,-1.6702927350997925,0.8545640707015991,0.5714285714285714,0.1428571428571428,0.4117812812328338,0.2617812812328338
SYVNSVN,-0.08844280242919922,-0.9395449161529541,0.5714285714285714,0.4285714285714285,0.4591259360313415,0.3091259360313415
YYTRSNN,0.32029980421066284,-0.027679502964019775,0.4285714285714285,0.0,0.5529762506484985,0.3529762506484986
YYHRQPS,-1.5904021263122559,0.016569696366786957,0.5714285714285714,0.2857142857142857,0.4212070405483246,0.2712070405483245
IYHGLGS,-0.6404847502708435,-1.3387701511383057,0.7142857142857143,0.4285714285714285,0.4180372059345245,0.3180372059345245
IYHRANN,0.33326804637908936,1.7570427656173706,0.7142857142857143,0.1428571428571428,0.6481678485870361,0.5481678485870362
YYRSNNN,0.22308918833732605,0.46067941188812256,0.4285714285714285,0.2857142857142857,0.6032387018203735,0.4032387018203736
NSHRYNH,-0.9865530133247375,-0.5217839479446411,0.7142857142857143,0.2857142857142857,0.4924510717391968,0.3924510717391968
YYRVSNN,-0.4249385595321655,0.48647037148475647,0.2857142857142857,0.1428571428571428,0.5587121844291687,0.3087121844291687
VHSYNMN,-0.340972363948822,-0.8672320246696472,0.5714285714285714,0.2857142857142857,0.4665684998035431,0.316568499803543
VYRRKNH,-3.413524866104126,1.7163866758346558,0.5714285714285714,0.2857142857142857,0.2061091810464859,0.0561091810464859
YYHWSND,-2.4382307529449463,0.6543968915939331,0.5714285714285714,0.1428571428571428,0.3211775124073028,0.1711775124073028
QSRIYMN,-0.9315283894538879,-1.0480859279632568,0.4285714285714285,0.4285714285714285,0.4479548037052154,0.2479548037052154
YYRRLNN,-3.5846574306488037,0.634210467338562,0.4285714285714285,0.1428571428571428,0.1859184056520462,0.0
YYSSNNA,-0.4319171905517578,-2.6431286334991455,0.5714285714285714,0.4285714285714285,0.2837910950183868,0.1337910950183868
YYRRSNN,-3.154005289077759,0.9878677725791931,0.2857142857142857,0.0,0.2367281317710876,0.0
YYSRSNH,-1.15968656539917,0.014902039431035519,0.5714285714285714,0.1428571428571428,0.4720242619514465,0.3220242619514465
VYHVSHN,-0.27547743916511536,-1.5354461669921875,0.5714285714285714,0.2857142857142857,0.3977950811386108,0.2477950811386108
SSHRGNA,1.515262484550476,-1.941462516784668,0.5714285714285714,0.2857142857142857,0.3560074269771576,0.2060074269771576
YYHRSLH,-1.699805498123169,0.544049084186554,0.5714285714285714,0.2857142857142857,0.4082992970943451,0.258299297094345
YHSRFHN,-0.719912588596344,-0.8848139643669128,0.5714285714285714,0.2857142857142857,0.4647589325904846,0.3147589325904846
TYRHSSA,1.089470624923706,0.7103258371353149,0.5714285714285714,0.4285714285714285,0.6289325952529907,0.4789325952529907
QYGPGLN,-0.17409677803516388,-2.416776180267334,0.5714285714285714,0.4285714285714285,0.3070875704288482,0.1570875704288482
YSHSSEH,0.5923262238502502,-2.3627002239227295,0.5714285714285714,0.1428571428571428,0.312653124332428,0.1626531243324279
HYHKSHN,-0.11607041954994202,1.2607038021087646,0.4285714285714285,0.1428571428571428,0.5951534509658813,0.3951534509658814
VGHSAIY,-0.4913887083530426,-2.340907096862793,0.7142857142857143,0.4285714285714285,0.3148961067199707,0.2148961067199707
YWRLNNN,-2.038259983062744,0.7203884124755859,0.2857142857142857,0.2857142857142857,0.3683673441410064,0.1183673441410064
YSRVNNN,3.1117184162139893,2.300304889678955,0.2857142857142857,0.1428571428571428,0.7925751209259033,0.5425751209259033
IYHSSAM,-0.8690592646598816,-2.710860013961792,0.5714285714285714,0.2857142857142857,0.2768201231956482,0.1268201231956482
TYHRSKN,-2.8793044090270996,0.580552339553833,0.4285714285714285,0.2857142857142857,0.2691382169723511,0.069138216972351
VHSLSNN,0.8098644018173218,-2.9057469367980957,0.2857142857142857,0.2857142857142857,0.2567621171474457,0.0067621171474456
TYHRKNM,-3.27774977684021,0.4260755777359009,0.5714285714285714,0.2857142857142857,0.2221283614635467,0.0721283614635467
YYSVSAI,-1.793888807296753,-0.6277661323547363,0.4285714285714285,0.2857142857142857,0.3971990346908569,0.1971990346908569
YYRRSHN,-3.8905246257781982,0.8412003517150879,0.4285714285714285,0.1428571428571428,0.1498312205076217,0.0
YSRRSPN,-1.5198339223861694,1.4279495477676392,0.2857142857142857,0.1428571428571428,0.4295328855514526,0.1795328855514526
YSGSFND,-1.0000214576721191,-2.2338943481445312,0.5714285714285714,0.4285714285714285,0.3259099721908569,0.1759099721908569
YYIRNVN,-2.2497479915618896,0.0327872633934021,0.5714285714285714,0.2857142857142857,0.3434153199195862,0.1934153199195862
YYFSVEE,-3.105822801589966,-0.22967766225337982,0.7142857142857143,0.4285714285714285,0.2424128502607345,0.1424128502607345
LHHRVEN,0.8129630088806152,-0.4926662743091583,0.4285714285714285,0.2857142857142857,0.5051192045211792,0.3051192045211792
RTYSYDN,-2.421187400817871,-1.1582282781600952,0.7142857142857143,0.5714285714285714,0.3231883347034454,0.2231883347034454
VYHRWAN,-2.7494359016418457,1.187387228012085,0.5714285714285714,0.1428571428571428,0.2844605147838592,0.1344605147838592
YSRSSNE,1.8006409406661987,1.3497484922409058,0.4285714285714285,0.2857142857142857,0.694742739200592,0.4947427392005921
YYDSSGA,-1.48714280128479,-2.8697826862335205,0.5714285714285714,0.4285714285714285,0.2604635953903198,0.1104635953903198
HYHKSSN,0.2225245088338852,0.7056097984313965,0.4285714285714285,0.1428571428571428,0.6284472346305847,0.4284472346305847
YSSRETN,1.3294587135314941,-3.407210111618042,0.5714285714285714,0.2857142857142857,0.2051509469747543,0.0551509469747543
YVHRSET,0.6430737376213074,0.5035276412963867,0.7142857142857143,0.2857142857142857,0.6076486706733704,0.5076486706733704
MSSSGHH,0.2102278620004654,-3.770991086959839,0.7142857142857143,0.4285714285714285,0.1677101701498031,0.0677101701498031
YRHRSSS,-3.8773350715637207,0.8352503180503845,0.7142857142857143,0.1428571428571428,0.1513873636722564,0.0513873636722564
YSRRGLP,-1.4233319759368896,-0.12859350442886353,0.4285714285714285,0.2857142857142857,0.4409185349941253,0.2409185349941253
YYHRSGN,-1.5659500360488892,1.0775920152664185,0.5714285714285714,0.1428571428571428,0.4240919947624206,0.2740919947624206
YYRRNGN,-3.4281485080718994,0.9368003606796265,0.4285714285714285,0.1428571428571428,0.204383835196495,0.004383835196495
YHFRQGI,-1.7697727680206299,0.23848672211170197,0.5714285714285714,0.2857142857142857,0.400044322013855,0.2500443220138549
YYSRAEN,-0.03797340765595436,0.4993138313293457,0.5714285714285714,0.1428571428571428,0.6043675541877747,0.4543675541877746
QHHRQND,0.9206704497337341,-0.9068316221237183,0.7142857142857143,0.2857142857142857,0.462492823600769,0.362492823600769
YGRKPQW,-2.6717708110809326,-0.37652790546417236,0.7142857142857143,0.5714285714285714,0.2936237156391144,0.1936237156391144
YSHRGNN,2.081707000732422,0.43517470359802246,0.4285714285714285,0.1428571428571428,0.6006137132644653,0.4006137132644654
YYHRASN,-1.4868265390396118,0.8486871719360352,0.5714285714285714,0.1428571428571428,0.4334272444248199,0.2834272444248199
YISRGDN,1.1124359369277954,-1.9499554634094238,0.5714285714285714,0.2857142857142857,0.3551332950592041,0.2051332950592041
YSHSHNM,0.8707001209259033,-0.7480491399765015,0.7142857142857143,0.2857142857142857,0.4788349270820617,0.3788349270820618
YYRSLSM,-2.775820016860962,-0.6764528751373291,0.5714285714285714,0.1428571428571428,0.2813476324081421,0.1313476324081421
YYFREHN,-1.7236247062683105,0.31368330121040344,0.7142857142857143,0.2857142857142857,0.4054890275001526,0.3054890275001526
PSVRNNN,1.1868088245391846,-4.427509784698486,0.5714285714285714,0.2857142857142857,0.1001404970884323,0.0
YYSRGAN,0.9698776006698608,-1.0891221761703491,0.5714285714285714,0.1428571428571428,0.443731278181076,0.293731278181076
AYRRVDN,-0.6792952418327332,-1.1184139251708984,0.7142857142857143,0.2857142857142857,0.4407165348529815,0.3407165348529816
YLTRSAN,1.542789101600647,-1.679880142211914,0.5714285714285714,0.2857142857142857,0.3829297721385956,0.2329297721385956
YYHRMNQ,-1.1224290132522583,0.20023213326931,0.5714285714285714,0.2857142857142857,0.4764200448989868,0.3264200448989868
VSHRANN,1.6999480724334717,-2.3083338737487793,0.5714285714285714,0.1428571428571428,0.3182485699653625,0.1682485699653625
YVRSLNN,1.3340938091278076,1.2472394704818726,0.4285714285714285,0.1428571428571428,0.684192419052124,0.484192419052124
YHHRSTA,0.49882927536964417,0.8855605721473694,0.5714285714285714,0.1428571428571428,0.6469679474830627,0.4969679474830627
IHSRGAP,1.6862084865570068,-2.3851637840270996,0.5714285714285714,0.4285714285714285,0.3103411495685577,0.1603411495685577
VYRVSTE,1.1280945539474487,-1.0377620458602905,0.5714285714285714,0.4285714285714285,0.4490173161029815,0.2990173161029815
VYHSGEN,-0.5445737838745117,-2.4234468936920166,0.5714285714285714,0.2857142857142857,0.3064010143280029,0.1564010143280029
SYHRSAT,0.6395063996315002,2.118192672729492,0.5714285714285714,0.2857142857142857,0.6842988133430481,0.5342988133430481
IYSRTNN,0.7924732565879822,2.7223355770111084,0.5714285714285714,0.1428571428571428,0.7023463249206543,0.5523463249206543
YSSRHYN,-0.8900690078735352,-0.6719275712966919,0.5714285714285714,0.2857142857142857,0.4866694509983063,0.3366694509983062
ISRRSQE,0.45124077796936035,-2.5538010597229004,0.5714285714285714,0.2857142857142857,0.2929848134517669,0.1429848134517669
IYSRYEP,-1.6176342964172363,2.0509121417999268,0.5714285714285714,0.4285714285714285,0.4179941117763519,0.2679941117763519
YYHLLEN,-3.112351894378662,-0.38757985830307007,0.5714285714285714,0.2857142857142857,0.2416425347328186,0.0916425347328186
AYHRNNN,0.7557915449142456,0.2581929564476013,0.7142857142857143,0.2857142857142857,0.582398533821106,0.482398533821106
TQHSLSM,-0.16574856638908386,-4.210671424865723,0.7142857142857143,0.5714285714285714,0.1224577575922012,0.0224577575922012
IHHDRSN,0.7505714893341064,-2.8765220642089844,0.5714285714285714,0.4285714285714285,0.2597699761390686,0.1097699761390686
LSDHANN,-0.3098599910736084,-4.000723838806152,0.5714285714285714,0.4285714285714285,0.1440658122301101,0.0
YSHRNNN,1.5117714405059814,-0.5843440890312195,0.4285714285714285,0.0,0.4956836700439453,0.2956836700439453
YSHQLNN,2.017782211303711,-1.5465528964996338,0.5714285714285714,0.2857142857142857,0.3966519832611084,0.2466519832611084
ASHRSHN,0.35581663250923157,-0.9389763474464417,0.5714285714285714,0.2857142857142857,0.459184467792511,0.3091844677925109
YFSRPNN,-0.086344413459301,-1.0957900285720825,0.5714285714285714,0.1428571428571428,0.4430450201034546,0.2930450201034545
VMSRFSI,-0.7463106513023376,-0.8400925397872925,0.7142857142857143,0.4285714285714285,0.4693616926670074,0.3693616926670074
YSYLSAE,-1.8414517641067505,0.3452116549015045,0.5714285714285714,0.4285714285714285,0.3915874361991882,0.2415874361991882
NYSRSNN,1.1415168046951294,1.362898826599121,0.5714285714285714,0.0,0.6960961818695068,0.5460961818695068
HYHGAFN,-0.8975343704223633,-1.0439369678497314,0.5714285714285714,0.2857142857142857,0.4483817815780639,0.2983817815780639
YYSGNDN,-1.4324655532836914,-1.8776458501815796,0.5714285714285714,0.2857142857142857,0.362575501203537,0.212575501203537
YHSRLND,1.8386238813400269,-0.5968028903007507,0.5714285714285714,0.2857142857142857,0.4944013953208923,0.3444013953208923
NYGRAGN,1.1554620265960693,-0.596444845199585,0.7142857142857143,0.4285714285714285,0.4944382309913635,0.3944382309913635
YYHRSNS,-1.1792142391204834,0.39487725496292114,0.5714285714285714,0.0,0.4697203040122986,0.3197203040122985
YHHLGQM,-1.0412964820861816,-0.3190569579601288,0.4285714285714285,0.4285714285714285,0.485992282629013,0.2859922826290131
NKSSNSN,0.9929429292678833,-3.5006730556488037,0.7142857142857143,0.4285714285714285,0.1955316215753555,0.0955316215753555
ILRVSLE,0.08343192934989929,-2.4378461837768555,0.7142857142857143,0.5714285714285714,0.30491903424263,0.20491903424263
IHHRHSD,-0.07807465642690659,-0.10232788324356079,0.7142857142857143,0.4285714285714285,0.5452933311462402,0.4452933311462402
YYSRSPS,0.3499334454536438,-0.5480676889419556,0.5714285714285714,0.2857142857142857,0.4994172751903534,0.3494172751903533
YSHRSNA,2.1649112701416016,0.09439630061388016,0.5714285714285714,0.1428571428571428,0.5655403733253479,0.4155403733253479
YHRRGSN,-3.144336462020874,1.1737089157104492,0.4285714285714285,0.1428571428571428,0.2378688901662826,0.0378688901662826
YYRRQDI,-1.582613468170166,0.6038318872451782,0.5714285714285714,0.2857142857142857,0.4221259951591491,0.2721259951591491
LYHRSNN,0.6776084899902344,1.5064384937286377,0.5714285714285714,0.1428571428571428,0.6887941956520081,0.538794195652008
YYSRSNN,0.5108199119567871,0.6452360153198242,0.4285714285714285,0.0,0.6222334504127502,0.4222334504127503
LSHWSNN,-1.3685212135314941,-1.5232340097427368,0.4285714285714285,0.2857142857142857,0.3990519940853119,0.1990519940853119
YSSRDNN,1.860449194908142,-3.2537801265716553,0.5714285714285714,0.1428571428571428,0.2209421396255493,0.0709421396255493
IWSSSNN,-1.0254470109939575,-2.4502971172332764,0.5714285714285714,0.2857142857142857,0.3036375641822815,0.1536375641822815
YERSSGN,0.9070833921432495,-2.8235089778900146,0.4285714285714285,0.1428571428571428,0.2652261555194855,0.0652261555194854
VYRKSEA,1.1124061346054077,0.004455336835235357,0.5714285714285714,0.4285714285714285,0.5562835931777954,0.4062835931777954
YWRHAKN,-3.914644241333008,1.6067742109298706,0.4285714285714285,0.2857142857142857,0.1469855010509491,0.0
NSHRSIN,0.7917522192001343,-1.4401229619979858,0.4285714285714285,0.2857142857142857,0.4076058566570282,0.2076058566570282
RYRNQSN,-4.092080116271973,-0.10183931142091751,0.5714285714285714,0.4285714285714285,0.126051053404808,0.0
NTSRQGN,1.5250840187072754,-4.007117748260498,0.7142857142857143,0.4285714285714285,0.1434077471494674,0.0434077471494674
YYSRSLN,-0.895397961139679,0.9361363053321838,0.5714285714285714,0.0,0.5032058358192444,0.3532058358192443
YKHRESN,-0.04779162257909775,-0.2967584729194641,0.7142857142857143,0.2857142857142857,0.5252822637557983,0.4252822637557983
SYHLASE,-0.05232412368059158,-1.6051658391952515,0.5714285714285714,0.4285714285714285,0.3906194567680359,0.2406194567680359
YYRRGAD,-0.47859033942222595,0.2411324679851532,0.4285714285714285,0.2857142857142857,0.5523821711540222,0.3523821711540222
ALSRSAN,1.3671294450759888,-2.185643434524536,0.5714285714285714,0.2857142857142857,0.3308760225772857,0.1808760225772857
YYTRLFN,-3.372061252593994,0.6979264616966248,0.5714285714285714,0.2857142857142857,0.2110011875629425,0.0610011875629425
ISRSSLW,-1.454851746559143,-0.5458285212516785,0.5714285714285714,0.4285714285714285,0.4371997416019439,0.2871997416019439
YYSHLVY,-3.309964895248413,0.10977738350629807,0.5714285714285714,0.4285714285714285,0.218327522277832,0.068327522277832
YYSRLNN,-1.3833446502685547,0.693981409072876,0.5714285714285714,0.1428571428571428,0.4456363618373871,0.295636361837387
YYRRGQD,-0.4201844036579132,0.5362820029258728,0.4285714285714285,0.2857142857142857,0.5592730641365051,0.3592730641365051
YSHRYTV,-1.557380199432373,0.499521404504776,0.5714285714285714,0.4285714285714285,0.4251030683517456,0.2751030683517456
ITHRSNN,1.206345796585083,-1.0449490547180176,0.5714285714285714,0.1428571428571428,0.4482776224613189,0.2982776224613189
YYHRANN,-0.8935846090316772,0.7801049947738647,0.5714285714285714,0.1428571428571428,0.503419816493988,0.353419816493988
YYHHQHS,-2.0056955814361572,-0.5932052731513977,0.7142857142857143,0.2857142857142857,0.3722093999385834,0.2722093999385834
YYSRVSN,-0.6402295827865601,-0.29322683811187744,0.7142857142857143,0.1428571428571428,0.5256457924842834,0.4256457924842834
YYHRVDN,-1.627355933189392,0.6765420436859131,0.7142857142857143,0.0,0.4168471097946167,0.3168471097946167
VYHRNLN,0.30715301632881165,1.0286424160003662,0.5714285714285714,0.1428571428571428,0.6450867056846619,0.4950867056846618
YYHHFNN,-1.8996284008026123,-0.4832402467727661,0.5714285714285714,0.2857142857142857,0.3847235441207886,0.2347235441207885
IWRRIQN,-3.7203891277313232,0.6107610464096069,0.7142857142857143,0.4285714285714285,0.169904351234436,0.069904351234436
QYHKLFN,-1.1210428476333618,0.3005360960960388,0.5714285714285714,0.4285714285714285,0.4765835702419281,0.3265835702419281
YYHRSNE,-0.32611170411109924,0.9711775779724121,0.5714285714285714,0.1428571428571428,0.5703721046447754,0.4203721046447753
QYHRLNN,0.06555498391389847,0.5208244323730469,0.7142857142857143,0.1428571428571428,0.609428882598877,0.509428882598877
QYRMSNN,0.8973749279975891,-1.4259917736053467,0.4285714285714285,0.2857142857142857,0.4090602695941925,0.2090602695941925
YMIRQNN,-0.12602125108242035,-1.9668734073638916,0.5714285714285714,0.2857142857142857,0.353392094373703,0.203392094373703
LYNKSNA,2.069044351577759,-2.433367967605591,0.5714285714285714,0.4285714285714285,0.3053799271583557,0.1553799271583557
IYHKGAN,1.2695688009262085,-0.2431282103061676,0.5714285714285714,0.2857142857142857,0.5308019518852234,0.3808019518852233
YSHSSSN,1.2323139905929565,-1.6163148880004883,0.4285714285714285,0.1428571428571428,0.3894719779491424,0.1894719779491424
VQHRSSN,1.0483931303024292,-0.9903442859649658,0.5714285714285714,0.2857142857142857,0.4538975954055786,0.3038975954055786
TSHRGSS,1.2377309799194336,-2.2521812915802,0.7142857142857143,0.4285714285714285,0.3240278661251068,0.2240278661251068
IYRLISN,-1.8837534189224243,-0.28750720620155334,0.4285714285714285,0.2857142857142857,0.386596530675888,0.186596530675888
IHHRSQN,-0.005293948110193014,0.6355938911437988,0.5714285714285714,0.1428571428571428,0.6082231998443604,0.4582231998443603
QYIHYNN,-3.042557954788208,-0.4223059415817261,0.7142857142857143,0.4285714285714285,0.2498770505189895,0.1498770505189895
MYHRNHD,0.6297920942306519,-1.909971833229065,0.7142857142857143,0.4285714285714285,0.3592484891414642,0.2592484891414642
AFHRSNP,1.0241764783859253,-0.8894131779670715,0.5714285714285714,0.2857142857142857,0.4642855525016784,0.3142855525016784
MHGRFSP,-0.13597483932971954,-1.4456288814544678,0.7142857142857143,0.4285714285714285,0.4070391952991485,0.3070391952991486
AYRRGNY,-3.4547231197357178,0.5028859972953796,0.7142857142857143,0.2857142857142857,0.2012484818696975,0.1012484818696975
IYHRAHA,-0.963148832321167,0.7699702382087708,0.5714285714285714,0.2857142857142857,0.4952123761177063,0.3452123761177063
YYRASTN,0.36335837841033936,-0.20756937563419342,0.4285714285714285,0.2857142857142857,0.5344617366790771,0.3344617366790772
VYMRVAN,-1.3474875688552856,-0.010963866487145424,0.5714285714285714,0.2857142857142857,0.4498668909072876,0.2998668909072876
ISHWFPI,-4.333927631378174,1.3226337432861328,0.7142857142857143,0.4285714285714285,0.0975171104073524,0.0
YYHRSNN,-0.9529139399528503,1.031571388244629,0.4285714285714285,0.0,0.4964199662208557,0.2964199662208557
SSRRLAS,-2.7267775535583496,-0.7852960228919983,0.5714285714285714,0.4285714285714285,0.2871338427066803,0.1371338427066803
LYHRQMN,-0.5703502297401428,0.4594607353210449,0.5714285714285714,0.1428571428571428,0.5415560603141785,0.3915560603141784
YNDRTHD,1.184793472290039,-3.3526721000671387,0.5714285714285714,0.4285714285714285,0.2107640653848648,0.0607640653848648
AYHRNSN,0.49741145968437195,0.2141927033662796,0.5714285714285714,0.2857142857142857,0.5778700113296509,0.4278700113296508
YYLRSMN,-2.866309642791748,0.527143120765686,0.5714285714285714,0.2857142857142857,0.270671397447586,0.120671397447586
VSHRNTN,1.4800257682800293,-2.2569098472595215,0.5714285714285714,0.2857142857142857,0.3235411942005157,0.1735411942005157
YHRRTEN,-0.7363354563713074,1.3866581916809082,0.4285714285714285,0.2857142857142857,0.5219725966453552,0.3219725966453552
AYHSSDN,0.00011701344192260876,-2.328404426574707,0.5714285714285714,0.2857142857142857,0.3161828815937042,0.1661828815937042
NYSRGEH,1.0218231678009033,-1.212571620941162,0.7142857142857143,0.2857142857142857,0.4310257136821747,0.3310257136821747
YYHRNPP,-1.2560514211654663,0.5772367119789124,0.5714285714285714,0.4285714285714285,0.4606547951698303,0.3106547951698303
GHQRSQE,1.2716987133026123,-3.4211647510528564,0.5714285714285714,0.4285714285714285,0.2037147134542465,0.0537147134542465
YHARAQS,0.7233474254608154,-0.4898454248905182,0.5714285714285714,0.4285714285714285,0.5054095983505249,0.3554095983505249
ESHHQDN,-0.9100027680397034,-4.031838893890381,0.7142857142857143,0.4285714285714285,0.1408634185791015,0.0408634185791015
YYRRVHN,-3.951552391052246,0.21009989082813263,0.5714285714285714,0.1428571428571428,0.1426309645175933,0.0
YYSSSSQ,-0.41069158911705017,-2.6821560859680176,0.5714285714285714,0.2857142857142857,0.2797743678092956,0.1297743678092956
YYMSGAH,-2.0302488803863525,-1.9067481756210327,0.5714285714285714,0.4285714285714285,0.359580248594284,0.209580248594284
YYHRSSA,-1.316361427307129,0.903075098991394,0.5714285714285714,0.1428571428571428,0.4535392522811889,0.3035392522811889
FGRRSNH,-3.590604305267334,-0.22973008453845978,0.5714285714285714,0.2857142857142857,0.1852167844772339,0.0352167844772338
EVSRQNF,1.0847810506820679,-4.215899467468262,0.5714285714285714,0.5714285714285714,0.1219196766614914,0.0
YSHRNNN,1.5117714405059814,-0.5843440890312195,0.4285714285714285,0.0,0.4956836700439453,0.2956836700439453
KSHRSQP,-2.4595839977264404,0.37492793798446655,0.4285714285714285,0.2857142857142857,0.318658173084259,0.118658173084259
IVHNLSN,-0.41851332783699036,-4.267495632171631,0.5714285714285714,0.4285714285714285,0.1166093423962593,0.0
YYHISNS,-1.7067782878875732,-0.8780426979064941,0.5714285714285714,0.1428571428571428,0.4074766039848327,0.2574766039848327
YSHRLSP,1.2972655296325684,-0.2593001425266266,0.7142857142857143,0.2857142857142857,0.5291375517845154,0.4291375517845154
YGYRNLP,-0.942507803440094,-0.7402196526527405,0.5714285714285714,0.4285714285714285,0.4796407520771026,0.3296407520771026
YYFRQNF,-3.430798292160034,1.3212717771530151,0.5714285714285714,0.4285714285714285,0.2040712088346481,0.0540712088346481
TYRRPNI,-2.8819663524627686,0.05619538202881813,0.7142857142857143,0.2857142857142857,0.2688241600990295,0.1688241600990295
LQHRSLP,1.581738829612732,-1.151428461074829,0.5714285714285714,0.4285714285714285,0.4373186230659485,0.2873186230659484
YYHRGNS,-0.9381083250045776,0.9371849894523621,0.5714285714285714,0.1428571428571428,0.4981667399406433,0.3481667399406433
YWHRGNW,-1.8554195165634155,1.9299111366271973,0.7142857142857143,0.2857142857142857,0.3899394273757934,0.2899394273757935
SVRSVNP,2.454028606414795,-2.6293933391571045,0.5714285714285714,0.4285714285714285,0.2852047681808471,0.1352047681808471
MWSISSN,-1.752792477607727,-1.353040099143982,0.5714285714285714,0.4285714285714285,0.402047723531723,0.252047723531723
YYHRSQT,-1.7809574604034424,1.2385857105255127,0.4285714285714285,0.1428571428571428,0.3987247347831726,0.1987247347831726
YYSDPTN,-1.5587677955627441,-2.492103099822998,0.5714285714285714,0.4285714285714285,0.2993348240852356,0.1493348240852356
YYFRSND,-1.374158501625061,0.42292311787605286,0.5714285714285714,0.1428571428571428,0.4467201828956604,0.2967201828956604
YKHRSNN,-2.91833233833313,1.0757311582565308,0.4285714285714285,0.1428571428571428,0.2645335793495178,0.0645335793495178
YYHRNRN,-3.470363140106201,0.9874852895736694,0.5714285714285714,0.2857142857142857,0.1994032114744186,0.0494032114744186
YYHRRLN,-3.7469542026519775,1.3090938329696655,0.7142857142857143,0.2857142857142857,0.1667701154947281,0.0667701154947281
YHRSLNH,-0.356438010931015,-0.03672623261809349,0.4285714285714285,0.2857142857142857,0.5520451664924622,0.3520451664924622
RYHRYIN,-4.707606792449951,1.075243353843689,0.7142857142857143,0.2857142857142857,0.0534292422235012,0.0
MYSRTAN,1.8060064315795898,0.4744988977909088,0.5714285714285714,0.2857142857142857,0.6046609878540039,0.4546609878540039
QYRRSNE,-0.39110568165779114,-0.8264911770820618,0.5714285714285714,0.2857142857142857,0.4707615673542022,0.3207615673542022
SSHSGAA,0.4621731638908386,-4.355159282684326,0.7142857142857143,0.4285714285714285,0.1075868979096412,0.0073877293616533
YRTRALN,-2.6854240894317627,-1.2686163187026978,0.5714285714285714,0.2857142857142857,0.2920128405094147,0.1420128405094146
VYLRLNN,-1.7584633827209473,-0.678762674331665,0.5714285714285714,0.1428571428571428,0.4013786315917969,0.2513786315917968
YYHNAGI,-1.3302394151687622,-1.2589577436447144,0.5714285714285714,0.2857142857142857,0.4262515902519226,0.2762515902519226
YYRNMTN,-0.8220980763435364,-0.6750389337539673,0.4285714285714285,0.2857142857142857,0.4863492250442505,0.2863492250442505
YVHRFKN,-3.0274083614349365,0.2790105938911438,0.7142857142857143,0.2857142857142857,0.2516644299030304,0.1516644299030304
QYHVSSN,0.03232048824429512,-1.7131085395812988,0.5714285714285714,0.2857142857142857,0.3795098662376404,0.2295098662376404
YYRRTNY,-3.6518709659576416,0.4211282730102539,0.5714285714285714,0.2857142857142857,0.1779883354902267,0.0279883354902267
YSHISQS,1.485529899597168,-1.1039621829986572,0.5714285714285714,0.2857142857142857,0.4422039091587066,0.2922039091587066
TYHRFNP,-1.4763710498809814,0.6589139103889465,0.5714285714285714,0.2857142857142857,0.434660792350769,0.284660792350769
VVRSSRP,-2.070227861404419,-0.959022045135498,0.5714285714285714,0.4285714285714285,0.3645956814289093,0.2145956814289093
YKTPGNN,2.3533289432525635,-2.9789578914642334,0.5714285714285714,0.2857142857142857,0.2492271661758422,0.0992271661758422
YLHISAP,-0.6621913313865662,-2.1803367137908936,0.7142857142857143,0.4285714285714285,0.331422209739685,0.231422209739685
YHHKAWN,-0.6658856868743896,0.3661997616291046,0.5714285714285714,0.2857142857142857,0.5302844643592834,0.3802844643592834
YYSRLNN,-1.3833446502685547,0.693981409072876,0.5714285714285714,0.1428571428571428,0.4456363618373871,0.295636361837387
TYRRVID,-0.943748950958252,-0.524333119392395,0.5714285714285714,0.4285714285714285,0.4975012540817261,0.347501254081726
YYRAINA,-0.6323550939559937,-0.530220627784729,0.5714285714285714,0.2857142857142857,0.5012540817260742,0.3512540817260742
VSHRPTE,0.9738357663154602,-3.880789279937744,0.7142857142857143,0.4285714285714285,0.1564096212387085,0.0564096212387085
YHHRNNA,0.5536321997642517,0.07667004317045212,0.5714285714285714,0.2857142857142857,0.5637159943580627,0.4137159943580627
YPRRGGS,-2.115408182144165,-0.9632640480995178,0.5714285714285714,0.2857142857142857,0.3592651486396789,0.2092651486396789
YSSRSQS,1.9883887767791748,-0.8297075033187866,0.5714285714285714,0.2857142857142857,0.4704305231571197,0.3204305231571197
YYHLAAS,-1.9624083042144775,-0.9778484106063843,0.5714285714285714,0.4285714285714285,0.3773165643215179,0.2273165643215179
IHRRSDN,-0.5457522869110107,0.9231263995170593,0.4285714285714285,0.2857142857142857,0.5444581508636475,0.3444581508636475
ISYASAN,0.4791628122329712,-3.3052706718444824,0.5714285714285714,0.4285714285714285,0.2156426757574081,0.0656426757574081
YSSLKQN,2.343681573867798,-3.4198615550994873,0.4285714285714285,0.2857142857142857,0.2038488388061523,0.0038488388061523
RHHNKNN,-3.12250018119812,0.5717822313308716,0.5714285714285714,0.4285714285714285,0.2404452115297317,0.0904452115297317
YKGRSRS,-3.5736117362976074,1.3295624256134033,0.7142857142857143,0.2857142857142857,0.1872216165065765,0.0872216165065765
IYHRGSN,0.7749402523040771,1.4427777528762817,0.5714285714285714,0.1428571428571428,0.7002777457237244,0.5502777457237243
YTSHGNN,0.8130968809127808,-2.3510122299194336,0.5714285714285714,0.2857142857142857,0.3138560652732849,0.1638560652732849
MYHSEDQ,-0.915520429611206,-2.726498603820801,0.7142857142857143,0.5714285714285714,0.2752105593681335,0.1752105593681335
PHHRVGN,-0.13944782316684723,-1.4568021297454834,0.5714285714285714,0.4285714285714285,0.4058892428874969,0.2558892428874969
YHFVSGT,-2.1262433528900146,-0.8666203618049622,0.5714285714285714,0.2857142857142857,0.3579867780208587,0.2079867780208587
IYRRSNN,-2.9011523723602295,0.9067913293838501,0.4285714285714285,0.1428571428571428,0.2665605247020721,0.0665605247020721
QYNRSGN,1.543755292892456,-0.8772467374801636,0.5714285714285714,0.2857142857142857,0.4655377566814422,0.3155377566814422
AYRISST,1.469935655593872,-1.8993959426879883,0.5714285714285714,0.4285714285714285,0.36033695936203,0.21033695936203
YSDWSSD,-1.8011521100997925,-0.7603338956832886,0.5714285714285714,0.4285714285714285,0.3963420689105987,0.2463420689105987
VYRRITN,-3.044928789138794,0.33005407452583313,0.5714285714285714,0.4285714285714285,0.2495973259210586,0.0995973259210586
IYPRNST,0.735878586769104,-1.7954339981079102,0.5714285714285714,0.4285714285714285,0.3710368275642395,0.2210368275642395
HLRHTTQ,-0.4827753007411957,-0.7690638899803162,0.5714285714285714,0.5714285714285714,0.4766720533370971,0.3266720533370971
IHRFTNN,1.082924246788025,1.9056215286254883,0.4285714285714285,0.2857142857142857,0.7366147041320801,0.5366147041320801
YYHELIQ,-3.314624547958374,-1.0656260251998901,0.7142857142857143,0.4285714285714285,0.2177777588367462,0.1177777588367462
YHLRTAN,0.5881962180137634,-0.5661283731460571,0.4285714285714285,0.2857142857142857,0.497558444738388,0.2975584447383881
SLSSSDT,-0.6629044413566589,-4.933835029602051,0.4285714285714285,0.4285714285714285,0.0480289049446582,0.0
YYRRSNN,-3.154005289077759,0.9878677725791931,0.2857142857142857,0.0,0.2367281317710876,0.0
ASQHANN,0.5276305079460144,-4.935156345367432,0.5714285714285714,0.4285714285714285,0.0478929132223129,0.0
YLHRSQS,-0.5214277505874634,1.1653059720993042,0.5714285714285714,0.2857142857142857,0.5473281145095825,0.3973281145095825
VSRREDE,0.4236767590045929,-4.126865386962891,0.7142857142857143,0.4285714285714285,0.1310831755399704,0.0310831755399704
YSGSLNN,0.9063755869865417,-3.1212520599365234,0.5714285714285714,0.1428571428571428,0.2345820814371109,0.0845820814371109
YHMSSST,0.07637134939432144,-2.3746252059936523,0.5714285714285714,0.2857142857142857,0.3114258050918579,0.1614258050918579
YYMHAVA,-2.1370038986206055,-1.072239637374878,0.7142857142857143,0.4285714285714285,0.3567172288894653,0.2567172288894653
LYHHASD,-0.1979515254497528,-1.6109291315078735,0.5714285714285714,0.2857142857142857,0.3900263011455536,0.2400263011455536
YYRRNQD,-0.9475818276405334,0.014457650482654572,0.4285714285714285,0.1428571428571428,0.4970490634441376,0.2970490634441376
YSHRLNN,1.3908171653747559,0.26145848631858826,0.5714285714285714,0.1428571428571428,0.5827346444129944,0.4327346444129943
YYRNSMN,-1.1001734733581543,-0.5412784814834595,0.4285714285714285,0.2857142857142857,0.4790458083152771,0.2790458083152771
YLFRLSN,-4.095036506652832,0.8168722987174988,0.7142857142857143,0.1428571428571428,0.1257022470235824,0.0257022470235824
SSPKSDL,-0.18135787546634674,-3.1561458110809326,0.5714285714285714,0.5714285714285714,0.230990782380104,0.080990782380104
VHAKNGK,-3.4501049518585205,-0.44347256422042847,0.5714285714285714,0.2857142857142857,0.2017933428287506,0.0517933428287506
YYHRSNT,-1.6702927350997925,0.8545640707015991,0.5714285714285714,0.1428571428571428,0.4117812812328338,0.2617812812328338
YYHRYNP,-1.0750881433486938,0.8242185115814209,0.5714285714285714,0.2857142857142857,0.4820054471492767,0.3320054471492767
FFSRWNN,-3.0239758491516113,1.002394199371338,0.7142857142857143,0.4285714285714285,0.2520694136619568,0.1520694136619568
YSSVSVN,0.27811676263809204,-2.067671537399292,0.5714285714285714,0.1428571428571428,0.3430178463459015,0.1930178463459015
SHHRSAN,0.4799782931804657,0.08835442364215851,0.5714285714285714,0.1428571428571428,0.564918577671051,0.414918577671051
YYSRSGS,0.10526708513498306,-0.44395196437835693,0.5714285714285714,0.2857142857142857,0.5101329684257507,0.3601329684257507
YYRRGHI,-3.4246177673339844,1.0654480457305908,0.5714285714285714,0.2857142857142857,0.204800397157669,0.054800397157669
VSRRSSN,-2.9387729167938232,-0.17457516491413116,0.4285714285714285,0.1428571428571428,0.2621219456195831,0.0621219456195831
YYRRMGN,-3.9170279502868652,0.3822542428970337,0.5714285714285714,0.1428571428571428,0.1467042714357376,0.0
YMQRITN,0.6109103560447693,-1.7821613550186157,0.5714285714285714,0.4285714285714285,0.3724028766155243,0.2224028766155243
YLHKQEN,0.6530645489692688,-1.8111519813537598,0.5714285714285714,0.4285714285714285,0.369419127702713,0.219419127702713
NYHRLNN,0.2813147008419037,1.005241870880127,0.7142857142857143,0.1428571428571428,0.6420382261276245,0.5420382261276245
YSHRGNN,2.081707000732422,0.43517470359802246,0.4285714285714285,0.1428571428571428,0.6006137132644653,0.4006137132644654
LYSLSAN,-0.39981943368911743,-1.8495712280273438,0.4285714285714285,0.1428571428571428,0.365464985370636,0.165464985370636
YYRISQW,-2.99550724029541,0.5449414253234863,0.5714285714285714,0.2857142857142857,0.2554282546043396,0.1054282546043396
QLHRPEN,0.9410927891731262,-2.1438181400299072,0.7142857142857143,0.4285714285714285,0.3351807296276092,0.2351807296276092
YSHRSNY,-0.8755362629890442,0.9138751029968262,0.5714285714285714,0.1428571428571428,0.5055491924285889,0.3555491924285888
VASRSEY,1.1141843795776367,-2.703080654144287,0.5714285714285714,0.4285714285714285,0.2776207625865936,0.1276207625865936
YQHHAPD,0.8420196771621704,-3.3781819343566895,0.5714285714285714,0.4285714285714285,0.2081385552883148,0.0581385552883148
YVQIVNN,-1.0889204740524292,-2.461702346801758,0.5714285714285714,0.4285714285714285,0.3024637103080749,0.1524637103080749
YYRRSVN,-3.414965867996216,0.7488192319869995,0.4285714285714285,0.1428571428571428,0.2059391587972641,0.0059391587972641
MYHHGNN,0.6384663581848145,-0.7040817141532898,0.7142857142857143,0.2857142857142857,0.4833601117134094,0.3833601117134094
YQHRSAN,1.2969284057617188,-0.2583984434604645,0.5714285714285714,0.1428571428571428,0.5292303562164307,0.3792303562164306
MYRRSWN,-3.8218069076538086,1.252638816833496,0.5714285714285714,0.2857142857142857,0.1579387485980987,0.0079387485980987
TEHHAGN,0.5321627259254456,-4.79838228225708,0.5714285714285714,0.4285714285714285,0.0619698613882064,0.0
YYHRSGH,-2.1808557510375977,0.6984326839447021,0.5714285714285714,0.2857142857142857,0.3515434265136719,0.2015434265136718
SKSRVSN,-3.5774924755096436,-0.4937334358692169,0.5714285714285714,0.2857142857142857,0.1867637485265731,0.0367637485265731
YYSLSAN,-1.0321553945541382,-0.6042501926422119,0.4285714285714285,0.1428571428571428,0.487070769071579,0.287070769071579
AYGRSHN,-0.5767826437950134,-0.40468209981918335,0.5714285714285714,0.2857142857142857,0.5141746401786804,0.3641746401786804
YQHRSSD,1.4733508825302124,-1.6517536640167236,0.7142857142857143,0.2857142857142857,0.385824590921402,0.285824590921402
VYHRSAF,-0.9314489960670471,1.5888354778289795,0.4285714285714285,0.1428571428571428,0.4989524483680725,0.2989524483680725
VYSRVQN,0.35380807518959045,3.9965243339538574,0.4285714285714285,0.2857142857142857,0.6505911946296692,0.4505911946296692
YYSRSPN,0.3719217777252197,0.3394770622253418,0.4285714285714285,0.1428571428571428,0.5907644033432007,0.3907644033432007
YVLSGPY,-2.587029457092285,-1.8318887948989868,0.5714285714285714,0.4285714285714285,0.303621768951416,0.153621768951416
HPRVQRI,-3.5953664779663086,-0.7794672846794128,0.7142857142857143,0.5714285714285714,0.1846549212932586,0.0846549212932586
YYFRTKT,-3.7549610137939453,0.6497073769569397,0.5714285714285714,0.2857142857142857,0.1658254414796829,0.0158254414796829
YYHRSSN,-1.4665004014968872,1.0760574340820312,0.5714285714285714,0.1428571428571428,0.435825377702713,0.285825377702713
QSHRSVN,0.8564820289611816,-0.9839823842048645,0.5714285714285714,0.1428571428571428,0.4545523822307586,0.3045523822307586
YYHLIYN,-3.7290616035461426,-0.3456098735332489,0.5714285714285714,0.2857142857142857,0.1688811480998993,0.0188811480998992
YYHKSES,0.04977212846279144,0.7812974452972412,0.4285714285714285,0.2857142857142857,0.6147201061248779,0.414720106124878
YHIKTSP,1.9540635347366333,-1.130622148513794,0.7142857142857143,0.4285714285714285,0.4394600391387939,0.3394600391387939
YSHRSNN,1.822951078414917,1.5215983390808105,0.4285714285714285,0.0,0.7124297022819519,0.512429702281952
YSHRSNN,1.822951078414917,1.5215983390808105,0.4285714285714285,0.0,0.7124297022819519,0.512429702281952
YSHRSNN,1.822951078414917,1.5215983390808105,0.4285714285714285,0.0,0.7124297022819519,0.512429702281952
YVHRGNI,0.2078309804201126,0.5501708984375,0.7142857142857143,0.0,0.6124492883682251,0.5124492883682251
YSHRSNP,1.8686492443084717,1.0395225286483765,0.5714285714285714,0.0,0.6628139019012451,0.5128139019012451
YSHRSNP,1.8686492443084717,1.0395225286483765,0.5714285714285714,0.0,0.6628139019012451,0.5128139019012451
YHRLSQN,1.6443864107131958,3.5853121280670166,0.1428571428571428,0.0,0.8028577566146851,0.502857756614685
VHHRLSN,0.5929150581359863,1.0409224033355713,0.5714285714285714,0.0,0.662958025932312,0.512958025932312
YSRSNGN,2.3796591758728027,2.0158302783966064,0.2857142857142857,0.0,0.7632966637611389,0.5132966637611389
YSRSNGN,2.3796591758728027,2.0158302783966064,0.2857142857142857,0.0,0.7632966637611389,0.5132966637611389
IYHRGRD,-0.1301245540380478,1.026167631149292,0.7142857142857143,0.0,0.5934953093528748,0.4934953093528748
IYHRGRD,-0.1301245540380478,1.026167631149292,0.7142857142857143,0.0,0.5934953093528748,0.4934953093528748
YHRISSP,1.0051320791244507,1.549371600151062,0.4285714285714285,0.0,0.7152881622314453,0.5152881622314454
SYHRGNN,0.46520015597343445,1.0633736848831177,0.5714285714285714,0.0,0.6637336015701294,0.5137336015701294
VYHRPNN,0.7321270704269409,1.0641207695007324,0.5714285714285714,0.0,0.6653456091880798,0.5153456091880798
PYSRQDN,-0.12242008000612259,0.6005762219429016,0.7142857142857143,0.0,0.5944042801856995,0.4944042801856995
VYHRMNN,0.5278504490852356,1.0673190355300903,0.5714285714285714,0.0,0.6656747460365295,0.5156747460365295
PYHRGIA,0.7594882249832153,0.583437979221344,0.7142857142857143,0.0,0.6158731579780579,0.5158731579780579
QYVRSQE,1.3898134231567383,1.5576248168945312,0.4285714285714285,0.0,0.7161375880241394,0.5161375880241394
QYHRSVN,0.3382991552352905,1.40286123752594,0.5714285714285714,0.0,0.6487614512443542,0.4987614512443542
IYSRHND,0.7283352613449097,1.0843536853790283,0.5714285714285714,0.0,0.6674280166625977,0.5174280166625976
YHRVSNN,2.1698405742645264,2.5461530685424805,0.1428571428571428,0.0,0.8178781270980835,0.5178781270980835
VYSRSSN,1.285675048828125,1.5869641304016113,0.4285714285714285,0.0,0.7191572189331055,0.5191572189331055
IYHRSET,0.4020075798034668,1.1041151285171509,0.5714285714285714,0.0,0.6562779545783997,0.5062779545783996
YHRVSNT,1.2762795686721802,2.081510066986084,0.2857142857142857,0.0,0.7594273686408997,0.5094273686408997
QYHRAQS,0.5302978754043579,1.1112174987792969,0.5714285714285714,0.0,0.6701928377151489,0.5201928377151489
YHRLGNN,1.710896372795105,4.220418453216553,0.1428571428571428,0.0,0.8107048273086548,0.5107048273086547
AYSRSNN,0.37142214179039,1.7361077070236206,0.5714285714285714,0.0,0.652669370174408,0.5026693701744079
AYSRSNN,0.37142214179039,1.7361077070236206,0.5714285714285714,0.0,0.652669370174408,0.5026693701744079
VYSRSNN,0.8320099115371704,2.92356014251709,0.4285714285714285,0.0,0.7070109844207764,0.5070109844207764
VYSRSNN,0.8320099115371704,2.92356014251709,0.4285714285714285,0.0,0.7070109844207764,0.5070109844207764
VYSRSNN,0.8320099115371704,2.92356014251709,0.4285714285714285,0.0,0.7070109844207764,0.5070109844207764
VYSRSNN,0.8320099115371704,2.92356014251709,0.4285714285714285,0.0,0.7070109844207764,0.5070109844207764
IYHRAIE,0.5513573288917542,0.6632164120674133,0.7142857142857143,0.0,0.6240840554237366,0.5240840554237366
YSHRSEI,1.0637435913085938,0.6748918890953064,0.7142857142857143,0.0,0.6252856850624084,0.5252856850624085
NYHRSNN,0.4226987063884735,1.4816937446594238,0.5714285714285714,0.0,0.6587191224098206,0.5087191224098205
YIHRQSN,0.05860669165849686,0.6872997879981995,0.7142857142857143,0.0,0.6157624125480652,0.5157624125480652
IYHRSNN,0.42777636647224426,1.9939481019973755,0.5714285714285714,0.0,0.659318208694458,0.509318208694458
IYHRSNN,0.42777636647224426,1.9939481019973755,0.5714285714285714,0.0,0.659318208694458,0.509318208694458
VYSRNEN,0.45078739523887634,2.1649670600891113,0.5714285714285714,0.0,0.6620331406593323,0.5120331406593323
VYSRNEN,0.45078739523887634,2.1649670600891113,0.5714285714285714,0.0,0.6620331406593323,0.5120331406593323
VYSRNEN,0.45078739523887634,2.1649670600891113,0.5714285714285714,0.0,0.6620331406593323,0.5120331406593323
YHRLSNN,2.24538516998291,4.315680980682373,0.0,0.0,0.8737655282020569,0.5237655282020569
YHRLSNN,2.24538516998291,4.315680980682373,0.0,0.0,0.8737655282020569,0.5237655282020569
YHRLSNN,2.24538516998291,4.315680980682373,0.0,0.0,0.8737655282020569,0.5237655282020569
IYHRLNN,0.009280724450945854,1.409530758857727,0.7142857142857143,0.0,0.6099427342414856,0.5099427342414856
IYHRLNN,0.009280724450945854,1.409530758857727,0.7142857142857143,0.0,0.6099427342414856,0.5099427342414856
YSRINIP,0.9424159526824951,1.6951020956039429,0.4285714285714285,0.0,0.7200371026992798,0.5200371026992798
PYHRSQS,1.0340179204940796,1.6983630657196045,0.4285714285714285,0.0,0.7306225299835205,0.5306225299835206
YSRNLND,2.345395088195801,1.7041794061660767,0.4285714285714285,0.0,0.7312211394309998,0.5312211394309998
HKSHHDN,-0.4157545864582062,0.49211516976356506,0.8571428571428571,0.0,0.5597957372665405,0.5097957372665405
YLHRLSN,0.03801601380109787,1.7008572816848755,0.7142857142857143,0.0,0.6133330464363098,0.5133330464363098
VYHRQDI,0.4855618178844452,1.324009656906128,0.5714285714285714,0.0,0.6661359667778015,0.5161359667778015
YSRMSGH,0.9698600172996521,1.241344928741455,0.5714285714285714,0.0,0.6835857033729553,0.5335857033729553
YSRSSSN,2.5901215076446533,1.739269495010376,0.4285714285714285,0.0,0.7348327040672302,0.5348327040672303
YSRSSSN,2.5901215076446533,1.739269495010376,0.4285714285714285,0.0,0.7348327040672302,0.5348327040672303
YSRSSSN,2.5901215076446533,1.739269495010376,0.4285714285714285,0.0,0.7348327040672302,0.5348327040672303
YSRSSSN,2.5901215076446533,1.739269495010376,0.4285714285714285,0.0,0.7348327040672302,0.5348327040672303
QYHRSNN,0.49870648980140686,1.3024613857269287,0.5714285714285714,0.0,0.6676867604255676,0.5176867604255676
QYHRSNN,0.49870648980140686,1.3024613857269287,0.5714285714285714,0.0,0.6676867604255676,0.5176867604255676
NYHRSSN,0.7073678374290466,1.2554062604904175,0.5714285714285714,0.0,0.6850329041481018,0.5350329041481018
NYHRSSN,0.7073678374290466,1.2554062604904175,0.5714285714285714,0.0,0.6850329041481018,0.5350329041481018
NYHRSSN,0.7073678374290466,1.2554062604904175,0.5714285714285714,0.0,0.6850329041481018,0.5350329041481018
NYHRSSN,0.7073678374290466,1.2554062604904175,0.5714285714285714,0.0,0.6850329041481018,0.5350329041481018
QYHRSST,0.7765141725540161,1.262603521347046,0.5714285714285714,0.0,0.6857736706733704,0.5357736706733703
YYHRGEA,0.06672336161136627,1.6653269529342651,0.7142857142857143,0.0,0.6167200207710266,0.5167200207710266
IYSRSGN,1.5717068910598755,1.7687324285507202,0.4285714285714285,0.0,0.7378650903701782,0.5378650903701783
YSRVNEN,1.599050760269165,2.3024837970733643,0.2857142857142857,0.0,0.7927994132041931,0.5427994132041931
VYHRSEN,1.018811821937561,1.9873669147491455,0.4285714285714285,0.0,0.7290504574775696,0.5290504574775696
IYSRNNN,0.9791157245635986,1.3348230123519897,0.5714285714285714,0.0,0.6932066082954407,0.5432066082954407
IYSRSND,1.1894460916519165,1.8282781839370728,0.4285714285714285,0.0,0.7439935803413391,0.5439935803413392
IYHRSAN,0.5817400217056274,1.5826431512832642,0.5714285714285714,0.0,0.677483320236206,0.527483320236206
YHRLGSN,1.477121114730835,4.03782844543457,0.2857142857142857,0.0,0.7831233143806458,0.5331233143806458
MYHRLNN,0.1461704671382904,0.9471721649169922,0.7142857142857143,0.0,0.6260934472084045,0.5260934472084046
YSRSQNN,1.771315336227417,1.8466640710830688,0.4285714285714285,0.0,0.7458858489990234,0.5458858489990235
YSRSQNN,1.771315336227417,1.8466640710830688,0.4285714285714285,0.0,0.7458858489990234,0.5458858489990235
YSRSQNN,1.771315336227417,1.8466640710830688,0.4285714285714285,0.0,0.7458858489990234,0.5458858489990235
NYSRSNN,1.1415168046951294,1.362898826599121,0.5714285714285714,0.0,0.6960961818695068,0.5460961818695068
NYSRSNN,1.1415168046951294,1.362898826599121,0.5714285714285714,0.0,0.6960961818695068,0.5460961818695068
NYSRSNN,1.1415168046951294,1.362898826599121,0.5714285714285714,0.0,0.6960961818695068,0.5460961818695068
YSRLGQD,2.593733549118042,2.350282669067383,0.2857142857142857,0.0,0.79771888256073,0.54771888256073
MYSRNNN,1.264977216720581,0.905227541923523,0.7142857142857143,0.0,0.648992121219635,0.548992121219635
YSRSSPN,2.597914934158325,2.374415636062622,0.2857142857142857,0.0,0.8002027273178101,0.5502027273178101
YSRSSPN,2.597914934158325,2.374415636062622,0.2857142857142857,0.0,0.8002027273178101,0.5502027273178101
YSRVDEL,0.932559609413147,1.4018746614456177,0.5714285714285714,0.0,0.7001076340675354,0.5501076340675354
SYARSNN,0.6724101901054382,1.4104926586151123,0.5714285714285714,0.0,0.6881808638572693,0.5381808638572693
HYSRSPN,0.7927325367927551,1.4149210453033447,0.5714285714285714,0.0,0.7014504075050354,0.5514504075050354
YVHRSVS,0.20331092178821564,1.17111074924469,0.7142857142857143,0.0,0.6328350901603699,0.5328350901603699
YSRSVLN,1.1015516519546509,1.954687237739563,0.4285714285714285,0.0,0.7388123869895935,0.5388123869895936
YSRSQSN,1.6020078659057617,1.911088228225708,0.4285714285714285,0.0,0.752516508102417,0.552516508102417
TYTRSTN,1.59111750125885,1.9248038530349731,0.4285714285714285,0.0,0.7539280652999878,0.5539280652999878
YHRVSSN,1.5664353370666504,2.688844680786133,0.2857142857142857,0.0,0.7936608791351318,0.5436608791351318
IYHRSGN,0.6821259260177612,1.4967525005340576,0.5714285714285714,0.0,0.6893272399902344,0.5393272399902344
QYSRSNA,1.9483537673950195,1.4585751295089722,0.5714285714285714,0.0,0.7059432864189148,0.5559432864189148
YSRSINN,2.091066837310791,1.9562560319900513,0.4285714285714285,0.0,0.7571651935577393,0.5571651935577393
IYHRSEN,0.7110471725463867,1.5264701843261719,0.5714285714285714,0.0,0.6927394270896912,0.5427394270896911
IYHRSEN,0.7110471725463867,1.5264701843261719,0.5714285714285714,0.0,0.6927394270896912,0.5427394270896911
YSRSLVN,1.1651840209960938,2.2716965675354004,0.4285714285714285,0.0,0.7463199496269226,0.5463199496269227
QYSRGSN,1.5451799631118774,1.4965078830718994,0.5714285714285714,0.0,0.7098473906517029,0.5598473906517029
VYHRGLN,0.7348124980926514,2.4616787433624268,0.5714285714285714,0.0,0.6955433487892151,0.5455433487892151
IYHRVNN,0.2880707383155823,1.2022349834442139,0.7142857142857143,0.0,0.6428353190422058,0.5428353190422058
IYHRVNN,0.2880707383155823,1.2022349834442139,0.7142857142857143,0.0,0.6428353190422058,0.5428353190422058
QYSRNNP,1.5083811283111572,1.5115464925765991,0.5714285714285714,0.0,0.7113952040672302,0.5613952040672302
SYSRLHE,0.7578845620155334,1.5178667306900024,0.5714285714285714,0.0,0.6982654333114624,0.5482654333114624
YLHRGNS,0.6472460627555847,1.0436344146728516,0.7142857142857143,0.0,0.6632370948791504,0.5632370948791504
YLHRGNS,0.6472460627555847,1.0436344146728516,0.7142857142857143,0.0,0.6632370948791504,0.5632370948791504
YHRVGSN,1.222070336341858,2.021982192993164,0.4285714285714285,0.0,0.7530315518379211,0.5530315518379212
IYSRSNN,1.209181785583496,3.098268508911133,0.4285714285714285,0.0,0.7515109181404114,0.5515109181404114
YSRSSVQ,1.976434350013733,1.5923123359680176,0.5714285714285714,0.0,0.7197076678276062,0.5697076678276062
YSRSANN,2.7788655757904053,2.5977861881256104,0.2857142857142857,0.0,0.8231922388076782,0.5731922388076782
YSRSLGN,1.5712090730667114,2.120896100997925,0.4285714285714285,0.0,0.7741101384162903,0.5741101384162903
YSRSPGE,1.8658947944641113,1.645357608795166,0.5714285714285714,0.0,0.7251671552658081,0.5751671552658081
YSRVLGN,1.4600673913955688,2.137068271636963,0.4285714285714285,0.0,0.7757745981216431,0.5757745981216431
YSRVLGN,1.4600673913955688,2.137068271636963,0.4285714285714285,0.0,0.7757745981216431,0.5757745981216431
YSRSGNN,2.8404319286346436,2.65136456489563,0.2857142857142857,0.0,0.8287066221237183,0.5787066221237183
YSRLGQN,2.523437738418579,2.67421555519104,0.2857142857142857,0.0,0.8310584425926208,0.5810584425926208
TYSRGTN,1.5971348285675049,1.7018580436706543,0.5714285714285714,0.0,0.73098224401474,0.58098224401474
YSRSQAN,1.7623904943466187,2.207921266555786,0.4285714285714285,0.0,0.7830669283866882,0.5830669283866883
MYSRSNN,1.5054917335510254,1.7826772928237915,0.5714285714285714,0.0,0.7393002510070801,0.5893002510070801
MYSRSNN,1.5054917335510254,1.7826772928237915,0.5714285714285714,0.0,0.7393002510070801,0.5893002510070801
VYTRANN,1.4377975463867188,2.749725580215454,0.4285714285714285,0.0,0.7784837484359741,0.5784837484359742
VYTRANN,1.4377975463867188,2.749725580215454,0.4285714285714285,0.0,0.7784837484359741,0.5784837484359742
VYTRANN,1.4377975463867188,2.749725580215454,0.4285714285714285,0.0,0.7784837484359741,0.5784837484359742
IYSRSAN,1.4985451698303223,2.275128126144409,0.4285714285714285,0.0,0.7856509685516357,0.5856509685516358
YSRSSGN,2.498208522796631,2.3260834217071533,0.4285714285714285,0.0,0.7952283024787903,0.5952283024787903
YSRSSGN,2.498208522796631,2.3260834217071533,0.4285714285714285,0.0,0.7952283024787903,0.5952283024787903
YSRSGPN,2.7878224849700928,3.3061652183532715,0.1428571428571428,0.0,0.8960994482040405,0.5960994482040405
YSRSSAN,2.5067453384399414,2.3360517024993896,0.4285714285714285,0.0,0.7962542176246643,0.5962542176246644
TYSRSNN,1.0697753429412842,2.0232675075531006,0.5714285714285714,0.0,0.735063374042511,0.585063374042511
TYSRSNN,1.0697753429412842,2.0232675075531006,0.5714285714285714,0.0,0.735063374042511,0.585063374042511
MYSRANN,1.9002363681793213,1.3881070613861084,0.7142857142857143,0.0,0.6986905932426453,0.5986905932426453
YSRSLNN,2.0125224590301514,2.3630013465881348,0.4285714285714285,0.0,0.7990279197692871,0.5990279197692872
SYSRSNN,1.0727022886276245,2.1194589138031006,0.5714285714285714,0.0,0.7354086637496948,0.5854086637496948
SYSRSNN,1.0727022886276245,2.1194589138031006,0.5714285714285714,0.0,0.7354086637496948,0.5854086637496948
SYSRSNN,1.0727022886276245,2.1194589138031006,0.5714285714285714,0.0,0.7354086637496948,0.5854086637496948
YSRSGSN,2.758145809173584,2.9118716716766357,0.2857142857142857,0.0,0.8555182814598083,0.6055182814598083
YSRSGSN,2.758145809173584,2.9118716716766357,0.2857142857142857,0.0,0.8555182814598083,0.6055182814598083
YSRLSNN,3.315321445465088,3.4239096641540527,0.1428571428571428,0.0,0.9082178473472596,0.6082178473472595
QYSRSTN,1.287840723991394,2.425595283508301,0.5714285714285714,0.0,0.7607913613319397,0.6107913613319397
YSRLSQN,2.523674249649048,3.461937665939331,0.2857142857142857,0.0,0.9065989255905152,0.6565989255905151
