AA_sequence,V_mean_P_mean_enrichment,fitness,huTfR1fc_enrichment,huTfR1fc_log2_enrichment,hufc_enrichment,hufc_log2_enrichment,H68_brain_enrichment,H68_brain_log2_enrichment,H69_brain_enrichment,H69_brain_log2_enrichment,H70_brain_enrichment,H70_brain_log2_enrichment,final_merge_brain_log2_enrichment,huTfR1_fc_enrichment,huTfR1_fc_log2_enrichment,huTfR1_fc_okt9_mean_enrichment,huTfR1_fc_okt9_mean_log2_enrichment,huTfR1_fc_tf_mean_enrichment,huTfR1_fc_tf_mean_log2_enrichment,fitness prediction,hTFR1 enrichment prediction
NWVKSNP,1.1342710181788478,0.1817653932495546,0.0607524057807539,-4.04091465,0.4278362500819221,-1.224869369,0.1577883119760947,-2.663937752,0.016304029088919,-5.938627659,3.032345659931802,1.6004342170465236,1.6004342170465236,0.600949985459007,-0.734683168,1.6644636801981787,0.735057390171985,0.5360988603051777,-0.899429027,1.508986234664917,1.045052409172058
NWVKSTL,0.419003835866317,-1.254964643,0.051312019276208,-4.284559389,0.2952413353883878,-1.760033374,0.0192844448223369,-5.696418577,0.0115087766115753,-6.441121707,0.0115087766115753,-6.441121707,-6.441121707,0.2500565631744653,-1.999673623,0.5996941266866543,-0.737701252,0.2525853897017707,-1.985156903,-0.724872112,1.8057953119277956
NWVKSIN,1.0022846342163236,0.0032922710669528,0.0351742633055547,-4.829335982,0.0850000581476511,-3.556392362,0.0697801514146762,-3.841039462,4.691575883648102,2.2300726002774995,0.0096146655468669,-6.700547611,2.2300726002774995,0.328354758699341,-1.606672731,0.7344586769354124,-0.445246773,0.3126997839435629,-1.677149872,0.1808589547872543,2.2297897338867188
NWVKSID,0.5283684852265377,-0.920383676,0.0312469615131392,-5.000140282,0.1945667049633744,-2.361663243,0.1071110143238321,-3.222821254,0.0222353292958699,-5.491002419,0.0235583973035929,-5.407614795,-5.407614795,0.1226900286880934,-3.026910092,0.1189739865185324,-3.07128193,0.1122175240880029,-3.155630108,-0.628448904,1.9281964302062988
NWVKSIA,0.560445931635804,-0.835352897,0.0435433637086102,-4.52140333,0.1317641534830115,-2.923970157,0.0639466185146589,-3.966988118,0.0096189550966054,-6.699904102,0.002561252300972,-8.608934909,-6.699904102,0.3715978289869919,-1.428186022,0.8117955235872955,-0.30081171,0.3465538588640257,-1.528848512,-0.454550415,1.4519816637039185
NWVKSIG,0.4994180092193003,-1.001680249,0.0299180982180602,-5.062837718,0.0552950205820589,-4.176706621,0.0997893145336223,-3.32497085,0.0088562716279242,-6.819084813,0.0088562716279242,-6.819084813,-6.819084813,0.2248555533857116,-2.152929579,0.4418838581954031,-1.178260864,0.2451774837833659,-2.028101602,-0.331561446,1.2901533842086792
NWVKSQN,1.2619389744256724,0.3356421453266494,0.2414386113626541,-2.050271682,2.0772056041688245,1.05464402284321,0.1124797031392727,-3.152263403,0.0191962620409673,-5.703030778,3.1087052488560025,1.6363138343784207,1.6363138343784207,1.1584129277691535,0.2121496079518989,3.944775210327223,1.9799430918265544,1.053266179942662,0.0748700782963197,1.0077533721923828,1.6239882707595823
NWVKSVG,0.5017664771971696,-0.994912007,0.0247471152423335,-5.336595829,0.117666248870032,-3.087227535,0.0395209401093998,-4.661238924,0.0044692460453806,-7.805752813,0.0045393247433113,-7.783306582,-7.783306582,0.2237264226653151,-2.160192442,0.3797543887541309,-1.396861457,0.2091247138797824,-2.257564528,0.1976546794176101,0.8336071968078613
NWVKSST,0.7265480848531856,-0.460869813,0.0847521664270513,-3.560605943,0.3430224998864719,-1.543624885,0.0804157842730399,-3.636377484,37.57955583022673,5.231876109880664,0.005171334249192,-7.595247728,5.231876109880664,0.823779578331661,-0.279669733,3.030007725713628,1.59932147219147,0.7681806871997453,-0.380482401,0.603461503982544,0.9990198016166688
NWVKSSM,0.5833530949444965,-0.777558705,0.0487960921825507,-4.357090575,0.2867918375691211,-1.801924131,0.0435940118645396,-4.519726212,0.0054235136286908,-7.526556479,0.0050071525669463,-7.64179387,-7.526556479,0.3160701781572981,-1.661683174,0.9646779053110784,-0.051880771,0.29907029667404,-1.741443464,-0.474095345,1.4824891090393066
NWVKSSV,0.713401079024356,-0.487214697,0.125916764589923,-2.989457718,0.7504740001065012,-0.414126004,0.1014767626935542,-3.300778694,0.258664935328261,-1.9508436,0.0188158155351908,-5.731910368,-1.9508436,0.8000349196471066,-0.321865123,2.645799196,1.4037035719078166,0.7007385799595617,-0.513051767,0.0879106149077415,1.5367432832717896
NFVKSQV,0.7817322960953932,-0.355253453,0.171636414240242,-2.542572429,2.5058497849980723,1.3252999338402318,0.1793484520638759,-2.479162801,0.0204655408680363,-5.610659395,1.3396493917523689,0.4218554730970915,0.4218554730970915,0.2783853512695552,-1.844844797,0.3789465732622548,-1.399933634,0.2367161620335823,-2.078769884,1.4481343030929563,0.3708647787570953
TYTKSTI,1.594631583501675,0.6732231487239805,0.3449276938105257,-1.535634129,0.2461189718026268,-2.022572224,0.1174756505395217,-3.089566338,1.7368438174698644,0.7964680281459962,0.0137202858846771,-6.187545647,0.7964680281459962,2.711137199207929,1.438898123728351,1.8887886630810315,0.9174612873368276,2.6695525548501817,1.4165979512782798,1.5860222578048706,0.2638108432292938
TYTKSTV,1.2719816119241243,0.3470778148222472,0.1857159714522693,-2.428830203,0.2967584272060203,-1.752639095,0.1549339914859585,-2.690274398,0.020958017997806,-5.576353902,1.070277688673778,0.0979851593335966,0.0979851593335966,3.1151824011480205,1.6393166388600484,3.058124674911575,1.612647224295231,2.920053966519466,1.5459950322938372,1.8451707363128664,0.4157173335552215
TYTKSQL,1.4894955919703186,0.5748238540661462,6.529249841204429,2.706917247125023,4.059373888103801,2.0212572253944274,0.2325439052964202,-2.104424966,3.256589806805752,1.7033620123480329,0.0169202373686959,-5.885106382,1.7033620123480329,3.840173469024852,1.941171482105118,3.174549337368671,1.6665517997933088,3.791548533046575,1.9227871899980928,1.532935619354248,2.8130524158477783
TYTKSPV,1.696499448855768,0.7625609613585392,0.521299153810479,-0.939816577,13.015312355331773,3.702138030377425,0.1213702277042509,-3.042513525,0.0216315531302955,-5.530718936,2.5208235267141115,1.3338951241282726,1.3338951241282726,0.1664274020116862,-2.587035104,0.5957182985442218,-0.74729782,0.1227678463164051,-3.025995336,1.624694585800171,0.7645503282546997
TYTKSEI,1.2030624631095117,0.2667115493127388,3.354465700989327,1.7460829923811363,0.3269641793724785,-1.612795505,0.0880346410938277,-3.505784863,72.70754624984522,6.184033202804403,0.6304911359475955,-0.665452007,6.184033202804403,2.0543864846413835,1.038707616429459,0.3396730545503477,-1.557781318,2.0119021043560026,1.0085601078292483,0.953081488609314,1.5939946174621582
TYTKSVN,0.9498934308698432,-0.074162429,0.0272494238212605,-5.197630465,0.0668473558423024,-3.902985694,0.1138705684968405,-3.134533185,0.0162303976578107,-5.945157842,1.3496953626174375,0.4326338158415739,0.4326338158415739,0.7969888722896232,-0.327368514,0.9092510489769638,-0.13724941,0.7882714608577067,-0.343235552,1.9418200254440308,0.7452731132507324
TYTKSVY,0.9230940632242608,-0.115450429,0.0624297541256634,-4.001622406,0.4786926011654394,-1.062828587,0.0796457110787583,-3.650259515,1.1006259072581912,0.1383241932865609,0.0061849129616717,-7.337030992,0.1383241932865609,1.561462824004238,0.6428982214473831,3.1133485959388856,1.6384671217720364,1.4039354317221822,0.4894765863004122,1.0456840991973877,1.6829313039779663
TYTKSSI,2.970628552646108,1.570768221882329,0.3749618935087461,-1.41518411,0.6654423234648176,-0.587614467,1.476887231191349,0.5625596722692255,15.010140600932154,3.907865585724547,1.4470319796216908,0.5330968059966614,3.907865585724547,2.461585005650179,1.299587560865663,1.6699709459580283,0.7398230030065759,2.3911469616396697,1.2577028018659948,1.5309176445007324,0.3165645897388458
TYTRTQP,0.5244714983252465,-0.931063721,0.0196722246832249,-5.667696072,0.0905608921919047,-3.464968018,0.2403935880950755,-2.056529679,3.1631034083657004,1.6613407212987925,0.0195575706869714,-5.67612901,1.6613407212987925,0.1443174639274347,-2.792682203,0.1225150613592516,-3.028968977,0.1710809699341243,-2.547248803,1.232906937599182,1.6386749744415283
TYTRSTP,1.1758865535217236,0.2337488794204288,0.0840913271587519,-3.571899175,0.0808460785436113,-3.628678393,0.3649026189234761,-1.45441659,0.043988232846849,-4.506738545,4.620970447163758,2.208195862958976,2.208195862958976,0.2766106178904033,-1.854071558,0.226666810741001,-2.141354932,0.3202538991840114,-1.642711959,1.8136310577392576,1.3463542461395264
TYTRSIE,1.0747452259046468,0.1039947017806349,0.0330117507959783,-4.920876535,0.080415862899667,-3.636376073,0.2747329586356675,-1.8638981,0.008962853159346,-6.801826224,5.759260801562602,2.5258836543142293,2.5258836543142293,0.1113322407041603,-3.167056652,0.1120851706766682,-3.157332679,0.1138082148537252,-3.135323398,0.8959382772445679,2.398163318634033
TYTRSIA,2.221108484108282,1.1512798591896336,0.033694779510885,-4.891331105,0.0742122928739494,-3.752198008,1.0009315640057526,0.0013433371661957,0.0267615464964405,-5.223694701,9.085176186345157,3.1835144925223258,3.1835144925223258,0.1680458040836484,-2.573073574,0.2318166857270425,-2.108943682,0.1821794634598381,-2.456567757,1.1123913526535034,1.3276828527450562
TYTRSIG,0.9430344336147112,-0.084617645,0.0343061865626153,-4.865387423,0.1043643182741916,-3.26029955,0.2063073218031941,-2.277133072,3.369476342043844,1.7525243963214487,0.0241693053622811,-5.37068018,1.7525243963214487,0.1723911655205009,-2.536242252,0.176287360270927,-2.503999057,0.164343909748087,-2.605210101,0.9277819395065308,1.395519137382507
TYTRSIV,0.5420452833281115,-0.883514713,0.1537741666028525,-2.701114938,0.0959107866006792,-3.382163113,0.0172725449691974,-5.855375522,4.683733818291183,2.2276590882338354,0.008495363924149,-6.879108534,2.2276590882338354,1.0355702165660443,0.0504253784325881,1.1305450464605085,0.1770184772822252,1.0370150630580892,0.0524368500251758,0.5710399746894836,3.11618971824646
TYTRSQP,2.483182509022749,1.312190300655151,0.035224400930639,-4.827281019,0.0952179047112096,-3.392623307,0.382918434431295,-1.384890979,0.0456245177525966,-4.45404688,1.360347884417759,0.4439756418756398,0.4439756418756398,0.4799020433823614,-1.059188139,0.322147121007594,-1.634208393,0.5244785700152048,-0.931044269,1.6499775648117063,3.44739842414856
TYTRSPT,1.039545510842501,0.0559529201294396,0.0267014755609119,-5.22693672,0.0635443343052487,-3.976092691,0.2278872630542802,-2.133607802,0.0325843793754374,-4.939675673,1.2104038692026298,0.275488504424165,0.275488504424165,0.1211539537993811,-3.045086608,0.176109135445002,-2.505458346,0.1485084783812608,-2.751382798,1.1899964809417725,1.0078434944152832
TYTRSLN,0.8443513922968493,-0.244084567,0.0272186440664243,-5.199260991,0.1204933056457132,-3.052975099,0.0492743474339088,-4.343019425,1.43513837030775,0.5211898424988096,3.4039020885875315,1.7671895392739414,1.7671895392739414,0.2059521253249829,-2.279619081,0.3362951684432009,-1.572200043,0.2096303233479984,-2.254080675,0.5480716824531555,2.904010772705078
TYTRSLT,0.7693970503631326,-0.378199796,0.0615307715483685,-4.022548107,0.2089708351455448,-2.258626487,0.0748000399807289,-3.740817149,0.0033003586809832,-8.24316146,4.341387376690947,2.118156158250033,2.118156158250033,0.5105255154030398,-0.969945028,0.3772355357907859,-1.40646251,0.5112140265503393,-0.968000674,0.6704327464103699,2.604471445083618
TYTRSEN,0.890392343049023,-0.167486909,0.02959260075221,-5.078619696,0.0846889359427141,-3.561682687,0.4855829836186606,-1.042210229,1.4531758826370813,0.5392093276451392,0.0155626998911756,-6.005763822,0.5392093276451392,0.1807014586538637,-2.468319943,0.2035513449224422,-2.296535341,0.173733003282357,-2.525056252,0.5271173119544983,2.842702865600586
TYTRSEM,1.1222731640179993,0.166423874171932,0.2264761520592844,-2.142568952,0.0780193254553498,-3.680024665,0.0689335852713848,-3.858649137,0.0163842075127047,-5.931550297,1.0533178974385318,0.0749409157963604,0.0749409157963604,0.6108758828770352,-0.71104881,0.2579234476277756,-1.954985161,0.6242284388140189,-0.679854009,0.3755727112293243,1.2283538579940796
TYTRSVA,2.0995344269082303,1.0700694448162096,0.0501914491118627,-4.31641459,0.1956030265546511,-2.353999402,0.1026034612202663,-3.284848695,0.0105243475394401,-6.570125394,3.72599037369722,1.8976239470017129,1.8976239470017129,0.385598736795198,-1.37482777,0.4598098339089159,-1.120890774,0.4429848061226199,-1.174670878,1.74132239818573,1.060550093650818
TYTRSVG,1.5931572013872444,0.6718886287415906,0.0228499578028341,-5.451664689,0.0955479011376453,-3.387632007,0.1444527797937647,-2.791330128,0.0092156337730091,-6.761700899,2.1487494759810346,1.1034972878710363,1.1034972878710363,0.1403162347711886,-2.833246155,0.1661015977552075,-2.589862144,0.155028887289976,-2.68939103,1.3950592279434204,1.3701505661010742
TYTRSSE,2.0552644334234014,1.039324025170003,0.0420282582567789,-4.57249652,0.0844828991769712,-3.565196846,0.2168272590348096,-2.205381954,0.0288294315701964,-5.116313798,3.3048314190223342,1.724576681069272,1.724576681069272,0.0907564386831301,-3.461856192,0.0993401640804571,-3.33147906,0.0822350630099859,-3.604102535,1.359205961227417,1.3870192766189575
TYMKSQI,2.3878290759199507,1.255699570209034,0.0630507248098338,-3.987343234,0.5910285827637527,-0.758700193,0.1309771983468001,-2.932612418,0.0108544690006611,-6.525567039,2.1926616089372644,1.1326831796460437,1.1326831796460437,0.7027307740019693,-0.508956016,1.4196108319247651,0.5054954876155545,0.5911727133644045,-0.758348414,1.6277689933776855,0.884921669960022
TYQRSET,1.4709275593391584,0.5567261980845334,0.0424815407239365,-4.557020099,0.1082908977828702,-3.20701611,0.1761587161250879,-2.505052235,0.007458383492002,-7.066921306,3.048710216143701,1.6081990268314863,1.6081990268314863,0.0704324343404022,-3.827616243,0.0652479187203733,-3.937924306,0.067676991697058,-3.885190749,0.6388715505599976,0.1199123114347457
TYPRSLS,0.7122627402163009,-0.489518573,0.0236129543261708,-5.404277635,0.094636266391804,-3.401463032,0.1541737717353642,-2.697370742,0.0184967244139451,-5.756586383,,,-5.756586383,0.161952352500582,-2.62635867,0.2136601887411676,-2.226609979,0.175900544663006,-2.507168145,1.0571050643920898,0.028780123218894
TYYKSTI,0.7818001582760742,-0.355128218,0.0396858657273424,-4.655230912,0.2434844164237993,-2.038098656,0.0863292556375507,-3.534006641,0.0095580022398227,-6.709075179,0.0095580022398227,-6.709075179,-6.709075179,0.3506729687722338,-1.511801869,1.109317976944168,0.1496729615380428,0.3370331963288627,-1.569037397,0.0967141389846801,0.3952258825302124
TWVKSIG,0.6097885758748746,-0.713618973,0.0370782054951257,-4.753284767,0.1003883461131455,-3.316336296,,,0.0057870418663136,-7.432958203,,,-7.432958203,0.627488812241673,-0.672338358,1.8660008935148087,0.8999496770091115,0.659617333369621,-0.600298785,-0.467005551,0.9375789165496826
TWVKSLE,0.6134317253959727,-0.705025313,0.0348062277022469,-4.844510726,0.1686091156174847,-2.568245559,0.0827056210473941,-3.595870805,0.0111463706114577,-6.487282162,9.471121696647987,3.243535299015657,3.243535299015657,0.9490500505278142,-0.075443922,0.6037393625119739,-0.72800223,0.9291853707379152,-0.105961655,-0.080863908,2.970074415206909
TWVKSVS,0.6656549192897283,-0.587153628,0.0384738490109387,-4.699978022,0.0943341659466525,-3.406075809,0.0303718329664149,-5.041122211,0.0042742849520169,-7.870101194,0.7885153309750139,-0.34278929,-0.34278929,3.337976819747737,1.7389739360812475,11.278519048618332,3.4955057387339106,3.4014826316633617,1.7661637225724052,0.3313904106616974,1.4998685121536257
TWVKSST,0.7579731333644971,-0.399781382,0.1042877573962926,-3.261358289,0.6035659855070143,-0.728416591,0.1078223002867375,-3.213272501,3.854164234591528,1.9464180494183736,0.0151155027742467,-6.047827223,1.9464180494183736,1.5331325226553567,0.6164824077040033,4.428305782394957,2.146754846219132,1.4881344701217258,0.5735048964811973,0.340239554643631,1.6588627099990845
TFTRSEN,1.1380776122490923,0.1865989469141037,0.0212283905814483,-5.557861192,0.011864647272855,-6.397186979,0.3146926720728576,-1.66798451,0.0298806120690695,-5.064646489,0.0225812494140525,-5.468730878,-5.064646489,0.0807905952378923,-3.62966883,0.0816864153690501,-3.613760015,0.0893354373211953,-3.484623617,0.3247569799423218,0.0304608270525932
TFVKSTI,0.8952258858315768,-0.159676342,0.0301495851183903,-5.05171804,0.1545575795559411,-2.693783689,0.2189961633502486,-2.1910225,13.973047826508353,3.8045748332155713,0.0145445722384468,-6.103375323,3.8045748332155713,0.2175384751915001,-2.200657507,0.208722288842045,-2.260343425,0.2087018345859288,-2.260484812,0.8643704652786255,0.5587716102600098
TFVKSQT,1.493158021513212,0.5783668545478715,8.727004798313022,3.125486590387346,2.2056461958469336,1.1412013891008126,0.1059396707282348,-3.238685165,0.0177723065123371,-5.814225261,0.0141112965696951,-6.147005638,-5.814225261,3.939590127187489,1.978045540282332,1.0016933281656195,0.0024408901158953,3.877752959024672,1.9552208962393045,1.2858591079711914,0.9176105260849
TFVKSQI,2.1625616399954475,1.112741254806415,13.4597439273367,3.750579057712584,8.715214434455888,3.123536161737098,0.1079176969860388,-3.211996629,1.2951626768023714,0.3731333166580179,0.4587168911999543,-1.124324063,0.3731333166580179,4.207909688855789,2.0731037415033016,1.321094929465631,0.4017341375526768,4.082906768367785,2.0295966245434403,0.7314056158065796,2.6626791954040527
TFVKSQM,1.3207901456539255,0.401401261531852,4.267128145974286,2.093265436713289,4.500978629696311,2.170238714933564,0.1590864591529774,-2.652117051,2.2079368627588463,1.1426989180005704,0.0114942639837394,-6.442942101,1.1426989180005704,2.869452226307423,1.5207753550836574,0.9474292871147888,-0.077909825,2.8818884710805275,1.527014504377181,0.7820682525634766,1.870202898979187
TFVKSQL,0.9725034328373026,-0.040224752,8.407746663872231,3.071719199713811,9.278895910486012,3.2139531502634404,0.1252499055442769,-2.997118579,0.0129393041267082,-6.272096158,0.0111509762227585,-6.486686172,-6.272096158,3.295858260693695,1.7206542003514578,1.0644317221236257,0.0900834112154299,3.250044388215319,1.700459422209031,0.4224604070186615,2.860635280609131
TYTKSAQ,1.2652641873106485,0.3394386512665815,0.0377578887298554,-4.727078093,0.1728382467815887,-2.532505593,0.2548754499143923,-1.972135678,0.0159677030818472,-5.968699391,4.85740331290272,2.280185279107782,2.280185279107782,0.6428868282528607,-0.637363302,0.7343900263180239,-0.445381629,0.6028051598767593,-0.730236329,1.7647305727005005,0.086613692343235
IYTKSQP,2.5823527304679894,1.3686860756801715,0.2111247945472435,-2.243832076,1.8358065288268064,0.8764140246506927,0.2082956667442973,-2.263295268,0.0203288240900203,-5.620329424,2.739243379841496,1.453777454174509,1.453777454174509,0.2751206928379515,-1.861863441,0.2336720653323835,-2.09744282,0.254645090497799,-1.973440192,1.873570799827576,0.1929424256086349
IYTKSLS,1.4161837175345329,0.5020084343356427,0.0689748790503303,-3.857785168,0.150352061338716,-2.733583447,0.1084743372439702,-3.204574323,1.5077988069985349,0.5924439355627891,3.102185363337398,1.6332848935880198,1.6332848935880198,0.2617210467468762,-1.933898149,0.2410129891025575,-2.052817194,0.2407625095823028,-2.054317335,1.199129343032837,0.6866269707679749
IYTKSVN,1.2950331222088285,0.3729889972441296,0.0436979162509558,-4.516291704,0.0917962766529714,-3.445420552,0.1333648757869525,-2.90654934,4.636273992072531,2.212965828493613,1.1449996994936955,0.1953472196855277,2.212965828493613,0.1636845644229444,-2.611009814,0.1370013018022756,-2.867738493,0.1522633958815662,-2.715358935,1.5042576789855957,0.5746569037437439
IYTKSVH,1.0932686204188844,0.1286479204357808,0.1076331995495733,-3.215804948,0.8242738109681602,-0.278804437,0.2470484145323689,-2.017134298,0.0175821325631837,-5.829746122,1.388221895851742,0.4732381892840567,0.4732381892840567,0.6289280003789431,-0.669033228,0.6890846627746644,-0.537246848,0.5868281016025472,-0.768990135,1.0996414422988892,0.0431605838239192
IYTRSNA,1.1720882671451818,0.2290812197410273,0.1145846178864362,-3.125514709,0.1538243758774242,-2.700643956,0.1796448991998633,-2.476780123,0.0168899854152176,-5.887688107,1.1579099840326426,0.2115231025176032,0.2115231025176032,0.1970426173566782,-2.343420398,0.1902990820994916,-2.393659492,0.2027573620768748,-2.302173796,1.682302713394165,1.4397951364517212
IYTRSQI,0.5673002732523097,-0.817815536,12.840545281231782,3.682634563533361,0.1172381321080054,-3.092486207,0.0793229851900214,-3.656117218,0.0879428481309767,-3.507289933,6.3702800461546,2.6713567967072698,2.6713567967072698,4.4397069115651,2.1504644398213,9.791569400398698,3.2915401146513927,4.269093522594322,2.09392976790416,0.4570750892162323,3.1360604763031006
IYTRSQQ,0.3693574064646584,-1.436910588,3.704057827265912,1.889106621940085,0.0701046408324901,-3.834346238,0.1180160735278014,-3.08294473,0.0569939527658687,-4.133047337,0.0337978217721745,-4.88692592,-4.133047337,2.6497002242044854,1.405829148537194,1.7014506529655569,0.7667653095431435,2.715177740909968,1.4410466427943205,0.1752353012561798,2.9853644371032715
IYTRSQL,0.8456492926748075,-0.241868621,1.0388668666330234,0.0550107811382111,0.139650331738035,-2.840109094,0.2901311715378507,-1.785222789,0.0275407049840806,-5.1822907,,,-5.1822907,3.4777378137837625,1.7981491721465457,2.1297690068531545,1.0906969653154577,3.2176864355304056,1.6860237418641109,0.1923133879899978,3.275214433670044
IYTRSQV,0.9541230410513786,-0.067752771,14.41700135307853,3.849699219041949,0.0731444071378447,-3.773108634,0.2540419879720861,-1.97686113,0.0289688036655714,-5.109356083,0.0074882931490788,-7.061147371,-5.109356083,4.300839763103273,2.1046183816237294,9.80768647253713,3.293912860375999,4.036632366786488,2.0131522004509814,1.0536518096923828,3.413382053375244
IYTRSEI,0.8111380262007639,-0.301980665,6.379834865245518,2.673519081956506,0.0963202891046902,-3.376016467,0.2494199017764888,-2.003351509,6.140569433504014,2.618372447256728,0.0250334994803117,-5.319996208,2.618372447256728,3.2812608138296047,1.714250272266545,0.4167468046001968,-1.262756957,3.027003610016622,1.5978903957303332,0.7276304960250854,3.1584300994873047
IYTRSEP,1.3499369119544085,0.4328919858410883,0.0764128055701967,-3.710041759,0.1809669045426895,-2.466202215,0.0864233237839108,-3.532435473,0.0131800526701912,-6.245500054,2.7515928452970564,1.4602670094558454,1.4602670094558454,0.0888056706914514,-3.493204387,0.0797009073509949,-3.649260041,0.0928306062359574,-3.42925565,0.9137107729911804,1.6101480722427368
IYTRSED,0.883278429695021,-0.179059815,0.0223418164944387,-5.484109701,0.0433375942022291,-4.528237122,0.047486196862963,-4.396347973,0.04271148458129,-4.549232145,0.0087997320129807,-6.828324696,-4.549232145,0.1304539596971999,-2.93838736,0.1021367937449798,-3.291425419,0.1353345133715261,-2.885398289,0.5374301075935364,1.6004149913787842
IYTRSEV,2.1772585787191305,1.122512757127648,9.312098189540311,3.219106270533142,0.0841508251919273,-3.570878771,0.2289865624663767,-2.126665155,0.0174043919450496,-5.844404778,0.0265139509604491,-5.237104521,-5.237104521,3.853595390478308,1.946205103342577,0.7876718490599768,-0.344333379,3.6757467255210745,1.878037362268088,1.1520893573760986,3.1229465007781982
IYTRSVQ,1.5059782838368607,0.5907009665392207,0.0528087097996117,-4.243080295,0.0743699527236056,-3.749136335,0.1185320435727325,-3.076650969,0.027551796068481,-5.18170982,1.4315930713572549,0.5176214665096299,0.5176214665096299,0.6550418262403792,-0.610341065,0.3496041797009446,-1.516205662,0.6531416743258475,-0.614532131,0.5381041765213013,2.361875057220459
IYTRSVS,0.7086281856883745,-0.496899245,0.0358387620933092,-4.802335384,0.0836124820320919,-3.58013786,0.0836592207509131,-3.57933163,13.36309136151866,3.740181888330049,0.4644187656478686,-1.106501827,3.740181888330049,0.957879889161352,-0.062083331,0.4062388761013772,-1.299599786,0.9817169036468006,-0.026621038,1.0461230278015137,2.41477108001709
IYIKSVG,0.3655622423172026,-1.451811028,0.0499735406759621,-4.322691752,0.1430063477957751,-2.805848908,0.3262268936115621,-1.616052375,0.0355933318271656,-4.812249203,0.0454071959586676,-4.460935241,-4.460935241,0.1295973129542235,-2.947892289,0.1238947861043354,-3.012812619,0.1012954802715043,-3.303358291,0.1933691650629043,0.0076568340882658
IWVKSQS,0.5835592279954049,-0.777049006,8.866534192482703,3.148370284861544,2.603031690955276,1.3801928761314608,0.0733430899343543,-3.769195142,0.0065900410433253,-7.245496834,0.0060841261192392,-7.360734225,-7.245496834,3.5203029212494017,1.815699577777598,8.796459157311208,3.136922911910818,3.5553038118397566,1.8299728479197,0.3200496733188629,3.080665349960327
MVYKSQV,0.8298636527711661,-0.269053775,0.0667368852972197,-3.905371834,1.0848647155235982,0.1175151473591661,0.144016907379869,-2.795689903,17.56704368895425,4.134799519350197,0.0122744768718837,-6.34819465,4.134799519350197,0.3165745154809947,-1.659382973,0.9597726333601656,-0.059235418,0.2403576949085794,-2.056745104,0.5654098391532898,0.3995106816291809
MYTKSIT,0.8656582383477717,-0.208130533,0.0176534242677721,-5.823908137,0.0482360005747365,-4.373745897,0.1569976527423306,-2.671185105,0.0235666762563097,-5.407107888,,,-5.407107888,0.4558089594163992,-1.133498812,0.3677909917535333,-1.44304195,0.4043743522887819,-1.306236599,1.364446043968201,0.1511523425579071
MYTKSIS,2.089383886208952,1.0630775856786698,0.0199201171217081,-5.64963006,0.0648865517980806,-3.945936689,0.1508890329495195,-2.728440144,1.8967019888151195,0.923493019269699,3.849487734570898,1.9446664738684305,1.9446664738684305,0.6608358716553463,-0.597636093,0.782825883257133,-0.353236637,0.6818094695225935,-0.552559458,1.8213276863098145,0.1281382888555526
MYTRSNV,1.0671245313464155,0.0937285456773065,0.0328865711663674,-4.926357593,0.1424366472109421,-2.811607713,0.1143146779177461,-3.128917438,0.0079039677155986,-6.983207231,3.1152413075177443,1.6393439191643917,1.6393439191643917,0.2620312067129304,-1.932189455,0.2634998782257796,-1.9241258,0.270086596572223,-1.888506049,1.254260540008545,1.0973337888717651
MYTRSQI,0.3129559975329112,-1.67596827,0.0657218209960174,-3.927483735,0.1328988120190583,-2.911599886,0.0458007163099097,-4.448486028,11.59395549580488,3.5353009477389707,0.421159525305215,-1.247561299,3.5353009477389707,2.467600053546282,1.3031085826871838,1.15954494632451,0.213558742866815,2.179511729099868,1.1240049676142234,0.6836989521980286,1.249825119972229
MYTRSQS,0.39320515770789,-1.346645849,0.0838510629140752,-3.576027118,0.1088229632749461,-3.199945076,0.1560865900061672,-2.6795815,0.0375085958239471,-4.736634935,2.756262199813333,1.4627131363649404,1.4627131363649404,0.3301407695747087,-1.598846785,0.2605528156912787,-1.940352249,0.3803010389531053,-1.394786215,1.182512640953064,1.4983813762664795
MYTRSEG,0.8933212116934044,-0.162749076,0.0300190629570978,-5.057977246,0.0856648356220682,-3.545153073,0.1693364488627634,-2.562035555,1.226049221558006,0.2940168993159588,0.011309716550699,-6.466293417,0.2940168993159588,0.1010283176860787,-3.307168366,0.0787547448639364,-3.666489343,0.1025904901559229,-3.285031091,1.4553197622299194,0.0212318431586027
MYTRSES,2.4637427106829444,1.3008516028660724,0.0761817154124676,-3.714411416,0.0884551385821957,-3.498910235,0.200509486158781,-2.318257602,0.0254692532653304,-5.295099528,0.8324748348656742,-0.264521434,-0.264521434,0.1166169675179751,-3.100150382,0.1012330858591782,-3.304247214,0.1021263538827481,-3.291572891,0.8845878839492798,0.6317105293273926
QLIKSQV,0.8982870635234121,-0.154751538,0.0808630233800991,-3.628376044,0.2872202860273952,-1.799770446,0.1629442336092025,-2.617549797,6.910859066773999,2.7888650585643737,0.0150977092665411,-6.04952652,2.7888650585643737,0.2489544591576132,-2.006046238,0.1911206486651799,-2.387444439,0.2373236407831137,-2.075072274,1.7431650161743164,0.1675408035516739
QLVKSQI,1.959010242266008,0.970124940447638,0.2051363799307706,-2.285344725,0.764265116551287,-0.387854912,0.1961830028399269,-2.349728042,1.490690945637292,0.575981184909817,0.0095725457162544,-6.70688164,0.575981184909817,0.6271369665627634,-0.673147533,0.1661886190727843,-2.589106508,0.5717294097942419,-0.80659559,1.8209129571914675,1.6701228618621826
QLVKSQY,0.9217375851590842,-0.117572015,0.0725388087587989,-3.785103136,1.1971463555274946,0.2595995378173272,0.1074483883240644,-3.218284252,0.0242697632108962,-5.364696157,3.3700429201387707,1.7527669653765856,1.7527669653765856,0.3254792090390415,-1.619362705,0.403123400764766,-1.310706563,0.275556181325318,-1.859581605,1.6571303606033323,0.5681614279747009
QVLKSQY,1.4858642554891943,0.5713023212076636,0.0780048640093441,-3.680292103,0.145361921008071,-2.782278704,0.12818125263441,-2.963742821,2.051908370539648,1.0369663077872668,0.0028134644543298,-8.473436548,1.0369663077872668,0.1199324872878671,-3.059705586,0.0969055579280173,-3.367276777,0.111423646009601,-3.165872665,1.4671086072921753,0.366042822599411
QYTKSNN,2.3539717693356663,1.235097018556622,0.0460466847622384,-4.4407589,0.1450914406062383,-2.784965682,1.4867682997649692,0.5721798331162978,0.0298168631823142,-5.0677277,1.392969930499974,0.478164115378655,0.478164115378655,1.5592543384378486,0.6408562730486315,2.54691067337674,1.3487483615216924,1.56774055015201,0.6486868234965442,1.5341198444366455,0.5204799175262451
QYTKSTI,0.9316232130995388,-0.102181508,0.950562288107726,-0.073146929,0.4613239783310364,-1.116147813,0.224490838893633,-2.155271523,0.0230529621470281,-5.438904051,1.411800390929832,0.4975361258806706,0.4975361258806706,3.234559134063785,1.6935690882785996,1.5544156490417684,0.6363723304062683,3.2510117233517306,1.7008887584862538,1.4784716367721558,0.1739033311605453
QYTKSIT,1.5396900992039375,0.6226400020027505,0.4281930011421951,-1.22366688,0.1751506073441013,-2.513332104,0.1019718213931399,-3.293757558,0.0106684738028488,-6.550502386,5.084964088210407,2.3462375853032857,2.3462375853032857,3.661241518066933,1.872332945842588,4.878227331134821,2.286356990987489,3.797602983010083,1.9250890881147005,2.2557263374328613,0.6571770906448364
QYTKSII,0.7099487285736337,-0.494213256,0.4153127842309884,-1.267729813,0.3106602786257892,-1.686590306,0.0715392938479313,-3.805120312,7.434534177143576,2.894242350700244,0.003510658402991,-8.15404266,2.894242350700244,3.672860549428099,1.8769041210987687,2.653618071913169,1.4079607424461125,3.542738849931599,1.824865122302249,0.99849134683609,0.4839015305042267
QYTKSIQ,2.637219042976595,1.3990174040018628,0.1589035332641796,-2.653776891,0.067449113067712,-3.890056717,1.125619857938942,0.1707196856214501,0.4670697985822838,-1.098289934,1.0847820990977892,0.1174052766584927,0.1174052766584927,3.3605582583663525,1.7487009144553558,4.905507986477809,2.2944025414649345,3.4889125265219785,1.802777426957641,0.9679880142211914,0.1923582106828689
QYTKSIP,2.03157779352237,1.0226006095505906,1.0214683824893918,0.0306445490229717,0.2273796071401314,-2.136825225,0.2377090467624362,-2.072731284,0.0258512803126847,-5.273620456,1.3511454669126466,0.4341830063407859,0.4341830063407859,4.944977377033258,2.3059639207585847,13.31233562268433,3.73469180630642,5.113333714812873,2.354264184639116,2.314492702484131,0.7616721987724304
QYTKSID,0.7790984759977438,-0.360122402,0.0611328929400269,-4.03190735,0.0502383662606191,-4.315066641,0.1086134745272244,-3.202725001,44.48458302636927,5.475233524333841,,,5.475233524333841,0.2942840536580277,-1.764718726,0.1103830803415026,-3.179409044,0.3003894919640715,-1.735093749,1.4891923666000366,0.0538236461579799
QYTKSIV,1.7073321458988466,0.7717437488328658,0.2692112357870954,-1.893189471,0.1674305578348883,-2.578365236,0.1561956490645682,-2.678573828,0.0517010351775849,-4.273663023,5.660272455820634,2.500871498499023,2.500871498499023,3.911394535071064,1.9676830653684183,4.431841873633049,2.147906407516355,3.9059031506640287,1.9656561771333123,1.3109127283096311,0.8903993368148804
QYTKSML,0.915732547188248,-0.127001795,0.0351107665019709,-4.831942698,0.0431725101620185,-4.533743212,0.0960648029640684,-3.379848249,0.0078739120124528,-6.988703694,1.59747960907763,0.6757975161047687,0.6757975161047687,4.021301143099696,2.0076623792590174,6.329085791951212,2.661997123876361,3.9820561752761474,1.993513573449342,1.0413272380828855,0.3247657418251037
QYTKSQA,2.0705809530254347,1.0500356085253444,0.3339267637419509,-1.582396367,0.3175234251212538,-1.655065065,0.2535062802969326,-1.979906606,3.377769919636381,1.756071060790447,5.232954961655952,2.3876258421983336,2.3876258421983336,3.226721731683349,1.690069167031391,3.358063819987478,1.747629648948117,3.5471391984919767,1.826655946296126,2.423797845840454,0.2321726679801941
QYTKSLN,0.9856850088057694,-0.020801411,0.0262012088965456,-5.254222812,0.0662235458995809,-3.916511929,0.1524401050812887,-2.713685587,0.0198365991510481,-5.655691483,6.792373709876732,2.7639158367699093,2.7639158367699093,0.8013943472687701,-0.319415761,1.5178516153496335,0.6020307602772415,0.7741132959945055,-0.369383366,1.3504074811935425,0.5955101251602173
QYTKSLD,0.687467711505158,-0.540636139,0.0230637270134363,-5.438230524,0.0831759514453699,-3.587689726,0.0764133467200501,-3.710031541,0.0170177627604649,-5.876814804,,,-5.876814804,0.1347089041147102,-2.89208288,0.0985410488947608,-3.343131362,0.1229098877679866,-3.024327114,1.2542669773101809,0.1472368240356445
QYTKSEN,0.90046848796838,-0.151252305,0.2142326818653507,-2.22274951,0.2769766514103315,-1.85216373,0.2325486179348198,-2.104395729,5.142966491879849,2.3626007540877545,0.0230388843707365,-5.439785332,2.3626007540877545,0.3309879273681039,-1.595149499,0.1173725800767913,-3.090832681,0.3259325878012393,-1.61735449,0.8606051206588745,0.3824088871479034
QYTKSVI,1.5442600321601534,0.6269157030731851,1.68924835053781,0.7563814464046056,0.213841498520966,-2.225386242,0.218395573855291,-2.194984477,0.786753071422199,-0.346017189,3.2776982518274744,1.7126830446051664,1.7126830446051664,4.473543642975668,2.16141809108715,4.352803890827945,2.1219450230885286,4.274080091841114,2.095613942864209,1.4356175661087036,0.7179447412490845
QYTKSYS,1.7968059584929952,0.8454346170642205,0.0272781905382287,-5.196108241,0.0574660027575289,-4.121147489,0.0114764153412125,-6.445184103,0.020657783683051,-5.59717071,0.007660276645215,-7.02838779,-5.59717071,1.8056424963369888,0.8525122783018672,3.8525887827310217,1.9458282039639088,1.9426430558729888,0.9580208423391536,0.5591503381729126,0.5832595229148865
QYTKSSN,0.9077451507679052,-0.139640777,0.0236393429341368,-5.402666254,0.1203706484492544,-3.054444451,0.1999172301958951,-2.322525276,0.0226340030010351,-5.465364431,3.960290678417494,1.985606325486925,1.985606325486925,1.242991275196283,0.3138161698616519,3.020975735834487,1.5950145965346263,1.211818354578915,0.277173462352224,1.4080240726470947,0.7495620250701904
QYTKSSS,2.108943017691263,1.0765201149491348,0.0836677552470286,-3.579184461,0.0830122391436234,-3.59053213,0.190650088672537,-2.391000893,0.0100007771187122,-6.64374408,4.4816876771671215,2.164042112859423,2.164042112859423,3.063533768559377,1.6151967538661312,5.136226537179601,2.36070883502604,3.235898613090193,1.6941664060733816,1.987392544746399,0.3651273250579834
QYTKSFV,0.7672541177068564,-0.382223612,0.0282555714938294,-5.145320821,0.0986057392485264,-3.34218457,0.1171822129463329,-3.093174495,0.0082401978409541,-6.923105309,0.019504950953899,-5.680015819,-5.680015819,0.8205072205980308,-0.285412065,0.8448782705065827,-0.243184601,0.788596170664394,-0.34264139,0.5726015567779541,0.3580543100833893
QYTRNQS,0.3724272826124641,-1.424969332,0.0847222911029345,-3.561114586,0.1888652267110662,-2.404570993,0.1326591922257129,-2.914203449,24.7648417553089,4.630221497222076,0.0038244349234785,-8.030537685,4.630221497222076,0.3766537968800781,-1.408689022,0.3279871939671508,-1.608288608,0.3446804196848912,-1.536668749,1.3717297315597534,0.1492225080728531
QYTRTNS,0.7980492796925688,-0.325450259,0.0634046811849534,-3.979266831,0.0796207807854143,-3.650711171,0.0435662821889513,-4.520644186,0.0078688376093157,-6.989633749,1.827084615741224,0.8695434494462149,0.8695434494462149,0.7366822633914009,-0.440885587,0.5384070022567984,-0.893230922,0.7215304048254823,-0.470867905,1.571077823638916,0.3703978657722473
QYTRTQS,0.9784744535502128,-0.03139391,0.0418570521920194,-4.578385477,0.1107833272201785,-3.174187321,0.2082763324690164,-2.263429187,0.0408863835460412,-4.61223573,1.1719971924503765,0.2289691137509708,0.2289691137509708,1.5474665876976164,0.6299082596603165,0.785653210446459,-0.348035452,1.620635691126906,0.6965598183850988,1.2028543949127195,0.937397301197052
QYTRTSS,0.270642527765281,-1.885539538,0.0523049351477526,-4.256909114,0.1160062359603379,-3.107725735,0.0994858974556778,-3.329364158,22.35647893303461,4.482621081554334,22.35647893303461,4.482621081554334,4.482621081554334,0.2982342881523068,-1.74548196,0.2626466729035002,-1.928804786,0.3384646704162593,-1.562922844,1.7022907733917236,0.8872967958450317
QYTRLQP,1.2377080487052567,0.3076710509356498,0.0345132393799055,-4.8567063,0.1041358533013709,-3.26346123,0.1651759671940888,-2.597924302,0.0154368889428744,-6.01747416,3.5429907628334507,1.8249677041150625,1.8249677041150625,2.6723174983145315,1.4180914247401506,0.6800074689914617,-0.556377502,2.803795325019423,1.4873810375236605,0.0366339720785617,0.0481762699782848
QYTRLSE,1.633642290032896,0.708092118800823,0.0207261691111637,-5.592402707,0.0799260386520998,-3.645190603,0.1795058927450696,-2.47789689,0.011408929053148,-6.453692816,0.4353748937782362,-1.199669879,-1.199669879,0.1799428224607598,-2.474389538,0.0855861643340076,-3.546478597,0.1639792516480683,-2.608414813,0.3253235220909118,0.5114097595214844
QYTRSTN,0.2996743489642407,-1.738532495,0.0706224054866327,-3.823730228,0.1113448265799245,-3.166893567,0.1596945427443684,-2.646613083,0.0146524157263003,-6.09271765,1.4489409910800313,0.5349988415410087,0.5349988415410087,0.2463113363472042,-2.021445066,0.208740521914634,-2.260217403,0.2244407274959712,-2.155593601,1.1124703884124756,2.3115158081054688
QYTRSTI,0.5836355367083741,-0.776860365,0.0300004932579187,-5.058869969,0.065420025426267,-3.93412387,0.0319178649082789,-4.969492042,0.0179147215296607,-5.802710572,,,-5.802710572,1.5129026881127636,0.5973191944997146,0.6274856421175803,-0.672345647,1.4993449473067983,0.5843323355993505,0.4306042790412903,1.5040863752365112
QYTRSTA,0.4990937221075709,-1.002617338,0.0786631964760683,-3.668167378,0.4066755294526469,-1.298049912,0.0926239799153468,-3.432470441,5.111791945686735,2.3538291185552,5.111791945686735,2.3538291185552,2.3538291185552,0.3486948984894412,-1.519962838,0.301293159095707,-1.730760178,0.259483940418389,-1.946282843,1.9189774990081787,1.69251549243927
QYTRSTV,0.8894951716969222,-0.168941321,0.1272474725207263,-2.974291094,0.5284996485504391,-0.920025583,0.1274966803751892,-2.971468411,0.0531561102413319,-4.233620652,2.500354072995908,1.3221324081614645,1.3221324081614645,1.3438051585810322,0.4263239735881362,0.6961548401384491,-0.522519866,1.2882416741171288,0.3654032684088576,0.7197561264038086,2.010633945465088
QYTRSIA,1.0847090779227626,0.1173081596125729,0.0270268618426633,-5.209462183,0.0781840010534003,-3.676982774,0.0384999729945114,-4.698998756,0.0668292285623793,-3.903376969,0.0059111152936441,-7.402353925,-3.903376969,1.8153150440462555,0.8602199465907656,2.519694631356246,1.3332489001843717,2.0349247371838914,1.0249754366047863,1.1142934560775757,1.029514193534851
QYTRSMQ,0.3194238344574871,-1.646456129,0.0920596126604503,-3.441287817,0.1833499370884218,-2.447328324,0.0220827899163129,-5.500933738,19.27536860348659,4.268686543994597,19.27536860348659,4.268686543994597,4.268686543994597,0.8490792055800279,-0.236028954,0.6710440529022119,-0.575520615,0.9452970546331594,-0.081160335,0.0349448174238204,0.4703584909439087
QYTRSMP,0.8637214746913051,-0.211361935,0.0338248992753355,-4.885770552,0.0943281656822273,-3.406167577,0.0738672542040907,-3.758921239,0.0038425271207362,-8.023728842,1.845172859237544,0.883755976981103,0.883755976981103,3.6013516981638505,1.848538496062699,4.822961162659663,2.2699191927114817,3.612342611829933,1.8529347313977045,1.2209539413452148,0.3310452699661255
QYTRSMA,0.8990910156952471,-0.153460927,0.0336685661585418,-4.892453907,0.1411031474104879,-2.825177926,0.0282420922447083,-5.146009219,0.01994166270934,-5.648070485,0.6947114293084011,-0.525514262,-0.525514262,0.8057151274463695,-0.311658252,0.6018772626439562,-0.732458778,0.8515507915216822,-0.231835512,1.0355955362319946,0.3973159193992615
QYTRSMS,0.4953252232511357,-1.013552006,0.0352717420345784,-4.825343359,0.0648396015663611,-3.946980964,0.0411357879510127,-4.603462111,1.0959941677550311,0.1322401211330371,1.0959941677550311,0.1322401211330371,0.1322401211330371,1.5713178292962762,0.6519750230083804,1.8231806314886243,0.8664575033645228,1.717921169298933,0.7806638366679901,1.0675621032714844,0.7453301548957825
QYTRSQE,1.4946833010003038,0.5798398332677062,0.0268448046532592,-5.219213283,0.0371448285576151,-4.750694822,0.2117867624420395,-2.239315677,0.0343120251541858,-4.865141911,2.9172176998964026,1.544593052619912,1.544593052619912,1.8037346225770343,0.8509870953255265,0.3212637161482641,-1.638170044,1.763165925114978,0.8181682478155683,1.0596684217453003,1.2958080768585205
QYTRSQG,1.3155890741481766,0.3957089318799809,0.0719046561141388,-3.797770996,0.1298206960735043,-2.945407698,0.1698943449116473,-2.557290263,5.74181066744411,2.521505759377754,0.3369158115603174,-1.569539959,2.521505759377754,0.3311648544958762,-1.594378523,0.4182491776536404,-1.257565391,0.3384177313247805,-1.563122935,1.8116518259048464,1.265953540802002
QYTRSPN,0.7467013337703736,-0.421396787,0.0217653595578646,-5.521822337,0.1011425267851526,-3.305538369,0.192282907480125,-2.378697571,0.0055897206581643,-7.483008097,1.0159720052775798,0.0228606497442939,0.0228606497442939,0.0940522554462538,-3.410393649,0.1158345403494565,-3.109862585,0.101779799163357,-3.296476845,0.764456570148468,2.326979637145996
QYTRSPG,0.6772694435567725,-0.562198188,0.0874759869970962,-3.514969152,0.1408059880543082,-2.828219406,0.1170315778623475,-3.09503024,5.355731963708581,2.4210837604559825,0.0097605767276941,-6.678817889,2.4210837604559825,0.1771897960967073,-2.49663257,0.2102572736225678,-2.249772385,0.1786291658795881,-2.484960438,2.148032665252685,0.1609872132539749
QYTRSLG,0.9364152799594676,-0.094779619,0.0311033829204886,-5.006784688,0.0755877608756774,-3.725703537,0.030406852904167,-5.039459684,0.0142663556860383,-6.131239342,0.0072683468414201,-7.104157019,-6.131239342,0.2382945233322514,-2.0691823,0.2187292952010491,-2.192781636,0.2109719681530826,-2.244876774,0.0631057769060134,0.2059077769517898
QYTRSEH,1.036590980106873,0.0518467452835423,0.1795633122248247,-2.477435481,0.182922244958472,-2.450697565,0.18548982335752,-2.430588057,4.924974352519895,2.300116211556079,0.0188747360696656,-5.727399719,2.300116211556079,0.7917330415485369,-0.336914034,0.373746924227869,-1.419866388,0.7767201948567944,-0.364533118,0.7858696579933167,0.7158825993537903
QYTRSEE,0.5864894428923828,-0.769822956,0.1103375755523283,-3.180003909,0.0959968906114572,-3.380868513,0.0179892475580559,-5.796721346,0.0113144444726478,-6.465690438,,,-6.465690438,0.1326666312839084,-2.91412255,0.0891752654576845,-3.487212584,0.1461630667856409,-2.774349285,0.4950512051582336,1.5642900466918943
QYTRSEV,1.1434907041293274,0.1934446375807775,1.1025291445603405,0.1408167928865872,0.0442928393027155,-4.496782709,0.2634295471712041,-1.924510923,0.0375052687455441,-4.73676291,6.853633833004457,2.7768691154899816,2.7768691154899816,2.648303703392973,1.4050685776793908,0.5318563708606224,-0.9108914,2.56049764085851,1.3564242298451372,0.5971618294715881,1.4777238368988037
QYTRSDE,0.7514859945276602,-0.412181878,0.0409828397650144,-4.608836235,0.139644906829331,-2.840165139,0.0954799003865237,-3.388659129,0.0028146982749363,-8.472804006,0.0090114589212804,-6.794023593,-6.794023593,0.0930334050065049,-3.42610736,0.0959945975329618,-3.380902975,0.0934901908267166,-3.419041187,0.3423534035682678,1.093341827392578
QYTRSAN,0.559803709273937,-0.837007049,0.0537438325274779,-4.217756985,0.1408490158741505,-2.827778611,0.0753172945765874,-3.730875011,7.398705125212296,2.8872728014310964,0.0047308394857681,-7.723688073,2.8872728014310964,0.3085127800805536,-1.696597841,0.3600469950695961,-1.473742869,0.3767148105702638,-1.408455341,1.606717228889465,1.1825029850006104
QYTRSAP,1.5194152492232278,0.6035162056694829,0.1199782176228171,-3.059155591,0.0974241385936587,-3.359576919,0.1511166207598962,-2.726265749,5.41234971260886,2.436255060368852,0.0109269436525268,-6.515966265,2.436255060368852,3.2656145480699568,1.7073545145967035,3.4546081109490268,1.7885220612771473,3.360914877069976,1.7488540035253624,1.954848289489746,1.0131810903549194
QYTRSAA,1.1542718249074904,0.2069830110427942,0.0224457670736383,-5.477412789,0.0994745241601343,-3.329529097,0.0518807782060108,-4.26865607,0.0072982103180365,-7.098241558,1.6237286613866286,0.6993105662804086,0.6993105662804086,0.4541508173860805,-1.138756618,0.3901621046509851,-1.357854435,0.4808554144677901,-1.056324931,1.7208000421524048,0.8745975494384766
QYTRSAV,1.1506198891653912,0.2024113134125566,0.0318458927195263,-4.972748875,0.070302361531055,-3.830283038,0.2122175347427461,-2.236384229,0.0027388398149321,-8.512219394,0.4860788115426412,-1.040737847,-1.040737847,2.736466746774328,1.4523143251895605,1.9200974897287264,0.9411795632263944,2.823492352998306,1.4974807240033317,1.0973201990127563,0.7569482922554016
QYTRSVT,1.137276419733243,0.1855829498420548,0.0213407044278524,-5.550248391,0.079695963809341,-3.649349529,0.0656057314482637,-3.930034333,0.0129530551048222,-6.270563778,0.9873871514872828,-0.018312223,-0.018312223,2.4145354283693563,1.2717456322650893,2.6146018303756526,1.3865912596347785,2.740071976812472,1.454213790713739,1.2390735149383545,2.3474767208099365
QYTRSVP,1.886073673337716,0.9153860313062444,0.0468107539198628,-4.417016189,0.0442229994318211,-4.49905931,1.1012794327670203,0.1391805770931022,3.7536596869887537,1.9082978589730004,0.5307756586315199,-0.913825885,1.9082978589730004,4.164982241922164,2.058310344439456,9.510203445901634,3.2494762040988685,4.328074671842717,2.1137253900537902,1.4853276014328003,2.082568645477295
QYTRSVG,1.1678294308101174,0.2238295744797012,0.0272190030955284,-5.199241961,0.0752638913035981,-3.731898308,0.1617993719031797,-2.627722088,2.0714370996953595,1.050632012769287,0.0122921468612832,-6.346119281,1.050632012769287,0.3554828924330656,-1.492147963,0.356922786291321,-1.486316088,0.3822247100204103,-1.387507046,1.208980917930603,0.2584802210330963
QYTRSVV,1.4856832022192064,0.57112651741601,0.0424178567815386,-4.559184461,0.0547521278468388,-4.190941156,0.0892180354255656,-3.486520809,0.001960296788036,-8.99471219,1.3597252017306989,0.4433151145942692,0.4433151145942692,3.368700656583511,1.7521922359842883,4.804928981864411,2.2645151077380063,3.4230838190284536,1.7752966192002653,0.6110563278198242,1.545866847038269
QYTRSST,0.3624898998678096,-1.463987297,0.2023745467231378,-2.304900246,0.991940290430894,-0.011674814,0.1227114175520378,-3.026658606,5.069669793002913,2.341891782039008,5.069669793002913,2.341891782039008,2.341891782039008,0.9128963808598636,-0.13147698,0.6433583853902111,-0.636305474,1.0087882666939512,0.0126234007620251,1.3663233518600464,2.817211627960205
QYMKSQV,1.7686724640826992,0.8226669037691158,0.1631202199805525,-2.615992469,0.2293819566694495,-2.124176182,0.2093782361913946,-2.255816606,0.7044430387440246,-0.50544504,0.0124110363825043,-6.332232597,-0.50544504,1.568415260306421,0.6493075841140991,1.8550725511445867,0.8914756111747549,1.6301578314831104,0.7050116526002571,1.003654718399048,0.4011896848678589
QYMRSGS,0.757909175299413,-0.399903123,0.033363600596623,-4.905581197,0.0939753679085415,-3.411573531,0.0527877779863127,-4.24365225,0.0107140350767087,-6.544354265,0.0028528407417766,-8.453385073,-6.544354265,0.1558442689613401,-2.681822993,0.1554867604421912,-2.685136353,0.1366258308223421,-2.871697826,1.010941982269287,0.218666136264801
QYIKSNT,3.35495592207452,1.7462938122012457,0.5802148320142031,-0.785340919,0.1805572469921123,-2.469471768,0.1121115412998979,-3.156993291,1.531104208920099,0.6145724778578855,0.0065060150559845,-7.264010124,0.6145724778578855,2.498215496306203,1.3208979293249603,1.7032821119260677,0.7683174061082618,2.661287352283067,1.412124293649058,1.3953287601470947,0.7436707615852356
QYIKSTI,0.738680381935927,-0.436977832,0.0817608117893455,-3.612446669,0.0865287374409305,-3.530676838,0.0860888004609222,-3.538030624,0.0076963622898619,-7.021607572,3.138152447701429,1.6499154384120198,1.6499154384120198,1.1862237336005454,0.2463761421894595,0.5959296036038094,-0.746786178,1.2879670566396484,0.3650956929630694,0.1264965683221817,0.6566771268844604
QYIKSTA,0.8427019360663922,-0.246905655,0.0232496649223553,-5.426646266,0.0866797658805467,-3.528160933,0.0353946850926405,-4.82032345,0.01220390811558,-6.356512967,0.0118042451319816,-6.404550404,-6.356512967,0.4300878362384835,-1.217296765,0.607157916203889,-0.719856298,0.4288748736568287,-1.221371299,1.0010578632354736,0.0249441694468259
QYIKSLP,1.6419148713932916,0.7153793294284614,0.246571132834079,-2.019924188,0.1225082760804353,-3.029048881,0.0993476623141011,-3.331370169,1.0994176829352138,0.1367395888523117,0.0138719318949884,-6.171687469,0.1367395888523117,4.566630831861403,2.1911301664252885,6.755224095663951,2.756003629853025,4.666481199963325,2.222335083362804,1.003137230873108,0.7764935493469238
QYIKSLE,0.5414989058515368,-0.884969672,0.0492612611461974,-4.343402627,0.105043485602883,-3.250941401,0.0244511634892453,-5.353953073,0.0045885747050421,-7.767738189,0.0045885747050421,-7.767738189,-7.767738189,0.3174810696872006,-1.655257523,0.2036869980171594,-2.295574203,0.3192402333509712,-1.647285611,1.0441750288009644,0.1711940467357635
QYIKSLG,1.9802490497077887,0.9856818849428768,0.0320610616418581,-4.963033991,0.0639071259574445,-3.967879382,0.1332007618836664,-2.908325761,0.0099001380215645,-6.658335646,0.8585407721859311,-0.220041445,-0.220041445,0.1836381648370131,-2.445062175,0.1771231759732913,-2.497175099,0.1837512964575308,-2.444173666,0.8427371978759766,0.7161353826522827
QYIKSVP,1.921077527799272,0.9419157421760576,7.458304229711146,2.8988476469028783,2.094863628145386,1.0668563301289051,0.1368902527573859,-2.868908371,5.919155398802847,2.5653913331366183,0.0669526321742337,-3.900715415,2.5653913331366183,4.856335269855252,2.2798680252716568,15.824667913274318,3.9841033193498703,4.908050792269735,2.295150179191628,1.3530933856964111,0.7492470741271973
QYIKSYA,0.5043767457994611,-0.987426333,0.0336395817787301,-4.89369642,0.0971372342519793,-3.36383178,0.0462982747523573,-4.432897756,0.008278156832989,-6.916474703,,,-6.916474703,0.7124645649059375,-0.489109833,1.46042137491185,0.5463846895069455,0.6954779657164551,-0.523923287,-0.560710967,1.7496498823165894
QWTKSTV,1.768239755073422,0.8223139025600016,0.224325532429495,-2.15633426,2.623441164459693,1.3914604352278963,0.1329309776194746,-2.911250752,0.0142977860067633,-6.128064425,0.169993590837067,-2.556447741,-2.556447741,2.8212433693681747,1.4963311227247256,10.929704197317909,3.450182451172813,2.869693743215546,1.5208967791588406,0.8536215424537659,1.8664627075195312
QWTKSIP,1.413132426915902,0.4988966692831002,0.0827558633205796,-3.594994658,0.4804041660799514,-1.057679433,0.1136925356917865,-3.136790555,0.0135131947484251,-6.209487397,0.7919315374547068,-0.33655238,-0.33655238,4.198472063664336,2.0698643880733294,14.6277400887266,3.870634992550452,4.261659903252275,2.091415465136348,1.416656732559204,3.942862033843994
QWTKSID,0.8801181275718287,-0.184230923,0.0678521877089087,-3.881460858,0.0641604966762939,-3.96217088,0.0283566651044237,-5.140168316,0.914738995594118,-0.12856794,0.914738995594118,-0.12856794,-0.12856794,0.1632321138565673,-2.615003178,0.1568245526176234,-2.672776648,0.1474504138710733,-2.761698223,0.7139921188354492,1.8314419984817505
QWTKSQA,1.4685047675194305,0.5543479493981913,0.1841253121501376,-2.441240124,1.5177026495979191,0.601889163631176,0.2118854344092512,-2.238643679,0.015822449062782,-5.981883266,2.040018166491996,1.0285819995454066,1.0285819995454066,1.9718006862855093,0.9795137284703846,6.601076516213825,2.722701321131126,2.137506878056139,1.0959290623009998,1.68563973903656,1.422874093055725
QWTKSLA,1.156120676316559,0.2092919947562992,0.0360885052364315,-4.792316801,0.2112930747111101,-2.242682612,0.0255265734816175,-5.291856297,3.771396905942055,1.9150989892761747,2.680573922061418,1.4225419207826742,1.9150989892761747,1.1024720431748978,0.1407420719421426,3.7745201079473016,1.9162932320153048,1.1359897917860065,0.1839498705768591,0.3157342970371246,1.3570247888565063
QWTKSVA,0.6834475650361128,-0.549097438,0.0415623154251174,-4.588580161,0.0945550468176529,-3.402701727,0.1144187347775254,-3.127604798,0.0091573073984704,-6.770860832,1.0939413009721168,0.12953532764746,0.12953532764746,1.934592647161463,0.9520298207427904,4.5949543753449,2.2000505366415264,1.9989603049784948,0.999249823568645,0.9310755729675292,0.7095799446105957
QWAKSVP,1.1737441216488944,0.2311179325847153,0.105788725412852,-3.240742217,0.9232577751859624,-0.115194588,0.1245430213876714,-3.005283911,0.0020169721868078,-8.953593095,9.825126280940026,3.296475950243013,3.296475950243013,2.853922008024461,1.5129459093848818,5.539372421173269,2.469722536536608,2.851821056173484,1.5118834595271036,1.4223419427871704,0.4185121059417724
QWVKSNA,1.109984601855274,0.1505396630788759,0.0432917422168909,-4.529764329,0.1518539053187928,-2.719244083,0.0743882598396486,-3.748781241,0.0027286850507416,-8.517578399,2.647174947179123,1.4044535431851692,1.4044535431851692,1.9113709921050728,0.9346078288248488,5.705833050629957,2.51243753511594,1.950990004993245,0.964206386976352,1.4182184934616089,1.1988633871078491
QWVKSNS,0.8281300758922778,-0.272070703,0.0591411540871064,-4.079693793,0.0996788000586101,-3.326569489,0.1386039930926978,-2.850959274,0.0278709722804469,-5.165092858,2.422977307303743,1.276780893112139,1.276780893112139,3.0347004278297685,1.6015541070523962,8.494140318924336,3.086467941478368,3.23385597451228,1.6932554272704925,1.2939492464065552,2.4736170768737797
QWVKSTQ,0.851118493475876,-0.232568096,0.1445872752586007,-2.789987505,0.1393592112571844,-2.843119731,0.0098615352257496,-6.663972024,1.0137539911787097,0.0197075943857262,0.003701287352617,-8.07775714,0.0197075943857262,1.7169743279535177,0.7798684684541793,3.457149479245212,1.7895829837864683,1.7883243994897695,0.838608463078535,-0.384322047,2.732290267944336
QWVKSIP,1.240769841284351,0.3112355251114908,2.074091430803412,1.0524794929260874,1.685779763529215,0.7534160696024782,0.2018593093572948,-2.308577972,0.0107534475307901,-6.539056931,3.418890896306252,1.773528384201721,1.773528384201721,4.950774906337357,2.3076543567141066,20.62733860412398,4.366485787642624,5.117780600402468,2.355518300269896,-0.324358344,3.904487133026123
QWVKSMQ,0.6594121010545263,-0.600747732,0.0247697166683665,-5.335278824,0.1131904432301477,-3.14317594,0.0663500750225861,-3.913758093,0.0055448326244003,-7.494640373,0.0055450983795619,-7.494571228,-7.494571228,2.774893197448877,1.4724322448046994,8.008112744450823,3.0014622857017645,2.8638054973850284,1.5179335116360575,-0.838975012,2.5297796726226807
QWVKSMS,0.9985379837843916,-0.002110787,0.0436953117681707,-4.516377694,0.1109941292015953,-3.171444725,0.0458030709690924,-4.44841186,0.0196201581942114,-5.671519516,0.9099893894099528,-0.136078371,-0.136078371,3.6215109381614137,1.856591732724241,12.468825188614217,3.640253635884605,3.710130116309176,1.891469783843992,-0.447979212,2.8923239707946777
QWVKSQP,0.5344374859373389,-0.903906892,10.989428981465254,3.4580445196630665,6.94927329751699,2.7968621195794645,0.1372344031493182,-2.8652859,0.0477011052562973,-4.389833495,0.0363517732891523,-4.781830447,-4.389833495,5.093674950519975,2.3487068979247625,19.617999361381376,4.294106018270133,5.247865443143718,2.3917307292932755,1.0525455474853516,3.0708529949188232
QWVKSQL,0.3623554654140138,-1.46452244,13.326662823816203,3.7362436502360814,17.31978288648188,4.114348940046738,0.0294942513890456,-5.083422398,0.0055349748868783,-7.497207513,0.0055349748868783,-7.497207513,-7.497207513,3.7473640096815743,1.905876124305801,13.89119436,3.796098741575218,3.9327142335272938,1.975525358197584,0.183419719338417,3.3242759704589844
QWVKSQA,1.3363137199654935,0.4182587421732365,0.8254390942720502,-0.276766326,0.3278814961178998,-1.608753609,0.098810730708018,-3.339188465,1.0592644835183926,0.0830628550716935,0.0037382664760112,-8.063414872,0.0830628550716935,3.9096872496061192,1.967053205617404,11.855424886852498,3.567475463415471,4.131506050736517,2.0466677806428755,1.0828306674957275,2.55295205116272
QWVKSQG,0.687493224641554,-0.540582599,0.0910042950653635,-3.457921553,0.1320195262974876,-2.921176768,0.1304486271109368,-2.938446334,0.0164753031090827,-5.923551182,12.584361527546374,3.6535601175516175,3.6535601175516175,2.6586670017489094,1.4107030908434854,5.356148994613491,2.421196093373246,2.789537107929476,1.4800257430223938,1.0643948316574097,2.884974241256714
QWVKSQS,1.0796353913483747,0.1105441754389883,4.210867551462303,2.0741174977217693,1.2334029915522728,0.3026442506116351,0.0695061278259881,-3.846716015,0.0192932959593327,-5.695756563,0.0061030842413239,-7.35624578,-5.695756563,3.961293993132604,1.985971776903957,15.612806435068675,3.964657983006609,4.137656411768096,2.048813849736657,0.8691912293434143,3.670149564743042
QWVKSHP,0.7872859512168812,-0.345040361,6.6300934881856906,2.7290292133229257,3.672625652004753,1.8768118507333769,0.1271129556620563,-2.975817014,13.226495502169591,3.7253589500495945,0.0213734092435986,-5.548039141,3.7253589500495945,2.787906201956575,1.479182023097119,8.922319735873787,3.157418848749717,2.8405079483023936,1.5061489399309864,0.4288735091686249,1.8768327236175537
QWVKSPT,0.619588984191741,-0.690616601,0.0453745463370515,-4.461972971,0.4867339128949906,-1.038794798,0.017021622443328,-5.876487633,42.54553743486246,5.41093591168165,0.0051776237189062,-7.593494163,5.41093591168165,0.5196008360823133,-0.944524343,1.8612418096084573,0.8962655002441733,0.5047468276889341,-0.986368157,0.3790509104728699,2.3367621898651123
QWVKSLP,0.8215248861936327,-0.283623816,0.067061936515342,-3.898362046,0.129616959289631,-2.9476736,0.0758175374662545,-3.721324591,0.0064153166861178,-7.2842638,6.474202456926304,2.694702481246283,2.694702481246283,4.897202436159443,2.291957834112212,14.014660406780292,3.808864881327712,5.085753260422094,2.3464614701679354,0.0649337768554687,3.766147375106812
QWVKSAP,0.8366183126607499,-0.257358518,0.2311396778483016,-2.113163158,0.1097391639516031,-3.187849605,0.1488793506634507,-2.747784427,0.0200506805798529,-5.640204983,3.0700685466834035,1.6182708676007338,1.6182708676007338,4.7758893421051845,2.255769409583125,15.02259955538678,3.909062577590352,4.96009534450735,2.3103678528149483,1.0733201503753662,1.3307499885559082
QWVKSAG,0.6752180545856918,-0.566574614,0.0367702474878527,-4.765317303,0.0523651239229585,-4.255249918,0.1784919347211677,-2.486069208,0.0127108844750532,-6.297791767,0.0065125989740889,-7.262550892,-6.297791767,1.024241461447564,0.0345558658925591,1.7799968390553969,0.8318746792348458,1.0629047270632823,0.0880122874115656,0.8043150901794434,0.7952243685722351
QWVKSVD,1.05924130509097,0.0830312862154936,0.0236999431773309,-5.39897259,0.0407920862830354,-4.615566895,0.0062441782570602,-7.323272561,0.0049925347409581,-7.646011818,0.006791579329281,-7.202037184,-7.202037184,4.922650154869921,2.299435213111549,2.336340229305777,1.224250381833809,4.852205579177452,2.2786406761337696,-0.29296279,2.6420865058898926
QWVKSVG,0.7228363807060209,-0.468258975,0.0463797122883326,-4.430362319,0.2380622028265034,-2.070589513,0.1262622076497833,-2.985505213,0.0035070804110299,-8.155513775,1.3982575977986869,0.4836301696059588,0.4836301696059588,2.613697954468768,1.386092429286445,3.122860743977551,1.6428682374813377,2.8305388079571934,1.5010767037914974,0.1438794434070587,1.8369157314300537
QWVKSSE,0.6806201757701523,-0.555078177,0.0374172419241265,-4.74015297,0.0923039142637622,-3.437464361,0.0824726717269164,-3.599940045,0.0163637514145454,-5.933352664,,,-5.933352664,0.7151032959936611,-0.483776442,0.3708737917403567,-1.430999773,0.7368127973487795,-0.440629976,0.5752734541893005,0.5023958086967468
QFVKSQT,1.6628426511980627,0.7336516580561493,20.40203902331615,4.350641440310714,14.805495220573478,3.8880608420942657,0.2406862075835368,-2.054774624,2.93061117934773,1.5512015702665027,0.5607598654309973,-0.834544998,1.5512015702665027,4.575222660104358,2.193841956033106,6.39384500182024,2.67668377104748,4.563629735171633,2.190181744978671,1.6184937953948977,1.4624285697937012
PYNRSTQ,0.7143524574764838,-0.485292027,0.0321931241729326,-4.9571036,0.2209947574486133,-2.177915949,0.1086197448372574,-3.202641716,0.0183720250216784,-5.766345536,0.0128212057932375,-6.285324241,-5.766345536,0.1580715727046311,-2.661350155,0.1755815755264387,-2.50978663,0.146677363665022,-2.769281854,0.4552286863327026,0.4711394906044006
PYTKSQI,1.964169322204232,0.9739193032650818,2.787835236782473,1.4791452993336938,10.793136645534531,3.43204228921705,0.0929616421137336,-3.427220636,0.7038245625520804,-0.506712232,0.014377387588628,-6.120054632,-0.506712232,2.167351373742338,1.1159330639353593,1.2329032684006764,0.3020596126579485,2.263996116667172,1.1788714835806529,1.4800221920013428,1.2627209424972534
PWVKSNP,1.270960372423584,0.3459190489115304,0.5356060743031953,-0.900755773,8.403462312550205,3.070983855510048,0.091196621085722,-3.454875818,0.0046158303732853,-7.759194077,3.469021071624315,1.7945286039092692,1.7945286039092692,1.6741343965841575,0.7434153495743746,2.7239192785842343,1.4456839507392083,1.6112052227430556,0.6881402649799855,1.2869312763214111,1.4103944301605225
LYTRSQS,0.7321860145720629,-0.449717878,0.033523724126688,-4.898673764,0.0944084440002162,-3.404940288,0.1661458234550206,-2.589478068,0.0158201511639035,-5.982092805,1.6947964623179703,0.7611120223666907,0.7611120223666907,0.2358200548512204,-2.08424168,0.2225197457252954,-2.167994733,0.258689074130835,-1.950708973,0.8121398091316223,1.7464430332183838
LYTRSES,0.6199100294220234,-0.68986925,0.0185890267745609,-5.74940495,0.0753671861115337,-3.72991966,0.0845875263087548,-3.563411258,0.0187461190197666,-5.737264242,0.0089147710740621,-6.809586534,-5.737264242,0.0972511779637158,-3.362140465,0.0767806801342171,-3.70311285,0.1043937073530409,-3.259893343,0.7098063826560974,0.7118097543716431
LWTKSVN,0.7786993581701434,-0.360861658,0.0644152994271714,-3.956452803,0.2982541059592664,-1.745386096,0.2688720917462939,-1.89500808,0.0185503138523847,-5.752412594,0.4898381121671137,-1.029623067,-1.029623067,0.6077608226979314,-0.718424416,1.8589262868485228,0.8944695633146563,0.5311372036545735,-0.912843508,-0.091496155,1.830380082130432
LWVKSNN,0.6684973524320943,-0.581006248,0.0313031947372302,-4.997546287,0.2344071015179671,-2.092911817,0.1502879831414701,-2.734198437,2.0214933767296874,1.0154214767360543,0.0036786360208287,-8.086613347,1.0154214767360543,1.0459415299731585,0.0648022045719447,3.620486118231667,1.856183419208285,0.9557931140255644,-0.065229721,0.2876173853874206,1.2938966751098633
LWVKSQS,0.6688745763288986,-0.580192385,0.1543679201199469,-2.695555124,0.8120138178539649,-0.300423817,0.0124500465316632,-6.327705055,0.0296788564002044,-5.074420687,0.0061234564071297,-7.351438067,-5.074420687,2.73831818528008,1.453290093657448,5.93880169957915,2.5701718609123643,2.769215314779377,1.4694772319236151,0.0507944077253341,2.7401442527771
AYYKSMA,0.5261750519059221,-0.926385249,0.060722540502435,-4.041624038,0.2034714218504121,-2.297101917,0.0152944177132876,-6.030851008,0.0160606470197438,-5.960326175,0.0046522439434213,-7.747857537,-5.960326175,0.3872311981705436,-1.368732904,1.0321055717876435,0.0455905483819105,0.3415548421099056,-1.54981085,0.332700252532959,0.0025934276636689
AYTRSNP,0.5269595453040176,-0.924235885,0.0263763514044504,-5.244611177,0.1285869088747374,-2.959184322,0.2386537480316587,-2.067009101,0.0157837351626515,-5.985417536,7.021115608531698,2.8117002833818905,2.8117002833818905,1.8813013880064555,0.9117309898242496,1.676178692949731,0.7451759591149941,1.978845346004357,0.9846588649012886,1.625989556312561,0.8620657324790955
AYTRSVN,0.6477438278740917,-0.626504731,0.0490973355404874,-4.348211457,0.1105888712607166,-3.176721883,0.0880989346527789,-3.504731616,2.3552189932403254,1.2358612109093725,2.3552189932403254,1.2358612109093725,1.2358612109093725,0.3143665305211779,-1.669480468,0.2777106754002189,-1.848345458,0.2925159976607487,-1.773412567,0.953713059425354,1.2542595863342283
AYIKSTV,0.9217885610661016,-0.11749223,0.0335835946720838,-4.89609953,0.1148449102103695,-3.122241175,0.1009203682095588,-3.30871072,0.0742189110799564,-3.752069355,0.0064586230912393,-7.274557654,-3.752069355,0.2166468363720738,-2.206582925,0.2461401118613835,-2.022448311,0.2127343053676076,-2.232875395,1.0751173496246338,0.1739910840988159
AYIKSQV,0.8467751617180641,-0.239949143,8.794553704409436,3.136610367376357,6.102157503667944,2.609319418007049,0.0999917072236339,-3.322047739,0.0096094221807419,-6.701334601,1.066139163196698,0.0923957654422276,0.0923957654422276,3.4916398615463264,1.8039047626456897,1.5239769950669213,0.6078411250403114,3.4653854795084427,1.7930158425336091,1.2639262676239014,1.964578628540039
AYIKSVI,0.5592508582079182,-0.83843253,0.1352172974354374,-2.886648377,0.6721730193897025,-0.57309546,0.0149832347446323,-6.060507068,0.0242477773872268,-5.366003678,0.0068235475231885,-7.195262302,-5.366003678,0.7588566130407736,-0.398100783,0.6387825090506646,-0.646603285,0.6392148253465246,-0.645627226,-0.534781456,1.6685657501220703
AYIKSVQ,0.8449479592863465,-0.243065607,0.0516335776988498,-4.275546624,0.0974314935433797,-3.359468008,0.0784942213103819,-3.671269742,0.0195526882951556,-5.676489213,0.8560280897087168,-0.224269957,-0.224269957,0.7091592741359558,-0.495818408,0.4051284243035178,-1.303548785,0.7410365383828951,-0.432383415,0.8661693334579468,0.9581733345985411
AYIKSVS,1.143823789306015,0.1938648162115489,0.0798586593806861,-3.646407337,0.205332114006375,-2.283968812,0.0462280184849787,-4.435088665,12.359516056355824,3.6275503497183057,0.0076985534566422,-7.021196893,3.6275503497183057,3.050486752821402,1.6090394655778983,1.0649558907007806,0.0907936768500855,3.048102328192021,1.6079113365245157,1.5056211948394775,0.8337278962135315
AWVKSNN,1.0732707689646743,0.1020140907847374,0.0563652369366551,-4.14905053,0.1144628868519517,-3.127048196,0.1537340356089822,-2.701491492,1.2923016103920124,0.3699428200590504,1.2923016103920124,0.3699428200590504,0.3699428200590504,1.270869800230272,0.3458162347616358,3.619695609086292,1.855868381914666,1.2147781707432044,0.2806928889855738,0.4375166893005371,1.746681809425354
AWVKSTS,0.8441891161574113,-0.244361866,0.0311076592887026,-5.006586347,0.0609505296595047,-4.036217432,0.0952918753191577,-3.391502976,0.0079534487422581,-6.974203713,0.0063166234448519,-7.306630714,-6.974203713,2.243653986516205,1.1658502024941442,3.9655185400360624,1.9875095282811088,2.4039464732612137,1.2654047730789135,0.8692721128463745,0.3953862190246582
AWVKSIG,0.4997553388587339,-1.000706116,0.0362374692378856,-4.786373986,0.1292214080863822,-2.952082994,0.0493777686266236,-4.339994547,0.0144398651664183,-6.113798919,0.0144398651664183,-6.113798919,-6.113798919,0.5967764017165202,-0.744737607,1.3539483004386843,0.4371726516716038,0.6296141132010954,-0.667460215,-0.779849291,0.8294869065284729
AWVKSMN,0.7230989160214099,-0.467735081,0.0334060419815862,-4.903747131,0.0991690299659139,-3.333966546,0.1445407014322062,-2.790452294,0.0118735109419327,-6.396109594,4.584271551241237,2.1966925052696977,2.1966925052696977,2.856224211505359,1.514109234314676,8.540954555492307,3.0943973175643245,2.7942400427965137,1.4824559626502622,-0.334976703,2.4970037937164307
AWVKSMQ,0.6950376003662239,-0.524837068,0.0422760712126544,-4.564014879,0.2326369530760252,-2.103847816,0.0188674515091536,-5.727956623,0.0062163103105213,-7.329725762,1.2339036085711383,0.3032296968633307,0.3032296968633307,2.410825794936592,1.2695274062862874,4.85805017584772,2.280377390770989,2.243731486088749,1.1659000347404151,-0.988309562,3.036212682723999
AWVKSQQ,0.6406873305409521,-0.642307633,6.848617291528866,2.775812743107541,6.983649008822427,2.803981052387173,0.0546785435457947,-4.192881375,0.0076576716329409,-7.028878487,0.7504762719732087,-0.414121636,-0.414121636,3.235654146794193,1.694057408951313,8.683962531395732,3.118353501184957,3.347970424144985,1.7432867832264207,-0.231078222,2.824573516845703
AWVKSQS,0.6337325777486938,-0.658053914,2.2028027852067456,1.139340337734995,0.5809139021508845,-0.783603739,0.0849856938372358,-3.556636186,0.014369776010439,-6.120818616,0.8153158012936165,-0.294569119,-0.294569119,4.263665006155453,2.0920940907838075,12.63408123082638,3.659248848056031,4.345844027152807,2.11963639695566,0.6191830635070801,2.81463623046875
AWVKSLA,0.4769207020432304,-1.068178687,0.0347829775533066,-4.845474752,0.0867676820653511,-3.526698401,0.0327658411348994,-4.931663622,0.0111838403063931,-6.482440524,0.003336944605785,-8.227256547,-6.482440524,2.079418781223766,1.0561803367207525,3.2851246615593435,1.715948117945178,2.090399403028099,1.0637786177687898,-0.672878385,1.5177619457244873
AWVKSGV,0.9950504013475572,-0.007158492,0.1687095675226395,-2.567386304,2.987111953733838,1.5787513093158858,0.0983070555734285,-3.346561226,0.017807823963998,-5.811344953,11.00999872326528,3.460742396492736,3.460742396492736,0.4122215899517741,-1.278508027,0.6466835319016051,-0.628868223,0.3776693714699191,-1.404804307,-0.309842438,1.1149606704711914
AWVKSVP,1.1643372361641,0.2195089778992444,0.1130171577121734,-3.145386283,0.1646423064047846,-2.602592997,0.1404330591101692,-2.832045497,7.898671301777198,2.981609986510392,0.0173580121329361,-5.848254452,2.981609986510392,4.5916126428597295,2.199000938660599,6.108695528442485,2.610864334942173,4.839939443103763,2.274988996739448,-0.090779699,2.2642173767089844
AWVKSVS,1.2777426613532366,0.3535973053199683,0.0488127492339075,-4.35659818,0.0564644652186622,-4.146512968,0.0125620217603132,-6.314787516,0.0134881783808815,-6.212160669,0.0053166198351993,-7.555274974,-6.212160669,3.820054562506626,1.9335932446734745,9.652067620109513,3.270838022770296,3.956123397501109,1.9840874266497144,-0.238943696,2.592529297
AWVKSST,1.1931310758730858,0.2547525443947663,0.0826307776137921,-3.597176945,0.6913541788318112,-0.532503106,1.24627795387763,0.3176258644777061,0.015551344944618,-6.006816834,0.7282784839473004,-0.457437872,-0.457437872,1.956430306374408,0.9682237182433678,3.2770830969282154,1.7124122557327617,2.0141439011782127,1.0101667608520395,0.7145617008209229,0.1140362620353698
AFVKSQI,1.4361335394642365,0.5221899049864566,5.346328517988259,2.418548490164356,5.462052613813024,2.4494432110862725,0.0653439706736992,-3.935802066,0.01937360272635,-5.689763926,0.0787490652025249,-3.666593392,-3.666593392,3.746864942770173,1.9056839760904791,0.849207128921101,-0.235811612,3.5600081900399374,1.8318805602131367,0.3674378097057342,2.756847858428955
AFVKSQA,1.4101268479652929,0.4958249460986883,0.1239987642493315,-3.011602352,0.2361376483747798,-2.08230002,0.0962471047508205,-3.377113047,2.953210375334765,1.562284132171692,0.0142592424692529,-6.13195885,1.562284132171692,1.3944699154106586,0.4797168096935551,0.2946434071190377,-1.76295811,1.400620672984837,0.4860662867447107,1.5148223638534546,0.7036008238792419
AFVKSQV,0.9465896659148147,-0.079188923,9.773363225670698,3.288855110202146,7.972529447092707,2.995037521181977,0.1457186776917811,-2.778742286,6.7395497449720425,2.7526522112299765,0.0155530817232572,-6.006655722,2.7526522112299765,4.2535417573540775,2.088664617218996,0.8886395822306651,-0.170329691,4.055347010815437,2.019825369279241,0.6509396433830261,1.842256546020508
VYTKSVM,0.8716583843455027,-0.198165262,0.3341885088566527,-1.581265968,0.098707618221419,-3.340694754,0.2505023975294023,-1.997103684,8.593385304816337,3.103226583091612,4.68907363897883,2.229302935863034,3.103226583091612,2.6241219565235623,1.3918347710166377,0.5345534842685414,-0.903593792,2.4573668208070973,1.2971132305363244,1.2364743947982788,2.0955750942230225
VYTRSNN,0.6197579970362118,-0.690223113,0.1871963185649605,-2.417376032,0.4128825883961574,-1.276196515,0.1283942950584581,-2.961346994,0.0456508101611436,-4.453215726,2.876865724186373,1.5244978858074,1.5244978858074,0.2468515061753496,-2.018284647,0.2658755135473717,-1.91117718,0.200275555335701,-2.319941751,1.4814904928207395,3.4347410202026367
VYTRSQM,0.7653845859130403,-0.385743248,4.440648743783623,2.1507704583477736,0.2440604502339469,-2.034689568,0.1926143287776123,-2.376213064,0.0156577447706435,-5.996979758,46.22749327329072,5.53067922816762,5.53067922816762,3.679524981828036,1.8795195297075995,6.993195827193813,2.805951904868434,3.4543940850046604,1.788432678133272,1.0857256650924685,3.738404273986816
VYTRSQI,1.0346018634277685,0.0490756951035414,15.474683428898992,3.951837990903376,0.0646806159857744,-3.950522771,0.253729214973704,-1.978638451,0.0574621341419886,-4.121244614,1.18221771868541,0.2414957484962383,0.2414957484962383,4.127139119430426,2.0451420701669902,11.886169425150976,3.571211945232845,4.011440906109706,2.004120544586605,1.1334269046783447,4.573582172393799
VYTRSQQ,0.3201947772783693,-1.642978319,5.958397917378666,2.5749244737484696,0.0932904730151541,-3.422126432,0.1862786920173843,-2.424465438,0.0088339361959778,-6.822727872,0.0089724541338875,-6.800281641,-6.800281641,2.6278830567836087,1.3939010758306198,4.985071047822687,2.3176140662304983,2.695719089368794,1.4306701665904027,0.4107482731342315,4.237122535705566
VYTRSQL,0.7424178678901754,-0.429696662,3.031247055009941,1.599911440546017,0.1357214737854447,-2.881279094,0.1771779710733323,-2.496728853,0.0298478477999842,-5.066229281,0.012289683829278,-6.346408389,-5.066229281,3.7621642269291247,1.9115628271186584,6.779351811878353,2.7611473408406035,3.677300786125613,1.87864718712159,0.8050523996353149,4.151780605316162
VYTRSQV,0.6253002541428756,-0.677378991,16.45750457423864,4.0406736936299685,0.0815635196041309,-3.615932158,0.1738094000960739,-2.524421986,0.023783493182823,-5.393895564,0.0174541310309941,-5.840287657,-5.393895564,4.38534031127374,2.1326888030660256,13.751942370887244,3.7815634990474014,4.323914733452202,2.1123380737574493,1.1039204597473145,4.494791507720947
VYTRSLE,1.0647898315779107,0.0905686991252444,0.03291985917785,-4.924898025,0.1570802773736129,-2.670426044,0.0484378415981718,-4.36772161,0.0089763648335556,-6.799652971,5.377721792219211,2.426995121635555,2.426995121635555,0.1310153319675932,-2.932192443,0.0860941439291045,-3.53794108,0.1289397536563732,-2.955230963,0.7114425301551819,3.1825222969055176
VYTRSEN,1.3729859866462997,0.457316900722405,5.241647010853919,2.3900202012745715,0.1587851457775635,-2.654852139,0.2800903495947713,-1.836035818,0.0210166008253165,-5.57232684,3.0659594822287524,1.616338631382243,1.616338631382243,4.74370419166538,2.246014048981062,4.260125434891009,2.0908959097072253,4.645203486442961,2.215741796274679,0.7059628367424011,3.168395757675171
VYTRSET,0.903189347619089,-0.146899624,17.06292505031772,4.0927930799878425,0.0503510115071146,-4.311835429,0.1134597596181308,-3.139747382,0.0140809880891108,-6.150107616,0.0263454486359697,-5.246302442,-5.246302442,6.07766411837549,2.6035169466364905,11.58102846553462,3.5336914739693506,5.801989363929639,2.536547650823737,0.8159019947052002,3.399217128753662
VYTRSEI,1.6187345495582797,0.6948664226790205,15.942794787373751,3.9948326522242015,0.0852629918191261,-3.55193651,0.2149501948468837,-2.217925677,0.018134885501934,-5.785088553,2.893365013872831,1.532748338644567,1.532748338644567,6.116001519571836,2.6125887651484363,8.098023087047052,3.017569756069546,5.70698578366174,2.512728969205663,1.0744882822036743,4.035337924957275
VYTRSEQ,0.630251578581356,-0.666000268,13.52491874327787,3.757548021359253,0.1146703318805272,-3.124435917,0.2307953074798697,-2.115314203,0.0328489794324281,-4.928007641,0.0285901895781792,-5.128336003,-4.928007641,5.3511013373049225,2.419835850457296,5.049671639863337,2.336189578172821,5.032923135372285,2.331396564641091,0.536643385887146,3.4657888412475586
VYTRSEL,1.016806757990587,0.0240455240541587,7.925467306448622,2.986496002863386,0.1894074183864201,-2.400435258,0.2186501868781839,-2.193303513,0.0110552992725831,-6.49911811,0.0206965872378121,-5.594463296,-5.594463296,4.154697885471846,2.054743573270419,1.386556084553084,0.4715059728650706,3.960701857463113,1.985756106203894,0.8453270196914673,3.770474433898926
VYTRSEA,1.3702710257032409,0.4544612718477128,0.189775501880447,-2.397634328,0.0454076029216095,-4.460922311,0.134105838908917,-2.898556042,0.0082968880013154,-6.913213973,0.6558888850987038,-0.608476668,-0.608476668,0.6760681683931418,-0.564759373,0.1886052141727998,-2.406558534,0.6746874622996071,-0.567708742,1.3141919374465942,2.245631217956543
VYTRSEV,1.4496108727365584,0.5356656814020612,20.506747233678933,4.358026765544655,0.1750010701621369,-2.51456435,0.3110843204565386,-1.684622414,0.9995582105501836,-0.000637508,0.0216882852049774,-5.5269402,-0.000637508,5.857278384142756,2.550230464342924,10.092597317970004,3.335225592974134,5.595371682916537,2.4842339680721257,1.1208810806274414,4.056062698364258
VYTRSDV,2.3886802091835904,1.256213722146481,1.3235508963315763,0.4044136738460314,0.0553420434700064,-4.175480274,1.079668746113784,0.1105887460520991,0.036046147724494,-4.794011104,0.0171686901085088,-5.864076217,-4.794011104,2.401766764449245,1.264096057742104,0.4154564868270047,-1.267230712,2.344766395808888,1.2294441971987449,1.2928866147994995,2.7734475135803223
VWVKSQS,0.7992184379309558,-0.323338228,10.592304926444788,3.404944654389997,11.093796136198833,3.471681214196156,0.0371362642313217,-4.751027497,0.004332421109826,-7.850610805,0.0064675065294895,-7.272574679,-7.272574679,3.968661095332213,1.9886523683444588,13.401507379257932,3.744323376635552,4.119410250946786,2.042437810967892,0.483265608549118,3.839197397232056
VYNRSMT,1.2371212187562508,0.3069868690534696,0.0367903096154525,-4.764530372,0.1102796951908608,-3.18076091,0.0619220826371552,-4.013402195,0.0111817538874288,-6.482709693,0.7034278825967782,-0.507525573,-0.507525573,0.1989982109480831,-2.329172634,0.1921255467472906,-2.379878729,0.1957770081755841,-2.352716748,1.3070327043533323,0.139239102602005
VYNRSQA,1.2207455260297666,0.2877624905811544,0.0479767964619281,-4.381519362,0.1755118378768798,-2.510359755,0.2778375124885287,-1.847686696,0.0253598426528407,-5.301310396,3.7072042903543134,1.890331618949951,1.890331618949951,0.1519392728563092,-2.718433273,0.1554398741153878,-2.685571457,0.1485467563043235,-2.751010992,2.0280330181121826,0.0709205791354179
VYNRSVT,0.8837320619864123,-0.178319069,0.0311592875058601,-5.004193945,0.1303441578331419,-2.939602174,0.1285942633313601,-2.95910181,0.014443103536549,-6.113475408,0.7528575929241993,-0.409551098,-0.409551098,0.1709523400073588,-2.548333924,0.1596365415393313,-2.647137166,0.1768818530753493,-2.49914205,1.52948796749115,0.0145358853042125
VYNRSVD,1.715036944766703,0.778239654799032,0.0300822696134076,-5.054942772,0.0537139676461126,-4.218558898,0.158746845469805,-2.655200171,0.0131163177951147,-6.252493427,1.1755050140596552,0.2332806927498213,0.2332806927498213,0.0721815259690096,-3.792226547,0.0511775539165883,-4.288344996,0.0652071494903089,-3.938826036,1.337089776992798,0.2661969065666199
VYNRSSV,1.4924889248398878,0.5777202258700775,0.06359792485882,-3.974876497,0.1597157110973236,-2.646421858,0.2614612145283826,-1.935331144,0.5384887314509369,-0.89301194,0.5644550040731255,-0.825069515,-0.825069515,0.2479580031840223,-2.011832304,0.2413717156223038,-2.050671467,0.255722769971945,-1.967347469,1.850517749786377,0.456845760345459
VYTKTNV,1.607650237938412,0.6849535664183255,0.798528911033513,-0.324583453,8.7821474366872,3.134573754960011,0.2194836498524748,-2.187814623,0.0152857883549868,-6.03166523,2.458427505849802,1.297735813570975,1.297735813570975,0.4910464979263941,-1.026068453,0.7393354381205077,-0.435699028,0.3946283300990462,-1.341433565,1.9707303047180176,0.6107165813446045
VYTKTIH,0.8463855525758475,-0.240613093,0.1505161108754085,-2.732010177,2.189603410391171,1.1306695868700365,0.0240053256223109,-5.380501684,0.0085843306858143,-6.864078632,1.568605621145413,0.6494826754820616,0.6494826754820616,0.4323489870883583,-1.209731786,0.7599848634641322,-0.39595741,0.331006555523982,-1.595068305,0.8884475231170654,1.255299687385559
VYTKTIS,1.1304536733385269,0.1769018708030877,0.0284209721951024,-5.136900284,0.1844339294569697,-2.438824009,0.0096662797381211,-6.692823538,3.549665966178651,1.827683269233841,,,1.827683269233841,0.4074395771380305,-1.29534197,0.4857459295745431,-1.041726188,0.3505997557943997,-1.512103104,1.8549160957336424,0.7405232191085815
VYTKTMM,1.440404266941988,0.5264737783751605,0.3989540668967407,-1.325705442,0.968554724990388,-0.046094529,0.1374269580450701,-2.86326306,0.0215227962311401,-5.537990665,4.857661384966341,2.280261926932175,2.280261926932175,2.395141749102812,1.2601110399598623,1.015903251788479,0.0227630154850424,2.2213367261142163,1.1514281034986984,0.5641932487487793,2.186757802963257
VYTKTMQ,1.0205000838518548,0.0292763009131603,0.4170139148518865,-1.261832571,0.550949492216283,-0.860008028,0.1112780681059072,-3.167758816,0.0168980240577876,-5.887001633,4.849622342149402,2.277872403728177,2.277872403728177,2.161611870589556,1.112107502423192,0.9039721083291145,-0.145649835,2.041842855455646,1.0298718376267215,1.1441446542739868,0.9346509575843812
VYTKTHM,1.455530841911845,0.5415454097127222,0.839599572909156,-0.252226662,9.43653144390796,3.238256670156477,0.1089626499993749,-3.198094399,3.204322872551306,1.680019523264763,0.012366904789195,-6.337371725,1.680019523264763,0.3077695255268396,-1.700077708,0.5351790555939785,-0.901906438,0.2891897821533042,-1.789911516,1.261667251586914,0.9723520278930664
VYTKTHL,0.675491146082605,-0.565991235,0.344230546271291,-1.53855297,2.2884859729642475,1.194393449117103,0.2289746951912161,-2.126739925,3.9671205857443934,1.9880922507252945,0.0040548444364106,-7.946137718,1.9880922507252945,0.2007089400259231,-2.316823216,0.248260258923257,-2.010074759,0.2032669691429863,-2.298552298,1.1362448930740356,1.0461794137954712
VYTKTLM,0.7000336348230284,-0.514503853,0.0695000465702989,-3.846842245,0.9022825735656024,-0.148348773,0.0718698040187581,-3.798470438,0.0208947146247437,-5.580718135,5.082047971882057,2.3454099937442185,2.3454099937442185,0.2393281799146658,-2.062937817,0.3467014017995495,-1.528234425,0.2136849931124358,-2.226442502,0.3811115324497223,1.19944167137146
VYTKTLV,0.7743448871772906,-0.36895182,0.6707099247890066,-0.576239144,5.092567084796143,2.3483930800542456,0.1575201072607528,-2.666392096,8.60027986628524,3.104383608085927,8.60027986628524,3.104383608085927,3.104383608085927,1.3895051754629946,0.4745712081267376,1.0367367399669036,0.0520495950554696,1.205683924706519,0.2698517480137379,0.6927814483642578,0.8488569855690002
VYTKTLS,0.7998988310718218,-0.322110551,0.0599279310917799,-4.060627622,0.2891479818139454,-1.790120062,0.1577318667305563,-2.664453936,3.007488121248836,1.5885590391638655,0.0165581943826191,-5.91631083,1.5885590391638655,0.3822356164234473,-1.387465881,0.5995265187935819,-0.738104525,0.3395263628772259,-1.558404497,1.7286922931671145,0.8128244280815125
VYTKTDL,1.0068921174674192,0.0099091153879022,0.0898528776530007,-3.476291481,0.3779601448412668,-1.403693982,0.1383050210231343,-2.854074562,8.18562164653253,3.033091984483654,0.5570498249590724,-0.844121721,3.033091984483654,0.1404058505118742,-2.832325043,0.0720394403046728,-3.795069217,0.1165432687151573,-3.101062415,0.6594383716583252,0.2087797224521637
VYTKMMT,0.8901011051285329,-0.167958876,0.0826188143330074,-3.597385834,0.2517505529084553,-1.989933148,0.0437273139792387,-4.515321459,4.609381230669386,2.2045730943942337,4.609381230669386,2.2045730943942337,2.2045730943942337,1.012447679213413,0.0178473550197842,1.4207238252274128,0.5066261360737663,0.95107166150712,-0.072374045,0.4542751908302307,1.2383695840835571
VYTKMVT,1.0284326680490217,0.0404473430591687,0.0550532191538707,-4.183029264,0.4985703890738278,-1.004130894,0.0165891599957783,-5.913615354,0.012277243035856,-6.347869563,0.0054768812194622,-7.512429693,-6.347869563,0.2983161068830601,-1.74508622,0.5616266566546663,-0.832316683,0.2526765241527022,-1.984636463,0.7268676161766052,0.9195210933685304
VYTKMVA,1.0509017842049844,0.0716278433614353,0.0462970768103105,-4.432935085,0.1936690839734356,-2.368334425,0.0313525009868729,-4.995275658,4.197116857205122,2.0693986316687467,0.0025214982893551,-8.631503038,2.0693986316687467,0.109108344135531,-3.196166658,0.1264996097360627,-2.982795161,0.0897981274048165,-3.47717083,0.8012743592262268,0.5037073493003845
VYTKQLS,1.1150140492367582,0.1570618882949118,0.0477654276733862,-4.387889408,0.403646814548385,-1.308834588,0.0848904831331729,-3.558253364,0.8320280282526539,-0.265295966,0.0123087617017191,-6.34417056,-0.265295966,0.2014046636356189,-2.311831005,0.251834475650811,-1.989452296,0.1712941256121629,-2.545452419,1.0867358446121216,0.2488690763711929
VYTKHMT,0.4764604204006362,-1.069571721,0.3940366379429431,-1.343598316,5.7136002567891016,2.51440010387636,0.0988680038113751,-3.338352486,0.0184380387151929,-5.761170988,5.814679065636833,2.539699566042154,2.539699566042154,0.3636922131733657,-1.459210058,0.5310742841937179,-0.913014422,0.3687834061535364,-1.439154353,1.151397466659546,1.4649100303649902
VYTKHEM,0.805579559589756,-0.311901017,15.6535527426878,3.968418224413736,0.93909535741478,-0.090656436,0.231276512243936,-2.112309337,0.024723043391312,-5.337999841,1.5183116147752176,0.60246791654644,0.60246791654644,4.241414488228172,2.084545475835036,2.9251207631577234,1.548496187366916,3.988102011161116,1.995702312723573,1.156596302986145,0.523307204246521
VYTKLVA,0.8006936149034537,-0.320677793,0.4316954859512726,-1.211914088,5.494082817120715,2.457878657583197,0.0198280149148427,-5.656315941,1.6056513981270273,0.6831587043219696,0.0020193282126072,-8.951908866,0.6831587043219696,0.2602698254078401,-1.941920033,0.3579907786970573,-1.482005669,0.2171617455491466,-2.203158109,0.5515654683113098,0.8187652826309204
VYTKATY,0.6493324193506991,-0.622970854,1.2642616910872837,0.3382951196521934,22.146083942621715,4.468979706713173,0.065401778116033,-3.93452633,0.0163215673335215,-5.937076586,2.895166658187935,1.5336463983080644,1.5336463983080644,0.7774777174344003,-0.363126767,1.7378014098188956,0.7972632251677046,0.606258412362648,-0.721995234,0.8452117443084717,1.441171646118164
VYTKAQL,0.921646815244198,-0.117714094,4.299551719737051,2.1041862492505694,0.5618254472012079,-0.831806124,0.2809012968184225,-1.83186481,0.024031942932453,-5.378902898,0.0158503139842026,-5.97934477,-5.378902898,1.300885503812716,0.3794939902258874,0.2617930595488946,-1.933501245,1.2210572451672053,0.2881308378215464,1.6274073123931885,1.7496004104614258
VYTKGIT,1.5365055467997464,0.6196529750831972,0.0540691946379403,-4.209049322,0.2462643369433422,-2.021720377,0.1109340256306541,-3.172226159,1.8998008412603984,0.925848186774222,0.0081763287219246,-6.934331085,0.925848186774222,0.1792652138088737,-2.479832533,0.2002807659086474,-2.319904217,0.1804953740531612,-2.469966232,1.7698745727539062,0.1184833869338035
VYTKGIM,1.9264357618904813,0.9459340793028412,0.0776421349395546,-3.687016401,0.9470891953328476,-0.078427792,0.1511237969798939,-2.72619724,3.4088652149627414,1.7692915570756604,0.6826877624868377,-0.550702204,1.7692915570756604,0.1499025594392254,-2.737903079,0.1825530948017785,-2.453611968,0.1521508174374555,-2.71642601,0.7434298396110535,1.5202162265777588
VYTKGIV,0.9504498484384896,-0.073317591,0.0927635542531797,-3.430298092,1.5807458127616356,0.6606053979613636,0.1823188903523689,-2.455464046,0.2631556452701853,-1.926011751,0.0202137825787114,-5.628516873,-1.926011751,0.1571008611162648,-2.670237006,0.2035858781125137,-2.296290604,0.1476838930615661,-2.759415606,0.8369051218032837,1.5874539613723757
VYTKGMS,2.25562180673932,1.1735251957153665,0.026808993372525,-5.22113914,0.2799302703732639,-1.836860593,0.1501362925090672,-2.735655332,0.0184438718234567,-5.760714645,0.1260216211651992,-2.988256821,-2.988256821,0.1990468384298181,-2.328820138,0.2300897612924042,-2.119731308,0.1811819890872843,-2.464488548,1.6793677806854248,0.7801112532615662
VYTKGQI,1.4820891810215648,0.56763226083305,12.126865239611035,3.600134760948067,4.629930809861055,2.210990633870783,0.0605504152196496,-4.045719337,0.012129415037175,-6.365346214,0.0263386638067408,-5.246674032,-5.246674032,2.1354271473341395,1.0945246795428691,0.3340037627860221,-1.582063739,2.207689442386194,1.142537241209852,2.063526391983032,2.1339237689971924
VYTKGQV,1.4166572098855548,0.5024907099667715,11.259995614399616,3.493134360397409,4.358332683690799,2.123776325593804,0.145342871543378,-2.78246778,0.0133977275658634,-6.221867869,0.0187088134629223,-5.740138126,-5.740138126,1.8425856895675752,0.8817317135073642,0.3876039640143867,-1.36734477,1.986999640712844,0.990591611721028,2.0250067710876465,1.6883736848831177
VYTKGLT,1.2510111857035775,0.3230946891735443,0.0582400195631334,-4.10184535,0.4663415099773985,-1.100541242,0.0983920418338321,-3.345314558,0.019531105304886,-5.678082593,0.072041867102497,-3.795020618,-3.795020618,0.1331520055563228,-2.908853936,0.1557466389084437,-2.682727065,0.1488158827656469,-2.748399585,1.555867314338684,0.3449700772762298
VYTKGLS,1.9516633994265613,0.9647042548208546,0.0405809843102074,-4.623052331,0.4374999298680209,-1.192645309,0.1857156672905301,-2.428832566,1.7917317594746385,0.8413546673941885,0.3651529319683018,-1.45342728,0.8413546673941885,0.1577374185107469,-2.664403158,0.1579112519748216,-2.662814121,0.148099721109654,-2.755359171,1.8549814224243164,0.739895761013031
VYTKGEG,0.6760913642415851,-0.564709875,0.0706195144735889,-3.823789288,0.6538255056807485,-0.613022437,0.0339667336544041,-4.879733699,0.0164842629134694,-5.922766811,0.0176308106896286,-5.825757376,-5.825757376,0.103527200378827,-3.271918229,0.082132929264628,-3.605895437,0.1005814770773075,-3.31356345,1.6140680313110352,0.151461660861969
VYTKGES,1.1223701249510936,0.16654851318082,1.0184790946315514,0.0264163677550327,0.3046888908326877,-1.714591196,0.1718915800494552,-2.540429217,6.984838555259906,2.8042267701490338,0.023878488185696,-5.388144691,2.8042267701490338,0.4673908098332011,-1.097298728,0.1106653857269262,-3.175724053,0.4448567823469512,-1.168587147,1.0754940509796145,0.5254267454147339
VYTKVQG,2.3045820371131085,1.2045051247714025,0.206427997655272,-2.276289439,3.0017112002246047,1.5857851794747788,0.0641353678530039,-3.96273603,0.0156679784218484,-5.996037143,2.011936962775528,1.0085851038930296,1.0085851038930296,0.1209387225810094,-3.047651849,0.1937816262910801,-2.367496309,0.1165184904015871,-3.10136918,1.8334920406341555,0.0119951767846941
VYTKVHG,0.7308197452840774,-0.452412482,0.1189168008819479,-3.071975538,0.573613305082971,-0.801849607,0.0432455930000235,-4.531303069,0.021801673440353,-5.519417313,0.021801673440353,-5.519417313,-5.519417313,0.1873392061610178,-2.416275238,0.7223637143838371,-0.469202669,0.182817658878188,-2.451522664,1.5285608768463137,0.1231647953391075
VYTKVSQ,1.101006846516995,0.1388234402060107,0.285441786454759,-1.808731545,4.382055653222093,2.131607807038693,0.141191673156954,-2.824273087,2.8403210816914526,1.5060540271879392,0.0112551090306384,-6.473276157,1.5060540271879392,0.1627983629653136,-2.618841902,0.1899934575678262,-2.395978355,0.1568263678953345,-2.672759948,1.578044891357422,0.6973610520362854
VYTKSNV,1.4275959910415088,0.513587755145794,1.203455917524856,0.2671832969989055,1.3250104661154734,0.4060037554141434,0.1777503618718554,-2.492075598,0.0190488443889851,-5.714152711,0.0136815507902602,-6.191624422,-5.714152711,1.808558948137903,0.8548406219363153,0.8098235514952331,-0.304320494,1.7615021608231802,0.8168062445785333,1.9428728818893437,1.530990719795227
VYTKSTI,1.595273688242374,0.6738039567785987,12.707242568140904,3.667579098884151,0.4306787562182362,-1.215315932,0.1772725034519573,-2.495959316,0.0180611455598097,-5.790966789,1.748606035842314,0.8062052840227487,0.8062052840227487,4.829894013778669,2.271991531199025,2.3424863625345704,1.2280406488402715,4.412159830489861,2.141485053503764,1.9324884414672847,0.8896121382713318
VYTKSTL,1.0508217548315726,0.0715179735540529,3.241655353473912,1.6967307144628463,0.3545550373475443,-1.495918501,0.227142862115975,-2.138328125,4.099889196867919,2.0355849201479743,0.0313430296059208,-4.995711553,2.0355849201479743,3.2860876435772184,1.7163709590670553,0.660016850582676,-0.599425237,3.192784322108892,1.6748150997500686,1.468654751777649,0.628405749797821
VYTKSIT,0.7953756675080543,-0.330291668,0.0267681252221852,-5.22334009,0.0982652168455003,-3.347175357,0.0250195708120753,-5.320799148,1.3540853238187498,0.4373186490841204,0.0273285459552267,-5.193447488,0.4373186490841204,1.193916847072468,0.2557023604773611,0.6373463367310043,-0.649850543,1.172597553111928,0.2297079513430407,1.7042864561080933,1.9512606859207156
VYTKSIL,0.8090726624593865,-0.305658819,0.1152998989095417,-3.116536847,0.3050560712559069,-1.712853651,0.1000194884866815,-3.321646963,0.0216863345095285,-5.527069965,1.276459042640843,0.3521472471638186,0.3521472471638186,0.4941576540551675,-1.016956708,0.30149193098726,-1.729808704,0.4656856244044957,-1.102571748,0.4389932453632355,2.24417781829834
VYTKSMI,0.6788646813637746,-0.558804065,1.965142734380792,0.9746341036822378,0.4320794145773612,-1.210631596,0.1459888246853807,-2.776070159,0.0035797694901142,-8.125917593,,,-8.125917593,5.007499682146972,2.324090424462346,5.872389449654063,2.553947649116641,4.521751779754327,2.176881797939428,1.1616809368133545,2.245654582977295
VYTKSML,1.9459115914604328,0.9604461656899536,0.0566492670143024,-4.141798901,0.118176580887998,-3.080983931,0.082866505685728,-3.593067102,0.035043438961512,-4.83471183,1.6551478546213656,0.7269600989667914,0.7269600989667914,3.578518135881938,1.839362291232302,1.4838649054096558,0.569359751549441,3.3505494381760483,1.744397694595893,0.7661565542221069,2.419768810272217
VYTKSMV,1.6067519629472533,0.6841472348967274,1.6734861152709308,0.7428565811930287,0.2856340438394482,-1.807760155,0.1658310659333261,-2.592213796,0.5386291594651336,-0.892635761,0.0422295674616855,-4.565602719,-0.892635761,4.981645428558076,2.3166223405942064,6.705088428572229,2.7452563589189176,4.724556916178872,2.240179035195037,1.2451545000076294,2.338352918624878
VYTKSMY,1.070873125334392,0.0987875629139102,0.122191169606037,-3.032788065,0.7703955546289141,-0.376328716,0.0416042558005994,-4.587125077,0.1021145783277871,-3.291739248,0.0170757575532881,-5.871906606,-3.291739248,2.619072954535553,1.3890562466609218,4.861784097609765,2.281485827504086,2.403479672433157,1.2651246018515554,0.3012858033180237,2.614385843276977
VYTKSMS,1.273481303337167,0.3487777787870144,0.0434780069381662,-4.523570382,0.1226094893386313,-3.027857454,0.0738678835991953,-3.758908946,1.3854883180814397,0.4703945466063915,0.0749099148245924,-3.738699508,0.4703945466063915,3.3391931523645244,1.7394995470994037,2.072964959510653,1.0516957299700147,3.1360276722057416,1.6489382898032028,1.8344801664352417,1.8904577493667605
VYTKSQN,1.0769272674449044,0.106920817718859,16.250630235198788,4.022423765001657,1.6437097110101238,0.7169555329216006,0.1710538338956052,-2.547477655,0.0289962013934634,-5.107992275,0.0100018654015126,-6.643587094,-5.107992275,4.634175976021054,2.21231282946654,4.561462570933618,2.18949647910894,4.567652842154681,2.191453004918294,1.7845367193222046,1.959642767906189
VYTKSHN,0.3752275251969256,-1.414162433,0.2132135111718203,-2.229629231,1.3616615263900624,0.4453681314817023,0.0477002959828257,-4.389857972,6.246301512576357,2.6430022107609648,0.0079541036341417,-6.974084926,2.6430022107609648,0.2742955826422603,-1.866196706,0.3117863769286881,-1.681370202,0.2684347747359712,-1.897356515,1.8789788484573364,0.4285596311092376
VYTKSPV,1.2834885619756926,0.3600704391509831,0.2391498498204081,-2.06401321,5.468925018295384,2.451257282161291,0.0665306898848099,-3.909836196,0.1966103185051268,-2.346589056,1.542562967146631,0.6253293811322771,0.6253293811322771,0.1022625720441593,-3.289649878,0.193127168892335,-2.37237696,0.0948090810704535,-3.398830939,1.7208324670791626,0.2797371447086334
VYTKSLT,0.7191470245866932,-0.475641345,0.0645590705114511,-3.953236382,0.1170265602493602,-3.095092095,0.1160483171516464,-3.107202493,1.450744691484871,0.5367936498408018,1.136281452081749,0.1843202285310324,0.5367936498408018,1.440289955,0.5263592804762623,0.6353472010011076,-0.654382892,1.3613508757257056,0.4450389562091162,1.563777208328247,2.1794049739837646
VYTKSLM,1.4060904025146144,0.4916893533483873,0.0265318655054085,-5.236130072,0.1189711189389774,-3.071316703,0.0807126260830028,-3.631061814,0.0106138382549736,-6.557909721,2.3554338577746585,1.2359928206917803,1.2359928206917803,0.7209820670811913,-0.471964719,0.5264765052795066,-0.925558944,0.6511871662901606,-0.618855828,0.9045606255531312,2.675877094268799
VYTKSLS,2.144416717440026,1.1005852872164672,0.0322823590335029,-4.953110182,0.0677225492427474,-3.884219909,0.1200410562273013,-3.058400177,0.0103219304478298,-6.598143375,2.6379158432812466,1.3993985394122488,1.3993985394122488,1.3243279558694712,0.4052604346206391,0.6653002905851226,-0.587922431,1.2867111880593352,0.363688266213532,1.6932651996612549,2.383056641
VYTKSEI,0.81369037314414,-0.297448173,17.653689897073285,4.14189785571151,0.2885161534064452,-1.793276,0.0602825421271742,-4.052115933,0.0129723158651739,-6.268420132,0.0072722584515009,-7.103380812,-6.268420132,5.591251953562363,2.4831713573021728,2.7258264791407045,1.4466937258808208,5.092957448411667,2.3485036635888883,1.1800432205200195,2.581174850463867
VYTKSEP,0.5309238331041883,-0.91342319,0.1004043009638036,-3.316107024,0.1652697265015625,-2.597105614,0.3178441659209558,-1.653608487,0.0165340493684063,-5.91841609,2.955326395904013,1.5633174751567258,1.5633174751567258,0.1350052626730787,-2.888912448,0.0893005837474043,-3.485186584,0.1191724753428282,-3.068877033,0.996232569217682,0.3496541678905487
VYTKSDT,1.2653584173320105,0.3395460913758539,1.6821226933413191,0.7502829390172127,0.156881233971066,-2.672255306,0.1503171730354461,-2.733918255,2.0485488143337047,1.0346022708304636,13.212615789614333,3.7238442097021633,3.7238442097021633,1.1321037700986731,0.1790062035278307,0.179889106200264,-2.474820273,1.1411476711758504,0.1904854968745237,1.0760375261306765,0.2581307888031006
VYTKSDL,1.1777402615319892,0.2360214027359623,0.1875683969067388,-2.414511324,0.2096642714381793,-2.25384706,0.165732617496342,-2.593070531,0.0183950226480432,-5.764540737,1.3198154767281498,0.4003362406308399,0.4003362406308399,0.1900511993923749,-2.395539965,0.0657777300989399,-3.926256966,0.1751376918918628,-2.513438491,1.1975836753845217,1.5494130849838257
VYTKSDE,0.7258313033523027,-0.462293817,0.1141515474478771,-3.130977678,0.1672285995074435,-2.580106496,0.3035952906445425,-1.719778683,0.0193959321075341,-5.688102081,31.789722979317528,4.990488539544876,4.990488539544876,0.0670130619791791,-3.899413861,0.0648161830207315,-3.947502126,0.0773212854957976,-3.692990567,0.5521990060806274,0.4341327846050262
VYTKSDV,0.9892473562554936,-0.01559679,5.185729889477247,2.3745470620993525,0.3951807367572184,-1.339415471,0.1499748986024081,-2.737207039,0.0209531187380634,-5.576691194,0.1942643338067333,-2.363907043,-2.363907043,1.9072682093984457,0.9315077367606724,0.1529305177716236,-2.709051765,1.9005363540353115,0.9264066217717482,1.261721134185791,1.6222773790359497
VYTKSAT,2.0292165579134323,1.0209228376702646,2.1853818863787744,1.1278854067026765,0.2729743314202262,-1.873162798,0.0940944975503272,-3.40974583,0.2446486255864905,-2.031216917,3.173867726463937,1.6662420039289332,1.6662420039289332,3.93788704502449,1.9774217293399825,2.477359638447368,1.3088033199133298,3.7121624235593935,1.892259836148984,2.070681095123291,0.3686104416847229
VYTKSAM,1.0831261919963782,0.1152013370935278,5.184965651800501,2.37433443182708,0.6550413239650332,-0.610342171,0.1048750293738215,-3.25325688,0.0161417390929808,-5.953060168,1.5375887861201645,0.6206697194580271,0.6206697194580271,3.821989636495432,1.93432386638525,1.422521277798114,0.5084502322466103,3.57399224221342,1.8375365028370487,1.995565176010132,0.5952742099761963
VYTKSAP,1.4503376942557418,0.5363888541060384,0.0724969663677577,-3.785935563,0.5429879363802902,-0.881007949,0.1371428529421441,-2.866248655,3.541373483912384,1.8243090027162,0.4244107379730701,-1.236466937,1.8243090027162,0.265111656906988,-1.915327988,0.3080112102509004,-1.698945235,0.2281925970483954,-2.131676106,2.2559540271759038,0.2189284265041351
VYTKSVV,2.112686231725694,1.0790785194989592,1.4816037663750805,0.5671596711809166,1.584298275492246,0.6638439768712846,0.0880580910828314,-3.50540062,0.0122755239233727,-6.348071589,1.601309654782231,0.6792523173618465,0.6792523173618465,4.261644808628878,2.0914103551610377,1.1688858600871994,0.2251340597876658,4.101042620156579,2.03599073697628,1.3299009799957275,1.4777826070785522
VYTKSVY,0.8874277113820251,-0.172298491,0.2811403474585087,-1.83063758,1.137900507022244,0.1863744202977521,0.0622352235278914,-4.00612485,0.0234147695649239,-5.41643735,2.6037443746624165,1.380587817355542,1.380587817355542,1.9192951697393208,0.9405766016700056,2.03511091792604,1.0251074266197908,1.7054483618861709,0.7701510732283214,0.336015522480011,2.127933979034424
VYTKSYQ,0.9552967798923488,-0.065979093,0.0406199319287908,-4.621668368,0.3683302129280496,-1.440928353,0.0933400956210866,-3.421359245,13.1061583589151,3.71217296360973,,,3.71217296360973,0.2618703522580072,-1.933075361,0.2774437931283927,-1.849732567,0.2418459610851841,-2.04783965,0.0293454602360725,2.107847213745117
VYTKSFN,1.3306329165398876,0.4121126279514908,0.0410028833769861,-4.608130824,0.117294842781824,-3.091788513,0.0460849647829262,-4.439560042,0.0168887898617842,-5.887790232,1.329160326514243,0.4105151364548272,0.4105151364548272,0.1587507591891606,-2.655164604,0.1943776430171719,-2.363065803,0.1355804261391071,-2.882779184,0.4453060626983642,1.6616214513778689
VYTKSFT,0.7539701326522337,-0.40742072,0.0400272293934301,-4.642874431,0.1046764792169124,-3.255990789,0.0101825300872905,-6.617760113,0.0040707226090293,-7.940499369,0.0092744963475681,-6.752515346,-6.752515346,0.251564792073515,-1.990998072,0.3723465534720115,-1.425282091,0.2197626341178796,-2.185981987,0.3458567857742309,1.7846935987472534
VYTKSFQ,1.050824437972179,0.071521657288889,0.0449791433941362,-4.474600004,0.1159874450290946,-3.107959444,0.1729824362125733,-2.531302534,0.0099569864980771,-6.650075111,1.197816254288154,0.2604066148390268,0.2604066148390268,0.1808550343093665,-2.467094337,0.2420048080353043,-2.046892384,0.1492485010198954,-2.744211653,0.1380343735218048,2.036843061447144
VYTKSFA,0.7214722394481562,-0.470984211,0.0443951930560599,-4.493452714,0.0915068286233184,-3.449976782,0.145823789326618,-2.777701998,0.0092189780948634,-6.761177445,0.0109244891122225,-6.516290377,-6.516290377,0.1914786294793058,-2.38474471,0.2276146967791942,-2.135334381,0.1742809317279259,-2.520513364,0.162315547466278,0.7783713936805725
VYTRNNV,0.9050430338007052,-0.143941702,0.0512804516589658,-4.285447221,0.0626743059448133,-3.995982075,0.3089293979588364,-1.694650929,3.033858256,1.6011536836348212,1.9587771352810968,0.9699532607421744,1.6011536836348212,0.2456013053608105,-2.025609866,0.3101629420903315,-1.68890177,0.2602856908029197,-1.941832093,1.639107346534729,1.647644281387329
VYTRNIP,0.9145734981064556,-0.128828981,0.034001140510684,-4.87827305,0.0804634087181582,-3.635523333,0.1553887440636976,-2.686046092,0.0032969213672808,-8.244664806,2.8707793012249554,1.521442423799384,1.521442423799384,0.1824705921751299,-2.454264124,0.2099436716282809,-2.251925793,0.1596312853759988,-2.647184669,0.9409193992614746,1.351445555686951
VYTRNIS,1.1436807206194568,0.1936843536297463,0.0422768688866552,-4.563987658,0.0727409583967672,-3.781088256,0.045759981237335,-4.449769729,3.1185566362330466,1.6408784599982753,0.0133159246172489,-6.230703581,1.6408784599982753,0.2316849653849729,-2.109763668,0.2121908968284941,-2.23656533,0.2148386821885184,-2.218674318,1.2714093923568726,1.7871662378311155
VYTRNQI,1.2085462812011032,0.2732727220739811,17.021873223652324,4.089317906398097,0.0780277901943484,-3.679868147,0.0827868799425945,-3.594454042,0.0172980526263207,-5.853246558,0.020784942260154,-5.58831745,-5.58831745,3.840114435837816,1.9411493040599088,4.483533642410052,2.164636223109317,3.693947841248258,1.8851634955288687,1.2831155061721802,2.560859203338623
VYTRNQM,0.8671461331194374,-0.205652955,8.881417912376987,3.1507900202527983,0.0560745418095829,-4.156510263,0.1067860663929295,-3.227204681,0.0275103246081547,-5.183883027,0.0247205006059495,-5.338148231,-5.183883027,3.1409888872784912,1.6512188387884856,2.4931548987971373,1.3179725197264125,3.095328110027552,1.6300923456657446,1.2120342254638672,2.221794843673706
VYTRNQP,1.0112273581613898,0.0161074004214116,0.0457904556128857,-4.44880927,0.0969514634470675,-3.366593514,0.3306529339597697,-1.596610392,0.0383284649038391,-4.705439972,1.5821328094911151,0.66187070951492,0.66187070951492,0.1834757799685734,-2.446338465,0.1947409379637825,-2.360371899,0.1878006326804136,-2.412726172,1.2950676679611206,1.4899146556854248
VYTRNQG,1.316452618404954,0.3966555970221532,0.0353429771942453,-4.822432616,0.0743073027689072,-3.750352187,0.1502820737093937,-2.734255166,0.0079934482510089,-6.966966291,0.799441748681593,-0.322935179,-0.322935179,0.1872119702652504,-2.417255412,0.1860496913245542,-2.426240098,0.1920771101709331,-2.380242492,1.6977192163467407,1.6295984983444214
VYTRNQV,1.265124287735983,0.3392791244391492,17.428178350014072,4.123349877044927,0.1597607154733979,-2.646015396,0.2687377820916932,-1.895728929,0.0308007472248903,-5.020890839,0.0193692648888135,-5.690086989,-5.020890839,3.6769004818433455,1.8784901294120169,4.4243818046139936,2.145475889156598,3.716997159264805,1.894137585612599,1.3406033515930176,2.317415714263916
VYTRNQS,0.5211808545368196,-0.940144007,0.2636012994682848,-1.923570613,0.1006659224987372,-3.312352711,0.190161151605342,-2.39470555,0.145883797316056,-2.777108437,0.145883797316056,-2.777108437,-2.777108437,1.5389406798544685,0.6219376224853783,0.9441943572343336,-0.082844234,1.6263768903619529,0.7016616207889648,0.9138064980506896,2.2820096015930176
VYTRTNN,1.4845365436694398,0.5700126074517298,0.0457172597338831,-4.451117258,0.1059143942751133,-3.239029423,0.1457103606720421,-2.778824632,0.0277891864189634,-5.169332592,0.8862907048254145,-0.174148112,-0.174148112,0.2031762139667012,-2.299196581,0.2470255666394306,-2.017267729,0.2346200114480097,-2.091602024,1.1810128688812256,2.898685932159424
VYTRTNG,1.1752279536959114,0.2329406170201372,0.0367862659629968,-4.764688949,0.0812418339961021,-3.621633382,0.1279070162817054,-2.96683269,0.0201157783429819,-5.635528628,1.2615487676201205,0.3351959775736638,0.3351959775736638,0.1409845576358797,-2.826390945,0.1436965989518177,-2.798902179,0.1410373375676269,-2.825850949,1.909335374832153,1.7943565845489502
VYTRTTN,1.1549821924847028,0.2078706083408486,0.0550516268663942,-4.183070991,0.0773475018370196,-3.692501493,0.1720020421320094,-2.539502401,0.0381150486765158,-4.713495471,0.9191087469227366,-0.121692527,-0.121692527,0.4558957011698342,-1.133224289,0.2808956203917438,-1.831893964,0.4788047846952981,-1.062490526,1.575440764427185,2.2059266567230225
VYTRTTP,1.4213184161606554,0.5072297959284792,0.0546555436697264,-4.193488355,0.0548461454569695,-4.188465957,0.1733430428469818,-2.52829816,0.0240440461234217,-5.378176497,1.8276416876168309,0.8699832552055915,0.8699832552055915,0.150862686516294,-2.728692073,0.1136628079641512,-3.137167833,0.1469187869088292,-2.766909206,1.748692750930786,1.8445711135864256
VYTRTTS,1.394451669671517,0.4796979328362651,0.0413912418309072,-4.594530656,0.0934489657807706,-3.419677492,0.1900142884083036,-2.395820187,0.0101776797856927,-6.618447483,5.196573588601543,2.377560681701795,2.377560681701795,0.7476519151120248,-0.419561345,0.3553062161629987,-1.492865166,0.7484479375231352,-0.41802613,1.7879599332809448,2.2179360389709477
VYTRTIT,1.1836354238630682,0.2432247792947101,0.0820069925089848,-3.60810926,0.0908613148966123,-3.460190006,0.1270746729628254,-2.976251577,0.5169236526373951,-0.951976878,1.687022334660056,0.7544790737381083,0.7544790737381083,0.2802428137734791,-1.835250716,0.257548285784149,-1.957085157,0.2641083332437428,-1.920798272,0.7181645035743713,2.306856155395508
VYTRTIL,0.5817884496847582,-0.78143344,0.0788391610050651,-3.664943766,0.1910418673135163,-2.388039252,0.2019131029330528,-2.308193559,0.0042942931833384,-7.863363593,10.406719009712535,3.379443387874993,3.379443387874993,0.3174143073141668,-1.655560936,0.2972705864455152,-1.750151373,0.3180499542433548,-1.652674716,-0.980942547,3.175512313842773
VYTRTIG,0.5289665333003973,-0.918751646,0.032828423022588,-4.928910741,0.1268339011735741,-2.978987683,0.062979589344514,-3.988971839,0.0242099061846259,-5.368258701,2.6467511362051224,1.404222550163302,1.404222550163302,0.1821287181123912,-2.45696967,0.1687534091982497,-2.567011447,0.1683068148256362,-2.570834502,1.2195278406143188,1.4402718544006348
VYTRTMA,1.1470448961903497,0.1979218606157721,0.0574069678815145,-4.122630332,0.0774121779608536,-3.691295651,0.0686162214565578,-3.865306508,0.0161961058863995,-5.94820921,2.4906162949688686,1.3165027767032331,1.3165027767032331,0.2281752160754796,-2.131785997,0.1923928767084909,-2.37787271,0.2226181238513435,-2.167357044,0.6324813365936279,2.7871103286743164
VYTRTQT,0.944238234764614,-0.082777192,5.334675996549531,2.415400651112316,0.1270674322028787,-2.976333785,0.3541014093618831,-1.497765509,0.0310997720622671,-5.006952183,1.5841388840893769,0.6636988244348677,0.6636988244348677,4.358372974950918,2.123789662742823,6.691602880248768,2.742351829761242,4.052469734966855,2.0188014113131376,0.9622855186462402,3.900293350219727
VYTRTQI,1.346097710579228,0.4287831361382213,18.79003064528993,4.231895514586883,0.0983070709631389,-3.346561,0.2413673263602069,-2.050697702,0.0253270114113074,-5.303179341,1.2071081000800048,0.2715548794616167,0.2715548794616167,5.028457552721292,2.3301159303885925,11.823288713922432,3.5635594799235792,4.773240317468179,2.254968973325313,0.9410667419433594,4.5013861656188965
VYTRTQM,0.9815753135424274,-0.026829129,10.839748855686652,3.4382594264082336,0.1801833850729276,-2.47246211,0.1986186623847621,-2.331926909,0.0171188752914585,-5.86826827,0.0160544439462957,-5.960883492,-5.86826827,4.378966384129539,2.130590374742434,5.27158586660531,2.3982370373295407,4.086492476140362,2.030863078293329,0.8614352345466614,3.8225250244140634
VYTRTQL,0.753415072646568,-0.408483199,16.99912099643444,4.087388243199091,0.0752583230564401,-3.732005047,0.2387219732451851,-2.066596729,0.0258297357346199,-5.274823307,0.0302117800317127,-5.048745002,-5.048745002,4.478488228473746,2.163011814122368,4.140293692658239,2.049733109249549,4.267055240720296,2.093240787594886,0.5208946466445923,4.195338249206543
VYTRTQS,1.0562072084460028,0.0788928927195017,0.153082915428701,-2.707614813,0.0731617418301836,-3.772766767,0.2801982923078524,-1.835479932,3.55003394620606,1.8278328200508367,0.0153049060128374,-6.029862004,1.8278328200508367,3.80763866205925,1.928896576022524,4.051187455849141,2.0183448427056456,3.6604787745924505,1.8720323590438293,1.0453203916549685,4.085077285766602
VYTRTLD,0.9177115849645278,-0.123887275,0.0683591604875575,-3.87072151,0.0964654475386943,-3.373843906,0.0470527893175791,-4.40957594,3.678979564561116,1.8793056626690776,3.678979564561116,1.8793056626690776,1.8793056626690776,0.0865308438163902,-3.530641718,0.0739867139438022,-3.756589966,0.088945010728637,-3.490942508,0.0259744822978973,2.9803450107574463
VYTRTDM,0.695923247065002,-0.522999894,0.0365382484329497,-4.774448714,0.0333792674631372,-4.904903896,0.1311624003946925,-2.930573885,0.0239297167110646,-5.385052872,8.012199782490967,3.0021983948919497,3.0021983948919497,0.136797158592227,-2.869889831,0.0851331636149504,-3.554134947,0.1242907621605903,-3.008209022,0.8480542302131653,1.735843062400818
VYTRTEN,2.295816945750131,1.199007615015896,2.0754474104166523,1.0534223760791592,0.0524945840817811,-4.251687604,0.1599906544686231,-2.643940459,2.347725349909413,1.2312636437547195,0.0192739915072089,-5.697200815,1.2312636437547195,2.98081344527346,1.5757060868350212,0.6703629067682665,-0.576985772,2.7592051073862742,1.4642527043934388,0.5202628970146179,2.956264019012451
VYTRTEI,1.6001390901465358,0.6781973150770907,12.967308178882124,3.696807123434108,0.1192621744995788,-3.067791548,0.2457981886544866,-2.024453811,0.0138767444539025,-6.171187045,0.0287556394710118,-5.120011269,-5.120011269,5.034094264096626,2.331732231411779,2.5046047354072125,1.3245829422379531,4.946777491366172,2.3064890077799167,0.7397298216819763,3.4828319549560547
VYTRTEL,1.292542471284628,0.3702116864241745,5.386365714513506,2.429312186876916,0.2785367237987951,-1.844060542,0.1235368366605772,-3.016986801,0.0161557534549275,-5.951808155,0.0184086919368042,-5.763469073,-5.763469073,2.37645149296575,1.2488089543135228,0.3726114652464162,-1.424256028,2.1955735534006315,1.1345978666661591,0.3737877905368805,3.5976288318634038
VYTRTGT,0.8113642345657693,-0.301578386,0.0249751348916677,-5.32336372,0.028052027550156,-5.15575114,0.225533827140084,-2.14858426,0.0131890221166013,-6.244518588,9.425789709831356,3.236613495063461,3.236613495063461,0.2068898606211081,-2.273065152,0.1908777853630941,-2.389278885,0.2109435413493931,-2.245071179,1.4486312866210938,0.7006528973579407
VYTRTVI,0.4490370201127472,-1.155093704,0.3473188552972961,-1.525667361,0.1169057662466769,-3.096582004,0.1367639451729962,-2.87024015,10.312656614762371,3.366344124124633,1.0520363082319808,0.0731844962673865,3.366344124124633,2.004125086398512,1.0029725563849148,0.4272762282740036,-1.226759041,1.7677317078939585,0.8218993306896852,-0.051518902,3.806368350982666
VYTRTVV,1.802407869892597,0.8499255179703964,0.0652314913385364,-3.938287578,0.1012862507876654,-3.303489748,0.1447620467155494,-2.788244684,0.9805425035157628,-0.028347927,0.3815537841739812,-1.39004166,-0.028347927,2.735678001771813,1.4518984303023366,0.7179325674288244,-0.478079751,2.676836195586036,1.4205288584235365,0.5154674649238586,3.8595359325408936
VYTRTSM,1.0442979464396855,0.0625333829096622,0.0797473805023872,-3.648419059,0.1410118061497785,-2.826112138,0.2430516737512596,-2.040665026,0.0110402710994866,-6.501080591,6.413129354205668,2.681028506940084,2.681028506940084,1.0832408878915556,0.1153541008618417,0.5347995048401898,-0.902929965,1.104092668508045,0.1428612652196354,0.9970131516456604,2.448203563690185
VYTRINP,0.8324963190315751,-0.264484202,0.0612504363054953,-4.029136069,0.1022828680802011,-3.289363574,0.2025992373950048,-2.303299351,0.0220198938950563,-5.505048673,0.7013825394645824,-0.511726579,-0.511726579,0.1260583232220467,-2.987836717,0.1336973710212441,-2.902956998,0.1118803177136933,-3.159971839,0.4519743025302887,1.78727388381958
VYTRITV,0.1929135993555837,-2.373973246,0.178395068910217,-2.486852357,0.1774029285177483,-2.494898269,0.0366876859062936,-4.768560281,0.022319262852016,-5.48556681,0.022319262852016,-5.48556681,-5.48556681,1.6651249211092258,0.7356304153171142,0.5723200808036488,-0.805105868,1.6079381675075006,0.6852119294363387,-0.800732315,2.6014552116394043
VYTRITS,0.6983409332464645,-0.517996556,0.0709212075329546,-3.817639089,0.0756437421733709,-3.724635453,0.0792901849125791,-3.6567139,4.979160333539162,2.315902472258262,0.0027007517798283,-8.532423234,2.315902472258262,0.5102739772171515,-0.970656025,0.317442986780368,-1.65543059,0.4777252040260188,-1.065747102,0.5489557981491089,1.8752915859222408
VYTRIQN,1.3671433373205992,0.4511645093673309,0.2950370840666607,-1.761031792,0.0750251832034839,-3.736481253,0.1681569234404496,-2.572119915,1.379710684633338,0.4643657759861145,0.0157856816265763,-5.985239632,0.4643657759861145,3.4798507782128847,1.7990254422383678,6.994848603054638,2.8062928319452816,3.6011234276401605,1.8484470484014808,0.549309492111206,2.4419915676116943
VYTRIQT,0.8087907004155744,-0.306161686,1.3553307944512392,0.4386450119262919,0.1431587234491486,-2.804312511,0.1408309846445541,-2.827963314,0.008502916318104,-6.877826545,0.0123952221210199,-6.334072065,-6.334072065,3.503963683935015,1.8089878225194616,9.671452806915084,3.2737326218531733,3.4289372256586645,1.7777614927658412,0.3285577893257141,3.262112855911255
VYTRIQE,0.7774796122297122,-0.363123251,0.5514088011739705,-0.8588058,0.2485013815559987,-2.008674222,0.2771519831151073,-1.851250764,27.01339150142636,4.755602874872224,3.5285591485465906,1.819079193808442,4.755602874872224,3.936280721970869,1.976833112382801,0.4707250185035101,-1.087043562,3.895162426064928,1.961683489106604,0.9028589129447936,1.9728065729141235
VYTRIQV,0.4443085757179262,-1.170366107,12.759947752726712,3.6735505166988913,0.1104496001737691,-3.178539899,0.1965005338939999,-2.347394863,36.4028802171326,5.1859806967010496,0.0122189536498631,-6.354735442,5.1859806967010496,3.639343118919997,1.8636780755347369,12.180833093620702,3.606540902920851,3.6851641612151775,1.881728887785986,-0.421997488,3.5114235877990723
VYTRIDN,0.8800532699092073,-0.184337242,0.041042519847519,-4.60673688,0.0590676086380298,-4.081488984,0.0240747692742335,-5.376334218,0.0096244947720911,-6.699073475,1.583026972468714,0.6626858371019682,0.6626858371019682,0.4963563087845041,-1.010551965,0.1543213878541217,-2.695990072,0.5318575208727271,-0.91088828,-0.407766968,2.064818382263184
VYTRIAP,1.321534942387805,0.4022145714366461,0.0348990049732104,-4.840670286,0.1291835159045978,-2.952506104,0.1748954907571938,-2.515435001,0.0072064253102591,-7.116500485,2.40841353629628,1.268083131109575,1.268083131109575,0.1377479419495018,-2.859897331,0.1743022427308029,-2.520336962,0.1312696679988547,-2.929394498,0.967901349067688,1.2311893701553345
VYTRIVP,0.4769875723388255,-1.067976417,0.0511333060492428,-4.289592883,0.1114253229370445,-3.165850953,0.1081533493979735,-3.20884975,0.0064676480671786,-7.272543107,0.0036838777864249,-8.084559084,-7.272543107,0.1404457117919651,-2.831915519,0.0773585776057572,-3.692294922,0.1370551940855276,-2.867171091,-0.908768058,2.3591530323028564
VYTRMQP,1.2399668230287326,0.3103015198925944,0.0482335995251553,-4.373817712,0.0977941367113964,-3.354108219,0.8847142056683645,-0.176716607,2.353282050888936,1.234674244077985,0.3246172163852253,-1.623188578,1.234674244077985,0.15177848611536,-2.719960785,0.1980154390930315,-2.336315175,0.144272794256722,-2.793128821,0.5406444668769836,2.8762710094451904
VYTRMQV,0.7058335260418059,-0.502600137,0.1765756435922993,-2.50164174,0.0990778591444694,-3.335293494,0.1810333755002761,-2.465672396,0.0198868216650461,-5.652043468,0.4320515886712425,-1.210724509,-1.210724509,4.27050813259375,2.09440774121768,10.570313798668227,3.401946301225989,4.068169759409519,2.02437988223088,-0.889819741,3.999498128890991
VYTRMAV,0.6559695222170435,-0.608299309,0.0532549542991886,-4.230940445,0.1015532772363196,-3.299691297,0.0255665855048539,-5.289596693,0.0161581618918531,-5.951593099,0.0070601252272308,-7.146090511,-5.951593099,0.9803297580683952,-0.028660978,1.4190630697805464,0.5049387109189535,1.016235692524417,0.0232350408913247,-0.135456264,1.933730959892273
VYTRQDP,0.5162199584165217,-0.953942174,0.022719068307888,-5.459952518,0.0563914247941252,-4.148380395,0.0726805438338234,-3.782286975,0.0510328824401356,-4.292429059,0.0121196014810507,-6.366513929,-4.292429059,0.0878174665238424,-3.509348276,0.0559122371115794,-4.16069212,0.0893071631459031,-3.485080294,0.1630927622318267,1.1908113956451416
VYTRQSA,0.2544898442523128,-1.97432001,0.0485076720651426,-4.365643245,0.1069229512575385,-3.225356531,0.2111423810200611,-2.243711906,0.0572013162180693,-4.127807846,17.385990902998437,4.119853389741362,4.119853389741362,0.1488131480248488,-2.748426097,0.1937308764222072,-2.367874189,0.1950246692920746,-2.358271468,1.6470736265182495,0.7674790024757385
VYTRPNP,0.7613784189972965,-0.393314417,0.0566638643685425,-4.141427196,0.0705806503803611,-3.824583466,0.2560807764686948,-1.965329138,0.0562089803019295,-4.153055547,3.869243068791455,1.952051362827392,1.952051362827392,0.0982094499124048,-3.34799434,0.0937809556078268,-3.41456121,0.0897452228825491,-3.478021043,1.421006441116333,1.5615559816360474
VYTRPNE,0.8417685033253824,-0.248504566,0.1260746411084636,-2.987649976,0.1988589275787022,-2.330182763,0.2199157355487184,-2.184977258,4.409934275695305,2.1407571544596595,0.0116667704258169,-6.421450938,2.1407571544596595,0.1065363037955285,-3.230582961,0.0908953621360258,-3.459649506,0.0940617365498685,-3.410248223,1.1456938982009888,1.4391913414001465
VYTRPNG,0.8412088634947416,-0.249464044,0.0883558988562128,-3.500529734,0.5687488846745008,-0.814136284,0.1517075365315725,-2.720635337,0.010757056898448,-6.538572775,1.274662334077634,0.3501151188720859,0.3501151188720859,0.1201805746634009,-3.056724369,0.1355876251001435,-2.882702583,0.1309094262862776,-2.933359111,2.0783581733703613,1.598271727561951
VYTRPTV,0.6088496651950035,-0.715842047,0.2165456509515159,-2.207256897,0.6842098396096786,-0.547489243,0.1219928867731006,-3.035131066,0.0214238042841885,-5.544641504,0.2858131670080686,-1.806855714,-1.806855714,0.2095931916887621,-2.254336241,0.2075430852975469,-2.268517228,0.193383510805038,-2.370463309,0.6446854472160339,2.534598588943481
VYTRPQI,0.599680611504924,-0.737733766,1.8215899856765017,0.8651982652880063,0.5388505482254922,-0.892042902,0.0891732310185151,-3.487245498,0.0156883561807468,-5.994161995,0.0041837426095035,-7.900990187,-5.994161995,1.1703272962149114,0.2269120533927498,0.44805462411764,-1.158253467,1.1899639645220497,0.2509178853042255,0.5780724883079529,4.041138172149658
VYTRPEP,0.3849495792984937,-1.377258601,0.0443400404559629,-4.495246103,0.1418880533526176,-2.817174972,0.0650664608150427,-3.941942107,0.0323795697535339,-4.948772374,0.0166949154318042,-5.904447404,-4.948772374,0.0828441897373167,-3.593455672,0.0652014458868701,-3.938952232,0.084983931083369,-3.55666611,0.7909468412399292,1.3114248514175415
VYTRPDV,1.006434228402743,0.0092528936127982,0.2925550989142623,-1.773219732,0.3224100596013514,-1.633031336,0.1742742052102793,-2.520569047,0.0266136880858371,-5.231687739,3.0780814171023234,1.6220313923211938,1.6220313923211938,0.1157647085576869,-3.110732587,0.0726441835649492,-3.7830089,0.1194177797804852,-3.065910443,0.2838019132614136,2.3491616249084477
VYTRLND,0.7716776817450272,-0.373929714,0.060101798207437,-4.056448034,0.0692305863826812,-3.852446622,0.0698804159366816,-3.838967994,1.2305774666675262,0.299335480436664,0.0134991371265181,-6.210988998,0.299335480436664,0.1502696667026782,-2.734374277,0.0915637825629498,-3.449079127,0.1482581292848541,-2.753816882,0.0030638191383332,2.6000571250915527
VYTRLNS,1.2377464266793932,0.3077157843076596,0.0966024574142664,-3.3717963,0.2038935292227888,-2.294112104,0.1763772322233706,-2.503263753,0.0533730999635178,-4.227743383,1.414814055919816,0.500612457134988,0.500612457134988,2.2085568369219186,1.1431039604243751,1.0629133576969203,0.0880240018404144,2.176258237922289,1.121849759007744,-0.048988104,3.2973275184631348
VYTRLTA,1.1039577665218403,0.1426849808162919,0.091876888304766,-3.444154194,0.1042744511038019,-3.261542377,0.1005162979400831,-3.314498653,0.0116311530561927,-6.425862064,0.9054636085365716,-0.143271436,-0.143271436,2.2998314031061606,1.2015281034227052,0.4020375877014517,-1.314597705,2.221088734620768,1.1512670310839488,0.9848268032073976,1.9471834897994995
VYTRLQT,0.679021688038297,-0.55847044,18.31195644957448,4.194714031807009,0.1356920786554863,-2.881591592,0.1141277789032166,-3.131278106,0.0234384762843439,-5.414977405,0.0045893148905864,-7.767505486,-5.414977405,4.167397789951406,2.059146815951103,15.2443812565684,3.930205689892561,4.011682014070988,2.0042072552761026,-0.113645762,3.87001895904541
VYTRLQE,0.841249777247332,-0.249393877,9.142589964167907,3.192602917926536,0.1474736733275662,-2.761470664,0.1525051028270154,-2.713070579,1.129502394292537,0.1756873289251616,0.0098983016256924,-6.658603279,0.1756873289251616,6.096275429191442,2.607928085139654,8.29757736044999,3.052690174983573,6.003210959046605,2.5857343666525874,0.5072696208953857,2.6761913299560547
VYTRLQG,0.7134130819862505,-0.487190424,0.0481754663315239,-4.375557558,0.1127634926189784,-3.148628027,0.1795236422674113,-2.477754243,1.3872794559052817,0.4722584358506894,0.9144261563553538,-0.129061424,0.4722584358506894,0.2596182088834772,-1.945536521,0.2897428954825082,-1.787154808,0.288431782797462,-1.793697948,0.4742985963821411,2.8260140419006348
VYTRLQS,0.6538517264677022,-0.612964581,11.87707610496548,3.5701078125031183,0.0726153493111215,-3.783581655,0.0963876272198344,-3.375008223,0.013473588832825,-6.213722011,0.0146921456024698,-6.088811091,-6.088811091,4.039151245443273,2.014052168562827,14.65278489089953,3.873102982501557,3.9306846630115087,1.9747806289979584,-0.211308122,3.8873209953308105
VYTRLAV,0.6689307518113816,-0.580071225,0.1184592366105925,-3.077537401,0.1224966733689251,-3.029185524,0.0592286646213619,-4.077560631,0.0135987664589384,-6.200380399,1.6579947539537825,0.729439442022544,0.729439442022544,3.577122552247183,1.8387995459234503,3.7953962484902943,1.924250514333556,3.252920007231695,1.7017353454072963,-0.319571972,2.047243356704712
VYTRLSN,1.0627312475754194,0.0877768021258652,0.1198317597162183,-3.06091777,0.0942497598947818,-3.407367247,0.1434795541870883,-2.801082927,0.014709968498746,-6.087062033,1.0220064133323403,0.0314042495570729,0.0314042495570729,2.732273166033603,1.450101727984159,1.6807146193117408,0.749074779746021,2.651715124438069,1.4069257940643511,-0.127016097,2.51775860786438
VYTRDNP,1.2896856922513371,0.3670195110123078,0.033183070371503,-4.913408807,0.0483024322081366,-4.371760354,0.2495980419751025,-2.002321478,0.0211552676220582,-5.562839253,1.687078937670536,0.7545274782618231,0.7545274782618231,0.0748429949612171,-3.739988898,0.0614320971020697,-4.024863556,0.066272408920942,-3.915447829,1.0296128988265991,0.5757415890693665
VYTRDQS,0.8072500068847389,-0.308912547,0.0339030212531975,-4.882442346,0.073825054677902,-3.75974567,0.0972105408922146,-3.362743431,0.0611872059311917,-4.030626169,0.0208891750156079,-5.581100673,-4.030626169,0.1019285992564544,-3.294369193,0.0790354172496392,-3.661356893,0.1073551363270161,-3.219536877,0.516499936580658,1.1467759609222412
VYTRAME,0.8530851277521273,-0.229238382,0.0461116688809444,-4.438724309,0.0915973760481291,-3.448549919,0.0931084056812356,-3.424944772,0.0123329987101534,-6.341332563,2.513447375122574,1.329667483167164,1.329667483167164,0.124900359135395,-3.00115047,0.0957255923076489,-3.384951508,0.1299084555194883,-2.944432758,0.7361426949501038,1.648041844367981
VYTRAMA,0.9589268643862928,-0.060507307,0.0400368176745937,-4.642528884,0.0900581785570795,-3.472998891,0.2727984962096709,-1.874092403,1.243708143571746,0.3146479732320915,0.0250842453130891,-5.317074656,0.3146479732320915,0.2151587771858942,-2.2165264,0.2061163806053791,-2.278468931,0.2087806973493894,-2.25993976,0.5116444230079651,2.032947063446045
VYTRAMS,0.7859653078819332,-0.347462461,0.1009146180851246,-3.308792922,0.1246102437002244,-3.004505424,0.0714180777939077,-3.807566885,10.219626963407652,3.35327063090223,0.0182627929577977,-5.774948774,3.35327063090223,0.61798469510159,-0.694356986,0.6147361168434514,-0.701960846,0.6580097317282935,-0.603819174,0.7948417067527771,2.406489372253418
VYTRAQI,0.8754200991206872,-0.191952587,6.448226038400247,2.688902317495429,0.1448497925912684,-2.787370476,0.2436684659203033,-2.037008536,0.0278055844169364,-5.16848153,0.024548959840573,-5.348194292,-5.16848153,4.140026066705491,2.049639851344976,3.5360305367064826,1.8221307337125967,4.070016150281592,2.025034519278975,0.5329776406288147,3.7438249588012695
VYTRAQP,1.284048170169976,0.3606993251718992,0.1093048355523822,-3.193570869,0.0885400359259941,-3.497526231,1.2269508993586389,0.2950775157741066,22.52324571899464,4.493342837282814,0.0072256860577113,-7.112649711,4.493342837282814,0.1318329829269021,-2.923216736,0.1942286791625736,-2.364171855,0.125446772658561,-2.99485274,1.6255549192428589,2.972684860229492
VYTRAQL,0.9739459754970342,-0.038086346,1.169474538400702,0.2258604519229929,0.2739543196042301,-1.867992743,0.2998212912166069,-1.737825258,0.0409156339198337,-4.611203986,0.0189345146175238,-5.722837751,-4.611203986,1.8675367571567976,0.9011366386482256,0.4362961229053756,-1.196620441,1.8184372086917096,0.8626991098611163,0.2783357203006744,3.674142599105835
VYTRAQV,0.6975696291287682,-0.519590866,6.062142843723652,2.5998278470915195,0.0464844532678599,-4.427107902,0.2307463078497809,-2.115620531,0.0139898151547293,-6.159479289,0.4653207581254678,-1.103702547,-1.103702547,4.18657452474162,2.065770306605659,4.151433623331841,2.05360963142541,4.01411493241127,2.0050819246342564,0.8111177086830139,3.906376600265503
VYTRAPI,0.7094045960685273,-0.495319418,0.1653521986901236,-2.596385866,0.1234515249144659,-3.017983438,0.1450847740129179,-2.785031972,2.3770213299143275,1.2491548491884483,2.3770213299143275,1.2491548491884483,1.2491548491884483,0.1289890355293939,-2.954679658,0.1254097877882462,-2.995278145,0.11544218256747,-3.114757614,0.8964939713478088,3.350726366043091
VYTRAEV,1.0304293538343394,0.0432455971948592,4.135795785364822,2.048164950953841,0.4341606381270802,-1.203699161,0.2259230394824406,-2.146096692,0.0232012615040529,-5.42965294,0.8767178240274643,-0.189815516,-0.189815516,2.3792665178480794,1.250516886912889,0.5853769774709495,-0.772562088,2.2978679864943192,1.2002959169132086,0.7540960311889648,2.85967755317688
VYTRADS,1.510045258076008,0.5945917896982608,0.0528684182232003,-4.241450027,0.0495094378057113,-4.336152623,0.0735120578390144,-3.765875282,1.1742084715738277,0.231688570462674,0.016521723887388,-5.919491963,0.231688570462674,0.0723426416674349,-3.789009909,0.0713321072406805,-3.809304597,0.0771353491958092,-3.696464027,0.9904648065567015,1.2879307270050049
VYTRAAT,2.389166638216024,1.2565074815647608,0.0309034785723115,-5.016086949,0.0381574778652921,-4.711890375,0.1005753838024909,-3.313650851,0.0138346847604987,-6.175566419,1.922448164864588,0.942944699200899,0.942944699200899,0.210135266626367,-2.250609788,0.2461983440727755,-2.022107037,0.2203132286600482,-2.182371971,1.5794039964675903,1.6869560480117798
VYTRAVT,0.8806795210019348,-0.183310977,0.0297451553582368,-5.071201476,0.0647654864951508,-3.948630984,0.0583182278723001,-4.099909309,0.0136310450043362,-6.196960021,1.081713458599867,0.1133183858513825,0.1133183858513825,0.1983761208280118,-2.333689721,0.2164047350688079,-2.208196028,0.1948841411780331,-2.3593114,0.9067111611366272,2.0574543476104736
VYTRAVP,1.697598739773169,0.7634954903688062,0.0253071914939346,-5.304308779,0.0616286150181245,-4.02025582,0.1741297774199441,-2.52176516,1.3666006712226564,0.4505917405227007,0.0118863390936834,-6.394551746,0.4505917405227007,0.136030871028575,-2.877993999,0.2383038840682574,-2.069125629,0.1346150870118083,-2.893087986,1.3904330730438232,2.230274438858032
VYTRAVS,0.983950129071249,-0.0233429,0.0211881945409104,-5.56059553,0.0679359152961207,-3.879681712,0.1378658086507328,-2.858663389,0.0255871572094761,-5.28843632,4.220162040254626,2.077298394710572,2.077298394710572,0.2352548304590886,-2.087703749,0.2332720974306306,-2.099914344,0.2509982733853347,-1.994250655,1.352215051651001,1.7283488512039185
VYTRGNN,1.3507008665199156,0.4337082030334159,0.3055994800184998,-1.710286006,0.3887675348505377,-1.363020347,0.2947457777667127,-1.762456948,0.0307276379448822,-5.02431932,5.978709180653779,2.579834036314964,2.579834036314964,0.1385620079821273,-2.851396353,0.1665722403507534,-2.585780103,0.1425160344031328,-2.81080385,1.512524127960205,2.164698600769043
VYTRGTM,0.7348899403496403,-0.444399892,0.0574826212862536,-4.120730338,0.0374478551637889,-4.738973099,0.1299481659838439,-2.943991822,0.0157309843421484,-5.990247242,5.41098808985444,2.435892065802559,2.435892065802559,0.1959310538851922,-2.351582021,0.174519383916076,-2.518540809,0.2171593667721016,-2.203173913,0.768110454082489,1.3956875801086426
VYTRGTA,0.2235756574297304,-2.161164977,0.0551485150800063,-4.180534149,0.1045213220515478,-3.258130817,0.1430421334308168,-2.805487936,0.024535430881699,-5.348989582,16.11675295208212,4.0104892077488445,4.0104892077488445,0.1790959181214171,-2.481195638,0.2079127670386894,-2.265949744,0.1704109381858358,-2.552910154,1.9705065488815308,1.039653778076172
VYTRGTV,0.6094883203553736,-0.71432952,0.2432631822016846,-2.039410109,0.1060992296264184,-3.236513914,0.2363711309197983,-2.080874252,0.0199634511722794,-5.646495042,0.8135163718436602,-0.297756715,-0.297756715,0.2589461164343041,-1.949276173,0.1355866395289924,-2.88271307,0.2749007183381542,-1.863017418,1.142371654510498,1.7829872369766235
VYTRGIV,0.8710501436403936,-0.199172322,0.0616100412420031,-4.020690688,0.0741504102634927,-3.753401515,0.2083970727614192,-2.262593082,0.0115741173034293,-6.432954019,8.741463109023169,3.127874772113985,3.127874772113985,0.2222346833328607,-2.169844105,0.179643523249281,-2.476791173,0.2334317627778015,-2.098927215,0.0517781637609005,2.787299633026123
VYTRGMS,0.7016285809926286,-0.511220577,0.0305124433651158,-5.034458478,0.0594730903796401,-4.071619146,0.0450272938051713,-4.473056417,1.5061600168163611,0.590875052349658,2.136429021094602,1.0952013869390589,1.0952013869390589,0.2323431159639611,-2.105671195,0.1965238500720874,-2.347223687,0.2135097165605663,-2.227626368,0.318512886762619,2.206007957458496
VYTRGQI,0.8353263306997541,-0.25958818,9.271307485000897,3.212772809089513,0.0905830059036393,-3.464615775,0.0503154324876133,-4.312855226,0.0057350102318033,-7.445988225,0.0057350102318033,-7.445988225,-7.445988225,2.4482844892387945,1.2917712080988395,1.0994866575436004,0.1368300969509747,2.6102569466784424,1.3841918288078108,0.3566634356975555,3.338804006576538
VYTRGQV,0.7214131024613328,-0.471102469,8.545252881884672,3.09512318658165,0.1959260732793686,-2.351618695,0.124644179175993,-3.004112584,0.0125474807684501,-6.316458455,0.0215730977013656,-5.53462284,-5.53462284,2.389345759502792,1.256615639656966,0.8177332796938592,-0.290297739,2.4980081273989057,1.3207781708365918,0.461755096912384,3.498187303543091
VYTRGEE,0.5041858363279463,-0.987972505,0.1360050856312162,-2.878267496,0.0969612872046206,-3.366447338,0.2067350941867103,-2.274144782,0.0207589989685052,-5.590119313,0.978658419309228,-0.03112269,-0.03112269,0.1919992881519677,-2.380827133,0.1256295970238905,-2.992751707,0.1962077222651721,-2.349546271,0.7239325046539307,1.3437714576721191
VYTRGAN,1.2099451459701402,0.2749416430116757,0.0264490320787874,-5.240641263,0.1041160540261969,-3.263735555,0.1385084680704052,-2.851953913,0.0181316298522923,-5.785347575,2.022322733391265,1.0160132488280484,1.0160132488280484,0.2196641518670411,-2.186628647,0.8315875970967885,-0.266059854,0.2284294504171918,-2.130179432,1.6530461311340332,1.3746086359024048
VYTRGAP,0.8145494325254033,-0.295925841,0.0208951333060936,-5.580689227,0.0387362613901207,-4.69017147,0.1612299396234098,-2.632808425,0.0278054556284976,-5.168488212,7.797706609324831,2.963049873992424,2.963049873992424,0.185321862286652,-2.43189501,4.990485347596628,2.3191801310976885,0.2286143653600805,-2.129012034,2.121849536895752,1.253621220588684
VYTRGVE,1.1360885969106465,0.1840753465851972,0.0293810018131583,-5.088972601,0.0325373829822679,-4.941757972,0.2079858670797559,-2.265442596,0.0280797883237121,-5.15432413,0.9524799359226006,-0.070239392,-0.070239392,0.078924437069065,-3.663384124,0.0619260805952777,-4.013309051,0.0753606589877837,-3.730044609,0.8853750824928284,2.0880231857299805
VYTRGVA,1.897249315499316,0.923909274216154,0.0370069144859794,-4.756061336,0.0715534720124512,-3.804834417,0.3104229494221448,-1.687692876,1.456529918729413,0.5425353363284068,3.0540783030927936,1.6107370516683166,1.6107370516683166,0.1526974592789665,-2.711252037,0.1142713235335031,-3.129464691,0.1473258792727002,-2.762917218,1.261084794998169,0.7744482755661011
VYTRVMT,0.7078289965585529,-0.498527231,0.0526768343870755,-4.24668754,0.064294675051708,-3.959156933,0.0186839263713355,-5.742058525,12.594361802167024,3.654706112697791,0.0019221490605065,-9.023064065,3.654706112697791,1.7807270750799926,0.8324664172811178,1.795072473183449,0.8440420917317116,1.8913457255233903,0.919413102530826,-0.9114784,3.807308435440064
VYTRVQI,0.4364330690078211,-1.196167675,13.437445034051594,3.7481869482489305,0.1579249496384992,-2.662688983,0.0881039977230358,-3.504648707,0.0341611689710545,-4.871498846,1.6831363932859666,0.751152090479064,0.751152090479064,2.628655540282801,1.394325103201825,3.804350635633668,1.9276502212188025,3.2572530641626942,1.7036558106854982,-0.721514583,4.570492267608643
VYTRVQM,0.5483471608972842,-0.866838536,2.90111596612598,1.5366079654466331,0.291358236531139,-1.779133999,0.3234660507753611,-1.628313792,0.0235852963734678,-5.40596846,0.0126756961501561,-6.301791207,-5.40596846,1.9898393773788927,0.9926519791048852,0.9613115535574456,-0.056924022,2.073879512902174,1.0523320796921924,-0.761170805,4.446463108062744
VYTRVQQ,0.8493490277967176,-0.235570564,2.2170236720313707,1.148624174508306,0.1079934954540587,-3.210983675,0.1953472135740522,-2.355887418,1.6684981613263166,0.7385500966809357,1.4773956337812555,0.563056219103769,0.7385500966809357,1.9217037970348407,0.9423859825837424,0.7177807339353051,-0.478384895,2.069431280456295,1.049234341831799,0.3590495586395263,3.642681121826172
VYTRVQG,1.856577041140414,0.8926451829896337,0.036752096853926,-4.766029626,0.0655472618010291,-3.931320676,0.1959285888490227,-2.351600172,0.0185406928114746,-5.753161036,1.0363946258036545,0.0515734395938646,0.0515734395938646,0.1794528567239822,-2.478323205,0.1879630311851353,-2.411479156,0.2015898326439335,-2.310505218,1.2525817155838013,2.8774306774139404
VYTRVQV,0.7708516718450116,-0.375474813,13.219786438951216,3.72462696568496,0.0423546146437243,-4.561337026,0.2932590611896434,-1.769752409,0.0311134493773844,-5.006317842,1.904887533773582,0.9297058222556844,0.9297058222556844,3.5273755446168376,1.818595181523719,5.080306691465529,2.344915593237736,3.749977229074798,1.90688183518169,-0.436020464,4.040435791015625
VYTRVQS,0.788265879590118,-0.343245767,0.0759469006818506,-3.718865099,0.0449362728036588,-4.475975723,0.1659072535947855,-2.591551131,0.0345622653958017,-4.854658407,0.8027414566475528,-0.316992689,-0.316992689,1.5909475140394975,0.6698862413987186,0.8611197279467058,-0.215714255,1.6972285946931231,0.7631808902899825,0.495596706867218,4.047779560089111
VYTRVLS,0.5166269821333851,-0.952805101,0.0964456414996432,-3.374140147,0.0822311076499535,-3.604171928,0.0477177593578237,-4.389329889,5.358329787682775,2.42178337707666,0.0093376694597033,-6.742721765,2.42178337707666,0.2338314292972026,-2.096459239,0.2750434227966117,-1.862268691,0.2583407360894095,-1.952652944,-0.771264136,3.630265951156616
VYTRVEN,0.8082359050205676,-0.307151652,0.3045814357897307,-1.715100083,0.1898831852695306,-2.396815939,0.2363688919824374,-2.080887917,0.0275080891647276,-5.184000263,11.63455918395987,3.540344645109547,3.540344645109547,0.1559807795520322,-2.680559828,0.14819547529958,-2.754426695,0.1757111164994502,-2.508722627,0.353427916765213,2.5500648021698
VYTRVEV,0.5829479394042872,-0.778561047,6.014057473393995,2.588338655105847,0.7505198708733293,-0.414037826,0.1289382725218379,-2.955247535,8.100510351015044,3.018012804007673,0.0346173071104712,-4.852362688,3.018012804007673,2.5623347989255048,1.3574589929287872,0.7020224424982832,-0.510410943,2.521032285436162,1.334014594095062,-0.621867716,3.133967638015747
VYTRVAN,0.9657395800833392,-0.050293888,0.0348665379650704,-4.842013069,0.1170808859356829,-3.094422527,0.3159825806181789,-1.662083067,0.0238232055400215,-5.391488641,0.7273844247831831,-0.459210061,-0.459210061,0.1720776321425557,-2.538868517,1.469364829392968,0.5551926479079966,0.188813846984257,-2.404963524,0.871374249458313,1.594703197479248
VYTRVAV,0.5452357103371693,-0.87504804,0.0453841475926795,-4.461667729,0.0985204326121413,-3.343433227,0.180661305597323,-2.468640555,1.1535612311702133,0.2060945844813028,0.0120313040636207,-6.377063166,0.2060945844813028,0.4331003963822977,-1.207226602,1.031979203540088,0.0454138978426681,0.469685370836701,-1.090233436,0.1674073785543441,2.0359530448913574
VYTRVVT,0.5959510439761398,-0.746734273,0.0422256699784591,-4.565735876,0.0770346392205563,-3.698348879,0.0258814585707425,-5.271937266,7.973671453236819,2.995244161824961,0.0040867312317005,-7.934836919,2.995244161824961,0.3102977880810247,-1.688274682,0.3533806495836781,-1.500705052,0.293337169883212,-1.769368203,-0.084958494,3.178302049636841
VYTRVSA,1.891634067554281,0.9196330294887298,0.0337245726628864,-4.890056027,0.0550545695452025,-4.182993877,0.1795344638569118,-2.477667281,3.784990978709859,1.9202898616413744,0.0154609595439955,-6.015226331,1.9202898616413744,0.1891357063410087,-2.402506344,0.1648233514429603,-2.601007443,0.190468101973359,-2.392378688,1.603526592254639,1.2537407875061035
VYTRSNF,0.688916112562408,-0.537599774,0.0302920325101391,-5.044917808,0.1035251080404506,-3.271947387,0.1017662588671543,-3.296668787,0.0080466977666737,-6.957387438,4.56042573490859,2.189168512322281,2.189168512322281,0.335759503779745,-1.574499859,0.4207606721862131,-1.24892823,0.3958497285830161,-1.336975233,-0.534353375,2.3421850204467773
VYTRSTH,0.4761784533396865,-1.070425753,0.1577113556621254,-2.664641553,0.085992524089092,-3.539644948,0.0430313820009257,-4.538467015,0.8113815206131167,-0.30154765,0.8113815206131167,-0.30154765,-0.30154765,0.6286105656931595,-0.669761574,0.6327304046127682,-0.660337172,0.6573019903591152,-0.605371741,0.5773757100105286,2.0985281467437744
VYTRSTP,1.3229903913191698,0.4038025835768896,0.0789802868578559,-3.662363582,0.1535555164685341,-2.703167753,0.1748971360915421,-2.515421429,0.0178097698471219,-5.811187317,6.729570586142456,2.7505144494109395,2.7505144494109395,1.63399546399073,0.7084039785342927,0.282767950909724,-1.822309481,1.6454403815838143,0.7184737549632902,2.01273250579834,2.743335962295532
VYTRSTD,1.9256491769360349,0.9453448907222092,0.0240334065111109,-5.378815038,0.039672422750858,-4.655719686,0.0627830634146304,-3.993480765,0.0029533000396861,-8.403456351,2.0009674581942885,1.0006977048331207,1.0006977048331207,0.0982489795925532,-3.347413766,0.0678714413676675,-3.881051538,0.0990724763253479,-3.335371877,1.4481754302978516,1.745217204093933
VYTRSIL,0.6913384476572924,-0.532535934,0.0497035247972995,-4.330508024,0.069088047815631,-3.855420043,0.0839911916738379,-3.573618152,0.0039492299849536,-7.984212899,9.6581458618594,3.2717462519338616,3.2717462519338616,0.498967413350561,-1.002982496,0.3194537061632036,-1.646321218,0.4855076215839162,-1.042434151,-0.6765697,3.834368944168091
VYTRSID,0.9694424079033932,-0.044772901,0.0804267868648725,-3.636180106,0.1586664936993154,-2.655930595,0.0834352983616793,-3.583198327,0.0028435077126893,-8.458112567,7.155910210424702,2.8391352851277047,2.8391352851277047,0.105163229058653,-3.249297749,0.0641949477911573,-3.96139643,0.0915385474933974,-3.44947679,0.7012306451797485,3.089581251144409
VYTRSIG,0.9018200509089982,-0.149088508,0.0420086367825228,-4.57317022,0.3035324507631476,-1.720077331,0.1720483124615539,-2.539114353,0.0208459027206979,-5.584092341,1.1709827111422657,0.2277197754689778,0.2277197754689778,0.1484089089459747,-2.752350396,0.1592504612550199,-2.650630544,0.145704871833628,-2.778878978,1.0092345476150513,1.894706130027771
VYTRSMM,0.5605892617137905,-0.834983986,0.0395691179266692,-4.659481285,0.1650061914505272,-2.599407936,0.0404832482911772,-4.626531136,5.782931552648604,2.531801026340869,2.5603222379599955,1.3563253968855986,2.531801026340869,2.809508163927308,1.4903175925214875,2.946399155964908,1.5589528890712303,2.64953915719006,1.4057414489387008,-0.510165274,3.6140294075012207
VYTRSMA,0.9984896331465956,-0.002180646,0.0620048675336271,-4.011474715,0.094126718964433,-3.409251883,0.1562891797942514,-2.677710194,0.0114734587995274,-6.445555817,0.8008271144349395,-0.320437273,-0.320437273,0.6021565221569166,-0.731789551,0.3061856651057644,-1.707521354,0.6073223676451706,-0.71946559,1.278638243675232,2.081816434860229
VYTRSHP,0.6969128933861689,-0.520949749,0.0786011185325844,-3.669306347,0.664017970185676,-0.590705809,0.1870858397031553,-2.418227728,0.0202028595053466,-5.629296684,1.1214068067339151,0.1653097318380892,0.1653097318380892,0.3754480408306166,-1.413314831,0.218586768321571,-2.193722022,0.3703421591042257,-1.433069302,0.926787257194519,2.329967975616455
VYTRSHD,0.6016075115660788,-0.733105515,0.0571587222613359,-4.128882523,0.1731351804590305,-2.53002919,0.0477924690654035,-4.387072887,4.081697432768453,2.029169242531599,0.0252985839658901,-5.304799554,2.029169242531599,0.1312294846273317,-2.929836194,0.13111086230336,-2.93114088,0.1253491999374046,-2.995975307,1.0532749891281128,1.5061073303222656
VYTRSRE,0.7498489481510793,-0.415328091,0.0875462081626495,-3.513811496,0.2811240386695608,-1.830721272,0.2980841590521169,-1.746208386,0.0153101167802737,-6.029370903,2.2561039804211296,1.1738335609020194,1.1738335609020194,0.1702862978790872,-2.553965742,0.2210311738947339,-2.177678235,0.1966441894212292,-2.346340538,1.750298261642456,0.5222144722938538
VYTRSLI,0.725374145286236,-0.463202771,0.0570166522464878,-4.132472856,0.1481179402613024,-2.755181702,0.0153045042060029,-6.029899881,0.060102107681505,-4.056440605,0.7526869438071786,-0.409878148,-0.409878148,1.919811932328669,0.9409649892870487,0.93847253263534,-0.091613574,1.976265245089164,0.982776591706835,-0.616980791,4.063577175140381
VYTRSLL,0.3643728826364511,-1.4565125,0.050781484213003,-4.299553628,0.1665085956379414,-2.58633144,0.0180707534185778,-5.790199532,0.0054118880349402,-7.529652293,7.16775880950124,2.8415220924470246,2.8415220924470246,0.6647871277630822,-0.589035647,0.456402400679085,-1.131621715,0.7072351712559117,-0.499738072,-0.894601047,4.273355960845947
VYTRSLA,0.9501004682486168,-0.073848016,0.0516929964244028,-4.273887358,0.2095547781647073,-2.254600677,0.0152006563663785,-6.039722569,5.912526949469012,2.563774854312784,0.0028051639014382,-8.477699217,2.563774854312784,0.2092300072120581,-2.256838321,0.2417629599862869,-2.048334866,0.193580789596961,-2.368992304,0.6709784269332886,2.4991188049316406
VYTRSDP,0.8779597475810672,-0.187773298,0.0654317999253412,-3.933864232,0.1322360790115785,-2.918812242,0.1141519584439046,-3.130972484,2.830460294986308,1.501036686023718,0.0103557817513723,-6.593419724,1.501036686023718,0.0893621945575803,-3.484191574,0.0604590683217223,-4.047897443,0.0835723472596441,-3.580830533,1.2562038898468018,2.3490867614746094
VYTRSDL,0.9098961661268652,-0.136226175,0.0429729474499408,-4.540427457,0.1075207740117678,-3.217312666,0.0736955602216369,-3.762278483,14.049256444167016,3.812421872828276,0.0296952422588266,-5.073624387,3.812421872828276,0.1823900606305722,-2.454900983,0.0999883487339083,-3.322096197,0.1556727953236805,-2.683411247,0.7563880681991577,2.9411628246307373
VYTRSEM,0.7015083209445495,-0.511467878,11.605781812213944,3.5367718065928173,0.2426466503062758,-2.043071151,0.039786249106911,-4.651586296,0.0090116502310218,-6.793992965,0.0090116502310218,-6.793992965,-6.793992965,4.8207772725457,2.2692657765052484,4.048033708288775,2.017221303515073,4.594750456249855,2.1999865099785154,1.312273383140564,3.1434454917907715
VYTRSES,1.4497165645925902,0.5357708651868686,10.88032044880548,3.4436491425688547,0.0627227336979304,-3.994867751,0.220227077560573,-2.182936232,0.0181715037689921,-5.782178376,0.0188731728192581,-5.727519211,-5.727519211,5.292209665732359,2.403870219160121,9.684864750976644,3.275731901749776,4.971905655126321,2.3137989206517062,1.0487897396087646,3.2889437675476074
VYTRSAI,1.0879983957539063,0.1216764293459821,0.0423953878701754,-4.559948865,0.0713365947756145,-3.809213839,0.0666461680661431,-3.907334262,0.0059581856399648,-7.39091121,1.2622645485218635,0.3360143056000596,0.3360143056000596,3.889022163347272,1.95940745664409,5.534897688494063,2.468556649316412,3.580749582022261,1.8402616280113564,1.4697844982147217,2.681381940841675
VYTRSAG,4.574674154626305,2.1936689866215247,0.0262720289202655,-5.250328569,0.057889240525985,-4.11056096,0.2826579756720584,-1.822870689,0.0214936164799513,-5.539947941,0.8279884002536474,-0.272317539,-0.272317539,0.1582163238332546,-2.660029639,0.1500678804125115,-2.73631287,0.1488600799469309,-2.747971179,2.1222035884857178,1.7394051551818848
VYTRSGE,1.0213552138334754,0.0304847037390857,0.0452489429609773,-4.465972099,0.3016319712781732,-1.729138741,0.1708599971679006,-2.549113431,0.0097119528982394,-6.68602286,1.3255531445496838,0.4065945124090876,0.4065945124090876,0.1066810910952518,-3.228623609,0.0885876868992827,-3.496750002,0.107999052981457,-3.210909433,1.7178858518600464,0.2027503103017807
VYTRSSM,0.52747660644303,-0.922820983,0.076625549025075,-3.706030684,0.0819959891265888,-3.608302848,0.1199006477423685,-3.060088642,0.0145274413438716,-6.10507556,24.919725918241564,4.639216295730489,4.639216295730489,1.0067769923110763,0.0097441523445584,0.6652671977667195,-0.587994194,0.9556989166195968,-0.065371912,1.53600811958313,2.348015546798706
VYTRSSQ,0.1839206463852587,-2.442844653,0.6340335594732568,-0.65736889,0.7552230127613447,-0.405025368,0.1012690969109557,-3.303734104,0.0288672796430578,-5.114421031,2.5665444998600417,1.3598272748367497,1.3598272748367497,0.5131267930676521,-0.962612737,0.3497316031578673,-1.515679925,0.6295031548347577,-0.667714487,1.2898653745651243,3.0400452613830566
VYIKSTN,1.0946625480683798,0.1304861983563443,0.0337285143683701,-4.889887416,0.0558748231777589,-4.161657829,0.2144011243984678,-2.221615623,0.0101117511833996,-6.627823321,5.481000553001875,2.454439280246314,2.454439280246314,0.3204462261767908,-1.641845815,0.3049426035502807,-1.713390371,0.3287580575903663,-1.604901841,1.3980664014816284,0.384282112121582
VYIKSLG,0.7832699437314998,-0.352418496,0.0315637084928853,-4.985589469,0.1434172182274264,-2.801709855,0.0644628748059641,-3.955387661,0.0038198179946297,-8.032280386,0.0123835378313503,-6.335432655,-6.335432655,0.1266396704950759,-2.981198688,0.1204477622156188,-3.053520505,0.1213290992538181,-3.043002491,0.0468667559325695,0.6736127734184265
VYIKSDP,0.9838792195081868,-0.023446873,0.1047450924633293,-3.255045443,0.2831096515064435,-1.820567162,0.0921532019015626,-3.439821896,9.49914134572204,3.2477971100483,0.0052166964055935,-7.582647809,3.2477971100483,0.1176984408841972,-3.086832885,0.0729542490747409,-3.776864182,0.1005499227635853,-3.314016121,1.0344698429107666,0.0506859198212623
VYIRTNS,0.7460447662440891,-0.422665893,0.0553659668830788,-4.174856757,0.1097575942485657,-3.18760733,0.02041559640619,-5.614184476,3.967424361527976,1.9882027185138424,0.0020791687910907,-8.909777401,1.9882027185138424,0.280844708642666,-1.832155473,0.3496169102110992,-1.516153128,0.303723756799088,-1.719168337,0.7114443182945251,0.4970271289348602
VYMKSQP,1.2169827220287464,0.2833086857012786,0.0237474884706307,-5.396081247,0.0869557533747241,-3.523574704,0.1674928564656347,-2.577828529,5.589739525562677,2.4827810569621303,0.5728320534288289,-0.803815872,2.4827810569621303,0.0903275845646805,-3.468689559,0.0815876172697426,-3.615505982,0.0897621422635208,-3.477749082,1.627023696899414,0.2928212881088257
VYMKSVT,1.036450891189919,0.051651760716295,0.094634191267895,-3.401494667,0.1732249993012928,-2.529280944,0.0579716923179445,-4.108507588,2.4852084167044053,1.3133668454042675,0.0043677548291344,-7.838892408,1.3133668454042675,0.157658627384262,-2.665123976,0.2182819004938873,-2.195735585,0.1416558677788345,-2.819537732,1.0758081674575806,1.1427110433578491
VYMRGET,0.6622206234791024,-0.594616154,0.0260162422722775,-5.264443592,0.0554818633848461,-4.171839948,0.1335887978505253,-2.90412906,0.0144499154740029,-6.112795136,0.0144499154740029,-6.112795136,-6.112795136,0.065334261633453,-3.936016443,0.0670717050842519,-3.898151911,0.0647790243544775,-3.94832945,0.1726826280355453,1.2547544240951538
VYMRSNQ,0.9074673873175768,-0.140082299,0.0407768514341745,-4.616105807,0.0843725067384148,-3.567083225,0.1651430901705065,-2.598211488,1.2191711462645742,0.285900664543615,0.0209054899903225,-5.579974332,0.285900664543615,0.1405919089402684,-2.830414525,0.1795963733229025,-2.477169878,0.1440804040487829,-2.795053963,0.2608022093772888,1.3816287517547607
VYMRSPS,0.596347985996302,-0.745773665,0.0616747096604072,-4.019177171,0.1024458756313934,-3.287066191,0.0556048779955529,-4.168644739,3.448568093009935,1.7859974535041978,0.0103042159048325,-6.600621462,1.7859974535041978,0.1233670411917405,-3.01897108,0.1450684964000232,-2.785193842,0.1318836129540643,-2.92266278,0.6282595992088318,0.6173608303070068
VYMRSED,0.6093244199267086,-0.714717534,0.027557654516337,-5.181403087,0.020415547488798,-5.614187933,0.0447050915818912,-4.483417037,21.151706164346365,4.40270213532779,0.0090595215046445,-6.786349431,4.40270213532779,0.1150370658695006,-3.119829311,0.0951059941199835,-3.394319919,0.1049064404445389,-3.252824844,0.4027004539966583,0.7646608352661133
VYMRSSQ,0.6758902329638594,-0.565139128,0.1040505486496572,-3.264643523,0.1712574098286266,-2.545761684,0.0380211697368057,-4.717053272,0.0262512072888507,-5.251472416,,,-5.251472416,0.1504470318403146,-2.732672451,0.1344556506331999,-2.894797708,0.1641266053853513,-2.607118972,0.374891072511673,1.0849250555038452
VYQRSQT,2.033739702005277,1.0241350407208971,0.0386648556502599,-4.692833363,0.0522425853467644,-4.258629896,0.1064148616355473,-3.232228447,0.0216194236763833,-5.531528125,2.576005085839302,1.3651354417863408,1.3651354417863408,0.2227487590855673,-2.1665107,0.1684512528629772,-2.569596936,0.2157335228671318,-2.21267772,0.9162602424621582,0.2611547410488128
VYQRSQA,1.4393515995824808,0.5254190514348929,0.0491455270534584,-4.346796073,0.0511231395984181,-4.289879751,0.3542960999812377,-1.49697251,0.0299550824728415,-5.061055384,0.5032548534662968,-0.990638914,-0.990638914,0.1310280417167119,-2.932052494,0.1310332891363123,-2.931994718,0.1268036685322043,-2.97933161,1.975810170173645,0.2088980972766876
VYPRTQG,0.7716540194453639,-0.373973952,0.0339150992671509,-4.881928474,0.1016645902148569,-3.298110819,0.0709393341496682,-3.817270401,0.8104838911440562,-0.303144583,0.8104838911440562,-0.303144583,-0.303144583,0.1707611702252677,-2.54994814,0.156142235054532,-2.679067269,0.1484696785752282,-2.75175977,1.6148598194122314,0.2200742363929748
VYPRSIV,0.9700540624607232,-0.043862942,0.0251715808067002,-5.312060367,0.0297374642401358,-5.071574558,0.0499093578190369,-4.324545849,0.0108954166927601,-6.520134817,0.0182893433134897,-5.772852914,-5.772852914,0.1498603676005917,-2.738309199,0.1518893649596696,-2.718907237,0.1476034723811112,-2.760201434,-0.336855769,1.6715378761291504
VYPRSLT,1.2932929153726973,0.3710490653233138,0.0208308453723994,-5.585134801,0.0546824165230935,-4.19277919,0.0764954832032977,-3.708481626,0.011633632707475,-6.425554528,0.0062510503921152,-7.321685652,-6.425554528,0.1590475654084015,-2.652469807,0.1467062778997151,-2.768997486,0.1526552649155932,-2.711650747,0.2274010926485061,0.6062054634094238
VYPRSEM,0.6912815743136881,-0.532654623,0.0231508065553654,-5.432793733,0.0581128282132153,-4.104999521,0.2400709010502612,-2.05846755,0.0328372347404685,-4.928523548,0.0117754508241106,-6.408073895,-4.928523548,0.0564954663131116,-4.145721092,0.0451229628035612,-4.469994391,0.0595862410304499,-4.068876951,0.6009443402290344,0.4448819756507873
VYPRSEA,1.971982858270356,0.9796470109471452,0.0622518850558176,-4.005738666,0.4772234872526087,-1.067263046,0.1467171777468817,-2.768890302,0.0160458104201041,-5.961659533,1.5759122941487402,0.6561872452526437,0.6561872452526437,0.0708896958138542,-3.81828025,0.0564230004956424,-4.147572801,0.0672345154080243,-3.894654147,1.3779317140579224,0.4337258636951446
VYRRGEP,0.3490335226298223,-1.518562489,0.0733332286158566,-3.769389132,0.1499808622586944,-2.737149672,0.2766069054294965,-1.854090921,0.0103429199071263,-6.59521266,0.0103429199071263,-6.59521266,-6.59521266,0.2727091870817268,-1.874564792,0.5584184700120608,-0.840581435,0.2712519574229186,-1.882294546,0.8779863119125366,0.1975501775741577
VYYKKGP,0.1196786969117356,-3.062761723,0.1695168995448923,-2.560498989,0.8738771151755037,-0.194497673,0.7492734090075059,-0.416435842,0.1361379578609612,-2.876858721,,,-2.876858721,0.7487746793607671,-0.417396445,1.5718097024307498,0.6524265623942191,0.7175185694364185,-0.478911926,-0.854066849,1.11202073097229
VYYKSQV,0.7421447664042305,-0.430227461,1.9158763208041056,0.9380044310522964,4.666882573474336,2.2224591671525915,0.226470785053279,-2.142603142,0.0259807264578866,-5.266414419,2.7849818067655248,1.4776679030141808,1.4776679030141808,2.7288773394194186,1.4483075482256869,8.169450256479363,3.030238998941867,2.634097687185579,1.397308849848364,-0.087643251,2.7685415744781494
VYYKSEQ,0.9898080301464964,-0.014779348,0.1660232434274134,-2.59054286,1.0730247691768071,0.1016833789426234,0.1372295417180406,-2.865337008,0.0096882485297149,-6.68954841,0.8570472330062007,-0.22255338,-0.22255338,0.2131443622924867,-2.230097199,0.386954860830646,-1.369762812,0.1838840720086433,-2.443131576,0.248890146613121,2.574396133422852
VYFKAQP,0.6424395536915143,-0.638367376,0.0356444738851182,-4.810177763,0.2194083037317032,-2.188309968,0.0986349814650473,-3.341756792,0.0176359886011748,-5.82533374,0.0196304809454062,-5.670760671,-5.670760671,0.2135264926324539,-2.227513016,0.2304904407137028,-2.117221177,0.1748302118192382,-2.515973581,0.3741664588451385,0.399788349866867
VWTKSIP,0.7604857819128326,-0.395006819,0.0299627937623917,-5.060684041,0.1367103690228521,-2.870805424,0.0131121311110288,-6.252954004,3.543210726373132,1.825057269817776,,,1.825057269817776,0.4560163660613665,-1.132842492,0.8935683577657142,-0.162349996,0.3970581903870765,-1.33257764,-0.010493814,1.665439248085022
VWTKSIA,0.3890218337355249,-1.362076967,0.0419972358426469,-4.573561813,0.0975871270489039,-3.357165339,0.052642996164949,-4.247614588,0.0094125964896716,-6.731191536,0.008689995066218,-6.846428927,-6.731191536,0.2499388529994914,-2.000352909,0.4012780179707092,-1.317325968,0.2154118254697637,-2.214830643,-0.19312568,0.1216728016734123
VWTKSQN,0.516278037423346,-0.953779868,3.028074378737452,1.5984006427469533,7.853067005168615,2.973256206742332,0.2151391019602592,-2.216658334,1.7221470087169135,0.7842083016745182,,,0.7842083016745182,2.956735565694154,1.564005222450212,6.925434189632433,2.7919045236662234,2.9193410325309945,1.5456427539037207,0.8734898567199707,1.5099786520004272
VWTKSQG,0.4074410887752143,-1.295336617,0.1735646098286519,-2.526455286,0.9553083624142908,-0.065961601,0.0407693290442118,-4.616371976,0.0481943147333748,-4.374993222,0.0041942323022658,-7.897377516,-4.374993222,0.2507573285068772,-1.99563623,0.4764767578533947,-1.069522253,0.2755184990217926,-1.859778907,1.2423046827316284,1.1650042533874512
VWTKSLT,0.8195128611253706,-0.287161504,0.0428300453847362,-4.545232984,0.4092383946811876,-1.28898659,0.0223594870382675,-5.482969099,0.0070315663207957,-7.151938191,7.31558405308869,2.870973049170064,2.870973049170064,1.3220981199008903,0.4028292508557758,3.6662356099002382,1.8742995033661227,1.190200217506731,0.2512042865643468,-0.417557329,1.746105074882507
VWTKSLQ,0.5489912383711703,-0.86514497,0.05287336529259,-4.241315035,0.3677247660804681,-1.44330175,0.0724149481863521,-3.787568655,0.0041965196186393,-7.896590959,10.281199865961762,3.3619367387633567,3.3619367387633567,0.8916385488127744,-0.165469104,2.6235952399547537,1.391545162657088,0.7392967181667508,-0.435774586,-0.657568872,2.519386053085327
VWTKSLS,0.4424365529301507,-1.176457513,0.0498111264944336,-4.327388151,0.141571343961168,-2.820398822,0.1010478097733414,-3.306890043,0.0042050944281805,-7.893646087,0.0042050944281805,-7.893646087,-7.893646087,1.109596497194856,0.1500351384414325,3.0377457160349643,1.6030011096131225,0.9432346125464924,-0.084311435,-0.283880502,1.9366235733032229
VWTRSQN,0.461106030891745,-1.11682956,0.0600962866002193,-4.056580341,0.3772206587888569,-1.406519406,0.0722774244725447,-3.790311092,0.0266018218301546,-5.232331137,0.0059957245659863,-7.381850175,-5.232331137,1.0941556219226076,0.1298179474621357,1.2854619019077265,0.3622868526894346,1.099906909766952,0.1373814269311492,-0.799741268,2.0425586700439453
VWTRSQP,0.7021264170954724,-0.510197285,0.0339006549576926,-4.882543043,0.161518641206206,-2.630227416,0.1993642878001328,-2.326521093,0.0348631286281191,-4.842154147,0.0022397270317052,-8.802461371,-4.842154147,0.3534657532378895,-1.500357654,0.3418622948819119,-1.548512783,0.3705409199920363,-1.432295222,-0.202533782,1.478585958480835
VWLKSSP,0.2736702796597469,-1.869489327,0.0777915079574237,-3.684243517,0.2520467231368183,-1.988236897,0.021793913838907,-5.519930885,0.0245382701034716,-5.348822644,,,-5.348822644,0.2833767571553089,-1.819206663,0.822796969925531,-0.281391614,0.262762250482125,-1.928170068,0.3379944860935211,1.346113681793213
VWAKSIN,0.6502889444597391,-0.620847198,0.0477695114706369,-4.387766067,0.043490545356693,-4.52315439,0.0395062797937776,-4.661774192,0.0237501861805037,-5.395917367,0.0128461873263223,-6.28251595,-5.395917367,0.3095860882864339,-1.691587452,0.5441518551473814,-0.877918778,0.2676299083880704,-1.901688745,-0.432976395,2.465230703353882
VWAKSVN,0.5975049852760232,-0.742977345,0.0309796386164646,-5.012535875,0.0461419809936958,-4.437776246,0.026437717656364,-5.241258554,0.0087105063857816,-6.843027692,0.0145433947734182,-6.103492122,-6.103492122,0.3341353563200789,-1.581495446,0.6603831343836853,-0.598624819,0.3164749851594939,-1.659836624,-0.156250313,1.9941049814224243
VWGKSQS,0.5604024771211275,-0.835464762,0.2869138422557418,-1.801310522,1.237423682184037,0.3073395500570147,0.0430059311530138,-4.539320547,0.0387206910952862,-4.690751487,,,-4.690751487,0.1707066135359284,-2.550409142,0.2786196598431875,-1.843631035,0.1654857489401423,-2.595221112,0.7162116169929504,1.680371880531311
VWVKTSP,0.8898469680352626,-0.168370846,0.1257035386499735,-2.991902832,1.3664367425502544,0.4504186736763958,0.0530842594428048,-4.235572054,0.0307646142840466,-5.022584285,0.0069216310656465,-7.174672239,-5.022584285,0.4949912624003295,-1.014525036,1.1459757640493975,0.1965765332261645,0.3964486994094142,-1.334793902,0.4779359102249145,1.6319618225097656
VWVKSNE,1.5392763023278428,0.6222522207626731,0.0246091742275506,-5.344659941,0.1149389615701493,-3.121060175,0.0051948235593479,-7.588709535,0.0086958357173552,-6.8454596,0.010035102889342,-6.638800781,-6.638800781,0.2079495640308013,-2.265694435,0.1689226170088965,-2.565565592,0.2243341374709732,-2.156278919,-0.242454186,0.4359364211559295
VWVKSQP,2.1270802721780004,1.0888744790380762,2.039363461491308,1.0281189197200884,0.7516218179806213,-0.411921149,0.0887765499621869,-3.493677546,0.0125065920762369,-6.321167467,3.249860732189409,1.7003778949765649,1.7003778949765649,4.417755338517275,2.1433135224320554,3.474192740999639,1.7966777939938834,4.11237254343233,2.039970965460006,0.3816224932670593,3.0181915760040283
VWVKSPT,0.4837484558110687,-1.047671039,0.1157249383414448,-3.111228301,1.7995543344704448,0.8476396626336609,0.0358683807055564,-4.801143574,0.0247344719264797,-5.337333091,,,-5.337333091,0.3866931408825289,-1.370738921,1.0966057180224995,0.1330449014002739,0.3586724016462634,-1.479261355,0.1376455426216125,1.7158992290496826
VWVKSST,0.6530823234368048,-0.614663235,1.6247719204340323,0.7002372120776846,2.067714892212257,1.0480372727186305,0.0371313060176731,-4.75122013,2.910370001450143,1.541202577643626,0.0066233434511766,-7.238224614,1.541202577643626,2.9180176241079283,1.544988596804921,7.073653008650018,2.822455450735475,3.107730887314373,1.6358615795671876,0.0608410499989986,1.9950939416885376
VWSRSQT,0.6335638210066863,-0.658438141,0.0673416903585674,-3.892356255,0.1233875644546834,-3.018731094,0.1626806628268053,-2.619885321,0.0336443015897645,-4.893494017,0.9067941362897388,-0.141153033,-0.141153033,1.2875025567587748,0.3645752972430736,2.450328253548438,1.2929750300623906,1.347795613927882,0.430601736038292,-0.691987336,1.823370695114136
VFTRSQS,0.8814886638036485,-0.181986079,0.030572239550118,-5.03163395,0.0414012771249942,-4.594180918,0.2019826331200441,-2.307696842,0.0290156968167969,-5.107022614,13.068792186179344,3.7080539087423694,3.7080539087423694,2.621377348760645,1.3903250453872391,0.9595716975400752,-0.059537489,2.6219833628692006,1.390658531333028,1.1724283695220947,1.47198748588562
VFARLQS,0.4438168867150924,-1.171963533,0.077199617880656,-3.695262483,0.1254563495108434,-2.994742606,0.0488074057770113,-4.356756118,0.0089516891322971,-6.803624348,2.803214709805077,1.4870822505808183,1.4870822505808183,0.1924335558071482,-2.377567702,0.2371840981549796,-2.075920806,0.1822985202247144,-2.455625244,-0.360346317,1.8782644271850584
VFVKSTQ,0.7862741424379487,-0.346895684,0.1660264046972988,-2.59051539,0.1266843019764797,-2.98069033,0.1593918621885849,-2.649350121,5.183789982753502,2.3740072697314765,5.183789982753502,2.3740072697314765,2.3740072697314765,0.3229104229202271,-1.630794086,0.1273183544095403,-2.97348768,0.3376445963295298,-1.566422626,0.5393421649932861,0.0191059000790119
YSRIGPN,0.7231810196724016,-0.467571281,6.32923433863063,2.6620309842236325,0.3481481846087529,-1.522226594,0.0976309704496022,-3.356517318,6.709983817844617,2.7463092871492334,8.301658601190969,3.053399603527145,3.053399603527145,3.292813182677784,1.7193206631419542,0.3847809959690199,-1.377890548,3.170464502584587,1.6646942241130465,2.7569234371185303,4.198864459991455
YMVKSLS,0.9350905302208778,-0.096822049,0.0256350156848498,-5.285740409,0.1122032161810617,-3.155814065,0.0117923979235319,-6.405999077,0.0096553435778251,-6.694456687,,,-6.694456687,0.081299579060214,-3.620608307,0.0960878962926417,-3.379501476,0.0732947718947393,-3.770145895,0.6616811156272888,0.5068479776382446
YVHKSQV,1.889587798634352,0.9180715541689688,0.1719248759129924,-2.540149791,2.51435407302533,1.3301878253467672,0.14994541836146,-2.737490654,1.028501144533003,0.0405433993185287,0.0192967448312891,-5.69549869,0.0405433993185287,0.1619979176448731,-2.625952826,0.2114166971927976,-2.241838773,0.1597417788681558,-2.64618641,1.8463945388793943,1.3927723169326782
YVLKSQA,1.0701002491153917,0.0977459574926427,0.0376556853628665,-4.730988486,0.0418132148704649,-4.579897218,0.3413566615010074,-1.550648189,0.0257538683363895,-5.279067043,18.734239402451458,4.227605501292786,4.227605501292786,0.0643976607706272,-3.956847906,0.0444496568700271,-4.491683908,0.0627013956814617,-3.995358633,2.035308122634888,0.0058694472536444
YVYKPDQ,0.8872607071222839,-0.172570016,0.0397148358633209,-4.654178149,0.1608862640370415,-2.635886936,0.0280095897859331,-5.157935335,0.0250779465620783,-5.317436968,0.0057630934335945,-7.438940875,-5.317436968,0.0655250796222868,-3.931808988,0.0571453605442919,-4.129219815,0.064481582022893,-3.95496905,0.0561484657227993,1.2543569803237915
YVYKSQV,1.173480931282174,0.2307943986841253,0.0583776933614773,-4.098438982,0.4333804995141092,-1.206293856,0.0578513509073439,-4.111505541,0.0456412264324234,-4.453518631,0.0181385241355819,-5.784799116,-4.453518631,0.202004225072426,-2.307542627,0.3301423186181225,-1.598840016,0.219036172572445,-2.190758953,0.0202669687569141,2.309486627578736
YVYRGED,0.4620492697468127,-1.113881396,0.0800025131629357,-3.643810869,0.0908288666846563,-3.460705311,0.0150148577063115,-6.057465387,0.0101318899419907,-6.624952879,,,-6.624952879,0.1441866145959277,-2.793990855,0.1559119371336504,-2.681196705,0.1396050591971687,-2.84057687,-0.724459291,1.684625506401062
YVFKSQP,0.6306846723975468,-0.665009223,0.0315429829792104,-4.986537089,0.1624281012931893,-2.622126844,0.1388006313927111,-2.848913964,0.0300632407002043,-5.055855655,0.0107225442150943,-6.543208925,-5.055855655,0.1516490223995582,-2.721191897,0.1405396465121539,-2.83095092,0.1333017457145482,-2.907232421,0.7837406992912292,0.7587847113609314
SYTKSQI,1.843058213621104,0.8821016397022805,8.946407705306296,3.1613085062768675,14.803166982621836,3.887833953264861,0.1396600639400608,-2.840008557,0.0136710449013658,-6.192732675,0.0056413256875255,-7.469750055,-6.192732675,4.073020635645592,2.026099123663239,5.151202494427622,2.3649092537021423,4.011504327827513,2.0041433537159463,1.9132373332977293,1.9222424030303955
SYTRTNV,1.5638401184107933,0.6450930240478007,0.2831366786823762,-1.820429441,0.1003104204279003,-3.317456611,0.0788531517965706,-3.664687768,0.01409762666125,-6.148403885,1.8543377691055087,0.8909040559537054,0.8909040559537054,0.2256585280996497,-2.147786793,0.2480521339816607,-2.011284726,0.2281391824687536,-2.132013847,1.7398686408996582,2.3230299949646
SYTRTQV,1.191427774183012,0.2526914962312557,0.0927199211671923,-3.43097685,0.0923389462895666,-3.43691692,0.3359320003602997,-1.573758864,0.0419618252496662,-4.574778756,3.710505369018012,1.8916156945880649,1.8916156945880649,2.695550448012882,1.4305799102801753,1.3959481925228217,0.481245400159788,2.6703812947416083,1.4170457541817705,0.903842270374298,3.1714019775390625
SYTRSIS,0.7568057260611002,-0.402005091,0.058535951060419,-4.094533232,0.1168006905897632,-3.097879291,0.1201599074128252,-3.056972489,5.839706539814627,2.545895871812183,5.617349415287912,2.4898895454880976,2.545895871812183,0.8883278578205064,-0.17083586,1.3095116704211514,0.3890289171025561,0.91413396241915,-0.129522493,1.234402418136597,1.5057172775268557
SYTRSQG,1.6087695066479135,0.6859576415142564,0.0301680700540124,-5.050833784,0.0923273742763875,-3.437097732,0.4080265520082172,-1.293265057,0.0344072397750783,-4.861144029,6.612473541690498,2.725190044622009,2.725190044622009,0.161223564069484,-2.632865475,0.181904689163353,-2.458745361,0.1802339722843768,-2.472057125,1.6858402490615845,2.1461291313171387
SYTRSPA,0.7672496516606534,-0.382232009,0.0497718912427422,-4.328524982,0.3054600056263359,-1.710944597,0.1057164831373933,-3.241727758,0.0277901479282448,-5.169282676,1.7338596080050184,0.7939870871210244,0.7939870871210244,0.1482395535819716,-2.753997653,0.1507134039757629,-2.730120363,0.1565295794128959,-2.675492786,1.7712265253067017,0.7095110416412354
SYTRSLN,0.8455605200402576,-0.242020077,0.0382308923864898,-4.709117314,0.1684506515186988,-2.569602086,0.1778128338835426,-2.491568638,0.0070689714819224,-7.144283963,17.247657054937996,4.108328492442281,4.108328492442281,0.1972704997691073,-2.341752866,0.3043990333284186,-1.715964318,0.1829586780268318,-2.450410248,0.7733138203620911,2.354567766189575
SYTRSLP,1.6217743584928934,0.6975731077621513,0.0650915671954069,-3.94138554,0.0492687670399566,-4.343182821,0.0980157571836111,-3.350842492,0.0358421142734108,-4.802200447,0.7543067074861214,-0.40677684,-0.40677684,0.1787975191352751,-2.483601376,0.2091775090464485,-2.257200355,0.1946772287675386,-2.360843952,0.9136884212493896,2.1152379512786865
SYTRSEI,1.3105022286038213,0.3901198070756759,0.0839997243617116,-3.573471596,0.1099553504693107,-3.185010287,0.0947114731019559,-3.400316989,0.0131855258336253,-6.244901083,1.2144268454648923,0.2802755876570224,0.2802755876570224,0.4320362615981005,-1.210775689,0.1895584231984721,-2.39928553,0.4152334971539695,-1.268005263,0.6415888071060181,2.538065195083618
SYTRSEE,0.394854654937429,-1.340606397,0.0696865114189001,-3.842976756,0.5285859688628116,-0.919789965,0.0872215807799889,-3.519171052,0.0428746309325877,-4.543731937,0.0428746309325877,-4.543731937,-4.543731937,0.1115743000995509,-3.163923338,0.1045293375366831,-3.258020184,0.0896465964511727,-3.479607379,0.3767244219779968,1.9529117345809937
SYTRSEV,0.9079046698769974,-0.139387273,0.0585560368392754,-4.094038277,0.056124875051363,-4.155215862,0.3953783698454391,-1.338694148,7.535625982069411,2.9137273610223056,2.575365224210368,1.3647770419245158,2.9137273610223056,0.5717656209691105,-0.806504218,0.2889469931372074,-1.791123238,0.5976255551844366,-0.742686254,0.9252507090568542,2.581603765487671
SYTRSAV,0.5958282922927901,-0.747031465,0.0446769124262431,-4.484326704,0.0679306496455564,-3.879793539,0.0987433453690395,-3.340172666,0.0151905044639693,-6.040686408,6.178237501216002,2.627195331509513,2.627195331509513,0.6299018681502961,-0.666801005,0.6311796734829241,-0.663877349,0.6296266863713552,-0.667431405,1.2463154792785645,0.79462069272995
SYTRSVP,1.3042686760702928,0.3832410917372005,0.0674604560867124,-3.889814118,0.3272554912476635,-1.611510695,0.0933348350849041,-3.421440555,1.1153828712260716,0.1575390210015808,0.0160939698570663,-5.957335954,0.1575390210015808,1.5397280262936486,0.6226755393815763,0.7518697470807386,-0.411445342,1.6003662281938191,0.6784020895750958,1.666134476661682,1.951813817024231
SYTRSVG,1.2340134552230144,0.3033581251823771,0.0300722681081736,-5.055422507,0.092498602713495,-3.434424617,0.1201117816558965,-3.057550424,1.3697324873451813,0.4538941582474523,0.0242097181275312,-5.368269908,0.4538941582474523,0.1455019298277994,-2.780889807,0.1557072529827376,-2.683091947,0.1459402337913117,-2.776550425,1.5147693157196045,0.9601649641990662
SYTRSVS,0.9070368291695754,-0.140766964,0.0386035692217472,-4.695121947,0.1199219108530281,-3.059832818,0.1130172043491233,-3.145385687,1.3264553001983308,0.4075760594574732,,,0.4075760594574732,1.79163935792855,0.841280264130907,3.46491686457624,1.7928207374988678,2.0088218081160583,1.0063495959532864,1.6773329973220823,1.2759449481964111
SYQRSEP,1.1945109619190997,0.2564200933369479,0.0193441062255878,-5.691962118,0.0722069789363542,-3.791717907,0.207166784152519,-2.271135386,0.0246567649851372,-5.341872662,0.0261505441629466,-5.257015222,-5.257015222,0.0866870177848435,-3.528040238,0.0716452923019981,-3.802984279,0.073106639656019,-3.77385375,0.8353017568588257,0.3075101375579834
SYPRSQL,0.8529017513727277,-0.229548533,0.0826220389071676,-3.597329527,0.2580544690701966,-1.954252479,0.0253349616238719,-5.302726546,0.0214907498372453,-5.540140369,,,-5.540140369,0.1468390755172945,-2.767692158,0.1574949466231288,-2.666622556,0.1480276486655972,-2.756061427,0.4918539226055145,2.1284501552581787
SYVHSPQ,0.8227691297117442,-0.28144043,0.0304792253056786,-5.036029956,0.0451339044030584,-4.469644602,0.1121342389535715,-3.156701238,0.0027346547979507,-8.514425555,0.0066070521894229,-7.241777544,-7.241777544,0.0588555696313823,-4.086677243,0.0680056235626543,-3.878202138,0.068528108542392,-3.867160322,-0.308012247,1.098334550857544
SWHKSMG,0.5512033179199064,-0.859343523,0.1256951849141538,-2.99199871,0.651288137477226,-0.618632145,0.0436593398311654,-4.517565874,0.0279792087708566,-5.159501025,0.0248989888906136,-5.327769032,-5.159501025,0.4146397106255604,-1.270069803,1.0004362204596138,0.0006291958697385,0.3973191586536486,-1.331629733,0.1324214339256286,2.1224305629730225
SWHKSVG,0.6315559600953012,-0.663017523,0.1281261881529124,-2.964362712,0.4263810054345431,-1.229784925,0.0202724200328523,-5.624337868,0.0102142967303993,-6.613266314,0.0074756262300842,-7.063589846,-6.613266314,0.333982329681748,-1.58215632,0.8482379052214154,-0.237459141,0.328657952691579,-1.6053412,0.6399485468864441,1.8314143419265747
SWHKSVV,0.5976181597544052,-0.742704107,0.2209795520056261,-2.178015217,2.467913834149412,1.3032920244648682,0.0569058909305085,-4.135278181,2.2382456315176253,1.162368370508581,,,1.162368370508581,1.0319932135245438,0.0454334835066337,3.244329103457699,1.6979201733911884,0.9739290640269292,-0.038111397,0.1294312626123428,2.714245557785034
SWVKSPM,0.420942279533464,-1.248305673,0.0888390535240581,-3.492662167,0.5795335057118115,-0.787036022,0.0232318262989817,-5.427753618,0.0076542526840223,-7.029522756,1.454503781009329,0.5405270467553859,0.5405270467553859,0.2850158221964191,-1.810886084,0.7671958066347092,-0.38233326,0.2221058288022335,-2.17068084,-0.053553522,2.106081247329712
SWVKSAL,0.337806574603355,-1.565730688,0.0824190179417075,-3.600878916,0.5916683687470636,-0.757139326,0.178925619720295,-2.482568118,0.0130726172044088,-6.257308185,,,-6.257308185,1.3437741270554782,0.4262906580850221,3.64646224895354,1.866497458250848,1.3042865093952047,0.3832608176372365,-0.127016842,1.2598639726638794
SWVKSAV,0.6916719165640633,-0.531840214,0.0762673481037855,-3.712790653,0.3527707782000385,-1.503197035,0.0613339430162869,-4.027170488,3.886046278293062,1.9583030818461475,0.0048550742008764,-7.68629094,1.9583030818461475,2.781910772910784,1.4760761475783877,9.12251512930754,3.189431638460769,2.7846617431272604,1.477502091963594,0.2473793029785156,1.1178643703460691
SWVKSVG,0.5030252244273652,-0.991297348,0.0562754761372383,-4.151349832,0.1038414902240785,-3.267545102,0.0543937852408312,-4.200414364,0.0113318388034739,-6.463474205,0.0113318388034739,-6.463474205,-6.463474205,1.0412410601963868,0.0583041090691366,3.3652084171443293,1.7506958579022494,0.9718965838094854,-0.041125285,0.2269252687692642,1.0032873153686523
SFVKSQI,1.2392541316386607,0.3094720687212274,8.828414645873623,3.142154390548351,6.748268921290559,2.7545174667614845,0.1413463110207065,-2.822693864,0.0181597883345488,-5.783108803,0.0079027080925354,-6.983437165,-5.783108803,3.4702598344220776,1.7950436881055571,1.1936984756561135,0.2554384625560116,3.3474436856214784,1.7430597851513747,0.8360580205917358,3.3076491355896
SFVKSQM,0.8287141660500154,-0.271053511,3.0575827782663607,1.6123915575188994,1.85564009761638,0.8919169261264733,0.1650595064978134,-2.598941863,0.0302899296444415,-5.045017963,2.8444625153451875,1.5081560691564444,1.5081560691564444,2.874782109432517,1.5234526129078876,0.8629109856117626,-0.21271635,2.8104356442898446,1.4907937792512358,0.7182435393333435,2.359644889831543
SFVKSQV,1.277130875747374,0.3529063747797925,9.409892492585666,3.23417824035025,7.438813359970148,2.8950725008729448,0.1638621710242578,-2.60944526,0.008614050705382,-6.859092469,0.3759423726280475,-1.411416564,-1.411416564,3.862889505966365,1.9496804113326656,1.6295429127899346,0.7044673448681583,3.7787844055504727,1.917922209543641,0.902212619781494,2.8738014698028564
SFVKSQF,0.6460766266729342,-0.630222812,1.823874218180407,0.8670062387874714,13.324752219885688,3.7360368005197833,0.1161644518905549,-3.105759445,20.812097699560653,4.379350479866057,0.0054436849516117,-7.52120071,4.379350479866057,2.1286305693780663,1.0899255871911655,2.282444692406224,1.1905799016298673,2.031666057945631,1.0226632878689,0.0217659007757902,3.0647425651550293
SFVKSEI,0.8767410868035126,-0.189777236,0.541888962312708,-0.883930834,0.1665408265560399,-2.586052206,0.0826587040919854,-3.596689444,0.0246118287700018,-5.344504329,16.482129800389004,4.042830772719694,4.042830772719694,0.4409775558036127,-1.181222865,0.1043412371056346,-3.260618651,0.4354328784244082,-1.199477749,0.7038495540618896,1.5697197914123535
SFVKSEL,0.6054759226788042,-0.723858504,0.466615458214851,-1.099693993,0.0892409033325274,-3.486151073,0.0148301619946994,-6.075321833,0.0113178125328304,-6.465261044,2.619750091658449,1.389429193930196,1.389429193930196,0.2650160693753788,-1.915848254,0.0885477837450324,-3.497399991,0.2774798501795798,-1.849545084,0.4961300492286682,1.3220034837722778
SFVKSSV,1.2997854768039157,0.3782735331846757,0.0455983314546999,-4.454875156,0.4238472694446895,-1.238383602,0.1926930163053775,-2.375623809,0.0240696053616954,-5.376643702,3.368889446919773,1.7522730859255229,1.7522730859255229,0.4299278113825852,-1.217833656,0.302579744448653,-1.724612682,0.4042034907861477,-1.306846314,0.8365936875343323,1.4482277631759644
WYTRSPG,0.4577414516129703,-1.127395151,0.0940540728670596,-3.410365771,0.3075221698317926,-1.701237674,0.101693136329239,-3.297705786,4.450226828554458,2.1538788722791846,0.0143504999991894,-6.122755186,2.1538788722791846,0.189549781859683,-2.399351299,0.3189108864079435,-1.648774748,0.2177076193441431,-2.199536195,-0.868339121,0.3149534165859222
