AA_sequence,V_mean_P_mean_enrichment,fitness,huTfR1fc_enrichment,huTfR1fc_log2_enrichment,hufc_enrichment,hufc_log2_enrichment,H68_brain_enrichment,H68_brain_log2_enrichment,H69_brain_enrichment,H69_brain_log2_enrichment,H70_brain_enrichment,H70_brain_log2_enrichment,final_merge_brain_log2_enrichment,huTfR1_fc_enrichment,huTfR1_fc_log2_enrichment,huTfR1_fc_okt9_mean_enrichment,huTfR1_fc_okt9_mean_log2_enrichment,huTfR1_fc_tf_mean_enrichment,huTfR1_fc_tf_mean_log2_enrichment,fitness prediction,hTFR1 enrichment prediction
KHNINNM,2.086149297958148,1.0608424098789004,0.0369934306217434,-4.756587093,0.0801629012858786,-3.640921466,0.2059663189140026,-2.279519658,0.0144521624303906,-6.112570815,0.0097885127974911,-6.674694602,-6.112570815,0.0886463060534704,-3.495795675,0.081348139622222,-3.619746837,0.0969267991919008,-3.36696058,0.2541338503360748,-3.28609705
KVRDDTV,0.584883407952358,-0.773779032,0.0301094693520523,-5.053638907,0.1675192425242671,-2.577601271,0.0370865046261991,-4.752961888,0.0074045247218061,-7.077377149,0.9371978591148962,-0.093574436,-0.093574436,0.0607599670561704,-4.040735102,0.0516362666868174,-4.275471493,0.0560388775328709,-4.157428131,0.8807719945907593,-4.74777317
NVRSTID,0.744115800408388,-0.426400942,0.1052717751794266,-3.247809413,0.1159727541558248,-3.108142187,0.2965189596502499,-1.75380374,0.0245013576664418,-5.350994496,0.019836028331697,-5.655732999,-5.350994496,0.0805512610614337,-3.633949015,0.0510584949270652,-4.291705178,0.0892148485798131,-3.486572343,1.2789748907089231,-2.835424423
NVVEFGS,0.3695997099428509,-1.43596447,0.0612589411449927,-4.028935759,0.1838060372541734,-2.443743941,0.020315074636208,-5.621305525,0.0173727511663896,-5.847029951,,,-5.847029951,0.0606748315035179,-4.042757993,0.0552041992360496,-4.179078177,0.073192077849243,-3.772168687,-1.74686563,-3.457708359
NQSDVKL,1.0116308446396882,0.0166829305779206,0.0339858522943853,-4.878921887,0.053955191544548,-4.212094408,0.1115054537682639,-3.16481382,0.0120579720805517,-6.373868896,0.0061432313349218,-7.346786573,-6.373868896,0.0417958883850201,-4.580495164,0.0347632726350151,-4.846292285,0.0490019150807005,-4.351018056,0.5166648030281067,-4.231511116
NHTLHSY,0.7948939118139503,-0.331165767,0.0415691304217109,-4.588343621,0.0347746906579375,-4.845818509,0.1441878721059522,-2.793978273,0.0111128289669468,-6.491630063,0.009749605366907,-6.68044046,-6.491630063,0.0808473617990599,-3.628655493,0.076437999988603,-3.709566159,0.0751667074931245,-3.733762379,-1.072498918,-1.430757046
NPRSTQN,1.9357355175183968,0.9528818484645216,0.0542012501102523,-4.205530063,0.0301046984198043,-5.053867525,0.1431529775122343,-2.804370417,0.0268648797913732,-5.218134807,0.0231037947341713,-5.43572636,-5.218134807,0.1013254145894124,-3.302932016,0.0785834973606235,-3.669629813,0.1056361829396565,-3.242824018,1.106292963027954,-3.619407415
NERTTGL,0.5485941634135537,-0.866188822,0.0639007662324339,-3.968022959,0.1512349429910839,-2.725136581,0.0994450055682737,-3.329957273,1.958151364545484,0.9694922891698192,0.0326212615012804,-4.938043616,0.9694922891698192,0.0656907991388009,-3.928164874,0.0420359257753007,-4.572233343,0.0620486892980484,-4.010455454,-0.115075454,-4.676417351
NYTHQLK,0.8753980395546384,-0.191988942,0.1004408442326287,-3.315582035,0.1303384563762235,-2.939665281,0.0487648727946148,-4.358013896,0.0076677393491552,-7.026982989,0.0022878385919998,-8.771799012,-7.026982989,0.1368321039184339,-2.869521336,0.1625770637462229,-2.620804357,0.1702200726732688,-2.554526923,-0.147990257,-1.721837997
TKTENRW,0.7260249063201845,-0.461909054,0.1287063109383949,-2.957845299,0.2317357710825487,-2.109447337,0.1626852192932944,-2.619844913,0.0365481286067644,-4.774058653,0.0049432466191431,-7.6603254,-4.774058653,0.1819479373817282,-2.458402398,0.1610191585830644,-2.63469574,0.1970627813244453,-2.34327277,0.549860417842865,-1.32615149
TINPIER,0.3891810834808909,-1.361486507,0.0889834483174059,-3.490319182,0.043772689233899,-4.513825169,0.0230788412889412,-5.437285397,0.0210603113411199,-5.569329425,0.0210603113411199,-5.569329425,-5.569329425,0.0727893004959581,-3.78012979,0.0427419010860732,-4.548205112,0.0729318488587765,-3.777307222,-0.61196506,-3.489038229
THNYGTA,1.1247630836889553,0.1696211490137686,0.2046406450790756,-2.288835378,0.0411811823610754,-4.601870938,0.3354568850014556,-1.575800741,0.0179193270004509,-5.802339735,0.0133636239048721,-6.225544903,-5.802339735,0.0635762224189641,-3.975368893,0.0653090289214528,-3.936573733,0.0556671683039486,-4.167029492,0.4104614555835724,-2.948202133
THGRLQD,0.4033680621384488,-1.309831236,0.1399738554093128,-2.836770712,0.1113112944710734,-3.167328108,0.0668580215691752,-3.902755526,1.8081512568324647,0.8545153682147141,0.0203952114243481,-5.615625727,0.8545153682147141,0.0807592951688697,-3.63022787,0.1110203004644391,-3.171104592,0.0846853421037289,-3.56174391,0.2719171643257141,-2.550610304
THVITNA,0.4945008432895597,-1.015955114,0.1227956734465591,-3.025668365,0.1360760210743562,-2.877515233,0.100042093877539,-3.321320936,0.0388194966733987,-4.687074777,0.0080846250674846,-6.950603416,-4.687074777,0.0876350116414518,-3.512348824,0.0601978080864076,-4.054145233,0.0771994413452377,-3.695265782,0.3581030070781708,-4.570123196
TLHRLSE,1.3083967932301268,0.387800128614143,0.0550137197924264,-4.184064735,0.0788100976375962,-3.665475701,0.1931637924934808,-2.372103401,0.8756242524624512,-0.191616181,0.0169976933621831,-5.878517208,-0.191616181,0.0859997587618564,-3.539523577,0.0526024733415344,-4.248725554,0.0780036725074565,-3.68031414,0.7548750042915344,-0.288227409
TEVAMII,0.2528615826228966,-1.983580231,0.0731911399362019,-3.772187174,0.0743599197511996,-3.749330976,0.0423392181063946,-4.561861563,0.0257574200858319,-5.278868092,0.0257574200858319,-5.278868092,-5.278868092,0.1269603262552137,-2.977550354,0.0565025870871081,-4.145539264,0.1179290913524022,-3.084008441,-2.217930555,-3.115972519
TVNEADF,0.2235710659969655,-2.161194605,0.0865498445620625,-3.530324961,0.1825504294852414,-2.453633032,0.0805519968201175,-3.633935837,0.0091877856224896,-6.76606709,0.0091877856224896,-6.76606709,-6.76606709,0.0869509271659287,-3.523654779,0.0628168465582103,-3.992704669,0.0793029165056101,-3.656482265,-1.303602338,-4.81069088
TVRSSPQ,1.440880517673678,0.5269507076802781,0.0303669645285568,-5.041353485,0.0686305360929232,-3.865005566,0.2138993819556192,-2.224995781,0.0091448688397047,-6.772821806,0.0245867985009178,-5.345972299,-5.345972299,0.1244878243385033,-3.00592345,0.0924602560703494,-3.435022832,0.1216920676905827,-3.038692964,1.3541923761367798,-2.842848778
TVEARIR,0.6572590259747463,-0.605466046,0.0791109640934224,-3.659978536,0.2200925706644219,-2.183817648,0.0307754257469749,-5.022077375,0.0068538928956098,-7.188860637,0.0066294363315337,-7.236898074,-7.188860637,0.1176611579919234,-3.087289955,0.1211624501189539,-3.044985438,0.125248313906439,-2.997136913,-0.638284862,-2.906372547
TSVASSE,0.3659108123543911,-1.450436048,0.0839399781045491,-3.574498103,0.1243778180410344,-3.007198882,0.0983478998303008,-3.345961945,0.0217956655787921,-5.51981493,0.0207299835061185,-5.592137221,-5.51981493,0.0839751622684989,-3.573893512,0.0715731761510361,-3.804437187,0.0731893161761612,-3.772223124,-0.717772782,-5.142622948
TFRFLEA,0.4050023243888962,-1.303997907,0.0871026591052855,-3.521139427,0.1387672061191719,-2.849261429,0.0143243221846652,-6.125389316,0.0050063030374656,-7.642038663,0.0050063030374656,-7.642038663,-7.642038663,0.1425961128183337,-2.809993441,0.1201735032883813,-3.056809259,0.1351965441979587,-2.88686982,-2.633235931,-0.592179179
RHAKDHH,0.0839064294751555,-3.575074826,0.4185376972538201,-1.256570524,0.509115586250317,-0.973934861,0.1152756351422126,-3.11684048,0.11231007648131,-3.154440722,,,-3.154440722,0.1326740772123152,-2.91404158,0.1729993982733774,-2.531161075,0.1823704696442377,-2.455055955,-1.677629471,-0.264098436
RQMVELH,0.7150156480625551,-0.483953279,0.098656617255256,-3.341440369,0.1425081830882574,-2.810883331,0.0591528329563019,-4.079408926,0.0042207375202523,-7.888289171,0.0042207375202523,-7.888289171,-7.888289171,0.0736321622022568,-3.763520123,0.0620566698795937,-4.01026991,0.0675462119152007,-3.887981326,-0.750983655,-3.476982117
RVNIDWP,0.835955628559571,-0.258501727,0.9245048544158794,-0.1132472,0.1303639112950233,-2.939383552,0.0169659087979409,-5.881217478,0.0061286836754372,-7.350207041,0.0028290934897931,-8.465444432,-7.350207041,0.3752330041389679,-1.414141367,0.288828430294426,-1.791715337,0.4001988734230884,-1.321210989,-1.722721577,3.2493836879730225
IQDHIQI,0.4004042377918656,-1.320470851,0.2132733171662764,-2.229224615,0.1328356342452014,-2.912285882,0.0650157538467163,-3.943066853,0.0075354576195028,-7.052089157,,,-7.052089157,0.0755355193285863,-3.726700982,0.0468364641365143,-4.416224024,0.0811179205683894,-3.62383552,-0.333760947,-4.337347031
IHIPQST,0.54167887484906,-0.884490267,0.0619735965089515,-4.012202495,0.0381316915549261,-4.712865658,0.0794816926929779,-3.653233592,0.0037692781412302,-8.051496027,0.0036252030152027,-8.107722495,-8.051496027,0.0809114137220689,-3.62751296,0.0597315307084291,-4.065363496,0.0746728781225979,-3.743271852,0.0748877674341201,-4.224618912
IHQLPEA,1.0869660340443694,0.1203068591496153,0.0535914313870382,-4.22185384,0.0845564241122,-3.563941823,0.0278656945070963,-5.165366079,0.1171626190355326,-3.093415746,0.1171626190355326,-3.093415746,-3.093415746,0.0716983302444192,-3.801916669,0.0277707946022826,-5.170287732,0.061791547183685,-4.016446693,0.0628126338124275,-5.383208275
IHRLNEP,0.4704920858485131,-1.087757639,0.0556876193837533,-4.16649957,0.0612408140898352,-4.029362729,0.152043365778188,-2.717445227,0.0125480963774194,-6.316387675,0.0166689300486797,-5.906694687,-5.906694687,0.0681458751683165,-3.875229856,0.0587576192046832,-4.089080249,0.0644277392595603,-3.956174218,1.048850178718567,-0.694459438
IHRLTND,2.5325190351649964,1.3405731127914426,0.0470918287776309,-4.40837944,0.0658978614535146,-3.923624543,0.1241108213763968,-3.010299184,0.0133732987683011,-6.224500813,0.0126122098728475,-6.309035107,-6.224500813,0.263607135060448,-1.923538675,0.0921581584719217,-3.439744301,0.2695280711343482,-1.891492559,1.905971646308899,0.8010575175285339
IHRLHED,0.8685942120319393,-0.203245756,0.1512128688718911,-2.72534717,0.1383351042709366,-2.85376079,0.0628777499306447,-3.991306598,0.0029010802245908,-8.429194093,0.0073982624726281,-7.0785978,-7.0785978,0.110143596985285,-3.182542466,0.0674194464239786,-3.890691408,0.0825730955432064,-3.598184399,1.5343574285507202,-0.765151858
IHRLGDQ,1.0809489975942592,0.1122984540127184,0.0407698368256631,-4.616354007,0.0547100616098686,-4.192050009,0.0882372757075311,-3.502467941,0.0067227534363172,-7.216732046,0.0029608748512466,-8.399760772,-7.216732046,0.0913655586918977,-3.452205763,0.0670431172033279,-3.89876696,0.0815610082052388,-3.615976581,1.0128488540649414,0.1447335332632064
IHRLSNQ,0.7819991061523277,-0.354761136,0.1321936241602019,-2.919275499,0.1455302767280543,-2.780608766,0.0651846478240227,-3.939323966,0.0066579407252578,-7.230708258,0.0071930366259329,-7.119183335,-7.119183335,0.1898837597372402,-2.396811574,0.1750268875719538,-2.514351529,0.1776425486635207,-2.49295092,1.3687664270401,2.018042087554932
IHRLSTN,0.8330325296688811,-0.263555261,0.1152157027570402,-3.11759074,0.2075574750813723,-2.268417204,0.0772259659825631,-3.694770178,7.083059835631215,2.824372729807661,0.0121639394310417,-6.361245652,2.824372729807661,2.287852433469818,1.1939940012566148,0.2916885306485702,-1.777499435,2.4208426427568943,1.2755093057340678,2.141359806060791,2.120447874069214
IPDYREF,0.9996464422975462,-0.000510166,0.1754429499488224,-2.51092612,0.2196945381651406,-2.186429092,31.85578425691644,4.993483450449088,0.0054880745486471,-7.509484206,0.0199923367875981,-5.64440908,-5.64440908,0.0647387092185434,-3.949227589,0.0606119493951933,-4.044253947,0.0669875978874051,-3.899962171,-1.525083184,-2.051088572
IERNWLN,0.3612790232479669,-1.468814604,0.0797420587490618,-3.648515337,0.2148001803990386,-2.21893289,0.0686775614411251,-3.864017376,0.0079598685400236,-6.97303968,7.245909389467648,2.8571667649158177,2.8571667649158177,0.1143789171826875,-3.128106942,0.1525113801840445,-2.713011196,0.1051976013110847,-3.248826286,-1.22776556,-1.361289144
IERTAFS,0.7045192487280915,-0.505288971,0.0918859599956502,-3.444011753,0.0867398803433913,-3.527160737,11.640454859097376,3.5410755285753743,0.0210616583573206,-5.569237154,0.0172711191813441,-5.855494616,-5.569237154,0.064342840764084,-3.958076557,0.0503012469346337,-4.313262026,0.0593114837958699,-4.075544726,0.3945118188858032,-3.597171307
IGHSRTA,1.6239644312675936,0.6995200343729607,0.0801738733158971,-3.640724015,0.2001016737104423,-2.32119486,0.1131202002690907,-3.144071515,0.0130189916438805,-6.263238478,0.0187890593700456,-5.733963346,-5.733963346,0.1350848293334941,-2.888062433,0.1003424288092739,-3.316996331,0.1402700468713739,-2.833721125,1.0637654066085815,-3.036695004
ISHYSEL,0.5552433221869638,-0.848807958,0.1223748271446748,-3.030621273,0.0589019389330261,-4.085541064,0.2533034496877688,-1.98106137,0.0123869052701524,-6.335040399,0.0227510339782371,-5.457924076,-5.457924076,0.0979780270849896,-3.351397948,0.0721043477843127,-3.793769935,0.0805648396083678,-3.63370584,-0.627894521,-2.583157063
ISVGQPL,0.6833556293283702,-0.549291519,0.494804657784076,-1.015069014,0.0472671172115478,-4.403019311,0.1252239470127261,-2.997417615,0.0159598533221973,-5.969408797,0.0159598533221973,-5.969408797,-5.969408797,0.0790314495464529,-3.66142932,0.0536916108719867,-4.2191595,0.0754345234663579,-3.728631249,-0.179815978,-4.503652096
MHINIDV,0.5270485438181753,-0.923992247,0.1271685452377132,-2.975186226,0.0907414633119642,-3.462094265,0.0889955429597793,-3.490123104,0.0031421985916181,-8.314009921,0.0031421985916181,-8.314009921,-8.314009921,0.1075643605371049,-3.216727948,0.0790060166043832,-3.661893666,0.1045988644799301,-3.257060905,-1.079522014,-4.49325037
MHRLGAD,2.307179870468756,1.2061304826154422,0.1045701955039293,-3.25745638,0.1236650601217278,-3.015490151,4.824652532911581,2.2704250445369687,0.0022959287798116,-8.766706395,0.0026610406726126,-8.553793723,-8.553793723,0.4131093799217339,-1.275404277,0.1064043829879675,-3.232370516,0.4153594590595162,-1.267567685,1.897211670875549,-1.282788992
MHRLSNE,1.1733533020205569,0.230637480823992,0.0461086767671482,-4.438817926,0.1391517091004668,-2.845269467,0.0508429372524082,-4.297808811,0.01730642309092,-5.852548612,0.0071300467133675,-7.131872756,-5.852548612,0.1054038367736126,-3.246000712,0.0777574040801721,-3.684876134,0.1015883124712411,-3.299193662,2.193543672561645,-0.139469266
MHRLSND,1.101506831482905,0.139478442579374,0.0748712331663536,-3.739444673,0.0548677204359038,-4.187898552,0.1026895229959318,-3.283639098,0.0048815634779586,-7.678440993,0.0035240457863213,-8.148551616,-7.678440993,0.3744344466717445,-1.417214931,0.10667620952542,-3.228689627,0.3675452468727332,-1.44400623,2.1722545623779297,-0.446480781
MHRLSTD,1.2165034920082085,0.2827404615798312,0.0947259916429524,-3.400095852,0.0757729765138617,-3.722172769,0.0671428187828234,-3.896623084,0.7271139794937225,-0.459746562,1.7442307421928749,0.8025909051363777,0.8025909051363777,0.4483146637981117,-1.157416406,0.1270851984364685,-2.976132085,0.4707088159716324,-1.087093221,1.8094911575317385,-1.255233049
MHRSLPD,2.081267608262185,1.057462477947298,0.0892124397624486,-3.486611297,0.0650024886969804,-3.943361235,0.0515085532700359,-4.27904417,0.0140926264896855,-6.148915673,0.005840423723175,-7.419711244,-6.148915673,0.205363429941887,-2.283748798,0.1343697060616481,-2.895720179,0.2267021537694036,-2.141129998,2.3552613258361816,-0.479112834
MEQLWIG,0.1926002706499596,-2.376318364,0.0879844795096376,-3.506607135,0.0840036685252152,-3.573403857,0.034746064961283,-4.84700659,0.0126262543703482,-6.307429469,,,-6.307429469,0.1318045495973651,-2.923527925,0.0886827464666994,-3.495202739,0.1120164881869264,-3.158216991,-3.448616982,-0.852927208
MSVKSVQ,1.40143410411207,0.4869039099745787,0.1011209332025022,-3.305846412,0.1150172793808819,-3.120077477,0.1656351175354029,-2.593919513,0.0199297692992781,-5.64893118,0.0121630483121615,-6.361351346,-5.64893118,0.0611071564404269,-4.032514842,0.0462158006509625,-4.435470013,0.0641292266821141,-3.96287418,1.2635512351989746,-3.63920927
QKVHHLT,0.4186890972995459,-1.256048744,0.1514364132609939,-2.723215948,0.1724552708393764,-2.535705872,0.0372153615407225,-4.747957938,0.0037900934523356,-8.043550863,0.0037900934523356,-8.043550863,-8.043550863,0.1591712966179315,-2.651347897,0.1154184582661948,-3.11505413,0.1383150767177363,-2.853969672,-0.377420068,-1.25677228
QNQPFNR,0.6863955601878572,-0.542887874,0.2424224395972624,-2.044404848,0.6163180110413943,-0.698253142,0.0753984096127479,-3.729322097,0.0127552967919412,-6.292759722,0.0024217435262927,-8.6897382,-6.292759722,0.1322509257027081,-2.918650274,0.1291015893874334,-2.953421333,0.1110114885969215,-3.171219106,-0.356305808,-3.355529785
QIPEVSM,0.2987549831458951,-1.742965318,0.0656116577161964,-3.929904018,0.1776754682364903,-2.492683594,0.0233834755498705,-5.418366812,0.0106491194586016,-6.553122046,0.0106491194586016,-6.553122046,-6.553122046,0.0687528450687874,-3.862436775,0.040007878789445,-4.64357205,0.0723642878646207,-3.788578294,-0.640161216,-4.806852818
QIRRQKM,0.0338515147808491,-4.884635797,0.3380905205711302,-1.564518529,,,0.6948094880522826,-0.52531064,0.10860800317886,-3.202797678,0.10860800317886,-3.202797678,-3.202797678,0.2387978140842931,-2.066138464,0.3491838482127684,-1.517941267,0.368931100421667,-1.438576683,-4.444279194,0.2412628531455993
QHRLGDQ,0.9642402617851452,-0.052535424,0.0686188818135024,-3.865250573,0.0978480232204234,-3.353313485,0.158431480120679,-2.658069069,0.0181446966736913,-5.78430825,0.0065506924695466,-7.254136864,-5.78430825,0.0764929411666421,-3.708529569,0.0733138550164744,-3.769770322,0.0851421121948929,-3.553983309,0.7688272595405579,-1.416775584
QHSKLND,0.3765931083879975,-1.408921496,0.1236574025232247,-3.015579488,0.1998957865774231,-2.322680032,0.1695103488910805,-2.56055474,0.0252984570929894,-5.30480679,1.5161057573381818,0.6003703935259467,0.6003703935259467,0.1130708764684525,-3.144700711,0.0873487914802648,-3.517068447,0.1144497913771973,-3.127213262,1.2184998989105225,-3.211667061
QRTEPRH,1.0087826943042502,0.0126154315166871,0.1229286639454145,-3.024106739,0.0211672508981155,-5.562022279,0.1096440582643921,-3.189100462,0.0080087879191995,-6.964200369,0.0125021529797769,-6.321679629,-6.321679629,0.1115337982475854,-3.164447137,0.0822220618837655,-3.604330639,0.1032483474447825,-3.275809404,-2.219271183,-1.471035242
QRVGLFS,0.3939063289880107,-1.344075498,0.0763764749795021,-3.710727853,0.060853738483776,-4.038510294,0.1003708547062551,-3.316587689,0.0122931683258837,-6.345999399,0.0034187934457422,-8.192297023,-6.345999399,0.1048267567007765,-3.253921088,0.0811856273981503,-3.622631846,0.104273800259617,-3.261551382,-0.8143574,-2.674177885
QDHMGVT,0.3686396905496492,-1.439716684,0.0704372805944067,-3.827516978,0.055009537387287,-4.184174419,0.0406876573810238,-4.619264971,14.348382571327566,3.8428162124266674,14.348382571327566,3.8428162124266674,3.8428162124266674,0.0733241128830815,-3.769568478,0.052879125502788,-4.241157872,0.0726483646086906,-3.782925868,-0.788272381,-4.639093876
QAVYASY,0.4805748118033513,-1.05716706,0.1965146988359966,-2.347290868,0.1701377507175996,-2.555224808,0.0827031165254668,-3.595914494,0.0048863616171139,-7.67702365,,,-7.67702365,0.1719294927513605,-2.540111049,0.1184595474233195,-3.077533615,0.1324538880899131,-2.916437901,-2.927476883,-1.688972354
QVRTGNN,5.543380923303113,2.4707661483930745,0.0306359867206134,-5.028628872,0.0415530308979381,-4.588902478,0.2312537594729042,-2.112451275,0.0232436730822898,-5.427018121,1.4546275856997637,0.5406498410816102,0.5406498410816102,0.1050759801441707,-3.250495181,0.0776677165212297,-3.686541139,0.1059662187942224,-3.238323677,2.141317844390869,-3.489899158
QVRMQES,0.9752542413969808,-0.036149727,0.049463153375926,-4.337501972,0.0774869137184692,-3.689903507,0.1054119421307143,-3.245889776,1.937600947664808,0.9542714757554204,0.0096965344931259,-6.688315059,0.9542714757554204,0.07662352873745,-3.706068722,0.0728884544672863,-3.77816588,0.0872960573436275,-3.517939693,0.8784660696983337,-2.828017235
QYNTRAT,0.5692906362500916,-0.812762725,0.1832084923661682,-2.448441716,0.0781504682712288,-3.677601672,0.2402804589162417,-2.05720877,0.0083249133356292,-6.908349031,0.0153716258617252,-6.023586422,-6.023586422,0.1503253568981479,-2.733839711,0.1514533310418952,-2.723054786,0.1668335499856042,-2.583518653,1.6786891222000122,-2.614309788
QYVAVHQ,0.6592371724734831,-0.601130501,0.0608798140427423,-4.037892238,0.0624774695865913,-4.000520166,0.0571313144598134,-4.129574466,0.0077738762809364,-7.007150137,,,-7.007150137,0.1008780957747585,-3.309315147,0.0569696474705624,-4.133662711,0.1035069614252145,-3.272200295,-0.599967182,-2.621648073
QSINLIP,0.5947003804491818,-0.749765096,0.0716702500632292,-3.802481802,0.0661643020273849,-3.917803148,0.1477860976320095,-2.758417535,0.026781682250072,-5.222609606,0.0023770650276108,-8.716602914,-5.222609606,0.0670872411695472,-3.897817773,0.03364200392941,-4.893592546,0.0687089224165699,-3.863358733,-1.09436512,-3.680590868
QSVKSVA,1.634365915431215,0.7087310222092857,0.0353402762587169,-4.822542872,0.1480151311138953,-2.756183429,5.486850238781188,2.455978198604159,0.0227588299137674,-5.457429803,0.0217791389615343,-5.520909272,-5.457429803,0.0561519531542718,-4.154519984,0.0407435880388656,-4.617283155,0.0588157120243363,-4.087654582,1.5627847909927368,-2.56858325
QFSEPWS,0.2116091506672829,-2.240526079,0.1081176803989041,-3.20932563,0.1523072413965,-2.714943559,0.068032910930642,-3.877623371,0.0206941973054276,-5.5946299,0.0206941973054276,-5.5946299,-5.5946299,0.3081396323853175,-1.698343844,0.4175917206098589,-1.259834986,0.3331590116096957,-1.585717177,-2.663202524,0.7790257930755615
HVRLSMD,1.0763024924175018,0.1060836011098352,0.058411272688774,-4.097609371,0.0495844366362693,-4.333968825,0.1150934525245065,-3.119122332,0.0189790068329804,-5.719451691,0.0036871614210342,-8.083273707,-5.719451691,0.092120309051608,-3.440336939,0.0554886454655172,-4.171663604,0.0870448648105394,-3.522097001,0.7474498748779297,-3.292041779
HQMPPKS,0.8739308921036506,-0.194408895,0.0322408803648445,-4.954965051,0.0309380049904928,-5.014476021,0.1832638562639254,-2.448005813,0.0132766266877719,-6.234967555,0.0237694932128947,-5.394745046,-5.394745046,0.0701837474080938,-3.832719208,0.0786961314944452,-3.667563472,0.0730018230033475,-3.775923698,1.1183725595474243,-3.9754498
HPVNHKS,1.135057433846014,0.1827652996557889,0.0792483755355954,-3.657474827,0.3908753519141826,-1.355219482,10.425968348324556,3.382109480134912,0.0158383335045487,-5.980435645,0.0113319742053367,-6.463456967,-5.980435645,0.1048603312041338,-3.253459087,0.1181610956452776,-3.081172986,0.1073789750522912,-3.219216556,0.5054964423179626,-2.027823448
HRRRELQ,0.0428373528321274,-4.544986859,0.7867455253934444,-0.346031027,1.353920126176544,0.437142630369333,0.1470548575820964,-2.765573654,0.0669673628908124,-3.900398033,,,-3.900398033,0.3397802111571582,-1.557326263,0.4132885814918817,-1.27477859,0.3980553077137115,-1.328959195,-3.172459602,0.8380274772644043
HAMQAYA,0.7314196377200939,-0.451228733,0.5805330212230052,-0.784549964,0.1708752567868581,-2.548984589,0.1826131396531264,-2.453137519,0.0143876603052564,-6.119024187,0.0058714524278505,-7.412066856,-6.119024187,0.0771221565849225,-3.696710795,0.0433395063179856,-4.52817347,0.0750602605329411,-3.735806892,-0.215138346,-2.737256765
HGHANGG,0.9602231095728768,-0.058558437,0.0370060547825512,-4.756094852,0.0565003159220193,-4.145597255,0.2561057080179735,-1.965188687,0.0058152979530137,-7.425931173,0.0104932416694868,-6.574395752,-6.574395752,0.0765743154754354,-3.706995625,0.0505929392006688,-4.304920135,0.0657367205921401,-3.927156703,0.9131350517272948,-4.090414524
HVGIDYN,0.4235203440935974,-1.239496823,0.1267250030203241,-2.980226897,0.0855007660201126,-3.547918844,0.1290381499364117,-2.954130436,0.0079327052524144,-6.977971339,0.0079327052524144,-6.977971339,-6.977971339,0.1116057859516709,-3.163516272,0.0502215864282193,-4.315548588,0.0890375309574088,-3.489442603,-0.413478911,-3.017362595
PDHRWEQ,0.3624382255545747,-1.464192974,0.186145483506159,-2.425497483,0.3263082351073178,-1.615692697,0.0711472719457186,-3.81304775,0.0094951823884,-6.718588572,0.0094951823884,-6.718588572,-6.718588572,0.2835145873893622,-1.818505128,0.3595857137633882,-1.475592391,0.2369244168848154,-2.077501208,-1.547974586,-1.646381259
PNEVSFR,1.2472908457999734,0.3187979149411876,0.3057080532513104,-1.709773537,0.3614441379786183,-1.468155402,0.0128746082976562,-6.27932765,0.0047958683008245,-7.703992243,0.0047958683008245,-7.703992243,-7.703992243,0.0534197158578084,-4.226483888,0.0649378876940013,-3.944795733,0.0569113858198176,-4.13513888,-0.950821996,-3.211021423
PTHKTQD,0.6376966186284937,-0.649057864,0.1081766051517976,-3.208539567,0.0721913834754436,-3.792029538,0.3918129804873346,-1.351762901,0.0052153226352049,-7.58302778,0.0377274196896193,-4.728242757,-4.728242757,0.0712291026113879,-3.811389375,0.0598809563973126,-4.061758926,0.0677403597355157,-3.883840541,0.9572744369506836,-3.911797523
PIRGVVG,1.036172273522899,0.0512638847764925,0.0269516076401102,-5.213484859,0.0534795404192904,-4.224869122,0.1216284076934663,-3.039447869,0.0199244881818384,-5.649313525,0.0072000722695697,-7.117772897,-5.649313525,0.0717584880509688,-3.800706697,0.0542075584210146,-4.205362162,0.0712354085280162,-3.811261659,1.6951462030410769,-3.620922089
PHRQSDA,0.909320364128388,-0.137139433,0.0224499630799368,-5.477143117,0.0537468722394044,-4.217675389,0.0311993428502984,-5.002340548,0.0080251211798436,-6.961261107,0.0038622727610721,-8.016334231,-6.961261107,0.0878080948738672,-3.509502244,0.054924691965616,-4.186401316,0.0861095892643347,-3.537682283,1.0269428491592407,-3.406415224
PHRLGQH,0.6361313006411136,-0.652603519,0.0638513069734125,-3.969140039,0.1384428956059787,-2.852637073,2.787947393365009,1.479203338807677,0.004708481973727,-7.730522278,0.004708481973727,-7.730522278,-7.730522278,0.1122717837359681,-3.154932701,0.0885769457845111,-3.496924937,0.100289298978758,-3.317760418,-0.313419789,-1.34989655
PHLNIHE,0.8510197534310856,-0.232735475,0.0513138339964848,-4.284508367,0.0393488117339051,-4.66753612,0.0388761370695637,-4.684971317,0.0045353995722222,-7.784554626,0.0025832972918638,-8.596570603,-7.784554626,0.0530235351739594,-4.237223329,0.0501433773155948,-4.31779702,0.0531448798478499,-4.233925485,-0.060624961,-4.895833969
PHVTGVG,0.8206934073567886,-0.285084731,0.0709328226834969,-3.817402831,0.1115936841713595,-3.163672717,0.1484989066242567,-2.751475786,0.0136865267060689,-6.191099816,0.0188060624873983,-5.732658373,-5.732658373,0.0499571827020672,-4.32316407,0.0459884946102723,-4.442583217,0.0599825618788985,-4.059313048,0.1112823858857154,-3.839767218
PLRSSTN,1.3713297422536035,0.4555755151837173,0.0501673212442553,-4.317108284,0.0167854993888261,-5.89664073,0.3013567053479644,-1.730455929,0.0320816359224443,-4.962108479,0.0119808030320341,-6.38313158,-4.962108479,0.1258425820363048,-2.990307918,0.1246389610673727,-3.004172982,0.1100189596561769,-3.184175929,1.7920889854431152,-3.157512426
PYVHMEG,0.2947216981825788,-1.762574816,0.0656323613382798,-3.92944885,0.1320537124660214,-2.920803234,0.0311358232859024,-5.005280763,0.0094708702234169,-6.722287292,0.0094708702234169,-6.722287292,-6.722287292,0.1066841142678034,-3.228582726,0.1179607554105685,-3.083621128,0.0939868762945531,-3.411396867,-0.490816444,-1.630561709
PSGVSKS,1.88978306544112,0.918220632131496,0.0312865059883263,-4.998315639,0.1247425269435943,-3.002974705,0.0355885775528106,-4.812441919,0.0065327032474355,-7.258104179,0.010306738656893,-6.600268294,-6.600268294,0.0595714490036337,-4.069235138,0.0506891267050204,-4.302179881,0.0542290000892196,-4.204791621,1.2804254293441772,-4.01894474
LHRLGNQ,0.8624003832673215,-0.213570276,0.1731121921794549,-2.530220759,0.2181860373552651,-2.196369314,0.1184474852974836,-3.077680525,0.0114700205270087,-6.445988217,0.0069482587179481,-7.169132811,-6.445988217,0.4858950067338207,-1.041283488,0.2117419012972395,-2.239621304,0.5048285386086585,-0.986134625,2.0727076530456543,3.0907952785491943
LHRLSNQ,0.5155818339279402,-0.955726662,0.1827569319198143,-2.452001967,0.168004897026018,-2.573424809,0.041108498934801,-4.604419497,0.0115718062940511,-6.433242111,0.0115718062940511,-6.433242111,-6.433242111,0.7667749493095624,-0.38312489,0.2481316522939693,-2.010822314,0.8424807264614286,-0.247284413,1.812740683555603,3.2034199237823486
LHRLSQS,0.5646188270730433,-0.824650859,0.3384638875789499,-1.562926181,0.8224356834414467,-0.282025234,0.0513868533658206,-4.282456877,0.0126971565547612,-6.299350739,2.077862076161077,1.0550998945490162,1.0550998945490162,0.7590922727792478,-0.397652829,0.3755841098947233,-1.412792068,0.8119851356133713,-0.300474778,2.2126359939575195,3.407957077026367
LREMSWP,0.3408626343913161,-1.552737636,0.5553737038940971,-0.848469226,0.0838748222328907,-3.575618386,0.0252412815266066,-5.30807103,0.0083163133361436,-6.909840169,,,-6.909840169,0.3213246872096216,-1.637896268,0.2481097425142841,-2.010949708,0.3175432953415281,-1.654974786,-2.118883848,0.8023011684417725
LYTNSSE,0.6482240096680567,-0.625435637,0.0945755529983808,-3.402388883,0.0358214092693735,-4.803034093,0.1306953076996267,-2.935720749,0.0307021800426378,-5.02551509,0.0142839985671406,-6.129456295,-5.02551509,0.0876184542995681,-3.512621426,0.062581047752452,-3.998130377,0.0826400339974898,-3.597015342,-0.700722039,-3.494803429
LNRLNPE,1.961164392967225,0.9717104733057128,0.1336016240371072,-2.90399055,0.0521391050847125,-4.261490369,0.0445550433611729,-4.488267444,0.0020020908160029,-8.964276868,0.0026237470965255,-8.57415562,-8.57415562,0.0489819781459959,-4.351605151,0.0438562077165731,-4.511075123,0.0610313157740967,-4.034306496,1.62995707988739,-3.508360624
LNRSAPE,0.6834687031897033,-0.549052818,0.186461594701125,-2.423049584,0.0659172615654101,-3.923199881,0.0373900963946254,-4.741199999,0.0098226127692083,-6.669677459,,,-6.669677459,0.0703288413991222,-3.829739739,0.0423096903435383,-4.562868063,0.0787138081066755,-3.667239452,1.4244688749313354,-3.197098017
LTRLSER,0.5743366315149058,-0.800031514,0.4595634660710695,-1.121663982,0.11508746071327,-3.119197441,0.0706914678416568,-3.822320091,0.0085272402154022,-6.873705386,28.00807291627724,4.807770817686677,4.807770817686677,0.1736504019887337,-2.525742344,0.1078342083825526,-3.213113176,0.1430280863703622,-2.805629619,0.7517497539520264,-1.264395118
LRMKSSF,16.669279634093453,4.059119854234082,0.0748270243916733,-3.740296784,0.0223074536159798,-5.48633035,,,,,,,,0.2675780555517846,-1.901968291,1.522582763710793,0.6065206514812643,2.3786380203532587,1.2501357400374182,-3.048107624,-0.303307712
LRVMSQW,0.127296481853121,-2.973735547,0.4325515739478588,-1.209055937,0.9889422584934846,-0.016041806,0.1340468049548805,-2.899191262,0.0223525275151457,-5.483418216,0.0223525275151457,-5.483418216,-5.483418216,0.3648711109593917,-1.454541166,0.6046305514359871,-0.725874216,0.4238648760568915,-1.238323674,-3.507223368,-0.856470168
LINLGAQ,0.1984626382838467,-2.333060657,0.0592696148077934,-4.076563508,0.1191919242401089,-3.068641605,0.1129358989767049,-3.146423946,0.0187370413048848,-5.737963029,0.0187370413048848,-5.737963029,-5.737963029,0.1644028331209917,-2.604692934,0.0948136952921994,-3.398760727,0.1420802406489338,-2.815222165,-0.125118598,-4.787581444
LITNYKD,1.3751779427336728,0.4596183099024704,0.0399776300716963,-4.64466324,0.0773115133058908,-3.693172912,3.7622044591117527,1.911578255062924,0.0133927039420102,-6.222408924,0.0153726707738482,-6.023488356,-6.023488356,0.0389448462125983,-4.682423769,0.0495483370393556,-4.335019552,0.0397076139163766,-4.65444052,0.7935041785240173,-3.569550991
LIGRSVT,1.1730114807101617,0.2302171336414094,0.0380467654748791,-4.716082381,0.0509069292113487,-4.295994147,0.1131563239638379,-3.14361088,0.0051343140908597,-7.605612729,0.0015319354748034,-9.350428753,-7.605612729,0.0816148041884534,-3.615025322,0.0871973217810699,-3.519572366,0.0871302121391294,-3.520683134,1.5440846681594849,-2.49632287
LMRVSES,1.2608183050139086,0.3343603856247916,0.2884044609237659,-1.793834615,0.1130860074752361,-3.144507664,0.1198001756671245,-3.061298071,2.516864223245548,1.331627389826707,0.0138205099201514,-6.177045344,1.331627389826707,0.0680752322023955,-3.876726192,0.0460196027981,-4.441607658,0.0577863811748281,-4.113126665,0.6439977288246155,-2.514031649
LMRSNNI,1.710110843818702,0.7740898389385976,0.0827902076807095,-3.594396052,0.08530835326172,-3.551169175,8.65480482596483,3.113501285820968,15.824128650229117,3.9840541552611466,,,3.9840541552611466,0.108121627870243,-3.209272957,0.0891214114517343,-3.488084108,0.1024562920526923,-3.286919509,1.3712605237960815,-2.74210453
LQGTAHA,0.6718963075869132,-0.573689493,0.1196219053578107,-3.063446492,0.0586906362954889,-4.090725841,0.1398543032203229,-2.83800345,5.717161356199924,2.515299008218914,0.9188390113294068,-0.122115984,2.515299008218914,0.0760761947866803,-3.716411103,0.0539168029898572,-4.213121236,0.0747372448151138,-3.74202881,0.3462149500846863,-4.526529312
LQVKYDS,1.063387694284969,0.0886676765016328,0.0570141738816226,-4.132535568,0.0983043878495407,-3.346600377,0.1182133804321409,-3.080534753,0.023688651949175,-5.399660088,0.0121642300311429,-6.361211186,-5.399660088,0.0737421230997769,-3.761367236,0.0558384717298471,-4.162596734,0.0655242166532419,-3.931827989,0.7468607425689697,-2.475094795
LHNAQGN,1.509740943898912,0.594301019076574,0.0484377533846551,-4.367724238,0.1226812544741003,-3.027013271,0.2150663424899429,-2.217146332,0.033921567334481,-4.881653359,0.0196528872187453,-5.669114914,-4.881653359,0.0729479356007276,-3.776989039,0.0428626227376208,-4.544136059,0.0682620823371788,-3.872771765,0.6251702904701233,-4.202744484
LHKIGTN,0.7614999616213444,-0.393084131,0.0465352147071019,-4.425533326,0.1930030405653534,-2.373304519,0.0341639203892715,-4.871382653,0.0054949452544843,-7.507679177,0.0058273430390493,-7.422946044,-7.422946044,0.1503691654905803,-2.733419335,0.1362786095724985,-2.875368962,0.1414564821374317,-2.821569806,2.1203575134277344,-0.862969697
LHKMTLN,2.1594605946195387,1.11067099079098,0.1487956342770431,-2.748595897,0.192696198678109,-2.375599983,0.0896190169413743,-3.480051289,0.0090726281505972,-6.784263755,0.0047799015294328,-7.708803387,-6.784263755,1.410599948545029,0.4963088921990133,0.2557475641679931,-1.967207596,1.5342611092085026,0.6175440297142959,1.2446129322052002,-0.183818951
LHKMAVN,2.679610549712885,1.422023336942121,0.0906932710187743,-3.462860676,0.1066997605372725,-3.228371157,0.1939063446121993,-2.366568086,0.7948486050149722,-0.331247999,5.294169048078126,2.404404262254958,2.404404262254958,1.4306642652059345,0.5166851537201584,0.2167190932443554,-2.206101832,1.4816004785470005,0.5671564696916676,2.347608089447021,-0.186865523
LHKMGLT,1.1510126485632597,0.2029036874399299,0.0438553488875461,-4.511103376,0.1475153688933309,-2.761062825,0.1375063597670851,-2.862429749,0.0058566603670841,-7.415706051,0.0085376126756436,-6.871951571,-6.871951571,0.1118104796249763,-3.160872681,0.1236374723242487,-3.01581203,0.1134066234684396,-3.140423192,1.8702646493911743,0.5244101285934448
LHKMGLE,0.7298487074796077,-0.45433066,0.3949290545818874,-1.340334585,1.391063387223512,0.476188161324759,0.1234990806315514,-3.017427793,0.007619070477104,-7.036169284,0.0082314119723935,-6.924644361,-6.924644361,0.0778669516982547,-3.68284504,0.0888540151344306,-3.49241922,0.0770995687368586,-3.697133399,1.8704346418380735,-0.031664841
LHKQLGD,0.6801087613437614,-0.556162618,0.041247017707892,-4.599566378,0.1225442543841845,-3.028625251,0.0400757337868718,-4.641127253,0.0154929544027881,-6.012243907,0.0112925144708593,-6.468489427,-6.012243907,0.1029336344948299,-3.280213622,0.077475351109612,-3.690118802,0.1108077140922941,-3.173869774,1.885859727859497,-0.608711064
LHKLGIN,0.6645546673374111,-0.589540212,13.77449253472574,3.7839272644191575,1.122183845203335,0.1663090492405452,0.166743564275441,-2.584297015,28.10839934321473,4.812929395444594,79.03582200410598,6.304434780002396,6.304434780002396,3.348703334311605,1.743602571602907,0.2803193504301198,-1.834856758,3.3722626450877247,1.7537169034239533,1.8832404613494875,-0.016337939
LHKLGPN,0.7629459361963408,-0.390347266,9.11099317225984,3.1876083280773067,3.450695357588475,1.7868871119952376,0.3928595159525685,-1.347914589,200.95483576049705,7.650727484482883,130.10789385323034,7.023564685092731,7.650727484482883,3.4067532084291074,1.7683974396938924,0.3459183608821378,-1.531496503,3.534320974789817,1.821433066406149,2.091024160385132,-0.976843774
LHKLGGD,1.7732777945635116,0.8264185607407158,0.2872154365086055,-1.799794805,2.7034745583436064,1.4348147796770905,0.061958296278011,-4.012558716,0.0077030925604928,-7.020346524,0.8960555493120469,-0.158339923,-0.158339923,0.2793187202787021,-1.840015827,0.1743097606685301,-2.520274738,0.2394267951069542,-2.062343476,1.882792830467224,-2.605534077
LHRTGIE,1.0737165429103066,0.1026131775761732,0.0307594800646382,-5.022825073,0.0751332838984362,-3.734404029,0.0833542481123081,-3.584600462,0.0022616595304868,-8.788402522,0.0138554862001234,-6.173398853,-6.173398853,0.0681670791021978,-3.874781024,0.0479116782950853,-4.383478839,0.0730909523496494,-3.774163358,2.4744129180908203,-1.664039612
LHRMGED,0.8233145591248162,-0.280484357,0.0421179566366579,-4.569420744,0.0243483864675476,-5.36003002,0.0077130441599423,-7.018483914,0.0028947647542895,-8.432338174,,,-8.432338174,0.6617502149639358,-0.595641337,0.1271822566008389,-2.975030683,0.6736963539904244,-0.569829603,2.2110042572021484,-0.232118458
LHRMSSE,1.3781050558232637,0.4626858718869724,0.0523633398553685,-4.255299071,0.0705536446461484,-3.825135579,0.0657917627212274,-3.925949223,0.0077725340136374,-7.00739926,0.0093627557421367,-6.738851064,-6.738851064,0.1031577380244572,-3.277076051,0.0824935610773282,-3.599574674,0.0999905723659518,-3.322064113,1.8258663415908811,0.2935084700584411
LHRIGET,0.6181186896486721,-0.694044207,0.0704769670405153,-3.82670435,0.0275597473307818,-5.181293528,0.1023000952283592,-3.289120607,0.0106734009125597,-6.549836248,0.0078662603974821,-6.99010634,-6.549836248,0.0645233156322181,-3.954035614,0.0602613337034548,-4.052623587,0.0657088722839964,-3.927768007,1.166536569595337,-0.498316854
LHRIGDN,0.9088040977377158,-0.137958755,0.0272378570658985,-5.198242986,0.0589401736563027,-4.084604879,0.0671533003257466,-3.896397885,0.0033892485808587,-8.204818831,,,-8.204818831,0.1129724600468967,-3.145956974,0.0538364890503937,-4.215271862,0.1145202272664892,-3.126325656,1.668463945388794,-0.184895232
LHRIGSN,0.9577626741466124,-0.062259883,0.083533912354884,-3.581494181,0.1084800050768387,-3.204498944,0.1944230984361452,-2.362728466,0.032761240715269,-4.931866195,0.0133089641442502,-6.231457901,-4.931866195,0.2862457175182057,-1.804673985,0.169944458958277,-2.556864771,0.2778619089702812,-1.84756002,1.5643900632858276,1.4843112230300903
LHRQMGD,1.362073291949303,0.4458043355723877,0.0288174686772763,-5.116912575,0.0859862692696377,-3.539749889,0.0533805165374427,-4.227542924,0.0048563943088654,-7.68589872,0.0048563943088654,-7.68589872,-7.68589872,0.0965938080616208,-3.371925479,0.0927467459395283,-3.430559525,0.0794653220803635,-3.653530771,2.43499755859375,-0.32710588
LHRQGID,5.294357266548157,2.404455552084209,0.4145000798236554,-1.270555715,0.110747191118552,-3.174657987,0.0824265439884458,-3.600747184,0.6694537409232877,-0.578943726,0.2565920954588786,-1.962451367,-0.578943726,0.7563331587474117,-0.402906225,0.1346641630004055,-2.892562125,0.7830004724088354,-0.352914917,2.067986249923706,-0.186645448
LHRQGVD,1.2949562161527846,0.3729033196824052,0.4345895364928382,-1.202274655,0.1820875843713276,-2.457295539,0.09813434895188,-3.349097993,0.0075138197299107,-7.056237781,0.0075138197299107,-7.056237781,-7.056237781,0.6550399830612644,-0.610345125,0.1193908852743373,-3.066235395,0.6957570162718384,-0.523344543,2.152962446212769,-0.509297192
LHRLKEE,1.33894785616922,0.4210997776070416,0.0929530246026961,-3.42735438,0.3026201149860904,-1.724420209,0.1240333201526043,-3.011200358,0.0182282809809772,-5.777677675,0.0102866842195498,-6.603078167,-5.777677675,0.0877506137804326,-3.510446973,0.1040271166449692,-3.264968452,0.0848625958553802,-3.55872738,2.15547776222229,-1.497811437
LHRLNSL,0.6630069559119464,-0.592904088,0.0852216846717031,-3.552635619,0.2236743843388964,-2.16052805,0.071343850724262,-3.809067104,0.0277730914078052,-5.170168418,0.0061921601345699,-7.335341503,-5.170168418,0.1680319075825192,-2.573192882,0.1618154914426901,-2.627578364,0.1645944809984725,-2.603012133,0.0206899102777242,1.0841360092163086
LHRLQQE,0.9019788501185644,-0.14883449,0.0569990411621682,-4.132918539,0.1173094032705242,-3.091609434,0.052612938899187,-4.24843855,0.0068172719153036,-7.196589757,0.0059085771038641,-7.40297354,-7.196589757,0.1102329430366295,-3.181372658,0.0828812897936436,-3.592809735,0.1141308573934934,-3.131239191,1.8385026454925537,-0.510037184
LHRLQLN,0.7195992992495908,-0.474734313,11.242674829104136,3.490913413683743,0.5123452578655782,-0.964811757,0.0183337851763949,-5.769351516,9.765026374578444,3.287623940724677,,,3.287623940724677,2.7336251241232152,1.4508154124208643,0.3900218851067916,-1.358373015,2.791167725036797,1.480868820501558,0.0244984161108732,1.67911696434021
LHRLQEH,1.4355454902825118,0.5215990481105014,0.0866606772079507,-3.528478679,0.0655855911118877,-3.930477294,0.0103508073696441,-6.594112887,0.0017051542584572,-9.195882025,0.0039526355301018,-7.982969353,-7.982969353,1.3029978606759025,0.3818347152223943,0.1402130009656938,-2.834307968,1.3298805480433165,0.4112966664145108,0.6261475086212158,-0.113659367
LHRLQEE,0.7171927594386629,-0.479567172,0.07571890268746,-3.723202686,0.0341220123889787,-4.873153456,0.0108384574011371,-6.527696752,0.002033975663138,-8.941481867,0.002033975663138,-8.941481867,-8.941481867,0.1063506478474005,-3.233099273,0.0457418409123586,-4.450341761,0.1128589136587831,-3.147407727,1.8216729164123533,-0.524538338
LHRLQSG,0.7169302790254142,-0.48009527,0.3851568877112583,-1.37648187,0.6898978226119673,-0.535545388,0.0364322993260686,-4.77863814,0.006967224385796,-7.165200257,0.0105570417971673,-6.565650558,-6.565650558,0.4957300007546243,-1.012373524,0.3057340662671995,-1.709650782,0.5126093575218238,-0.96406828,1.46565580368042,1.9447373151779173
LHRLPEY,0.8365009356792991,-0.257560941,0.0936505786979431,-3.41656828,0.0705499510492031,-3.825211108,0.1326371366837998,-2.914443327,0.0149764421987643,-6.061161252,,,-6.061161252,0.0874271571204306,-3.515774702,0.0552297847450416,-4.178409685,0.0779996386799922,-3.680388749,-0.159013569,-0.021155696
LHRLPAD,1.264367016656977,0.3384153054878584,0.0293222822958063,-5.09185879,0.010974833030339,-6.509657199,0.021895764036433,-5.513204397,0.0090331026049786,-6.790562689,0.0090331026049786,-6.790562689,-6.790562689,0.0534086347144248,-4.226783185,0.0380368262268291,-4.716459316,0.0546097223561591,-4.194698368,2.142920017242432,0.0128018697723746
LHRLLSG,0.2734154503350771,-1.870833325,0.246458074979358,-2.020585844,0.5348291497333866,-0.902849996,0.0154559896092473,-6.01569016,0.0351925424980012,-4.828586444,0.0092239902865972,-6.760393291,-4.828586444,1.1966976412145274,0.2590586855959155,0.5143412792698674,-0.959202151,1.21159610266228,0.276908842540373,0.5037266612052917,2.150148630142212
LHRLASD,1.8535887423024715,0.8903211871910105,0.0558520615008405,-4.162245658,0.041096442391595,-4.604842681,0.0343164533499859,-4.864955734,0.0073442189934119,-7.089175206,0.4469674597282819,-1.161758291,-1.161758291,1.810875433198056,0.8566873093536197,0.1646683688738127,-2.60236464,1.8435001296435456,0.8824475178887929,1.8936742544174197,0.7009839415550232
LHRLGTT,0.6411972378669595,-0.641159884,0.0545202825755706,-4.19706315,0.1423707227208008,-2.812275596,0.1886986075225235,-2.405844318,0.0100055699882723,-6.643052834,0.0121496603337708,-6.362940209,-6.362940209,0.2097083875502965,-2.25354353,0.1502080776313142,-2.734965697,0.205481574187481,-2.282919064,0.9784482717514038,1.7295875549316406
LHRLGPV,1.0266818991253992,0.0379892550330954,3.243114720236634,1.6973800578329363,0.1848667483370089,-2.435442342,0.0716104838431024,-3.803685375,1.295284957028451,0.3732695194313077,0.2739888615545227,-1.86781085,0.3732695194313077,2.4902925395141646,1.316315228444415,0.2625860869587567,-1.929137617,2.7250098929814683,1.4462614675150305,0.6590064167976379,0.6332283020019531
LHRLGDG,0.9777980140274763,-0.03239162,0.06595187897623,-3.922442427,0.1734833124137741,-2.5271312,0.0292572526717013,-5.095061887,0.0048959521934866,-7.674194814,0.0048959521934866,-7.674194814,-7.674194814,0.135152159028623,-2.887343536,0.0590203459891878,-4.082643812,0.1305965139686349,-2.936811708,1.6312599182128906,-0.186314821
LHRLGGP,1.5318092918172166,0.6152366948635636,0.0954291269051775,-3.389426517,,,0.1080906466662416,-3.209686406,0.0135224168196704,-6.208503167,0.0109596426121022,-6.511655436,-6.208503167,0.1190246573600763,-3.070667619,0.1895460457667835,-2.399379735,0.1817546436982386,-2.45993587,1.5625849962234497,-0.250599176
LHRLSME,1.250852617870272,0.322911813489637,0.0387713564060771,-4.688864981,0.0762152634608341,-3.713776238,0.0388671114858659,-4.685306296,0.8545955205176253,-0.22668634,0.8545955205176253,-0.22668634,-0.22668634,0.113848506267343,-3.134812732,0.0930171093642233,-3.426360083,0.1274106086025833,-2.972442689,1.4867360591888428,-0.139202729
LHRLSIQ,0.4309041998940331,-1.214560935,0.1242403970430459,-3.00879375,0.3211616825637388,-1.638628318,0.0225424608088769,-5.471211176,0.0068569479880752,-7.188217706,0.0068569479880752,-7.188217706,-7.188217706,0.7997825212769062,-0.322320343,0.2506877221799137,-1.996036755,0.8732194644600815,-0.195583806,-0.410076588,1.9899091720581052
LHRLSGQ,0.4553115666569122,-1.135073985,0.0760961659907918,-3.716032423,0.1431436760918362,-2.80446416,0.1170892847699852,-3.094319039,0.0138360103200995,-6.175428195,0.0090660702338503,-6.785306947,-6.175428195,0.1998951295857235,-2.322684773,0.1590448863974298,-2.652494108,0.2351424625792075,-2.088393007,1.4376373291015625,2.1591622829437256
LHRLSGG,0.7369963012747944,-0.440270716,0.0783841001179362,-3.67329515,0.1828378247641723,-2.451363535,0.1328948650832523,-2.911642733,0.0263581712018682,-5.245605914,0.0140614660812659,-6.152109169,-5.245605914,0.3177264333699124,-1.654142974,0.2834441921034621,-1.818863387,0.3242710305506671,-1.624727952,1.885432243347168,-0.39915204
LHRLSVP,1.1106838528883478,0.1514482237682834,0.7209684813181007,-0.471991905,2.3926158794718915,1.258588799190282,0.0192089279733365,-5.702079184,0.0028763761270754,-8.441531944,,,-8.441531944,0.5141830173254669,-0.959646134,0.3106144812382686,-1.686803003,0.5235642470239158,-0.933561513,1.429023504257202,1.7689889669418335
LHRDGLN,0.6334638130103767,-0.658665888,0.1145903284009132,-3.125442811,0.0741137081133648,-3.754115781,0.0633089793125399,-3.981446054,0.0130317921022106,-6.261820696,1.769940598944454,0.8237009427679933,0.8237009427679933,0.1781091099138996,-2.489166786,0.0605145281283716,-4.046574648,0.1842236721983584,-2.440469639,1.8397353887557983,-0.822652698
LHRDGVN,2.252309124767201,1.1714048479167378,0.2530841337139423,-1.98231103,0.0526501745487399,-4.247417876,0.180602392490998,-2.46911109,3.030439162934333,1.599526880258319,0.6858103751972269,-0.544118365,1.599526880258319,0.2847949407701602,-1.812004577,0.0674140943151465,-3.890805942,0.2851526465948131,-1.810193672,1.9137942790985107,-1.301306248
LHREQGP,0.8442455781839421,-0.244265377,0.0543510869711269,-4.201547302,0.1217412207468882,-3.038110357,0.0659780158280566,-3.921870798,0.0032606144591891,-8.26064042,0.0030102983373699,-8.375877811,-8.26064042,0.0652669700733608,-3.937503124,0.0592239340124182,-4.077675864,0.057053156743284,-4.131549477,1.8020648956298828,-2.378129721
LHRGNLD,0.7613127793143903,-0.3934388,0.1021915810565918,-3.290651749,0.0647171988510951,-3.949707025,0.0735593331921793,-3.764947788,0.0033859272196422,-8.206233322,0.0048886642998897,-7.676343944,-7.676343944,0.0770462214411728,-3.698131985,0.053620242449756,-4.221078447,0.0740382270141106,-3.755585842,1.8486019372940063,-0.752512753
LHRVPDN,1.040146424813497,0.0567866355612498,0.0383755845971333,-4.703667462,0.0800682025920901,-3.642626769,0.1629409999442499,-2.617578428,0.017300619551445,-5.853032487,0.0070549319131932,-7.147152125,-5.853032487,0.0759674993341376,-3.718473858,0.0540379423891177,-4.209883448,0.0674540025293669,-3.889952139,1.302475929260254,-0.17885308
LHRSLNQ,0.8522416862697125,-0.230665474,0.0326273359785148,-4.937774994,0.0879383845857925,-3.507363159,0.0702209990364393,-3.831953668,0.0086605714972529,-6.851322055,0.0086605714972529,-6.851322055,-6.851322055,0.1747452751633596,-2.516674647,0.1650599995011812,-2.598937554,0.1754976276255331,-2.510476567,1.4203206300735474,1.2107644081115725
LHRSLEA,1.4702340297397318,0.5560458194640169,0.0453269497464115,-4.463487111,0.0469171703889691,-4.413740184,2.2966328742258875,1.1995202546850154,0.0083592835318432,-6.902404989,0.0083592835318432,-6.902404989,-6.902404989,0.0703226132666405,-3.829867506,0.0477995306111408,-4.386859739,0.0653472545290363,-3.935729565,1.492644429206848,-0.507959485
LHRSGIN,0.9518353810807166,-0.071216012,0.0261576899478521,-5.256621051,0.041250566071766,-4.599442273,0.075801241259037,-3.721634717,2.6115513552124523,1.3849070740650806,0.0238450432211752,-5.390166792,1.3849070740650806,1.0948333162582125,0.1307112423266269,0.1953686578700228,-2.355729054,1.179555246402923,0.2382429911462335,1.8744956254959104,0.7343013882637024
LHRSVPD,1.006697256433727,0.0096298876054246,0.0328401927192787,-4.928393596,0.1353765861511505,-2.884949853,0.096766954816918,-3.369341728,0.0066899199133831,-7.223795345,0.0159446299737945,-5.970785572,-5.970785572,0.0821189219269563,-3.606141502,0.0833575459662893,-3.584543384,0.0827431129212414,-3.595216955,2.5449795722961426,0.0625349134206771
LHRSSLD,1.029952559225139,0.0425778867804601,0.059010446914118,-4.082885805,0.098592121122217,-3.34238383,0.1579256145617266,-2.662682908,0.0105078023831346,-6.572395216,0.0056106015780178,-7.477628817,-6.572395216,0.1618612821062655,-2.627170167,0.0812724194466552,-3.621090346,0.1527667184341219,-2.710597821,2.311165571212769,-0.209355652
LHLKGLN,1.068259800059181,0.0952625521530553,0.1662103542639807,-2.588917836,0.2009480720166894,-2.315105359,0.1273392492820963,-2.973250931,1.0351687956495974,0.049866034189489,2.1781507555405675,1.123103810227416,1.123103810227416,0.1474736226491373,-2.76147116,0.0892581867670101,-3.48587169,0.1474708978419525,-2.761497816,1.704831838607788,-1.238029003
LHAVLGS,0.4637898058854454,-1.108456985,0.0195911708504292,-5.673652568,0.0139023200569768,-6.168530526,0.0388494236791286,-4.685962993,0.0064130335408573,-7.284777332,0.0064130335408573,-7.284777332,-7.284777332,0.0730766807581166,-3.774445083,0.06345774605798,-3.97805991,0.0754940357840357,-3.727493517,-0.932909846,-2.610325813
LHGMGEE,0.2953406015711542,-1.759548392,0.0858864215787248,-3.541426127,0.2693888656559546,-1.892237872,0.0190204912079902,-5.716301685,0.0086617481260413,-6.851126064,0.0043310816350457,-7.851056919,-6.851126064,0.1042724265188289,-3.261570388,0.1109415428100638,-3.172128401,0.0956752490298889,-3.385710439,-0.110087119,-4.413183689
LHVKGLN,0.947562903418713,-0.077706376,0.3667538176062255,-1.447116112,0.149661603026805,-2.740223962,0.1266094712609172,-2.981542763,0.0130309185644718,-6.261917405,0.0117075841493395,-6.416412782,-6.261917405,0.4807921439704973,-1.056514772,0.1572887501442859,-2.668512607,0.528151666079555,-0.920975816,1.8549305200576784,-1.793160439
LHVRQMD,1.636730915394431,0.7108171569155364,0.0940150972746766,-3.410963741,0.0516099259592777,-4.276207629,0.0853477078001125,-3.550503783,0.0084187752139569,-6.892173923,0.0039909108057569,-7.969066249,-6.892173923,0.0934262124891455,-3.420028808,0.197081444765948,-2.343136142,0.0922759566525709,-3.4379014,1.1341241598129272,-2.254315853
LHVRGLN,0.9146316488949784,-0.128737253,0.1404926557089048,-2.83143338,0.0460484592916607,-4.440703303,0.1233737879252055,-3.018892184,0.0184685275367262,-5.758787342,1.1617997147367911,0.2163613807381552,0.2163613807381552,1.0797296779458787,0.1106701632199912,0.2092218117850084,-2.256894832,1.1536070649734198,0.2061519051377199,0.7794001698493958,-0.573187113
LHVRGVN,0.8635623631710743,-0.211627727,0.4825432360742814,-1.051269881,0.0846537023265612,-3.562283024,0.1416087583962263,-2.820017597,0.005462132653503,-7.516319933,0.0131612805183815,-6.247556328,-6.247556328,1.5373139845810078,0.62041185451179,0.2290339324303571,-2.126366739,1.6313182833589783,0.7060382909555316,0.9399656057357788,-1.340322495
LHVLSVT,0.3798085951541556,-1.396655541,0.057255971419801,-4.126430025,0.0792737255952263,-3.65701341,0.0442821158005435,-4.497132034,0.0083097092021405,-6.910986294,,,-6.910986294,0.1096356820026012,-3.189210681,0.0734480475901817,-3.767132048,0.1025429586982883,-3.285699665,-2.021856785,-2.988378763
LHVVHIE,0.2435217679206912,-2.037877357,0.123279104161751,-3.019999812,0.2084214546536031,-2.2624243,0.0242273371005274,-5.367220347,0.008467373866103,-6.883869694,0.008467373866103,-6.883869694,-6.883869694,0.0948916505905615,-3.397575038,0.0702998956793802,-3.830333641,0.0812834900147891,-3.620893842,-1.470996022,-3.299749851
LHSVAEY,0.6255491354718499,-0.676804886,0.1434312944689419,-2.801568263,0.0479273255875108,-4.383007752,0.1135998865559235,-3.137966701,0.0137640998727792,-6.182945924,0.0064467878836967,-7.277203769,-6.182945924,0.1000450746460252,-3.321277952,0.0683895359217523,-3.87008059,0.0990303583346618,-3.33598533,-0.494525373,-3.050394773
LPNWQLN,0.5668472762186084,-0.818968008,0.1172823933455031,-3.091941645,0.2291286022643827,-2.125770532,0.0232819133703041,-5.424646562,0.0159035379765459,-5.97450844,0.0026507167013775,-8.559401796,-5.97450844,0.1298192669484152,-2.94542358,0.131246075988009,-2.929653805,0.1379918381267721,-2.857345157,-1.57286346,-0.034924515
LPRLPAD,0.5856011161242606,-0.772009792,0.0269142843696648,-5.215484124,0.0416257499197694,-4.586379926,0.0092231489630352,-6.760524886,0.0042001330235472,-7.895349264,0.0034041220201411,-8.198501534,-7.895349264,0.0785014249811329,-3.671137347,0.0350178927232985,-4.835763921,0.0660759351335762,-3.919731252,1.2125102281570437,-3.414362669
LPVSAMS,0.8753468251570363,-0.192073348,0.3121969147134095,-1.679471815,0.0900820791170433,-3.472616064,0.1875923184168584,-2.414327342,0.0173176426596288,-5.851613631,0.7588545529788454,-0.398104699,-0.398104699,0.0662810962245747,-3.915258726,0.0637732391308606,-3.97090503,0.0653969287980566,-3.934633305,-0.278560787,-3.808968067
LLHKSVN,0.7800386700547681,-0.358382448,0.0695171799725844,-3.846486631,0.042776056485128,-4.547052703,0.1360163535520361,-2.878147975,0.0351452012973805,-4.830528472,0.0131208262450417,-6.251997618,-4.830528472,0.0925365367160264,-3.433833084,0.0700549837093501,-3.835368502,0.0949864322821456,-3.396134734,1.9753059148788448,-1.014385223
LDRGNVN,0.5099532434807035,-0.971563119,0.0555773509591318,-4.169359118,0.039614762772058,-4.657818027,0.0185705268627002,-5.750841443,0.0061184817436743,-7.352610582,0.0056487682462132,-7.467847973,-7.352610582,0.0747769521101898,-3.741262521,0.0587287796372975,-4.08978853,0.0737460004695648,-3.761291381,1.5014930963516235,-2.912767172
LAVRSDY,0.8956655928499752,-0.158967909,0.0396607441531596,-4.656144443,0.0172868194781113,-5.854183731,0.1118928861349784,-3.159809779,0.0311117471755715,-5.006396774,0.0155556858529353,-6.006414185,-5.006396774,0.0894250343713102,-3.483177422,0.0587349113848266,-4.089637909,0.0803171904110704,-3.638147387,0.4361802339553833,-3.003652573
LASGPQN,0.53270012625799,-0.908604472,0.092336450533416,-3.436955914,0.2281195341862123,-2.132138103,0.2658055518106609,-1.911556857,0.0062386681259275,-7.324546219,0.0199735446036644,-5.645765806,-5.645765806,0.0604382324591393,-4.048394721,0.0498780243316496,-4.325451869,0.0572805461533111,-4.125810941,0.0387034825980663,-4.90322113
LGESVWV,0.6879515146540123,-0.539621204,0.0271021968851677,-5.20544639,0.0522760814935286,-4.257705186,0.0463677989393013,-4.430732946,1.3114775057109926,0.391193062900261,1.3114775057109926,0.391193062900261,0.391193062900261,0.0734184631602052,-3.767713274,0.0665654194017246,-3.909083295,0.0709350525030777,-3.817357479,-2.893918514,-1.619926929
LVQHGGP,0.4532414942461948,-1.141648149,0.1345189700689119,-2.894118457,0.1192864185748416,-3.067498301,0.1308479457644289,-2.93403682,0.0084050838835449,-6.894522067,,,-6.894522067,0.0947812854871514,-3.399253962,0.0764287555799658,-3.709740649,0.0885718626449395,-3.497007731,0.9912759065628052,-4.875491619
LVARPVS,1.4300789366195443,0.5160947821970381,0.057398794601748,-4.12283575,0.0502229913762209,-4.315508229,0.0652505830934573,-3.937865396,0.0080326536577385,-6.959907611,0.4103780480160218,-1.284974535,-1.284974535,0.0409987094663047,-4.608277692,0.0470169828829356,-4.410674227,0.0658540650542858,-3.924583692,1.1616473197937012,-2.977865458
LYAKSMH,0.7270988471650452,-0.459776587,0.0512589931438864,-4.286051049,0.1082485777306332,-3.207580025,0.0344227970165847,-4.860491862,0.0056706860464797,-7.462261,0.4628841063699722,-1.111277068,-1.111277068,0.2994315688696236,-1.739701763,0.8636364300858753,-0.211503994,0.2726909905328762,-1.874661059,0.9932042956352234,0.214879959821701
LYAKSVL,1.4248128715309196,0.5107724546866083,0.0434992321311237,-4.522866256,0.1746833524693432,-2.517185971,0.1486371226707561,-2.750133616,0.009141935241978,-6.773284685,0.3990474560482801,-1.325367768,-1.325367768,0.1708779434658685,-2.548961906,0.3466950023872927,-1.528261055,0.163434409961525,-2.61321633,0.2829134464263916,2.013700485229492
LYVRSDQ,0.712051084054363,-0.489947348,0.0261445737009444,-5.257344643,0.0354939304206982,-4.81628385,0.2841001169575544,-1.815528669,0.0063532225590979,-7.298295726,0.0063532225590979,-7.298295726,-7.298295726,0.1065254544173701,-3.230729889,0.078148725654278,-3.677633842,0.116960049599772,-3.095912267,0.5679713487625122,0.8953559398651123
LSNLWPQ,0.7434522262579222,-0.427688056,0.0690861574950176,-3.855459517,0.0554267290603569,-4.173274318,0.0965008018371214,-3.37331526,0.0044295489787837,-7.818624475,0.0035900589656173,-8.121776745,-7.818624475,0.0761758031441805,-3.714523384,0.0516786205566892,-4.274288629,0.0689555978563152,-3.858188514,-2.762935162,-0.385798305
LSTETRA,0.6314918854796374,-0.663163899,0.0452025921414735,-4.467450683,0.0669827933531201,-3.900065648,0.0486267478105132,-4.362106083,0.0043692222970361,-7.838407776,0.0049772902906343,-7.650423753,-7.650423753,0.0628419356896562,-3.99212857,0.0383602573059584,-4.704243792,0.0545460150254814,-4.196382389,0.9317068457603456,-4.332151413
LSRLNPN,0.9184850309795348,-0.122671886,0.7807382080137991,-0.35708922,0.1372851030014625,-2.86475301,0.035404613367811,-4.819918828,0.0127723162771452,-6.290836006,0.4868964822771078,-1.038313017,-1.038313017,0.8050652664287427,-0.312822348,0.1861884116234241,-2.425164813,0.9127884448434432,-0.131647566,2.273742198944092,-1.07691443
LSRLQSN,0.9656476330243012,-0.050431252,0.0273496586426463,-5.192333363,0.0499060545717071,-4.324641337,2.203045032958337,1.1394989858066775,0.0190828361872,-5.711580582,0.009875772566265,-6.661890672,-5.711580582,0.2482064484602527,-2.010387497,0.1675941939599893,-2.576955925,0.2492457939076188,-2.004358936,2.115290403366089,-0.479137778
LSRAGVN,2.2318504292445662,1.1582403460660522,0.0334631549969336,-4.901282717,0.0639827686162334,-3.966172769,17.76015836020781,4.150572540565691,2.456179508611484,1.296416003183574,0.0186038594727202,-5.748254242,1.296416003183574,0.2981066802910162,-1.74609939,0.1366352876464458,-2.87159797,0.3227589104537533,-1.63147117,2.3308162689208984,0.5968300700187683
LSGTDIN,0.4205351500129478,-1.249701703,0.029916841541023,-5.062898318,0.0501699094363431,-4.317033856,0.0201210799618151,-5.635148449,0.0135775224564007,-6.20263594,,,-6.20263594,0.0754321262211639,-3.728677098,0.0533121630324868,-4.229391472,0.0793183862503344,-3.656200864,-0.176050395,-3.753967047
LWDRFID,0.2430501136745034,-2.040674286,0.3192311920693639,-1.647326471,0.1704657364676291,-2.552446308,0.0775369580010016,-3.688972055,0.0249194054971815,-5.326586539,0.0249194054971815,-5.326586539,-5.326586539,0.2312339638026986,-2.112574777,0.2486977304509935,-2.007534753,0.2515613981023808,-1.991017536,-3.321540594,-0.563539028
LFMSSVY,0.138614786521984,-2.850846932,0.1941092102255796,-2.365059521,0.4175916208292333,-1.259835331,0.1018687592365073,-3.295216416,0.0115980683014324,-6.42997165,0.0115980683014324,-6.42997165,-6.42997165,0.1286422890009214,-2.958563112,0.1853535346092552,-2.431648468,0.1676918119905704,-2.576115848,-3.651205778,-0.010913923
ETRLQPF,0.6755657571870012,-0.565831892,0.0605116947138744,-4.0466422,0.088170148364596,-3.503565902,7.901149894918642,2.982062631387617,0.0163087089015138,-5.938213616,0.005752434489874,-7.441611636,-5.938213616,0.0576228586060829,-4.117214957,0.0621629166266522,-4.007801995,0.0590126649494749,-4.082831579,0.4276543855667114,-3.551599264
EHRLAEN,1.3670877877945162,0.4511058888468646,0.0631035413687129,-3.986135218,0.074845427365177,-3.739942011,0.0735190124271273,-3.765738803,0.0021306799367114,-8.874470392,0.0048343518711661,-7.6924618,-7.6924618,0.087383527661269,-3.516494841,0.0683461430020653,-3.870996266,0.0778613184475088,-3.682949415,1.3103415966033936,-2.266959667
EHRLSGQ,0.5041604465823957,-0.988045157,0.0325235495351359,-4.942371472,0.0806178094914833,-3.632757606,0.10860275438859,-3.202867402,0.0056329585231797,-7.471891436,0.8466328244268576,-0.240191671,-0.240191671,0.0759223316732455,-3.71933189,0.0525016732005228,-4.251492788,0.0769411711049886,-3.700100401,1.0429447889328003,-2.036358118
EQKTKPN,1.230462509079327,0.299200701039204,0.0427308763596128,-4.548577284,0.0808527654362704,-3.62855907,0.2496075841760321,-2.002266325,0.0211471999821358,-5.563389535,0.5442985837114871,-0.877529813,-0.877529813,0.1142627154261645,-3.129573374,0.0930920240046959,-3.425198625,0.1116270642103376,-3.163241241,0.4112078249454498,-3.124106884
EARSSSE,0.5896259275874397,-0.76212813,0.0361303113908375,-4.790646501,0.0600157071389066,-4.058516062,0.031671659867972,-4.980663711,3.0942840994437626,1.6296056628639215,0.0033890029161986,-8.204923406,1.6296056628639215,0.0928212040077039,-3.429401779,0.0523209038828538,-4.256468725,0.0853546370066841,-3.550386658,-0.276826233,-2.868998051
ESIRARP,0.4239488197841224,-1.238037986,0.2128737136142441,-2.231930283,0.2672237597304496,-1.903879807,0.2759480206010821,-1.857531558,0.0456485284076057,-4.453287838,0.0156480542866135,-5.997872909,-4.453287838,0.1614605521618723,-2.630746364,0.1465753544863227,-2.770285549,0.1717845670457433,-2.541327663,1.1254476308822632,-3.308475494
ESDRTGV,0.290369536494612,-1.784037991,0.078508984984265,-3.670998417,0.1040370272141456,-3.264831014,0.0532880351613219,-4.230044551,0.0095279298148102,-6.713621499,,,-6.713621499,0.0849162630156331,-3.557815307,0.0661075793606072,-3.919040501,0.0826692862883519,-3.596504758,-0.486332357,-4.527416706
DNANRSI,0.5702439714219156,-0.810348805,0.0587474759325244,-4.089329322,0.1779508378913949,-2.490449369,0.1636507943239527,-2.61130749,40.96079445469327,5.356171792274372,0.0085007836838857,-6.878188436,5.356171792274372,0.0634380132932854,-3.978508599,0.0416107046503547,-4.58690147,0.0493693563119411,-4.340240355,0.3848690986633301,-4.134672642
DYTTIHG,0.3016081590748183,-1.729252638,0.0638570095130671,-3.969011198,0.2478696606112683,-2.012346399,0.0742273425402737,-3.751905471,0.0167880751919831,-5.89641936,,,-5.89641936,0.0758695327216524,-3.720335538,0.0516302939801437,-4.275638377,0.0876640911467384,-3.511870181,-0.165331572,-3.617245436
AHTLTPD,0.4269825684996292,-1.227750922,0.071078466129832,-3.814443641,0.1381021198362658,-2.85619263,0.1182619897066758,-3.07994164,0.0061339593699697,-7.348965674,0.0034938135827978,-8.160981651,-7.348965674,0.1277531392002215,-2.968569353,0.0890348223326967,-3.489486492,0.1022435783347467,-3.289917861,-0.889313221,-4.511140347
AVRQSDF,0.8953326221580826,-0.159504342,0.0733691947160941,-3.768681739,0.0914148154553803,-3.45142819,0.1789514193717041,-2.482360108,0.0065232513533499,-7.260193065,0.0080262633431227,-6.961055793,-6.961055793,0.049769920311345,-4.328582113,0.0405807513101272,-4.623060614,0.0476029333077016,-4.392805714,0.9355536699295044,-3.582695007
AIIRYWY,0.0295189325275794,-5.082215639,0.5710953222478954,-0.808196527,0.4408775699004302,-1.181550015,1.010135130744658,0.0145483022985886,0.1641728802104239,-2.606712268,,,-2.606712268,0.2667079443764403,-1.906667296,0.4302802844425063,-1.216651358,0.3344657485842149,-1.580069618,-4.841902256,0.0453974977135658
AMVKCDW,0.1052225074752841,-3.24848476,0.5910835475835483,-0.75856603,0.6215971840466392,-0.685948127,0.1546169266095111,-2.693229829,0.0235156275267865,-5.410236358,0.0235156275267865,-5.410236358,-5.410236358,0.2292405375735239,-2.12506591,0.2245826298414574,-2.154681747,0.2456907617673163,-2.025084483,-4.201242447,-0.288082987
AHRTGQH,0.6855394752631495,-0.544688352,0.0788268373228855,-3.665169298,0.1240207869631691,-3.011346146,0.0070702757385616,-7.144017804,0.0025692434536991,-8.604440683,0.00682900426568,-7.19410905,-7.19410905,0.1091629268001822,-3.195445114,0.0875819303030639,-3.513222943,0.111616150232909,-3.163382303,-0.142310917,-1.407326579
AHVKSTV,0.5585911488840689,-0.840135381,0.0316990045947105,-4.979418652,0.0619005194747119,-4.013904673,0.1942844950599935,-2.363757324,0.0253755943672495,-5.300414575,0.0109577772172036,-6.511901012,-5.300414575,0.1272380259919151,-2.9743982,0.1072696900029683,-3.220685607,0.1186608689006499,-3.075083843,0.9752126336097716,-2.449229717
AARLSNG,1.9690810353734385,0.9775224849955488,0.0720953749883615,-3.793949478,0.044687091753739,-4.483998033,0.0573151111399324,-4.124940634,0.0064834683189325,-7.269018498,0.8076416033522422,-0.308212866,-0.308212866,0.0981393959971094,-3.349023797,0.0868241682760337,-3.525759504,0.101109246468625,-3.306013157,2.2136714458465576,-2.928436279
AVREGNS,0.5460857960778985,-0.872800463,0.2148663916042709,-2.218488254,0.1450715265251871,-2.785163708,0.2509655346629544,-1.994438844,0.0122859748061511,-6.34684386,0.0122859748061511,-6.34684386,-6.34684386,0.0542734551690758,-4.203609433,0.047710305518765,-4.389555265,0.0613538724278069,-4.026701785,1.0299665927886963,-4.535062313
GTANQGY,0.5894016831516316,-0.762676915,0.1602827640252034,-2.641308801,0.0782544414040954,-3.675683554,0.1671331685964835,-2.580930021,0.0163328719665371,-5.936077694,0.0138857425230269,-6.170251864,-5.936077694,0.0634989395504904,-3.977123691,0.0451620605616591,-4.468744878,0.0557372528993082,-4.165214291,0.1786132156848907,-3.802837372
GVRQDWS,0.4290731668104202,-1.220704414,0.0465641925262164,-4.424635229,0.0733268028535126,-3.769515552,0.0383748946417577,-4.7036934,0.0078159910480083,-6.99935547,,,-6.99935547,0.0667417085412905,-3.905267571,0.050148498140387,-4.317649694,0.0739881539993048,-3.756561886,-1.541671872,-1.420245886
GTGQYPR,0.7366056133149559,-0.441035704,0.056842368714628,-4.136889514,0.0485938098576857,-4.363083643,0.1827104631273924,-2.452368841,0.0078786598455045,-6.987834036,0.0217627573033068,-5.521994835,-5.521994835,0.1347365602102502,-2.891786722,0.0978828412516004,-3.352800211,0.1241252245008305,-3.010131768,0.4782633781433105,-3.011001825
GMRSGVQ,1.828651422835406,0.8707800950570347,0.0702214682073925,-3.831944029,0.0860208524639875,-3.539169761,0.1049339200073713,-3.252446989,0.0204603478616356,-5.611025516,0.0159753894784593,-5.968005085,-5.611025516,0.0677025035347495,-3.884647006,0.0616898958653757,-4.018821979,0.0784353875348072,-3.672351491,1.0484658479690552,-3.602178574
GQVGYTH,0.436078612456922,-1.19733986,0.0339737391351916,-4.87943618,0.0814194860567798,-3.618482075,0.152116913199532,-2.716747526,0.0270575735758127,-5.20782372,0.0383937990709966,-4.702982868,-4.702982868,0.0957591131203809,-3.384446399,0.092253485045047,-3.438252777,0.0930312057285934,-3.426141465,-0.457520545,-2.811986208
GHNQSTV,0.5813500065695518,-0.782521083,0.1399910285364701,-2.836593721,0.2242857498897834,-2.156590134,5.192529137213229,2.3764374065913656,0.0199868176645237,-5.644807408,0.016736245945154,-5.900880232,-5.644807408,0.0671321558677301,-3.896852216,0.0437435073854963,-4.514787288,0.0695496959798055,-3.845811981,-0.048429362,-4.595283985
GARLSEH,0.8541254590798485,-0.227480098,0.0251920429638163,-5.310888067,0.089416541863619,-3.483314438,0.1113178628813471,-3.167242978,0.0068675704978237,-7.18598447,0.0133905177896763,-6.222644441,-6.222644441,0.081385597132163,-3.619082687,0.0967594864477369,-3.369453078,0.0925567418654129,-3.433518109,0.4650129079818725,-2.946705341
GARSTGL,1.3594295401690024,0.4430013777819067,0.0264294462295891,-5.241709993,0.1133437061329103,-3.141223813,0.0329528469890585,-4.923453076,0.004394961198411,-7.829933856,,,-7.829933856,0.0884220411642741,-3.499450151,0.0651707195706605,-3.939632265,0.0795264363107627,-3.652421667,1.1431162357330322,-3.644785404
GAYIRIQ,0.5553457826193939,-0.848541759,0.0626834880914696,-3.995770727,0.2371275466749735,-2.076264827,0.2053913375470475,-2.283552758,0.0210862402127973,-5.567554312,0.0071259652311073,-7.13269884,-5.567554312,0.5469339894257236,-0.870561373,1.8347788671225675,0.8756061957497273,0.4116349198634546,-1.280562721,-0.415721297,-2.772373438
GVRYQVA,0.7602238447680876,-0.395503818,0.0998133488248873,-3.324623418,0.1359975531360047,-2.8783474,0.1405850489502912,-2.830484921,0.0096930556047361,-6.688832757,0.0074603386489993,-7.066543164,-6.688832757,0.1509044457206718,-2.728292786,0.1328335100930805,-2.912308952,0.1510884236973144,-2.726534969,0.2321806848049163,-3.067146301
GSGTSNG,0.5182565235382212,-0.948261724,0.3249115288239941,-1.621881159,0.1328041323972567,-2.912628056,0.2388041398269795,-2.066100248,0.0117415123218809,-6.412237948,0.014933766151019,-6.065278145,-6.065278145,0.0868606076266286,-3.525154145,0.0623391203486884,-4.003718392,0.0823188872317381,-3.602632709,0.8928386569023132,-4.575891972
GSVLTMY,0.4646934040011972,-1.105648928,0.1202210528286803,-3.056238535,0.0678253442029333,-3.882031726,0.0516674434461877,-4.27460069,2.4652265534744813,1.3017202358750246,0.0110572743734677,-6.498860386,1.3017202358750246,0.1144294064622592,-3.127470246,0.0753669744121548,-3.729923713,0.0984940991953795,-3.343818895,-2.399540901,-2.707155466
VKSEDQC,0.1234571130733934,-3.017918134,0.8031885888485137,-0.316189322,0.2910397512404729,-1.78071188,0.0661783388062857,-3.917497112,0.024837239188748,-5.331351372,,,-5.331351372,0.2025218424835704,-2.30385058,0.1700271170335727,-2.55616324,0.183461308885026,-2.446452257,-3.733706713,0.1789043545722961
VHHGDAN,0.4885110838571295,-1.033536799,0.0950389458865914,-3.395337355,0.0835964756270398,-3.580414069,0.0173743178408725,-5.846899855,0.0138303264293373,-6.176020982,0.0138303264293373,-6.176020982,-6.176020982,0.0975632959365529,-3.357517693,0.0759262850696161,-3.719256768,0.0794303905855024,-3.654165092,-0.165080011,-3.535839796
VPEYFPT,0.2871690954133921,-1.800027597,0.0591212041508629,-4.080180536,0.2099235786914356,-2.252063875,0.0844542187629334,-3.565686698,0.0139412039176417,-6.164501037,0.0139412039176417,-6.164501037,-6.164501037,0.146928750597415,-2.766811369,0.1756442508896542,-2.509271739,0.1531511226148761,-2.706972153,-2.116260052,-1.655897021
VKTHIGS,1.364439580230513,0.4483085109684167,0.0824159817464279,-3.600932064,0.0909606138912574,-3.458614199,0.2230892771647935,-2.164306923,0.0067077106352511,-7.219963831,0.0103643949913571,-6.592220286,-6.592220286,0.0782112200242468,-3.676480601,0.0624900329525274,-4.000230089,0.07273802346663,-3.781146466,2.200758695602417,-3.790908575
VNHGSVD,0.1790036102555995,-2.48193941,0.1574107639502014,-2.667393897,0.1586921695034926,-2.655697153,0.0520563412342595,-4.263782274,0.0097690406728346,-6.677567389,0.0097690406728346,-6.677567389,-6.677567389,0.0811609641570047,-3.623070186,0.0535389857579326,-4.223266381,0.0916249093804446,-3.448116323,0.5402604341506958,-4.476249695
VNREGPI,0.7506309031549666,-0.413824408,0.0502409770075573,-4.31499167,0.0902248359948621,-3.470331574,0.0966096910894478,-3.371688274,0.0287170252982999,-5.121949877,,,-5.121949877,0.0648058559292615,-3.947732007,0.049115668822929,-4.347672845,0.0473435413386014,-4.400688565,1.4370683431625366,-4.225640297
VTLHEHH,0.7806334969694462,-0.357282725,0.0739153513235729,-3.757982164,0.2261065108300091,-2.144925559,0.0081364197383284,-6.941390178,0.0024749297526957,-8.658396708,0.0024749297526957,-8.658396708,-8.658396708,0.0726360311618201,-3.783170814,0.0398569528519957,-4.649024772,0.0666502256810059,-3.907246429,-0.258664548,-2.932791233
VRADHFN,0.572032228739802,-0.805831663,0.0332161547981685,-4.911971118,0.0593810806418196,-4.073852841,0.1050659693176618,-3.250632636,0.0090976831194327,-6.7802851,0.0078530166906629,-6.992537321,-6.7802851,0.0636070094630291,-3.974670431,0.0419516809487389,-4.575127571,0.0524040200876747,-4.2541787,0.0645964294672012,-2.765360117
VITTETF,0.4684555851376651,-1.094015824,0.0885435006815176,-3.497469776,0.1272816712234419,-2.973903411,0.0672470879452642,-3.894384395,0.0055966933453257,-7.481209583,,,-7.481209583,0.0702238867055912,-3.831894342,0.0554898234605247,-4.171632977,0.074351471659921,-3.749494892,-1.998882651,-3.923910379
VIRLQPQ,0.5994082161001654,-0.738389236,0.0661726711236499,-3.917620673,0.087241618524441,-3.518839654,0.0926299771924283,-3.432377031,0.0113253798426191,-6.464296752,0.013083936498143,-6.256059527,-6.256059527,0.1276797077923912,-2.96939884,0.1025229428885573,-3.285981298,0.1217990284169974,-3.03742547,-0.193562865,-3.082513809
VIHMNTT,0.5093401095095762,-0.973298764,0.0992203361445839,-3.333220345,0.0243296256875432,-5.361142065,0.156105173963098,-2.67940974,0.0059217303623337,-7.399765484,0.0462394561148565,-4.434731761,-4.434731761,0.1197722761974013,-3.06163409,0.0569010287382943,-4.135401454,0.0924685058717292,-3.434894112,-0.876527309,-4.589382172
VMNSVHM,0.4657264746851103,-1.102445199,0.0825080925238296,-3.599320562,0.0871527907614573,-3.520309327,0.1396257322217483,-2.840363248,0.0128181115141131,-6.285672464,0.0303916794969827,-5.040179787,-5.040179787,0.0605958934656331,-4.044636163,0.0516386097215878,-4.275406031,0.060736268189602,-4.041297922,-0.885811567,-4.306149483
VMATMSI,0.3407163079154363,-1.553357093,0.0501026464550927,-4.31896938,0.0443024967206115,-4.496468184,0.1278999286356535,-2.966912636,0.0099031242542231,-6.657900544,0.0099031242542231,-6.657900544,-6.657900544,0.0691741132309675,-3.853623945,0.0477512168397904,-4.388318692,0.0708664076355133,-3.818754272,-1.808060408,-3.569792509
VHTKANV,0.8600915150848385,-0.217437922,0.0559673067094553,-4.159271867,0.2397281068692213,-2.060529028,0.1563109805507638,-2.677508966,0.0215481086741169,-5.536294943,0.0155991340313955,-6.002390248,-5.536294943,0.1225152756348818,-3.028966454,0.1059260226487121,-3.238871038,0.1037754331088782,-3.268463142,1.825803518295288,-2.935392618
VHPVASP,0.5881174733851816,-0.76582374,0.0325786956465462,-4.939927346,0.0529335864936675,-4.239672783,0.0794111407237274,-3.65451477,0.0085196069944881,-6.874997404,0.0085196069944881,-6.874997404,-6.874997404,0.0658275314489937,-3.925165092,0.0398904879851616,-4.647811418,0.0710722808975187,-3.81456919,0.9121717810630798,-4.160028934
VHRLTNN,1.0024500758963166,0.0035303892484958,0.0979676168773824,-3.351551244,0.1629891769235183,-2.617151927,0.1530600884558221,-2.707829956,0.0029352266297614,-8.412312386,0.0029352266297614,-8.412312386,-8.412312386,0.7353801274352904,-0.443437905,0.1936612903955513,-2.368392482,0.8107731863951082,-0.302629718,2.0883212089538574,1.457766890525818
VHRLGET,0.3207514676450308,-1.640472228,0.0930225813376496,-3.426275215,0.0902792238505653,-3.469462174,0.0243090868916005,-5.362360487,0.0185517655425311,-5.752299697,0.0055353270664594,-7.49711572,-5.752299697,0.1273963143937908,-2.972604554,0.1269720687267605,-2.977416927,0.1075071518810983,-3.217495457,1.018346905708313,-0.893764615
VHRLGDP,1.4811658894874753,0.5667332304566995,0.0741368635806991,-3.753665108,0.0368830523596694,-4.760898135,0.0466833630012151,-4.420947695,0.0034429657516842,-8.182132455,0.0020545690350062,-8.926948478,-8.182132455,0.1025870128584651,-3.285079992,0.0565344001599109,-4.144727201,0.0920130623666574,-3.442017506,1.4975380897521973,-0.8182019
VHRLSTN,0.9799088247945869,-0.029280574,0.0872580026073921,-3.51856874,0.2162169283883761,-2.209448614,0.1113107344645824,-3.167335366,0.004276380768451,-7.869393968,0.0058960239037438,-7.406041911,-7.406041911,0.8093657082784385,-0.30513637,0.1933320829569815,-2.370847026,0.8718271971209409,-0.197885885,2.312008142471313,1.0119688510894775
VHRLSQS,0.6701666265134291,-0.577408251,0.3277084933338703,-1.609515031,0.1321166660981818,-2.920115625,0.1186218494928614,-3.075558324,0.0161805957717867,-5.949591461,0.0145982977279475,-6.09805604,-5.949591461,0.1965884564335722,-2.346749485,0.1859887090132444,-2.426713054,0.2052977313013108,-2.28421041,1.9583595991134644,1.2467139959335327
VHRLSDN,1.5264723857441775,0.6102014910774287,0.049281788082012,-4.342801588,0.0503700593070748,-4.31128976,0.1227772420247844,-3.025884927,0.0056007892334674,-7.480154146,0.0069810370686689,-7.162342913,-7.162342913,0.1595628515734771,-2.647803283,0.073969229423873,-3.756930943,0.1596575151853343,-2.646947632,1.596773982048035,0.610801637172699
VHELTTR,0.4599056237110134,-1.120590256,0.0561173702373938,-4.155408787,0.102617287603371,-3.284654297,0.0684936302565257,-3.867886363,0.0089286937562288,-6.807335156,0.0089286937562288,-6.807335156,-6.807335156,0.056256272365063,-4.151842229,0.0485282701327802,-4.365030756,0.0398718359351044,-4.648486153,0.1153925880789756,-3.628928661
VHAKSMS,1.3907811892997684,0.4758954594607035,0.0474221957600049,-4.398293725,0.1735580549681478,-2.526509772,3.985584050434946,1.994791153306088,0.0094526154215154,-6.725070724,0.020533132302705,-5.605902464,-5.605902464,0.3355020261028315,-1.575606616,0.4171088028534386,-1.261504335,0.2905659224172072,-1.783062581,1.9895933866500852,-2.298694134
VHVESPN,0.4230815198465464,-1.240992425,0.1155748565882906,-3.113100522,0.1202503239193313,-3.055887315,0.0464318545624517,-4.428741284,0.0057364139647776,-7.445635146,,,-7.445635146,0.0608286393235587,-4.039105457,0.0510843058465308,-4.290976056,0.0591852499794053,-4.078618514,-0.345147103,-4.349103928
VHVANQV,0.4931135034337534,-1.020008335,0.032915072793006,-4.925107801,0.1003743339006871,-3.316537681,0.0403100778767098,-4.632715619,0.0101997115655055,-6.615327835,0.002836592335207,-8.461625458,-6.615327835,0.0742013743394322,-3.752410281,0.0540762831359951,-4.208860197,0.0624432657615277,-4.001310198,0.2181699872016906,-4.486123085
VHFGDHV,0.6541447005571471,-0.612318291,0.1573583254634253,-2.667874585,0.3388295792411233,-1.56136827,0.0610371034824545,-4.034169689,0.0161988548816361,-5.947964359,0.0161988548816361,-5.947964359,-5.947964359,0.0766685280216152,-3.705221708,0.0630946356280321,-3.986338839,0.0745171849737235,-3.746283015,-0.981327116,-3.007783651
VPINLAH,0.4029406458236396,-1.311360753,0.112662706538856,-3.149918059,0.1083601261904321,-3.206094116,0.1003571198209252,-3.316785123,0.0118588319013604,-6.397894279,0.0075154761212618,-7.05591978,-6.397894279,0.0652888318368914,-3.937019961,0.0455129471202359,-4.457579181,0.0542168487326887,-4.205114928,-0.714517355,-2.7472229
VLTSDKK,1.6313394836741577,0.7060570398355912,0.085504859870966,-3.547849768,0.1214818516387786,-3.041187291,0.0578894800304077,-4.110554992,0.0083969919135838,-6.895911686,0.0104711732904509,-6.577433085,-6.577433085,0.0610192381360244,-4.034592023,0.0484143474563879,-4.36842154,0.0614822562013716,-4.023686081,0.2217941135168075,-3.685700893
VLTFREE,0.6167157033573284,-0.697322513,0.1436952006799325,-2.798916217,0.2582380516676218,-1.953226496,0.0397498540142634,-4.652906628,0.0204318468767461,-5.613036572,0.0034820174187607,-8.165860865,-5.613036572,0.0838154802604052,-3.576639463,0.0644454426205927,-3.95577785,0.0756449013608618,-3.724613345,-0.291875243,-3.260884523
VLVIAQK,0.5178387059633803,-0.949425291,0.0276414387448859,-5.177023479,0.0918721159368303,-3.444229134,0.0838590074673259,-3.575890435,13.044040518157797,3.705318922476637,13.044040518157797,3.705318922476637,3.705318922476637,0.0586416859449724,-4.091929608,0.0454839700900091,-4.458498004,0.0551862667214941,-4.179546897,-1.283908606,-4.396681786
VDIYYMM,0.1966527112488729,-2.346278018,0.1153576974860347,-3.115813821,0.3850227747487376,-1.376984309,0.0500850276362477,-4.3194768,0.0228082382062115,-5.454301178,0.0114046656847108,-6.454232034,-5.454301178,0.157480151984214,-2.666758085,0.1211545250471417,-3.045079805,0.1280628974611995,-2.965075538,-3.833818197,-0.547214627
VDRLSAN,1.2447705341032471,0.31587981472477,0.040630006544983,-4.621310593,0.0884403096350205,-3.499152114,0.0650067955058115,-3.943265651,0.0045103773643921,-7.792536142,0.0074962594979648,-7.059613389,-7.059613389,0.0806714446308558,-3.631798098,0.0480776089900739,-4.37849104,0.0786528981917736,-3.668356263,1.3450554609298706,-3.708610296
VAHKSML,0.7852604241007687,-0.348756906,0.1390522035892246,-2.846301487,0.2350927853727416,-2.088697829,0.1582878065222157,-2.659377971,0.0104553845091217,-6.57961007,0.0061415748061964,-7.34717565,-6.57961007,0.1193276653600782,-3.066999533,0.1070494028748297,-3.223651347,0.1179712267559114,-3.083493066,1.7618499994277954,-2.81855154
VGTGFVM,0.5207611884931317,-0.941306164,0.1223029819204502,-3.031468516,0.1239181201738885,-3.012540931,0.1054424098821586,-3.245472846,0.0266126097758444,-5.231746194,0.0062301695542743,-7.326512858,-5.231746194,0.0664288952372444,-3.912045268,0.0421262261606108,-4.569137511,0.0662579103054702,-3.915763486,-1.860654593,-3.667334557
VGHRTDS,1.3606909953238917,0.4443394767396406,0.0551298374448516,-4.181022842,0.0847235092747463,-3.561093842,0.1284783342440019,-2.960403002,0.027502391852675,-5.184299096,0.011504592718827,-6.441646279,-5.184299096,0.0790270394326731,-3.661509828,0.0606628779352488,-4.043042247,0.0774356029010107,-3.690859157,1.0647566318511963,-3.555504799
VGVIEQK,0.4655390494117598,-1.103025909,0.0906072548084125,-3.46422962,0.0667530236017497,-3.905023004,0.0441459886454901,-4.501573837,0.0058828232451923,-7.409275595,4.930593555056385,2.3017613316724668,2.3017613316724668,0.0435542921381097,-4.521041291,0.0422204252203897,-4.565915081,0.0531134840916997,-4.234778021,-0.839393377,-4.188958168
VYHVTNY,0.355596320303818,-1.4916877,0.2807304003134854,-1.832742793,0.2516105767074791,-1.990735526,0.0243872395505494,-5.357729724,0.050100224843087,-4.319039112,0.0045765785573629,-7.77151484,-4.319039112,0.133027814416609,-2.910200169,0.1407998318341803,-2.828282484,0.1444102950885455,-2.791754498,-2.536110163,-0.250976741
VYQEHRP,1.1259124149608402,0.1710946041354995,0.0958102623368561,-3.383675997,0.1156691819110179,-3.111923561,0.1037860796160235,-3.268315141,0.0190359077173947,-5.715132824,0.0049834121108867,-7.6486504,-5.715132824,0.0804040048154691,-3.636588828,0.0867267507740273,-3.52737913,0.0781114656528913,-3.678321859,1.2035799026489258,-2.11082387
VYAFDMT,0.2112290445059771,-2.243119872,0.0737315343685461,-3.76157441,0.0522436804432711,-4.258599655,0.0336335025297943,-4.893957164,0.0126229120004523,-6.307811423,0.0102306123301667,-6.610963693,-6.307811423,0.1523240476205607,-2.714784375,0.1642709356249505,-2.605850847,0.1822259722741327,-2.456199497,-3.675860882,1.0863560438156128
VSTMTTS,0.6381733777804108,-0.647979669,0.0804037874714202,-3.636592728,0.0861461199141915,-3.537070372,0.1668052732408487,-2.583763197,0.0208276613682763,-5.585355334,0.0129393060632954,-6.272095942,-5.585355334,0.1083631856836873,-3.206053383,0.0704397210415049,-3.827466994,0.0909112603604559,-3.459397191,0.2388334423303604,-4.458732605
VSMQSMN,0.5981154817299005,-0.741504034,0.1661665414648616,-2.589298178,0.1273024727640761,-2.973667652,0.040903749552514,-4.611623092,0.0033929360941363,-8.203250027,0.0033929360941363,-8.203250027,-8.203250027,0.0916242088784456,-3.448127353,0.0742194587952864,-3.752058709,0.080608749953181,-3.63291974,-0.497680157,-4.244598389
VSVQQTT,1.0404932756518144,0.0572676414642824,0.0333242714113715,-4.907282857,0.0256568923099046,-5.284509755,0.0822563877462307,-3.603728472,0.0137850751517658,-6.180749057,0.0121141022049614,-6.367168701,-6.180749057,0.0831463566856674,-3.588203141,0.0616911081812834,-4.018793628,0.0794720236875347,-3.653409108,0.3827526867389679,-4.821887016
VFQKEHM,1.0632559774217103,0.0884889655420152,0.1749687830381326,-2.514830548,1.613610184437433,0.6902920947842673,0.0582552678878958,-4.101467675,0.0115745440904888,-6.432900821,0.0096459157002476,-6.695866083,-6.432900821,0.0868456929475697,-3.525401889,0.1031734445975304,-3.276856406,0.0927519867353353,-3.430478005,0.5721320509910583,-2.510813713
YPSVDRQ,0.5765443747310793,-0.794496443,0.056282586326707,-4.151167564,0.0848709294588085,-3.558585713,0.2193079096186916,-2.188970249,0.0266480464397101,-5.229826416,0.0218435026456474,-5.516651976,-5.229826416,0.0716618879195853,-3.802650138,0.0651171220122096,-3.940819252,0.0648647404570123,-3.946421727,0.7733332514762878,-4.309963226
YARISEN,1.6486151745022557,0.7212546791702446,0.0501365191233085,-4.317994354,0.0554264386691789,-4.173281877,0.1419576984056116,-2.816467006,0.0266320586404536,-5.230692238,0.0037316099766219,-8.065986079,-5.230692238,0.1002522050649303,-3.318294126,0.0512268299212545,-4.286956574,0.0949404143024509,-3.396833844,1.3906949758529663,-0.173945427
YARLSPN,1.21352647801986,0.2792055870973701,0.1146382475637946,-3.124839634,0.1105866020565696,-3.176751486,0.0330385528530431,-4.919705694,0.0038157327006067,-8.033824173,0.0021223498453317,-8.880121797,-8.033824173,0.8642050553093972,-0.210554425,0.1856160511014676,-2.429606622,0.9420918515123556,-0.086060369,2.836130857467652,1.14060378074646
YARSPNQ,0.8228380912118716,-0.281319514,0.046489617929035,-4.426947621,0.0484166562342791,-4.368352743,0.2489003089946824,-2.006360074,0.0257770786814853,-5.277767418,0.0191382875972025,-5.70739444,-5.277767418,0.0874756155458826,-3.514975278,0.0753568327881434,-3.730117859,0.0864126933777405,-3.532612941,1.7464208602905271,1.9079209566116333
YARSSPN,1.8286002728104631,0.8707397402258814,0.0658985852952285,-3.923608696,0.1181947368001163,-3.080762301,0.130828293333609,-2.934253519,0.9552804217139144,-0.066003798,0.2864222437104801,-1.803784557,-0.066003798,1.054285018462209,0.0762649420559586,0.1792259253660785,-2.480148754,1.1178796303394845,0.1607648518113713,2.870168685913086,2.312753915786743
YGTFDTF,0.6274980239120705,-0.672317179,0.094361903384486,-3.40565167,0.0191961005449018,-5.703042915,0.0336360211629109,-4.893849132,0.0031561155761418,-8.307634247,0.0031561155761418,-8.307634247,-8.307634247,0.1235734728447299,-3.016559018,0.0864709457454252,-3.531640721,0.1176749106904366,-3.087121337,-3.294432878,-2.126843452
YGVLSRS,1.8541970363018605,0.8907945601400405,0.0274178624304343,-5.188740091,0.0481855046845315,-4.375256974,0.1068542620801442,-3.226283641,0.01364669546996,-6.195304543,0.0107103290746273,-6.544853382,-6.195304543,0.1080356831136308,-3.210420196,0.0795722459558093,-3.65159087,0.119727255436801,-3.062176481,0.0709152296185493,-2.105743885
YVRLFGE,0.3750878237688841,-1.414699664,0.101647877018655,-3.298348011,0.1782776044306763,-2.487802615,0.287868158437688,-1.796519876,0.0088911531729564,-6.813413737,0.0214814363706522,-5.540765726,-5.540765726,0.1110894615490441,-3.170206132,0.1031838181519301,-3.276711358,0.1004371449455794,-3.315635171,-2.183173418,0.4556940793991089
YVRSNNP,1.7753050834171071,0.8280669708211866,0.047738216224562,-4.38871153,0.0950131522902117,-3.395728956,1.791195228471432,0.8409225901422664,0.0474077814876735,-4.398732308,0.0256532385042389,-5.284715224,-4.398732308,0.123173789374316,-3.021232803,0.137427759568672,-2.863254646,0.1247916420274768,-3.002406783,2.5936872959136963,1.7531572580337524
YVRSISN,1.579311155349161,0.659295438490733,0.0377250052096587,-4.72833509,0.1148700350501472,-3.121925589,32.03259852668084,5.001468931073479,2.1345190677372665,1.093911050290928,2.0027867531858563,1.0020088183052889,1.093911050290928,0.1420920968842746,-2.81510178,0.1373632505739759,-2.86393201,0.1471927890695566,-2.764221099,1.5715683698654177,1.8263992071151731
YVRSVSQ,1.5379410578494868,0.6210002125469871,0.0350443216434167,-4.834675492,0.0449088720072694,-4.476855704,0.247726262697447,-2.013181271,0.0331795458413027,-4.913562051,0.0258722361676049,-5.272451437,-4.913562051,0.1495411492068503,-2.74138557,0.1213765125003092,-3.042438821,0.1670494578679111,-2.581652794,1.8717076778411863,1.082852125167847
YVLPEMH,0.3532988078274294,-1.501039214,0.0639574700839121,-3.966743317,0.0036638404799149,-8.092427593,0.0191040978313521,-5.70997406,0.0035851291947784,-8.123759175,0.0035851291947784,-8.123759175,-8.123759175,0.0734652090739419,-3.766794995,0.0480710662120942,-4.378687387,0.0762218053743241,-3.71365241,-2.122948885,-3.030744314
YSTWAET,0.60406927649708,-0.727214083,0.0783890698396189,-3.673203683,0.126217172858694,-2.986019881,0.0410778845576777,-4.605494303,0.017310602761763,-5.852200229,0.0043955091440603,-7.829753998,-5.852200229,0.1252532579522916,-2.997079965,0.1011629037289086,-3.305247742,0.1068502139211226,-3.226338299,-2.012702227,-0.51597017
YSRIGPN,0.7231810196724016,-0.467571281,6.32923433863063,2.6620309842236325,0.3481481846087529,-1.522226594,0.0976309704496022,-3.356517318,6.709983817844617,2.7463092871492334,8.301658601190969,3.053399603527145,3.053399603527145,3.292813182677784,1.7193206631419542,0.3847809959690199,-1.377890548,3.170464502584587,1.6646942241130465,2.7569234371185303,4.198864459991455
YFVKTSD,0.5232360242734144,-0.934466223,0.0893557040164892,-3.484296363,0.2416008492739728,-2.049302569,0.0113989163224426,-6.454959514,4.601208633696997,2.202012874388534,0.0025956026373711,-8.589714748,2.202012874388534,0.1044283761525142,-3.259414309,0.0811676095135144,-3.622952065,0.1052657191524521,-3.24789241,0.1516112834215164,-1.195880175
YKARNFG,0.4240883848252101,-1.237563125,0.3736655230163515,-1.420180638,0.2961085078684969,-1.755802152,0.045235670294282,-4.466395341,0.0235282823827814,-5.409460185,0.0120741365946803,-6.371936162,-5.409460185,0.2052540835762841,-2.28451717,0.3204500945485701,-1.641828399,0.1984609522379297,-2.333072914,-2.993929386,-1.263438106
YNRLSPN,1.2270663099798358,0.2952132135437521,0.1228406096748738,-3.025140517,0.2085970333213741,-2.261209455,0.1128136021856547,-3.147987068,0.0278742575521761,-5.164922811,0.6001123056633169,-0.736695581,-0.736695581,0.2263019574290281,-2.143679031,0.1518008663195358,-2.719748071,0.2613055159297137,-1.936190516,2.0381429195404053,-0.664483845
YTISNSP,0.8114392872341709,-0.30144494,0.0644163684338064,-3.956428861,0.0951219855648319,-3.39407736,0.114284612607481,-3.129296924,0.0070763337101331,-7.1427822,0.0320383393283762,-4.964056821,-4.964056821,0.0907725839815531,-3.461599563,0.055924847174463,-4.160366781,0.0776045358070485,-3.687715213,0.8067224025726318,-3.285884857
YTHVDIT,0.3958001561825009,-1.337155913,0.0512431461239872,-4.286497136,0.1231548272325199,-3.021454917,0.0153591750820929,-6.024755457,0.0053679806887313,-7.541404803,0.0053679806887313,-7.541404803,-7.541404803,0.0699254850587334,-3.838037833,0.0593723886150584,-4.074064034,0.0767707407257377,-3.703299622,-0.22217831,-2.579171181
YTLSAPN,0.4011589913603087,-1.317753961,0.0759257366755881,-3.719267188,0.1294887120450424,-2.949101756,0.0693829225289776,-3.849275579,0.018431288390787,-5.761699267,0.0091117685560384,-6.778053182,-5.761699267,0.0704308392760243,-3.827648915,0.046464266325284,-4.427734562,0.0704761420751666,-3.826721238,0.4704882800579071,-1.831230521
YIAGSEN,0.4404507971544865,-1.18294723,0.0477187183426595,-4.389300895,0.0951387822490655,-3.39382263,0.0433392846552069,-4.528180849,3.147387142712777,1.6541546475018134,,,1.6541546475018134,0.0616088020505122,-4.020719706,0.0482701841674679,-4.372723859,0.0694398869288779,-3.848091591,-0.73770088,-3.521877527
YMKSGNN,1.7336525039924888,0.7938147514967905,0.1649526294355212,-2.599876319,0.06873724775303,-3.862764103,9.775791950124638,3.2892135818303982,0.0220589037267082,-5.502495095,0.0160336777527419,-5.962750806,-5.502495095,0.0819758246834835,-3.608657679,0.102371891682959,-3.288108447,0.0695184886637615,-3.846459472,2.1746537685394287,-1.630964756
YMDRNEL,0.5363243272364284,-0.898822401,0.0498639444439001,-4.325859179,0.0485615923617501,-4.364040461,0.0347466729161705,-4.846981347,0.0093687040743425,-6.737934784,0.0093687040743425,-6.737934784,-6.737934784,0.1087599940543567,-3.200780117,0.0983038050745433,-3.346608929,0.0925967507887299,-3.432894619,0.0942358002066612,-3.212612391
YMVSAMV,0.2542244453689669,-1.975825333,0.1336963785907074,-2.902967707,0.2195176853225859,-2.187590921,0.0248712482259202,-5.329377275,0.0099429072735473,-6.652116532,,,-6.652116532,0.1401811338079933,-2.834635897,0.1449132704106068,-2.786738379,0.1192411788221404,-3.068045552,-1.847036004,-2.764863014
YQKAILS,0.9664670061255431,-0.049207613,0.0773369057269091,-3.692699147,0.2013938910961825,-2.311908172,0.1742090172590779,-2.521108793,0.0122282668380926,-6.35363625,0.0090188376690726,-6.792842771,-6.35363625,0.0825948663233665,-3.597804076,0.0831463934642315,-3.588202503,0.075863923979227,-3.720442194,1.710643649101257,-3.578458786
YQRYNTQ,0.5451299909827145,-0.875327801,0.3810623656114315,-1.391900963,0.4246090219131371,-1.23579307,0.1670900112324669,-2.581302604,0.0112706922400934,-6.471280062,0.0112706922400934,-6.471280062,-6.471280062,0.1901530280857423,-2.394767182,0.2137869344471436,-2.225754409,0.1773715457373759,-2.495153506,-0.282922089,-0.763442099
YQVKMLS,1.3209358908654871,0.4015604497983567,0.0490516835994237,-4.349553535,0.0617560438911611,-4.017275854,0.0627313365654183,-3.994669888,0.6538912169836029,-0.61287745,0.0123710841480005,-6.336884252,-0.61287745,0.0739392254602632,-3.757516259,0.0537751362471494,-4.216916915,0.0673932217965641,-3.891252693,0.7244896292686462,-2.265953779
YHPVSMM,0.7184962766615737,-0.476947414,0.0771963211304309,-3.695324094,0.1362726103936159,-2.875432473,0.0360701196750507,-4.79305198,0.0281832117028409,-5.149020162,0.01032725417671,-6.59739947,-5.149020162,0.0938377833604687,-3.413687255,0.0907960806315161,-3.461226167,0.0890019409459858,-3.490019391,-1.549045324,-2.475204945
YHAKSPN,5.405378876165831,2.4343957435119603,2.4649501775661653,1.301558486641876,10.923652912484526,3.449383474722706,3.5634591132214988,1.8332783711212377,3.382780397475144,1.7582095236418156,1.917931384052137,0.9395511073954316,1.7582095236418156,1.366357643724988,0.4503351580752537,0.3373152169607605,-1.567830692,1.4274178837670215,0.5134077528808318,1.8580323457717896,-1.08149302
YHVKSTS,1.8309082441033604,0.8725594923400549,0.3049545285155638,-1.713333955,1.1219468015914809,0.1660042705102545,0.1241128518502315,-3.010275581,0.0229443831837019,-5.445715167,0.0193699679995451,-5.690034619,-5.445715167,0.1427364058573526,-2.808574744,0.1588163640581245,-2.654568523,0.1348836962311776,-2.890212119,1.7145931720733645,-0.714805365
YHVKSLN,1.1715327088459877,0.2283972343812817,0.1621002882266426,-2.625041439,0.5012263974261114,-0.996465698,0.0750967787437875,-3.735105165,0.0124235997183914,-6.330772937,0.0098307005666795,-6.668490053,-6.330772937,0.4251187807407092,-1.2340621,0.1729126613970211,-2.531884582,0.4135334206207482,-1.273924166,1.4082376956939695,0.7971490025520325
YHVKSEG,0.7493970080649908,-0.416197877,0.075344719943513,-3.730349777,0.3769992026633009,-1.407366623,0.0698250179938127,-3.840112149,0.0154132558447469,-6.019684546,0.0055933993745446,-7.482058941,-6.019684546,0.0743351220324547,-3.74981217,0.0664109253203841,-3.91243559,0.084520147693893,-3.564560901,1.7414414882659912,-0.806434095
YHVQQMK,0.9995474577428708,-0.000653028,0.0617998978880101,-4.016251735,0.0887379271564462,-3.494305336,0.1150955859725536,-3.119095589,0.0033133753763727,-8.237482627,0.0033133753763727,-8.237482627,-8.237482627,0.0958614477816272,-3.382905461,0.0860668871007216,-3.5383979,0.1109672978652204,-3.171793519,-0.289225668,-2.54451251
YHSRLNS,0.7550348364347425,-0.405384885,0.0859350885733494,-3.540608864,0.4371687757558571,-1.193737733,0.0808848381422435,-3.627986895,0.0134632617119208,-6.214828219,0.0134632617119208,-6.214828219,-6.214828219,0.1408149910357799,-2.828127165,0.1496887100981813,-2.739962681,0.1468145782312837,-2.767932864,0.612863302230835,-0.516036034
YPMSSEN,0.9640414829892676,-0.052832868,0.103735068771389,-3.269024399,0.0608813600304858,-4.037855602,0.0718762486223797,-3.798341076,0.0032999086631732,-8.243358191,0.0018795797321109,-9.055374169,-8.243358191,0.0929253557649029,-3.427783883,0.0456758332433832,-4.452425142,0.0778364774662164,-3.683409768,-0.330972344,-3.269393921
YPDERHN,0.6798348186810566,-0.556743841,0.0575267089822233,-4.119624252,0.1047763211754424,-3.254615382,0.0109461502095462,-6.51343263,0.0043759989666466,-7.836171887,0.0115175703156311,-6.440019784,-6.440019784,0.0809677442105489,-3.626508906,0.0636890782199632,-3.972810198,0.0889753480880735,-3.490450518,1.3771270513534546,-3.667718649
YPVRGES,1.1115246261036098,0.1525399119852233,0.0596382451283197,-4.067618383,0.0532526603727174,-4.231002589,2.432788485664178,1.2826108932527638,0.0322084683243568,-4.956416135,0.0188217732850331,-5.731453632,-4.956416135,0.0675593393483305,-3.887700969,0.0525319062519985,-4.250662253,0.0627071623793151,-3.995225953,1.0271321535110474,-1.965233803
YPVRYPP,0.4178141870636271,-1.259066614,0.4643498530745693,-1.106715916,0.6851831669743651,-0.545438386,0.0458759614347307,-4.446117797,0.0094387237747782,-6.727192481,,,-6.727192481,0.1900298068580116,-2.395702367,0.5690271290156778,-0.813430659,0.1937063045005229,-2.368057185,-1.698534012,-0.84761256
YRREIVS,1.2319833088634615,0.3009827102673667,0.0688686988545038,-3.86000777,0.1600035136647485,-2.643824508,0.2621836819816828,-1.931350198,0.0253793142125019,-5.300203104,0.0153459603493992,-6.025997257,-5.300203104,0.1618257494638948,-2.627486909,0.1424959519298382,-2.81100716,0.1461020937590667,-2.774951242,-0.143669158,-1.807885528
YRRSGPA,0.0340680749695042,-4.87543576,0.367132709465514,-1.445626439,1.0368229708617034,0.0521695866657628,0.3386587118279476,-1.562095986,0.0550407311229336,-4.183356556,,,-4.183356556,0.3268631508389895,-1.613241352,0.3648620634822147,-1.45457694,0.3049105242129448,-1.713542148,-2.393681526,-0.933656633
YLKDQNR,1.1273966800481778,0.1729952241572385,0.1486715156521045,-2.749799831,1.7020824732832085,0.7673009435538423,0.2826544801563148,-1.822888531,0.0381407768486678,-4.712521961,0.0177469165417529,-5.816287806,-4.712521961,0.1389823443521415,-2.847026473,0.1458214508483602,-2.777725134,0.1245863819382019,-3.004781713,1.102824568748474,-2.43571806
YLKSMII,0.564819955922555,-0.824137033,0.1366176939597014,-2.871783749,0.086752166325309,-3.526956405,0.0696475773067066,-3.84378302,0.0098340784351858,-6.667994423,0.7243126892224351,-0.465315445,-0.465315445,0.0988885461581882,-3.33805276,0.0905945445538288,-3.464432013,0.0921266763299769,-3.440237224,-1.006980777,-1.405608177
YLISNTG,0.7427426551689298,-0.429065661,0.0435553357228042,-4.521006724,0.0801217053556575,-3.641663061,0.1034248237759498,-3.273345595,0.0188870748295196,-5.726456911,0.0257378453360074,-5.279964908,-5.279964908,0.0692257894473796,-3.852546589,0.0545688485031272,-4.195778589,0.0766071750931065,-3.706376667,-0.112969853,-3.588277817
YLSSSMG,0.4034146716794435,-1.309664541,0.1269424373114847,-2.977753647,0.0312072353895498,-5.001975633,0.042728238190379,-4.548666358,2.995975605351917,1.5830258767402234,0.0296584482496455,-5.075413073,1.5830258767402234,0.0799387671395759,-3.644960867,0.0650015177138907,-3.943382786,0.0873288369787959,-3.517398063,-0.159502447,-3.545152903
YETHSMS,0.6295500400611763,-0.667607039,0.0539284219323203,-4.212810372,0.1423142186577896,-2.812848286,0.1270902353545261,-2.976074906,0.0101368513501248,-6.624246589,0.013471786998406,-6.213914956,-6.213914956,0.0753847492154622,-3.729583503,0.0488348396678247,-4.35594543,0.0652107444026825,-3.938746501,-0.278188586,-3.997591972
YDRSDNQ,0.5008125059474227,-0.997657506,0.0292477357438752,-5.095531249,0.0872838035696987,-3.518142218,0.0189363762915023,-5.72269591,0.0075702928881222,-7.045435167,,,-7.045435167,0.0807328744329973,-3.630699931,0.0743386936470404,-3.749742854,0.0834733028236009,-3.582541334,0.1244320496916771,-1.597099781
YAKISPN,2.639218158580151,1.400110609206528,0.1922261335305654,-2.379123608,0.8125598491601969,-0.299454016,0.1722684277737108,-2.537269777,0.8972316050775041,-0.156447654,0.0171320669736906,-5.867156968,-0.156447654,0.2299631877538909,-2.12052516,0.1463746192968115,-2.772262676,0.2222185322892426,-2.169948957,2.836859941482544,-0.567276955
YAKLSNN,2.135961867125416,1.094885891126529,0.2488435558055955,-2.006689068,0.9624045588520128,-0.055284618,0.0957899576135254,-3.383981775,0.0034358289544547,-8.185126068,0.0114731829920108,-6.445590498,-6.445590498,0.2734182663951363,-1.870818466,0.3590375162780482,-1.477793494,0.2334764397582097,-2.098651121,2.96028733253479,-0.635535717
YAKLSPN,1.1012043069017727,0.1390821575576249,0.4780820042980341,-1.064669993,3.444397902576445,1.7842518148935236,0.1082648100689844,-3.207363703,0.0309474532808487,-5.014035497,0.0079074159789381,-6.982577963,-5.014035497,0.246785247073468,-2.018671943,0.183145112820943,-2.448940891,0.2292953018057305,-2.1247213,3.040318727493286,-0.274746567
YAKANEI,0.4987613142650141,-1.003578526,0.0449493694794017,-4.475555311,0.093463922548692,-3.419446603,0.0877916895807713,-3.50977181,0.0387157479740915,-4.690935675,0.0048469652075038,-7.688702558,-4.690935675,0.0996380818638993,-3.327158941,0.0530087806329077,-4.237624835,0.0815931356421637,-3.615408405,1.2376607656478882,-2.57330513
YAKASGN,1.1463218791740508,0.1970121996669383,0.0256255382246188,-5.286273883,0.1309850620850461,-2.932525803,0.1875983806137852,-2.414280721,0.0234472823032553,-5.414435475,0.0181581896671765,-5.783235814,-5.414435475,0.1656125931191053,-2.594115716,0.126115910832327,-2.987177797,0.1265970250521803,-2.981684592,2.6302473545074463,-0.67284143
YAKGSPQ,1.7257500143709292,0.7872234962969894,0.0645268160721169,-3.953957349,0.1227154466445903,-3.026611237,0.1290697258783824,-2.953777448,0.0206154492761713,-5.600130287,0.0197389914279586,-5.662807913,-5.600130287,0.1461025088517944,-2.774947143,0.1294816819614647,-2.949180084,0.1466425625964154,-2.769624192,2.3077189922332764,-0.009933275
YAKGSLN,2.3268052433546043,1.2183504603328064,0.163013483601968,-2.616936793,0.6347981105595526,-0.655630261,2.9148880013357648,1.5434404518574598,0.5692459125034818,-0.812876068,0.0157025218103796,-5.992859917,-0.812876068,0.2458863821020168,-2.023936258,0.175669324531087,-2.509065806,0.2222843693143028,-2.169521591,2.378359317779541,-0.398290604
YAKGSAN,2.5961817594598458,1.376391390383264,0.0617228147862499,-4.018052334,0.2398472999872531,-2.059811896,0.9141109455099912,-0.129558819,0.0226573881204547,-5.463874629,0.3490355330388389,-1.51855418,-1.51855418,0.2284465019215998,-2.130071743,0.2796422336548868,-1.838345831,0.2293030361147928,-2.124672638,2.3284337520599365,-0.287240028
YAKSNPG,1.1433133994829008,0.1932209222793796,0.0924353077571631,-3.435412163,0.2227744450859999,-2.166344347,0.1417599603683018,-2.818477989,0.05846383566051,-4.096311706,0.5707786024173057,-0.808996843,-0.808996843,0.12379855555719,-3.013933613,0.1235059280492559,-3.017347805,0.1386925721911672,-2.85003757,3.318713426589966,-0.054444972
YAKSTTN,0.7817840446239772,-0.355157954,0.0824332095943754,-3.600630521,0.1350951359556671,-2.887952363,0.2281717289175113,-2.131808046,0.0271918463963641,-5.200682072,0.0140158435231864,-6.156797616,-5.200682072,0.1239596796117091,-3.012057164,0.1113524794054169,-3.166794413,0.1140890911547634,-3.131767243,3.0468125343322754,-0.050430652
YAKSTVP,0.8677267817689315,-0.204687237,0.0481051950472811,-4.377663486,0.2185539334021006,-2.193938752,0.2349660721355563,-2.089475641,0.0200359422820349,-5.641265829,0.4256451636175073,-1.232276857,-1.232276857,0.0812370759779602,-3.621717877,0.0586904087551948,-4.090731434,0.0773699544517058,-3.692082765,2.797348737716675,-1.262031913
YAKSPNT,2.6641764844123816,1.413689654763948,0.0418784775486772,-4.577647194,0.1123445968571754,-3.153997354,0.1533012329926926,-2.705558794,0.0271963581256304,-5.200442717,0.0202904333998304,-5.623056509,-5.200442717,0.0764073077642115,-3.710145562,0.0635187758545011,-3.976673081,0.0806751093291374,-3.631732562,2.725395917892456,-0.303491175
YAKSPPN,0.6997811662605009,-0.515024258,0.0365474993053967,-4.774083494,0.0751775472478743,-3.733554343,0.1781647061875449,-2.488716523,0.0185686915045547,-5.750984035,0.0040075747170079,-7.963054867,-5.750984035,0.0663423240146278,-3.913926638,0.0360326016942912,-4.794553366,0.0599067862791955,-4.061136748,2.8996567726135254,0.6269436478614807
YAKSANS,0.6590956530911968,-0.601440239,0.0558221877676852,-4.163017523,0.06854729746063,-3.866756402,0.3904889272242285,-1.356646455,0.0148026341942203,-6.078002257,0.0352358320969225,-4.826812906,-4.826812906,0.0844905541919271,-3.565066129,0.0616812048956676,-4.019025242,0.078234657975203,-3.676048326,3.110084295272827,-0.991548777
YAKSALN,1.4482350727129414,0.5342957949016589,0.060167211023552,-4.054878706,0.1321684977158438,-2.919549743,0.1477646451105707,-2.75862697,0.0281627506413494,-5.150067942,1.3118288973062286,0.3915795605768618,0.3915795605768618,0.122766312315462,-3.026013363,0.0889927194259607,-3.490168877,0.114989869641183,-3.120421326,2.780761241912842,-1.032049537
YAKSGAQ,1.5543211024936907,0.6362845765390297,0.0152728877018977,-6.032883326,0.0388626020492734,-4.68547369,0.1082132426659062,-3.208051034,0.0457952276901921,-4.448658927,0.0165761530695643,-5.914746959,-4.448658927,0.0848945906359435,-3.55818356,0.0715432576421111,-3.805040378,0.0912614506064034,-3.453850604,2.372268915176392,-0.827299774
YAKSSIN,2.0642026325232066,1.0455845999216566,0.0475786996438462,-4.393540347,0.0831235682141923,-3.588598604,0.2588093983470375,-1.950038087,1.650696268244843,0.7230746856002759,0.0145744649271019,-6.100413271,0.7230746856002759,0.1083375134304731,-3.206395211,0.0876334883456677,-3.512373902,0.1096991934803627,-3.188375176,2.657660961151123,-0.074853815
YAKSSDN,1.0188480071693902,0.0269388447732869,0.1186745546593688,-3.074917459,0.0832653971326471,-3.586139115,0.1249483354842227,-3.000596412,0.0205436050101839,-5.60516682,0.0129899690229843,-6.266458199,-5.60516682,0.1244682238357793,-3.006150619,0.0696680136360997,-3.84335976,0.1252917073838507,-2.996637164,1.641122341156006,-0.26153025
YARNTQS,2.247899683342041,1.1685776540756332,0.0296537588865926,-5.075641199,0.0415820280649565,-4.587896066,0.1734456663838424,-2.5274443,0.0265353656940493,-5.235939759,0.0106250383131805,-6.556388146,-5.235939759,0.1457071269168958,-2.77885665,0.1474868669117367,-2.761341601,0.1473863571781737,-2.762325107,2.332384824752808,-0.931212664
YARQSPN,1.506079105196784,0.5907975480164267,0.0668676802233017,-3.902547122,0.0588587549424749,-4.086599165,4.153621230517725,2.05436966255513,2.566839217044919,1.3599929304919676,1.6718397136095438,0.7414365367337057,1.3599929304919676,0.8302610799669263,-0.268363024,0.1727221581176062,-2.53347492,0.915946350521164,-0.126664997,2.8795957565307617,1.2188360691070557
YARQSSN,1.0892299492365165,0.1233085560776937,0.0308533238304124,-5.01843027,0.0576143482600117,-4.117428045,1.3522271727721409,0.4353375432622368,0.0309797273119616,-5.012531744,4.668029326794799,2.222813624774592,2.222813624774592,0.1909871472530748,-2.388452542,0.148607335462704,-2.750422764,0.1909025650312304,-2.389091607,2.761373519897461,0.8067836165428162
YARLANR,0.0582607295506043,-4.101332423,0.1923596809271683,-2.378121657,0.9329790692664574,-0.100083379,0.2361296622681497,-2.082348813,0.0870748087348275,-3.521600791,0.0870748087348275,-3.521600791,-3.521600791,0.1978751830543088,-2.33733741,0.2534191640484217,-1.980402467,0.2039307671607811,-2.293848643,-3.124739647,-0.393571377
YARLSDE,0.43273835425965,-1.2084331,0.091427439224595,-3.451228978,0.050437426983448,-4.30936151,0.0154899134437989,-6.012527107,0.0061924826469487,-7.335266364,,,-7.335266364,0.067071471687281,-3.898156932,0.0457598381697098,-4.44977424,0.063344040981377,-3.980647284,1.2384217977523804,-0.120502666
YARLSSQ,1.205236860868996,0.2693167019909847,0.0391274649164374,-4.675674549,0.0555630174525666,-4.16973124,0.08680551896438,-3.52606942,0.0107411234069215,-6.540711298,0.0135299918454727,-6.20769522,-6.20769522,0.1879289812645833,-2.411740527,0.1616419145902581,-2.62912675,0.1892854704854961,-2.401364421,2.415160894393921,0.7518088221549988
YARLSSE,0.4883727622466458,-1.033945355,0.0331880666517284,-4.913191601,0.0556480791248425,-4.167524301,4.52260618733389,2.177154376620211,0.0030529680112891,-8.355571811,0.0030529680112891,-8.355571811,-8.355571811,0.1166229274874153,-3.100076652,0.0698083369834692,-3.840456847,0.1214020991688826,-3.042134727,1.999431014060974,0.6223052144050598
YARDDKN,0.7404235604719567,-0.433577292,0.0655945678184913,-3.930279846,0.1465674816123626,-2.770363041,0.0719847002196663,-3.796165884,1.7940750160199386,0.8432402152166497,0.0027017706108201,-8.531879094,0.8432402152166497,0.0728952712761845,-3.77803096,0.06588899021102,-3.923818773,0.0683394213906594,-3.871138157,1.835095286369324,-2.499563456
YARALPN,1.0242684039163656,0.0345938152007745,0.0547048395942127,-4.19218772,0.0617217113578214,-4.018078126,0.0615173713041629,-4.022862333,0.659140597988372,-0.601341863,0.3904699773057936,-1.356716469,-0.601341863,0.1930663770057451,-2.372831158,0.1451815438461767,-2.784070032,0.2002292503436326,-2.32027535,1.3329966068267822,-0.249860317
YARGEPN,1.400610266303637,0.4860555674090439,0.0362508196264762,-4.785842575,0.0590119844116829,-4.082848217,0.005733868083752,-7.446275571,0.0018891530353691,-9.048044709,0.0010760339508067,-9.860060686,-9.048044709,0.0703387417803531,-3.829536662,0.0503057704966797,-4.313132291,0.0791340902055965,-3.659556862,0.3089019954204559,-0.084432609
YARGGTQ,1.3125803761890842,0.3924057692770126,0.0239091442887668,-5.386293693,0.0217294214930517,-5.524206424,0.2080575121859715,-2.264945715,0.0479245797038388,-4.38309041,0.3020151321743498,-1.727307259,-1.727307259,0.1397077580410049,-2.839515958,0.0939423944447299,-3.412079824,0.1233490644392361,-3.019181322,2.0961873531341557,-0.119920067
YARSPTN,1.235436143286777,0.3050204431682495,0.0405069737279404,-4.625685884,0.0477828150503642,-4.387364339,0.1679808140492513,-2.57363163,0.0281248544790659,-5.152010558,0.0152230562665652,-6.037598158,-5.152010558,0.0873191644000223,-3.517557865,0.0807791480368724,-3.629873259,0.090840771625325,-3.460516229,2.546648979187012,1.497099995613098
YARSPLG,2.065428757553297,1.0464412984428135,0.1101941691464973,-3.181880208,0.0743368287838143,-3.749779046,0.1532112484350642,-2.706405874,0.0168579557927947,-5.890426585,0.0119011486316435,-6.392755369,-5.890426585,0.0752073265919518,-3.732982976,0.0543835240131079,-4.20068655,0.0806748429575636,-3.631737325,1.839019536972046,-0.770495236
YARSPDN,0.8025069778176823,-0.317414158,0.0325429342623057,-4.941511851,0.028526230256891,-5.131567082,0.0691651741881486,-3.85381039,0.0102126270723837,-6.61350216,0.0030691941951187,-8.347924353,-6.61350216,0.0684041957042543,-3.869771371,0.0532146638817866,-4.232032339,0.0598844231526317,-4.061675405,0.7561029195785522,-0.049765807
YARSLNN,1.090855231101331,0.1254596523210562,0.0724657996555305,-3.786555916,0.0537540886010828,-4.217481698,2.2707454961762576,1.183166018691296,0.0182437367681881,-5.77645493,0.008247194372497,-6.921880875,-5.77645493,0.1499376425676011,-2.737565471,0.1062237528638665,-3.234821689,0.1353351449187166,-2.885391556,2.134183883666992,1.2875337600708008
YARSLPN,1.1260453931956294,0.1712649865817467,0.0355379520722952,-4.814495643,0.0737887395654762,-3.760455517,0.1500230784795238,-2.736743643,1.3907103094203122,0.4758219319660774,0.0029861085375812,-8.38751768,0.4758219319660774,0.6341275869131123,-0.657154954,0.182534446108625,-2.453759354,0.6719973779497075,-0.573472491,2.2319698333740234,1.118942379951477
YARSANS,0.8172097455248584,-0.291221686,0.066350846353811,-3.913741321,0.136686869566505,-2.871053434,0.134135512304274,-2.898236854,0.0155254750922159,-6.009218773,5.951160066937057,2.5731709221493064,2.5731709221493064,0.1103128583100181,-3.18032713,0.0911851302217433,-3.45505761,0.1178330759995233,-3.085183531,2.938713788986206,1.0370539426803589
YARSGTP,1.3102446428640335,0.389836210308176,0.0388589049615113,-4.685610943,0.0546055860967091,-4.194807645,0.1018287563951753,-3.29578306,0.0160437896165986,-5.961841237,0.3334600222074535,-1.584414285,-1.584414285,0.0864002872248455,-3.532820081,0.0737601608941604,-3.761014387,0.086799287336374,-3.526172992,2.568966627120972,1.213936686515808
YARSGTS,1.064192602831103,0.0897592805410689,0.0315225491738328,-4.987471982,0.0272711693232488,-5.196479629,0.0996646177442631,-3.32677477,0.020736674165819,-5.591671663,0.0094511782289154,-6.725290091,-5.591671663,0.1394114310234295,-2.842579235,0.1269394414575361,-2.977787695,0.1327603018532336,-2.91310428,2.3691444396972656,1.343203067779541
YARSGIP,1.1974637156795966,0.2599819415546198,0.0407995008199008,-4.615304689,0.05814213152917,-4.104272227,1.629665988886725,0.7045763046065078,0.0018548777405033,-9.074460186,1.5031687875402668,0.588007015425436,0.588007015425436,0.1088401998430696,-3.199716584,0.084171602440318,-3.570522606,0.1068070747222045,-3.226920883,2.492654323577881,0.2603065371513366
YARSGEL,0.7968511778555195,-0.327617787,0.0498184133047289,-4.327177117,0.1539088688941191,-2.699851727,0.0761638564605269,-3.71474966,0.0041540542880613,-7.911264214,0.0052060447583188,-7.585596569,-7.585596569,0.0916533965065832,-3.447667844,0.0504988837819872,-4.307604691,0.0960259102372155,-3.380432456,0.8627603054046631,-0.623446107
YARSGDS,1.116952384297463,0.1595676850135899,0.0378666526623695,-4.722928294,0.1196249337296003,-3.063409969,1.7307262254909022,0.7913775303866346,0.0024649550083857,-8.664222971,0.0050837260311293,-7.619898001,-7.619898001,0.1067019039786762,-3.228342175,0.0487014548363337,-4.35989132,0.0877775164322644,-3.510004738,1.0937731266021729,-0.002662695
YARSSPA,1.5160195493929065,0.6002883574868086,0.031360869185871,-4.994890645,0.0747895242451941,-3.741019984,0.16736907288905,-2.578895129,0.025345948035678,-5.302101063,0.0249664065108379,-5.323868005,-5.302101063,0.1182790253667232,-3.079733834,0.0927388060236715,-3.430683037,0.1265891053566991,-2.981774848,2.7039623260498047,-0.838028014
YARSSDD,0.5670470681171689,-0.818459603,0.0444986287461069,-4.490095311,0.0476247112372268,-4.392145845,0.0182545046890945,-5.775603666,0.0067374561148219,-7.213580314,0.0067374561148219,-7.213580314,-7.213580314,0.0945778028857751,-3.402354562,0.0335856821106656,-4.89600986,0.0791266053330138,-3.659693325,1.625627875328064,-0.580677807
YAQSSGL,0.7333182517319969,-0.447488647,0.1139186004790279,-3.133924767,0.065440486351117,-3.933672719,0.3776304837078696,-1.404952866,0.0115433865086682,-6.436789657,0.029892415180603,-5.064076724,-5.064076724,0.0650461489535625,-3.942392545,0.05286568470438,-4.241524622,0.0694928434990916,-3.846991776,0.7146956920623779,-2.656684637
YAHSPPV,0.65994864365489,-0.599574335,0.0633307784159051,-3.980949378,0.0458424515305784,-4.447171992,0.1763960571879083,-2.503109781,5.805812361661433,2.5374979461852174,0.0136402827176456,-6.195982643,2.5374979461852174,0.0640079206505895,-3.965605748,0.0446284998390861,-4.485890878,0.068021386972747,-3.877867767,0.5836401581764221,-1.876150846
YAHSGAF,0.5866518487271649,-0.769423512,0.0453054734061154,-4.464170835,0.0792025611570726,-3.658309107,0.1460092256944555,-2.775868565,0.0087609346326805,-6.834699497,0.0138097501047769,-6.178168976,-6.178168976,0.079594157796305,-3.651193649,0.0698167429568665,-3.840283135,0.0801135517708647,-3.641809884,-0.987349093,-1.332027555
YAPSQND,0.5017067362630182,-0.995083786,0.0518244080632029,-4.270224457,0.103710030337464,-3.269372663,0.0164326539038272,-5.927290693,,,,,,0.0931424226107006,-3.424417783,0.0555819407688687,-4.169239979,0.0833410599593659,-3.584828741,0.1231354251503944,-3.581119776
YALRSPN,1.4922959795757935,0.5775337057790335,0.0334977361424581,-4.899792592,0.0596182655603457,-4.068101785,0.1257047670388477,-2.991888733,0.0063176395404791,-7.30639866,0.0035584035462606,-8.134554154,-7.30639866,0.1053274393186761,-3.247046767,0.0783471409247667,-3.673975562,0.0957357567874214,-3.384798326,2.0119752883911133,1.2378443479537964
YAESTGN,0.5021945859194464,-0.99368162,0.1675202863144377,-2.577592282,0.1744131821143212,-2.519419012,0.0144436958559379,-6.113416243,0.0149384371928789,-6.064826963,0.7449741509842509,-0.424737727,-0.424737727,0.0755523782506957,-3.72637902,0.0543636121484289,-4.201214872,0.0837498500815745,-3.577769582,-0.156432137,-3.761784792
YAGSSET,0.5286187241945021,-0.919700567,0.1769132556727592,-2.498885945,0.0861257615846783,-3.537411355,0.1187649167862807,-3.073819369,0.0145232725297477,-6.105489617,0.0145232725297477,-6.105489617,-6.105489617,0.0605838864035281,-4.044922061,0.0459786336980594,-4.442892594,0.0674432698829372,-3.890181705,-0.098037072,-3.696762323
YAVKSEL,1.3298636854403207,0.411278373231721,0.036023995116894,-4.794898003,0.0553988840532945,-4.173999275,2.264495901349386,1.17918992816777,0.0107178216636504,-6.543844474,0.0060736645646125,-7.363217051,-6.543844474,0.0722201223635283,-3.791455325,0.0498223052951891,-4.327064413,0.0629530643534672,-3.989579584,0.9057875871658324,-0.20996207
YAVKSDD,0.307827884013982,-1.699804173,0.183636906748058,-2.445072059,0.0748846795261196,-3.739185598,0.1050130353922402,-3.251359672,0.0157962327869556,-5.984275656,,,-5.984275656,0.0644598103401205,-3.955456246,0.0479315169890404,-4.382881589,0.0721626654781726,-3.792603561,1.3033286333084106,-1.595517159
YAVKSSN,1.2565236613108346,0.3294378385360342,0.0825184373507401,-3.599139689,0.1312265382191905,-2.929868586,6.224367955746309,2.6379273482803267,0.7925584480296344,-0.335410763,0.0166465238007972,-5.908635251,-0.335410763,0.0689639376623559,-3.858014039,0.0506939541737823,-4.30204249,0.075857673089068,-3.720561072,2.419440269470215,-0.731937945
YAVRSNP,1.0317915196920762,0.0451514941226423,0.0420118617407714,-4.57305947,0.1470370467821102,-2.765748399,0.1995533888906433,-2.325153315,0.0245740239185594,-5.346722076,0.0277662741127676,-5.170522591,-5.170522591,0.0922003953561542,-3.439083253,0.0790652701032323,-3.660812068,0.0887886714113645,-3.493480576,2.4070279598236084,-0.529090583
YAVRSPN,1.8180805345332496,0.8624161072318938,0.0513346432898134,-4.28392343,0.1086477250339476,-3.202270129,0.1340973036832242,-2.898647866,0.4054627217309707,-1.302358816,0.0066133825263776,-7.240395933,-1.302358816,0.1112654794293177,-3.167922035,0.1126026956909124,-3.150686729,0.1185302433592052,-3.076672881,2.422219753265381,-0.178005084
YASVIAQ,0.5413483636668582,-0.885370812,0.1211102204467766,-3.045607476,0.2448185350812264,-2.030215307,0.0142828911566147,-6.129568149,0.0190496111536012,-5.71409464,,,-5.71409464,0.0727552310401825,-3.780805209,0.0482984399396949,-4.3718796,0.0554014224853288,-4.17393317,-0.782749832,-3.504663706
YGKTGPN,1.6440878338045624,0.717287375667605,0.0747366445706491,-3.742040397,0.0818500418928834,-3.610873035,0.1451800882911858,-2.784084496,0.0141193220591784,-6.146185371,0.0191983432524493,-5.702874373,-5.702874373,0.0909512018259845,-3.458763488,0.0806712800489397,-3.631801042,0.1069147499321224,-3.225467194,2.859682321548462,-0.569454312
YGTMLLK,3.690074077234922,1.883649778287502,0.0947877050479705,-3.399156251,0.1600539614284877,-2.64336971,0.0304565224962691,-5.037104964,0.0028184321971952,-8.470891424,,,-8.470891424,0.0380003347240395,-4.717844063,0.0288457847207556,-5.115495679,0.0358400905008406,-4.802281909,-1.902410507,-3.038942814
YGTSSPQ,0.6358506441407465,-0.653240166,0.0404744108492421,-4.626846109,0.0658247941651689,-3.925225085,0.2047078591070692,-2.288361604,0.0177919087334723,-5.812634897,0.0108631036120374,-6.524419847,-5.812634897,0.064987688596824,-3.943689753,0.0431648075386197,-4.534000634,0.0683836566713987,-3.87020462,0.3618496060371399,-3.506985903
YGRLNME,1.596008443641516,0.6744682841213608,0.0617397323973536,-4.01765696,0.1050926945369835,-3.25026571,0.0909575719128358,-3.458662447,0.0148276767575702,-6.07556362,0.0141227240974655,-6.145837796,-6.07556362,0.0704173658638969,-3.827924929,0.0355447284457455,-4.814220577,0.0576647998710407,-4.116165262,1.1910537481307983,-0.177469939
YGRLNMD,2.04019661202408,1.0287081901987645,0.0444199238540535,-4.49264927,0.1203752470929023,-3.054389335,0.1152832072579775,-3.116745717,0.0098338353435499,-6.668030086,0.0060112413386438,-7.378121342,-6.668030086,0.0598047990739682,-4.063594931,0.0424411764705211,-4.558391541,0.0639344569637295,-3.96726252,0.9941816926002502,-0.246075183
YGRLNAD,0.647867365467573,-0.626229607,0.0354689273569035,-4.817300488,0.0599728639086608,-4.059546322,0.0249051323934386,-5.32741311,0.0144815489994976,-6.109640263,0.0074315752368924,-7.07211624,-6.109640263,0.0470662462771796,-4.409163393,0.0336432119237963,-4.893540743,0.048610469383348,-4.362589125,1.81330406665802,-0.938086212
YGRLTSN,0.7803164590679651,-0.357868764,0.0810139109428474,-3.625686535,0.0977427425190026,-3.354866605,0.343311601969915,-1.542409482,0.0738109320322917,-3.760021682,0.0142531525405585,-6.132575137,-3.760021682,0.15660946283485,-2.674756707,0.1181272893701249,-3.081585805,0.1564321990379875,-2.676390596,1.831354141235352,-0.477252394
YGRLSTN,1.3595940408630858,0.4431759436352681,0.0891976967419035,-3.486849732,0.2560687388491116,-1.965396957,0.1450706890729222,-2.785172037,0.0216026654745551,-5.532646857,0.0077587373503332,-7.009962396,-5.532646857,0.1715116524686454,-2.543621499,0.1454125347606969,-2.781776458,0.1751050309489583,-2.51370756,2.0538735389709477,-0.484939188
YGRLSQN,1.3535062817059222,0.4367015832048547,0.1057492679464775,-3.241280419,0.2331871822192472,-2.100439606,0.1386126535162114,-2.850869132,0.0228357135193656,-5.452564321,0.0179290037014098,-5.801560869,-5.452564321,0.2013014886626919,-2.312570254,0.1441561559886483,-2.794295648,0.1702214087220476,-2.554515599,1.5423007011413574,0.0932716652750969
YGRGVLD,0.9215458674050968,-0.117872121,0.0521105962780206,-4.262279427,0.0415164919023362,-4.590171647,0.0764761105830811,-3.708847037,0.0098156573454168,-6.670699398,0.0154460834281332,-6.016615121,-6.016615121,0.0793513702359022,-3.655601054,0.0523213358443191,-4.256456814,0.0785676820189113,-3.669920193,1.221729397773743,-2.019829512
YGRGSPQ,0.3615818439811991,-1.467605857,0.3226796393827931,-1.631825546,0.101139736463019,-3.30557817,0.4041309826173229,-1.307105135,0.014297838792362,-6.128059099,0.014297838792362,-6.128059099,-6.128059099,0.1158983546331626,-3.10906801,0.1339208531157389,-2.900547471,0.1345308827097878,-2.893990701,1.3410943746566772,-0.491830707
YGRSAQS,0.9577800863875268,-0.062233655,0.0493500554746911,-4.340804483,0.0741447558803835,-3.753511533,0.2320789580802122,-2.107312371,0.0486519936263451,-4.361357266,0.0104444740766763,-6.581116341,-4.361357266,0.1421358488305772,-2.814657625,0.0933569294248547,-3.421099079,0.1279021649306278,-2.966887411,2.0439159870147705,-0.34842208
YGRSGTN,1.5201583985858305,0.6042216585031079,0.0335390745533085,-4.898013309,0.0648263669453493,-3.947275467,0.3184049428326248,-1.651065363,1.2592561363974202,0.3325717613145877,0.2297424948634756,-2.121910362,0.3325717613145877,0.1722952103694095,-2.537045498,0.1353855638676032,-2.884854182,0.1566566101481948,-2.674322449,2.8612966537475586,0.5029088854789734
YGRSGSP,0.5122174736580947,-0.965171625,0.0314878477350885,-4.98906104,0.1010521145411287,-3.306828584,0.2652813509547226,-1.914404836,0.0301053046724055,-5.053838472,0.0125840793416342,-6.312256518,-5.053838472,0.1333897894016563,-2.906279858,0.1058577892596656,-3.239800665,0.1225021990943224,-3.029120447,2.80171537399292,-0.981651604
YGRSSQS,1.5392277478518852,0.6222067120996725,0.0387302296036462,-4.690396136,0.0809242204310487,-3.627284627,0.2019287279249408,-2.308081921,0.0266004637225733,-5.232404794,0.0160581029473219,-5.960554722,-5.232404794,0.1172731519943564,-3.092055328,0.1143030829161027,-3.129063779,0.130014192770452,-2.943258974,2.087035655975342,-0.367389113
YGVKSPN,1.3632418464979248,0.4470415267741224,0.0498868382740539,-4.325196953,0.0570422165489137,-4.131826147,0.1140569433130014,-3.13217382,0.0169819642849632,-5.879852846,0.2285126766253135,-2.129653895,-2.129653895,0.0739741538139028,-3.756834901,0.0630792715730884,-3.98669019,0.0685468498258136,-3.866765823,2.532905101776123,-1.086208224
YGSETQV,0.6935074593975233,-0.528016695,0.5609815857376177,-0.83397468,0.10038211973874,-3.316425778,0.0831428833235913,-3.58826341,23.816487884400555,4.573888775707446,,,4.573888775707446,0.0694740258553026,-3.847382489,0.069470273062988,-3.847460422,0.0626573673264254,-3.996372036,-0.704653561,-4.083616257
YVNSQID,0.4997566671211775,-1.000702281,0.1294017444800308,-2.950071028,0.1475053897841226,-2.761160424,0.122978537309299,-3.023521542,0.0124488837638162,-6.327839802,0.0035453510988047,-8.139855779,-6.327839802,0.0883921688423272,-3.499937631,0.0422449499869962,-4.5650773,0.0774020585177674,-3.691484254,-0.557884574,-2.439104557
YVTLMPA,0.3701760995039503,-1.433716345,0.0527122601323183,-4.245717638,0.0561633503848226,-4.154227189,0.0519700646252131,-4.266175337,0.0073138445555305,-7.09515432,0.0059277216135272,-7.398306589,-7.09515432,0.089230212189961,-3.486323919,0.071949360250914,-3.796874331,0.0870022160471132,-3.522804041,-1.40090096,-2.422983885
YVTSNEP,0.522918153258804,-0.93534294,0.026976500136015,-5.212153001,0.048853670343239,-4.355389235,0.0287452261094906,-5.120533811,0.0051918939357191,-7.589523374,0.0047933142289944,-7.704760765,-7.589523374,0.0785149157124314,-3.670889437,0.0447058067614039,-4.483393957,0.0735652983505157,-3.7648308,-0.983097374,-3.504628897
YVTSTLP,0.7053028379403807,-0.50368525,0.0242162778769363,-5.367879055,0.0268979509196946,-5.216359917,0.1656796633107998,-2.593531568,0.0204664006138846,-5.610598789,0.0058554692767596,-7.415999487,-5.610598789,0.0750759933770824,-3.735504531,0.0451207728627658,-4.47006441,0.0649340469518919,-3.944881063,-0.836333573,-3.183342695
YVISPVN,0.53145168808567,-0.911989546,0.0691046227972597,-3.855073966,0.0726854100285752,-3.782190385,0.0998716837047475,-3.323780496,0.0114835573511679,-6.444286564,,,-6.444286564,0.0812939636856338,-3.620707958,0.0483260383973802,-4.371055457,0.0639784415376316,-3.96627034,-1.761659503,-2.094100475
YVQGPNE,0.2136572268250287,-2.226629979,0.1807957236450181,-2.467567541,0.3727692124113927,-1.423645384,11.680591966482249,3.5460414860117235,0.0138731164584131,-6.171564279,,,-6.171564279,0.0757830733184711,-3.721980541,0.0504818025255405,-4.308092765,0.0792023588103796,-3.658312792,-0.651208878,-3.118924379
YVQSQPN,0.4975825713937352,-1.006992141,0.1194881230436061,-3.065060871,0.1207563633524464,-3.04982888,0.0826719383177275,-3.596458477,0.0176432049768418,-5.824743532,0.0111989475933758,-6.480493027,-5.824743532,0.0669328605484165,-3.901141517,0.0421039246149849,-4.569901473,0.0557469189595163,-4.164964118,0.2044454962015152,-2.668459177
YVRNNSN,0.869524717675256,-0.201701056,0.0769447565743771,-3.700033173,0.0775596334950075,-3.688550204,0.2117239481050629,-2.239743633,0.0134275988947315,-6.218654843,0.0240288464186185,-5.379088801,-5.379088801,0.1956873275504587,-2.353377763,0.1810798215946979,-2.465302305,0.1920602675565885,-2.380369002,2.339822292327881,-0.155738756
YVRNQTP,2.362238908736111,1.240154881339105,0.0470172122037038,-4.41066719,0.0834074094077114,-3.58368064,0.230907298274244,-2.114614322,2.4471327789597788,1.2910923827208576,0.0157830316508794,-5.985481841,1.2910923827208576,0.1386678039868323,-2.850295235,0.1214771222354066,-3.041243458,0.1308542507627274,-2.933967304,1.6293214559555054,-0.098042794
YVRNQSE,1.5975399955982053,0.6758520505643716,0.0594817714960931,-4.071408575,0.0486290520898262,-4.36203772,0.1111554940723292,-3.169348837,0.0140092715843428,-6.157474245,0.0146351937124209,-6.094414348,-6.094414348,0.0779547915375045,-3.681218488,0.0733852859410105,-3.768365364,0.0936436830118605,-3.416674513,1.6766719818115234,-0.169043422
YVRNQSS,1.1767106632736433,0.234759625409913,0.0283328388192167,-5.141381029,0.0675148019286667,-3.888652357,0.2261380301581555,-2.144724461,0.0148943494084829,-6.069091082,1.8224332265065304,0.8658659555383891,0.8658659555383891,0.1566298395764075,-2.674569008,0.1226922025776417,-3.02688453,0.1636767953098125,-2.611078291,2.1672918796539307,0.1611926704645156
YVRNASN,3.039953388479017,1.604049203035404,0.1467995638968229,-2.768080413,,,0.1177746265097038,-3.085899338,0.012116317694574,-6.366904878,0.012116317694574,-6.366904878,-6.366904878,0.2169118556500428,-2.204819187,0.1612518988401602,-2.632611946,0.1951980700985184,-2.356989306,2.419259786605835,-0.245946959
YVRNSNA,0.9937687931269386,-0.009017857,0.0810816659717801,-3.624480458,0.0882107570998115,-3.50290159,0.2521439313260129,-1.987680592,0.0411881522441662,-4.601626783,0.0145267829924509,-6.105140941,-4.601626783,0.1434224810198725,-2.801656915,0.1608272028905354,-2.636416645,0.157811142354797,-2.663729024,2.551265954971313,-0.978205204
YVRNSSN,0.6601983428512773,-0.599028578,0.0813876704720072,-3.619045935,0.1298523645392423,-2.94505581,0.1535688445160202,-2.703042538,0.0118823183270702,-6.395039846,0.0240511741278484,-5.377748865,-5.377748865,0.1863148450958599,-2.424185466,0.1533444340908789,-2.705152293,0.1760645522702354,-2.50582362,2.209486484527588,0.3296476304531097
YVRTQMN,1.380895770858115,0.4656044299935602,0.0325557579759794,-4.940943461,0.0434263472234251,-4.525285583,0.2018056384635245,-2.308961611,0.0140727954983275,-6.150947248,1.9671780599222608,0.9761275496552836,0.9761275496552836,0.2399542857643362,-2.059168514,0.180380510098475,-2.470884629,0.2469039292513176,-2.017978299,0.8665747046470642,0.1544340401887893
YVRTGQS,0.9787926187842578,-0.030924873,0.0362678694673055,-4.785164192,0.0557664214802451,-4.164459493,0.1887732557477879,-2.405273708,0.8868131383823425,-0.173297951,0.0192972689243896,-5.695459507,-0.173297951,0.1295874328055835,-2.94800228,0.097813458305573,-3.353823208,0.1271434169449943,-2.975471329,2.0168895721435547,-1.010600805
YVRTGPN,0.713822756708322,-0.4863622,0.056294940621848,-4.150850921,0.1043263525261252,-3.260824471,0.1785641824690182,-2.48548537,0.0227233651403367,-5.459679688,0.0143558243432926,-6.122220014,-5.459679688,0.4768976276305818,-1.068248489,0.1799270546877744,-2.474515961,0.527721342594899,-0.922151763,2.30623722076416,-0.750320971
YVRTSSE,1.1705822061289388,0.2272262537237974,0.0346596311114568,-4.85059989,0.0370296764901593,-4.755174244,0.1669574018531378,-2.58244804,0.0179468322739476,-5.800126968,1.7207657857190597,0.7830507448061073,0.7830507448061073,0.0544328182261572,-4.199379457,0.0422605201464635,-4.564545666,0.0627981423418678,-3.993134307,1.707499384880066,-0.198897362
YVRIGSH,0.4311889326887695,-1.213607946,0.1181189970346009,-3.081687083,0.1209322306754649,-3.047729294,0.0737318064513998,-3.761569086,0.0060219464731662,-7.3755544,,,-7.3755544,0.160713673180697,-2.637435419,0.1719446060111029,-2.539984236,0.1659499228087575,-2.591180137,0.2612723410129547,-0.578388035
YVRQQYQ,0.7536003914906899,-0.40812838,0.0850499622423167,-3.555545594,0.1074118008304005,-3.218775591,0.0844880396177392,-3.565109066,0.0283367269441622,-5.141183062,0.0098043036172149,-6.672369123,-5.141183062,0.2229621702382445,-2.165129145,0.1898262279837416,-2.397248754,0.2137628811853069,-2.225916737,-0.895389616,-0.067651413
YVRQQSG,0.9633515035153444,-0.053865796,0.0451565088608536,-4.468922237,0.1181641034138855,-3.081136263,0.1681274737869862,-2.5723726,0.0127473731216193,-6.293656211,,,-6.293656211,0.1794953614144005,-2.477981533,0.1746929189754227,-2.517106964,0.2010201127448303,-2.31458824,2.1978237628936768,-0.757166505
YVRQSSN,1.1252965277181664,0.1703052171744982,0.0304945111304026,-5.035306602,0.0347078292249079,-4.848595054,0.1021898482354213,-3.290676212,1.1840692628255007,0.2437534747271847,0.0232475795766363,-5.426775672,0.2437534747271847,0.1712003080770901,-2.546242797,0.1645091239721898,-2.603760494,0.1598617925837079,-2.645102923,2.151632070541382,0.5649726986885071
YVRLNSN,0.9065084594302806,-0.141607612,0.050525189869476,-4.306853352,0.0624154905769381,-4.001952061,0.2009162298622565,-2.315333986,0.0088005508323144,-6.828190459,0.0159096146259341,-5.9739573,-5.9739573,0.1758827097406711,-2.50731443,0.1518651698380468,-2.719137068,0.1772819855275731,-2.49588215,1.339716553688049,0.1311930269002914
YVRLTNN,1.146059891272616,0.1966824390200064,0.0452215495608239,-4.466845761,0.1240086681697017,-3.011487127,0.0643754075540026,-3.957346529,0.0191183119927811,-5.70890104,0.0200842835257776,-5.637789193,-5.637789193,0.1558218920559155,-2.682030157,0.1354759045025911,-2.883891816,0.1497399977117847,-2.739468457,1.2036482095718384,0.0110025126487016
YVRLQSQ,0.8286775191156541,-0.271117311,0.0803827395833136,-3.636970442,0.1122221146478696,-3.155571091,0.068866750720235,-3.860048581,0.0095039744758222,-6.717253323,0.5322831945665674,-0.909734077,-0.909734077,0.2044051240062205,-2.290496733,0.171846208391534,-2.540810074,0.2093527428786631,-2.255992275,0.4178762137889862,0.1906760036945343
YVRLSQT,0.600008523729376,-0.736945099,0.1656677421484389,-2.593635378,0.3827061098364043,-1.385691161,0.0883785059315962,-3.500160648,0.0130124208260329,-6.263966804,0.0050957319865865,-7.616494885,-6.263966804,0.1571099825047483,-2.670153245,0.1515359304867639,-2.722268185,0.1827834505540594,-2.451792642,1.0026957988739014,0.0829474925994873
YVRDGDN,0.6403468232986379,-0.643074589,0.0651168720304484,-3.94082479,0.039134117080795,-4.675429294,0.0704192125133486,-3.827887096,0.0093275716755407,-6.744282744,0.0122238156759509,-6.354161496,-6.354161496,0.1021088616733805,-3.291820017,0.0808568839862193,-3.628485583,0.0909213447351956,-3.459237168,0.6218760013580322,-1.885837197
YVRANSN,1.1475162984969616,0.1985146447883236,0.0349378978674539,-4.839063383,0.0188991898334673,-5.725531799,0.1926660038436575,-2.375826066,0.0444412682961706,-4.4919562,0.0366221728879035,-4.771138797,-4.4919562,0.1807462369979014,-2.467962483,0.1086256816606006,-3.202562864,0.1858188189172357,-2.428031476,2.0694150924682617,-0.300394922
YVRATNP,1.0997043303858889,0.137115688818943,0.0345935935762216,-4.853351301,0.0556026271183065,-4.168703141,0.1989596608290075,-2.329452142,0.0146041939339862,-6.097473458,0.7469767130958417,-0.420864827,-0.420864827,0.1128122223998825,-3.148004713,0.0932756778114741,-3.422355251,0.1128897661677944,-3.147013388,2.2535173892974854,-1.250349045
YVRAQSN,1.0936864489644893,0.1291991884398285,0.0639983862266975,-3.965820663,0.0509973372757164,-4.293434268,0.0658739606823424,-3.924147895,0.0029053378493901,-8.427078346,0.3270924232877788,-1.612229753,-1.612229753,0.192575460686315,-2.376504218,0.1581659590205738,-2.660488963,0.2059625518293939,-2.279546045,1.8597872257232664,1.0810757875442505
YVRGPNN,2.5352227383290487,1.3421125043750075,0.0767328119757462,-3.704012564,0.116540793961212,-3.10109305,0.7976950547472912,-0.326090761,0.6040356392686055,-0.727294421,0.0400900902157972,-4.640610526,-0.727294421,0.1601337860168794,-2.642650366,0.1302835058074422,-2.940273648,0.1661698564617167,-2.589269397,2.105046510696411,-0.459526956
YVRGPSN,1.3503113174578456,0.4332920623678818,0.0517636070621418,-4.271918037,0.0662537523471777,-3.915854024,0.255008690036432,-1.971381684,0.0330744861013809,-4.918137449,0.0479562288751314,-4.382137975,-4.382137975,0.1332116502882124,-2.908207833,0.117559376844619,-3.088538478,0.1285029713021456,-2.960126376,2.150226354598999,-0.96722728
YVRGDSN,0.9715960908493438,-0.041571409,0.1006204003966091,-3.313005259,0.1723847630491398,-2.536295833,0.1481409656868413,-2.754957448,0.0070311848461908,-7.152016462,1.1956383576480396,0.2577810864218312,0.2577810864218312,0.1162143214899058,-3.105140227,0.0763813595059451,-3.710635591,0.1166087079369973,-3.100252567,1.0093984603881836,-0.046615098
YVRGSGN,0.8694866261914377,-0.201764258,0.2909791033912483,-1.781012545,0.1501758785468424,-2.735274991,0.1258895655709565,-2.989769385,0.0196745149257055,-5.667528123,0.2324027125495983,-2.105301187,-2.105301187,0.2365938148300479,-2.079515736,0.1590378039325245,-2.652558354,0.2333345664836629,-2.099528049,2.4947829246521,-0.919388711
YVRSNNQ,1.5710152713676373,0.651697204705486,0.0474147040939309,-4.398521657,0.0656601790848555,-3.928837505,7.669620456002415,2.939155185317321,0.0123877150767612,-6.334946084,0.0335421090385633,-4.897882785,-4.897882785,0.4065257864106499,-1.298581228,0.1919211458017347,-2.381414419,0.3969961242876762,-1.332803172,2.0478334426879883,1.7796069383621216
YVRSNQT,1.5999229365137115,0.678002416495737,0.0310762328885091,-5.008044561,0.0862272051512551,-3.535713071,0.1591225156185826,-2.651790105,0.0071529324194509,-7.127249474,0.0223182285849556,-5.485633666,-5.485633666,0.1592260185835257,-2.650851994,0.1255565626400422,-2.993590657,0.1713778510725709,-2.544747428,1.7002345323562622,1.841719150543213
YVRSNPP,1.2806219811989663,0.3568446783858329,0.0671140316581668,-3.897241765,0.0587635160562831,-4.088935469,0.1774364737257864,-2.494625495,0.0314614903581919,-4.990269176,0.0256695089708994,-5.283800491,-4.990269176,0.1170578136535523,-3.094706857,0.1007923122366265,-3.310542491,0.1080523387758691,-3.210197795,2.4784014225006104,0.1090142801403999
YVRSNAT,1.2462760241577122,0.3176236306264996,0.0424449973728103,-4.558261664,0.0551917889612527,-4.179402541,0.0964904795674467,-3.373469587,0.0134796981176022,-6.213068003,0.0247319295517032,-5.337481389,-5.337481389,0.0873080944649888,-3.517740775,0.075524494839149,-3.726911561,0.1081438043191361,-3.208977081,2.121013641357422,-0.389744192
YVRSNYE,2.036755536027674,1.0262728295303414,0.0592832418448849,-4.076231848,0.0676538610500577,-3.885683918,1.420482282821268,0.5063808374089761,0.914825176555704,-0.128432025,0.0205370876727791,-5.60562458,-0.128432025,0.0634135168881525,-3.979065799,0.0605949748464085,-4.044658034,0.1003562987900115,-3.316796926,0.2904684841632843,1.7905231714248655
YVRSTDQ,1.5971675757816366,0.6755156891210022,0.0343009185835737,-4.865608977,0.0477064769059665,-4.389671042,23.54391374061813,4.557282256591491,0.0048402695469259,-7.690696894,0.9490311672402578,-0.075472627,-0.075472627,0.0598248015009292,-4.063112485,0.0447131132821426,-4.483158189,0.0600086512171942,-4.058685686,0.655196487903595,0.7597188353538513
YVRSTAE,1.2398466405982391,0.3101616814739764,0.0361895673553075,-4.788282329,0.063643375018623,-3.973845846,0.0799022913130973,-3.645619315,0.0224496459723409,-5.477163496,0.0247401798243809,-5.337000203,-5.337000203,0.071563171397924,-3.804638866,0.0411448417213721,-4.603144617,0.062245284131412,-4.005891651,2.064927577972412,-1.271836638
YVRSTSN,1.727068876984135,0.7883256199264588,0.0368440188813285,-4.762425753,0.0836845748108562,-3.578894468,1.185540698382782,0.2455451898947262,0.014800329714086,-6.078226874,0.0243193153790809,-5.361753574,-5.361753574,0.1785777206042183,-2.485375994,0.1364891904765016,-2.873141396,0.1749827001804057,-2.514715799,2.273252010345459,1.1576420068740845
YVRSTST,0.8332665204872661,-0.263150079,0.0373991754445224,-4.740849727,0.0619169134857825,-4.013522634,0.1258988890709338,-2.989662542,0.0037192522182888,-8.070771698,0.0137572492830041,-6.183664153,-6.183664153,0.1436621814651411,-2.799247767,0.1303241507047036,-2.939823637,0.1371655076141398,-2.866010356,1.920411229133606,-0.429156303
YVRSIQQ,1.3384606227023008,0.4205746957453936,0.0734400893148223,-3.767288376,0.0675613530644663,-3.887657968,0.2000205702832462,-2.321779719,0.0174836490599267,-5.837849865,2.1629331432236567,1.1129890719432702,1.1129890719432702,0.1455638413318088,-2.780276066,0.1161627133613426,-3.105781037,0.1305242822696473,-2.937609869,0.8301119804382324,0.7032951712608337
YVRSIPP,1.9549271837773528,0.9671148716964424,0.0645002977436131,-3.95455037,0.0626388255628827,-3.996799026,0.1618122778179316,-2.627607016,0.011290401017966,-6.46875946,0.6554214203809952,-0.609505271,-0.609505271,0.1703907854770695,-2.553080776,0.1249109358371195,-3.001028306,0.1815857139447158,-2.46127739,1.0202703475952148,-0.050723393
YVRSHES,0.7419208516879638,-0.430662807,0.0685126487885303,-3.867485827,0.1033144384440272,-3.274886206,0.1478780395783763,-2.757520272,0.0212901970198282,-5.553666889,1.2115314579161225,0.2768318654499049,0.2768318654499049,0.0867093078190422,-3.527669322,0.0741493339934613,-3.753422455,0.0868946710832353,-3.524588485,1.1330748796463013,-0.160281286
YVRSPTN,0.6168892053897598,-0.696916693,0.0294182637100403,-5.08714409,0.0578441532253654,-4.111685048,0.2807018324095247,-1.832889613,0.0313753639026903,-4.994223998,0.0382719612481094,-4.707568356,-4.707568356,0.1045266152191194,-3.258057758,0.1104447525061891,-3.17860322,0.1242769690828467,-3.008369133,2.258768081665039,0.8374272584915161
YVRSPPT,0.8629437131374177,-0.212661634,0.0275141200649927,-5.183684,0.0621866313698969,-4.007251721,0.0494992884863092,-4.336448402,0.0294458595124878,-5.085791404,0.0170938062174343,-5.870382517,-5.085791404,0.0823842243988888,-3.601488085,0.04592511386159,-4.444572892,0.0828430293218113,-3.59347588,1.6815431118011477,-0.275857866
YVRSPST,1.0963978562786765,0.1327714124635327,0.0516271717680534,-4.275725623,0.0614570318185243,-4.024278099,0.1381894008840273,-2.85528113,0.0241691536145363,-5.370689238,0.0199148823142598,-5.650009236,-5.370689238,0.1351494519667103,-2.887372433,0.138735891017684,-2.849587033,0.1455586069220692,-2.780327946,1.6659741401672363,-0.531650484
YVRSPSS,0.9062525213847532,-0.142014991,0.044626760260642,-4.485947114,0.0640862207035347,-3.963841996,13.304677213357728,3.7338616042450887,1.0048195280811212,0.0069364075508025,0.8012841832937826,-0.319614096,0.0069364075508025,0.1318970444993022,-2.922515857,0.1376801790726118,-2.860607216,0.1396380564834725,-2.840235913,1.848515510559082,-1.021927595
YVRSLNT,0.5277583438619989,-0.922050612,0.0418866483931339,-4.57736574,0.0795132479960865,-3.652660937,0.074770111940559,-3.741394497,0.0044864018699766,-7.800225429,0.0108393539542443,-6.527577418,-6.527577418,0.1725377249695762,-2.535016257,0.1896548173901845,-2.398552077,0.1841746804712488,-2.440853355,0.9105830192565918,0.7818576097488403
YVRSLNS,1.045474574947593,0.0641579772378331,0.0566628451815013,-4.141453145,0.0930787853792087,-3.425403805,0.2035291560374484,-2.296692616,0.0327835032226074,-4.930886162,0.0170488745714924,-5.874179682,-4.930886162,0.1734931539667805,-2.52704936,0.1172271389924418,-3.092621491,0.1839843357828089,-2.442345153,1.495570421218872,1.1236820220947266
YVRSLEN,1.151367816923362,0.2033487916644884,0.0599638226063976,-4.059763834,0.1014084107748443,-3.301750781,0.1150431772363228,-3.119752669,0.0119598610392801,-6.385655563,0.0119598610392801,-6.385655563,-6.385655563,0.0893522300642681,-3.484352453,0.0539388985204506,-4.212530129,0.0841508849003201,-3.570877747,0.5608188509941101,1.2541866302490234
YVRSLDN,0.9691432938546122,-0.045218102,0.0485365326046619,-4.364785142,0.0581987904455361,-4.10286702,0.0743980848671963,-3.748590705,0.0160400582503003,-5.962176809,0.0154215277377927,-6.018910496,-5.962176809,0.090765936912796,-3.461705212,0.0577964616479608,-4.112875017,0.0908162153301853,-3.460906275,0.1486783772706985,1.3155075311660769
YVRSDPT,0.7117611668771525,-0.490534872,0.0584483938180871,-4.09669281,0.044606874603981,-4.486590121,0.0369684389607434,-4.757562065,0.0063091485430115,-7.308338967,0.0078230693914251,-6.998049523,-6.998049523,0.3793403463230664,-1.398435271,0.0821967018146693,-3.604775684,0.3664932834085975,-1.448141336,1.1866416931152344,-0.003955523
YVRSDSG,0.9495321721201626,-0.074711212,0.1134996819902793,-3.13923984,0.0535755124923661,-4.222282444,0.068973273432087,-3.857818752,0.0103694462564162,-6.591517336,0.0073937890484937,-7.079470402,-6.591517336,0.1128214351669146,-3.147886901,0.0774069100351199,-3.69139383,0.1040294972968292,-3.264935436,1.546556830406189,-0.953922451
YVRSATQ,1.070970815768417,0.0989191668110041,0.1962605730574953,-2.349157717,0.2090363513035053,-2.258174247,0.2348553172258553,-2.090155838,0.019412270886803,-5.686887292,0.0397910695700906,-4.651411511,-4.651411511,0.1469990172064987,-2.766121585,0.1162771994188974,-3.104359866,0.1489096314344308,-2.747491025,1.916977047920227,-0.30545941
YVRSAAN,0.4302530827241799,-1.216742566,0.1344459492350721,-2.894901806,0.0249457383305882,-5.32506282,21.995293883895624,4.459122972425753,0.0171506982304019,-5.865588878,0.0268099044620074,-5.221090112,-5.221090112,0.2001207993429871,-2.321056975,0.151374671020297,-2.72380427,0.2009392500627531,-2.315168697,2.1912848949432373,-0.406570613
YVRSASN,1.5707256629827846,0.6514312269622277,0.0252254195348485,-5.308977926,0.0563612324768217,-4.14915303,0.2019250951291387,-2.308107876,1.6899320497441352,0.7569652385382262,0.4180878520649559,-1.25812197,0.7569652385382262,0.1723827268045941,-2.536312875,0.1597073815908047,-2.6464971,0.1820625880542286,-2.457493601,2.245938539505005,-0.027912136
YVRSGND,0.8283735698232053,-0.271646571,0.138145452331035,-2.855740025,0.132120361769817,-2.92007527,0.100460898959835,-3.315294005,0.0223432364041274,-5.484018015,0.0148925961838964,-6.069260913,-5.484018015,0.1062424580059443,-3.234567665,0.0650114211085439,-3.943162999,0.1042610717835079,-3.261727499,1.9193090200424197,-0.155103967
YVRSGNA,1.5194889820485666,0.6035862137864834,0.06119009629244,-4.03055802,0.0576958428282741,-4.115388818,0.2036676959565196,-2.295710924,0.0147243580448162,-6.085651453,0.017777320226664,-5.813818323,-5.813818323,0.1072118585784784,-3.221463605,0.082219723071398,-3.604371677,0.1242807052417676,-3.008325762,2.614485502243042,-1.26485014
YVRSGNG,2.101698524184344,1.0715557383499112,0.0773040317220912,-3.693312531,0.1180238347675052,-3.082849855,0.184172213546409,-2.44087268,0.0096673347853543,-6.692666081,0.5501497883841168,-0.862103623,-0.862103623,0.1773876550295377,-2.495022483,0.1377074106019618,-2.860321896,0.1683799493207999,-2.570207742,2.6615352630615234,-0.857873917
YVRSGTQ,1.857158669905425,0.8930970799511134,0.0254281935174757,-5.297427217,0.0653036525092236,-3.936692504,0.2133843602963451,-2.228473655,0.0250057505797681,-5.32159628,0.0196798014295153,-5.667140526,-5.32159628,0.1235935345082719,-3.016324821,0.1110053978687652,-3.171298263,0.1360598455939883,-2.877686738,1.912295937538147,-0.251080453
YVRSGMN,1.1828452312510376,0.242261317368555,0.1362319764214811,-2.875862722,0.0325987933684104,-4.939037625,0.1563512369155917,-2.677137462,0.0083294329781867,-6.907565996,0.0233553272502057,-5.42010453,-5.42010453,0.2140757521081236,-2.223806701,0.1047593204468854,-3.254849489,0.1825538641073587,-2.453605888,1.4147753715515137,-0.535415888
YVRSGIA,2.242589311415056,1.1651654418089044,0.0622075706562063,-4.006766023,0.0343938138792995,-4.861707087,0.2329590892777795,-2.101851474,0.0295883015765763,-5.078829304,0.0138745869949885,-6.171411362,-5.078829304,0.1024747617494073,-3.286659459,0.0648595270893296,-3.946537685,0.0978199567529792,-3.353727363,1.4246952533721924,-1.836191297
YVRSGQE,0.9432866577228708,-0.084231833,0.0394185133867382,-4.664982822,0.047536366925905,-4.394824544,3.1273833797042285,1.644956087217852,1.1367319588355904,0.1848921071350413,0.0069106356416863,-7.176965869,0.1848921071350413,0.0703661217285819,-3.82897519,0.0508332162304293,-4.298084676,0.0752605108195591,-3.731963108,1.7886407375335691,-0.39310205
YVRSGDN,0.7919972944587743,-0.336432593,0.4718757310693036,-1.08352112,0.3189502188974877,-1.648596826,4.16487415164374,2.058272902903541,0.0143935348232289,-6.118435251,0.0149816935294456,-6.060655475,-6.060655475,0.0973925392873869,-3.36004493,0.0550211451590429,-4.183870023,0.0957691093198912,-3.384295805,1.1321368217468262,-0.562509477
YVRSGDE,0.4718693781603128,-1.083540544,0.1455342739648286,-2.780569141,0.3267909621941943,-1.61356001,22.60231625844885,4.498398720773283,0.0053780060737484,-7.5387129,0.014895415828644,-6.068987791,-6.068987791,0.0794019918705671,-3.654680991,0.0500042546444162,-4.321805337,0.0864793234560921,-3.531500953,1.3170894384384155,-1.14964354
YVRSGSE,0.8479352724493759,-0.237973955,0.0762759010055443,-3.712628873,0.0845291933800438,-3.564406507,0.1621064902679003,-2.624986242,0.0196235755376983,-5.671268256,0.0147527448225224,-6.08287279,-5.671268256,0.0844025143520689,-3.566570212,0.05126461510061,-4.285892827,0.0869633064415334,-3.523449395,1.989403486251831,-0.192391589
YVRSVNN,3.97470650354499,1.9908483342302308,0.0326781598273608,-4.935529445,0.0568617782740661,-4.136396972,0.1707140296978544,-2.550346467,0.0109162725601259,-6.517375868,0.0274555749127367,-5.186757069,-5.186757069,0.3197027751975351,-1.645196827,0.1546365620882415,-2.693046626,0.3311128668233559,-1.594605021,2.06374740600586,1.1913257837295532
YVRSVNA,1.3839525434371736,0.4687944729445127,0.0819055389424104,-3.609895171,0.3754455650437568,-1.413324345,0.234069776683623,-2.094989431,0.0335115202253624,-4.899199055,0.0120015255556989,-6.380638386,-4.899199055,0.1212147527158376,-3.044362799,0.1023378956620643,-3.288587622,0.1204890320019296,-3.05302627,1.980017900466919,-1.231961966
YVRSVQS,1.858656041749296,0.8942598134123246,0.0359930283999713,-4.796138696,0.0787876208104667,-3.66588722,0.2179658783590902,-2.19782579,0.0081695637692852,-6.93552524,0.0305843270510254,-5.031063657,-5.031063657,0.1515950852373465,-2.721705113,0.1441740614836882,-2.794116464,0.1652839874172159,-2.596981131,1.7712477445602417,0.9629968404769896
YVRSVET,0.9964181645753646,-0.005176773,0.0614167424967212,-4.025224195,0.0363314244206294,-4.78263826,0.0913803270924638,-3.451972583,0.0028578630648306,-8.450847494,0.0125417925229133,-6.317112631,-6.317112631,0.0669682907810878,-3.900378043,0.0643685577792747,-3.957500045,0.0754295258815341,-3.728726832,0.7558655142784119,-0.063211665
YVRSVSP,1.4960073535249383,0.5811172667147797,0.1167719532879111,-3.098234291,0.0836474124426123,-3.579535277,0.2200987609199,-2.183777072,0.0317432537921792,-4.977406173,1.0474577710932151,0.0668920819556845,0.0668920819556845,0.1565226429664748,-2.675556719,0.1024246130769838,-3.287365652,0.1556896270268135,-2.683255268,1.7811357975006104,-0.398853242
YVRSSTQ,1.238357070496416,0.3084273642762943,0.0549067323133783,-4.186873136,0.0743469255867797,-3.749583105,0.2130478625299745,-2.230750518,0.0097773681466386,-6.676338109,1.7907526988238889,0.8405661163217844,0.8405661163217844,0.1762946258186604,-2.503939599,0.1525379242776228,-2.712760122,0.1838411218212243,-2.443468588,1.630514144897461,1.116736650466919
YVRSSPT,1.2469275235146824,0.3183776123170151,0.0949344896873691,-3.396923876,0.1282979090039905,-2.962430437,3.024700064205909,1.596792088722263,0.0261804143785107,-5.255368258,0.0130617069457126,-6.258512745,-5.255368258,0.2081761534464178,-2.264123277,0.1419017434429019,-2.81703578,0.210147589280161,-2.250525188,1.8598450422286987,-0.303226024
YVRSSPD,0.8996047607580676,-0.152636799,0.0265929200885778,-5.232813986,0.0539119732964729,-4.213250473,0.1644959253950381,-2.603876246,0.0111399276155637,-6.488116331,0.0047820898069104,-7.708143061,-6.488116331,0.096678731449995,-3.370657647,0.0576203165932325,-4.117278602,0.0851431378861423,-3.553965929,1.944676160812378,0.0204339306801557
YVRSSPA,1.166586547676305,0.2222933431314676,0.0935906422052123,-3.417491903,0.0567764595609858,-4.138563301,0.2313107210426232,-2.11209596,0.0492514974952641,-4.343688599,0.0214310313650973,-5.544154909,-4.343688599,0.1404693590745606,-2.831672629,0.1079492357259662,-3.211575066,0.145076580840109,-2.785113445,2.469119071960449,-1.570166469
YVRSSEY,0.7512906211776866,-0.412557003,0.0749634528278219,-3.737668784,0.1027947027697606,-3.282162174,0.0968140686383878,-3.36863948,3.062451062738936,1.6146867903656743,0.0162423005878832,-5.944100197,1.6146867903656743,0.0904129461536333,-3.467326824,0.0724745474063279,-3.786381771,0.0882384006083976,-3.502449549,-0.223251373,1.602505445480347
YVRSSSS,0.8703955545770844,-0.200256907,0.0552568926023255,-4.177701756,0.0451758050391698,-4.468305879,0.2287830024571297,-2.127948225,0.0223758783610166,-5.481911874,0.7305580961212704,-0.45292909,-0.45292909,0.2093086769890858,-2.256295974,0.1549399383172712,-2.690219024,0.2052976321144274,-2.284211107,2.195984125137329,-0.781486928
YVDIPSQ,0.4346845721575076,-1.201959203,0.1075764744801443,-3.21656548,0.2385927081173682,-2.067378143,0.016064097864617,-5.960016226,0.0216798153888933,-5.527503718,0.0109156330000221,-6.517460395,-5.527503718,0.1014771728715037,-3.300772863,0.0450049794826679,-4.473771555,0.0885136107983626,-3.497956873,-0.410978645,-2.951288939
YVARSNN,1.3588863667397575,0.442424819611348,0.0545237701373887,-4.196970867,0.0481056905378193,-4.377648626,0.1467015027801129,-2.769044445,0.0244891705378151,-5.35171228,0.0157689480956758,-5.986769765,-5.35171228,0.1598993142512437,-2.644764343,0.1368048857696219,-2.86980834,0.1608859735499658,-2.635889541,1.8029943704605105,-0.436046302
YVARSSN,1.2044106115732351,0.2683273242318872,0.0715748575459528,-3.804403296,0.0587187442984776,-4.090035073,0.1254542447177025,-2.99476681,1.6587135243302058,0.7300647405937971,0.0198716182869893,-5.653146824,0.7300647405937971,0.1508435052387339,-2.728875514,0.1341242074870567,-2.898358448,0.1436870758769622,-2.798997792,1.9520938396453855,-0.391371131
YVALGQI,0.2951303277447703,-1.760575914,0.1089297226807023,-3.198530432,0.1176014244716372,-3.08802256,0.0453038015121326,-4.464224076,0.0103154569868683,-6.599048454,,,-6.599048454,0.088463237204094,-3.498778153,0.0713981184301338,-3.807970135,0.0788724063898371,-3.66433553,-1.193840623,-0.25094673
YVVKSPN,1.5530687858726049,0.6351217285272996,0.0393779167656822,-4.6664694,0.1632130754657552,-2.615171455,0.1040783052711744,-3.264258719,0.0108897323525442,-6.520887694,0.017588341565859,-5.829236735,-5.829236735,0.0700113457905585,-3.836267451,0.0529605363591482,-4.238938457,0.0653057115989991,-3.936647015,1.8435640335083008,-0.690000296
YVVKSLE,0.6511086314617335,-0.619029831,0.1976764927717828,-2.338786776,0.0418402175317512,-4.578965837,0.0660490091712743,-3.920319271,0.0035339476684349,-8.144503608,0.011800828510853,-6.404968038,-6.404968038,0.053539027824842,-4.223265247,0.0436918825068548,-4.516490923,0.0475907717533065,-4.39317434,0.3985109329223633,-0.093186446
YVVRSTT,0.8823551043876217,-0.180568709,0.0334472122670765,-4.901970219,0.0725349920399537,-3.785179048,0.0671434492136395,-3.896609538,0.0338438872308655,-4.884960907,1.5978626721193732,0.6761434215538157,0.6761434215538157,0.1607593487779136,-2.637025457,0.1216456978395641,-3.039242797,0.1663743479793131,-2.587495083,1.0584051609039309,0.0482932887971401
YVYSTNS,1.2809177606317697,0.3571778526214929,0.053236372890883,-4.231443909,0.1030267883839625,-3.278908588,0.237923829170441,-2.071428323,2.757862574939019,1.4635505687468804,0.0342137551807858,-4.869279732,1.4635505687468804,0.1047571232328593,-3.254879748,0.0695877539238001,-3.845022747,0.0962619670175984,-3.376890286,-1.31792891,-0.491990328
YVSITNM,0.3595907880638744,-1.475572032,0.1775492989013063,-2.493708431,0.1681823358741637,-2.571901907,0.1724727015961288,-2.53556006,0.0187268349352517,-5.738749103,,,-5.738749103,0.1244267626651869,-3.00663127,0.0828122696991537,-3.594011652,0.1101949732071504,-3.181869681,-1.357771754,-1.557856441
YVSAQSN,1.1627215360322616,0.2175056224445589,0.0244088526592652,-5.356451707,0.0420041448279163,-4.573324495,0.1127128195452374,-3.149276483,0.0314920513407858,-4.988868454,0.0028878878021024,-8.435769592,-4.988868454,0.0808253428439823,-3.629048468,0.0559641868364125,-4.159352291,0.0625541357885144,-3.998750918,0.2323385030031204,-3.291330576
YVSSQGT,0.7855610219029472,-0.348204747,0.0220127355398399,-5.505517749,0.0246045522949604,-5.344930924,0.1637689310126055,-2.610266409,0.0260938456902154,-5.260146607,0.8397788972192761,-0.25191856,-0.25191856,0.1073820991621292,-3.219174582,0.0581155426244418,-4.104932135,0.0889593286619822,-3.490710289,0.5769878029823303,-3.84171319
YYTTSEL,0.3919234901336943,-1.351356051,0.2767386842903761,-1.853403768,0.1134491167907986,-3.139882717,0.0671585448511243,-3.896285219,24.753168910718173,4.6295413263069065,,,4.6295413263069065,0.0807636531088885,-3.630150022,0.0819263163071375,-3.609529242,0.0776739532169652,-3.686425296,-2.032950401,-0.886634409
YYTEGQT,0.6352075367009958,-0.654700065,0.1357742237700873,-2.88071848,0.0548046680813813,-4.189557407,0.0633538614527181,-3.980423635,0.0127902909766335,-6.288807104,1.247491274774942,0.319029725075207,0.319029725075207,0.0939730304756392,-3.411609416,0.1025208874959428,-3.286010222,0.0839728311829513,-3.57393356,-1.684360743,-1.069332838
YYRQTQE,1.3919637062446886,0.4771215951640699,0.1653518229173755,-2.596389144,0.1445005107360921,-2.790853503,0.0659107831303669,-3.923341678,0.0169940763371017,-5.878824239,1.3232304174411882,0.4040643036085082,0.4040643036085082,0.102781013111753,-3.282354317,0.1669960735559078,-2.582113913,0.0995192113391545,-3.328881137,-0.324829072,-0.168284774
YYVRHDQ,0.4835917047464814,-1.048138597,0.1487750476304903,-2.748795515,0.1562009429926142,-2.678524932,0.0663392065907726,-3.913994432,0.0074498551199154,-7.068571915,0.0046682441426843,-7.742904271,-7.068571915,0.1904961886363479,-2.392165962,0.3431620301112038,-1.543038163,0.1844862119769505,-2.438415098,-1.3226161,0.9924918413162231
YYVRGET,2.0244150180129945,1.0175050820538711,0.0992498846400472,-3.332790764,0.1139130322229076,-3.133995287,0.0552479753670137,-4.177934594,0.0090304881370769,-6.790980311,0.0017637699278683,-9.147121902,-6.790980311,0.0887539601566495,-3.494044697,0.1218609499623458,-3.036692203,0.0872528773869798,-3.518653481,-0.585515738,2.491046905517578
YYVRSNL,0.3844145889633085,-1.379265006,0.2578529490996416,-1.955379549,0.1508982191690769,-2.728352315,0.0643117475083181,-3.958773898,0.0162728853281989,-5.941386113,0.0146708355457313,-6.090905151,-5.941386113,0.2546414565831332,-1.97346078,0.3342380556462524,-1.58105209,0.2583749909525769,-1.952461662,-2.710385561,1.693176031112671
YSNRPPP,2.7107422481512,1.4386879405483386,0.0255706613467589,-5.289366716,0.0692324712612847,-3.852407344,0.2104708589907272,-2.248307598,0.0330226837003488,-4.920398819,0.0151042194907818,-6.048904555,-4.920398819,0.0523050431440367,-4.256906135,0.0625632746370795,-3.998540163,0.0505576248207192,-4.305927502,2.8536806106567383,-3.227007151
YSAYSNW,0.3402047828019168,-1.555524671,1.1545062089978126,0.2072759320260738,0.6310984479350065,-0.66406302,0.0854092351892405,-3.549464115,4.440822122132118,2.1508267850727902,0.0060101888821621,-7.378373953,2.1508267850727902,0.4802287282653961,-1.058206384,0.2699923769430323,-1.889009421,0.4337998458656232,-1.204898554,-2.362155437,0.4999658465385437
YSGRGPN,0.8934917365400089,-0.162473708,0.1085168374676447,-3.204009186,0.150121660961573,-2.735795937,0.0273891565889215,-5.190251349,0.0147227739068995,-6.085806676,0.0038588494570041,-8.017613523,-6.085806676,0.1572756587152899,-2.66863269,0.1233833466934809,-3.018780411,0.1790152617333142,-2.481845507,2.5517566204071045,-0.429912239
YSSGQSY,0.5360489813672492,-0.899563262,0.0715509976782053,-3.804884306,0.1256117695493267,-2.992956447,7.6744246985043345,2.9400586051117035,0.0071121501402197,-7.135498504,0.0090145800183774,-6.793524005,-6.793524005,0.076449245322188,-3.70935393,0.0647018385236687,-3.950049482,0.0720087207586754,-3.795684552,-0.397153884,-3.259186029
YFRNQSN,0.3365887340630131,-1.570941206,0.0979722202767725,-3.351483454,0.0680779586496873,-3.876668412,0.094641854965151,-3.401377839,0.0326278772486807,-4.93775106,,,-4.93775106,0.2947679008717089,-1.762348666,0.3189569244392505,-1.648566496,0.2563169337599569,-1.9639993,-0.112068772,0.6310075521469116
YFRSGNY,0.6901215706784999,-0.535077568,0.0978009507116285,-3.3540077,0.1699198128331165,-2.557074013,0.1278073577792112,-2.967957201,0.0075089017979536,-7.05718236,0.0076266429237603,-7.03473613,-7.03473613,0.1916334955253116,-2.383578344,0.2023089400536616,-2.305368021,0.1972588349915998,-2.341838177,-1.569903374,0.7063584327697754
SNANPRP,1.6178887298663909,0.6941123899743126,0.0254900538210716,-5.29392177,0.0447472967890384,-4.482055659,7.163212764727909,2.8406067942153364,0.0437771364907544,-4.5136786,0.0154252208472233,-6.018565045,-4.5136786,0.0698357280537687,-3.83989088,0.0552816568303474,-4.177055335,0.0702916564328121,-3.830502737,1.312056064605713,-4.149009228
STRENSD,0.3026495061126249,-1.724280098,0.0769844628763754,-3.699288882,0.1430956945741169,-2.80494783,0.0581651260700477,-4.103701771,0.0248704048562933,-5.329426197,0.0066222766427892,-7.238457005,-5.329426197,0.0986831016305971,-3.341053129,0.0576230533194146,-4.117210082,0.0969383148396298,-3.366789187,0.3079735338687897,-4.59645319
SRTIRGV,0.0681854164877863,-3.874392981,0.5340963805424668,-0.904827987,0.4622322696604775,-1.113310113,0.0999628315080854,-3.322464423,0.0399626570993845,-4.645203679,,,-4.645203679,0.202477492330359,-2.30416655,0.2212330872250035,-2.176360926,0.2299935892588753,-2.120334446,-3.88920784,-1.619309425
SPVTVEY,0.2429320070765185,-2.041375513,0.0561549003911918,-4.154444264,0.0873831246896135,-3.516501494,0.0410499411448516,-4.606476036,0.0093473214896514,-6.74123127,0.0093473214896514,-6.74123127,-6.74123127,0.0838360154011954,-3.57628604,0.038118137145072,-4.713378574,0.0735916757088296,-3.764313604,-0.623037457,-3.638523817
SARSGDP,0.4386855269338942,-1.188740985,0.0678222997905851,-3.882096484,0.0274203825218823,-5.188607493,0.0611899758406122,-4.03056086,0.0070920421959949,-7.139583165,0.0142791451547456,-6.129946577,-6.129946577,0.0722606391427388,-3.790646174,0.0533743300625931,-4.227710133,0.0615758515991291,-4.021491514,0.9697891473770142,-2.828306675
SVPTISH,0.4954593560922262,-1.013161381,0.0661078764797599,-3.919034017,0.1708951902938625,-2.548816301,0.0719330985067383,-3.79720044,0.0177665322250039,-5.814694075,0.0177665322250039,-5.814694075,-5.814694075,0.0632649770589876,-3.982449133,0.0491059727767791,-4.347957679,0.0709849070558643,-3.816343881,0.4418077766895294,-4.298099041
SYNDLMF,0.5933663889556647,-0.753004887,0.0599151234534124,-4.060935983,0.1168944130130573,-3.096722117,0.0325863722301584,-4.939587441,0.0058856725539197,-7.408577004,,,-7.408577004,0.1217134071736044,-3.03844,0.0773212860616774,-3.692990556,0.118078496839761,-3.082181834,-3.540000439,-1.48978138
SYVIYGQ,0.388746186451525,-1.363099572,0.112207601430689,-3.155757681,0.1511949872053305,-2.725517786,0.0359412451458464,-4.798215799,0.0036603346644101,-8.093808725,0.0036603346644101,-8.093808725,-8.093808725,0.1147288762601989,-3.123699544,0.162943065240734,-2.617560142,0.1421929181615029,-2.814078481,-4.347743034,0.7580682635307312
SWHKSMV,0.7089129961640201,-0.496319516,0.1588733560657176,-2.654050898,0.3694558538523634,-1.436526107,0.0716265190756283,-3.803362358,0.0095136452990989,-6.715786047,0.0172185516779645,-5.859892393,-5.859892393,1.2508006182603864,0.3228518374879774,4.558166835992813,2.188453730451069,1.322799348844442,0.4035942404669409,-0.250460833,3.211589097976685
WHRLNEE,0.5581322484070391,-0.841321088,0.0751919811948527,-3.733277375,0.5170907502597653,-0.951510597,0.0405715906861834,-4.623386323,3.2969872023190905,1.7211482870123596,,,1.7211482870123596,0.0933336804198884,-3.421458403,0.0690856410072978,-3.855470303,0.0934072657908402,-3.420321414,-0.281845242,-1.234831691
WHRLSND,1.1499136443373192,0.2015255224181782,0.0811107542500167,-3.62396298,0.1266620649755982,-2.98094359,0.0542623509455201,-4.203904635,0.0064358178687363,-7.279660786,0.0019805808662099,-8.979860678,-7.279660786,0.1845102443042864,-2.438227176,0.1008059864948192,-3.310346777,0.1910575391940238,-2.387920907,0.1182128563523292,-0.066874936
WHRLSED,0.8908385327979156,-0.166764132,0.2219165055766064,-2.171911119,0.2464301286069179,-2.020749444,0.0172945693840749,-5.853537097,0.0017613166034091,-9.149130022,0.0017613166034091,-9.149130022,-9.149130022,0.1253938896575963,-2.995461046,0.0856065839809145,-3.546134432,0.124543321701814,-3.005280432,-0.106839232,-0.102396376
WHDDNTP,0.285647405388321,-1.807692669,0.0481629547277938,-4.375932288,0.1237018278694955,-3.015061277,0.0278819459932115,-5.164524934,0.0052324050824033,-7.578310049,0.0052324050824033,-7.578310049,-7.578310049,0.0924920518153375,-3.434526795,0.0738508737912183,-3.759241199,0.0850232179418964,-3.555999327,-1.232157469,-2.700868368
WLRDGHY,0.6951470153144448,-0.524609972,0.1200608747113842,-3.058162011,0.1470200392219705,-2.765915283,0.0150233481480388,-6.056649818,0.002348349974312,-8.734136856,0.002348349974312,-8.734136856,-8.734136856,0.0997826014002085,-3.325067908,0.1902954444243727,-2.39368707,0.1021823633754038,-3.290781886,-1.656679273,-0.613179147
WSKDTTQ,0.3703352618365,-1.433096171,0.0702444882248438,-3.831471162,0.2010950382891805,-2.314050609,0.0903784679175268,-3.467877089,0.0328823911768165,-4.926540976,,,-4.926540976,0.0661539732500848,-3.918028381,0.0452272021156198,-4.46666544,0.0568035270793352,-4.137875677,0.7589477300643921,-2.702255011
WSSTSQI,0.4967064488974268,-1.009534617,0.0561584483548033,-4.154353115,0.0993077538629357,-3.331949823,0.0184870250336017,-5.757343108,0.0069383225830432,-7.171197367,,,-7.171197367,0.078005204659813,-3.680285803,0.039853793476233,-4.649139136,0.064856424321691,-3.946606703,-0.311912864,-3.065581799
FHGLSEL,0.5507448848762653,-0.860543904,0.0939957702680137,-3.411260352,0.246796885794118,-2.018603905,0.0509560334849657,-4.29460321,1.423954922620356,0.5099034764016325,1.423954922620356,0.5099034764016325,0.5099034764016325,0.0882981162171,-3.501473531,0.0771321067091401,-3.696524674,0.081007533258554,-3.625800113,-0.952346146,-3.515295029
FNHLSEH,0.6133197054216702,-0.705288791,0.059285626721724,-4.076173811,0.0990919517375348,-3.335088304,0.015899373549538,-5.974886267,0.0052384096325289,-7.576655405,,,-7.576655405,0.0728583243716876,-3.778762374,0.0521535960848173,-4.261089457,0.0792850843790756,-3.656806707,-0.123790123,-3.366889
FMRINQD,0.9389518684223356,-0.090876889,0.066507316849443,-3.910343121,0.0432657760152914,-4.530629911,0.0324935223370335,-4.943704048,0.0128699568505856,-6.279848973,0.0176793694961552,-5.821789365,-5.821789365,0.0852609718892998,-3.551970689,0.0546886314580422,-4.19261523,0.0889693338848162,-3.490548039,-0.279025853,-2.092566967
FHRTDVN,1.1326930665995127,0.1797569774116379,0.0586189868336714,-4.092488157,0.0964025612220709,-3.374784713,0.0970466506137213,-3.365177768,0.0123097339501845,-6.344056609,0.002428195002492,-8.685899999,-6.344056609,0.0776697878349921,-3.686502665,0.0801182183395112,-3.641725851,0.0784204935936467,-3.672625467,1.532012104988098,-1.379174948
FHRLNEN,2.9646589175797344,1.56786613302699,0.2522825323325763,-1.986887775,0.059508988159455,-4.070748602,0.0881178588303357,-3.50442175,0.0136793603930464,-6.191855414,1.2486258521688265,0.320341241489817,0.320341241489817,2.580625625048264,1.3677208628338269,0.1870964143107435,-2.418146185,2.490451631451087,1.3164073918403427,1.0879557132720947,-0.529353499
FHRLNDD,0.6569771903703215,-0.606084812,0.1404251477551764,-2.832126774,0.143271511454287,-2.803176327,0.0960103506752817,-3.380666242,0.0059703783002235,-7.387961937,0.0015897407780308,-9.296992745,-7.387961937,0.1173292542549579,-3.091365323,0.0786089065346968,-3.669163408,0.1415662791684853,-2.820450436,1.3174108266830444,-0.136473566
FHRLGEG,0.9056526832427448,-0.14297021,0.3142942890340255,-1.669812037,1.8546356083955888,0.8911357595676004,0.1038475493378571,-3.267460924,0.0071921463015833,-7.119361916,0.4550588657130163,-1.135874913,-1.135874913,0.2590086227889974,-1.948927967,0.1933723131101619,-2.370546849,0.2308194119100007,-2.115163535,1.6451431512832642,-0.583537102
FHRLGDS,0.5955735564826946,-0.747648395,0.0391767988492009,-4.673856671,0.0779924077500604,-3.6805225,0.1622245338715025,-2.623936074,0.0106891942190707,-6.547703087,0.0077166280879009,-7.01781371,-6.547703087,0.1618806668998904,-2.626997397,0.1088509571309739,-3.199574002,0.155444646036898,-2.685527168,1.193082332611084,-0.072799273
FHVRGDA,0.6084006666440984,-0.716906361,0.0433333386209744,-4.528378796,0.1632469300729113,-2.614872233,0.0600172500600006,-4.058478972,0.0205697435696377,-5.603332381,0.006422102167157,-7.282738668,-5.603332381,0.0939353325056238,-3.41218828,0.1177489544751538,-3.086213845,0.0954817016124414,-3.388631912,1.6257485151290894,-2.389484406
FRRKSEL,0.0430605212432233,-4.537490406,0.2287857955612618,-2.127930611,0.4375229163596893,-1.192569511,0.2137798262489979,-2.225802378,0.1300547586101959,-2.942808907,0.1300547586101959,-2.942808907,-2.942808907,0.181372104660211,-2.462975511,0.3719080291472916,-1.4269822,0.3547311323059161,-1.495202144,-3.032784224,0.7604690194129944
FVHQPLS,0.6596030433801923,-0.60033004,0.0617218095798661,-4.01807583,0.0937342388778397,-3.415280064,0.0784351575190725,-3.672355722,0.0086900244725729,-6.846424045,0.0086900244725729,-6.846424045,-6.846424045,0.0757665115503282,-3.722295865,0.0835668673394531,-3.580925135,0.0701219641601843,-3.833989782,-0.814372718,-4.182980537
FVRSLGE,1.327686974128939,0.4089150457028014,0.0626111441616702,-3.997436724,0.0597301295860424,-4.065397338,0.0772657127371412,-3.694027841,1.4586519334843469,0.5446356654739283,0.4912278569665082,-1.025535718,0.5446356654739283,0.0909476561402127,-3.458819732,0.0630828111482897,-3.986609238,0.0798427599321544,-3.646694598,0.3601700067520141,-1.966973305
FVAQYII,0.1039340972014539,-3.266259064,0.3931026004922992,-1.347022187,0.3594130018271629,-1.476285495,0.1447996557750419,-2.787869922,0.0386493846850666,-4.693410744,0.0386493846850666,-4.693410744,-4.693410744,0.2925621254369255,-1.773185082,0.325258753410771,-1.620340211,0.2867551256893125,-1.802108821,-2.856470585,-0.861017048
