seq,fitness_pred,htfr1_pred,ref_dist,div_prev,reward_signal,final_score
TDHPGTN,0.05910448357462883,-4.482779026031494,0.5714285714285714,0.4285714285714285,0.7141593098640442,0.5590069111436605
YHARMNN,0.5465716123580933,-0.3840372860431671,0.4285714285714285,0.1428571428571428,1.1964294910430908,0.9964295506477356
YSSVIKK,-3.6488144397735596,-1.4296119213104248,0.5714285714285714,0.4285714285714285,0.5819218158721924,0.4319218456745147
IYRSQKN,-2.5529866218566895,-0.4543466866016388,0.5714285714285714,0.2857142857142857,0.8149670958518982,0.6649670958518982
YSRKSNN,-1.713078260421753,1.8377420902252197,0.2857142857142857,0.1428571428571428,1.1531503200531006,0.9031503200531006
NANRPGN,1.7627127170562744,-4.034854412078857,0.7142857142857143,0.4285714285714285,0.9661029577255248,0.8661029875278473
YNLWGNR,-2.4247279167175293,-0.9236354231834412,0.2857142857142857,0.4285714285714285,0.7819714546203613,0.5319714844226837
DLIRLNS,0.14171817898750305,-2.063828229904175,0.5714285714285714,0.2857142857142857,0.974022388458252,0.8240224182605743
YVSFVNN,-2.4293150901794434,-0.5137893557548523,0.5714285714285714,0.0,0.8237568140029907,0.6737568438053131
YPRVFHA,-1.003024697303772,-1.1701782941818237,0.7142857142857143,0.4285714285714285,0.928139865398407,0.828139865398407
LSRMEEN,0.06256306171417236,-3.2350990772247314,0.4285714285714285,0.2857142857142857,0.8434682488441467,0.6434682488441468
YYHRGNN,-0.6420488953590393,1.3694806098937988,0.5714285714285714,0.0,1.2340784072875977,1.0
WYHVPQN,-2.6743667125701904,-0.21939411759376526,0.7142857142857143,0.2857142857142857,0.8245850205421448,0.7245850205421448
YHSFSND,-0.7144744992256165,-1.4761730432510376,0.4285714285714285,0.2857142857142857,0.9313647747039796,0.7313647747039795
CYGCGAN,-3.4771931171417236,-0.29303109645843506,0.7142857142857143,0.4285714285714285,0.7200554013252258,0.6200554013252259
DNSRINN,0.3691222369670868,-4.000099182128906,0.7142857142857143,0.2857142857142857,0.8014498353004456,0.7014498353004456
YCHRYID,-3.6914613246917725,0.7941485643386841,0.7142857142857143,0.4285714285714285,0.8064985275268555,0.7064985275268555
YNVLTMN,-0.9982700943946838,-2.7729334831237793,0.4285714285714285,0.4285714285714285,0.763141393661499,0.5631414234638215
DHKCSLD,-3.413414239883423,-0.5746074914932251,0.5714285714285714,0.4285714285714285,0.698667049407959,0.5486670345067978
YYRHSHR,-3.7401621341705322,0.6587094068527222,0.5714285714285714,0.2857142857142857,0.7866275310516357,0.6366275161504745
NYSRIQN,0.7299113273620605,1.2815979719161987,0.5714285714285714,0.1428571428571428,1.3906317949295044,1.0
ILPACNN,-3.65643572807312,-1.9604005813598633,0.7142857142857143,0.5714285714285714,0.526168704032898,0.4261687040328979
YSRMSMK,-2.971332311630249,1.2507734298706055,0.4285714285714285,0.2857142857142857,0.9406088590621948,0.7406088590621949
QCRLDNN,-3.763550281524658,-0.7920902967453003,0.4285714285714285,0.1428571428571428,0.6339292526245117,0.4339292526245117
EYHLLCR,-4.5239105224609375,-0.9385896325111389,0.7142857142857143,0.5714285714285714,0.5269994735717773,0.4269994661211967
GSHTTPK,-0.5921741724014282,-3.552948236465454,0.7142857142857143,0.5714285714285714,0.7315887212753296,0.6315887212753296
NYHNNHN,-0.47983554005622864,-1.301122784614563,0.7142857142857143,0.2857142857142857,0.9777755737304688,0.8777755439281464
HYRQSIH,-1.4751225709915161,-0.16811895370483398,0.5714285714285714,0.4285714285714285,0.9746626615524292,0.8246626615524292
YSRMSDT,1.1643396615982056,-0.014609777368605137,0.5714285714285714,0.2857142857142857,1.3091742992401123,1.0
EESRDIN,0.14139527082443237,-3.705155611038208,0.7142857142857143,0.2857142857142857,0.8044262528419495,0.7044262528419495
YNRRQDN,0.046160828322172165,-2.126603841781616,0.5714285714285714,0.2857142857142857,0.956001043319702,0.8060010135173797
TERFKSE,0.7883973121643066,-3.0259618759155273,0.7142857142857143,0.4285714285714285,0.952700674533844,0.852700674533844
HHIRMNA,-0.23734599351882935,-0.9540371894836426,0.7142857142857143,0.4285714285714285,1.0429060459136963,0.9429060459136964
HWRRSVN,-4.937017917633057,0.9698769450187683,0.5714285714285714,0.1428571428571428,0.6742802262306213,0.5242802429944277
YEHRSNN,0.6641687154769897,-0.7743520736694336,0.4285714285714285,0.1428571428571428,1.170305252075195,0.9703052818775176
SHRNSKR,-3.7185301780700684,0.6199123859405518,0.5714285714285714,0.5714285714285714,0.7852311730384827,0.6352311879396438
HVVRHGN,-0.18882599472999573,-1.4854941368103027,0.5714285714285714,0.4285714285714285,0.9938616752624512,0.8438616454601288
YYKFSAY,-2.683185338973999,0.2288505733013153,0.5714285714285714,0.2857142857142857,0.8698261976242065,0.7198262274265289
NHPKLGN,1.2020107507705688,-3.2683792114257812,0.7142857142857143,0.2857142857142857,0.9775919318199158,0.8775919318199158
YDRRPNP,0.8812767267227173,-2.3345422744750977,0.5714285714285714,0.4285714285714285,1.035340666770935,0.8853406965732574
YYFKSNN,-0.8736810088157654,-0.18903613090515137,0.4285714285714285,0.1428571428571428,1.045111894607544,0.845111894607544
IDLRSFY,-3.4389517307281494,-1.6790021657943726,0.5714285714285714,0.4285714285714285,0.5814946293830872,0.4314946144819259
IYFRMHY,-3.402709484100342,-0.4390082359313965,0.7142857142857143,0.4285714285714285,0.7139674425125122,0.6139674574136734
YQYIKGN,0.8690733313560486,-0.9172505736351013,0.5714285714285714,0.2857142857142857,1.1802805662155151,1.0
YYHRSNN,-0.9529139399528503,1.031571388244629,0.4285714285714285,0.0,1.1616411209106443,0.9616410613059998
VDHIFWE,-3.69254994392395,-1.5866574048995972,0.8571428571428571,0.2857142857142857,0.5604182481765747,0.5104182183742523
GYPLGEN,-0.5174441337585449,-3.0043530464172363,0.7142857142857143,0.4285714285714285,0.7972831726074219,0.6972831577062607
YTRLILN,-1.9880266189575195,-1.3773279190063477,0.4285714285714285,0.2857142857142857,0.7878243327140808,0.5878243327140809
YSSRWLL,-3.685887575149536,0.11503088474273682,0.5714285714285714,0.4285714285714285,0.7370152473449707,0.5870152771472931
PHRSSNS,1.275579810142517,-2.7910523414611816,0.4285714285714285,0.2857142857142857,1.0357838869094849,0.8357838571071625
LSEMDVN,-0.6089031100273132,-4.179919242858887,0.4285714285714285,0.1428571428571428,0.6647999286651611,0.4647999063134194
YVHWQKI,-2.115200996398926,0.24018216133117676,0.7142857142857143,0.2857142857142857,0.9395676851272584,0.8395676851272583
YYHRSEN,-0.7545163631439209,1.7945058345794678,0.5714285714285714,0.0,1.264407753944397,1.0
YSRMSPN,3.1407344341278076,1.583748459815979,0.2857142857142857,0.1428571428571428,1.7128958702087402,1.0
FNHWEMT,-2.782407522201538,-1.18300461769104,0.7142857142857143,0.5714285714285714,0.7119959592819214,0.611995929479599
YSYDSAR,-0.38257068395614624,-1.8270066976547241,0.7142857142857143,0.4285714285714285,0.9351915121078492,0.8351915419101715
YYNIDNN,-1.539439082145691,-0.9373584985733032,0.5714285714285714,0.2857142857142857,0.8874317407608032,0.7374317705631256
CCSRSNP,-3.5618367195129395,-0.4353940486907959,0.5714285714285714,0.4285714285714285,0.695129930973053,0.545129930973053
YHATMQN,0.8803797960281372,-2.921663761138916,0.5714285714285714,0.2857142857142857,0.9745798707008362,0.8245798707008362
NLHINNA,0.35889142751693726,-4.055506706237793,0.7142857142857143,0.2857142857142857,0.7944909334182739,0.6944909036159516
YHALEGS,-0.4054166376590729,-1.646907925605774,0.5714285714285714,0.1428571428571428,0.9510385990142822,0.8010385692119598
YYDRLNQ,-1.0178003311157227,-0.5565396547317505,0.7142857142857143,0.2857142857142857,0.9897478818893432,0.8897479116916657
YQTRFGN,0.056745339184999466,-1.732712745666504,0.7142857142857143,0.2857142857142857,0.9979697465896606,0.8979697465896607
RSHRGNN,-3.7991485595703125,0.09712287783622742,0.5714285714285714,0.1428571428571428,0.7214916348457336,0.5714916497468948
TTQRLGS,1.6119955778121948,-3.644653558731079,0.5714285714285714,0.5714285714285714,0.9882170557975768,0.8382170706987381
DYIRSDN,-0.38075852394104004,-1.1287415027618408,0.5714285714285714,0.1428571428571428,1.0075445175170898,0.8575444877147674
NYRLGGN,0.8591499328613281,-2.23569655418396,0.5714285714285714,0.1428571428571428,1.042880654335022,0.8928806841373443
CYNDIIH,-4.095573425292969,-1.0613034963607788,0.8571428571428571,0.2857142857142857,0.566034197807312,0.5160341680049896
TSVKAGW,0.2848441004753113,-1.9860106706619263,0.7142857142857143,0.7142857142857143,0.9993404150009156,0.8993404448032379
GCSNSMN,-3.7370684146881104,-1.578482985496521,0.7142857142857143,0.4285714285714285,0.5558881163597107,0.4558881163597107
YSMLSIN,-1.565811276435852,-1.2069861888885498,0.4285714285714285,0.2857142857142857,0.8563941121101379,0.656394112110138
WYRYVVE,-2.8599157333374023,0.12791921198368073,0.7142857142857143,0.4285714285714285,0.8380634784698486,0.7380634486675263
IYGSNPN,0.4531629681587219,-2.425055980682373,0.5714285714285714,0.2857142857142857,0.9743055105209352,0.824305510520935
YYFSSNY,-3.5064775943756104,0.20097771286964417,0.5714285714285714,0.2857142857142857,0.7675535678863525,0.6175535380840301
YLHRGNE,1.5156224966049194,0.4902658760547638,0.7142857142857143,0.1428571428571428,1.40373957157135,1.0
LHRNARN,-3.2250001430511475,0.3748539388179779,0.4285714285714285,0.2857142857142857,0.8194976449012756,0.6194976449012757
VHRVNMN,1.0982952117919922,-1.5020524263381958,0.4285714285714285,0.1428571428571428,1.1475409269332886,0.9475408971309662
YTSYDQN,-1.412402868270874,-0.895685613155365,0.7142857142857143,0.4285714285714285,0.907073438167572,0.807073438167572
TAYFNNM,-2.246682643890381,-2.3171212673187256,0.7142857142857143,0.2857142857142857,0.6595124006271362,0.5595124304294586
HSCSQGT,-3.121001720428467,-0.7508428692817688,0.7142857142857143,0.5714285714285714,0.7157630324363708,0.6157630175352097
QLHVSNG,0.8625621199607849,-4.0693230628967285,0.7142857142857143,0.4285714285714285,0.8538700342178345,0.7538700640201569
RKIRAAN,-3.750577926635742,-0.12962955236434937,0.7142857142857143,0.4285714285714285,0.7039307951927185,0.6039307951927185
NWTRSNS,-0.06199023500084877,-0.27037903666496277,0.5714285714285714,0.4285714285714285,1.134701371192932,0.984701371192932
IHRRKNN,-3.52307391166687,1.0273823738098145,0.4285714285714285,0.1428571428571428,0.8509215116500854,0.6509215414524079
KVHRSDL,-1.2514747381210327,-0.6460786461830139,0.7142857142857143,0.4285714285714285,0.9522873163223268,0.8522873461246491
YYNRTFL,-2.434562921524048,-0.708402693271637,0.5714285714285714,0.2857142857142857,0.8030187487602234,0.6530187487602234
VCLMSNN,-4.029713153839111,-0.8292477130889893,0.5714285714285714,0.4285714285714285,0.5979577302932739,0.4479577451944351
AFPLENN,-0.6652320623397827,-3.599722146987915,0.5714285714285714,0.1428571428571428,0.7179366946220398,0.5679366797208786
HYKREKN,-1.7488936185836792,1.0480871200561523,0.7142857142857143,0.2857142857142857,1.067251205444336,0.9672512352466583
AEPSACS,-4.2068772315979,-1.3719186782836914,0.7142857142857143,0.5714285714285714,0.5205087661743164,0.4205087959766388
YHVRRQN,-3.1657586097717285,1.1239644289016724,0.5714285714285714,0.2857142857142857,0.9040364027023317,0.7540364027023315
QHRRAPN,-2.744753122329712,0.7524933815002441,0.4285714285714285,0.2857142857142857,0.9164881706237792,0.7164882004261017
YYRRSNN,-3.154005289077759,0.9878677725791931,0.2857142857142857,0.0,0.8913959264755249,0.6413959264755249
LSRLDCN,-3.974006414413452,1.4739766120910645,0.4285714285714285,0.2857142857142857,0.8426173329353333,0.6426173478364945
YHHPSPP,0.13029341399669647,-1.7577866315841675,0.5714285714285714,0.2857142857142857,1.004258632659912,0.8542586624622345
FLHSMTN,-1.3027898073196411,-2.922116756439209,0.5714285714285714,0.1428571428571428,0.7109664678573608,0.5609664380550384
KRSRHFF,-3.872849464416504,1.2451995611190796,0.7142857142857143,0.2857142857142857,0.8311958909034729,0.7311959058046341
YHHRCIN,-3.885584831237793,0.9725469350814819,0.5714285714285714,0.1428571428571428,0.8014920949935913,0.6514921098947525
LFRRSGS,-2.5595498085021973,0.6570876836776733,0.5714285714285714,0.2857142857142857,0.9289913177490234,0.7789913475513458
VWRSMVV,-2.7248003482818604,-0.7654452323913574,0.7142857142857143,0.4285714285714285,0.7620866298675537,0.6620866000652313
YHSKDNN,1.3075202703475952,-2.8013551235198975,0.4285714285714285,0.1428571428571428,1.0385756492614746,0.8385755896568299
MWEETSC,-4.650864124298096,-2.2393460273742676,0.7142857142857143,0.7142857142857143,0.3772982954978943,0.2772982880473137
NSRASVN,1.2356644868850708,-3.129905939102173,0.4285714285714285,0.2857142857142857,0.9959597587585448,0.7959597736597062
YYHLDNA,-1.6874266862869263,0.25220444798469543,0.5714285714285714,0.1428571428571428,0.9924534559249878,0.8424534261226654
NNDIQLT,-1.2709392309188843,-4.34602689743042,0.7142857142857143,0.4285714285714285,0.5677147507667542,0.4668005216866732
LWRTSYE,-2.1911113262176514,0.8052029609680176,0.5714285714285714,0.4285714285714285,0.9887726902961732,0.8387726902961731
TMEMMSV,-1.6028157472610474,-4.223649978637695,0.7142857142857143,0.4285714285714285,0.5402905941009521,0.4402905941009521
CYRKAMN,-4.49267578125,0.9867025017738342,0.5714285714285714,0.2857142857142857,0.7296623587608337,0.5796623587608337
YHSRSFK,-3.6403768062591553,0.253429651260376,0.5714285714285714,0.2857142857142857,0.7568069696426392,0.6068069398403168
YYSWSLQ,-3.6251447200775146,1.5904066562652588,0.5714285714285714,0.2857142857142857,0.8967621326446533,0.7467621028423309
IHHRRNQ,-3.3940327167510986,0.47202110290527344,0.7142857142857143,0.2857142857142857,0.8091287612915039,0.7091287463903427
YSRSMNN,1.8668876886367798,0.5302078127861023,0.4285714285714285,0.1428571428571428,1.450272798538208,1.0
YQWRSSV,-2.1703808307647705,1.0239113569259644,0.7142857142857143,0.1428571428571428,1.013869047164917,0.9138690769672394
KYNQKYT,-2.931884527206421,-0.6956431865692139,0.5714285714285714,0.4285714285714285,0.7442969083786011,0.5942969381809234
WYLRLNE,-3.1873788833618164,0.3862227499485016,0.7142857142857143,0.4285714285714285,0.8252139687538147,0.7252139836549759
NYHRTNN,0.754121720790863,0.4382851719856262,0.5714285714285714,0.1428571428571428,1.30643630027771,1.0
EISCINN,-3.7765018939971924,-1.115805983543396,0.7142857142857143,0.4285714285714285,0.5989242196083069,0.4989242196083069
IHRSGGW,-0.5933002233505249,-1.0810853242874146,0.5714285714285714,0.2857142857142857,0.9868083000183104,0.8368082702159881
YHRRQDN,-1.1255176067352295,0.5874910950660706,0.4285714285714285,0.2857142857142857,1.0949275493621826,0.8949275195598603
YYRKSWN,-2.5608463287353516,1.309289574623108,0.4285714285714285,0.2857142857142857,0.9962104558944702,0.7962104260921479
AYIPVRN,-0.9658054113388062,-2.616410255432129,0.7142857142857143,0.4285714285714285,0.7832304239273071,0.6832303941249848
VYRVWVN,-3.7899703979492188,1.021492600440979,0.5714285714285714,0.2857142857142857,0.8180915713310242,0.6680915862321853
WHHEGNN,-0.7284242510795593,-2.600538730621338,0.5714285714285714,0.2857142857142857,0.8135282397270203,0.6635282397270202
YFSRSNI,-0.38759589195251465,0.35431671142578125,0.5714285714285714,0.1428571428571428,1.159926176071167,1.0
YHNPLNK,0.8331758379936218,-3.256453514099121,0.5714285714285714,0.4285714285714285,0.9342957139015198,0.784295728802681
TYHRKNN,-2.4057157039642334,1.0102001428604126,0.5714285714285714,0.2857142857142857,0.984041392803192,0.8340413928031921
SSSRHNH,-0.4044049084186554,-1.2531260251998901,0.5714285714285714,0.4285714285714285,0.9918402433395386,0.8418402731418609
YHQVALA,-0.029810691252350807,-2.828646659851074,0.7142857142857143,0.4285714285714285,0.8743047714233398,0.7743048012256623
GYNHCNH,-3.0777974128723145,-1.123477816581726,0.8571428571428571,0.5714285714285714,0.6824839115142822,0.6324839264154434
YERNSIS,0.9508927464485168,-2.8055579662323,0.5714285714285714,0.0,0.9950870275497437,0.8450870275497436
PLERSNV,1.590639591217041,-3.263676881790161,0.7142857142857143,0.4285714285714285,1.0249955654144287,0.9249955505132677
YMNSSNS,0.48275139927864075,-3.883246898651123,0.5714285714285714,0.4285714285714285,0.8272393941879272,0.677239379286766
LYSRGAD,1.4629980325698853,-0.5861197710037231,0.5714285714285714,0.2857142857142857,1.2861905097961426,1.0
HSRSDNM,0.5712555050849915,-2.8998937606811523,0.7142857142857143,0.2857142857142857,0.9395093321800232,0.8395093321800232
YMSRGLN,0.6334932446479797,-0.29686054587364197,0.5714285714285714,0.2857142857142857,1.2159290313720703,1.0
GHHIYSL,-1.9811596870422363,-1.116490125656128,0.7142857142857143,0.2857142857142857,0.8155992031097412,0.7155991733074188
IQFRINW,-3.3610246181488037,-0.34734877943992615,0.7142857142857143,0.5714285714285714,0.7284687757492065,0.6284687906503678
IHRRSHN,-3.3550126552581787,1.1473966836929321,0.4285714285714285,0.1428571428571428,0.8836090564727783,0.6836090713739396
QIHQRKH,-3.2643890380859375,0.5161343216896057,0.7142857142857143,0.4285714285714285,0.8293372392654419,0.7293372690677643
YKHLGNN,2.1867828369140625,0.6296474933624268,0.4285714285714285,0.1428571428571428,1.4991652965545654,1.0
YSHRSAN,1.8055580854415894,0.5340346693992615,0.5714285714285714,0.0,1.4432640075683594,1.0
YYVNSWW,-4.0835490226745605,1.1350570917129517,0.7142857142857143,0.2857142857142857,0.7943806648254395,0.6943806350231171
YHHNLVF,-2.634878158569336,-1.5380079746246338,0.7142857142857143,0.2857142857142857,0.6931331157684326,0.5931331157684326
WQHRSRN,-4.095423698425293,-0.08021797239780426,0.7142857142857143,0.1428571428571428,0.6674032211303711,0.5674032136797905
YCNSNGN,-3.875133752822876,-0.37315183877944946,0.5714285714285714,0.2857142857142857,0.6637365818023682,0.5137365520000458
YHRRFIV,-4.245378494262695,0.8970655798912048,0.5714285714285714,0.4285714285714285,0.7502578496932983,0.6002578422427177
QYTRSAY,-1.1614317893981934,0.41885966062545776,0.4285714285714285,0.4285714285714285,1.0731712579727173,0.8731712579727173
GHNFCCL,-4.670945644378662,-0.5317968130111694,0.7142857142857143,0.7142857142857143,0.5512720942497253,0.4512720718979836
YQRQKAP,-1.33772873878479,-1.1110986471176147,0.7142857142857143,0.2857142857142857,0.8938353657722473,0.7938353657722473
LHGSFSC,-4.321202754974365,0.5390257835388184,0.5714285714285714,0.4285714285714285,0.7041165232658386,0.5541165307164192
QWRSNNN,-0.688788890838623,-1.1866962909698486,0.5714285714285714,0.2857142857142857,0.96437007188797,0.81437007188797
PTYHGYN,-2.068842649459839,-1.3655221462249756,0.7142857142857143,0.4285714285714285,0.7792872786521912,0.6792872786521912
YYHCSEG,-3.585064649581909,0.41317906975746155,0.5714285714285714,0.2857142857142857,0.7799873948097229,0.6299873948097229
NAARCLA,-4.127065181732178,-1.1815603971481323,0.7142857142857143,0.4285714285714285,0.5498091578483582,0.4498091503977776
ELRSSHN,1.1769102811813354,-3.6277482509613037,0.5714285714285714,0.0,0.937437117099762,0.7874371170997619
YMHLRNM,-2.1272470951080322,-1.5467240810394287,0.5714285714285714,0.0,0.7535172700881958,0.6035172700881958
YYSYSNN,-1.485920786857605,0.607085108757019,0.4285714285714285,0.0,1.0534414052963257,0.8534414350986481
RHHHSKY,-3.9937992095947266,0.9112440943717957,0.7142857142857143,0.4285714285714285,0.7820948362350464,0.6820948213338852
EYMRMDL,-1.7404627799987793,-1.9440875053405762,0.5714285714285714,0.1428571428571428,0.7591628432273865,0.6091628432273865
YTHSNSF,-0.678831160068512,-2.2952589988708496,0.5714285714285714,0.4285714285714285,0.8510523438453674,0.7010523438453674
YRLMWTN,-3.6844260692596436,0.029301226139068604,0.5714285714285714,0.2857142857142857,0.728335440158844,0.5783354252576828
YYDRVMP,-1.7365654706954956,-1.4384382963180542,0.5714285714285714,0.1428571428571428,0.8118693828582764,0.661869353055954
RWFSNRN,-3.7382609844207764,0.9572780132293701,0.5714285714285714,0.1428571428571428,0.8177006244659424,0.66770059466362
IKSSWQV,-0.6580480933189392,-0.6596299409866333,0.7142857142857143,0.5714285714285714,1.0225298404693604,0.9225298702716828
MLCYMNN,-4.287761211395264,-1.2540148496627808,0.7142857142857143,0.4285714285714285,0.5229239463806152,0.4229239761829376
YSYSSNM,-1.1016428470611572,-1.1858603954315186,0.5714285714285714,0.2857142857142857,0.914613962173462,0.7646139621734619
YSHNDPN,0.08387415111064911,-1.6326807737350464,0.2857142857142857,0.1428571428571428,1.0115786790847778,0.7615786790847778
EYKRSSN,0.492759644985199,-0.376468300819397,0.5714285714285714,0.2857142857142857,1.190714955329895,1.0
MAPGSAE,-0.233871728181839,-5.346780300140381,0.7142857142857143,0.5714285714285714,0.5895336866378784,0.4576046502566896
HYDFVLH,-3.360699415206909,-1.8200669288635254,0.5714285714285714,0.5714285714285714,0.576369047164917,0.4263690769672393
QCSTLSE,-4.113804340362549,-1.3012524843215942,0.7142857142857143,0.5714285714285714,0.5390453338623047,0.4390453413128853
AGGHTVN,-0.2561178207397461,-3.99949049949646,0.7142857142857143,0.4285714285714285,0.726029634475708,0.626029634475708
VYPQMTS,-0.3215157091617584,-2.5614113807678223,0.5714285714285714,0.1428571428571428,0.866694986820221,0.7166949868202209
YHGAANN,1.1429253816604614,-2.582245111465454,0.4285714285714285,0.2857142857142857,1.0413397550582886,0.8413397252559662
YYEISNN,-1.9611722230911255,-0.7921738624572754,0.4285714285714285,0.2857142857142857,0.8515156507492065,0.6515156507492066
YHRARNW,-3.4068069458007812,0.9629059433937073,0.4285714285714285,0.2857142857142857,0.8582973480224609,0.6582973629236222
KYNGQSN,1.0346055030822754,-2.03013277053833,0.5714285714285714,0.4285714285714285,1.0852985382080078,0.9352985680103302
WSHMVGN,-1.5861436128616333,-2.003345012664795,0.5714285714285714,0.4285714285714285,0.771671712398529,0.621671712398529
QYHLENN,-0.3478241562843323,-2.5030806064605713,0.5714285714285714,0.2857142857142857,0.8695446848869324,0.7195446848869324
YGSGPNC,-3.1931464672088623,-0.9840463399887085,0.7142857142857143,0.4285714285714285,0.68296217918396,0.5829621940851212
THLNGNN,0.026835806667804718,-3.8576691150665283,0.4285714285714285,0.2857142857142857,0.7748405337333679,0.5748405486345292
GHRTVGN,0.39031895995140076,-1.4510897397994995,0.5714285714285714,0.4285714285714285,1.0673339366912842,0.9173339962959288
HYRESMW,-1.8273975849151611,0.3753378093242645,0.7142857142857143,0.4285714285714285,0.988275408744812,0.888275408744812
YYCCGNY,-3.951249837875366,0.3977738916873932,0.7142857142857143,0.2857142857142857,0.7341877222061157,0.6341877073049546
YYRRHPD,-1.8376648426055908,0.34712862968444824,0.5714285714285714,0.2857142857142857,0.984121799468994,0.8341217696666717
VCVEMTG,-3.9233949184417725,-0.6152293086051941,0.7142857142857143,0.5714285714285714,0.6329023838043213,0.5329023987054825
FFTDGNN,-1.8876086473464966,-2.8900928497314453,0.7142857142857143,0.4285714285714285,0.6436715126037598,0.5436714828014374
YYHRHYN,-1.670579195022583,0.29921916127204895,0.7142857142857143,0.1428571428571428,0.9993441700935364,0.8993441700935364
PGFRNQM,0.7810204029083252,-2.5171284675598145,0.7142857142857143,0.4285714285714285,1.0043751001358032,0.9043751001358032
PGRSSHN,1.1624594926834106,-2.0141825675964355,0.5714285714285714,0.2857142857142857,1.102381706237793,0.9523816764354706
MYSRSNN,1.5054917335510254,1.7826772928237915,0.5714285714285714,0.0,1.5360288619995115,1.0
EYDRNIT,-0.4305082857608795,-2.602304220199585,0.7142857142857143,0.4285714285714285,0.8493122458457947,0.7493122458457947
YCATFYN,-4.268195629119873,0.0921759158372879,0.7142857142857143,0.4285714285714285,0.664354145526886,0.5643541306257248
PYRSNEY,-1.2802914381027222,-0.9511969089508057,0.7142857142857143,0.4285714285714285,0.9172881841659546,0.8172881543636322
SYHSYIN,-2.569204807281494,0.08444792032241821,0.7142857142857143,0.2857142857142857,0.8686692118644714,0.7686692118644715
YHGFDNN,-0.7825409770011902,-1.4700084924697876,0.4285714285714285,0.2857142857142857,0.9237841963768004,0.7237841963768006
IYHVSRN,-0.10457558184862137,-0.6180251836776733,0.5714285714285714,0.2857142857142857,1.0936466455459597,0.9436466455459596
VYINSSE,-0.8234511613845825,-3.813378095626831,0.5714285714285714,0.4285714285714285,0.6767637133598328,0.5267637282609939
YSHMWNN,-2.1110684871673584,0.036240920424461365,0.5714285714285714,0.1428571428571428,0.9189984798431396,0.7689984798431396
DDRPNTE,0.08950825035572052,-4.241838455200195,0.7142857142857143,0.5714285714285714,0.7427201271057129,0.6427201420068741
CWFLSNM,-4.583136081695557,1.50722074508667,0.5714285714285714,0.4285714285714285,0.7725135087966919,0.6225134864449501
YTRFFIV,-3.985713481903076,-0.8113983869552612,0.7142857142857143,0.1428571428571428,0.6051136255264282,0.5051136255264282
WERRVAL,-1.550390362739563,-1.4350426197052002,0.5714285714285714,0.4285714285714285,0.8346964716911316,0.6846964716911316
YTNLSSN,0.9897068738937378,-2.0803136825561523,0.4285714285714285,0.2857142857142857,1.0746941566467283,0.874694186449051
YYCRSAL,-3.8680062294006348,0.560245156288147,0.5714285714285714,0.2857142857142857,0.7610214948654175,0.6110214948654175
YHHRYPF,-1.5642282962799072,0.28979772329330444,0.7142857142857143,0.2857142857142857,1.0112102031707764,0.9112102627754212
HGHMSLN,0.2169962078332901,-3.138226270675659,0.5714285714285714,0.4285714285714285,0.8721199035644531,0.7221198886632919
VKCLSSN,-3.335291624069214,-0.33066874742507935,0.4285714285714285,0.4285714285714285,0.7332985401153564,0.5332985550165177
YHHRGLN,-0.17632056772708893,1.6660547256469727,0.4285714285714285,0.1428571428571428,1.320941686630249,1.0
FYEIKIV,-2.377514123916626,-1.036550760269165,0.7142857142857143,0.2857142857142857,0.7760066986083984,0.6760067284107208
YHVHSCK,-3.9443318843841553,-0.06327278912067413,0.5714285714285714,0.4285714285714285,0.6873944997787476,0.5373944848775863
TYSRSNG,1.9985524415969849,1.5920050144195557,0.5714285714285714,0.1428571428571428,1.575857162475586,1.0
FYQTSLG,-1.322788953781128,-1.9834110736846924,0.7142857142857143,0.4285714285714285,0.8055248856544495,0.7055248856544495
YHHRSWD,-0.5223642587661743,-0.03418021649122238,0.5714285714285714,0.1428571428571428,1.103522539138794,0.953522539138794
YHVWGMS,-4.079345226287842,-0.6051890850067139,0.5714285714285714,0.2857142857142857,0.6151122450828552,0.4651122525334358
SMGKCAN,-3.3469746112823486,-1.471481204032898,0.7142857142857143,0.2857142857142857,0.6140366196632385,0.5140366196632385
YHYRENN,-0.3616580367088318,-0.38818418979644775,0.4285714285714285,0.1428571428571428,1.086353778839111,0.8863537192344666
YYHNWQD,-2.2836031913757324,0.15643933415412903,0.7142857142857143,0.4285714285714285,0.9105859994888306,0.810586029291153
SIRMSNT,1.510421872138977,-3.8642261028289795,0.5714285714285714,0.2857142857142857,0.9532714486122132,0.8032714486122131
MYSRHED,0.9990308284759521,-0.8993884921073914,0.7142857142857143,0.4285714285714285,1.197815179824829,1.0
HSSRSNV,0.584666907787323,-1.829941749572754,0.5714285714285714,0.2857142857142857,1.0516597032546997,0.9016597032546996
YHVRSWN,-2.5956122875213623,0.7238692045211792,0.4285714285714285,0.2857142857142857,0.9315364360809326,0.731536465883255
YNRWGNN,-1.2534327507019043,-0.2596522569656372,0.4285714285714285,0.2857142857142857,0.991970717906952,0.791970717906952
QLRKKNN,-2.3488900661468506,0.22224800288677216,0.5714285714285714,0.4285714285714285,0.9095025062561036,0.7595025062561035
DYRSQLE,0.21652236580848694,-2.1325747966766357,0.5714285714285714,0.4285714285714285,0.975951373577118,0.8259513735771179
YKISTNE,1.723852515220642,-3.5410282611846924,0.7142857142857143,0.4285714285714285,1.0124261379241943,0.9124261528253556
QSFPNLY,-2.789134979248047,-0.7398777008056641,0.5714285714285714,0.5714285714285714,0.7569609880447388,0.6069609582424164
YQRSGNV,1.8454742431640625,-2.1745948791503906,0.4285714285714285,0.2857142857142857,1.1682684421539309,0.968268382549286
VHARKFG,-3.3364367485046387,0.7114530205726624,0.7142857142857143,0.4285714285714285,0.8408166170120239,0.740816617012024
QHELSGN,-0.2887715697288513,-4.157376289367676,0.4285714285714285,0.2857142857142857,0.7057770490646362,0.5057770714163781
YHRDSWV,-0.8632392287254333,-0.2981020212173462,0.4285714285714285,0.2857142857142857,1.0351054668426514,0.8351054072380066
YHFRKFN,-3.5240535736083984,0.676390528678894,0.5714285714285714,0.2857142857142857,0.814544141292572,0.6645441561937332
YSRMSDD,1.4499012231826782,0.3963720500469208,0.4285714285714285,0.1428571428571428,1.3861055374145508,1.0
YHREMWE,-1.0858120918273926,-0.19251123070716858,0.5714285714285714,0.2857142857142857,1.019142985343933,0.8691430151462555
YHSRSCN,-3.503324508666992,0.904496431350708,0.4285714285714285,0.1428571428571428,0.8406111598014832,0.6406111598014832
YHAALMN,-0.7016898393630981,-2.994276762008667,0.5714285714285714,0.4285714285714285,0.7760807275772095,0.6260807573795318
IHRLHEP,0.9459992051124573,0.1816452294588089,0.4285714285714285,0.1428571428571428,1.303088903427124,1.0
NKHRVLW,-4.189626693725586,0.03365948796272278,0.7142857142857143,0.4285714285714285,0.6677944660186768,0.5677944511175156
IYSGSVN,-0.043489668518304825,-2.246912717819214,0.2857142857142857,0.1428571428571428,0.9327493906021118,0.6827493906021118
RYHGIYR,-4.983365535736084,0.635457456111908,0.7142857142857143,0.1428571428571428,0.634137749671936,0.534137760847807
LYVRLNT,-1.811418056488037,0.25452688336372375,0.7142857142857143,0.2857142857142857,0.9777242541313172,0.8777242541313172
YCEMSKN,-3.317124605178833,-1.5646718740463257,0.5714285714285714,0.4285714285714285,0.6080132722854614,0.4580132573843002
YYHLVNN,-2.97587513923645,-0.5351330637931824,0.4285714285714285,0.1428571428571428,0.7555675506591797,0.5555675804615021
VYNYNEP,-2.1795878410339355,-0.9651854038238525,0.5714285714285714,0.5714285714285714,0.8072741031646729,0.6572741031646728
FYDCKYC,-3.085374116897583,-0.8127577900886536,0.7142857142857143,0.4285714285714285,0.7136681079864502,0.6136681079864502
RFRQNLA,-2.931591033935547,-1.3606715202331543,0.5714285714285714,0.4285714285714285,0.6756316423416138,0.5256316721439361
RRNMGEN,-0.20040033757686615,-2.8511624336242676,0.5714285714285714,0.2857142857142857,0.8513841032981873,0.7013841032981872
YSRNYVN,-0.15732915699481964,1.185357689857483,0.2857142857142857,0.2857142857142857,1.2735761404037476,1.0
SHVVSPI,-0.8623430132865906,-3.6172280311584473,0.5714285714285714,0.5714285714285714,0.6923317313194275,0.5423317462205887
CYYMDRN,-4.459078311920166,0.6006676554679871,0.7142857142857143,0.4285714285714285,0.6938391923904419,0.5938392072916031
CFVSHPV,-4.053386688232422,0.026877498254179955,0.4285714285714285,0.5714285714285714,0.6835416555404663,0.4835416555404663
YHHQSTV,0.34554699063301086,-0.8989121913909912,0.4285714285714285,0.2857142857142857,1.1189714670181274,0.9189714670181276
EYKSGPN,0.9812282919883728,-3.2685577869415283,0.4285714285714285,0.2857142857142857,0.9509191513061525,0.7509191811084748
QDKLQNC,-3.370870351791382,-1.3769677877426147,0.7142857142857143,0.5714285714285714,0.6209154725074768,0.520915487408638
YNHLQGK,0.506736159324646,-2.4290883541107178,0.7142857142857143,0.4285714285714285,0.9803566336631776,0.8803566336631775
ITSAEEW,-1.2022300958633423,-2.5753397941589355,0.7142857142857143,0.5714285714285714,0.7589304447174072,0.6589304447174072
WKHKISN,-3.0749661922454834,-0.06158629059791565,0.7142857142857143,0.4285714285714285,0.7925242781639099,0.6925242930650711
TYSFSLN,-2.6261372566223145,0.49545931816101074,0.4285714285714285,0.2857142857142857,0.9042553901672364,0.7042554199695588
GRKRGTN,-3.183445692062378,0.9245073795318604,0.5714285714285714,0.1428571428571428,0.8812962770462036,0.7312962621450424
TYRLYGT,-1.7619874477386475,0.7222298383712769,0.7142857142857143,0.5714285714285714,1.0320078134536743,0.9320078432559968
DISRMGI,0.13431385159492493,-3.9764554500579834,0.7142857142857143,0.4285714285714285,0.7755448222160339,0.6755448073148728
CWDKDDN,-3.9444212913513184,-1.2627707719802856,0.7142857142857143,0.2857142857142857,0.5634697675704956,0.4634697526693344
QYHKSNN,1.3857306241989136,0.31710484623908997,0.4285714285714285,0.1428571428571428,1.3701698780059814,1.0
MGHPQQN,0.9666591286659241,-5.240731716156006,0.8571428571428571,0.0,0.7454251050949097,0.6667826713994145
YSRMSNN,3.18117356300354,1.0692274570465088,0.2857142857142857,0.0,1.6646255254745483,1.0
GAHQNIT,0.6575517654418945,-4.646935939788818,0.7142857142857143,0.5714285714285714,0.7694495916366577,0.6592097606509923
ACHRSVN,-4.219921112060547,0.7995328903198242,0.5714285714285714,0.1428571428571428,0.743255615234375,0.5932556003332138
CYHRDEE,-3.961668014526367,0.10709405690431595,0.7142857142857143,0.2857142857142857,0.702901303768158,0.6029013186693192
EYSHENF,-1.7621862888336182,-2.1880199909210205,0.7142857142857143,0.4285714285714285,0.7313408255577087,0.6313408255577088
WYIRSNN,-2.0090556144714355,0.6369608640670776,0.5714285714285714,0.2857142857142857,0.9933714270591736,0.8433714270591736
YCEQYGN,-4.095211029052734,-0.08196642249822617,0.5714285714285714,0.4285714285714285,0.6672482490539551,0.5172482267022133
PYPATNV,0.3909521996974945,-3.637955904006958,0.5714285714285714,0.2857142857142857,0.841496467590332,0.6914964824914932
YYSRSKN,-2.4560747146606445,0.5149611830711365,0.5714285714285714,0.1428571428571428,0.9268011450767516,0.7768011450767517
AYHRYVN,-2.369184732437134,2.162926197052002,0.5714285714285714,0.1428571428571428,1.1075339317321775,0.9575339317321776
IYHSNVG,-0.09138963371515274,-3.2096059322357178,0.5714285714285714,0.4285714285714285,0.8275156617164612,0.6775156617164612
EERRSNG,1.1906368732452393,-3.3866586685180664,0.5714285714285714,0.4285714285714285,0.9639999866485596,0.8139999717473984
YHRNAAK,-3.2125892639160156,0.6476965546607971,0.4285714285714285,0.2857142857142857,0.8491818904876709,0.6491819202899933
IERLNDN,0.4662424325942993,-4.295842170715332,0.4285714285714285,0.2857142857142857,0.7826231718063354,0.5826231569051743
GHYHNLN,-0.5753751397132874,-1.6222174167633057,0.5714285714285714,0.4285714285714285,0.9330706596374512,0.7830706596374511
VNHRNVN,1.8196359872817993,-1.192679524421692,0.5714285714285714,0.2857142857142857,1.2665855884552002,1.0
YSSKGNN,2.7976584434509277,-1.8298225402832031,0.4285714285714285,0.0,1.3188389539718628,1.0
YVKLSHN,1.5509387254714966,-1.110132098197937,0.4285714285714285,0.2857142857142857,1.2426742315292358,1.0
SPVVEND,-1.2553520202636719,-5.364404201507568,0.7142857142857143,0.4285714285714285,0.4643932282924652,0.3319179903715848
YYTRASN,0.2895759642124176,-0.29088732600212097,0.5714285714285714,0.1428571428571428,1.1750261783599854,1.0
YFGRWIV,-4.238284111022949,0.6695325970649719,0.7142857142857143,0.4285714285714285,0.7276090383529663,0.6276090532541275
YHRSMNN,1.2171387672424316,0.6316935420036316,0.2857142857142857,0.0,1.3823148012161257,1.0
YQHRLND,1.5976216793060303,-1.2203923463821411,0.7142857142857143,0.2857142857142857,1.236919641494751,1.0
VSSNNLY,-0.5852275490760803,-4.301007270812988,0.5714285714285714,0.5714285714285714,0.6551492214202881,0.5051492065191269
IYSRFTW,-4.751226425170898,2.0807743072509766,0.5714285714285714,0.4285714285714285,0.8114714026451111,0.6614713951945305
YYTRGWK,-3.9310142993927,0.5124439001083374,0.5714285714285714,0.1428571428571428,0.7484766840934753,0.5984766840934753
YSRLDWW,-2.5711255073547363,1.3484994173049927,0.4285714285714285,0.2857142857142857,0.999019980430603,0.7990200102329255
YSPCATT,-2.891509532928467,-1.2100393772125244,0.5714285714285714,0.5714285714285714,0.6960315704345703,0.5460315704345703
PGICEDQ,-4.621206283569336,-1.1768479347229004,0.8571428571428571,0.1428571428571428,0.4906400144100189,0.4406400144100189
MYSSSEN,-0.39803987741470337,-2.680671453475952,0.5714285714285714,0.2857142857142857,0.845136284828186,0.6951363146305084
YSRDNQN,1.31131112575531,0.0026796648744493723,0.2857142857142857,0.1428571428571428,1.328703761100769,1.0
VHMWQKN,-0.8390311002731323,-0.744466245174408,0.7142857142857143,0.2857142857142857,0.991916298866272,0.8919163286685944
VSRKTGF,-2.3728837966918945,-0.9185389280319214,0.5714285714285714,0.4285714285714285,0.7887569665908813,0.6387569367885589
YQDYSIN,-1.8499842882156372,0.31508344411849976,0.5714285714285714,0.4285714285714285,0.9793241024017334,0.8293241024017334
PWRSHNN,-1.3732795715332031,-0.7072876691818237,0.5714285714285714,0.2857142857142857,0.931259036064148,0.7812590658664703
PTMSMNG,0.3799750506877899,-4.673811435699463,0.7142857142857143,0.1428571428571428,0.7331622838973999,0.6220895472913981
TTRMCKN,-4.561154365539551,-0.39511406421661377,0.7142857142857143,0.4285714285714285,0.5786468386650085,0.4786468163132668
GQRHCSY,-4.233439922332764,-0.6134819388389587,0.7142857142857143,0.4285714285714285,0.5956522226333618,0.4956521928310394
PHMRSNV,1.4518157243728638,-1.7044346332550049,0.5714285714285714,0.4285714285714285,1.1693131923675537,1.0
TQRNSAP,1.8178629875183105,-4.010588645935059,0.7142857142857143,0.0,0.9752678275108336,0.8752678275108338
FHSSFVN,-2.568101167678833,-1.3141945600509644,0.5714285714285714,0.2857142857142857,0.724315881729126,0.574315881729126
LFRVSVH,-2.2957868576049805,-1.097143530845642,0.4285714285714285,0.4285714285714285,0.7796138525009155,0.579613882303238
YLEENYN,-1.965890645980835,-1.3219150304794312,0.5714285714285714,0.4285714285714285,0.796221137046814,0.6462211370468139
AYHRLNP,-1.0107780694961548,1.0091683864593506,0.5714285714285714,0.1428571428571428,1.1523408889770508,1.0
RNHAMEA,0.1835654377937317,-4.476299285888672,0.5714285714285714,0.5714285714285714,0.7298544645309448,0.5749029126018286
SHCRGNN,-3.9297142028808594,-0.8740177750587463,0.4285714285714285,0.2857142857142857,0.605405330657959,0.4054053455591202
YHQFPNN,-0.18907199800014496,-1.32333242893219,0.4285714285714285,0.2857142857142857,1.010583996772766,0.8105840265750885
ITRSVNN,2.3003764152526855,-2.8214452266693115,0.5714285714285714,0.2857142857142857,1.1563643217086792,1.0
YYLFKVE,-1.9751826524734497,-0.8338730931282043,0.7142857142857143,0.2857142857142857,0.8455164432525635,0.7455164432525635
TWRGSAN,-1.4230138063430786,-0.713828444480896,0.5714285714285714,0.1428571428571428,0.92457914352417,0.7745791435241699
CSRNGSK,-3.6723227500915527,-0.21617373824119568,0.5714285714285714,0.4285714285714285,0.7044378519058228,0.5544378817081451
FHHDSQT,-0.02957787550985813,-2.855227470397949,0.7142857142857143,0.4285714285714285,0.8715870380401611,0.7715870082378388
YETYYNT,-2.668947458267212,-1.230663537979126,0.7142857142857143,0.4285714285714285,0.7207701802253723,0.6207701802253723
QSVRCQN,-3.7528443336486816,-0.2964526414871216,0.5714285714285714,0.4285714285714285,0.6864235401153564,0.5364235699176788
ISRSGSN,2.1542253494262695,-1.596985101699829,0.4285714285714285,0.1428571428571428,1.2652127742767334,1.0
YGSLGRL,-0.3344140648841858,-2.515415668487549,0.5714285714285714,0.2857142857142857,0.8698893785476685,0.7198894083499908
QLRRLQN,-3.0859715938568115,0.026858627796173096,0.7142857142857143,0.4285714285714285,0.8003324866294861,0.7003325015306473
KWRGLNI,-3.6311731338500977,-1.0218873023986816,0.7142857142857143,0.4285714285714285,0.6261715888977051,0.5261715739965439
YGEQPSN,-0.48401570320129395,-2.908750534057617,0.7142857142857143,0.4285714285714285,0.8111950159072876,0.7111950159072876
YHRSSCM,-3.7036361694335938,0.5262619256973267,0.4285714285714285,0.2857142857142857,0.7773547172546387,0.5773546874523163
KGKSMTS,-2.802431583404541,-1.3484259843826294,0.5714285714285714,0.4285714285714285,0.6924896836280823,0.5424896836280823
THRHLNR,-3.8385939598083496,0.2331366240978241,0.5714285714285714,0.2857142857142857,0.7307804226875305,0.5807804375886917
IHRRENN,0.1274668276309967,-0.23921261727809906,0.4285714285714285,0.1428571428571428,1.1607935428619385,0.9607935428619384
MAWQLPM,-2.802412748336792,-0.02443007193505764,0.7142857142857143,0.5714285714285714,0.829267144203186,0.7292671740055084
RCQASND,-3.49955153465271,-1.4281163215637207,0.7142857142857143,0.5714285714285714,0.6000963449478149,0.500096344947815
YRHRNSN,-3.702010154724121,0.5099246501922607,0.5714285714285714,0.1428571428571428,0.7758632898330688,0.6258632749319076
PYRQGNN,1.1578965187072754,-2.110283851623535,0.5714285714285714,0.2857142857142857,1.0919030904769895,0.9419030904769896
FHFCMWK,-5.073631763458252,0.3912917375564575,0.8571428571428571,0.5714285714285714,0.5980166792869568,0.5480166716035455
YNRSLNC,-3.461308717727661,-0.5144141912460327,0.5714285714285714,0.2857142857142857,0.6991031169891357,0.5491031318902969
VHNRFNQ,0.6632546186447144,-1.4908195734024048,0.7142857142857143,0.2857142857142857,1.0961803197860718,0.9961803197860718
YKRCGNN,-4.116325855255127,0.6135230660438538,0.4285714285714285,0.2857142857142857,0.736546516418457,0.5365465387701989
VYHRPSH,-0.5792195796966553,1.1051212549209595,0.5714285714285714,0.1428571428571428,1.2143540382385254,1.0
TYRMVDN,-0.35918352007865906,-1.1473172903060913,0.7142857142857143,0.4285714285714285,1.008230209350586,0.9082302689552308
SALHRGR,-4.682542324066162,0.18108099699020386,0.7142857142857143,0.4285714285714285,0.623515784740448,0.5235157586634159
YMLRSNF,-2.8279831409454346,0.27223917841911316,0.5714285714285714,0.2857142857142857,0.8568274974822998,0.7068275272846222
YFHICGT,-4.336529731750488,0.37949338555336,0.7142857142857143,0.4285714285714285,0.6857856512069702,0.5857856512069702
CPHIGNQ,-3.5186049938201904,-1.2891541719436646,0.7142857142857143,0.4285714285714285,0.612151563167572,0.512151563167572
SIRKLNS,-2.1133029460906982,-1.0998486280441284,0.7142857142857143,0.4285714285714285,0.8013651371002197,0.7013651072978974
WVHRSEN,0.16551455855369568,0.12273163348436356,0.7142857142857143,0.2857142857142857,1.202777624130249,1.0
YYAQINN,-1.578674554824829,-1.3013688325881958,0.5714285714285714,0.2857142857142857,0.8450909852981567,0.6950909852981567
AYTWSQQ,-2.9227116107940674,-0.09101936966180801,0.4285714285714285,0.4285714285714285,0.8078649044036865,0.6078649044036866
IAIASNN,0.7588479518890381,-4.518091678619385,0.5714285714285714,0.4285714285714285,0.7949889898300171,0.6387422155588866
FSHRFSW,-3.738811731338501,0.48523232340812683,0.7142857142857143,0.4285714285714285,0.7688695192337036,0.6688695043325424
YWHRMNV,-3.1181657314300537,1.277496576309204,0.7142857142857143,0.1428571428571428,0.9256428480148317,0.8256428182125092
YICNSWN,-4.363428592681885,0.9236322641372681,0.5714285714285714,0.4285714285714285,0.7387504577636719,0.5887504875659942
FFFKSTN,-1.4979904890060425,-0.9749830365180969,0.5714285714285714,0.1428571428571428,0.8885488510131836,0.738548880815506
EHRSMCC,-3.527961015701294,-1.6837910413742065,0.5714285714285714,0.2857142857142857,0.5702540874481201,0.4202541023492813
YMRSNSN,1.9665664434432983,-0.7932053804397583,0.4285714285714285,0.1428571428571428,1.3255916833877563,1.0
TARNNDA,0.9321581721305847,-4.487139701843262,0.7142857142857143,0.4285714285714285,0.8191096186637878,0.71382209174335
YDWRSTH,-2.8658199310302734,0.5037047863006592,0.7142857142857143,0.4285714285714285,0.8761711716651917,0.7761711716651917
YHHRFVI,-2.6575262546539307,0.3177149295806885,0.5714285714285714,0.1428571428571428,0.8821041584014893,0.7321041285991668
YRSSENN,1.2695471048355103,-2.8139631748199463,0.5714285714285714,0.0,1.0326887369155884,0.8826887667179107
QRHRPDH,-2.263439416885376,0.5360956788063049,0.7142857142857143,0.4285714285714285,0.9522407054901124,0.8522406756877899
ISFSSFN,-2.8708956241607666,-1.5431891679763794,0.5714285714285714,0.2857142857142857,0.6641042232513428,0.5141042530536651
EYSRGNN,0.9178087115287781,-0.19092725217342377,0.5714285714285714,0.1428571428571428,1.2611969709396362,1.0
RKEMAPN,0.64279705286026,-3.2381138801574707,0.5714285714285714,0.5714285714285714,0.9132065176963806,0.7632065027952194
CNRLGNQ,-3.269392728805542,-0.11189614981412888,0.5714285714285714,0.4285714285714285,0.7638546228408813,0.6138546079397201
YCHEHQA,-3.24524188041687,-1.8060399293899536,0.7142857142857143,0.5714285714285714,0.5917569398880005,0.4917569547891617
QYHSVNN,1.0328432321548462,-2.8347270488739014,0.7142857142857143,0.2857142857142857,1.0019673109054563,0.9019673109054566
CPRFSSN,-3.2911417484283447,-0.3340933322906494,0.4285714285714285,0.4285714285714285,0.738274872303009,0.5382748723030091
LQRMDVQ,1.2354527711868286,-3.544119358062744,0.5714285714285714,0.2857142857142857,0.9531439542770386,0.8031439393758774
FERPGTQ,0.5491358041763306,-4.503900051116943,0.5714285714285714,0.2857142857142857,0.7711372375488281,0.6153302531689405
PSDSTNC,-4.37095308303833,-0.15124960243701935,0.7142857142857143,0.4285714285714285,0.6268015503883362,0.5268015503883362
WYSYGNF,-3.7454476356506348,1.0153309106826782,0.7142857142857143,0.4285714285714285,0.8228301405906677,0.7228301554918289
QHISDHH,0.06112193316221237,-2.7719061374664307,0.7142857142857143,0.5714285714285714,0.8911443948745728,0.7911443650722504
YERFSNN,0.11418388783931732,-0.9088360667228699,0.2857142857142857,0.1428571428571428,1.0900145769119265,0.8400146067142487
YHNISWN,-2.627781867980957,0.20672698318958282,0.4285714285714285,0.1428571428571428,0.8742294311523438,0.6742294609546662
SYRGMVY,-2.525895357131958,0.16327336430549622,0.7142857142857143,0.4285714285714285,0.8820408582687378,0.7820408880710602
YMHVESV,-1.377323031425476,-2.948010206222534,0.7142857142857143,0.4285714285714285,0.6992933750152588,0.5992933601140976
YHRSLNN,1.0480546951293945,0.9211928248405457,0.2857142857142857,0.0,1.3918085098266602,1.0
HHHWNNN,-2.589660882949829,0.18688508868217468,0.5714285714285714,0.1428571428571428,0.8767818808555603,0.7267818808555603
YWHNGTE,-1.9696309566497803,-0.5015735626220703,0.5714285714285714,0.4285714285714285,0.8805148601531982,0.7305148899555206
YFWRSEI,-3.565723180770874,2.19809627532959,0.7142857142857143,0.4285714285714285,0.9667130708694458,0.866713085770607
IEYFMGV,-3.4828312397003174,-0.72664475440979,0.7142857142857143,0.4285714285714285,0.6745803356170654,0.5745803505182266
CYHLTEV,-3.8023409843444824,-0.44282546639442444,0.5714285714285714,0.4285714285714285,0.6653269529342651,0.5153269678354263
NQEWTQN,-1.779152512550354,-1.9338082075119019,0.8571428571428571,0.5714285714285714,0.7555538415908813,0.7055538415908813
YHRLIIN,-2.134211301803589,1.4630322456359863,0.2857142857142857,0.1428571428571428,1.0635989904403689,0.813599020242691
YYHSNNK,-0.07697387039661407,-0.8448678255081177,0.5714285714285714,0.1428571428571428,1.073544979095459,0.923544979095459
LHRGLNS,2.2156317234039307,-0.16615471243858337,0.4285714285714285,0.2857142857142857,1.420437932014465,1.0
YYGRGYT,-1.6562460660934448,0.4873940348625183,0.7142857142857143,0.0,1.020513892173767,0.9205138921737672
HSHRLDN,0.17655780911445618,-1.7541755437850952,0.7142857142857143,0.2857142857142857,1.0102170705795288,0.9102171003818512
YCHRSGM,-3.9446706771850586,0.7020714282989502,0.7142857142857143,0.4285714285714285,0.766417384147644,0.6664174139499665
SYMRLPS,-0.9745973944664001,0.0631643533706665,0.5714285714285714,0.4285714285714285,1.0589821338653564,0.9089820742607116
YVNMNFN,-2.4314074516296387,-0.19777625799179077,0.5714285714285714,0.4285714285714285,0.8561499118804932,0.7061498820781708
SYSLSFN,-2.693662405014038,0.0933474749326706,0.5714285714285714,0.2857142857142857,0.8545632362365723,0.7045632660388946
YPYSILN,-2.8123977184295654,-0.8040304183959961,0.5714285714285714,0.4285714285714285,0.7475252151489258,0.5975252151489258
QIERSMY,-0.9459991455078125,-2.288336753845215,0.7142857142857143,0.4285714285714285,0.8195130825042725,0.7195131123065949
CHRRGVM,-4.179190158843994,1.0602123737335205,0.4285714285714285,0.1428571428571428,0.7751023769378662,0.5751024067401886
QYHQFEN,-1.9052003622055054,-0.1489289402961731,0.7142857142857143,0.4285714285714285,0.9247232675552368,0.8247232675552368
YDTLESN,-1.0049870014190674,-2.9400477409362793,0.5714285714285714,0.2857142857142857,0.74506676197052,0.59506676197052
YDSSSSM,-0.3614044189453125,-3.5073189735412598,0.5714285714285714,0.2857142857142857,0.7641624808311462,0.6141624808311462
EYRRINN,-0.6463374495506287,-1.4365214109420776,0.5714285714285714,0.2857142857142857,0.9436869621276855,0.7936869323253631
YLRNHMM,-1.6135247945785522,-2.2360661029815674,0.5714285714285714,0.4285714285714285,0.744324803352356,0.5943248033523559
SDSSDVN,-1.2974547147750854,-3.191295623779297,0.7142857142857143,0.2857142857142857,0.6838030219078064,0.5838030070066452
YYHLGSN,-2.213714599609375,0.26040205359458923,0.5714285714285714,0.1428571428571428,0.9297633171081544,0.7797633171081543
FTRRSQN,-2.0905134677886963,-0.4720219075679779,0.5714285714285714,0.1428571428571428,0.868973970413208,0.7189739406108856
YSPRDHR,-1.061328411102295,-0.8928326964378357,0.7142857142857143,0.2857142857142857,0.9497522115707396,0.8497521817684174
LTSPPVV,-1.044359564781189,-4.39734411239624,0.5714285714285714,0.5714285714285714,0.5897676348686218,0.4372630272060632
FFILSSP,-3.5175230503082275,-1.8376917839050293,0.5714285714285714,0.4285714285714285,0.5556155443191528,0.4056155741214752
DHRLKSF,0.18504579365253448,-1.046351671218872,0.4285714285714285,0.4285714285714285,1.0843634605407717,0.8843634605407715
RYELANN,0.0772353857755661,-2.1303699016571045,0.5714285714285714,0.2857142857142857,0.9593634605407716,0.8093634903430938
RHHICNN,-4.638898849487305,-0.3875815272331238,0.5714285714285714,0.2857142857142857,0.5700391530990601,0.4200391232967376
YHRGSYN,-0.34603095054626465,1.0855646133422852,0.2857142857142857,0.1428571428571428,1.240485668182373,0.9904857277870178
VYHRSNN,0.5539344549179077,1.7630423307418823,0.4285714285714285,0.0,1.4191222190856934,1.0
VNVSSTE,-0.6038311123847961,-4.901676177978516,0.7142857142857143,0.2857142857142857,0.5908511877059937,0.4727165978401899
VHHRIIM,-2.142392635345459,-0.8049575686454773,0.7142857142857143,0.4285714285714285,0.8283169269561768,0.7283169269561768
DAKSGPN,1.1629438400268555,-3.5840628147125244,0.2857142857142857,0.4285714285714285,0.9402638673782348,0.6902638673782349
KAAWSSE,-1.453649878501892,-1.4158902168273926,0.7142857142857143,0.5714285714285714,0.8483541011810303,0.7483541309833527
YHHFSVN,-1.7184237241744995,-0.10389337688684464,0.4285714285714285,0.1428571428571428,0.9519245624542236,0.7519245624542237
WLHNACN,-4.086790084838867,-0.7878076434135437,0.5714285714285714,0.4285714285714285,0.595348060131073,0.4453480526804924
YYHRGAI,-1.0668364763259888,0.2747868597507477,0.7142857142857143,0.2857142857142857,1.0697081089019775,0.9697080492973328
EGEFLNF,-3.690255880355835,-1.8287264108657837,0.7142857142857143,0.4285714285714285,0.5356882810592651,0.4356882959604263
DYHRYLH,-2.811065196990967,0.15967023372650146,0.7142857142857143,0.4285714285714285,0.8472410440444946,0.7472410440444947
YNKSGVN,2.555657148361206,-3.063020944595337,0.4285714285714285,0.1428571428571428,1.1622276306152344,0.9622275859117508
IHARSNN,0.986053466796875,-1.661812663078308,0.4285714285714285,0.1428571428571428,1.1174862384796145,0.9174862980842592
GFLTLNN,-1.8359676599502563,-3.126436948776245,0.7142857142857143,0.4285714285714285,0.6254904270172119,0.5254904121160507
SYRRSNF,-3.4204013347625732,0.8833873271942139,0.5714285714285714,0.2857142857142857,0.8484414219856262,0.6984414368867874
HYVSGQN,0.10199069231748581,-2.2753329277038574,0.5714285714285714,0.2857142857142857,0.9473767280578612,0.7973767280578613
RKRSSIT,-3.513296365737915,0.5285026431083679,0.5714285714285714,0.2857142857142857,0.800565242767334,0.6505652725696563
TSYENNQ,-0.7743957042694092,-3.9541664123535156,0.7142857142857143,0.4285714285714285,0.6681419014930725,0.5681419163942337
VRRSMLN,-3.3413259983062744,-0.6929221749305725,0.5714285714285714,0.4285714285714285,0.6951475143432617,0.5451475441455841
LSRKSYY,-3.6340441703796387,0.8169870376586914,0.4285714285714285,0.4285714285714285,0.8157896399497986,0.6157896399497986
YHGINNG,1.809808611869812,-2.8270044326782227,0.5714285714285714,0.2857142857142857,1.0965654850006104,0.9465655148029328
ETHSNFN,-0.3111798167228699,-4.130095481872559,0.7142857142857143,0.2857142857142857,0.7058901190757751,0.605890104174614
YMESSSN,-0.6259024739265442,-3.536592483520508,0.4285714285714285,0.2857142857142857,0.729206383228302,0.5292063981294632
IYSKSNP,1.9925415515899658,1.0706998109817505,0.2857142857142857,0.0,1.5212781429290771,1.0
YAHSNNT,0.6950786113739014,-1.1600961685180664,0.5714285714285714,0.2857142857142857,1.1341876983642578,0.984187638759613
DYCRYNP,-3.9109597206115723,0.04293125122785568,0.5714285714285714,0.4285714285714285,0.7023948431015015,0.552394813299179
IISKSSS,1.7028121948242188,-4.422579288482666,0.4285714285714285,0.2857142857142857,0.9188175201416016,0.7155308138579131
MQNSDSN,-0.9711750149726868,-4.6301445960998535,0.7142857142857143,0.4285714285714285,0.5745535492897034,0.4648340824991465
RDIWTVF,-4.239686965942383,-0.11734655499458313,0.7142857142857143,0.2857142857142857,0.6461511850357056,0.546151177585125
YMHCINN,-3.987764596939087,-1.1070784330368042,0.5714285714285714,0.4285714285714285,0.5743207931518555,0.4243208080530166
YQHSSWM,-2.7404332160949707,-0.2549264430999756,0.5714285714285714,0.4285714285714285,0.812938392162323,0.662938392162323
EPRLTKT,1.2148020267486572,-3.414088487625122,0.5714285714285714,0.4285714285714285,0.964083731174469,0.8140837460756302
YHRRGNY,-3.6251609325408936,1.6365333795547485,0.4285714285714285,0.2857142857142857,0.9015251994132996,0.7015251845121384
EHNFRNN,1.348720669746399,-3.0567777156829834,0.5714285714285714,0.4285714285714285,1.0171632766723633,0.8671632170677185
YNRVNPN,2.2343008518218994,-2.0132694244384766,0.4285714285714285,0.2857142857142857,1.231875777244568,1.0
KHHRQVY,-4.0043206214904785,0.672914445400238,0.5714285714285714,0.4285714285714285,0.7562040090560913,0.6062040239572525
VKRKVVE,-1.474920630455017,-0.5575207471847534,0.7142857142857143,0.4285714285714285,0.934459924697876,0.834459924697876
FSCTGNG,-2.7727863788604736,-1.5989198684692383,0.5714285714285714,0.4285714285714285,0.6701914072036743,0.5201914370059967
MVSFVVN,-1.9169721603393555,-2.7844417095184326,0.7142857142857143,0.2857142857142857,0.65104079246521,0.55104079246521
YPHRNTV,0.549604594707489,-0.3469049632549286,0.5714285714285714,0.4285714285714285,1.2006317377090454,1.0
YHGHASN,0.509685754776001,-1.0500669479370117,0.5714285714285714,0.2857142857142857,1.1231722831726074,0.9731723427772522
IYSRSNN,1.209181785583496,3.098268508911133,0.4285714285714285,0.0,1.6361634731292725,1.0
YYSRSNW,-1.7327806949615479,1.4163106679916382,0.5714285714285714,0.1428571428571428,1.1072357892990112,0.9572358191013336
YSYRDNN,0.3689488172531128,-1.2961974143981934,0.5714285714285714,0.1428571428571428,1.0807552337646484,0.930755203962326
NHNHSDN,-0.4799085855484009,-4.315159320831299,0.5714285714285714,0.2857142857142857,0.6664020419120789,0.5164020344614982
HYHRNMH,-1.3889482021331787,0.1894119381904602,0.5714285714285714,0.2857142857142857,1.0220009088516235,0.8720009386539459
RMGKSWV,-4.372691631317139,-0.503970205783844,0.5714285714285714,0.4285714285714285,0.5901539325714111,0.4401539102196693
GIQPNNM,0.6980661153793335,-4.902135372161865,0.7142857142857143,0.5714285714285714,0.7479774355888367,0.6298285622149706
YWWRQVC,-4.962928295135498,2.1983487606048584,0.7142857142857143,0.4285714285714285,0.798059344291687,0.6980593405663967
IYDRYGN,-1.5312188863754272,-0.39219778776168823,0.7142857142857143,0.2857142857142857,0.9447419047355652,0.8447419047355652
HHYSSLA,-0.14455008506774902,-1.4909870624542236,0.7142857142857143,0.4285714285714285,0.9986394643783568,0.8986394941806793
IYHVGPN,-0.36507195234298706,-1.4981616735458374,0.5714285714285714,0.4285714285714285,0.9712754487991332,0.8212754786014557
FKRPASN,-2.7087514400482178,-1.6256574392318726,0.5714285714285714,0.4285714285714285,0.6751599907875061,0.5251599907875061
TNPRKNF,-1.3135100603103638,-1.5033893585205078,0.5714285714285714,0.4285714285714285,0.8562337160110474,0.706233686208725
ADLRTIK,0.12755419313907623,-3.66494083404541,0.7142857142857143,0.5714285714285714,0.8069097399711609,0.7069097399711609
WYHGSSN,-1.9319915771484375,0.028343791142106056,0.5714285714285714,0.2857142857142857,0.9398019313812256,0.789801961183548
MYSFGKN,0.1472596526145935,-1.9982672929763794,0.7142857142857143,0.2857142857142857,0.981464147567749,0.8814641773700714
YWGQESM,-2.9901435375213623,-0.5323435068130493,0.8571428571428571,0.2857142857142857,0.7541331648826599,0.7041331648826599
VYRSEGK,0.8033367991447449,-1.4052517414093018,0.7142857142857143,0.4285714285714285,1.121931552886963,1.0
TLHSYYH,-3.1813182830810547,-0.3672897219657898,0.7142857142857143,0.2857142857142857,0.7481041550636292,0.648104140162468
YHNRSAN,1.4190183877944946,-0.43162670731544495,0.4285714285714285,0.1428571428571428,1.2968409061431885,1.0
YYQFCIN,-4.225234508514404,0.6722849607467651,0.7142857142857143,0.2857142857142857,0.729468822479248,0.6294688001275063
LYYINTD,-3.8747200965881348,0.20985141396522522,0.7142857142857143,0.5714285714285714,0.7240135669708252,0.6240135371685028
YNWSMPS,-2.552248239517212,0.2085215151309967,0.5714285714285714,0.5714285714285714,0.8835337162017822,0.7335336863994598
YSRSSAN,2.5067453384399414,2.3360517024993896,0.4285714285714285,0.1428571428571428,1.7140731811523438,1.0
YVRHSSN,1.4579285383224487,0.8918295502662659,0.4285714285714285,0.2857142857142857,1.438257932662964,1.0
SQQMHIV,-1.0462661981582642,-3.3391284942626953,0.7142857142857143,0.5714285714285714,0.6988563537597656,0.5988563239574433
YKHASEN,1.3048875331878662,-1.9866738319396973,0.5714285714285714,0.2857142857142857,1.1224182844161987,0.9724182844161988
HWRGANN,-1.6875582933425903,0.010649502277374268,0.5714285714285714,0.2857142857142857,0.9674837589263916,0.8174837589263916
YWRNSMN,-1.8050570487976074,1.3400806188583374,0.4285714285714285,0.1428571428571428,1.0906351804733276,0.8906351804733277
YQHRTRT,-4.262686729431152,-0.3667985498905182,0.7142857142857143,0.2857142857142857,0.6176049709320068,0.5176049634814263
YQCDSHA,-3.104901075363159,-0.7517828941345215,0.7142857142857143,0.5714285714285714,0.717609703540802,0.6176096886396408
DPHKISF,0.970898449420929,-3.4735655784606934,0.7142857142857143,0.4285714285714285,0.928493857383728,0.8284938275814057
IYRLGAN,0.40147706866264343,-0.9187813401222229,0.5714285714285714,0.2857142857142857,1.1236711740493774,0.973671144247055
YYRRMPN,-3.346496105194092,0.39769384264945984,0.4285714285714285,0.1428571428571428,0.8071892857551575,0.6071893006563187
DSKRSDL,0.27810347080230713,-3.611619710922241,0.7142857142857143,0.4285714285714285,0.8305932879447937,0.7305933028459549
HSYFDFW,-4.113996982574463,1.2913784980773926,0.7142857142857143,0.5714285714285714,0.8068535327911377,0.7068535029888153
YHTSNCQ,-3.515671491622925,-1.3229031562805176,0.4285714285714285,0.4285714285714285,0.6090192794799805,0.4090192645788193
YTLGSLP,-0.380422979593277,-2.2908220291137695,0.7142857142857143,0.4285714285714285,0.8875364661216736,0.7875364661216736
LAAYSHN,0.26355549693107605,-2.307166814804077,0.5714285714285714,0.4285714285714285,0.963593363761902,0.8135933339595794
DAREMVN,-0.21779435873031616,-4.7237749099731445,0.5714285714285714,0.4285714285714285,0.6558341979980469,0.4932130221277475
YSNRSKN,-1.9125895500183105,-0.3487071692943573,0.5714285714285714,0.2857142857142857,0.9031931161880492,0.7531931459903717
HGRCSNN,-4.212929725646973,0.2288140207529068,0.4285714285714285,0.2857142857142857,0.6851415634155273,0.4851415932178498
VYEYQRR,-2.039720296859741,0.10682408511638641,0.5714285714285714,0.4285714285714285,0.9349036812782288,0.7849036812782287
FCKFKMN,-3.984827995300293,-0.07245078682899475,0.7142857142857143,0.4285714285714285,0.6815574169158936,0.581557446718216
MISYSNN,-0.2551857531070709,-2.2401130199432373,0.5714285714285714,0.2857142857142857,0.9078944325447084,0.7578944325447082
AYHRSGI,0.027623841539025307,0.7415482401847839,0.5714285714285714,0.2857142857142857,1.2500572204589844,1.0
SRRASYN,-3.9761133193969727,-0.5826091766357422,0.5714285714285714,0.4285714285714285,0.6299076676368713,0.4799076527357101
VHILFKN,-0.7915439605712891,-2.0432844161987305,0.5714285714285714,0.2857142857142857,0.8634750843048096,0.7134751141071319
VYYRLSN,-2.9839069843292236,1.990287184715271,0.5714285714285714,0.1428571428571428,1.0154861211776731,0.8654861509799957
VLHTKLW,-1.855405330657959,-0.44988852739334106,0.7142857142857143,0.5714285714285714,0.8996442556381226,0.7996442258358002
GYRQEIE,0.43573328852653503,-3.530729293823242,0.7142857142857143,0.5714285714285714,0.8579798340797424,0.7579798340797425
KSRSSMN,-3.9794294834136963,-0.5571985244750977,0.4285714285714285,0.2857142857142857,0.632132351398468,0.432132351398468
YHTMSGN,0.853620171546936,-1.4001446962356567,0.4285714285714285,0.0,1.128529667854309,0.9285296678543092
MPHGHNW,0.0458378866314888,-1.366228461265564,0.7142857142857143,0.5714285714285714,1.0345125198364258,0.9345125198364258
VSSRPFN,1.3469125032424927,-2.52055287361145,0.7142857142857143,0.2857142857142857,1.0723395347595217,0.9723395049571992
FWHFCGH,-5.102003574371338,0.7538546323776245,0.8571428571428571,0.4285714285714285,0.6320459842681885,0.5820459842681884
TSIMSPL,-1.1363635063171387,-3.77703595161438,0.7142857142857143,0.5714285714285714,0.6427412033081055,0.5427411884069443
EVLRMGN,0.8464438319206238,-3.0479397773742676,0.5714285714285714,0.4285714285714285,0.9574379920959472,0.8074379622936249
FERCGKK,-4.149112701416016,-0.2548629939556122,0.7142857142857143,0.4285714285714285,0.642879843711853,0.5428798511624336
YSRVALD,1.9869282245635986,1.631426215171814,0.2857142857142857,0.2857142857142857,1.578526258468628,1.0
YVKHSWN,-1.2129403352737427,0.8839496374130249,0.4285714285714285,0.2857142857142857,1.1149989366531372,0.9149989366531373
VHRRMAN,-3.111882448196411,0.7708913683891296,0.5714285714285714,0.2857142857142857,0.8740665316581726,0.7240665316581726
TVRSCSN,-3.744041681289673,0.5658591389656067,0.5714285714285714,0.4285714285714285,0.776567280292511,0.6265672653913498
YLHSSDN,-0.5517171621322632,-2.201500415802002,0.4285714285714285,0.2857142857142857,0.8760840892791748,0.6760840594768525
TGRGMVG,1.967449426651001,-3.5534133911132812,0.5714285714285714,0.2857142857142857,1.0405553579330444,0.8905553430318832
YHTSNQM,0.6971188187599182,-3.6812872886657715,0.5714285714285714,0.4285714285714285,0.8739826083183289,0.7239825934171676
MYVCVYE,-4.313795566558838,0.8024790287017822,0.7142857142857143,0.5714285714285714,0.7322267889976501,0.6322267964482308
PWRWGLA,-4.761870384216309,0.18667159974575043,0.7142857142857143,0.5714285714285714,0.6145163178443909,0.5145163178443909
YWFRCVV,-5.060151100158691,1.3341283798217773,0.7142857142857143,0.4285714285714285,0.697043776512146,0.5970437983982265
YQHRSVP,0.18480613827705383,-0.502148449420929,0.5714285714285714,0.2857142857142857,1.1405534744262695,0.9905534148216248
RGRPKHE,-3.3334710597991943,0.45751723647117615,0.7142857142857143,0.2857142857142857,0.8149418234825134,0.7149418085813523
YADNNLR,0.14733155071735382,-3.7205891609191895,0.5714285714285714,0.4285714285714285,0.8035486340522766,0.6535486340522766
YYHTGNT,-1.3230899572372437,-0.6696081757545471,0.7142857142857143,0.2857142857142857,0.9412107467651368,0.8412107765674591
ISRSSNQ,1.6627867221832275,-2.3918535709381104,0.5714285714285714,0.1428571428571428,1.1237692832946775,0.9737692534923552
YPRDNHS,1.3098572492599487,-3.3759045600891113,0.5714285714285714,0.4285714285714285,0.9795039892196656,0.8295040190219879
IKHRDNN,-0.270723432302475,-0.8437032699584961,0.7142857142857143,0.1428571428571428,1.0502746105194092,0.9502745509147644
VDSLYWQ,-3.7928872108459473,-0.4195108115673065,0.7142857142857143,0.5714285714285714,0.6688767671585083,0.5688767820596695
QYRSENT,0.294292688369751,-1.9732869863510132,0.7142857142857143,0.1428571428571428,1.001795530319214,0.9017955601215364
RYCRSVN,-4.805749893188477,1.5517926216125488,0.5714285714285714,0.2857142857142857,0.7502425909042358,0.6002425871789455
YNMHKPN,1.8536194562911987,-2.3303616046905518,0.5714285714285714,0.4285714285714285,1.1531603336334229,1.0
KSFINNN,0.055556394159793854,-2.994281053543091,0.5714285714285714,0.2857142857142857,0.8675000667572021,0.7175000667572021
RSLRLNV,-3.1375622749328613,-0.6693018078804016,0.5714285714285714,0.2857142857142857,0.7221872806549072,0.5721873104572296
YYMDEQN,-2.1507434844970703,-0.7360880374908447,0.7142857142857143,0.4285714285714285,0.8344232439994812,0.7344232439994812
MWRRSNV,-3.22233247756958,1.1320148706436157,0.5714285714285714,0.2857142857142857,0.8980380892753601,0.7480381041765213
YYSMYNR,-2.4528095722198486,-1.1470264196395874,0.7142857142857143,0.4285714285714285,0.7555038928985596,0.655503922700882
IYMGNHV,-1.6006762981414795,-3.026263952255249,0.7142857142857143,0.2857142857142857,0.6642447113990784,0.5642446964979172
YCNPQRA,-3.288501501083374,-1.0921319723129272,0.7142857142857143,0.0,0.6602845191955566,0.5602845042943955
LKRSGDY,0.12081324309110641,-1.9996758699417114,0.4285714285714285,0.2857142857142857,0.9781259298324584,0.7781259000301362
CYSRSHL,-3.6984903812408447,1.2411483526229858,0.5714285714285714,0.1428571428571428,0.8518272042274475,0.7018272042274475
GYCRSGN,-3.645432233810425,0.22145354747772217,0.5714285714285714,0.2857142857142857,0.7528932690620422,0.6028932690620422
DYWRDDN,-3.2508764266967773,0.704598605632782,0.7142857142857143,0.2857142857142857,0.8504378795623779,0.7504378646612168
VYKCGNH,-2.928110122680664,0.1798488348722458,0.7142857142857143,0.4285714285714285,0.8351951837539673,0.7351951837539673
YRSRAHA,-3.1597888469696045,0.15901796519756317,0.7142857142857143,0.4285714285714285,0.8050734996795654,0.7050734698772431
NSSARLM,1.166638970375061,-3.813934564590454,0.7142857142857143,0.5714285714285714,0.9169631004333496,0.8169630855321884
EYRLFNS,-2.554856300354004,-0.26123398542404175,0.5714285714285714,0.4285714285714285,0.8346908688545227,0.6846908688545227
FHDTQHI,-0.3091880679130554,-3.6246049404144287,0.7142857142857143,0.4285714285714285,0.7583501935005188,0.6583501785993576
YCHHSGN,-3.656769275665283,-0.1169467642903328,0.5714285714285714,0.2857142857142857,0.7165662050247192,0.5665662199258804
HYQVASI,-0.4774681329727173,-2.071086883544922,0.7142857142857143,0.4285714285714285,0.898520290851593,0.798520290851593
MHQRQIF,-1.7123215198516846,-1.9521472454071045,0.7142857142857143,0.4285714285714285,0.7617276906967163,0.6617276608943939
KSPSGNN,1.178261637687683,-3.951632499694824,0.5714285714285714,0.2857142857142857,0.9041414260864258,0.7541414260864258
VYPQMTH,-0.2882065176963806,-1.9319194555282593,0.7142857142857143,0.1428571428571428,0.9357458353042604,0.8357458651065827
MSSRSDG,1.2106807231903076,-4.0495758056640625,0.7142857142857143,0.2857142857142857,0.8979371786117554,0.7979371637105942
DYRVHKQ,-0.5175194144248962,-1.1088379621505737,0.7142857142857143,0.5714285714285714,0.9930899739265442,0.8930899739265442
YRPRSNS,-2.6529884338378906,-0.6900440454483032,0.5714285714285714,0.2857142857142857,0.7785454988479614,0.6285455286502838
YMHSNGN,0.8663413524627686,-2.010495901107788,0.5714285714285714,0.1428571428571428,1.067013144493103,0.9170131742954254
YWRQANL,-2.3641834259033203,0.9289935231208801,0.5714285714285714,0.4285714285714285,0.98066645860672,0.83066645860672
YHRQNCR,-4.48665189743042,1.1250905990600586,0.5714285714285714,0.2857142857142857,0.7446857690811157,0.5946857765316963
VSRSKNN,-2.6747260093688965,-1.1757160425186157,0.5714285714285714,0.2857142857142857,0.7257489562034607,0.5757489562034607
QFSPSGR,0.8765867948532104,-3.5411617755889893,0.7142857142857143,0.5714285714285714,0.9101248383522034,0.8101248234510422
YSRVMSN,1.4945482015609741,1.6937967538833618,0.4285714285714285,0.1428571428571428,1.52552592754364,1.0
TFNKSWN,0.39729219675064087,-0.25853151082992554,0.5714285714285714,0.1428571428571428,1.1913728713989258,1.0
IYGRSQT,1.0558277368545532,1.3311649560928345,0.4285714285714285,0.2857142857142857,1.4350991249084473,1.0
YMSVFMN,-2.8952202796936035,-0.7564955949783325,0.5714285714285714,0.4285714285714285,0.7424368858337402,0.5924369156360626
NHHSSNN,-0.19391252100467682,-2.938084125518799,0.4285714285714285,0.1428571428571428,0.8431879281997681,0.6431879281997681
YHHRHGN,-0.055424340069293976,0.9711036086082458,0.5714285714285714,0.1428571428571428,1.2637453079223633,1.0
YWRNPHN,-1.5448306798934937,1.065753698348999,0.4285714285714285,0.2857142857142857,1.0937120914459229,0.8937120914459229
YHSQGNK,0.8181536793708801,-2.156069755554199,0.5714285714285714,0.4285714285714285,1.0461572408676147,0.8961572110652923
NHHSSNN,-0.19391252100467682,-2.938084125518799,0.4285714285714285,0.1428571428571428,0.8431879281997681,0.6431879281997681
EYHRYTS,-2.647142171859741,0.6926023960113525,0.5714285714285714,0.4285714285714285,0.922085464000702,0.7720854640007019
LWNSGTN,-0.7170084714889526,-3.034417152404785,0.2857142857142857,0.4285714285714285,0.7700846195220947,0.5200846493244171
VYRNSSN,2.1665048599243164,-0.863047182559967,0.4285714285714285,0.2857142857142857,1.3425145149230957,1.0
YYRPSNN,0.10965918749570847,-0.12635059654712677,0.2857142857142857,0.1428571428571428,1.1703028678894043,0.9203029274940492
YYQRNNN,-0.6313359141349792,-0.7323229312896729,0.5714285714285714,0.1428571428571428,1.0182452201843262,0.8682451903820038
YYHGGNF,-1.5630285739898682,-0.42392003536224365,0.5714285714285714,0.2857142857142857,0.9376245737075806,0.7876245737075805
VYSLSNG,0.4453973174095154,-1.962354063987732,0.5714285714285714,0.2857142857142857,1.021167278289795,0.8711673378944397
YYRRNMN,-2.927938938140869,-0.09673118591308594,0.2857142857142857,0.1428571428571428,0.8066437244415283,0.5566437542438507
YHRRSTN,-3.0266220569610596,1.531973958015442,0.2857142857142857,0.1428571428571428,0.962983250617981,0.712983250617981
FYRKSNI,-2.383870840072632,1.2988581657409668,0.4285714285714285,0.4285714285714285,1.016498565673828,0.8164985060691834
LQRRSNV,-2.2213213443756104,-0.27606311440467834,0.5714285714285714,0.2857142857142857,0.8734254837036133,0.7234254539012909
YMKSNDN,0.890971839427948,-1.582134485244751,0.4285714285714285,0.2857142857142857,1.1142385005950928,0.9142385303974152
YYRLNVN,-2.01989483833313,0.12083044648170471,0.2857142857142857,0.2857142857142857,0.938744068145752,0.6887440979480743
YNRRSLN,-2.4811880588531494,-0.8634585738182068,0.4285714285714285,0.1428571428571428,0.7813718318939209,0.5813718318939209
YSRRTNN,-1.73491632938385,0.804728627204895,0.4285714285714285,0.1428571428571428,1.043798565864563,0.843798565864563
YHVQSQN,0.6436623334884644,-2.298086404800415,0.4285714285714285,0.2857142857142857,1.0104204416275024,0.8104204118251801
IYEASNA,-0.5813632011413574,-4.0808491706848145,0.5714285714285714,0.4285714285714285,0.6783591508865356,0.5283591359853744
YYSRNNN,0.3166384696960449,-0.7476240992546082,0.5714285714285714,0.0,1.1311101913452148,0.9811102509498596
YWTRSGG,-1.3976913690567017,0.7941169738769531,0.5714285714285714,0.4285714285714285,1.0834143161773682,0.9334143459796904
YIHHSND,-0.038562461733818054,-2.19718599319458,0.5714285714285714,0.2857142857142857,0.9384812116622924,0.7884812116622925
YHHTSNE,0.943017840385437,-2.134190559387207,0.4285714285714285,0.2857142857142857,1.0634918212890625,0.8634918510913849
TSHSNRN,1.083318829536438,-2.6071901321411133,0.5714285714285714,0.4285714285714285,1.0315667390823364,0.8815667390823364
INRSMNN,2.458324670791626,-4.033937454223633,0.5714285714285714,0.2857142857142857,1.0501766204833984,0.9001766055822372
DSHMSAN,-0.18421830236911774,-4.302645683288574,0.5714285714285714,0.2857142857142857,0.7033923864364624,0.553392393887043
IHRSGSL,0.2822946608066559,-1.6433463096618652,0.5714285714285714,0.4285714285714285,1.0344315767288208,0.8844315469264984
YSRRMTE,1.1301543712615967,-0.606132447719574,0.5714285714285714,0.4285714285714285,1.243939995765686,1.0
YSRSNNN,2.000994920730591,1.495837688446045,0.2857142857142857,0.0,1.5662174224853516,1.0
YSRNMNG,2.714799642562866,-0.7467058300971985,0.4285714285714285,0.4285714285714285,1.420727014541626,1.0
VHSRQNN,1.5678690671920776,-0.9742410778999329,0.5714285714285714,0.1428571428571428,1.258756399154663,1.0
YHRSGVN,1.12639319896698,1.0289777517318726,0.2857142857142857,0.1428571428571428,1.4124008417129517,1.0
INHRSSN,1.2708625793457031,-1.7456789016723633,0.5714285714285714,0.2857142857142857,1.1432065963745115,0.9932065665721892
YYLRANN,-1.116236686706543,0.49848708510398865,0.5714285714285714,0.1428571428571428,1.0868533849716189,0.936853414773941
YAHDYHN,-1.0576146841049194,-0.7446468472480774,0.5714285714285714,0.4285714285714285,0.9655088186264038,0.8155088484287262
YHSSSGN,1.1730685234069824,-2.6828222274780273,0.4285714285714285,0.1428571428571428,1.0345886945724487,0.8345887243747712
YQHRGAN,1.4072920083999634,-0.8174434900283813,0.5714285714285714,0.2857142857142857,1.255568504333496,1.0
YHRGSNT,1.172532320022583,0.3513301610946655,0.2857142857142857,0.1428571428571428,1.3479666709899902,1.0
GHRRSNN,-3.4617674350738525,0.18517976999282837,0.2857142857142857,0.1428571428571428,0.7713192105293274,0.5213192105293274
YYRRNYE,-0.7836909294128418,-0.18585672974586487,0.5714285714285714,0.2857142857142857,1.0563044548034668,0.9063045144081116
YHRRGNL,-2.9930708408355713,1.4160730838775635,0.4285714285714285,0.2857142857142857,0.9550607204437256,0.7550606906414032
YYESSNN,-1.647725224494934,-1.1458784341812134,0.4285714285714285,0.1428571428571428,0.8528176546096802,0.6528176546096802
YHRSYNI,-1.7584960460662842,0.6405875086784363,0.4285714285714285,0.2857142857142857,1.023995280265808,0.8239952504634858
VSRRLEN,0.3765862286090851,-2.346648931503296,0.5714285714285714,0.2857142857142857,0.9731605052947998,0.8231604754924774
YYFMGSN,-3.1924190521240234,-0.487276166677475,0.5714285714285714,0.4285714285714285,0.7343688011169434,0.584368771314621
YSRREYV,-0.020885303616523743,0.8515161275863647,0.5714285714285714,0.2857142857142857,1.255561113357544,1.0
NNRKMNN,-2.151052713394165,-1.2383511066436768,0.5714285714285714,0.2857142857142857,0.7824996709823608,0.6324997007846832
YSRRGNN,-1.8768935203552246,0.9831134676933289,0.2857142857142857,0.1428571428571428,1.045086145401001,0.7950861752033234
YYHSSVN,-1.4248179197311401,-0.41843435168266296,0.4285714285714285,0.0,0.9548770189285278,0.7548769891262055
YPHSGEN,-0.08868750184774399,-3.8229761123657227,0.4285714285714285,0.2857142857142857,0.7644777297973633,0.5644777446985245
YYHMSNN,-1.7675464153289795,-1.2166048288345337,0.4285714285714285,0.1428571428571428,0.8310456275939941,0.6310456573963166
YHSHNHN,-0.4464646577835083,-1.1350375413894653,0.5714285714285714,0.2857142857142857,0.9989616870880128,0.8489616870880127
THRRSSN,-3.2742278575897217,0.8212891817092896,0.2857142857142857,0.2857142857142857,0.8596734404563904,0.6096734553575516
YYRLSNG,-0.24773232638835907,0.5898751616477966,0.2857142857142857,0.2857142857142857,1.201145887374878,0.951145887374878
YSHMMNN,0.10990657657384872,-2.1464977264404297,0.5714285714285714,0.2857142857142857,0.9616417288780212,0.8116417288780212
LYRLLYE,-3.1746158599853516,-0.2972440719604492,0.5714285714285714,0.4285714285714285,0.7561493515968323,0.6061493515968323
YSRSGNN,2.8404319286346436,2.65136456489563,0.2857142857142857,0.1428571428571428,1.786931395530701,1.0
YSRRSNN,-1.634276270866394,1.1742011308670044,0.2857142857142857,0.0,1.0941168069839478,0.8441168069839478
YYRRSNL,-3.408299207687378,0.8483969569206238,0.4285714285714285,0.1428571428571428,0.8462878465652466,0.6462878316640854
YSHRSSN,1.9647409915924072,0.6647594571113586,0.5714285714285714,0.1428571428571428,1.4759862422943115,1.0
QVHRNGN,1.6054582595825195,-2.633295774459839,0.5714285714285714,0.2857142857142857,1.0919060707092283,0.941906040906906
NYHRMDN,-0.15296512842178345,-0.9214209914207458,0.5714285714285714,0.2857142857142857,1.0564625263214111,0.9064625263214112
YYHFARN,-2.0986478328704834,0.11281589418649673,0.5714285714285714,0.2857142857142857,0.9284085035324096,0.778408533334732
MYKSNIV,0.5710639953613281,-2.3389902114868164,0.5714285714285714,0.4285714285714285,0.9974303245544434,0.847430294752121
NYRLANN,1.0913374423980713,-1.9496872425079346,0.4285714285714285,0.1428571428571428,1.1004581451416016,0.9004580855369568
YYRRYGN,-3.918196678161621,0.3991415202617645,0.5714285714285714,0.2857142857142857,0.7383193969726562,0.5883193671703338
IHSLYNN,-0.866996705532074,-2.7995173931121826,0.4285714285714285,0.2857142857142857,0.7762433290481567,0.5762433588504792
NYHRGNN,1.2503337860107422,0.7942659854888916,0.5714285714285714,0.1428571428571428,1.4031169414520264,1.0
THNSSND,0.053101081401109695,-4.7707695960998535,0.5714285714285714,0.4285714285714285,0.6836837530136108,0.5196060974150896
FQRLSNN,2.165421962738037,-2.507127285003662,0.2857142857142857,0.2857142857142857,1.1725423336029053,0.9225423634052276
YSSRSNN,2.5225963592529297,-0.9731555581092834,0.4285714285714285,0.0,1.3741295337677002,1.0
YYHLSNN,-2.2084712982177734,-0.34980231523513794,0.2857142857142857,0.0,0.8673591613769531,0.6173591613769531
YHRRSSQ,-3.7798962593078613,1.604029655456543,0.4285714285714285,0.2857142857142857,0.8794867396354675,0.6794867396354676
LYSLGIH,-2.577864408493042,-0.7726256251335144,0.5714285714285714,0.4285714285714285,0.7790839076042175,0.6290839076042175
YYRRSNP,-3.1962924003601074,0.9212976098060608,0.4285714285714285,0.1428571428571428,0.8794137239456177,0.6794137388467789
NYHRSGN,0.721435010433197,0.42788124084472656,0.5714285714285714,0.0,1.3014154434204102,1.0
YYHRPSQ,-1.5050045251846313,0.5644949674606323,0.5714285714285714,0.1428571428571428,1.046737790107727,0.8967377603054046
YYRRPMN,-3.041187286376953,0.47418326139450073,0.4285714285714285,0.1428571428571428,0.85194993019104,0.6519499301910401
YHSRSSN,1.3772478103637695,0.4353264570236206,0.4285714285714285,0.0,1.381358623504639,1.0
DYRGQEN,0.12512627243995667,-2.758042097091675,0.5714285714285714,0.4285714285714285,0.9003036618232727,0.7503036618232727
QHSRNTN,1.3993427753448486,-2.8222498893737793,0.5714285714285714,0.2857142857142857,1.047502517700195,0.8975025177001953
YYRRSNN,-3.154005289077759,0.9878677725791931,0.2857142857142857,0.0,0.8913959264755249,0.6413959264755249
THRHNNN,0.5905455946922302,-0.5880333185195923,0.4285714285714285,0.2857142857142857,1.1806646585464478,0.9806646287441254
AYRRSSN,-2.7645926475524902,0.2713106870651245,0.4285714285714285,0.1428571428571428,0.8643845319747925,0.6643845617771149
YSLMSTF,-2.9614295959472656,-2.100346803665161,0.4285714285714285,0.4285714285714285,0.5956172943115234,0.3956172943115235
YYHFSSN,-2.738607406616211,-0.5414578318595886,0.5714285714285714,0.1428571428571428,0.78355872631073,0.63355872631073
HHSLDNG,-0.33661359548568726,-3.8615477085113525,0.5714285714285714,0.4285714285714285,0.7305617928504944,0.5805617928504944
YYHWSNN,-2.8406434059143066,0.3795624375343323,0.4285714285714285,0.1428571428571428,0.8663861155509949,0.6663861155509949
VYSRQSN,0.9709349870681763,2.435783863067627,0.5714285714285714,0.2857142857142857,1.5389628410339355,1.0
YHKISDN,1.5176349878311157,-0.30981481075286865,0.4285714285714285,0.2857142857142857,1.3213303089141846,1.0
QHHRSNT,0.03560330718755722,0.2648688852787018,0.5714285714285714,0.1428571428571428,1.2017772197723389,1.0
SMRRSNN,-3.0683236122131348,-0.2884063422679901,0.4285714285714285,0.2857142857142857,0.7698945999145508,0.5698946297168732
VSKRSYN,-2.5950169563293457,-0.5215888023376465,0.5714285714285714,0.2857142857142857,0.8029464483261108,0.6529464781284332
MDHSSNH,0.43537870049476624,-4.351487636566162,0.7142857142857143,0.2857142857142857,0.7731486558914185,0.6720651682466269
YHAVEGN,0.07837992161512375,-2.6638236045837402,0.5714285714285714,0.4285714285714285,0.9043933153152466,0.754393345117569
MHRRLHN,-3.1916680335998535,0.3784112334251404,0.5714285714285714,0.2857142857142857,0.8238891959190369,0.6738891810178756
HYRSSSP,1.316744089126587,-0.7959917187690735,0.5714285714285714,0.4285714285714285,1.246852993965149,1.0
VYRSKNP,-1.2743622064590454,-1.0080775022506714,0.5714285714285714,0.1428571428571428,0.91212797164917,0.7621280014514923
YYHMSII,-3.222681760787964,-0.05070658028125763,0.5714285714285714,0.2857142857142857,0.7758150696754456,0.6258150547742843
YYHSSLQ,-2.0743844509124756,-0.4901343584060669,0.5714285714285714,0.2857142857142857,0.8690500855445862,0.7190500855445862
YYHRDNN,-0.48992249369621277,0.09738859534263611,0.5714285714285714,0.1428571428571428,1.1210308074951172,0.9710308074951172
YYHSSNN,-0.6778563261032104,-0.41938555240631104,0.4285714285714285,0.1428571428571428,1.044956922531128,0.8449568629264832
YYNRMNN,-0.763754665851593,-0.8215941786766052,0.5714285714285714,0.1428571428571428,0.9930365085601808,0.8430365085601806
YIRSNLN,0.4423830807209015,-1.3742060661315918,0.4285714285714285,0.2857142857142857,1.081562042236328,0.8815620124340058
TRSFGNN,0.6302057504653931,-1.5238678455352783,0.7142857142857143,0.2857142857142857,1.0887763500213623,0.9887763798236848
TSKSSNN,1.4812827110290527,-3.283461570739746,0.4285714285714285,0.2857142857142857,1.009749412536621,0.8097493976354599
YSSAGNN,1.0198112726211548,-2.909749746322632,0.4285714285714285,0.1428571428571428,0.9926437735557556,0.7926437735557557
YHHKSII,-0.144611194729805,0.41665321588516235,0.5714285714285714,0.2857142857142857,1.1957006454467771,1.0
VHRFMAD,-0.39671021699905396,-0.506650984287262,0.5714285714285714,0.4285714285714285,1.0698838233947754,0.9198837637901306
YYHRPSD,-0.4543115794658661,-0.12839294970035553,0.5714285714285714,0.1428571428571428,1.1020057201385498,0.952005660533905
YHRMSSN,1.2216471433639526,1.6364494562149048,0.2857142857142857,0.1428571428571428,1.4866552352905271,1.0
YHHRSNV,-0.04664674401283264,1.080885887145996,0.4285714285714285,0.1428571428571428,1.2761460542678833,1.0
AYHTSSN,0.5645856261253357,-2.083578109741211,0.5714285714285714,0.2857142857142857,1.0230334997177124,0.87303346991539
QYHRNMN,-0.2360415756702423,-0.6902869343757629,0.5714285714285714,0.2857142857142857,1.0703102350234983,0.9203102350234984
YAGRSSV,2.300084352493286,-1.4985973834991455,0.5714285714285714,0.4285714285714285,1.2929857969284058,1.0
YVRNVNN,1.6013398170471191,-1.207198143005371,0.4285714285714285,0.2857142857142857,1.2387316226959229,1.0
NYHRVNN,0.5922560095787048,0.7178114056587219,0.7142857142857143,0.1428571428571428,1.3157713413238523,1.0
YHFRSHD,0.1418028473854065,-0.8159209489822388,0.5714285714285714,0.2857142857142857,1.102947473526001,0.9529475331306456
HHHRMNN,-1.0559344291687012,0.6775763034820557,0.5714285714285714,0.1428571428571428,1.112634301185608,0.9626343309879304
VHRRSIN,-2.8055191040039062,1.6123813390731812,0.4285714285714285,0.2857142857142857,0.9979827404022216,0.7979827702045441
PYSSMNN,0.4561796188354492,-2.9402668476104736,0.7142857142857143,0.2857142857142857,0.921445906162262,0.821445906162262
YYHMSNN,-1.7675464153289795,-1.2166048288345337,0.4285714285714285,0.1428571428571428,0.8310456275939941,0.6310456573963166
YHHRGNN,0.3475673794746399,1.4248273372650146,0.4285714285714285,0.0,1.3592690229415894,1.0
YYHASAN,-1.1233012676239014,-1.0376613140106201,0.5714285714285714,0.1428571428571428,0.9273089170455932,0.7773089170455932
YNHSAVN,1.3636616468429565,-3.580864191055298,0.5714285714285714,0.2857142857142857,0.9648262858390808,0.8148262709379196
YYHKGNP,0.515375554561615,0.5199228525161743,0.5714285714285714,0.2857142857142857,1.286046862602234,1.0
YFRRSIF,-3.9895968437194824,0.5427530407905579,0.5714285714285714,0.2857142857142857,0.7445353269577026,0.5945352971553802
VVRRDQN,1.9875279664993286,-2.133098840713501,0.5714285714285714,0.4285714285714285,1.1897047758102417,1.0
YGRWNNN,-0.9749392867088318,-0.5638598799705505,0.4285714285714285,0.2857142857142857,0.994166135787964,0.7941661655902863
YYHRSHN,-1.2537297010421753,0.49114611744880676,0.5714285714285714,0.1428571428571428,1.0694960355758667,0.9194960057735444
DHSNSNG,0.4927070140838623,-4.854816436767578,0.5714285714285714,0.4285714285714285,0.7280733585357666,0.5613910093903541
YHAESDP,-0.5173788666725159,-2.6341335773468018,0.5714285714285714,0.2857142857142857,0.8355364799499512,0.6855365097522735
YYRRSVN,-3.414965867996216,0.7488192319869995,0.4285714285714285,0.0,0.8351961374282837,0.6351961672306061
YYRRASN,-3.836167812347412,0.4766544997692108,0.4285714285714285,0.1428571428571428,0.7562298774719238,0.5562298923730851
YYQMGLH,-2.4218971729278564,-1.0823893547058105,0.5714285714285714,0.4285714285714285,0.765913188457489,0.615913188457489
YHHSSHN,-0.23670721054077148,0.007518282160162926,0.4285714285714285,0.1428571428571428,1.1423165798187256,0.9423165202140809
YYRLSLD,-2.0858192443847656,0.8895471692085266,0.2857142857142857,0.2857142857142857,1.010197401046753,0.7601974308490753
YHRVGNR,-2.952052354812622,1.0212057828903198,0.4285714285714285,0.2857142857142857,0.9192209839820862,0.7192209839820862
YSHPMDN,0.49105656147003174,-2.8849103450775146,0.5714285714285714,0.2857142857142857,0.9313750267028807,0.7813750267028808
NYHRGNH,-0.2985313832759857,0.2570382058620453,0.7142857142857143,0.1428571428571428,1.1606292724609375,1.0
TSGRDNN,0.5862301588058472,-3.852398633956909,0.7142857142857143,0.4285714285714285,0.8429188132286072,0.7429188132286072
YYWNSNN,-3.0692644119262695,0.4112779498100281,0.4285714285714285,0.1428571428571428,0.8420618176460266,0.6420618176460267
YHHKSIN,0.9550063610076904,0.6315932273864746,0.4285714285714285,0.1428571428571428,1.3506580591201782,1.0
YYKRVTT,-3.1963462829589844,0.37339821457862854,0.5714285714285714,0.4285714285714285,0.8228065371513367,0.6728065371513366
FHRRSNN,-2.979219913482666,0.7019833326339722,0.2857142857142857,0.1428571428571428,0.8829638957977295,0.6329638957977295
NHRSSSN,0.8779040575027466,-2.3396875858306885,0.2857142857142857,0.2857142857142857,1.0344020128250122,0.7844019830226898
ISHRNNN,1.6073906421661377,-2.0315887928009033,0.5714285714285714,0.2857142857142857,1.1542985439300537,1.0
MSQRLNN,2.594571352005005,-3.833071708679199,0.7142857142857143,0.2857142857142857,1.0873756408691406,0.9873756259679796
ISRGSNN,2.0429270267486572,-1.951024055480957,0.4285714285714285,0.1428571428571428,1.2152020931243896,1.0
YHHIDNN,0.007463462650775909,-1.20077383518219,0.4285714285714285,0.1428571428571428,1.0469720363616943,0.8469720363616944
YYRVLSN,-2.624171257019043,0.5563063621520996,0.5714285714285714,0.2857142857142857,0.9107785224914552,0.7607785522937774
YSHRNTN,1.7569999694824219,-0.1082274466753006,0.4285714285714285,0.1428571428571428,1.3710529804229736,1.0
YHKSSNN,2.1118805408477783,0.12662790715694427,0.2857142857142857,0.1428571428571428,1.4381582736968994,1.0
YYHRSNN,-0.9529139399528503,1.031571388244629,0.4285714285714285,0.0,1.1616411209106443,0.9616410613059998
YSHSSNV,1.246743083000183,-1.700490117073059,0.5714285714285714,0.2857142857142857,1.1449629068374634,0.9949629366397856
YYRQSVH,-1.3287076950073242,0.11434700340032578,0.5714285714285714,0.2857142857142857,1.0215189456939695,0.8715189456939697
YAHWDLD,-2.8716564178466797,-0.2597902715206146,0.5714285714285714,0.5714285714285714,0.7965937852859497,0.6465937554836273
YAHRGAN,1.0672922134399414,-0.046196386218070984,0.4285714285714285,0.2857142857142857,1.2941950559616089,1.0
YHRRHSN,-3.320322275161743,1.281727910041809,0.4285714285714285,0.2857142857142857,0.901674211025238,0.7016742110252381
YSHKSGP,2.1649210453033447,-0.4493812918663025,0.5714285714285714,0.4285714285714285,1.3850570917129517,1.0
YQHRGNL,0.47058984637260437,-0.8135843873023987,0.7142857142857143,0.2857142857142857,1.142882227897644,1.0
YVRRNVN,-2.019022226333618,0.28287264704704285,0.4285714285714285,0.2857142857142857,0.9555891752243042,0.7555891752243042
AYELDNN,-0.5810093879699707,-2.8078458309173584,0.5714285714285714,0.4285714285714285,0.8099092245101929,0.6599092543125152
YYRNTIN,-1.3271299600601196,-0.09561047703027725,0.4285714285714285,0.2857142857142857,1.0000197887420654,0.8000198483467102
YHHRGAN,0.09940919280052185,1.142861008644104,0.4285714285714285,0.1428571428571428,1.3001811504364014,1.0
YSRRSNN,-1.634276270866394,1.1742011308670044,0.2857142857142857,0.0,1.0941168069839478,0.8441168069839478
YYSSPNR,0.32217392325401306,-1.8301849365234375,0.7142857142857143,0.2857142857142857,1.019944667816162,0.9199446976184844
YHSVATN,1.490509033203125,-2.7875120639801025,0.5714285714285714,0.1428571428571428,1.0620973110198977,0.912097281217575
YYNRSNN,0.5383055806159973,0.11145486682653427,0.4285714285714285,0.1428571428571428,1.2466185092926023,1.0
TSHSSSN,0.310707151889801,-4.128210544586182,0.5714285714285714,0.2857142857142857,0.7811630964279175,0.6311630666255951
YHSRSHN,-0.14366179704666138,0.7527393102645874,0.4285714285714285,0.1428571428571428,1.230534553527832,1.0
YHHRGHN,-0.031043026596307755,0.6489031910896301,0.4285714285714285,0.1428571428571428,1.2334039211273191,1.0
YASLMNN,-0.20796476304531097,-2.9021570682525635,0.4285714285714285,0.2857142857142857,0.8452029228210449,0.6452028930187226
HYRRNNG,-2.572726011276245,0.3800235092639923,0.7142857142857143,0.2857142857142857,0.89877849817276,0.79877849817276
YFRMMNN,-2.531693458557129,-0.22552508115768433,0.4285714285714285,0.2857142857142857,0.8411761522293091,0.6411761224269867
QHHSQNN,0.33761587738990784,-3.3482167720794678,0.5714285714285714,0.1428571428571428,0.8649888634681702,0.7149888634681701
YYHRNSN,-1.1497745513916016,0.3425467908382416,0.5714285714285714,0.1428571428571428,1.0666950941085815,0.9166950941085816
YSHRLAN,0.9701203107833862,-0.3119778633117676,0.5714285714285714,0.1428571428571428,1.255007266998291,1.0
LYHRMNM,-2.2645015716552734,-0.3420260548591614,0.5714285714285714,0.2857142857142857,0.8613981604576111,0.7113981604576111
YHHRSND,1.223924160003662,0.3272756338119507,0.4285714285714285,0.0,1.3516862392425537,1.0
YSRSGNN,2.8404319286346436,2.65136456489563,0.2857142857142857,0.1428571428571428,1.786931395530701,1.0
YYRVSNV,-2.038320779800415,0.3435353934764862,0.4285714285714285,0.2857142857142857,0.9595260620117188,0.7595260918140412
YYHRWGN,-2.5247156620025635,1.2462077140808105,0.7142857142857143,0.1428571428571428,0.9940556287765504,0.8940556585788727
YYRKSNN,-2.734496831893921,1.0838032960891724,0.2857142857142857,0.1428571428571428,0.951952338218689,0.701952338218689
YTHASLP,0.7060872316360474,-2.7488653659820557,0.5714285714285714,0.2857142857142857,0.9713890552520752,0.8213890552520752
YHHNNTN,0.17666153609752655,-1.49770188331604,0.5714285714285714,0.2857142857142857,1.03672456741333,0.8867245972156524
VHHRSSN,0.36386945843696594,0.6651389598846436,0.4285714285714285,0.1428571428571428,1.2827575206756592,1.0
YYRRSNY,-3.7182860374450684,0.6670089364051819,0.4285714285714285,0.1428571428571428,0.7901259064674377,0.5901258915662766
YHKRHNN,-2.1068379878997803,0.7198434472084045,0.4285714285714285,0.2857142857142857,0.9901286959648132,0.7901286959648133
YQESSTN,-0.6820036768913269,-3.7848544120788574,0.4285714285714285,0.2857142857142857,0.6967868804931641,0.4967868506908417
LHHKSSN,0.5753129124641418,-0.017080772668123245,0.2857142857142857,0.2857142857142857,1.2378077507019043,0.9878078103065492
YYRWPVN,-3.541414976119995,2.485179901123047,0.5714285714285714,0.2857142857142857,0.9993048906326294,0.8493049204349518
YHHRSNN,0.15554393827915192,1.2076259851455688,0.2857142857142857,0.0,1.313648700714111,1.0
RVNRLSN,-3.4033713340759277,-0.8498746752738953,0.5714285714285714,0.2857142857142857,0.6714430451393127,0.5214430600404739
YHHHSDN,-0.2685585916042328,-1.040374755859375,0.4285714285714285,0.0,1.0302188396453855,0.8302188098430634
YNRRNSN,-2.2613415718078613,-0.8844913840293884,0.4285714285714285,0.2857142857142857,0.8057403564453125,0.6057403564453125
YYKRNYN,-2.238832950592041,0.5655198097229004,0.5714285714285714,0.2857142857142857,0.9582509994506836,0.8082509696483612
YTKSSYN,1.8030580282211304,-1.0975427627563477,0.2857142857142857,0.2857142857142857,1.2744123935699463,1.0
YDRQSTV,0.6219494342803955,-3.7462570667266846,0.5714285714285714,0.4285714285714285,0.8581960201263428,0.708196035027504
YYDLSNN,-1.6616610288619995,-0.054282501339912415,0.2857142857142857,0.1428571428571428,0.9639023542404176,0.7139023542404175
QSRRDNN,0.7330151200294495,-2.697335958480835,0.5714285714285714,0.1428571428571428,0.97996324300766,0.8299632430076599
HYHRGSN,-0.5106449723243713,1.1089516878128052,0.5714285714285714,0.2857142857142857,1.2230284214019775,1.0
HYRRPNN,-3.6956939697265625,0.4646579921245575,0.5714285714285714,0.1428571428571428,0.7719495296478271,0.6219495296478271
YYSRSQN,0.1525016725063324,0.8404342532157898,0.4285714285714285,0.1428571428571428,1.275348663330078,1.0
YYNANNN,-0.10918384045362473,-2.229374885559082,0.5714285714285714,0.2857142857142857,0.9266300797462464,0.7766300797462463
YYRRSQH,-3.8801937103271484,1.2438052892684937,0.4285714285714285,0.1428571428571428,0.8301652669906616,0.6301652520895005
VHRMSAN,2.3673529624938965,-0.18478791415691376,0.4285714285714285,0.2857142857142857,1.4368298053741455,1.0
VSRRSNL,-2.637606143951416,-0.6176289916038513,0.5714285714285714,0.2857142857142857,0.7878834009170532,0.6378834009170532
THHLSNQ,-0.13310067355632782,-2.219477653503418,0.4285714285714285,0.2857142857142857,0.9247651100158693,0.7247650802135468
YYHRSSD,-0.7864563465118408,0.4228805601596832,0.5714285714285714,0.1428571428571428,1.1188561916351318,0.968856132030487
DSSRNNM,0.34407010674476624,-4.0378193855285645,0.7142857142857143,0.4285714285714285,0.7945287227630615,0.6945287078619004
YHRRSWN,-3.3465263843536377,1.3808623552322388,0.2857142857142857,0.1428571428571428,0.9087517261505128,0.6587517112493515
YHRRSNL,-3.474104404449463,1.4512439966201782,0.2857142857142857,0.1428571428571428,0.9006204605102539,0.6506204605102539
YHRRDNE,0.7007023096084595,-0.9097631573677063,0.4285714285714285,0.2857142857142857,1.1607271432876587,0.9607271432876588
FSHFGNN,-0.6891847252845764,-1.9041633605957031,0.5714285714285714,0.2857142857142857,0.8902044296264648,0.7402044594287872
YYHRLTN,-1.3362635374069214,1.2230299711227417,0.5714285714285714,0.1428571428571428,1.1351391077041626,0.985139137506485
YYRKSNV,-2.2620580196380615,1.3479409217834473,0.4285714285714285,0.2857142857142857,1.036275029182434,0.8362749993801117
YSSKMNN,2.7018206119537354,-2.62432599067688,0.5714285714285714,0.1428571428571428,1.2251927852630615,1.0
YYSREVN,-0.08029308915138245,-0.688463568687439,0.5714285714285714,0.1428571428571428,1.089301586151123,0.9393015563488006
MHKRSIG,-2.1136085987091064,0.4062538743019104,0.7142857142857143,0.4285714285714285,0.9569159150123596,0.8569159150123596
YYHEGSD,-2.015334367752075,-1.0351909399032593,0.5714285714285714,0.2857142857142857,0.8198719620704651,0.6698719620704651
YSHQGGN,1.5962716341018677,-0.8304697871208191,0.4285714285714285,0.2857142857142857,1.2770376205444336,1.0
YSSRAGS,2.2446560859680176,-2.0392985343933105,0.5714285714285714,0.4285714285714285,1.2304370403289795,1.0
YHHANNN,0.41074684262275696,-1.336423635482788,0.4285714285714285,0.1428571428571428,1.0816458463668823,0.88164581656456
DYRRKNN,-2.504257917404175,-0.11751270294189453,0.5714285714285714,0.2857142857142857,0.855646550655365,0.705646550655365
YHSSSIN,0.8817456960678101,-2.3325929641723633,0.4285714285714285,0.1428571428571428,1.0355987548828125,0.8355986952781678
QYSMSAP,1.4569371938705444,-1.4867258071899414,0.5714285714285714,0.4285714285714285,1.1924219131469729,1.0
YYHQSNN,-0.8145205974578857,-0.5578308701515198,0.4285714285714285,0.1428571428571428,1.0141558647155762,0.8141558051109314
VYSAISM,-1.6140996217727661,-0.8628682494163513,0.5714285714285714,0.5714285714285714,0.8861134648323059,0.7361134648323059
YLHRSFN,-1.941548466682434,1.2679105997085571,0.5714285714285714,0.1428571428571428,1.0667015314102173,0.9167015314102172
YYSRGDN,0.3369790315628052,-0.6278226971626282,0.5714285714285714,0.2857142857142857,1.145941972732544,0.9959419131278991
YSHASSN,1.2718026638031006,-0.9315599203109741,0.5714285714285714,0.2857142857142857,1.2274224758148191,1.0
YYHRSIN,-1.6022964715957642,0.917949914932251,0.5714285714285714,0.1428571428571428,1.0715056657791138,0.9215056657791136
YHSMMNN,0.06272421777248383,-2.2772819995880127,0.4285714285714285,0.1428571428571428,0.9424349069595336,0.7424349069595337
YYHSSNT,-0.8412036299705505,-0.8155162930488586,0.5714285714285714,0.1428571428571428,0.9843142032623292,0.8343142330646515
YYELNND,-2.036972761154175,-0.7301181554794312,0.4285714285714285,0.4285714285714285,0.8487751483917236,0.6487751483917237
YHRRSTG,-2.416048765182495,1.4457111358642578,0.4285714285714285,0.2857142857142857,1.0277843475341797,0.8277843475341797
YHRRKNN,-3.123399019241333,1.5031038522720337,0.2857142857142857,0.1428571428571428,0.948317289352417,0.6983172595500946
VHHRGQL,0.35374167561531067,0.6106638312339783,0.5714285714285714,0.4285714285714285,1.275907278060913,1.0
YYRRGAN,-3.141085386276245,0.21289397776126862,0.4285714285714285,0.1428571428571428,0.8128970861434937,0.6128971159458161
YDSRMNN,0.7117297053337097,-2.2334237098693848,0.5714285714285714,0.2857142857142857,1.025317907333374,0.875317907333374
HYSNSVH,0.20505467057228088,-1.8060836791992188,0.4285714285714285,0.4285714285714285,1.0082950592041016,0.8082950592041016
IHHRSSN,0.29642415046691895,0.912874698638916,0.4285714285714285,0.1428571428571428,1.3002073764801023,1.0
YFRRFVN,-4.415103912353516,0.17635899782180786,0.5714285714285714,0.2857142857142857,0.6553149223327637,0.5053149446845054
MYYGSIN,-2.5388126373291016,0.07494505494832993,0.5714285714285714,0.4285714285714285,0.8713566660881042,0.7213566660881042
ISRRSIQ,-2.9748611450195312,-0.35176315903663635,0.4285714285714285,0.4285714285714285,0.7746329307556152,0.5746329605579377
LHHMSNN,0.501237154006958,-1.5564472675323486,0.4285714285714285,0.2857142857142857,1.069840908050537,0.8698408484458924
VHHRSNN,0.4243265986442566,0.4856472313404083,0.4285714285714285,0.1428571428571428,1.2715139389038086,1.0
YSFSSNN,-0.5872256755828857,-0.4933702349662781,0.4285714285714285,0.1428571428571428,1.048255443572998,0.8482555031776429
NHHSSNN,-0.19391252100467682,-2.938084125518799,0.4285714285714285,0.1428571428571428,0.8431879281997681,0.6431879281997681
YHRKGQN,-2.2958405017852783,1.9556593894958496,0.4285714285714285,0.2857142857142857,1.0949769020080566,0.8949768722057343
YAHRSSN,1.656024694442749,0.49888747930526733,0.4285714285714285,0.1428571428571428,1.4215805530548096,1.0
VHSLSNN,0.8098644018173218,-2.9057469367980957,0.2857142857142857,0.1428571428571428,0.9677110910415648,0.7177111208438873
YYSMSNH,-1.4047672748565674,-1.352998971939087,0.5714285714285714,0.2857142857142857,0.860752522945404,0.710752522945404
YYRRNNN,-3.44283127784729,0.7402983903884888,0.4285714285714285,0.1428571428571428,0.8309518098831177,0.6309517800807953
YYKRNDQ,-0.8195474147796631,0.1923467516899109,0.4285714285714285,0.4285714285714285,1.09104585647583,0.8910459160804749
YANLDDN,-0.5894436240196228,-2.7789957523345947,0.5714285714285714,0.4285714285714285,0.8118714094161987,0.6618714094161987
HHRSSNN,0.27923160791397095,0.21768948435783386,0.2857142857142857,0.1428571428571428,1.22631573677063,0.9763157963752748
YSRRSLN,-2.3108503818511963,0.8266923427581787,0.4285714285714285,0.0,0.9765368700027466,0.776536899805069
NYRRVNP,-2.9692087173461914,-0.7963649034500122,0.5714285714285714,0.2857142857142857,0.7293858528137207,0.5793858528137207
YHRRSIN,-3.307051181793213,1.4171342849731445,0.2857142857142857,0.1428571428571428,0.9172645211219788,0.6672645211219788
YSFRGSD,0.21039724349975586,-1.3017210960388184,0.5714285714285714,0.4285714285714285,1.0610431432724,0.9110431432724
LHRLVNV,-1.017945647239685,0.4664742350578308,0.4285714285714285,0.4285714285714285,1.0954126119613647,0.8954126417636872
HHHSNAN,-0.4163316786289215,-1.2559359073638916,0.7142857142857143,0.2857142857142857,0.990110158920288,0.8901101291179657
YHHMGDN,0.12251607328653336,-1.343743920326233,0.4285714285714285,0.2857142857142857,1.046092510223389,0.8460924506187439
YSHSVND,1.101364016532898,-2.2494735717773438,0.5714285714285714,0.1428571428571428,1.0706992149353027,0.920699155330658
YHHLSAP,0.7635610103607178,-0.7813737988471985,0.4285714285714285,0.2857142857142857,1.1815791130065918,0.9815791428089142
YDRRLGN,0.3517857789993286,-1.578857421875,0.5714285714285714,0.2857142857142857,1.0494829416275024,0.8994829714298248
YYRGSNN,0.5606755018234253,0.3608863651752472,0.2857142857142857,0.1428571428571428,1.2750866413116455,1.0
YYHSNGN,-0.5820541381835938,-0.34155434370040894,0.5714285714285714,0.1428571428571428,1.0645630359649658,0.9145630955696106
ADSWHNN,-1.8451200723648071,-2.816833972930908,0.7142857142857143,0.5714285714285714,0.6563689708709717,0.5563690006732941
YSPSSIN,0.839915931224823,-3.071720838546753,0.4285714285714285,0.2857142857142857,0.9541932344436646,0.7541932344436646
YYRANVF,-2.81585955619812,-0.19527561962604523,0.5714285714285714,0.2857142857142857,0.8099945783615112,0.6599946081638336
MHHARMN,-0.1673460304737091,-0.8844273686408997,0.7142857142857143,0.4285714285714285,1.0585479736328125,0.9585479736328124
SYMVPGN,-1.1276438236236572,-1.8248581886291504,0.8571428571428571,0.5714285714285714,0.8454633951187134,0.795463365316391
YSKNNNY,1.8385668992996216,-1.2745765447616577,0.5714285714285714,0.4285714285714285,1.2604107856750488,1.0
YSHSVNH,0.6623009443283081,-1.566699504852295,0.7142857142857143,0.2857142857142857,1.0882264375686646,0.9882264375686646
YPHRSNN,1.1065888404846191,-0.3883913457393646,0.4285714285714285,0.1428571428571428,1.2635886669158936,1.0
YSRRIMN,-2.7388980388641357,0.8325151205062866,0.2857142857142857,0.2857142857142857,0.925461769104004,0.6754617393016815
YSSRSKN,-2.5842950344085693,-0.9873177409172058,0.5714285714285714,0.1428571428571428,0.7561288475990295,0.6061288475990295
TSRRSNN,-2.9515604972839355,-0.14469440281391144,0.4285714285714285,0.1428571428571428,0.7988371849060059,0.5988371849060059
YYHSSNN,-0.6778563261032104,-0.41938555240631104,0.4285714285714285,0.1428571428571428,1.044956922531128,0.8449568629264832
GWHRLNP,-2.02474308013916,0.6990584135055542,0.7142857142857143,0.4285714285714285,0.9978924989700316,0.8978925287723541
YYHRSEN,-0.7545163631439209,1.7945058345794678,0.5714285714285714,0.0,1.264407753944397,1.0
YHHRSIN,-0.3873940408229828,1.0087136030197144,0.4285714285714285,0.0,1.2275530099868774,1.0
YSRRSNN,-1.634276270866394,1.1742011308670044,0.2857142857142857,0.0,1.0941168069839478,0.8441168069839478
YYSRNNA,0.788606584072113,-1.448411226272583,0.7142857142857143,0.1428571428571428,1.1156946420669556,1.0
YWALSND,-2.6278884410858154,0.47329655289649963,0.4285714285714285,0.4285714285714285,0.9017544984817504,0.7017545282840729
MYNMESN,-0.5832030773162842,-2.349471092224121,0.7142857142857143,0.4285714285714285,0.8569968342781067,0.7569968342781067
YDHLSNN,0.3277797996997833,-1.7446956634521484,0.2857142857142857,0.1428571428571428,1.029452919960022,0.779452919960022
YSHRGFN,-1.0634697675704956,0.02430250495672226,0.4285714285714285,0.2857142857142857,1.0442382097244265,0.8442381799221039
MHSRSNN,1.2950592041015625,-1.8775169849395752,0.4285714285714285,0.1428571428571428,1.1325082778930664,0.9325082182884216
ISSLSGN,0.5225669145584106,-3.7647202014923096,0.5714285714285714,0.2857142857142857,0.8442904949188232,0.6942905247211456
MSRRSGN,-2.5952064990997314,-0.14778324961662292,0.4285714285714285,0.2857142857142857,0.8415395021438599,0.6415395319461823
YVSMSSN,0.004523794166743755,-2.915600061416626,0.5714285714285714,0.2857142857142857,0.8694671392440796,0.719467169046402
YYERSNN,0.07252193242311478,-0.36952662467956543,0.4285714285714285,0.1428571428571428,1.1406981945037842,0.9406981945037842
YQKRGGN,-2.5468883514404297,-0.8938477039337158,0.5714285714285714,0.2857142857142857,0.7703006863594055,0.6203006863594055
YSSRSNN,2.5225963592529297,-0.9731555581092834,0.4285714285714285,0.0,1.3741295337677002,1.0
QYQRSNN,1.107696771621704,-0.6320590376853943,0.5714285714285714,0.0,1.2385504245758057,1.0
NYHRTLA,-0.6813161373138428,1.0822198390960693,0.5714285714285714,0.0,1.1996623277664185,1.0
YHSKSNN,1.8358250856399536,-0.5251019597053528,0.2857142857142857,0.0,1.3375040292739868,1.0
YHRVATN,1.777061104774475,1.969949722290039,0.4285714285714285,0.0,1.588160753250122,1.0
YSRSSNF,1.2197856903076172,0.3519318103790283,0.4285714285714285,0.0,1.3537336587905884,1.0
YGSLGNQ,0.8511362075805664,-0.708768904209137,0.5714285714285714,0.0,1.1996521949768066,1.0
YHKSMTN,1.6764647960662842,-0.8917967081069946,0.4285714285714285,0.0,1.2803837060928345,1.0
YHHRLES,0.2109493464231491,-0.28955116868019104,0.7142857142857143,0.0,1.165671944618225,1.0
YHRSVLN,0.07538416981697083,1.0840729475021362,0.4285714285714285,0.0,1.2912076711654663,1.0
YHRSITN,0.7352151274681091,1.3884985446929932,0.2857142857142857,0.0,1.4023154973983765,1.0
YSSRSNW,-0.4793020188808441,0.2992599606513977,0.5714285714285714,0.0,1.14316725730896,0.99316725730896
YHREMSN,1.539659023284912,-1.261950969696045,0.4285714285714285,0.0,1.2256288528442385,1.0
YSRAGPG,2.526766538619995,0.49998751282691956,0.2857142857142857,0.0,1.5268158912658691,1.0
IYHRHNN,-0.5389178991317749,0.3603072762489319,0.7142857142857143,0.0,1.1422765254974363,1.0
YYNRSSN,0.4380115270614624,-0.4170707166194916,0.5714285714285714,0.0,1.1799108982086182,1.0
IYSKSNP,1.9925415515899658,1.0706998109817505,0.2857142857142857,0.0,1.5212781429290771,1.0
VYHRSAN,0.6558268070220947,1.836640477180481,0.4285714285714285,0.0,1.4390264749526978,1.0
YSHSQNA,1.5455502271652222,-0.6196953058242798,0.5714285714285714,0.0,1.2926883697509766,1.0
YYKSGNN,1.3181307315826416,0.20327836275100708,0.4285714285714285,0.0,1.350250005722046,1.0
YSHRNNE,1.7363051176071167,-1.812895655632019,0.5714285714285714,0.0,1.1924539804458618,1.0
YHRFSNN,0.40116873383522034,2.3781206607818604,0.1428571428571428,0.0,1.4642200469970703,1.0
YHRGSNN,1.854130506515503,1.206807255744934,0.1428571428571428,0.0,1.518628716468811,1.0
VHRGLAN,1.8267567157745361,-1.228570818901062,0.5714285714285714,0.0,1.263737678527832,1.0
QHRLSSN,1.4144750833511353,0.4367273151874542,0.1428571428571428,0.0,1.3859975337982178,1.0
LKHLGSN,1.8256287574768066,-0.6943049430847168,0.4285714285714285,0.0,1.3187936544418335,1.0
YTRSSNN,2.3588733673095703,-0.8372186422348022,0.2857142857142857,0.0,1.3684067726135254,1.0
YYHRLNN,-1.2602183818817139,1.317850947380066,0.5714285714285714,0.0,1.1541152000427246,1.0
GYSRSNG,1.6945058107376099,1.181087613105774,0.5714285714285714,0.0,1.4967007637023926,1.0
YSRMSNM,1.3907880783081055,0.4731016755104065,0.4285714285714285,0.0,1.3868956565856934,1.0
VFRSGNN,2.130955457687378,-1.5634875297546387,0.4285714285714285,0.0,1.2658638954162598,1.0
QFHRGNN,0.49233749508857727,0.07112442702054977,0.5714285714285714,0.0,1.2369024753570557,1.0
IHRSSIE,2.279705047607422,-1.5552188158035278,0.5714285714285714,0.0,1.284676194190979,1.0
IYHRMNT,-0.3481708765029907,0.5892432332038879,0.5714285714285714,0.0,1.1889550685882568,1.0
YHRHSIT,-0.49976783990859985,0.9964379668235779,0.4285714285714285,0.0,1.212718486785889,1.0
YAHRLQN,0.028373876586556435,0.1940722018480301,0.5714285714285714,0.0,1.1935908794403076,1.0
VHSRSNS,1.0650991201400757,-0.992379903793335,0.5714285714285714,0.0,1.1961848735809326,1.0
YSSRSSE,1.9456688165664673,-1.7300175428390503,0.7142857142857143,0.0,1.2262914180755615,1.0
YYHKSNN,0.5163589119911194,0.020268311724066734,0.4285714285714285,0.0,1.234548807144165,1.0
IYHRDNI,0.3429388999938965,0.1964566558599472,0.5714285714285714,0.0,1.2318134307861328,1.0
YHSRSVL,0.002006832743063569,0.1474236100912094,0.5714285714285714,0.0,1.1855885982513428,1.0
YHRLTSM,-0.7679426670074463,1.3692669868469238,0.4285714285714285,0.0,1.2188575267791748,1.0
YHHRLEN,0.344646155834198,0.05563082545995712,0.5714285714285714,0.0,1.2174715995788574,1.0
YSSRSIN,2.1961121559143066,-0.893897294998169,0.4285714285714285,0.0,1.3429019451141355,1.0
YSRSNQN,1.851845383644104,1.949905514717102,0.2857142857142857,0.0,1.595118522644043,1.0
MYSRSNN,1.5054917335510254,1.7826772928237915,0.5714285714285714,0.0,1.5360288619995115,1.0
NLHKSHM,1.0548946857452393,-0.7258003354072571,0.5714285714285714,0.0,1.2224918603897097,1.0
YYRSSGN,0.6121424436569214,0.4639609158039093,0.4285714285714285,0.0,1.2919480800628662,1.0
YSRLSGN,2.659477710723877,3.0366506576538086,0.2857142857142857,0.0,1.804887294769287,1.0
EYSRSNN,0.7232169508934021,0.5986952781677246,0.5714285714285714,0.0,1.3192764520645142,1.0
RYSRNNE,0.3176819682121277,-0.6383322477340698,0.7142857142857143,0.0,1.1425265073776243,1.0
YLHRGNN,0.5006665587425232,1.3705354928970337,0.5714285714285714,0.0,1.3721435070037842,1.0
YFSRSNN,0.34769192337989807,0.27774152159690857,0.4285714285714285,0.0,1.2407845258712769,1.0
QHHRQSN,-0.031570497900247574,0.06146179512143135,0.5714285714285714,0.0,1.172654628753662,1.0
YHERSSN,1.6959507465362549,-1.1596310138702393,0.4285714285714285,0.0,1.2550675868988037,1.0
IHRLGNN,1.9624238014221191,1.4847052097320557,0.2857142857142857,0.0,1.5604108572006226,1.0
YHHRLAN,0.05368151515722275,1.2301759719848633,0.5714285714285714,0.0,1.303680658340454,1.0
YHRSLNN,1.0480546951293945,0.9211928248405457,0.2857142857142857,0.0,1.3918085098266602,1.0
MYHRGSV,0.3780125081539154,0.659453809261322,0.5714285714285714,0.0,1.283877730369568,1.0
VYHRLSN,-0.049603283405303955,2.5804553031921387,0.5714285714285714,0.0,1.4307019710540771,1.0
AYHRLNN,-0.8872695565223694,1.2040785551071167,0.7142857142857143,0.0,1.187386989593506,1.0
YYSRSNN,0.5108199119567871,0.6452360153198242,0.4285714285714285,0.0,1.2984423637390137,1.0
YHRMSNN,2.0059430599212646,1.6266069412231445,0.1428571428571428,0.0,1.5803239345550537,1.0
YSHRSNN,1.822951078414917,1.5215983390808105,0.4285714285714285,0.0,1.5473840236663818,1.0
YSHRSNN,1.822951078414917,1.5215983390808105,0.4285714285714285,0.0,1.5473840236663818,1.0
YHSRAIN,0.9496406316757202,-0.5810801982879639,0.5714285714285714,0.0,1.2247352600097656,1.0
YSRVASN,2.9184796810150146,2.0053305625915527,0.2857142857142857,0.0,1.729615330696106,1.0
YYHRSEN,-0.7545163631439209,1.7945058345794678,0.5714285714285714,0.0,1.264407753944397,1.0
VHSRSVN,1.8774670362472534,-0.26187723875045776,0.4285714285714285,0.0,1.3697237968444824,1.0
YHHRSSN,0.06909715384244919,1.469557523727417,0.4285714285714285,0.0,1.3302710056304932,1.0
YHHRGNN,0.3475673794746399,1.4248273372650146,0.4285714285714285,0.0,1.3592690229415894,1.0
YHRSMTN,0.9554978013038635,0.945305347442627,0.2857142857142857,0.0,1.3831254243850708,1.0
YYSRSLN,-0.895397961139679,0.9361363053321838,0.5714285714285714,0.0,1.1587257385253906,1.0
YHRLMNN,0.3780286908149719,1.4551711082458496,0.1428571428571428,0.0,1.3660812377929688,1.0
YHHKGSN,0.891088604927063,0.481285035610199,0.5714285714285714,0.0,1.3274140357971191,1.0
YHRGSTN,1.698817491531372,0.6957505941390991,0.2857142857142857,0.0,1.4470837116241455,1.0
THRMNFN,0.30118218064308167,-0.20832110941410065,0.5714285714285714,0.0,1.1849567890167236,1.0
VYHRSVN,0.0698714405298233,2.354102373123169,0.4285714285714285,0.0,1.4217424392700195,1.0
YHHRSNN,0.15554393827915192,1.2076259851455688,0.2857142857142857,0.0,1.313648700714111,1.0
VYHRLAN,-0.13110604882240295,2.001753091812134,0.5714285714285714,0.0,1.3610796928405762,1.0
YYHRSQN,-1.0289671421051025,1.5204558372497559,0.4285714285714285,0.0,1.2029635906219482,1.0
YHHRSSN,0.06909715384244919,1.469557523727417,0.4285714285714285,0.0,1.3302710056304932,1.0
YHSRSNN,1.2556569576263428,1.0195510387420654,0.2857142857142857,0.0,1.427032470703125,1.0
VSHRSNG,1.9329100847244263,-1.7361929416656494,0.5714285714285714,0.0,1.2241132259368896,1.0
YYSRSMN,-0.7266950607299805,0.7893915176391602,0.5714285714285714,0.0,1.163933277130127,1.0
NYSRSNN,1.1415168046951294,1.362898826599121,0.5714285714285714,0.0,1.4487223625183103,1.0
YSRSLNN,2.0125224590301514,2.3630013465881348,0.4285714285714285,0.0,1.657191276550293,1.0
NYHRSNN,0.4226987063884735,1.4816937446594238,0.5714285714285714,0.0,1.374213933944702,1.0
HYHRSNN,-0.37947115302085876,0.9602186679840088,0.5714285714285714,0.0,1.223499774932861,1.0
YHRSAIN,0.9997660517692566,1.314184308052063,0.4285714285714285,0.0,1.4265767335891724,1.0
NYSRNIN,1.3084040880203247,0.39158156514167786,0.7142857142857143,0.0,1.3685282468795776,1.0
YHRSDNN,1.4924784898757935,-0.5440524220466614,0.2857142857142857,0.0,1.2940952777862549,1.0
YSRASNN,2.902688980102539,1.9206920862197876,0.2857142857142857,0.0,1.7189652919769287,1.0
YSRINNN,2.7256219387054443,1.7702428102493286,0.2857142857142857,0.0,1.6820465326309204,1.0
TYHRSTN,0.9858339428901672,1.3389791250228882,0.2857142857142857,0.0,1.427456259727478,1.0
YHRASST,0.9056166410446167,0.5515314340591431,0.4285714285714285,0.0,1.3364245891571045,1.0
YRSLSSN,2.224775791168213,-0.4556185305118561,0.4285714285714285,0.0,1.3916387557983398,1.0
YHRSPIN,0.419130802154541,0.7939491868019104,0.4285714285714285,0.0,1.3027358055114746,1.0
VYHRDNN,1.0919020175933838,0.154252290725708,0.5714285714285714,0.0,1.317873477935791,1.0
SYHRLND,0.3986626863479614,1.2286829948425293,0.7142857142857143,0.0,1.345174789428711,1.0
YYHRDEV,-0.5065227746963501,0.9999700784683228,0.5714285714285714,0.0,1.2122677564620972,1.0
IYHRSNN,0.42777636647224426,1.9939481019973755,0.5714285714285714,0.0,1.427745342254639,1.0
IYHRMNN,0.24358779191970825,0.7935526967048645,0.5714285714285714,0.0,1.2815022468566897,1.0
YQHRHGN,0.1177523136138916,-0.41549837589263916,0.7142857142857143,0.0,1.1414096355438232,1.0
HHHKPNN,-0.0946611687541008,0.06971918791532516,0.5714285714285714,0.0,1.16589093208313,1.0
IYRSNNN,1.8427135944366455,-1.5991429090499878,0.5714285714285714,0.0,1.2273820638656616,1.0
YHSRSSN,1.3772478103637695,0.4353264570236206,0.4285714285714285,0.0,1.381358623504639,1.0
IHHRMNN,0.18394699692726135,0.04697209224104881,0.5714285714285714,0.0,1.197176456451416,1.0
YHRLGNN,1.710896372795105,4.220418453216553,0.1428571428571428,0.0,1.812657356262207,1.0
VAHRSNN,1.277854323387146,-1.5754895210266113,0.5714285714285714,0.0,1.161632061004639,1.0
YHRSNND,2.134629011154175,-0.25626140832901,0.4285714285714285,0.0,1.4013502597808838,1.0
LHRGDNN,1.657633900642395,-1.5851556062698364,0.4285714285714285,0.0,1.206483006477356,1.0
YHRLSSN,1.456674337387085,3.728098154067993,0.1428571428571428,0.0,1.731106877326965,1.0
MHSRLNN,1.191059947013855,-0.9790139198303223,0.5714285714285714,0.0,1.2127724885940552,1.0
YSRSNSS,2.2305989265441895,0.06262378394603729,0.4285714285714285,0.0,1.4458787441253662,1.0
YHHRLNN,0.0132985794916749,0.9141870737075806,0.4285714285714285,0.0,1.2661621570587158,1.0
YGHRGNQ,0.9630865454673767,0.08322890847921371,0.7142857142857143,0.0,1.2949849367141724,1.0
YYHRGNS,-0.9381083250045776,0.9371849894523621,0.5714285714285714,0.0,1.1536779403686523,1.0
NYRLGNN,1.5638055801391602,-1.2747836112976074,0.4285714285714285,0.0,1.2272183895111084,1.0
YSHRMSN,1.7415379285812378,-0.315841406583786,0.5714285714285714,0.0,1.3477387428283691,1.0
YHRLSNN,2.24538516998291,4.315680980682373,0.0,0.0,1.8870253562927248,1.0
YYRSSAE,0.4169345796108246,-0.2955242395401001,0.5714285714285714,0.0,1.18992280960083,1.0
YYSRSNN,0.5108199119567871,0.6452360153198242,0.4285714285714285,0.0,1.2984423637390137,1.0
YSRSNNN,2.000994920730591,1.495837688446045,0.2857142857142857,0.0,1.5662174224853516,1.0
YNSRSNN,2.1677167415618896,-1.3388274908065796,0.4285714285714285,0.0,1.2935104370117188,1.0
YHHRSNN,0.15554393827915192,1.2076259851455688,0.2857142857142857,0.0,1.313648700714111,1.0
QYHRSGN,0.5499095916748047,0.8735430836677551,0.5714285714285714,0.0,1.326746702194214,1.0
YHRSASN,1.156399130821228,0.955036997795105,0.4285714285714285,0.0,1.408384919166565,1.0
YHRSNSP,1.773064374923706,0.8185902237892151,0.5714285714285714,0.0,1.4687371253967283,1.0
LYSRSNN,1.1981828212738037,0.9790260195732117,0.5714285714285714,0.0,1.415907382965088,1.0
YSRFSQD,1.4059574604034424,0.2321161925792694,0.4285714285714285,0.0,1.3638319969177246,1.0
YHSRSNS,1.2335402965545654,0.29930034279823303,0.4285714285714285,0.0,1.34995698928833,1.0
YHRLSQN,1.6443864107131958,3.5853121280670166,0.1428571428571428,0.0,1.739018201828003,1.0
YHRSNTN,1.4616860151290894,1.1075655221939087,0.2857142857142857,0.0,1.4609980583190918,1.0
YHRSGLN,1.5200046300888062,1.9538019895553589,0.2857142857142857,0.0,1.5554590225219729,1.0
YHRLGIN,0.2642286717891693,3.2543747425079346,0.2857142857142857,0.0,1.5382089614868164,1.0
YHHRSVN,0.14893944561481476,0.8620687127113342,0.4285714285714285,0.0,1.2771536111831665,1.0
YHRLSNN,2.24538516998291,4.315680980682373,0.0,0.0,1.8870253562927248,1.0
YRHMSTN,0.4401916265487671,-0.35563981533050537,0.5714285714285714,0.0,1.1865203380584717,1.0
FHRSSVN,1.1671169996261597,0.7268146276473999,0.4285714285714285,0.0,1.3861024379730225,1.0
