seq,fitness_pred,htfr1_pred,ref_dist,div_prev,reward_signal,final_score
ASRRVQL,-3.3178155422210693,-1.2585115432739258,0.7142857142857143,0.2857142857142857,0.7665077447891235,0.6665077149868012
YLHNTNT,0.3993000090122223,-2.901074171066284,0.7142857142857143,0.1428571428571428,0.99912428855896,0.8991242587566376
YSASHLA,0.6912492513656616,-4.321463108062744,0.5714285714285714,0.2857142857142857,0.8628560304641724,0.7128560304641723
YPHISVV,-1.4515568017959595,-2.4485280513763428,0.5714285714285714,0.4285714285714285,0.8395788669586182,0.6895788967609405
YYMDRGK,-1.142208218574524,0.08072672039270401,0.7142857142857143,0.5714285714285714,1.1779704093933103,1.0
ESHQDNA,-0.17663545906543732,-4.963179588317871,0.7142857142857143,0.4285714285714285,0.6858557462692261,0.5750837471336127
IYKEGDH,0.677352786064148,-2.766866445541382,0.7142857142857143,0.5714285714285714,1.0472888946533203,0.9472889244556428
SCFSEEK,-3.6813735961914062,-1.007461667060852,0.7142857142857143,0.7142857142857143,0.7545740604400635,0.6545740604400635
QKARVVK,-3.132017135620117,-0.49113160371780396,0.7142857142857143,0.4285714285714285,0.8797918558120728,0.7797918856143952
INSKKVP,-0.27402976155281067,-2.4547555446624756,0.4285714285714285,0.2857142857142857,0.9747917652130128,0.7747917354106904
YHGRSDM,0.9415362477302551,-0.7245783805847168,0.5714285714285714,0.2857142857142857,1.322190761566162,1.0
YSRSHLQ,-0.30707892775535583,0.809425950050354,0.4285714285714285,0.1428571428571428,1.3615978956222534,1.0
FYKASPI,-0.4018591046333313,-1.4775668382644653,0.5714285714285714,0.2857142857142857,1.0769718885421753,0.9269718587398528
HIHMTNM,-1.10477614402771,-1.8429365158081055,0.8571428571428571,0.4285714285714285,0.9520890712738036,0.902089101076126
YKSRSNN,-2.994887590408325,0.8525635004043579,0.4285714285714285,0.2857142857142857,1.056423902511597,0.8564239025115967
QNIMAED,-0.39446815848350525,-5.150684356689453,0.7142857142857143,0.4285714285714285,0.6382660865783691,0.5207624956965446
HYGRSKD,-0.13186773657798767,-0.25415536761283875,0.5714285714285714,0.4285714285714285,1.2545499801635742,1.0
MHKRLNN,-2.39841890335083,0.4838992953300476,0.5714285714285714,0.2857142857142857,1.0811748504638672,0.9311748504638672
LRHENWT,-1.5574055910110474,-0.8418205976486206,0.7142857142857143,0.5714285714285714,1.0196309089660645,0.9196309089660644
YIHGSEN,-0.2276642620563507,-3.007784366607666,0.5714285714285714,0.1428571428571428,0.9139645099639891,0.7639645397663116
DNTRSTG,1.1498267650604248,-3.744459629058838,0.5714285714285714,0.2857142857142857,0.984853208065033,0.8348532229661941
RYHRQNN,-4.073861598968506,0.5017141103744507,0.7142857142857143,0.1428571428571428,0.8898590207099915,0.7898590356111527
YHLGEVH,-0.23048023879528046,-3.782695770263672,0.5714285714285714,0.2857142857142857,0.820906400680542,0.670906400680542
YHTTEKD,1.5963764190673828,-3.7654237747192383,0.5714285714285714,0.4285714285714285,1.0339034795761108,0.8839034348726272
IHRKTDN,-0.09399838000535965,0.726747989654541,0.5714285714285714,0.4285714285714285,1.3763062953948977,1.0
GDHRANN,0.829662024974823,-2.834792137145996,0.7142857142857143,0.2857142857142857,1.056746006011963,0.9567460060119628
YMKIWKE,-1.6319547891616821,-1.0923175811767578,0.7142857142857143,0.4285714285714285,0.9810466766357422,0.8810467064380646
YHHRHVI,-0.8666692972183228,0.5261797308921814,0.5714285714285714,0.1428571428571428,1.2630914449691772,1.0
NYDKRDE,0.08379153907299042,-2.500277280807495,0.7142857142857143,0.4285714285714285,1.0106585025787354,0.9106585025787354
GLGRVIG,0.9535573720932007,-2.9591872692108154,0.5714285714285714,0.5714285714285714,1.0561648607254028,0.9061648309230804
YAKQINE,2.244816303253174,-2.891678810119629,0.5714285714285714,0.2857142857142857,1.2133331298828125,1.0
YYKKQNL,-2.413663387298584,0.006137286312878132,0.5714285714285714,0.2857142857142857,1.0222413539886477,0.872241324186325
MLHLANN,-0.37639614939689636,-4.12351131439209,0.5714285714285714,0.4285714285714285,0.7632737159729004,0.6132737159729004
YHTFEEN,-1.728261113166809,-1.2192530632019043,0.5714285714285714,0.2857142857142857,0.954736828804016,0.8047367990016937
HFWRMPV,-3.9922542572021484,0.8366924524307251,0.5714285714285714,0.5714285714285714,0.9393680095672609,0.7893680393695831
YFNREEG,0.05979662388563156,-1.2694283723831177,0.7142857142857143,0.4285714285714285,1.1551828384399414,1.0
THFHNQY,-1.9158989191055298,-1.0555636882781982,0.7142857142857143,0.4285714285714285,0.9526606798171996,0.8526606500148773
FGNKDEY,0.29964661598205566,-3.4633162021636963,0.8571428571428571,0.2857142857142857,0.9203351736068726,0.8703351438045501
MLSRACW,-3.7810041904449463,0.5542129874229431,0.7142857142857143,0.1428571428571428,0.929955005645752,0.8299549907445908
CHSSNIH,-3.8657045364379883,-0.7644355297088623,0.7142857142857143,0.5714285714285714,0.7623738050460815,0.6623738050460816
YHQRNAV,0.8439763188362122,-1.106256365776062,0.5714285714285714,0.2857142857142857,1.2652512788772583,1.0
MLHKNQV,0.9721441268920898,-2.248825788497925,0.5714285714285714,0.4285714285714285,1.1433192491531372,0.9933192491531372
KYTRDQW,0.021008748561143875,-0.7567324638366699,0.4285714285714285,0.4285714285714285,1.212058186531067,1.0
YYYRPLN,-3.236577272415161,1.0013755559921265,0.7142857142857143,0.2857142857142857,1.0463265180587769,0.9463265180587768
YSRYGKN,-2.133915424346924,0.3292384147644043,0.2857142857142857,0.2857142857142857,1.0932064056396484,0.8432064652442932
RCHDRWP,-4.455069541931152,2.788654088973999,0.7142857142857143,0.2857142857142857,1.1195207834243774,1.0
AAVFEHA,-1.0761561393737793,-3.691418409347534,0.7142857142857143,0.4285714285714285,0.7341871857643127,0.6341871857643128
YSIDKLR,0.19537200033664703,-3.145101547241211,0.5714285714285714,0.4285714285714285,0.9463759660720824,0.7963759958744049
YWGRYKH,-4.436733245849609,1.0413131713867188,0.7142857142857143,0.1428571428571428,0.9125349521636964,0.8125349670648575
VYTQVNP,0.03397621959447861,-1.7369496822357178,0.4285714285714285,0.5714285714285714,1.096253514289856,0.896253514289856
VNQGHGN,0.7469703555107117,-4.437837600708008,0.7142857142857143,0.5714285714285714,0.855363130569458,0.755363130569458
YYRRDTI,-1.1791353225708008,0.47146379947662354,0.5714285714285714,0.1428571428571428,1.2204660177230835,1.0
YHHRREN,-0.8149976134300232,0.867527961730957,0.5714285714285714,0.1428571428571428,1.309906244277954,1.0
YHRRANE,-0.19002537429332733,1.141502857208252,0.4285714285714285,0.0,1.4148523807525637,1.0
YYSCHCH,-3.8294589519500732,-0.35809847712516785,0.7142857142857143,0.4285714285714285,0.8151847720146179,0.7151847571134567
QRCKIET,-3.600404977798462,-0.5263683795928955,0.8571428571428571,0.5714285714285714,0.8214947581291199,0.7714947581291198
AHWRSTF,-3.4212334156036377,1.175404667854309,0.5714285714285714,0.2857142857142857,1.0458319187164309,0.8958319187164306
WGHIAVS,-2.1711370944976807,-1.037919521331787,0.7142857142857143,0.5714285714285714,0.9253021478652954,0.825302118062973
AHYCQAA,-3.3889248371124268,-0.487945020198822,0.7142857142857143,0.5714285714285714,0.8505104780197144,0.7505104780197144
KEYMPIV,-1.2673413753509521,-3.1922719478607178,0.7142857142857143,0.5714285714285714,0.771845281124115,0.671845281124115
YHMPSIT,-0.6418027281761169,-1.7703520059585571,0.5714285714285714,0.1428571428571428,1.014230489730835,0.8642304301261902
QYKRPNE,0.9962198734283447,-0.7056910395622253,0.7142857142857143,0.2857142857142857,1.330764889717102,1.0
YNNRYNN,0.597476601600647,-1.615256905555725,0.5714285714285714,0.2857142857142857,1.1758785247802734,1.0
YKHLGPN,1.55038583278656,-0.13767631351947784,0.4285714285714285,0.0,1.4627230167388916,1.0
AHHKSPC,-3.710139751434326,0.2309197038412094,0.5714285714285714,0.2857142857142857,0.899448812007904,0.749448812007904
EKYNEMS,0.31343501806259155,-3.122166395187378,0.7142857142857143,0.5714285714285714,0.9627522826194764,0.8627522826194763
QYHTAVD,0.302280068397522,-2.9299466609954834,0.7142857142857143,0.2857142857142857,0.9844670295715332,0.8844670593738556
IRWISGN,-2.216075897216797,-1.0003019571304321,0.5714285714285714,0.2857142857142857,0.9246150851249696,0.7746150851249695
YYIKGYN,-1.958028793334961,0.5440083742141724,0.5714285714285714,0.2857142857142857,1.1392158269882202,0.9892157971858978
PHHRKAD,-0.703393280506134,0.42210331559181213,0.7142857142857143,0.2857142857142857,1.2694885730743408,1.0
YHIHINP,-1.2052791118621826,-1.5527753829956055,0.5714285714285714,0.2857142857142857,0.975208342075348,0.8252083420753479
YQHVSPY,-1.3214346170425415,-1.776052713394165,0.5714285714285714,0.4285714285714285,0.9350774884223938,0.7850774884223938
FQPMAEN,-0.4067521095275879,-5.182957649230957,0.7142857142857143,0.4285714285714285,0.6329856514930725,0.5143234468996525
EAHMVEN,-0.7759380340576172,-4.531757831573486,0.7142857142857143,0.4285714285714285,0.6682878136634827,0.5682877987623215
YYHRSRM,-4.406420707702637,1.136465311050415,0.5714285714285714,0.2857142857142857,0.9274216890335084,0.7774216890335083
HCPRIPA,-3.2988436222076416,-1.012681007385254,0.7142857142857143,0.5714285714285714,0.7981165647506714,0.6981165647506714
NPSSEGN,-1.019386649131775,-4.21375846862793,0.7142857142857143,0.4285714285714285,0.6782337427139282,0.5782337576150894
CHKRSKI,-4.742374420166016,1.5354081392288208,0.7142857142857143,0.2857142857142857,0.9363734126091005,0.836373420059681
NLCKWKK,-5.028164863586426,0.30189579725265503,0.8571428571428571,0.5714285714285714,0.7557623982429504,0.7057623945176601
LTIMTDI,-2.0043532848358154,-3.2164368629455566,0.7142857142857143,0.5714285714285714,0.6838575601577759,0.5838575601577759
RYYRNWG,-4.37537145614624,1.1391444206237793,0.7142857142857143,0.2857142857142857,0.9313272833824158,0.8313272684812546
YAYRDVS,0.0143812894821167,-0.5477897524833679,0.7142857142857143,0.1428571428571428,1.2362970113754272,1.0
EERVRDN,0.3976253569126129,-3.9380247592926025,0.7142857142857143,0.5714285714285714,0.8748397827148438,0.7748398125171662
YKSGTQG,3.1707236766815186,-3.1096513271331787,0.7142857142857143,0.4285714285714285,1.294154405593872,1.0
QASRLHE,1.0072728395462036,-3.1672542095184326,0.7142857142857143,0.4285714285714285,1.0374675989151,0.9374675989151
VHKDVER,0.4805481433868408,-2.828873872756958,0.7142857142857143,0.1428571428571428,1.0171453952789309,0.917145335674286
AHKPTWT,-0.8554485440254211,-1.822736382484436,0.5714285714285714,0.4285714285714285,0.9832939505577089,0.8332939505577087
VFKRTCL,-4.195945739746094,-0.5638743042945862,0.5714285714285714,0.4285714285714285,0.7482449412345886,0.5982449412345886
YNCRSWN,-3.4646782875061035,0.519906222820282,0.5714285714285714,0.4285714285714285,0.9623727798461914,0.812372750043869
AMKTGLA,1.7031829357147217,-4.620685577392578,0.5714285714285714,0.2857142857142857,0.9438868165016174,0.793886823952198
IFHRGLA,0.29106634855270386,-1.418148398399353,0.7142857142857143,0.1428571428571428,1.164088010787964,1.0
DYESREA,0.44933152198791504,-3.600579261779785,0.8571428571428571,0.5714285714285714,0.92119163274765,0.8711916476488113
YWHRITN,-2.1184797286987305,1.729087471961975,0.5714285714285714,0.2857142857142857,1.2625075578689575,1.0
YIERNQE,0.26868247985839844,-3.8094851970672607,0.7142857142857143,0.2857142857142857,0.8753341436386108,0.7753341734409332
WKCRLYV,-5.204010963439941,0.09158500283956528,0.7142857142857143,0.5714285714285714,0.7102913856506348,0.6102913819253445
ASHRNSI,0.4016744792461395,-2.2970547676086426,0.7142857142857143,0.2857142857142857,1.0716809034347534,0.9716809034347534
THARGPT,0.796416699886322,-3.0653316974639893,0.5714285714285714,0.4285714285714285,1.02531898021698,0.8753190100193023
PLINWLR,-4.22951602935791,-0.6380873322486877,0.7142857142857143,0.2857142857142857,0.7354878187179565,0.635487848520279
TYHRLLN,-1.7860479354858398,1.7202236652374268,0.5714285714285714,0.4285714285714285,1.2998297214508057,1.0
FYEVGKK,-0.8240471482276917,-1.132556438446045,0.7142857142857143,0.2857142857142857,1.0695128440856934,0.9695128440856934
YHARWPE,-1.2886656522750854,0.9036210775375366,0.7142857142857143,0.0,1.259535551071167,1.0
VDHEASH,0.12461262941360474,-5.567713260650635,0.7142857142857143,0.4285714285714285,0.6482940316200256,0.5158187936991453
GDHRDHC,-3.0070483684539795,-0.9466034770011902,0.8571428571428571,0.4285714285714285,0.8397150039672852,0.7897149741649627
YYHTAIV,-2.6923530101776123,-0.500148355960846,0.5714285714285714,0.4285714285714285,0.9294768571853638,0.7794768273830414
RYRRSRA,-3.4521689414978027,0.9635027647018433,0.5714285714285714,0.4285714285714285,1.016901969909668,0.8669019401073456
YHPRKIP,-2.0772712230682373,-0.20027217268943787,0.7142857142857143,0.1428571428571428,1.0363805294036863,0.9363805294036864
KRHRTHN,-3.1106021404266357,1.2982233762741089,0.5714285714285714,0.4285714285714285,1.0963952541351318,0.9463952243328094
VSHHGEN,-0.16731813549995422,-4.147125244140625,0.5714285714285714,0.2857142857142857,0.784588098526001,0.634588098526001
YYHPYYV,-3.2520880699157715,0.0462707094848156,0.5714285714285714,0.4285714285714285,0.930238962173462,0.7802389621734619
YIHVHTI,-2.6397340297698975,-1.5889458656311035,0.7142857142857143,0.4285714285714285,0.8052566647529602,0.7052566647529602
YHLRTGT,0.7785232067108154,-0.6294207572937012,0.5714285714285714,0.2857142857142857,1.3147566318511963,1.0
ILFKSQT,-0.08298443257808685,-0.9196611046791077,0.5714285714285714,0.4285714285714285,1.1805534362792969,1.0
HPPMDKI,0.7548826932907104,-3.485091209411621,0.7142857142857143,0.5714285714285714,0.9702911376953124,0.8702911674976349
YQHRNED,0.9404590129852295,-2.1187655925750732,0.5714285714285714,0.2857142857142857,1.1552250385284424,1.0
YLWRPGA,-3.097498655319214,1.4325255155563354,0.7142857142857143,0.2857142857142857,1.113980054855347,1.0
SYKMSNI,1.3796724081039429,-2.2421517372131348,0.5714285714285714,0.2857142857142857,1.191171407699585,1.0
YTSKGEK,1.2067818641662598,-3.25776743888855,0.7142857142857143,0.4285714285714285,1.0496714115142822,0.9496714413166046
ISSSSEM,-0.5387682914733887,-3.645540475845337,0.5714285714285714,0.4285714285714285,0.8017244935035706,0.6517244935035705
AYHRNAN,0.21339139342308044,0.47937825322151184,0.5714285714285714,0.0,1.382195234298706,1.0
YQVTNCD,-3.703970193862915,-0.6171704530715942,0.5714285714285714,0.2857142857142857,0.7986708879470825,0.6486708879470825
TLHLSQE,-0.38460612297058105,-3.731961488723755,0.5714285714285714,0.4285714285714285,0.8091822862625122,0.6591822862625122
YLHCSEN,-4.204905033111572,-0.22815090417861938,0.5714285714285714,0.2857142857142857,0.7873862385749817,0.6373862236738205
VFRAPTG,1.5209828615188599,-3.1737911701202393,0.7142857142857143,0.4285714285714285,1.0959986448287964,0.9959986448287964
YTHQSKF,0.6472115516662598,-1.4687594175338745,0.7142857142857143,0.1428571428571428,1.1991522312164309,1.0
WIYNSFV,-4.309985637664795,-0.17071597278118134,0.7142857142857143,0.5714285714285714,0.782126784324646,0.6821267992258072
YFHVGWN,-3.8243961334228516,0.5162833333015442,0.5714285714285714,0.2857142857142857,0.9204059839248656,0.7704059690237045
HSTPMHN,-0.48196569085121155,-4.154225826263428,0.7142857142857143,0.4285714285714285,0.7474089860916138,0.6474089860916138
ENHRQNV,1.4278253316879272,-3.2725818157196045,0.7142857142857143,0.2857142857142857,1.0734204053878784,0.9734204053878784
YKAKWFW,-3.259901523590088,-0.8356087803840637,0.7142857142857143,0.5714285714285714,0.8238029479980469,0.7238029778003693
YLHNVCK,-3.4846959114074707,-1.3358572721481323,0.7142857142857143,0.2857142857142857,0.7379837036132812,0.6379837185144425
AHFRTVM,-1.6705726385116577,-0.6973937153816223,0.5714285714285714,0.2857142857142857,1.023848056793213,0.8738479971885681
LKSSNKY,-2.2725212574005127,-0.36333686113357544,0.5714285714285714,0.1428571428571428,0.994322955608368,0.8443229556083679
KIHSLSN,0.21854718029499054,-2.3593456745147705,0.5714285714285714,0.4285714285714285,1.043082594871521,0.8930826246738434
AHTASFL,-1.5042970180511475,-3.2693114280700684,0.5714285714285714,0.2857142857142857,0.735266923904419,0.5852669239044189
FAHQHEG,0.3927175998687744,-3.5436835289001465,0.7142857142857143,0.0,0.921463668346405,0.8214636534452439
KIMRGSD,0.5587970018386841,-3.0288941860198975,0.7142857142857143,0.4285714285714285,1.0022437572479248,0.90224369764328
YLHKLVM,-1.5132023096084595,-1.014821171760559,0.7142857142857143,0.2857142857142857,1.0040318965911863,0.9040318965911864
YSNGSNK,1.2074968814849854,-3.342134952545166,0.5714285714285714,0.2857142857142857,1.0396578311920166,0.8896578013896942
ESHRALI,0.12437506020069122,-3.191534996032715,0.7142857142857143,0.2857142857142857,0.932621955871582,0.8326219856739044
KEYVGTG,0.8278928399085999,-3.391739845275879,0.7142857142857143,0.5714285714285714,0.9898922443389891,0.8898922145366669
YQHEHTQ,-0.2695595622062683,-3.7443554401397705,0.5714285714285714,0.4285714285714285,0.8209824562072754,0.670982426404953
EHEICAD,-3.625641107559204,-1.249637484550476,0.7142857142857143,0.5714285714285714,0.7320279479026794,0.6320279479026795
LAYRSHE,1.2477734088897705,-1.6725330352783203,0.7142857142857143,0.1428571428571428,1.2441080808639526,1.0
GHHDAQG,0.7172784209251404,-4.137819766998291,0.7142857142857143,0.2857142857142857,0.887837827205658,0.7878378123044968
DSKRHFG,-0.507019579410553,-0.7256028056144714,0.7142857142857143,0.5714285714285714,1.1548168659210205,1.0
YREFINL,-2.542560577392578,-0.9439062476158142,0.7142857142857143,0.5714285714285714,0.8936676979064941,0.7936677277088166
NLGISVE,-0.8526673316955566,-4.023035049438477,0.7142857142857143,0.4285714285714285,0.7203070521354675,0.6203070521354676
EYHGEAW,-1.8022691011428833,-1.9889580011367798,0.5714285714285714,0.4285714285714285,0.8540818095207214,0.7040818095207214
SHWRNMD,-1.9553823471069336,0.43204057216644287,0.7142857142857143,0.4285714285714285,1.126122236251831,1.0
YFQKNYN,-0.02246164157986641,-0.8933156132698059,0.5714285714285714,0.2857142857142857,1.1906943321228027,1.0
CHHRKDR,-4.085164546966553,1.083534836769104,0.7142857142857143,0.4285714285714285,0.9581799507141112,0.8581799507141114
QHSRRYS,-4.151551246643066,0.8211039900779724,0.5714285714285714,0.4285714285714285,0.9191100597381592,0.769110044836998
YSHKFTW,-1.3470478057861328,0.14007966220378876,0.5714285714285714,0.4285714285714285,1.1614222526550293,1.0
LRLRRQW,-3.7522549629211426,0.2939910590648651,0.5714285714285714,0.4285714285714285,0.9021338224411012,0.7521338373422622
MLHRHWY,-3.650012254714966,-0.1041162833571434,0.7142857142857143,0.2857142857142857,0.8662976026535034,0.7662976324558258
YINKYAG,0.8040568232536316,-1.6837559938430786,0.8571428571428571,0.4285714285714285,1.1915332078933716,1.0
SYHYSGE,-1.316084623336792,-0.40506160259246826,0.5714285714285714,0.2857142857142857,1.09976065158844,0.9497606813907624
FRIANNE,1.2257264852523804,-4.2395100593566895,0.8571428571428571,0.4285714285714285,0.934374451637268,0.8843744218349456
MESYVYG,-3.1176347732543945,-1.3206584453582764,0.7142857142857143,0.4285714285714285,0.7821836471557617,0.6821836769580841
YHERGKF,0.3397709131240845,-1.1091207265853882,0.5714285714285714,0.2857142857142857,1.2066925764083862,1.0
VWSHSNN,-1.1885608434677124,-1.1672389507293701,0.5714285714285714,0.2857142857142857,1.023275375366211,0.8732754349708557
YHKRKNP,-2.3323657512664795,1.2146961688995361,0.5714285714285714,0.1428571428571428,1.1762553453445437,1.0
YIDRSPQ,0.7887398600578308,-2.721403121948242,0.5714285714285714,0.4285714285714285,1.065590262413025,0.9155902624130248
MIRWDVN,-2.1872923374176025,-0.15981167554855347,0.5714285714285714,0.4285714285714285,1.0285193920135498,0.878519332408905
HPDSGQI,-0.3560793995857239,-4.439538478851318,0.7142857142857143,0.4285714285714285,0.727800726890564,0.627800726890564
YHHKQAP,0.7198024988174438,-0.6264845728874207,0.7142857142857143,0.1428571428571428,1.3083280324935913,1.0
HKHHNFE,-0.03912349417805672,-0.39655643701553345,0.7142857142857143,0.4285714285714285,1.248217225074768,1.0
YHHRSHD,0.24359554052352905,0.5423039793968201,0.5714285714285714,0.1428571428571428,1.3932127952575684,1.0
FNHGHNS,1.1499799489974976,-3.7575840950012207,0.7142857142857143,0.4285714285714285,0.9833003282546996,0.8833003431558609
VFHTPDH,-0.8363457322120667,-3.731700897216797,0.7142857142857143,0.5714285714285714,0.7570552229881287,0.6570552378892899
YTHWEWM,-3.6811318397521973,0.45981502532958984,0.8571428571428571,0.4285714285714285,0.930189847946167,0.8801898181438446
YHSRFYM,-2.8053488731384277,-0.22344395518302917,0.5714285714285714,0.1428571428571428,0.9495432376861572,0.7995432376861572
YSDRPNS,1.4192866086959839,-3.7039084434509277,0.5714285714285714,0.4285714285714285,1.0208179950714111,0.8708180397748947
GHPPAND,-0.09693069010972977,-5.155868053436279,0.5714285714285714,0.2857142857142857,0.6719996333122253,0.5043099813163281
YVKYSEE,0.37292128801345825,-0.13743630051612854,0.5714285714285714,0.4285714285714285,1.32680082321167,1.0
YAHNPTV,1.009642243385315,-2.1481761932373047,0.5714285714285714,0.4285714285714285,1.159693479537964,1.0
YLLRQLC,-4.1533379554748535,-1.2467787265777588,0.5714285714285714,0.4285714285714285,0.6714417934417725,0.5214417785406112
MATRSTH,0.6725246906280518,-3.0243704319000244,0.5714285714285714,0.4285714285714285,1.0159162282943726,0.8659161984920501
IHRMSVN,1.1125918626785278,0.9722769260406494,0.4285714285714285,0.4285714285714285,1.5450023412704468,1.0
YTRRWPP,-3.01674222946167,0.97816401720047,0.5714285714285714,0.1428571428571428,1.0689311027526855,0.918931132555008
YPYWAIN,-3.6455459594726562,1.0501970052719116,0.5714285714285714,0.4285714285714285,1.0049490928649902,0.854949152469635
NSLVEDP,-1.744163990020752,-4.8339948654174805,0.5714285714285714,0.7142857142857143,0.5203272700309753,0.3641930859535932
ARFRMNN,-3.3068020343780518,-0.9801996350288391,0.7142857142857143,0.4285714285714285,0.8010846972465515,0.7010846972465515
YASRSQW,-0.27229616045951843,-0.2650604844093323,0.5714285714285714,0.1428571428571428,1.2370309829711914,1.0
MKHRQSQ,-3.8155930042266846,0.3119329512119293,0.7142857142857143,0.2857142857142857,0.896967887878418,0.7969679176807404
IHHRHTP,-0.4989491403102875,-0.7923718094825745,0.7142857142857143,0.2857142857142857,1.1477584838867188,1.0
YKKFSVE,1.0909819602966309,-0.8076488375663757,0.5714285714285714,0.4285714285714285,1.3295049667358398,1.0
LNIPGND,-0.5919345617294312,-4.376918792724609,0.7142857142857143,0.5714285714285714,0.7080624103546143,0.6080623954534531
IHVREGV,0.9589642286300659,-3.1493427753448486,0.5714285714285714,0.2857142857142857,1.0340332984924316,0.884033328294754
SQHMGAG,1.4258370399475098,-4.483860015869141,0.7142857142857143,0.1428571428571428,0.9282380938529968,0.8282380938529968
QSSPWIC,-4.568154811859131,-0.18992963433265686,0.5714285714285714,0.5714285714285714,0.7500190734863281,0.6000191032886505
LHHKNEE,1.3417423963546753,-2.7481436729431152,0.5714285714285714,0.2857142857142857,1.126240372657776,0.9762403428554536
YWHPTGD,-2.149488687515259,-0.2574947476387024,0.7142857142857143,0.4285714285714285,1.0211944580078125,0.92119442820549
YQSNSKN,1.9320712089538574,-3.005218505859375,0.5714285714285714,0.2857142857142857,1.1636362075805664,1.0
SHHRQLD,0.290634423494339,-1.6570188999176025,0.5714285714285714,0.1428571428571428,1.1354527473449707,0.9854527771472932
HMIAMTP,-1.513706088066101,-3.6628494262695312,0.7142857142857143,0.4285714285714285,0.6870861649513245,0.5870861649513245
YQTRSNN,1.5622648000717163,-1.2024122476577759,0.4285714285714285,0.1428571428571428,1.3366785049438477,1.0
YAHWDLQ,-2.7951838970184326,0.7428104877471924,0.7142857142857143,0.2857142857142857,1.06634783744812,0.96634783744812
YYHGENN,-1.1984429359436035,0.0280615147203207,0.5714285714285714,0.2857142857142857,1.1651750802993774,1.0
AMYAQLA,-0.9277688264846802,-1.7170182466506958,0.7142857142857143,0.5714285714285714,0.9875950217247008,0.887595021724701
GHPKSWL,-0.5968104600906372,-1.2954620122909546,0.7142857142857143,0.4285714285714285,1.076254963874817,0.9762549638748168
GKHNSFE,1.2795255184173584,-4.132044315338135,0.7142857142857143,0.1428571428571428,0.9534463882446288,0.8534464031457901
FQENIVQ,-1.2071861028671265,-4.5688862800598145,0.7142857142857143,0.5714285714285714,0.614052414894104,0.5140524372458458
AHGAHFN,-0.5377792716026306,-3.0009403228759766,0.7142857142857143,0.4285714285714285,0.8789775371551514,0.778977507352829
QSRQSTA,1.6164039373397827,-3.493319034576416,0.5714285714285714,0.4285714285714285,1.068778395652771,0.9187783658504486
CSCWINL,-4.269626617431641,-0.7542247772216797,0.7142857142857143,0.5714285714285714,0.7169585824012756,0.6169585824012757
FWHQHEL,-3.241926908493042,-0.5261660218238831,0.8571428571428571,0.2857142857142857,0.8629091382026672,0.8129091382026672
YWHAFEK,-1.718475580215454,0.18032003939151764,0.7142857142857143,0.4285714285714285,1.1233525276184082,1.0
APITQPL,-0.16020528972148895,-4.5363359451293945,0.7142857142857143,0.2857142857142857,0.7388328313827515,0.6388328462839127
VNHKKVL,-1.6038540601730347,-0.6676049828529358,0.7142857142857143,0.4285714285714285,1.035116195678711,0.935116195678711
DFRESVF,-1.3746668100357056,-2.448063850402832,0.7142857142857143,0.4285714285714285,0.8485121726989746,0.748512202501297
YYKCSWM,-4.639903545379639,1.1573277711868286,0.5714285714285714,0.2857142857142857,0.9029601216316224,0.7529601439833641
YVHGSVN,0.04479450359940529,-1.4277149438858032,0.5714285714285714,0.2857142857142857,1.1345086097717283,0.9845085501670836
IHHDERG,1.5673747062683105,-3.9058616161346436,0.7142857142857143,0.2857142857142857,1.0137487649917605,0.9137487649917604
QETKDAD,-0.12123565375804901,-3.510648012161255,0.8571428571428571,0.5714285714285714,0.8660755753517151,0.8160755604505538
YAGIYDD,-1.6944996118545532,-2.067326545715332,0.5714285714285714,0.5714285714285714,0.8571466207504272,0.7071466207504272
NSYMTMY,-3.903599739074707,-1.1442455053329468,0.7142857142857143,0.5714285714285714,0.7125468254089355,0.6125468105077744
MHHRPNH,-0.4817942976951599,-0.8442830443382263,0.7142857142857143,0.2857142857142857,1.1435270309448242,1.0
MYFYDVN,-3.3671586513519287,0.6955146789550781,0.7142857142857143,0.5714285714285714,0.9946473836898804,0.894647353887558
AYSRWLQ,-4.142005443572998,1.4303154945373535,0.7142857142857143,0.2857142857142857,0.9931160807609558,0.8931160807609558
MKHKGSC,-4.1276421546936035,-0.3566005527973175,0.7142857142857143,0.2857142857142857,0.780935525894165,0.6809355407953263
SMSRFYN,-2.1284677982330322,0.010248641483485699,0.5714285714285714,0.4285714285714285,1.0556621551513672,0.9056621849536896
YTHLWTN,-3.4451334476470947,-0.3504706025123596,0.5714285714285714,0.2857142857142857,0.8604720830917358,0.7104720830917358
IHKREVE,2.069624900817871,-3.17238187789917,0.5714285714285714,0.4285714285714285,1.1595138311386108,1.0
YYKASNS,1.258507251739502,-1.011831521987915,0.5714285714285714,0.1428571428571428,1.3244130611419678,1.0
HDGTNVY,-0.35401850938796997,-3.257474422454834,0.7142857142857143,0.5714285714285714,0.8694953918457031,0.7694953620433808
NHRKQDY,-0.44076043367385864,-0.49848541617393494,0.5714285714285714,0.2857142857142857,1.1896462440490725,1.0
ETHWALQ,-3.1065456867218018,-2.1945858001708984,0.7142857142857143,0.1428571428571428,0.6788817644119263,0.5788817942142487
QHTEVFS,-0.9259629249572754,-4.087690353393555,0.7142857142857143,0.1428571428571428,0.7041070461273193,0.604107016324997
VDHPDRG,1.2276972532272339,-5.107298374176025,0.7142857142857143,0.4285714285714285,0.8307543992996216,0.7148083835840225
MHMQENH,-0.2868559956550598,-4.011834144592285,0.7142857142857143,0.4285714285714285,0.7869763374328613,0.6869763523340225
YYDKTTA,1.0162562131881714,-2.331829309463501,0.5714285714285714,0.2857142857142857,1.138479471206665,0.9884795010089874
YFHYEHH,-1.4016735553741455,-1.3294835090637207,0.8571428571428571,0.4285714285714285,0.9792536497116088,0.9292536199092865
VQKRSVN,-2.4094066619873047,-0.1124211773276329,0.5714285714285714,0.4285714285714285,1.0085450410842896,0.8585450112819671
VYHRQHN,-0.4428686499595642,-0.08343002945184708,0.5714285714285714,0.2857142857142857,1.23907208442688,1.0
RYGWWRQ,-5.1834330558776855,0.7239649295806885,0.7142857142857143,0.1428571428571428,0.7883437275886536,0.6883437015116215
GQPYLLP,-1.2396519184112549,-3.5266106128692627,0.7142857142857143,0.7142857142857143,0.7350322008132935,0.6350322306156159
GYDCHRS,-3.5265138149261475,-1.4455156326293945,0.7142857142857143,0.5714285714285714,0.7200326323509216,0.6200326472520828
QNHSITG,0.5742542147636414,-3.567563533782959,0.7142857142857143,0.2857142857142857,0.9395662546157836,0.8395662248134613
THYLIQG,-1.136869192123413,-2.4029109477996826,0.5714285714285714,0.5714285714285714,0.8813719153404236,0.7313719153404236
YYSSSAD,-1.8370052576065063,-2.8233749866485596,0.5714285714285714,0.1428571428571428,0.750217080116272,0.6002171099185943
PFHNAHR,-0.69070965051651,-0.6885053515434265,0.5714285714285714,0.4285714285714285,1.138047456741333,0.9880473971366882
YLHRSKY,-3.722872018814087,1.2122310400009155,0.7142857142857143,0.1428571428571428,1.0154114961624146,0.9154114961624146
QSRSLNN,1.011112928390503,-2.8694353103637695,0.5714285714285714,0.4285714285714285,1.0735507011413574,0.9235507011413574
CEARKNI,-3.734639883041382,0.1903856098651886,0.7142857142857143,0.4285714285714285,0.891769289970398,0.7917693197727204
YWYQGAP,-3.1191489696502686,-0.3282552659511566,0.7142857142857143,0.1428571428571428,0.9007689952850342,0.8007689654827118
DSKISVN,0.28020787239074707,-3.4319980144500732,0.4285714285714285,0.4285714285714285,0.9218385219573976,0.7218385517597199
VHGKFTN,1.4718828201293945,-2.5399160385131836,0.7142857142857143,0.4285714285714285,1.166184902191162,1.0
FWHRMAW,-3.6699187755584717,1.0362211465835571,0.7142857142857143,0.4285714285714285,1.000462532043457,0.9004625469446182
KVHREAW,-0.9452952146530151,-0.7015533447265625,0.5714285714285714,0.1428571428571428,1.107091188430786,0.9570912480354308
LLTPKTN,1.0752007961273193,-4.635210037231445,0.5714285714285714,0.1428571428571428,0.8696414232254028,0.7196414306759834
NQWYSNN,-2.5018515586853027,0.1477654129266739,0.5714285714285714,0.4285714285714285,1.0290075540542605,0.8790075838565826
WWKNCNH,-4.353273868560791,1.0789412260055542,0.8571428571428571,0.4285714285714285,0.92667418718338,0.8766742020845413
YHPGVDA,0.27657902240753174,-3.484551429748535,0.5714285714285714,0.2857142857142857,0.9151304364204408,0.7651304513216018
PHKPRLE,0.3396560549736023,-2.3325119018554688,0.5714285714285714,0.5714285714285714,1.060276985168457,0.9102770447731018
VVDRKNP,2.156956195831299,-3.5962514877319336,0.5714285714285714,0.4285714285714285,1.118873119354248,0.9688730746507644
KGHRLIE,-0.8333283066749573,-1.3601365089416504,0.7142857142857143,0.4285714285714285,1.041206955909729,0.941206955909729
YHHPNQV,0.10444881021976471,-1.928788185119629,0.7142857142857143,0.4285714285714285,1.0814332962036133,0.9814332365989684
QISLGAN,0.5802879333496094,-3.7834324836730957,0.7142857142857143,0.4285714285714285,0.9144300818443298,0.8144300818443299
YQHWSTN,-1.4984036684036255,-0.6197476983070374,0.5714285714285714,0.2857142857142857,1.0530186891555786,0.9030186593532562
YYRCSTN,-3.8272323608398438,0.7084959149360657,0.4285714285714285,0.4285714285714285,0.9430804252624512,0.74308041036129
YSFRSLC,-3.9698894023895264,-0.05802200362086296,0.5714285714285714,0.4285714285714285,0.8348804712295532,0.6848805010318756
YYHREGR,-1.7338260412216187,0.5726139545440674,0.7142857142857143,0.2857142857142857,1.1685256958007812,1.0
NHHRHCD,-3.661710023880005,0.2788430154323578,0.7142857142857143,0.1428571428571428,0.9107754230499268,0.8107754528522492
CHFHMWI,-5.490233898162842,1.337378978729248,0.7142857142857143,0.4285714285714285,0.8263270854949951,0.7263270854949951
GFLRHEN,0.141686350107193,-2.0930051803588867,0.5714285714285714,0.4285714285714285,1.066080927848816,0.9160809576511384
GHTIHFT,-1.0605040788650513,-2.3482980728149414,0.7142857142857143,0.4285714285714285,0.8967245817184448,0.7967245817184448
QLHVRNN,0.17502856254577637,-2.0738604068756104,0.7142857142857143,0.2857142857142857,1.072221755981445,0.9722216963768006
YYRRDVQ,-1.4716894626617432,0.20233191549777985,0.7142857142857143,0.1428571428571428,1.1544806957244873,1.0
YTYGVNE,-2.1538009643554688,-0.4191717207431793,0.7142857142857143,0.5714285714285714,1.001348853111267,0.9013488233089448
YHMREAW,-0.8190566897392273,0.09308304637670517,0.5714285714285714,0.2857142857142857,1.2167603969573977,1.0
PRYRCWE,-3.4853904247283936,0.826393723487854,0.7142857142857143,0.5714285714285714,0.996658444404602,0.8966584295034409
AHHKNAY,0.3348657190799713,-0.3414827883243561,0.7142857142857143,0.2857142857142857,1.2979888916015625,1.0
QDQWATS,-2.247833251953125,-1.4050856828689575,0.7142857142857143,0.5714285714285714,0.87250816822052,0.7725081980228424
QYRPPNL,-0.12211225181818008,-2.167714834213257,0.7142857142857143,0.4285714285714285,1.0266821384429932,0.9266821384429932
YAGRRNA,-1.817651391029358,-0.7907510995864868,0.7142857142857143,0.4285714285714285,0.9956942796707152,0.8956942796707154
YLHKLSS,1.5070528984069824,-0.5136944651603699,0.7142857142857143,0.2857142857142857,1.4127219915390017,1.0
ENFSSGN,-0.798652172088623,-4.35133171081543,0.5714285714285714,0.4285714285714285,0.6872566342353821,0.5372566491365433
YHRRLSE,-0.4826962947845459,1.3669586181640625,0.5714285714285714,0.2857142857142857,1.4080405235290527,1.0
NYMHAQP,0.7101664543151855,-2.896721124649048,0.5714285714285714,0.4285714285714285,1.0355379581451416,0.8855380177497864
CHAKKKC,-4.0084381103515625,1.542236328125,0.8571428571428571,0.5714285714285714,1.021931290626526,0.9719313204288482
GLLEIAL,-1.672244906425476,-3.740109443664551,0.7142857142857143,0.2857142857142857,0.6595355272293091,0.5595355123281479
RHHHSHI,-1.806086778640747,0.05028069391846657,0.5714285714285714,0.4285714285714285,1.097675085067749,0.9476751148700714
CYHREMT,-3.553454637527466,0.15348340570926666,0.5714285714285714,0.4285714285714285,0.9082730412483216,0.7582730412483215
YRNVIEW,-2.3803372383117676,-0.8238242864608765,0.8571428571428571,0.2857142857142857,0.9267683029174804,0.8767683029174804
YKHMSEG,2.0156660079956055,-1.74008309841156,0.7142857142857143,0.1428571428571428,1.32468581199646,1.0
QHKNFDG,1.5520824193954468,-3.2085537910461426,0.7142857142857143,0.2857142857142857,1.0954294204711914,0.9954294502735138
MWHKEVE,-0.242779940366745,-1.5487420558929443,0.7142857142857143,0.4285714285714285,1.0868217945098877,0.9868217945098876
VYYLPNE,-3.1183557510375977,0.41918686032295227,0.7142857142857143,0.4285714285714285,0.9903063774108888,0.8903063774108887
DHRPRQT,-1.406394124031067,-1.767310619354248,0.7142857142857143,0.1428571428571428,0.9263141751289368,0.8263141751289368
YHSFYGD,-2.6496851444244385,-0.8619714379310608,0.5714285714285714,0.4285714285714285,0.8911042213439941,0.7411042213439941
YSNDWET,-1.9159435033798218,-1.0669299364089966,0.7142857142857143,0.5714285714285714,0.9512952566146852,0.8512952566146851
THGIWPM,-3.4585349559783936,0.10934591293334961,0.7142857142857143,0.5714285714285714,0.9139506220817566,0.8139506071805954
YATRRKN,-2.90055251121521,1.1007641553878784,0.5714285714285714,0.2857142857142857,1.0970178842544556,0.947017914056778
NPRMGEN,0.012946455739438534,-3.6449155807495117,0.5714285714285714,0.4285714285714285,0.8655006885528564,0.715500658750534
RHQAPLN,0.48428693413734436,-2.56724214553833,0.5714285714285714,0.5714285714285714,1.0488862991333008,0.8988862693309784
YKHGRNE,-0.2801612615585327,-0.1952856183052063,0.7142857142857143,0.2857142857142857,1.2444727420806885,1.0
QDHSSSI,-0.6347079873085022,-4.261155605316162,0.7142857142857143,0.4285714285714285,0.716977059841156,0.6169770747423172
AMHQQPC,-3.5168726444244385,-0.3136008679866791,0.8571428571428571,0.1428571428571428,0.8566011786460876,0.8066011935472488
AIPRSET,0.7540167570114136,-4.70947790145874,0.7142857142857143,0.2857142857142857,0.8236697912216187,0.7220058765262365
MHRGKRS,-3.2562572956085205,1.1134114265441895,0.7142857142857143,0.4285714285714285,1.057461500167847,0.9574614703655244
YRHRLFR,-3.3289546966552734,0.7865698337554932,0.7142857142857143,0.4285714285714285,1.0099549293518066,0.9099549144506456
VLHKRWH,-3.813892126083374,0.19580212235450745,0.7142857142857143,0.5714285714285714,0.8832669854164124,0.7832670003175736
IGRANMW,-1.790174961090088,-1.0067636966705322,0.5714285714285714,0.4285714285714285,0.973016619682312,0.8230165898799896
QSRWRNQ,-4.0600128173828125,-0.5543097257614136,0.5714285714285714,0.5714285714285714,0.765084445476532,0.6150844305753708
CHSHVVP,-3.434370756149292,-0.7929903864860535,0.7142857142857143,0.4285714285714285,0.8087587356567383,0.7087587654590607
WMTRCRE,-3.104004383087158,-0.16352538764476776,0.7142857142857143,0.4285714285714285,0.9222306609153748,0.8222306609153748
YVPASRQ,1.1794507503509521,-2.81725811958313,0.5714285714285714,0.4285714285714285,1.0992311239242554,0.9492311239242552
ERSAGAN,0.6250475645065308,-4.685773849487305,0.5714285714285714,0.4285714285714285,0.811615526676178,0.6608026053756475
VNHRSYV,0.17922846972942352,-0.5378603935241699,0.5714285714285714,0.2857142857142857,1.2565186023712158,1.0
EHIRQVN,1.1178070306777954,-2.684417486190796,0.4285714285714285,0.2857142857142857,1.1080106496810913,0.908010619878769
YDSKTGE,0.7161669731140137,-4.248821258544922,0.7142857142857143,0.2857142857142857,0.874426007270813,0.7744260221719742
TPSNVPK,0.3882230818271637,-4.9044671058654785,0.5714285714285714,0.5714285714285714,0.7581007480621338,0.5994365718215704
MGRSLGS,2.0541625022888184,-2.6186680793762207,0.5714285714285714,0.5714285714285714,1.2239910364151,1.0
HHHNSNP,-0.818375825881958,-1.4443674087524414,0.5714285714285714,0.4285714285714285,1.0328534841537476,0.8828535139560699
QKHHGEC,-3.2791059017181396,-1.1024844646453857,0.8571428571428571,0.4285714285714285,0.7896488904953003,0.7396488606929779
YYANIRI,-2.6142961978912354,-1.0313116312026978,0.7142857142857143,0.4285714285714285,0.874925434589386,0.774925434589386
YHHRLMG,-0.5304273962974548,0.6497664451599121,0.7142857142857143,0.2857142857142857,1.3167035579681396,1.0
DWLDQQP,-1.5659527778625488,-1.5744012594223022,0.5714285714285714,0.7142857142857143,0.9309766888618468,0.7809766888618469
YHEVREH,0.6019548773765564,-2.8557136058807373,0.5714285714285714,0.2857142857142857,1.0279511213302612,0.8779511511325836
YFRASRD,-0.4193577766418457,0.2411722093820572,0.5714285714285714,0.2857142857142857,1.2806315422058103,1.0
YFYEAKG,-0.4709133207798004,-0.5020982623100281,0.4285714285714285,0.4285714285714285,1.185732364654541,0.9857323646545412
VFRRSDY,-1.1507439613342285,0.9845516085624695,0.5714285714285714,0.4285714285714285,1.285144925117493,1.0
QASRHNS,1.2521663904190063,-2.6698732376098633,0.7142857142857143,0.1428571428571428,1.1252644062042236,1.0
YFSEMPN,-2.368999481201172,-1.328426480293274,0.5714285714285714,0.4285714285714285,0.8676919937133789,0.7176920235157013
YHELGIH,-0.025054598227143288,-2.440878391265869,0.4285714285714285,0.4285714285714285,1.0051991939544678,0.8051992535591126
MDGEAPT,-1.166672945022583,-5.363368511199951,0.7142857142857143,0.4285714285714285,0.5236549973487854,0.3985159114003181
EHRRKNN,-2.601466417312622,0.27076613903045654,0.4285714285714285,0.2857142857142857,1.0322253704071045,0.8322254002094269
HRHEINS,-0.4631038010120392,-1.1741085052490234,0.8571428571428571,0.4285714285714285,1.106215238571167,1.0
YCHRDTI,-3.436262369155884,-0.11130321025848389,0.7142857142857143,0.2857142857142857,0.8901172876358032,0.7901173025369644
NTHRSKK,-4.000158309936523,1.0661996603012085,0.7142857142857143,0.4285714285714285,0.9659204483032228,0.8659204185009003
THFHALR,-2.175797700881958,-0.9184550046920776,0.7142857142857143,0.2857142857142857,0.9390602111816406,0.8390601813793183
CRLCGAN,-3.5392260551452637,-0.9812614917755127,0.5714285714285714,0.5714285714285714,0.7741217613220215,0.6241217762231827
RHHCSHT,-4.081414222717285,0.8409695029258728,0.7142857142857143,0.2857142857142857,0.9295853972434998,0.8295853972434998
YVGELHN,-0.03161522001028061,-3.1435952186584473,0.7142857142857143,0.2857142857142857,0.9203481674194336,0.8203481674194336
SWHRVMC,-4.292191982269287,1.864323616027832,0.7142857142857143,0.4285714285714285,1.0277128219604492,0.9277128517627716
TYKGCLN,-3.886228561401367,-0.35404008626937866,0.5714285714285714,0.4285714285714285,0.8091157674789429,0.6591157525777817
ELKKVIT,0.26909464597702026,-3.140399694442749,0.7142857142857143,0.5714285714285714,0.9554506540298462,0.8554506838321686
YKHLGPK,-2.29673433303833,0.1833881437778473,0.5714285714285714,0.1428571428571428,1.0569534301757812,0.906953489780426
EQAPSND,-1.4789233207702637,-4.670528888702393,0.7142857142857143,0.4285714285714285,0.5705139636993408,0.4702483568340539
YHTRYGL,-2.401886463165283,-1.030381202697754,0.7142857142857143,0.2857142857142857,0.8995617032051086,0.7995617032051087
HWHGLGD,-1.864243507385254,-2.2230799198150635,0.7142857142857143,0.4285714285714285,0.8189089894294739,0.7189089894294739
YYSMRSH,-2.40394926071167,-0.35716092586517334,0.7142857142857143,0.1428571428571428,0.979887306690216,0.8798873066902161
HYHFGSE,-1.6506967544555664,-1.4288183450698853,0.5714285714285714,0.2857142857142857,0.9386139512062072,0.7886139512062073
QHKISNV,1.8210077285766602,-2.3139166831970215,0.5714285714285714,0.2857142857142857,1.2335402965545654,1.0
LGHRVNS,1.435174584388733,-3.2117888927459717,0.7142857142857143,0.4285714285714285,1.0815439224243164,0.9815439820289612
HKHSPEY,0.149861142039299,-2.180650234222412,0.8571428571428571,0.1428571428571428,1.0565364360809326,1.0
MHYSSTI,-0.7104141116142273,-2.303818941116333,0.7142857142857143,0.4285714285714285,0.9424690008163452,0.8424689710140228
ANHRSNN,1.0869762897491455,-2.787464141845703,0.5714285714285714,0.2857142857142857,1.0921194553375244,0.9421194553375244
CNFRNEE,-3.9489753246307373,-1.3928205966949463,0.5714285714285714,0.4285714285714285,0.6775609254837036,0.5275609254837036
DVEFNQN,-0.5963050723075867,-4.484764099121094,0.7142857142857143,0.2857142857142857,0.6946520805358887,0.5946520805358887
FLESLVD,-1.871519684791565,-3.9135496616363525,0.5714285714285714,0.4285714285714285,0.6157716512680054,0.4657716810703277
DFCTLHE,-4.582364559173584,-2.081289768218994,0.7142857142857143,0.2857142857142857,0.522040843963623,0.4220408216118813
YKHRTGN,-3.3009181022644043,0.44668158888816833,0.7142857142857143,0.2857142857142857,0.9725178480148317,0.872517877817154
NWHNPLG,-0.9581687450408936,-2.0209879875183105,0.7142857142857143,0.1428571428571428,0.9477092027664183,0.8477092027664185
KNNRDNN,1.1273247003555298,-3.9513916969299316,0.7142857142857143,0.4285714285714285,0.9574917554855348,0.8574917256832123
YNHMGYN,-1.523101568222046,-1.0033962726593018,0.5714285714285714,0.4285714285714285,1.004256010055542,0.8542560398578644
KPHKWNN,-3.4447152614593506,-0.5841192603111267,0.7142857142857143,0.2857142857142857,0.8325598239898682,0.7325598239898682
RHHHGVF,-1.0838263034820557,-1.0311076641082764,0.5714285714285714,0.2857142857142857,1.0516588687896729,0.9016588687896728
YYHTSWP,-3.455850839614868,2.6008198261260986,0.5714285714285714,0.2857142857142857,1.212413311004639,1.0
GYAPPDH,-0.3970838487148285,-2.973323106765747,0.7142857142857143,0.4285714285714285,0.8985272645950317,0.7985272645950318
HHGRAAN,-0.09585636854171753,-0.5846841931343079,0.5714285714285714,0.2857142857142857,1.219153642654419,1.0
YFLKVPA,-1.1369256973266602,-0.8663496971130371,0.7142857142857143,0.4285714285714285,1.065244436264038,0.965244436264038
THCDMVE,-4.225049018859863,-0.8963295221328735,0.7142857142857143,0.2857142857142857,0.7050999999046326,0.6050999850034714
HFVNPTV,-1.5356272459030151,-3.7558987140655518,0.7142857142857143,0.5714285714285714,0.6734200119972229,0.5734200119972229
IHERINS,1.3892176151275635,-3.236010789871216,0.7142857142857143,0.0,1.0733392238616943,0.973339194059372
DVTQCLQ,-4.263214111328125,-1.1912612915039062,0.7142857142857143,0.5714285714285714,0.6653991937637329,0.5653991788625717
SYSQYAN,-1.5689926147460938,-0.33904317021369934,0.7142857142857143,0.4285714285714285,1.0784600973129272,0.9784600675106048
EVMRGKN,0.50237637758255,-2.6095783710479736,0.5714285714285714,0.4285714285714285,1.0459085702896118,0.8959085702896118
TWYRCWE,-4.60454797744751,1.385448932647705,0.7142857142857143,0.2857142857142857,0.9343414306640624,0.8343414232134819
QHENVQN,-0.6742232441902161,-5.349963188171387,0.5714285714285714,0.4285714285714285,0.5821177959442139,0.4074599770829081
YHCGKNI,-3.4819023609161377,-0.8530256748199463,0.5714285714285714,0.4285714285714285,0.796086311340332,0.6460863411426544
KAYRSEF,0.13937482237815857,-1.0910452604293823,0.7142857142857143,0.4285714285714285,1.1857178211212158,1.0
RRKPGEN,-2.2076375484466553,-0.24247969686985016,0.5714285714285714,0.4285714285714285,1.016277313232422,0.8662773728370666
YHVHLTY,-3.3187708854675293,-0.8007758855819702,0.4285714285714285,0.5714285714285714,0.8211743235588074,0.6211743235588074
RRKVMAW,-4.637011528015137,0.45513013005256653,0.4285714285714285,0.4285714285714285,0.8192626237869263,0.6192626535892487
ELYQSPA,-0.6451588869094849,-3.368704319000244,0.7142857142857143,0.5714285714285714,0.8225693702697754,0.722569340467453
YDRRDVS,0.47580739855766296,-3.0820298194885254,0.7142857142857143,0.4285714285714285,0.9863029718399048,0.8863029420375824
QKARSDN,0.041277926415205,-1.9473482370376587,0.7142857142857143,0.2857142857142857,1.071918487548828,0.9719184279441834
RSHHITN,-0.7587772011756897,-0.8851888179779053,0.7142857142857143,0.4285714285714285,1.1066513061523438,1.0
SYKREKD,1.0633150339126587,-1.4014854431152344,0.7142857142857143,0.4285714285714285,1.2552465200424194,1.0
WDSRYYN,-1.9538027048110962,-0.029270902276039124,0.7142857142857143,0.2857142857142857,1.071099877357483,0.9710998773574828
MCHRVRT,-4.857152462005615,0.4413391351699829,0.7142857142857143,0.5714285714285714,0.792194664478302,0.6921946421265602
HLRKSTP,-2.077282667160034,0.2737945020198822,0.5714285714285714,0.2857142857142857,1.09311044216156,0.9431104123592376
NRHHGNN,-0.18703480064868927,-0.631533145904541,0.7142857142857143,0.2857142857142857,1.2030198574066162,1.0
YHIRLTN,-0.7645852565765381,-0.13122282922267914,0.5714285714285714,0.2857142857142857,1.1962072849273682,1.0
LFKPEGN,0.7762413620948792,-4.155576705932617,0.5714285714285714,0.4285714285714285,0.8925207853317261,0.7425207704305649
YPHSSGH,0.3674423098564148,-2.6188971996307373,0.5714285714285714,0.2857142857142857,1.029213786125183,0.8792137563228607
GYCHGRE,-3.3625845909118652,-0.48311710357666016,0.7142857142857143,0.5714285714285714,0.8541295528411865,0.7541295528411865
SLHYSEV,-1.0157352685928345,-1.2667285203933716,0.5714285714285714,0.4285714285714285,1.0313241481781006,0.8813242077827453
TFKESLE,0.5890035033226013,-3.711956262588501,0.7142857142857143,0.2857142857142857,0.9239898920059204,0.8239898920059204
SHVRSYN,-0.4584483802318573,-0.15856488049030304,0.5714285714285714,0.4285714285714285,1.2282819747924805,1.0
YASRSFN,0.7758328914642334,-1.5770338773727417,0.4285714285714285,0.2857142857142857,1.2010457515716553,1.0
YHSREDH,0.899787425994873,-2.769451141357422,0.5714285714285714,0.2857142857142857,1.072662115097046,0.9226620554924012
YRHRSNN,-3.5559659004211426,0.6472308039665222,0.4285714285714285,0.1428571428571428,0.9670693874359132,0.7670694172382355
MIHQGPN,0.522276759147644,-4.312547206878662,0.5714285714285714,0.4285714285714285,0.8444132804870605,0.6944133102893829
YMMVRNQ,-1.9690147638320923,-1.7109493017196655,0.7142857142857143,0.4285714285714285,0.8680983185768127,0.7680983185768128
CHEYNCI,-3.7678005695343018,-1.4826908111572266,0.7142857142857143,0.5714285714285714,0.6877248287200928,0.5877247989177704
VNRWEYS,-1.768122911453247,1.159868836402893,0.7142857142857143,0.4285714285714285,1.2348419427871704,1.0
YWHKEYD,-0.9087004065513611,0.11025241017341614,0.7142857142857143,0.2857142857142857,1.2084646224975586,1.0
YHRIQNN,0.9106789827346802,0.8210878372192383,0.2857142857142857,0.1428571428571428,1.503596544265747,1.0
YHEQFVG,-1.4962056875228882,-1.6349000930786133,0.7142857142857143,0.4285714285714285,0.9317898750305176,0.83178990483284
DYMIFGN,-4.045547962188721,-1.3113198280334473,0.7142857142857143,0.5714285714285714,0.6761637330055237,0.5761637181043625
FIHRILA,-2.406825304031372,-0.7440321445465088,0.7142857142857143,0.4285714285714285,0.9332586526870728,0.8332586228847504
YPHFTNG,-0.22476394474506378,-2.9515576362609863,0.7142857142857143,0.4285714285714285,0.9210280776023864,0.8210280776023865
IGSRDKN,1.883580207824707,-2.9565255641937256,0.7142857142857143,0.4285714285714285,1.1638643741607666,1.0
PHHKNVD,0.9839565753936768,-1.7375777959823608,0.7142857142857143,0.2857142857142857,1.2058637142181396,1.0
ANLRGNL,1.1006087064743042,-3.7442736625671387,0.5714285714285714,0.1428571428571428,0.9791927933692932,0.829192778468132
SFLKWSN,-3.120258331298828,-0.796748161315918,0.7142857142857143,0.5714285714285714,0.8445767164230347,0.7445766866207123
YLHGSHN,0.3801906406879425,-2.069241523742676,0.5714285714285714,0.2857142857142857,1.096462607383728,0.9464626371860504
YVWLADW,-4.631401062011719,0.8801529407501221,0.5714285714285714,0.4285714285714285,0.870772659778595,0.7207726374268532
YIHRPAI,-0.24462653696537018,-1.1411283016204834,0.7142857142857143,0.2857142857142857,1.1353874206542969,1.0
YPHKGMY,-0.0019610996823757887,-0.4460267424583435,0.7142857142857143,0.4285714285714285,1.2465879917144775,1.0
MFHQANH,0.01339336670935154,-3.235003709793091,0.7142857142857143,0.4285714285714285,0.9146060943603516,0.8146060645580292
YAPLSNS,0.9924535155296326,-2.5064034461975098,0.4285714285714285,0.4285714285714285,1.114840030670166,0.914840030670166
YYNKTPT,1.2322204113006592,-2.6154861450195312,0.7142857142857143,0.4285714285714285,1.129469871520996,1.0
TWSRNLT,-1.9900732040405273,1.3060057163238525,0.7142857142857143,0.4285714285714285,1.226703643798828,1.0
NQHRHTY,-0.7831244468688965,-0.21117915213108063,0.7142857142857143,0.2857142857142857,1.184498310089111,1.0
WHWCANW,-5.118776321411133,0.7622795104980469,0.7142857142857143,0.4285714285714285,0.8003941178321838,0.7003940992057324
EYHMIEN,-1.1412100791931152,-2.5040993690490723,0.7142857142857143,0.2857142857142857,0.8687615394592285,0.7687615394592285
HYHFRQR,-3.619185447692871,0.3974737524986267,0.7142857142857143,0.2857142857142857,0.9298818111419678,0.829881826043129
TKSRNYT,-3.355905055999756,-0.2280411422252655,0.7142857142857143,0.4285714285714285,0.8854255080223083,0.7854255080223084
YMHVSHF,-3.0510900020599365,-1.0845365524291992,0.7142857142857143,0.4285714285714285,0.8181235194206238,0.7181235194206238
FTNRQGV,2.366938829421997,-4.04268217086792,0.7142857142857143,0.4285714285714285,1.0896937847137451,0.9896937847137453
YHSASNN,1.3950287103652954,-2.6590449810028076,0.2857142857142857,0.2857142857142857,1.1430552005767822,0.8930551707744598
CRTAYAL,-4.333339214324951,-0.5320582389831543,0.5714285714285714,0.4285714285714285,0.7361888289451599,0.5861888140439987
YLMATTV,-2.2065367698669434,-3.3106582164764404,0.5714285714285714,0.4285714285714285,0.6492379307746887,0.4992379307746887
ADKRLNN,0.7542369961738586,-3.2471530437469482,0.7142857142857143,0.4285714285714285,0.9986904859542848,0.8986904859542847
LFIRHEN,-0.7318629026412964,-0.9416996836662292,0.5714285714285714,0.4285714285714285,1.1029962301254272,0.9529962301254272
QFNDGCN,-3.6969985961914062,-1.4579845666885376,0.7142857142857143,0.4285714285714285,0.6988562345504761,0.5988562494516373
FRSRSAR,-4.15233039855957,1.2854493856430054,0.5714285714285714,0.4285714285714285,0.9745879173278807,0.8245879471302032
YSKQGVT,2.3669168949127197,-2.4737462997436523,0.5714285714285714,0.4285714285714285,1.27744460105896,1.0
TPHRGQD,1.2848955392837524,-3.987210512161255,0.7142857142857143,0.2857142857142857,0.9713985919952391,0.8713985621929169
YKHILHG,0.12352370470762253,-1.145168662071228,0.7142857142857143,0.4285714285714285,1.1774107217788696,1.0
IKHPVLW,-1.7253845930099487,-0.743831217288971,0.7142857142857143,0.4285714285714285,1.0119622945785522,0.9119622945785524
WPFRPEN,-1.8292561769485474,-0.6618621349334717,0.7142857142857143,0.4285714285714285,1.0097784996032717,0.9097784399986268
MLHKLAV,0.3572072684764862,-1.463643193244934,0.5714285714285714,0.2857142857142857,1.1662803888320925,1.0
ENACWDG,-4.235314846038818,-0.9786587357521057,0.5714285714285714,0.4285714285714285,0.6940624713897705,0.5440624564886093
WNPADSL,-1.354285717010498,-3.577742338180542,0.7142857142857143,0.2857142857142857,0.7156776785850525,0.6156776785850525
YFNSANV,-1.101671814918518,-2.273540496826172,0.5714285714285714,0.4285714285714285,0.9009174704551696,0.7509174704551697
YNHGSSE,0.5723443627357483,-3.8119099140167236,0.7142857142857143,0.4285714285714285,0.9101049900054932,0.8101050049066544
YSPRAGF,0.11803530156612396,-2.078693389892578,0.5714285714285714,0.4285714285714285,1.0650628805160522,0.9150628507137298
MCRATQN,-3.6757991313934326,0.011197923682630062,0.7142857142857143,0.4285714285714285,0.8771198987960815,0.7771198689937592
LNGMSNQ,0.6893342733383179,-4.091618537902832,0.7142857142857143,0.4285714285714285,0.8901402950286865,0.7901402801275254
KSHRFHE,-1.5371493101119995,-0.01767253503203392,0.7142857142857143,0.4285714285714285,1.12059485912323,1.0
YYHLPKT,-1.3057154417037964,-0.6843281984329224,0.5714285714285714,0.4285714285714285,1.0675382614135742,0.9175382614135742
YHPFPND,-1.0409159660339355,-1.859689712524414,0.5714285714285714,0.4285714285714285,0.9574576020240784,0.8074576020240783
THSFHHK,-1.5882378816604614,0.22594153881072998,0.7142857142857143,0.5714285714285714,1.14384925365448,1.0
FPSGTNW,-0.2742500603199005,-1.1994764804840088,0.7142857142857143,0.0,1.1249845027923584,1.0
TMKRSAE,1.08464515209198,-2.214134454727173,0.7142857142857143,0.4285714285714285,1.1604602336883545,1.0
LAQWVRM,-4.0072245597839355,-0.6877157688140869,0.7142857142857143,0.5714285714285714,0.7552147507667542,0.6552147656679154
VNNMARF,0.4945041239261627,-2.5182268619537354,0.5714285714285714,0.4285714285714285,1.055931568145752,0.905931568145752
YYHRAVN,-1.2347815036773682,0.7308207750320435,0.5714285714285714,0.0,1.2450780868530271,1.0
YFHKSAG,0.38725340366363525,-0.7641158699989319,0.5714285714285714,0.2857142857142857,1.253461480140686,1.0
VDRQTPN,1.2595510482788086,-4.226771354675293,0.5714285714285714,0.4285714285714285,0.939804196357727,0.7898042112588882
TYMRGNF,-1.8717660903930664,0.8770815134048462,0.5714285714285714,0.2857142857142857,1.189034342765808,1.0
VVFRMYN,-3.9504969120025635,0.08869360387325287,0.5714285714285714,0.4285714285714285,0.8546769022941589,0.7046769022941589
IMPKNHV,1.2658597230911255,-3.2508909702301025,0.7142857142857143,0.4285714285714285,1.057315468788147,0.9573154985904694
MHWVSNC,-3.9497227668762207,-0.5545077323913574,0.5714285714285714,0.2857142857142857,0.7777948379516602,0.6277948677539825
YYGHKFP,-0.6174982786178589,-0.25207504630088806,0.7142857142857143,0.4285714285714285,1.1987276077270508,1.0
KSRSSFF,-4.085941791534424,-0.14986906945705414,0.4285714285714285,0.4285714285714285,0.8104897737503052,0.6104897439479828
LGHIIVM,-1.7390042543411255,-3.252030611038208,0.5714285714285714,0.5714285714285714,0.7102354764938354,0.5602354764938354
YWSACRG,-3.6613855361938477,0.888862669467926,0.7142857142857143,0.5714285714285714,0.9838135242462158,0.8838135242462158
KEERANN,0.7231265902519226,-4.772028923034668,0.7142857142857143,0.2857142857142857,0.8126176595687866,0.7087081294506788
YQTVNMN,-0.21634677052497864,-2.7102854251861572,0.4285714285714285,0.5714285714285714,0.9508727788925172,0.7508727788925171
KKGMSCN,-4.159718990325928,-0.6273937225341797,0.7142857142857143,0.5714285714285714,0.7448263764381409,0.6448263764381409
YSRRKNG,-1.7636299133300781,1.406224250793457,0.5714285714285714,0.4285714285714285,1.264841914176941,1.0
LKSSLDN,0.32628268003463745,-3.1428334712982178,0.5714285714285714,0.4285714285714285,0.9617624282836914,0.8117624282836914
YWSIIVS,-3.444359064102173,1.260533332824707,0.7142857142857143,0.4285714285714285,1.0533490180969238,0.9533490777015686
YQHRKEN,0.2649170160293579,-0.1210850179195404,0.7142857142857143,0.2857142857142857,1.316287398338318,1.0
ASDIDPE,-1.2460994720458984,-4.448651313781738,0.5714285714285714,0.5714285714285714,0.6239479184150696,0.4739479184150695
QNQRANF,1.7373701333999634,-3.9300215244293213,0.7142857142857143,0.4285714285714285,1.0304853916168213,0.93048537671566
KMHCSPD,-3.1597366333007812,-0.9181145429611206,0.7142857142857143,0.4285714285714285,0.825494647026062,0.7254946768283844
IVHFRPN,-0.7945695519447327,-0.9238781332969666,0.7142857142857143,0.2857142857142857,1.097888708114624,0.997888708114624
YDHREGQ,0.8276283740997314,-3.1961264610290527,0.7142857142857143,0.2857142857142857,1.013270616531372,0.9132706761360168
ESKKSNA,1.3869409561157227,-2.931259870529175,0.5714285714285714,0.2857142857142857,1.1095455884933472,0.9595455884933471
VMKISGN,1.7986012697219849,-3.484388828277588,0.5714285714285714,0.2857142857142857,1.0908836126327517,0.940883657336235
YSIISHD,-1.1733856201171875,-3.6613550186157227,0.5714285714285714,0.4285714285714285,0.7265586256980896,0.5765586405992508
EYSLAEN,-0.7138343453407288,-2.508139133453369,0.7142857142857143,0.2857142857142857,0.9176231622695924,0.8176231920719147
VMTYTGE,-0.6044333577156067,-3.8620824813842773,0.5714285714285714,0.2857142857142857,0.7682293057441711,0.6182293057441711
MYHKENT,1.0568252801895142,-2.127284526824951,0.5714285714285714,0.1428571428571428,1.167641282081604,1.0
HRNRGWN,-4.32289457321167,-0.26457923650741577,0.5714285714285714,0.4285714285714285,0.7694036960601807,0.6194037109613418
KDHRAQH,-0.1417664736509323,-0.4493546783924103,0.7142857142857143,0.2857142857142857,1.2300477027893066,1.0
YHHIITN,-1.4688435792922974,-0.8975881934165955,0.5714285714285714,0.2857142857142857,1.02318274974823,0.8731827199459076
MHERFNN,1.1784840822219849,-2.842054605484009,0.5714285714285714,0.4285714285714285,1.0961521863937378,0.9461521863937378
EKEITYW,-2.278226852416992,-1.2717798948287964,0.7142857142857143,0.5714285714285714,0.8849515318870544,0.7849515318870545
EEQRIGN,0.4300704896450043,-4.553197860717773,0.7142857142857143,0.4285714285714285,0.8049685955047607,0.704968610405922
YHHKSPM,0.270212858915329,-0.09260069578886032,0.5714285714285714,0.2857142857142857,1.3203074932098389,1.0
YHHRNWQ,-0.86942458152771,0.3290664851665497,0.5714285714285714,0.1428571428571428,1.239184856414795,1.0
WFTRAVF,-3.5488274097442627,-0.08248231559991837,0.7142857142857143,0.4285714285714285,0.8805694580078125,0.7805694878101349
PKHKMTL,-2.800565481185913,-0.02578773908317089,0.5714285714285714,0.5714285714285714,0.9737488627433776,0.8237488627433777
FICHSEP,-3.58245587348938,-0.841524064540863,0.7142857142857143,0.5714285714285714,0.7858527898788452,0.6858527600765228
QHWPHQN,-2.3511366844177246,0.26966342329978943,0.7142857142857143,0.4285714285714285,1.060996651649475,0.9609966218471528
LHHMQHT,-0.9844689965248108,-1.4085499048233032,0.5714285714285714,0.4285714285714285,1.0179625749588013,0.8679625749588012
KFHESLD,0.012067536823451519,-2.6961865425109863,0.7142857142857143,0.4285714285714285,0.9789328575134276,0.8789328277111054
YMHRQNS,-0.17441579699516296,-0.543109118938446,0.7142857142857143,0.1428571428571428,1.2150585651397705,1.0
THYRKKI,-3.563138246536255,0.8029659986495972,0.7142857142857143,0.2857142857142857,0.9848780632019044,0.8848780483007431
GHMVCPV,-4.484058380126953,-0.19579072296619415,0.7142857142857143,0.5714285714285714,0.7590274810791016,0.6590275034308434
SQQCTWE,-4.220796585083008,-1.439663290977478,0.7142857142857143,0.5714285714285714,0.6405706405639648,0.5405706107616425
HLRELGH,0.07169419527053833,-2.5712499618530273,0.7142857142857143,0.5714285714285714,1.0007684230804443,0.9007684826850892
YHHDSAC,-2.9725966453552246,0.18426674604415894,0.5714285714285714,0.2857142857142857,0.9790230989456176,0.8290230989456177
WHQQIYD,-2.624948740005493,0.02937908284366131,0.7142857142857143,0.5714285714285714,1.000627517700195,0.9006274580955506
AYSPNPN,0.3218895494937897,-1.9686946868896484,0.7142857142857143,0.2857142857142857,1.1017634868621826,1.0
DHSTASV,-0.47580718994140625,-4.854899883270264,0.7142857142857143,0.4285714285714285,0.6642709374427795,0.5573862541466952
DAPKCCW,-4.159146785736084,-1.7320029735565186,0.8571428571428571,0.2857142857142857,0.6127047538757324,0.56270472407341
AFYCQTD,-4.546147346496582,0.09920960664749146,0.7142857142857143,0.4285714285714285,0.7871611714363098,0.687161186337471
YHIRVQM,-2.0599820613861084,-0.6094046831130981,0.7142857142857143,0.2857142857142857,0.9894161820411682,0.8894161820411682
VHYRNIS,-0.6784417629241943,-0.14385248720645905,0.5714285714285714,0.4285714285714285,1.2046420574188232,1.0
MKSFGGN,1.9968582391738892,-2.7421743869781494,0.7142857142857143,0.5714285714285714,1.202594757080078,1.0
SHKNDHN,1.1618221998214722,-2.6638262271881104,0.5714285714285714,0.1428571428571428,1.1155568361282349,0.9655568361282348
DGSRIYN,-0.31887146830558777,-1.86838960647583,0.5714285714285714,0.4285714285714285,1.0397841930389404,0.8897841930389404
QWHGHKR,-4.645761013031006,0.9617644548416138,0.7142857142857143,0.5714285714285714,0.8788809776306152,0.7788809627294541
QHSRYKN,-3.5665669441223145,0.2792775332927704,0.5714285714285714,0.2857142857142857,0.9218127131462096,0.7718127131462097
YQSRSEN,0.9380679726600647,-0.41357648372650146,0.5714285714285714,0.2857142857142857,1.3590075969696045,1.0
THLQALE,-0.4049539864063263,-4.6555633544921875,0.7142857142857143,0.2857142857142857,0.6963061094284058,0.5963061317801476
LKTRNDA,1.4921412467956543,-3.584151029586792,0.7142857142857143,0.4285714285714285,1.0435611009597778,0.9435611307621002
AWDKFDW,-2.7787206172943115,-0.9279082417488098,0.7142857142857143,0.2857142857142857,0.8683150410652161,0.7683150410652161
HLHRTNT,-0.07912598550319672,-0.10402776300907135,0.7142857142857143,0.1428571428571428,1.2786052227020264,1.0
QYHRSED,0.6387655138969421,-0.054339852184057236,0.5714285714285714,0.1428571428571428,1.3674395084381104,1.0
HSHRHIE,-0.35462912917137146,-0.9669106006622314,0.7142857142857143,0.2857142857142857,1.1435348987579346,1.0
PNCKKKQ,-4.4879631996154785,0.21645289659500122,0.7142857142857143,0.5714285714285714,0.8079095482826233,0.7079095631837845
SYHRQHG,-0.2528058886528015,0.819664716720581,0.5714285714285714,0.4285714285714285,1.3690896034240725,1.0
ERYWFVN,-4.438937187194824,0.978368878364563,0.7142857142857143,0.2857142857142857,0.9047480225563048,0.804748022556305
YHRPVWG,-2.429405450820923,0.9857407808303833,0.5714285714285714,0.0,1.137652039527893,0.9876520693302154
QPGIHEY,-0.5997422933578491,-4.325755596160889,0.7142857142857143,0.4285714285714285,0.7132835984230042,0.6132835984230042
MLHDWIW,-4.10106897354126,-0.42326804995536804,0.8571428571428571,0.5714285714285714,0.7760257720947266,0.7260257422924041
MQHRQYI,-0.8713549971580505,-0.917888343334198,0.7142857142857143,0.2857142857142857,1.0897397994995115,0.9897397994995116
VYHRPMP,0.07903524488210678,0.6488946676254272,0.4285714285714285,0.2857142857142857,1.3869682550430298,1.0
ESQRKCN,-4.1020002365112305,-0.13183560967445374,0.7142857142857143,0.4285714285714285,0.8107936382293701,0.7107936680316925
NNKRSEM,0.40828633308410645,-2.0982563495635986,0.7142857142857143,0.4285714285714285,1.0962343215942385,0.9962343811988832
ALHHGPN,0.12367424368858337,-3.180062770843506,0.5714285714285714,0.2857142857142857,0.9339139461517334,0.7839139461517334
PIDRPRD,0.673527717590332,-3.8690593242645264,0.5714285714285714,0.5714285714285714,0.9149487018585204,0.7649486720561981
HAMRRTE,-0.8752313852310181,-1.205803632736206,0.7142857142857143,0.2857142857142857,1.054837703704834,0.954837703704834
AWISQYG,-3.812469482421875,-0.0529162734746933,0.7142857142857143,0.4285714285714285,0.8536673188209534,0.7536673188209534
TYHRNNN,0.43074700236320496,0.17998747527599335,0.5714285714285714,0.2857142857142857,1.3714632987976074,1.0
YHYNFYM,-3.170600652694702,-0.9961323142051697,0.7142857142857143,0.4285714285714285,0.814903974533081,0.7149039745330811
KSLKSPY,-2.1047720909118652,-1.2794876098632812,0.4285714285714285,0.2857142857142857,0.9040563106536864,0.704056340456009
LFDFSIE,-3.538156747817993,-1.8060401678085327,0.5714285714285714,0.4285714285714285,0.6755446791648865,0.5255446642637253
RLSRVYY,-5.14998722076416,-0.08858475089073181,0.5714285714285714,0.2857142857142857,0.6949681639671326,0.5449681527912617
YCSRIDW,-4.003391742706299,1.249686598777771,0.7142857142857143,0.4285714285714285,0.987504780292511,0.887504780292511
THFHGKG,1.0820956230163574,-1.8062541484832764,0.7142857142857143,0.1428571428571428,1.2089765071868896,1.0
YHHAAPN,0.5722612738609314,-1.830082893371582,0.4285714285714285,0.4285714285714285,1.1472591161727903,0.9472591161727906
ECLRVPE,-3.7100460529327393,-1.46803617477417,0.7142857142857143,0.4285714285714285,0.6961469054222107,0.5961469054222107
YHQPSLN,0.9179771542549133,-2.5032317638397217,0.4285714285714285,0.2857142857142857,1.1066205501556396,0.9066205501556396
VSMEAEN,-0.46383821964263916,-5.108550548553467,0.5714285714285714,0.4285714285714285,0.6352987289428711,0.4693077594041824
AQHRSTN,1.2526313066482544,-2.1107733249664307,0.5714285714285714,0.2857142857142857,1.1922250986099243,1.0
YSHCPWQ,-3.903716564178467,0.74638432264328,0.5714285714285714,0.4285714285714285,0.9387835264205932,0.7887834966182709
YHINLFH,-3.277326822280884,-1.5211749076843262,0.7142857142857143,0.5714285714285714,0.7397499084472656,0.6397498786449433
FRRVIGQ,-3.443661689758301,-0.3153103291988373,0.7142857142857143,0.2857142857142857,0.8648496270179749,0.7648496270179749
YIRSGST,1.4031243324279785,-2.011960029602051,0.4285714285714285,0.5714285714285714,1.221426010131836,1.0
YVHWHKM,-2.003021717071533,-0.2945077121257782,0.7142857142857143,0.4285714285714285,1.0336763858795166,0.9336763262748718
QIHREQH,0.1162819117307663,-2.841836452484131,0.7142857142857143,0.4285714285714285,0.9735357165336608,0.8735357165336609
PSLRKDQ,0.6111390590667725,-2.9423015117645264,0.5714285714285714,0.4285714285714285,1.0186495780944824,0.8686496078968048
CPSHDEQ,-4.3913493156433105,-0.8911008834838867,0.7142857142857143,0.0,0.6865245699882507,0.5865245699882508
ACHPDED,-4.135002136230469,-1.2719759941101074,0.8571428571428571,0.2857142857142857,0.6705435514450073,0.6205435663461685
IWATALK,-2.3565874099731445,-1.7752314805984497,0.7142857142857143,0.5714285714285714,0.815656304359436,0.7156563341617584
MPRIWYI,-4.38440465927124,0.5754605531692505,0.7142857142857143,0.5714285714285714,0.8628286123275757,0.7628286421298981
SFPGQKS,1.7604753971099854,-3.4869167804718018,0.7142857142857143,0.4285714285714285,1.0861791372299194,0.9861791670322418
YIHDFRQ,-1.8682059049606323,-0.9725105166435242,0.7142857142857143,0.4285714285714285,0.968106210231781,0.868106210231781
RGHALFK,-4.34461784362793,-0.5592841506004333,0.7142857142857143,0.4285714285714285,0.7316284775733948,0.6316284626722336
YHRRSEY,-0.9621630907058716,1.7283011674880981,0.4285714285714285,0.1428571428571428,1.3959225416183472,1.0
YLHRSFG,-1.8009964227676392,0.7519025206565857,0.7142857142857143,0.2857142857142857,1.182225465774536,1.0
YHRMLLN,-2.2982919216156006,0.47444677352905273,0.4285714285714285,0.4285714285714285,1.0916043519973757,0.8916043817996979
NVHHSNT,0.31765711307525635,-3.24573016166687,0.7142857142857143,0.4285714285714285,0.9484529495239258,0.8484529197216034
YHHKATN,1.177071213722229,-0.012969894334673882,0.5714285714285714,0.2857142857142857,1.4345433712005615,1.0
GWQRPNE,-0.14002010226249695,-1.8077342510223389,0.7142857142857143,0.4285714285714285,1.067693114280701,0.9676931142807008
MAARTYG,1.0958694219589233,-1.6443361043930054,0.5714285714285714,0.5714285714285714,1.2299435138702393,1.0
YYHKYVP,-0.8683289289474487,1.1831023693084717,0.5714285714285714,0.4285714285714285,1.3415131568908691,1.0
MWFRNNY,-3.3332834243774414,0.40032827854156494,0.7142857142857143,0.5714285714285714,0.9632338285446168,0.8632338583469391
RHHRSNT,-3.6680586338043213,0.653499960899353,0.5714285714285714,0.2857142857142857,0.9548773765563964,0.8048774063587188
EHHRLAN,0.5722975730895996,-1.126206874847412,0.5714285714285714,0.2857142857142857,1.2314956188201904,1.0
YHKRSHH,-3.250417709350586,1.3966165781021118,0.5714285714285714,0.2857142857142857,1.092026710510254,0.9420266807079316
QHHRHAE,0.09675472229719162,-0.6158140897750854,0.7142857142857143,0.2857142857142857,1.2376673221588137,1.0
YIHRSGD,1.4041564464569092,-1.0388784408569336,0.7142857142857143,0.2857142857142857,1.3379931449890137,1.0
WHHRHNS,-1.5688495635986328,-0.8276280164718628,0.7142857142857143,0.2857142857142857,1.0200080871582031,0.9200080275535584
VKHRRAN,-3.7307026386260986,1.1075612306594849,0.5714285714285714,0.4285714285714285,1.0019816160202026,0.851981571316719
YFWSSNN,-2.848612070083618,0.22736790776252747,0.4285714285714285,0.2857142857142857,0.9984962940216064,0.7984963238239289
EHHRPNS,0.8950330018997192,-1.394105315208435,0.7142857142857143,0.2857142857142857,1.2366995811462402,1.0
ESWRPNQ,-1.6368489265441895,-1.1379064321517944,0.7142857142857143,0.4285714285714285,0.97502601146698,0.8750259816646576
YLHRLES,-0.24355220794677734,0.24626222252845764,0.7142857142857143,0.4285714285714285,1.301539421081543,1.0
YKSKSTT,-2.5291588306427,-0.5794747471809387,0.5714285714285714,0.4285714285714285,0.938826322555542,0.7888263523578644
SWHRQYD,-2.5257158279418945,0.3759843409061432,0.7142857142857143,0.4285714285714285,1.053562879562378,0.9535629391670228
YGRRSNN,-2.4025168418884277,0.29123708605766296,0.2857142857142857,0.2857142857142857,1.0576459169387815,0.8076459467411041
YHHKEVN,1.081765055656433,-1.6031924486160278,0.5714285714285714,0.2857142857142857,1.233238697052002,1.0
YYGKLFT,-2.041365146636963,0.11034014821052551,0.7142857142857143,0.4285714285714285,1.0776969194412231,0.9776969492435456
IYHHAAT,0.04777706041932106,-1.0087065696716309,0.7142857142857143,0.4285714285714285,1.184995412826538,1.0
YYKRPNN,-2.0073301792144775,0.8209431171417236,0.5714285714285714,0.2857142857142857,1.1666640043258667,1.0
YWHRDAN,-2.180781126022339,0.6361989974975586,0.7142857142857143,0.2857142857142857,1.1245291233062744,1.0
SYGRSHN,-0.07062340527772903,-0.49522170424461365,0.5714285714285714,0.2857142857142857,1.2327730655670166,1.0
QAVRTSE,0.7511534690856934,-3.140883684158325,0.7142857142857143,0.5714285714285714,1.0110516548156738,0.9110516250133516
YHARSTN,1.6106213331222534,0.21336831152439117,0.4285714285714285,0.2857142857142857,1.511687159538269,1.0
YYDEDRD,-0.5729728937149048,-1.3186335563659668,0.7142857142857143,0.4285714285714285,1.0762343406677246,0.9762343406677246
YHSHQKE,1.9529515504837036,-2.797884702682495,0.7142857142857143,0.2857142857142857,1.1908584833145142,1.0
YESRTSR,-0.44957366585731506,-2.0304417610168457,0.5714285714285714,0.4285714285714285,1.0053006410598757,0.8553006112575531
YRSKYNN,-2.9056432247161865,-0.0753549188375473,0.5714285714285714,0.4285714285714285,0.9556848406791688,0.8056848406791687
YLHRQNL,-0.5116872787475586,-0.2617362439632416,0.5714285714285714,0.2857142857142857,1.2097885608673096,1.0
YHHRMND,1.0225030183792114,-0.8661753535270691,0.5714285714285714,0.2857142857142857,1.3145945072174072,1.0
GYKRSHN,-3.087801218032837,0.38409578800201416,0.5714285714285714,0.2857142857142857,0.9896348714828492,0.8396349012851715
WYHRIKD,-1.0083853006362915,0.22427015006542206,0.7142857142857143,0.4285714285714285,1.210599422454834,1.0
YHSRDNQ,1.13190495967865,-2.5533323287963867,0.5714285714285714,0.2857142857142857,1.125325322151184,0.9753252923488616
YHSRGNM,0.8390402793884277,-0.4152299761772156,0.5714285714285714,0.2857142857142857,1.347375988960266,1.0
AFHRDNM,0.2804896831512451,-1.8869479894638062,0.8571428571428571,0.2857142857142857,1.1067659854888916,1.0
WHVKKYN,-2.6074607372283936,0.054529186338186264,0.7142857142857143,0.4285714285714285,1.005656361579895,0.905656361579895
YEHRVNN,1.147367000579834,-2.08123517036438,0.5714285714285714,0.2857142857142857,1.1836060285568235,1.0
YYHWDEM,-3.6222620010375977,-0.2154070883989334,0.7142857142857143,0.2857142857142857,0.8561837077140808,0.7561836928129196
VKHRGNN,-3.732656717300415,0.4711051881313324,0.5714285714285714,0.2857142857142857,0.925591766834259,0.775591766834259
HHDKSNP,1.175965666770935,-3.180314540863037,0.5714285714285714,0.2857142857142857,1.0553821325302124,0.9053821325302124
FHSRGWD,-1.1954466104507446,-0.6147823333740234,0.5714285714285714,0.4285714285714285,1.088592529296875,0.9385924696922302
MYSGSNS,1.4100589752197266,-3.524717330932617,0.5714285714285714,0.4285714285714285,1.0411962270736694,0.8911962568759918
YMQRYYN,-2.4339687824249268,-1.017857313156128,0.7142857142857143,0.2857142857142857,0.8973562121391296,0.7973562121391297
YHSIMTM,-2.719386339187622,-2.536142110824585,0.7142857142857143,0.4285714285714285,0.6827096939086914,0.5827097237110138
MHHRSHE,0.11039310693740845,-0.9006788730621338,0.7142857142857143,0.2857142857142857,1.2051525115966797,1.0
IPHRITG,1.8659952878952026,-2.3970563411712646,0.7142857142857143,0.4285714285714285,1.228785276412964,1.0
YHSKLHN,0.8443617820739746,-0.7175965309143066,0.5714285714285714,0.4285714285714285,1.3118064403533936,1.0
YHHRSSG,0.6122789978981018,1.0777634382247925,0.5714285714285714,0.1428571428571428,1.49985933303833,1.0
VEFWSND,-2.878495931625366,-0.6331683397293091,0.5714285714285714,0.2857142857142857,0.892066240310669,0.7420662105083465
YHSRDGD,0.9527995586395264,-2.2581281661987305,0.5714285714285714,0.2857142857142857,1.139972448348999,0.9899724781513214
FNHRSPA,1.8222273588180542,-1.9521543979644775,0.7142857142857143,0.2857142857142857,1.2769728899002075,1.0
YRVKSGQ,-2.974527597427368,-0.4713321030139923,0.7142857142857143,0.4285714285714285,0.9003452062606812,0.8003451764583588
GFHRSWE,-1.6909499168395996,0.010776151902973652,0.7142857142857143,0.2857142857142857,1.1062414646148682,1.0
YHWNSMT,-3.3129830360412598,-0.49960052967071533,0.5714285714285714,0.4285714285714285,0.8578840494155884,0.707884019613266
DKTRPGN,1.2580355405807495,-4.0464982986450195,0.7142857142857143,0.4285714285714285,0.9612023830413818,0.861202397942543
WHQRHDE,-0.5058430433273315,-2.338554859161377,0.7142857142857143,0.4285714285714285,0.9619320631027222,0.8619320333003998
IHTRGLP,1.042612075805664,-2.5717434883117676,0.5714285714285714,0.4285714285714285,1.1128122806549072,0.9628122210502624
YHSRITG,1.365095615386963,-1.028764009475708,0.7142857142857143,0.2857142857142857,1.3346935510635376,1.0
YYTFSGS,-2.283931016921997,0.05038180574774742,0.5714285714285714,0.4285714285714285,1.0425150394439695,0.8925150096416473
HRHRSNN,-3.644850254058838,0.8942492604255676,0.5714285714285714,0.2857142857142857,0.9863673448562622,0.836367329955101
YHSNSDN,-0.257663369178772,-3.0864310264587402,0.4285714285714285,0.2857142857142857,0.9010892510414124,0.7010892510414124
YGHRWKE,-0.1934824138879776,-0.18766213953495026,0.7142857142857143,0.4285714285714285,1.2553930282592771,1.0
YNHRKNN,-1.924031138420105,-0.03355025127530098,0.5714285714285714,0.1428571428571428,1.0740251541137695,0.9240251541137696
EHHRVTS,0.9680212140083313,-1.854023814201355,0.5714285714285714,0.4285714285714285,1.1900888681411743,1.0
YAKRDDQ,1.5164368152618408,-3.112278938293457,0.5714285714285714,0.4285714285714285,1.102834939956665,0.9528348803520202
YAHRSQG,1.5688855648040771,-0.03314300999045372,0.5714285714285714,0.2857142857142857,1.4773683547973633,1.0
VNHRVHD,1.6264805793762207,-2.4370779991149902,0.7142857142857143,0.2857142857142857,1.1963413953781128,1.0
YAHMSNN,1.3533623218536377,-1.2489354610443115,0.4285714285714285,0.2857142857142857,1.3069911003112793,1.0
LIIRSWH,-4.195024013519287,-0.45231202244758606,0.5714285714285714,0.5714285714285714,0.7617018818855286,0.6117018967866897
YYQVYET,-3.692645311355591,0.2453879863023758,0.8571428571428571,0.4285714285714285,0.9032001495361328,0.8532001197338104
AHHHVNN,-0.8930639028549194,-1.556648850440979,0.5714285714285714,0.2857142857142857,1.0107933282852173,0.8607933580875397
YDHNSAE,-0.5790662169456482,-4.003408432006836,0.7142857142857143,0.2857142857142857,0.7542458772659302,0.6542459070682526
AFQRAEH,-0.08604927361011505,-2.5182764530181885,0.7142857142857143,0.4285714285714285,0.9888945817947388,0.8888946115970612
YHHKATE,2.016742467880249,-1.4717209339141846,0.5714285714285714,0.1428571428571428,1.3569247722625732,1.0
QHKRTAN,-3.0006263256073,0.07538684457540512,0.5714285714285714,0.4285714285714285,0.9627572298049928,0.8127572000026703
QHSSALN,-0.21337172389030457,-4.4097900390625,0.5714285714285714,0.4285714285714285,0.7478379011154175,0.5978378713130951
YWTRQVE,-1.0705033540725708,0.08715274184942245,0.7142857142857143,0.4285714285714285,1.187018632888794,1.0
YYKRSGD,0.0495377741754055,-0.050671275705099106,0.5714285714285714,0.1428571428571428,1.2998459339141846,1.0
NHTHSVT,0.058836210519075394,-3.8250536918640137,0.7142857142857143,0.5714285714285714,0.849242091178894,0.7492421060800553
YMHKLED,0.7576805949211121,-1.8076138496398926,0.7142857142857143,0.2857142857142857,1.1713565587997437,1.0
RDSKTQL,0.438313364982605,-3.1466634273529053,0.4285714285714285,0.5714285714285714,0.9742392301559448,0.7742392599582673
VFHLNNV,-2.365776777267456,-2.7751293182373047,0.7142857142857143,0.5714285714285714,0.6949383020401001,0.5949383020401001
IYHQKRE,0.7188312411308289,-0.7380595207214355,0.7142857142857143,0.4285714285714285,1.2948637008666992,1.0
YYEKRFE,0.1660628616809845,-1.0328009128570557,0.7142857142857143,0.4285714285714285,1.1957693099975586,1.0
TYHRHEG,0.7499524354934692,-0.5487669706344604,0.5714285714285714,0.2857142857142857,1.3211095333099363,1.0
YQQKRTD,0.9839563369750977,-1.912614345550537,0.7142857142857143,0.4285714285714285,1.1849172115325928,1.0
YWKSFHE,-0.8314177393913269,-0.039516352117061615,0.5714285714285714,0.4285714285714285,1.1994651556015017,1.0
SNHRNQN,1.5440073013305664,-1.7734959125518799,0.7142857142857143,0.4285714285714285,1.266229271888733,1.0
MYHNSAG,0.9581494331359863,-2.4993674755096436,0.5714285714285714,0.2857142857142857,1.1117212772369385,0.9617213070392608
YWHRSNN,-2.042872905731201,1.5510382652282715,0.4285714285714285,0.1428571428571428,1.2499301433563232,1.0
YHGQVHP,0.9770480394363403,-3.7768306732177734,0.7142857142857143,0.4285714285714285,0.9610302448272704,0.8610302746295929
YWWRATE,-2.4349966049194336,1.852231740951538,0.7142857142857143,0.4285714285714285,1.2406988143920898,1.0
YHVLHGQ,-1.1604056358337402,-1.9328142404556274,0.5714285714285714,0.4285714285714285,0.9349104762077332,0.7849104762077331
YHFRGNW,-2.3859477043151855,0.8902912139892578,0.5714285714285714,0.2857142857142857,1.1312474012374878,0.9812474012374878
YYHWPNN,-3.0634024143218994,1.1411634683609009,0.5714285714285714,0.2857142857142857,1.0830496549606323,0.9330496847629548
YIHKQNE,1.5421333312988281,-2.4095444679260254,0.7142857142857143,0.4285714285714285,1.189897537231445,1.0
EYQRSNK,0.3904876410961151,-0.5875412821769714,0.5714285714285714,0.4285714285714285,1.274965524673462,1.0
IFVKDNA,0.5846670269966125,-2.8281090259552,0.7142857142857143,0.4285714285714285,1.0292584896087646,0.9292585194110872
YNHRSYN,-0.6238625645637512,0.1417246162891388,0.5714285714285714,0.2857142857142857,1.245118498802185,1.0
YMHRSTN,0.6101623773574829,0.6325457096099854,0.5714285714285714,0.2857142857142857,1.4463361501693726,1.0
MHKRGQN,-2.3943662643432617,0.1849852353334427,0.4285714285714285,0.4285714285714285,1.0458719730377195,0.845871913433075
LYHRSWQ,-3.187715530395508,1.4657435417175293,0.5714285714285714,0.4285714285714285,1.1075387001037598,0.9575386703014374
HHHRLTN,-0.9374740719795227,1.1355764865875244,0.5714285714285714,0.2857142857142857,1.3278422355651855,1.0
YASKYNA,2.221627950668335,-3.011915445327759,0.7142857142857143,0.4285714285714285,1.1962671279907229,1.0
YGHRWNP,-1.5183749198913574,0.6341030597686768,0.7142857142857143,0.2857142857142857,1.2007601261138916,1.0
YVHFANE,-1.3991904258728027,-1.18429434299469,0.7142857142857143,0.4285714285714285,0.99691504240036,0.8969150424003601
YYHRPAG,-0.2862795293331146,0.276778906583786,0.5714285714285714,0.1428571428571428,1.300257921218872,1.0
YHRRYSQ,-3.8350670337677,0.628375768661499,0.5714285714285714,0.4285714285714285,0.9325878620147704,0.7825878769159317
YHHSPHQ,-0.8610097169876099,-1.2344634532928467,0.5714285714285714,0.2857142857142857,1.0530500411987305,0.9030501008033752
LFKKSTW,-2.8266491889953613,0.6297669410705566,0.5714285714285714,0.4285714285714285,1.049186944961548,0.8991869449615478
YLKWSNS,-0.7723116874694824,-0.16483663022518158,0.5714285714285714,0.4285714285714285,1.1912925243377686,1.0
VLYRGVI,-1.1974726915359497,-1.0260745286941528,0.5714285714285714,0.5714285714285714,1.0391395092010498,0.8891395390033722
YHKREYM,0.255805104970932,-0.3334754407405853,0.5714285714285714,0.2857142857142857,1.2898187637329102,1.0
QYKRDQW,-0.8037722110748291,-0.6497556567192078,0.5714285714285714,0.4285714285714285,1.129630208015442,0.979630208015442
YSTRPNV,2.7121691703796387,-2.413677930831909,0.5714285714285714,0.4285714285714285,1.3244960308074951,1.0
GGHRHTE,0.06929991394281387,-1.9251991510391235,0.7142857142857143,0.4285714285714285,1.0778043270111084,0.9778043866157532
NHVRSII,-0.20080150663852692,-1.654464602470398,0.7142857142857143,0.4285714285714285,1.079016923904419,0.9790168941020966
YYRNSNN,0.17729626595973969,-0.09222963452339172,0.2857142857142857,0.2857142857142857,1.3096237182617188,1.0
FYRWSEP,-2.6250734329223633,0.5569053292274475,0.5714285714285714,0.4285714285714285,1.0637418031692505,0.913741773366928
MHHLLAV,-1.519515872001648,-1.7013126611709595,0.7142857142857143,0.4285714285714285,0.9211509823799132,0.8211509823799134
YYSRRTK,-4.241098880767822,1.3470187187194824,0.7142857142857143,0.4285714285714285,0.9717065691947936,0.8717065840959549
WKSKWEQ,-0.5201575756072998,-0.10453269630670547,0.7142857142857143,0.5714285714285714,1.2276229858398438,1.0
AHARPNI,-0.0860612764954567,-2.612384796142578,0.7142857142857143,0.4285714285714285,0.9776313304901124,0.8776313006877899
YYHRAND,-0.26468685269355774,0.5649775862693787,0.7142857142857143,0.1428571428571428,1.3372395038604736,1.0
HPSRSFE,1.0003632307052612,-3.352029323577881,0.7142857142857143,0.4285714285714285,1.014557957649231,0.914557957649231
YMRRSGA,-2.45041561126709,-0.35405561327934265,0.5714285714285714,0.4285714285714285,0.9748939275741576,0.8248938977718353
KSHMKNE,-0.18579627573490143,-1.878829002380371,0.7142857142857143,0.4285714285714285,1.053899884223938,0.9538998544216156
NYSKEHS,1.8115781545639038,-2.877807140350342,0.5714285714285714,0.4285714285714285,1.164971113204956,1.0
YSARSNI,2.534517526626587,-1.2941747903823853,0.5714285714285714,0.2857142857142857,1.437954306602478,1.0
VFHLGNT,-0.8880921006202698,-3.090519905090332,0.7142857142857143,0.5714285714285714,0.8278102278709412,0.7278102278709412
YNQKSGN,2.2200005054473877,-1.856767177581787,0.5714285714285714,0.4285714285714285,1.3343149423599243,1.0
HHGRKVS,-3.1889121532440186,0.16049736738204956,0.5714285714285714,0.4285714285714285,0.9512027502059937,0.8012027204036712
YYHRMNE,-0.8319936394691467,-0.1531505286693573,0.5714285714285714,0.1428571428571428,1.185800075531006,1.0
YYHRNGA,-0.6018016934394836,0.4186475872993469,0.7142857142857143,0.2857142857142857,1.2808048725128174,1.0
FYKKSHS,-2.386197805404663,0.6006754636764526,0.5714285714285714,0.5714285714285714,1.0965604782104492,0.9465604484081268
PYHRHVD,-0.07113202661275864,0.1984160840511322,0.7142857142857143,0.2857142857142857,1.3157213926315308,1.0
VSYRSWS,-2.915322780609131,0.6782405376434326,0.5714285714285714,0.4285714285714285,1.0447494983673096,0.8947494387626648
VYHMINY,-3.38126277923584,-0.33162063360214233,0.7142857142857143,0.4285714285714285,0.8701023459434509,0.7701023608446121
QHARSNE,1.4320776462554932,-2.3927671909332275,0.5714285714285714,0.2857142857142857,1.179198145866394,1.0
VHHRQQN,-0.2849011719226837,-0.027816588059067726,0.5714285714285714,0.2857142857142857,1.2639663219451904,1.0
YYSKHNY,0.15710996091365814,-0.45366379618644714,0.5714285714285714,0.4285714285714285,1.264040470123291,1.0
YHNKAYN,1.4122787714004517,-1.3455508947372437,0.5714285714285714,0.2857142857142857,1.3022316694259644,1.0
PYTKMNN,0.7321907877922058,-2.0687127113342285,0.7142857142857143,0.2857142857142857,1.137168049812317,1.0
YFSRYPN,-1.7947900295257568,-0.6312962770462036,0.5714285714285714,0.2857142857142857,1.0174156427383425,0.8674156725406647
YHHRSEN,0.5042349100112915,0.9122361540794373,0.4285714285714285,0.0,1.467576026916504,1.0
YHHVAKV,0.8641711473464966,-0.7783412337303162,0.5714285714285714,0.4285714285714285,1.3068243265151978,1.0
YHDKMTE,1.564196228981018,-3.7210588455200195,0.7142857142857143,0.2857142857142857,1.035496950149536,0.9354969799518584
YYHSQAN,-0.5617645382881165,-0.6392022967338562,0.5714285714285714,0.2857142857142857,1.158835530281067,1.0
TYSRVND,1.0766721963882446,1.7214231491088867,0.5714285714285714,0.4285714285714285,1.6305047273635864,1.0
EHRLKSE,-0.02030830644071102,-1.8959628343582153,0.4285714285714285,0.5714285714285714,1.070956826210022,0.870956826210022
NHRRIMA,-4.366065502166748,-0.4497804343700409,0.7142857142857143,0.4285714285714285,0.7422562837600708,0.6422563135623932
VHHRPED,1.3693792819976807,-2.5743660926818848,0.7142857142857143,0.2857142857142857,1.150227189064026,1.0
TKSRGQN,-2.9394030570983887,-0.32456687092781067,0.5714285714285714,0.4285714285714285,0.9219639301300048,0.7719639003276825
YYSRSMS,-1.078387975692749,1.0038443803787231,0.4285714285714285,0.2857142857142857,1.295807957649231,1.0
LYSKENE,0.35203301906585693,-2.996173143386841,0.5714285714285714,0.4285714285714285,0.9822863340377808,0.8322863042354584
VNRRWKE,-2.76491379737854,-0.33940473198890686,0.7142857142857143,0.2857142857142857,0.9403350353240968,0.8403350055217743
LARWNAM,-2.5613579750061035,-0.7627986669540405,0.5714285714285714,0.5714285714285714,0.9131703972816468,0.7631703972816467
YYSRNGL,-0.39661234617233276,-0.4368583559989929,0.7142857142857143,0.4285714285714285,1.2021183967590332,1.0
YFHASMN,-1.84641432762146,-0.7861875891685486,0.5714285714285714,0.2857142857142857,0.9929193258285522,0.8429193556308746
LKHRNAN,-2.9359524250030518,0.20484864711761475,0.5714285714285714,0.2857142857142857,0.9857171177864076,0.8357171177864074
YHHRNNE,0.98719722032547,0.004674599505960941,0.5714285714285714,0.1428571428571428,1.4147319793701172,1.0
VHLMGAN,-0.26300349831581116,-4.385265827178955,0.4285714285714285,0.4285714285714285,0.7450421452522278,0.545042160153389
YTHRYSN,-1.0007210969924927,-0.045824646949768066,0.7142857142857143,0.2857142857142857,1.1791623830795288,1.0
YQSRNTE,1.2770905494689941,-2.8251829147338867,0.5714285714285714,0.2857142857142857,1.1095563173294067,0.9595563471317292
QHHSSNW,-0.5490882992744446,-1.585869550704956,0.5714285714285714,0.4285714285714285,1.047012209892273,0.8970121800899505
KYSNSHI,0.7812017202377319,-2.294243335723877,0.4285714285714285,0.5714285714285714,1.115837812423706,0.9158378422260284
YVHRHPD,0.7733521461486816,-0.8642593026161194,0.7142857142857143,0.2857142857142857,1.2860565185546875,1.0
VMDFGPW,-3.353706121444702,-0.13938280940055847,0.7142857142857143,0.5714285714285714,0.8962889909744263,0.7962890207767487
YPHDPPV,0.4787401556968689,-4.190718650817871,0.7142857142857143,0.4285714285714285,0.853965699672699,0.7539656847715378
YNHRTTN,1.2034797668457031,-1.2101094722747803,0.5714285714285714,0.2857142857142857,1.2943317890167236,1.0
YHHPVHE,0.22565029561519623,-2.169355869293213,0.7142857142857143,0.2857142857142857,1.066638708114624,0.9666386485099792
TYEMNVL,-1.548233985900879,-2.7774534225463867,0.5714285714285714,0.5714285714285714,0.7890542149543762,0.6390542149543762
YHVRTNQ,0.6130744814872742,-0.2717916667461395,0.5714285714285714,0.4285714285714285,1.3384510278701782,1.0
AFHRTHN,-0.8216976523399353,-0.6007404923439026,0.7142857142857143,0.2857142857142857,1.1334261894226074,1.0
QWHHRTP,-1.522079348564148,-0.2902465760707855,0.5714285714285714,0.4285714285714285,1.0897161960601809,0.9397161662578584
YGYRGQN,0.27213916182518005,-0.09953108429908752,0.5714285714285714,0.4285714285714285,1.3197005987167358,1.0
YWRKKYN,-3.172952651977539,1.0846282243728638,0.5714285714285714,0.4285714285714285,1.0636353492736816,0.913635379076004
WYQRQRY,-3.595017433166504,0.1679227650165558,0.7142857142857143,0.4285714285714285,0.905202090740204,0.8052021056413651
THYRAHQ,-1.0641621351242065,-0.597917377948761,0.7142857142857143,0.4285714285714285,1.1057689189910889,1.0
YVHRRSM,-3.7000157833099365,0.7695716023445129,0.7142857142857143,0.2857142857142857,0.965077817440033,0.8650778323411942
EHQREPG,1.4007627964019775,-4.193197727203369,0.7142857142857143,0.4285714285714285,0.9601263999938964,0.8601263701915741
SHHKQNH,-0.2506195306777954,-0.7004619240760803,0.7142857142857143,0.4285714285714285,1.187429666519165,1.0
MHHRSAN,0.6450638771057129,0.001656689797528088,0.5714285714285714,0.2857142857142857,1.3748679161071775,1.0
YYAPSEI,-1.9748660326004028,-2.058519124984741,0.5714285714285714,0.4285714285714285,0.8258293271064758,0.6758293271064758
KEHRHNI,-0.7773830890655518,-0.4041963517665863,0.7142857142857143,0.4285714285714285,1.1620630025863647,1.0
YWHRHGD,-1.5514349937438965,0.9292058348655701,0.7142857142857143,0.2857142857142857,1.2322577238082886,1.0
YSKWHSG,0.13235343992710114,-0.1635625958442688,0.7142857142857143,0.5714285714285714,1.295898199081421,1.0
YHHRSNL,-0.5747002959251404,1.2592960596084595,0.4285714285714285,0.1428571428571428,1.3845337629318235,1.0
YLHRNYR,-4.275944232940674,0.7071371674537659,0.5714285714285714,0.4285714285714285,0.8911092281341553,0.7411092281341553
HYHRVHQ,-1.5696146488189697,0.06691600382328033,0.7142857142857143,0.4285714285714285,1.1269690990447998,1.0
DKKRTNN,-1.955618143081665,-0.5893959403038025,0.5714285714285714,0.4285714285714285,1.0038604736328125,0.8538605332374573
YAKRANE,1.6344224214553833,-0.9823426604270935,0.5714285714285714,0.2857142857142857,1.3713454008102417,1.0
YHHRDNA,1.3077623844146729,-1.074296474456787,0.5714285714285714,0.1428571428571428,1.322624921798706,1.0
YYSRSGG,0.6660522222518921,-0.780621349811554,0.5714285714285714,0.2857142857142857,1.2836766242980957,1.0
YHQREFN,0.24499666690826416,-0.6634230613708496,0.5714285714285714,0.2857142857142857,1.2490861415863037,1.0
FHTRENV,1.5323094129562378,-2.5651519298553467,0.7142857142857143,0.2857142857142857,1.1701418161392212,1.0
DHHNPGN,0.3364165723323822,-4.429530620574951,0.7142857142857143,0.4285714285714285,0.8089544773101807,0.7089544773101807
VHHKGAT,1.1737122535705566,-2.11319899559021,0.7142857142857143,0.4285714285714285,1.1828227043151855,1.0
YYKRNNQ,-2.9433226585388184,0.6587028503417969,0.4285714285714285,0.2857142857142857,1.039178490638733,0.839178490638733
VKSKTPN,-1.6238372325897217,-0.21310283243656158,0.7142857142857143,0.4285714285714285,1.0871988534927368,0.9871988832950592
QYHRVNT,0.3842449188232422,0.4101925790309906,0.7142857142857143,0.2857142857142857,1.3936426639556885,1.0
YHHKYGN,0.14633508026599884,0.2764272391796112,0.5714285714285714,0.2857142857142857,1.350165843963623,1.0
MHHRSNE,0.9619543552398682,-0.9718946218490601,0.5714285714285714,0.1428571428571428,1.294952154159546,1.0
MHHRATN,0.6135008931159973,-0.4008186161518097,0.5714285714285714,0.2857142857142857,1.3230595588684082,1.0
YHQDSNE,-0.7376288771629333,-3.5428414344787598,0.4285714285714285,0.2857142857142857,0.7910538911819458,0.5910538613796235
LHHRWNT,-1.9968419075012207,0.30375251173973083,0.5714285714285714,0.2857142857142857,1.1059831380844116,0.9559831380844116
YHTRDEN,1.3509236574172974,-2.770306348800659,0.5714285714285714,0.2857142857142857,1.1246482133865356,0.9746482133865356
YIHHSNE,0.07252555340528488,-1.853705883026123,0.5714285714285714,0.2857142857142857,1.0867323875427246,0.9367323875427246
YHRRGVD,-0.07777506858110428,0.5204679369926453,0.2857142857142857,0.2857142857142857,1.3534940481185913,1.0
AYRRLEN,-0.8053464293479919,-0.34756627678871155,0.7142857142857143,0.2857142857142857,1.1656112670898438,1.0
HYRRANN,-3.8848624229431152,0.4071029722690582,0.5714285714285714,0.2857142857142857,0.9003589153289795,0.7503589153289795
GFHRQNP,0.6978344321250916,-1.2007460594177246,0.7142857142857143,0.4285714285714285,1.237070083618164,1.0
YYHRKEN,-0.48382046818733215,0.6405615210533142,0.7142857142857143,0.1428571428571428,1.3209834098815918,1.0
YYSRYAN,-1.2253954410552979,-0.14000140130519867,0.7142857142857143,0.2857142857142857,1.1419512033462524,1.0
YHHRKPE,-0.4520019590854645,1.2014124393463135,0.7142857142857143,0.2857142857142857,1.391773700714111,1.0
YAYRETD,-0.3814653754234314,-1.4565824270248413,0.5714285714285714,0.4285714285714285,1.0818376541137695,0.9318377137184144
YHHRHNA,0.0873250886797905,0.26991167664527893,0.5714285714285714,0.1428571428571428,1.342572808265686,1.0
FMHRSKN,-2.8890621662139893,-0.07168181985616684,0.7142857142857143,0.2857142857142857,0.9580389261245728,0.8580388963222504
YHHRSQG,0.38010480999946594,1.1207427978515625,0.5714285714285714,0.2857142857142857,1.4781956672668457,1.0
TWHPSKN,0.39253583550453186,-1.596285343170166,0.5714285714285714,0.2857142857142857,1.1544862985610962,1.0
YNSRSSN,2.234821081161499,-1.8885716199874878,0.5714285714285714,0.2857142857142857,1.3322200775146484,1.0
IAQRGVA,2.6413168907165527,-4.027309417724609,0.5714285714285714,0.4285714285714285,1.123213291168213,0.973213306069374
YYHRGAH,-1.4642972946166992,0.050801150500774384,0.7142857142857143,0.2857142857142857,1.1372005939483645,1.0
EYSRGNE,0.24456167221069336,-0.6806556582450867,0.7142857142857143,0.2857142857142857,1.246973752975464,1.0
YHKRSQE,-0.29845184087753296,1.1235427856445312,0.5714285714285714,0.2857142857142857,1.400184154510498,1.0
YIHREES,0.8117462992668152,-2.1449484825134277,0.7142857142857143,0.2857142857142857,1.1372305154800415,1.0
YAHKSVN,2.4649813175201416,0.6026248931884766,0.4285714285714285,0.2857142857142857,1.656914234161377,1.0
NMHKDPN,1.2033740282058716,-4.020748138427734,0.7142857142857143,0.4285714285714285,0.9579726457595824,0.8579726159572602
MHSRQRN,-3.3253872394561768,-0.9561073184013367,0.5714285714285714,0.4285714285714285,0.8018220067024231,0.6518220216035843
YPHREDP,1.1241308450698853,-3.205198049545288,0.7142857142857143,0.2857142857142857,1.046419382095337,0.9464193522930144
YHYRLGD,-0.7215830683708191,0.4106504023075104,0.5714285714285714,0.2857142857142857,1.2660177946090698,1.0
WHLKGAM,-1.1654173135757446,-1.3582035303115845,0.5714285714285714,0.5714285714285714,1.003095030784607,0.8530950307846069
YHHRPGD,0.9056365489959717,-0.6575161218643188,0.5714285714285714,0.2857142857142857,1.32607102394104,1.0
YHHRKDN,-0.28387677669525146,0.3658750653266907,0.5714285714285714,0.1428571428571428,1.3111975193023682,1.0
LGSRSNN,1.5908938646316528,-2.7188847064971924,0.5714285714285714,0.2857142857142857,1.1585088968276978,1.0
YSSHRAQ,1.4455081224441528,-1.6324894428253174,0.7142857142857143,0.4285714285714285,1.271730661392212,1.0
YYHEKFD,0.02378513105213642,-1.1587166786193848,0.7142857142857143,0.4285714285714285,1.1642735004425049,1.0
VSSRPAA,1.9347962141036987,-3.5139896869659424,0.5714285714285714,0.4285714285714285,1.1030665636062622,0.953066548705101
YHQKSYE,1.1657778024673462,-1.545218825340271,0.5714285714285714,0.2857142857142857,1.2498763799667358,1.0
FWHRGNE,-0.6550276875495911,0.332226425409317,0.7142857142857143,0.2857142857142857,1.2643173933029177,1.0
YWHKYSE,-0.7667052149772644,0.6936454176902771,0.7142857142857143,0.2857142857142857,1.2946738004684448,1.0
MHVRSKE,1.3098981380462646,-1.69061279296875,0.7142857142857143,0.4285714285714285,1.2491174936294556,1.0
YAHRNYA,-0.9453186988830566,-0.14851617813110352,0.7142857142857143,0.4285714285714285,1.1732701063156128,1.0
YYTRSNN,0.32029980421066284,-0.027679502964019775,0.4285714285714285,0.2857142857142857,1.33385968208313,1.0
YYSRSGN,0.733134388923645,0.07231447100639343,0.5714285714285714,0.2857142857142857,1.3934919834136963,1.0
YFDQNQT,-1.4118249416351318,-1.0545974969863892,0.7142857142857143,0.5714285714285714,1.010977029800415,0.9109769701957704
IFLRGNN,-0.5483765006065369,-0.194773867726326,0.4285714285714285,0.4285714285714285,1.213565707206726,1.0
VHKRSGG,-2.3531124591827393,-0.34516623616218567,0.5714285714285714,0.2857142857142857,0.9871923923492432,0.8371923625469208
YGHVVNM,-1.4704691171646118,-2.98545241355896,0.7142857142857143,0.4285714285714285,0.7731419205665588,0.6731419205665589
WYHQHRN,-1.4819327592849731,0.40207400918006897,0.7142857142857143,0.4285714285714285,1.1772010326385498,1.0
YWDRLPD,-1.930676817893982,-0.13403399288654327,0.5714285714285714,0.4285714285714285,1.0612330436706543,0.9112330436706544
HNFKAQE,1.4020240306854248,-3.005901336669922,0.7142857142857143,0.4285714285714285,1.1023547649383545,1.0
YYKKSAE,0.6320050358772278,-0.18699432909488678,0.5714285714285714,0.4285714285714285,1.3507843017578125,1.0
IHSRPVE,2.2769439220428467,-2.6034204959869385,0.5714285714285714,0.4285714285714285,1.2515381574630735,1.0
GKSRRNN,-3.4965858459472656,0.4956737160682678,0.7142857142857143,0.4285714285714285,0.955788791179657,0.855788791179657
EAHNEEP,-0.37486255168914795,-5.430159091949463,0.7142857142857143,0.5714285714285714,0.6070852279663086,0.4795482775196433
IKDHHNN,0.8288737535476685,-2.6962592601776123,0.7142857142857143,0.4285714285714285,1.073233127593994,0.9732330977916718
AYHRAAN,0.08407989889383316,-0.22885200381278992,0.7142857142857143,0.1428571428571428,1.2825114727020264,1.0
MYVKGEG,1.7741378545761108,-0.3672272562980652,0.7142857142857143,0.4285714285714285,1.4610874652862549,1.0
YLSRGVG,1.9634759426116943,-3.0602481365203857,0.5714285714285714,0.4285714285714285,1.1606767177581787,1.0
IHHRSDN,0.737773597240448,-0.5050641298294067,0.5714285714285714,0.2857142857142857,1.3249332904815674,1.0
VSRRYYW,-4.213136196136475,0.49158504605293274,0.7142857142857143,0.4285714285714285,0.8725661635398865,0.7725661635398865
YKDRSNN,1.4662014245986938,-2.0801258087158203,0.4285714285714285,0.2857142857142857,1.220551609992981,1.0
YFHRSGH,-2.059558868408203,0.6409789323806763,0.7142857142857143,0.2857142857142857,1.1390974521636963,1.0
HQIRINE,0.9744156002998352,-3.701672077178955,0.7142857142857143,0.4285714285714285,0.9697205424308776,0.8697205275297165
HHQRAHN,-0.09017543494701385,-0.3675134479999542,0.5714285714285714,0.2857142857142857,1.2457982301712036,1.0
YHVWGAN,-2.6496596336364746,-0.7198529243469238,0.5714285714285714,0.2857142857142857,0.9081143140792848,0.7581143140792846
TIHRDSA,1.3691089153289795,-3.1532013416290283,0.7142857142857143,0.4285714285714285,1.0809271335601809,0.9809271037578584
YNKKKWT,-2.519944429397583,-0.6543222069740295,0.7142857142857143,0.4285714285714285,0.9309333562850952,0.8309333264827728
YTRKSVL,-2.436246156692505,-0.25521111488342285,0.5714285714285714,0.4285714285714285,0.9883584976196288,0.8383585274219513
MYKRMLI,-4.115995407104492,-0.5578439235687256,0.7142857142857143,0.4285714285714285,0.7581977248191833,0.6581977397203446
YKHRYSN,-3.6322262287139893,0.4285273551940918,0.7142857142857143,0.2857142857142857,0.932092308998108,0.8320922940969467
YYHRPNW,-1.3329182863235474,1.043534755706787,0.7142857142857143,0.1428571428571428,1.2711694240570068,1.0
HHDRSVP,1.0832595825195312,-2.1946842670440674,0.5714285714285714,0.4285714285714285,1.1626278162002563,1.0
YSYMSNE,-1.6080114841461182,-0.19820664823055267,0.5714285714285714,0.4285714285714285,1.0908087491989136,0.9408087491989136
VHHMNPN,0.2676824927330017,-2.4841954708099365,0.5714285714285714,0.4285714285714285,1.0338151454925537,0.8838151156902313
ETHRSSF,0.47396865487098694,-1.95386803150177,0.7142857142857143,0.2857142857142857,1.1210968494415283,1.0
YVWRWAN,-4.381680488586426,1.7294193506240845,0.7142857142857143,0.2857142857142857,1.0012365579605105,0.901236528158188
VYERVTD,0.14759114384651184,-1.2259013652801514,0.5714285714285714,0.4285714285714285,1.1705284118652344,1.0
AEQNLNW,-1.7328509092330933,-2.165050506591797,0.7142857142857143,0.5714285714285714,0.8410239815711975,0.7410239815711975
YWSRHYT,-3.3399930000305176,1.405157446861267,0.7142857142857143,0.4285714285714285,1.082706332206726,0.9827063620090484
YHHLSPN,0.33372607827186584,-0.4956085681915283,0.2857142857142857,0.2857142857142857,1.2794132232666016,1.0
YHHFAHN,-1.2875577211380005,-0.6137366890907288,0.5714285714285714,0.2857142857142857,1.0780824422836304,0.9280824422836303
YSARSAQ,2.252809762954712,-1.4567179679870605,0.7142857142857143,0.2857142857142857,1.385976791381836,1.0
YHSRNDW,-0.6558519005775452,-0.1247694194316864,0.5714285714285714,0.2857142857142857,1.209533929824829,1.0
YFHRLET,-1.7286250591278076,0.5163503289222717,0.8571428571428571,0.2857142857142857,1.1623930931091309,1.0
YYHKNTI,-0.19885525107383728,-0.6123947501182556,0.4285714285714285,0.2857142857142857,1.203945279121399,1.0
VYKRIED,0.5474162697792053,-0.7343136072158813,0.5714285714285714,0.4285714285714285,1.2755203247070312,1.0
IKHRSVN,-3.2132411003112793,0.4716603457927704,0.5714285714285714,0.2857142857142857,0.9856302738189696,0.8356303036212921
YVTRSEW,-1.3807802200317383,1.2592806816101074,0.5714285714285714,0.4285714285714285,1.2914613485336304,1.0
YPHSVHT,0.3744729161262512,-2.992126226425171,0.7142857142857143,0.4285714285714285,0.9853615760803224,0.8853615462779999
YHTRVMW,-3.2834463119506836,-0.13783371448516846,0.5714285714285714,0.4285714285714285,0.904586672782898,0.7545867025852203
ILSRSND,1.4841198921203613,-2.9288101196289062,0.5714285714285714,0.4285714285714285,1.1210591793060305,0.971059149503708
YISRVYE,-1.1678797006607056,-0.475605309009552,0.7142857142857143,0.0,1.1084306240081787,1.0
YHHKQAN,0.49264949560165405,-0.12290739268064499,0.5714285714285714,0.0,1.3423635959625244,1.0
YYKRSDD,-0.2697092890739441,-0.3171125054359436,0.5714285714285714,0.0,1.2311006784439087,1.0
YHHRSNA,0.37932655215263367,1.0933818817138672,0.4285714285714285,0.0,1.4748315811157229,1.0
YHSRMFE,0.20383287966251373,-0.582711398601532,0.7142857142857143,0.0,1.253992199897766,1.0
YSHKVNN,2.174858808517456,-0.7967798113822937,0.5714285714285714,0.0,1.4559507369995115,1.0
FHHRSAE,1.021007776260376,-0.9628694653511047,0.7142857142857143,0.0,1.3028504848480225,1.0
HYSRAAN,-0.09326701611280441,0.31380191445350647,0.7142857142857143,0.0,1.3269739151000977,1.0
YRSRKHG,-2.8334240913391113,1.4001230001449585,0.7142857142857143,0.0,1.1405926942825315,1.0
YKHGNSQ,1.338173270225525,-1.558092713356018,0.5714285714285714,0.0,1.2682406902313232,1.0
YWHRVNP,-2.000894069671631,2.4037117958068848,0.7142857142857143,0.0,1.3568158149719238,1.0
YKHLGPN,1.55038583278656,-0.13767631351947784,0.4285714285714285,0.0,1.4627230167388916,1.0
YHKESYL,0.1649695783853531,-0.590633749961853,0.5714285714285714,0.0,1.2485568523406982,1.0
YFHKAWN,-1.4431730508804321,0.8882099390029907,0.5714285714285714,0.0,1.239851713180542,1.0
YDHKTLP,1.4736535549163818,-2.578812837600708,0.7142857142857143,0.0,1.1617345809936523,1.0
YYHKDNN,0.05397184565663338,-0.25634172558784485,0.5714285714285714,0.0,1.2757453918457031,1.0
MAYRDVS,0.503399670124054,-1.8639737367630005,0.7142857142857143,0.0,1.1352527141571045,1.0
YTSRSMM,0.4801340103149414,-0.09081800282001495,0.5714285714285714,0.0,1.3447585105895996,1.0
YLHRPGH,-0.679399847984314,-0.3676498532295227,0.7142857142857143,0.0,1.1777496337890625,1.0
YMSKNAN,2.095940589904785,-3.0277099609375,0.5714285714285714,0.0,1.1798651218414309,1.0
YVQRDGN,1.4410338401794434,-2.3112332820892334,0.5714285714285714,0.0,1.1899893283843994,1.0
YYQKNHE,0.7973652482032776,-1.2886476516723633,0.7142857142857143,0.0,1.238042950630188,1.0
YTHRSQD,1.0649290084838867,-1.1742771863937378,0.5714285714285714,0.0,1.2826225757598877,1.0
YHHRGSG,0.7501958608627319,0.21658189594745636,0.5714285714285714,0.0,1.4127264022827148,1.0
YHYRQND,-0.21668417751789093,-0.5589926838874817,0.5714285714285714,0.0,1.2082773447036743,1.0
YYHKMNG,0.6855542063713074,0.057406723499298096,0.4285714285714285,0.0,1.3862144947052002,1.0
YVVKSNN,1.966429591178894,-0.24672716856002808,0.4285714285714285,0.0,1.4977097511291504,1.0
YMHRSNP,0.1879536658525467,0.30592215061187744,0.5714285714285714,0.0,1.3585007190704346,1.0
YSHRGND,2.0381076335906982,-0.5432944297790527,0.5714285714285714,0.0,1.4704957008361816,1.0
HHGRANF,-0.6833805441856384,-0.16812899708747864,0.7142857142857143,0.0,1.2011666297912598,1.0
YHHKNYN,-0.05736454203724861,0.1583259105682373,0.5714285714285714,0.0,1.3125134706497192,1.0
YYHRDNE,-0.7809069752693176,0.2676658630371094,0.7142857142857143,0.0,1.2420573234558103,1.0
AHHRANS,0.5206286311149597,-0.5559853911399841,0.5714285714285714,0.0,1.2937679290771484,1.0
FHHRHNN,-0.6470497250556946,0.06617496907711029,0.5714285714285714,0.0,1.2334003448486328,1.0
EYSRKQE,0.054314691573381424,-0.9265724420547485,0.5714285714285714,0.0,1.1955790519714355,1.0
YYVKSNN,0.9613909125328064,0.9277310371398926,0.4285714285714285,0.0,1.5222138166427612,1.0
IHKRSKD,-1.3461016416549683,1.1969846487045288,0.7142857142857143,0.0,1.2880104780197144,1.0
YHKNDHN,1.1180521249771118,-1.8020862340927124,0.5714285714285714,0.0,1.2136268615722656,1.0
NYHRSGM,0.03001442365348339,0.7684586048126221,0.5714285714285714,0.0,1.3956164121627808,1.0
YYHRGNF,-1.6086708307266235,0.8875570893287659,0.7142857142857143,0.0,1.2206652164459229,1.0
VYSRFPN,-1.9838740825653076,2.627894163131714,0.5714285714285714,0.0,1.3856086730957031,1.0
LPHKHNN,0.7092324495315552,-1.3130749464035034,0.7142857142857143,0.0,1.2249438762664795,1.0
YHHMANH,0.13979579508304596,-0.8265200853347778,0.5714285714285714,0.0,1.2174220085144043,1.0
VHKISNN,2.261230230331421,-1.6209715604782104,0.4285714285714285,0.0,1.3672927618026731,1.0
GMHRSPY,0.4510968327522278,-0.2568720877170563,0.7142857142857143,0.0,1.3215343952178955,1.0
YHHRRSD,-1.6557443141937256,0.7697545289993286,0.5714285714285714,0.0,1.2011325359344482,1.0
AYHRNAN,0.21339139342308044,0.47937825322151184,0.5714285714285714,0.0,1.382195234298706,1.0
LYKRSTE,0.9129363298416138,-0.6840280294418335,0.5714285714285714,0.0,1.3237411975860596,1.0
YYHRHGN,-1.9443162679672241,0.7371870875358582,0.7142857142857143,0.0,1.1639165878295898,1.0
YPRMSNG,2.3954882621765137,-2.38360595703125,0.4285714285714285,0.0,1.2915304899215698,1.0
TYHHATY,-1.2526391744613647,0.7235721349716187,0.4285714285714285,0.0,1.2421488761901855,1.0
QYSRSSP,1.8145134449005127,1.818493366241455,0.4285714285714285,0.0,1.7273128032684326,1.0
EHKRKNP,-1.7930437326431274,0.31273555755615234,0.7142857142857143,0.0,1.1305888891220093,1.0
YWHHTKN,-1.2405482530593872,0.5737096667289734,0.7142857142857143,0.0,1.2256109714508057,1.0
YHSKTVT,1.8041568994522095,-1.284924864768982,0.5714285714285714,0.0,1.3547332286834717,1.0
YSHRIIH,-0.9872645139694214,-0.25663769245147705,0.7142857142857143,0.0,1.1554882526397705,1.0
YYIKQPH,-0.514846682548523,-0.2983185648918152,0.7142857142857143,0.0,1.2050459384918213,1.0
IFHRGLE,-0.3157965838909149,-0.3722967505455017,0.7142857142857143,0.0,1.2191755771636963,1.0
YYHRPNQ,-0.9708237648010254,0.5376481413841248,0.7142857142857143,0.0,1.2524380683898926,1.0
GHHRSIN,-0.1374104768037796,0.015233354642987251,0.5714285714285714,0.0,1.2861475944519043,1.0
IYQRKEW,-0.7625145316123962,0.027860382571816444,0.7142857142857143,0.0,1.2154836654663086,1.0
HGRASAN,0.7066795825958252,-1.623524785041809,0.5714285714285714,0.0,1.187497854232788,1.0
YVHRWPP,-2.282994508743286,1.8535747528076172,0.7142857142857143,0.0,1.258409857749939,1.0
YSARSED,1.4339817762374878,-1.7340742349624634,0.5714285714285714,0.0,1.2582433223724363,1.0
YGHKTMT,1.649303674697876,-0.9105823636054993,0.5714285714285714,0.0,1.3816511631011963,1.0
YAFKRTE,1.3695793151855469,-1.2332419157028198,0.5714285714285714,0.0,1.3107414245605469,1.0
QYHRAED,1.1108325719833374,-0.7077698707580566,0.7142857142857143,0.0,1.3437492847442627,1.0
YHHRSVN,0.14893944561481476,0.8620687127113342,0.4285714285714285,0.0,1.4205498695373535,1.0
YHERSIE,1.2923312187194824,-1.9370249509811401,0.5714285714285714,0.0,1.2176011800765991,1.0
VYYRSHE,-0.3299960196018219,1.6262779235839844,0.4285714285714285,0.0,1.4567039012908936,1.0
YGHRSEP,1.036440372467041,0.14046378433704376,0.5714285714285714,0.0,1.4366674423217771,1.0
YYHKSNW,-1.265158772468567,1.1910135746002197,0.4285714285714285,0.0,1.2966417074203491,1.0
YHHKSSF,-0.09489810466766357,0.5404143929481506,0.5714285714285714,0.0,1.3539040088653564,1.0
YSTRMVN,1.4725977182388306,-2.0028269290924072,0.5714285714285714,0.0,1.2305405139923096,1.0
YQSRSGE,1.622597098350525,-2.5747551918029785,0.7142857142857143,0.0,1.1794172525405884,1.0
VYRMGSN,1.061421275138855,-0.3107742369174957,0.5714285714285714,0.0,1.3855524063110352,1.0
HNYRGME,0.9188940525054932,-1.4502272605895996,0.7142857142857143,0.0,1.2327386140823364,1.0
YLHRTNT,0.3116801381111145,0.5150387287139893,0.7142857142857143,0.0,1.3978111743927002,1.0
NLHRSNN,1.5973751544952393,-0.5063968896865845,0.5714285714285714,0.0,1.4240241050720217,1.0
DYSRSTN,0.786862313747406,-0.30579572916030884,0.5714285714285714,0.0,1.354447364807129,1.0
QYIRNAN,0.975783109664917,-1.4310251474380493,0.5714285714285714,0.0,1.241604924201965,1.0
MKYKIEN,0.24730819463729858,-1.6799207925796509,0.8571428571428571,0.0,1.1277096271514893,1.0
MHARSFD,0.8507554531097412,-0.9928346872329712,0.7142857142857143,0.0,1.2796070575714111,1.0
YHHRLGE,1.3607558012008667,0.6345211863517761,0.7142857142857143,0.0,1.5332365036010742,1.0
WKHSPNN,0.43371641635894775,-1.329357385635376,0.7142857142857143,0.0,1.1911840438842771,1.0
YHHKSTE,1.6949121952056885,-0.17604248225688934,0.4285714285714285,0.0,1.4748189449310305,1.0
YWHRPAP,-2.288184881210327,1.312571406364441,0.7142857142857143,0.0,1.1930691003799438,1.0
AFSRPDT,0.4830489754676819,-1.9683343172073364,0.7142857142857143,0.0,1.120414137840271,1.0
YYHRYNN,-0.99025958776474,0.5018534660339355,0.5714285714285714,0.0,1.245910406112671,1.0
VYHRHNN,-0.30981335043907166,0.47588595747947693,0.5714285714285714,0.0,1.3213677406311035,1.0
YVHSTNN,0.6348530054092407,-1.110283613204956,0.5714285714285714,0.0,1.2406238317489624,1.0
VMHRLEW,-1.378976583480835,0.6087861061096191,0.7142857142857143,0.0,1.2138254642486572,1.0
VFKRSEE,0.945943295955658,-1.187039852142334,0.5714285714285714,0.0,1.2673571109771729,1.0
YVHRKAN,-2.747664213180542,1.0965131521224976,0.7142857142857143,0.0,1.114161729812622,1.0
NWHIQNG,-0.4731290936470032,-0.8916501402854919,0.7142857142857143,0.0,1.1388591527938845,1.0
DISKVYN,1.036423683166504,-2.385496139526367,0.7142857142857143,0.0,1.1343858242034912,1.0
YKYNPPN,0.6647000908851624,-0.734686017036438,0.4285714285714285,0.0,1.2890174388885498,1.0
YLHKSQP,1.7578761577606201,-0.9592939615249634,0.5714285714285714,0.0,1.388357639312744,1.0
YAHRSSD,1.72563898563385,-0.4002540409564972,0.5714285714285714,0.0,1.45153546333313,1.0
YYSKATV,1.4125734567642212,-1.2040235996246338,0.4285714285714285,0.0,1.319202184677124,1.0
FYFRNEN,-2.5633885860443115,1.136886715888977,0.7142857142857143,0.0,1.1402698755264282,1.0
YSTRFTE,0.9425689578056335,-2.291471481323242,0.7142857142857143,0.0,1.1348010301589966,1.0
MHHRDHN,-0.03565426170825958,-1.1405123472213745,0.5714285714285714,0.0,1.159589171409607,1.0
THHRTQD,1.1950793266296387,-1.3306231498718262,0.7142857142857143,0.0,1.278940200805664,1.0
QNHRSTG,1.6583608388900757,-2.142469644546509,0.5714285714285714,0.0,1.2352778911590576,1.0
PHHRDNM,0.4184822738170624,-1.9665565490722656,0.7142857142857143,0.0,1.1131720542907717,1.0
IYARSHT,-0.3098018765449524,1.0911256074905396,0.5714285714285714,0.0,1.3949942588806152,1.0
YLHKSTS,1.1830722093582153,-0.7965959310531616,0.4285714285714285,0.0,1.341460347175598,1.0
SFWRNET,-2.763899326324463,1.6370632648468018,0.7142857142857143,0.0,1.176974534988403,1.0
DKHNNKS,0.20401737093925476,-1.8389266729354858,0.7142857142857143,0.0,1.1036829948425293,1.0
THFHGKN,0.5957561135292053,-1.2485582828521729,0.5714285714285714,0.0,1.2195624113082886,1.0
EHVRQKN,1.0801541805267334,-1.3325624465942383,0.4285714285714285,0.0,1.265438675880432,1.0
MPRWYQG,-2.678196430206299,1.5123084783554077,0.7142857142857143,0.0,1.171940565109253,1.0
QHHKFND,1.131516456604004,-1.7557259798049927,0.7142857142857143,0.0,1.2207293510437012,1.0
YHHRKAN,-2.589369058609009,1.3158648014068604,0.5714285714285714,0.0,1.1586883068084717,1.0
MKHRKSE,-2.1539790630340576,0.5097272992134094,0.7142857142857143,0.0,1.112488865852356,1.0
IYTYAKA,-0.5122303366661072,-0.9852120280265808,0.7142857142857143,0.0,1.1231480836868286,1.0
HQKKQEW,0.7371010184288025,-1.281406044960022,0.7142857142857143,0.0,1.2319514751434326,1.0
YHQRSNL,0.07104755192995071,0.07258843630552292,0.4285714285714285,0.0,1.3170799016952517,1.0
VHQRSTF,0.4711640775203705,-0.6707220077514648,0.5714285714285714,0.0,1.274326205253601,1.0
MADRRGA,1.9326010942459106,-2.5608811378479004,0.7142857142857143,0.0,1.2168707847595217,1.0
YYHRAVN,-1.2347815036773682,0.7308207750320435,0.5714285714285714,0.0,1.2450780868530271,1.0
RHHHGNN,-0.15895505249500275,0.5898117423057556,0.5714285714285714,0.0,1.352419376373291,1.0
HHKRPDY,-0.8500908613204956,0.6954338550567627,0.7142857142857143,0.0,1.2852599620819092,1.0
YHHRPEW,0.3970745801925659,0.24526706337928772,0.7142857142857143,0.0,1.37538743019104,1.0
YQNRSRD,1.4332059621810913,-1.532417893409729,0.7142857142857143,0.0,1.2822858095169067,1.0
AYSRSTQ,-0.2471923530101776,1.0511837005615234,0.5714285714285714,0.0,1.397443413734436,1.0
YYHRAVD,-0.6111077070236206,0.8381252884864807,0.7142857142857143,0.0,1.329928994178772,1.0
VHHRSND,1.1757926940917969,-0.096942238509655,0.5714285714285714,0.0,1.424346923828125,1.0
YTHKMGT,2.0049967765808105,-1.0712095499038696,0.7142857142857143,0.0,1.403497576713562,1.0
YYAHKHI,-0.20949620008468628,-0.129923477768898,0.7142857142857143,0.0,1.260453701019287,1.0
YMHKSEN,1.0398482084274292,-1.0074026584625244,0.5714285714285714,0.0,1.299696445465088,1.0
YHKRNEM,-0.2234717309474945,-0.6495558619499207,0.5714285714285714,0.0,1.1966559886932373,1.0
ELFKSVN,0.6462727785110474,-0.40524110198020935,0.5714285714285714,0.0,1.3263142108917236,1.0
YSVRSES,1.041563630104065,0.6920775175094604,0.5714285714285714,0.0,1.503270149230957,1.0
AYSPNHS,0.9562498331069946,-1.5116760730743408,0.7142857142857143,0.0,1.2296981811523438,1.0
YHSRTGN,1.5239044427871704,-0.9024340510368347,0.5714285714285714,0.0,1.3681474924087524,1.0
YYTKVTS,0.7678014039993286,-1.1403895616531372,0.5714285714285714,0.0,1.2523714303970337,1.0
LYTRMNN,0.020661698654294014,-0.5571017861366272,0.5714285714285714,0.0,1.235907793045044,1.0
INHRLLS,0.08548486232757568,-1.680712103843689,0.7142857142857143,0.0,1.1089307069778442,1.0
