seq,fitness_pred,htfr1_pred,ref_dist,div_prev,reward_signal,final_score
MYNLSAN,0.2957196831703186,-2.402622699737549,0.5714285714285714,0.2857142857142857,1.0174258947372437,0.8674258649349212
YHRGSRF,-3.6908318996429443,0.9231204390525818,0.4285714285714285,0.1428571428571428,0.9065721035003662,0.7065721035003663
THRKNTC,-4.381008625030518,0.2837805151939392,0.5714285714285714,0.4285714285714285,0.7528690695762634,0.6028690844774246
YHYRHEN,-0.3797903060913086,-0.6089306473731995,0.5714285714285714,0.0,1.1348183155059814,0.9848183155059814
GHHGNDP,-0.072608582675457,-4.364732265472412,0.7142857142857143,0.4285714285714285,0.7559661865234375,0.6559661865234375
NFHRTNF,-1.066428542137146,-0.14222893118858337,0.7142857142857143,0.4285714285714285,1.1039776802062988,1.0
FYHGMNN,-1.724523663520813,-1.327337622642517,0.5714285714285714,0.2857142857142857,0.893713653087616,0.743713653087616
ANNSKAN,1.7089511156082153,-4.3214335441589355,0.7142857142857143,0.5714285714285714,0.9748246669769288,0.8748246669769287
IHFRSNK,-3.0504977703094482,1.0346118211746216,0.5714285714285714,0.2857142857142857,0.9958541393280028,0.8458541393280029
AHHKEYW,-1.356601595878601,0.05766171216964722,0.7142857142857143,0.4285714285714285,1.0912392139434814,0.9912391841411592
YSTFNNA,-0.2965986430644989,-2.8459513187408447,0.5714285714285714,0.2857142857142857,0.897179365158081,0.7471793353557586
QLHRSNV,1.4191508293151855,-0.020622732117772102,0.5714285714285714,0.1428571428571428,1.4160971641540527,1.0
YHHESEN,-0.23291312158107758,-1.6306393146514893,0.4285714285714285,0.1428571428571428,1.0393648147583008,0.8393648147583008
PHHKRHM,-2.7618119716644287,-0.3753313422203064,0.7142857142857143,0.4285714285714285,0.8744628429412842,0.7744628131389618
SHSICAP,-3.5747740268707275,-0.3084655702114105,0.5714285714285714,0.5714285714285714,0.7841823101043701,0.6341823399066925
HYWTGEN,-3.0257465839385986,0.08598248660564423,0.5714285714285714,0.4285714285714285,0.8938162326812744,0.743816202878952
YHRKSLN,-2.63796067237854,1.458008050918579,0.2857142857142857,0.2857142857142857,1.092292308807373,0.8422923386096954
YSILSNN,-0.5904009938240051,-2.0133297443389893,0.2857142857142857,0.2857142857142857,0.95404714345932,0.7040471434593201
YTIRTKN,-2.6474244594573975,-0.816679835319519,0.5714285714285714,0.4285714285714285,0.8393504619598389,0.6893504917621612
NIVNSFW,-3.8661367893218994,-0.7439472079277039,0.7142857142857143,0.5714285714285714,0.7009660601615906,0.6009660750627518
YRQNCVI,-3.5046892166137695,-1.3972959518432617,0.7142857142857143,0.2857142857142857,0.6720714569091797,0.5720714569091797
YGHSNNN,1.1023191213607788,-1.2318716049194336,0.5714285714285714,0.1428571428571428,1.24394428730011,1.0
YHCWNNN,-4.099425792694092,0.22032462060451508,0.4285714285714285,0.2857142857142857,0.779678463935852,0.5796784788370133
DVRPGNN,1.0222172737121582,-3.894559621810913,0.5714285714285714,0.2857142857142857,0.9395636916160583,0.7895637065172195
PYFRWNP,-4.637505054473877,1.629699945449829,0.5714285714285714,0.2857142857142857,0.8710408210754395,0.7210407987236976
YHRRSHD,-1.3291832208633423,1.0470855236053467,0.4285714285714285,0.2857142857142857,1.2040616273880005,1.0
RPRKNQI,-3.1871213912963867,-0.3251655101776123,0.7142857142857143,0.2857142857142857,0.8289124965667725,0.7289124965667725
HMYNGNW,-2.483900308609009,0.42508256435394287,0.7142857142857143,0.4285714285714285,0.9964603185653688,0.8964603185653687
VFSRVYA,-2.47967791557312,2.0945301055908203,0.7142857142857143,0.4285714285714285,1.181773066520691,1.0
LQHPSTE,-0.293140709400177,-5.1688127517700195,0.5714285714285714,0.2857142857142857,0.640457272529602,0.472887147963047
LHQSAIN,0.4111456274986267,-3.774993896484375,0.5714285714285714,0.2857142857142857,0.8793753981590271,0.7293754130601883
YMHRSNN,0.4822784960269928,0.9429680109024048,0.4285714285714285,0.1428571428571428,1.4101941585540771,1.0
PVSRYDE,-0.09084367007017136,-3.1821000576019287,0.5714285714285714,0.4285714285714285,0.8846908211708069,0.7346908211708069
HFHNSVN,-0.07174437493085861,-1.848406434059143,0.7142857142857143,0.1428571428571428,1.0346237421035769,0.9346237421035768
VYERWNN,-1.6341092586517334,-0.5776427388191223,0.5714285714285714,0.2857142857142857,0.987567663192749,0.837567663192749
FPSQSHM,0.37593406438827515,-3.8418498039245605,0.5714285714285714,0.4285714285714285,0.867743730545044,0.7177437156438827
VHRVSFM,-1.9327304363250732,-0.007932116277515888,0.5714285714285714,0.4285714285714285,1.0147526264190674,0.8647526562213897
VVHYMEN,-1.620863437652588,-2.3790669441223145,0.7142857142857143,0.4285714285714285,0.7897441387176514,0.689744108915329
KHHVPGR,-2.865163803100586,0.020487548783421516,0.7142857142857143,0.2857142857142857,0.9058610796928406,0.8058610796928406
MGHEGNL,0.18759562075138092,-4.435327053070068,0.7142857142857143,0.2857142857142857,0.779416561126709,0.6794165760278702
DCRLWGK,-4.00169038772583,-0.3708052635192871,0.7142857142857143,0.4285714285714285,0.7259848117828369,0.6259847968816757
YNHSCGN,-3.09767746925354,-1.0412503480911255,0.5714285714285714,0.2857142857142857,0.7603902220726013,0.6103902220726013
YTRQESL,0.07671152800321579,-2.75901198387146,0.7142857142857143,0.4285714285714285,0.9516588449478148,0.8516588747501374
ACNRLDQ,-4.202728271484375,-0.20391994714736938,0.7142857142857143,0.4285714285714285,0.7203028202056885,0.6203028276562691
EYHIGFQ,-2.7389438152313232,-0.9010195732116699,0.7142857142857143,0.2857142857142857,0.8190175890922546,0.7190175890922547
CSAYIWP,-4.396968364715576,3.415907382965088,0.5714285714285714,0.1428571428571428,1.097673416137695,0.9476733639836312
LDYPSDG,-0.06031413748860359,-2.872032642364502,0.7142857142857143,0.5714285714285714,0.9226831793785096,0.8226831793785095
YHHGMNN,1.0382888317108154,-1.2181036472320557,0.4285714285714285,0.1428571428571428,1.2377747297286987,1.0
YGHSNFN,-0.6660762429237366,-1.4765664339065552,0.5714285714285714,0.2857142857142857,1.00437331199646,0.8543732821941376
NHHEYHN,-1.1781219244003296,-1.876097321510315,0.7142857142857143,0.4285714285714285,0.8986202478408813,0.7986202776432038
CGCRMSN,-2.844351053237915,-1.0898425579071045,0.5714285714285714,0.4285714285714285,0.7854498028755188,0.6354498028755188
WHRDNTN,0.10092338919639587,-1.670295000076294,0.5714285714285714,0.2857142857142857,1.075087547302246,0.925087547302246
PPHKWEY,-1.6474857330322266,-0.6469518542289734,0.7142857142857143,0.5714285714285714,0.9782880544662476,0.8782880246639252
TMHLWAN,-2.983370304107666,-1.2869993448257446,0.7142857142857143,0.4285714285714285,0.7469208240509033,0.6469208240509033
YHHRAHM,-1.0617738962173462,0.34006577730178833,0.7142857142857143,0.1428571428571428,1.157926321029663,1.0
FCRKYNN,-4.342513084411621,0.4457511305809021,0.5714285714285714,0.4285714285714285,0.7754244804382324,0.6254244729876518
DFDRAAY,-1.1900933980941772,-2.51825213432312,0.7142857142857143,0.5714285714285714,0.8260961771011353,0.7260961771011353
PDSRGNP,0.5102709531784058,-4.195804119110107,0.7142857142857143,0.4285714285714285,0.8447028994560242,0.744702884554863
DTPRSST,0.4466104805469513,-3.4182498455047607,0.7142857142857143,0.4285714285714285,0.9231277704238892,0.8231278002262116
FFHLGEK,-1.719724416732788,-1.2274339199066162,0.7142857142857143,0.5714285714285714,0.9053494930267334,0.8053494930267334
EIARMTS,0.8187532424926758,-4.340298652648926,0.7142857142857143,0.4285714285714285,0.8657735586166382,0.7657735884189606
RFNRPFN,-3.845623254776001,-0.3015452027320862,0.7142857142857143,0.2857142857142857,0.7524042129516602,0.6524042278528214
YSLNGKT,1.9107073545455933,-3.2999634742736816,0.5714285714285714,0.4285714285714285,1.1121422052383425,0.9621422350406648
YVFLRFN,-4.041978359222412,0.473544180393219,0.5714285714285714,0.2857142857142857,0.8146122097969055,0.6646121948957443
GARRSNW,-2.7868850231170654,-0.9491053819656372,0.5714285714285714,0.4285714285714285,0.8079341650009155,0.6579341650009155
TQHRSNH,-0.3331976532936096,-0.9102634787559509,0.5714285714285714,0.4285714285714285,1.1070595979690552,0.9570595979690552
PRYGQEN,0.16877375543117523,-3.7064640522003174,0.7142857142857143,0.4285714285714285,0.8578391075134277,0.7578391075134278
YYHRGNV,-0.7753005623817444,0.9439080953598022,0.5714285714285714,0.1428571428571428,1.2591924667358398,1.0
YGTRANN,2.3694045543670654,-1.8189712762832642,0.5714285714285714,0.2857142857142857,1.3312013149261477,1.0
IYVRGGM,-0.4466463625431061,-0.9324520826339722,0.7142857142857143,0.2857142857142857,1.0909717082977295,0.9909717679023744
AHDCEGC,-4.53564453125,-1.078316330909729,0.7142857142857143,0.4285714285714285,0.5835064053535461,0.4835063904523849
GHTKDHP,1.0816315412521362,-3.1690971851348877,0.7142857142857143,0.5714285714285714,1.027010440826416,0.9270104110240937
KKRRGNI,-3.6771039962768555,1.1171897649765015,0.7142857142857143,0.2857142857142857,0.9297047853469848,0.8297047853469849
YHHEINC,-3.3806416988372803,-0.6112079620361328,0.5714285714285714,0.2857142857142857,0.7739953398704529,0.623995354771614
YHDYSNR,-0.12969602644443512,-1.5103425979614258,0.4285714285714285,0.2857142857142857,1.0650837421417236,0.8650836825370789
TYFHNNN,-1.7123106718063354,-0.8514105081558228,0.7142857142857143,0.4285714285714285,0.9478656053543092,0.8478655755519867
YPIAITE,-1.121432900428772,-3.189624309539795,0.7142857142857143,0.5714285714285714,0.760026216506958,0.6600262463092804
LYSHNYN,-2.369290351867676,-0.19151119887828827,0.7142857142857143,0.2857142857142857,0.9419753551483154,0.8419753253459931
YYRAHNQ,-0.9517390131950378,-0.33463728427886963,0.5714285714285714,0.2857142857142857,1.096459150314331,0.9464590907096864
YHARMSN,0.5770056843757629,-0.5892582535743713,0.5714285714285714,0.0,1.2519609928131104,1.0
YSHGSKI,1.6715106964111328,-1.834625244140625,0.5714285714285714,0.2857142857142857,1.2456121444702148,1.0
YTDHYKN,0.8678696155548096,-1.8825472593307495,0.7142857142857143,0.4285714285714285,1.143744707107544,1.0
YHMDNAS,0.25011301040649414,-2.5141968727111816,0.7142857142857143,0.4285714285714285,0.9995948076248168,0.8995948374271393
IYTKSRF,-3.3472750186920166,1.169895052909851,0.4285714285714285,0.4285714285714285,0.9751701354980468,0.7751701653003693
VYRNGEI,0.48995310068130493,-1.3182158470153809,0.7142857142857143,0.2857142857142857,1.1608065366744995,1.0
GAERKNN,1.600717544555664,-2.6562411785125732,0.7142857142857143,0.1428571428571428,1.1461541652679443,1.0
YSGRWYT,-3.4418110847473145,0.5278708338737488,0.7142857142857143,0.4285714285714285,0.8927398920059204,0.7927398771047592
NHHRWRD,-2.6936943531036377,0.18868933618068695,0.7142857142857143,0.4285714285714285,0.9450838565826416,0.8450838565826416
THRNWGY,-3.365262508392334,0.7740346193313599,0.7142857142857143,0.5714285714285714,0.9291876554489136,0.8291876405477524
YHRWNKN,-2.2410151958465576,0.6813889741897583,0.4285714285714285,0.2857142857142857,1.054017186164856,0.8540171563625336
CHRLVHW,-4.523270606994629,0.37410661578178406,0.5714285714285714,0.5714285714285714,0.7457743287086487,0.5957743436098099
CHMNSAA,-2.9284965991973877,-1.3586339950561523,0.7142857142857143,0.4285714285714285,0.7455843687057495,0.6455843985080719
ILSRFPY,-3.332381248474121,-0.685043454170227,0.5714285714285714,0.5714285714285714,0.7716206908226013,0.6216206759214401
PKRSLTN,-2.2227251529693604,-0.7341194748878479,0.4285714285714285,0.4285714285714285,0.8995200395584106,0.6995200693607331
YYNHLGC,-3.4280009269714355,-0.5093749165534973,0.7142857142857143,0.4285714285714285,0.7795776128768921,0.6795776277780533
YHRKMLN,-2.7769932746887207,0.5963767170906067,0.4285714285714285,0.2857142857142857,0.9802054166793824,0.78020538687706
TDRVASN,0.4512832462787628,-4.177822589874268,0.5714285714285714,0.0,0.8396056890487671,0.6896057039499283
NNGESLN,-1.5953482389450073,-4.677911281585693,0.7142857142857143,0.4285714285714285,0.5383310914039612,0.4370635788887739
VGRKKTL,-2.82108211517334,0.5187926888465881,0.7142857142857143,0.5714285714285714,0.9663193225860596,0.866319352388382
HHHRSIN,-0.8422743082046509,0.8993282914161682,0.5714285714285714,0.1428571428571428,1.2462100982666016,1.0
YQRNLPP,1.1892732381820679,-2.2441468238830566,0.4285714285714285,0.4285714285714285,1.1423349380493164,0.9423348784446716
FYHCGNC,-4.044339656829834,0.4001820683479309,0.7142857142857143,0.4285714285714285,0.8062074184417725,0.7062074482440949
LSTRLNI,0.6882345676422119,-2.634796619415283,0.7142857142857143,0.4285714285714285,1.038887619972229,0.938887619972229
YNRRSED,0.7905263900756836,-2.3586981296539307,0.5714285714285714,0.1428571428571428,1.081742286682129,0.9317423462867735
IRRNSVN,-3.1977784633636475,-0.8541167974472046,0.5714285714285714,0.2857142857142857,0.7690778374671936,0.6190778225660324
PEKRTEA,1.3503893613815308,-3.648505210876465,0.7142857142857143,0.5714285714285714,1.0062334537506104,0.9062335133552551
YSDKIDN,0.49804002046585083,-2.744011878967285,0.5714285714285714,0.2857142857142857,1.0039446353912354,0.8539446055889129
QHRSHCS,-3.6051979064941406,-0.06206131353974342,0.5714285714285714,0.2857142857142857,0.8078032732009888,0.6578033030033111
YYHNMRF,-2.182051181793213,-1.0610573291778564,0.5714285714285714,0.2857142857142857,0.868215799331665,0.7182157695293426
YVHRNTV,0.549169659614563,0.056540243327617645,0.4285714285714285,0.1428571428571428,1.3201053142547607,1.0
YNQRNLN,1.429948091506958,-2.7165706157684326,0.5714285714285714,0.2857142857142857,1.1189568042755127,0.9689568042755128
VTEIAVN,-0.814656674861908,-4.465960502624512,0.7142857142857143,0.5714285714285714,0.6555986404418945,0.5555986702442169
WIVWALN,-3.9592509269714355,0.1527121365070343,0.7142857142857143,0.2857142857142857,0.7890368103981018,0.6890367954969406
GLAWVIE,-3.225235939025879,-0.8882492780685425,0.7142857142857143,0.4285714285714285,0.7620002031326294,0.6620002329349518
YFVRMSM,-3.903956890106201,-0.311560720205307,0.7142857142857143,0.4285714285714285,0.7442863583564758,0.644286373257637
YYERFEY,-2.773773670196533,-0.5191493630409241,0.7142857142857143,0.2857142857142857,0.8571050763130188,0.7571050763130188
RLWRGLN,-4.413458824157715,0.9968021512031555,0.5714285714285714,0.2857142857142857,0.8279004693031311,0.6779004842042923
YYKWAEI,-2.1465988159179688,-0.0482378713786602,0.7142857142857143,0.4285714285714285,0.9845932722091676,0.8845932424068451
GDQAAKL,-0.2542998492717743,-4.283726215362549,0.7142857142857143,0.5714285714285714,0.7431020736694336,0.643102103471756
CDPVSNT,-3.604229211807251,-1.3301317691802979,0.7142857142857143,0.5714285714285714,0.6675461530685425,0.5675461381673813
PSHSYND,-0.727973222732544,-3.4133358001708984,0.5714285714285714,0.4285714285714285,0.7825383543968201,0.63253835439682
IHRFANE,1.7093006372451782,-0.12181387096643448,0.5714285714285714,0.2857142857142857,1.4397586584091189,1.0
YSSVGIH,-0.4274255633354187,-2.2614452838897705,0.5714285714285714,0.4285714285714285,0.9461636543273926,0.7961636245250702
FSHRWKN,-3.17264723777771,-0.3641803562641144,0.7142857142857143,0.4285714285714285,0.8263327479362488,0.72633276283741
YNRSMIR,-3.795292377471924,-0.9650951027870178,0.5714285714285714,0.4285714285714285,0.6849976778030396,0.5349977076053619
KHHRPYN,-3.045083522796631,0.966701328754425,0.5714285714285714,0.4285714285714285,0.9889870882034302,0.8389871180057525
QGIKKGQ,-3.1012487411499023,-1.1583328247070312,0.5714285714285714,0.2857142857142857,0.7470002174377441,0.5970002174377441
YPTLFTN,-2.1671438217163086,-1.7747890949249268,0.5714285714285714,0.4285714285714285,0.7909978628158569,0.6409978628158569
GLVKNIN,1.6966854333877563,-2.491050958633423,0.7142857142857143,0.2857142857142857,1.1759716272354126,1.0
YQAINVN,0.00042995726107619703,-2.957900285720825,0.5714285714285714,0.4285714285714285,0.920476496219635,0.770476496219635
ATSDSNS,-0.8233833312988281,-4.871404647827148,0.7142857142857143,0.4285714285714285,0.6096680164337158,0.5019746635109186
IAKFSRC,-4.562664985656738,-0.5933509469032288,0.5714285714285714,0.2857142857142857,0.6339447498321533,0.4839447274804115
YGHRQEP,1.4203816652297974,-0.7882545590400696,0.7142857142857143,0.4285714285714285,1.3312692642211914,1.0
ESDAYTI,-1.734682559967041,-3.2992515563964844,0.5714285714285714,0.2857142857142857,0.67420494556427,0.5242049157619476
VYYGNSN,-1.653962254524231,-0.7863709330558777,0.7142857142857143,0.4285714285714285,0.9620763659477234,0.8620763659477234
VYDVEIN,-1.4335294961929321,-3.4148857593536377,0.7142857142857143,0.4285714285714285,0.6975897550582886,0.5975897699594498
TYHGEYN,-1.3879441022872925,-1.3704651594161987,0.5714285714285714,0.4285714285714285,0.9293816089630128,0.7793815791606903
YERHQAK,-0.8498784303665161,-0.5676578283309937,0.7142857142857143,0.4285714285714285,1.0829031467437744,0.9829031467437744
QYSSLLN,-1.1985585689544678,-2.2262091636657715,0.7142857142857143,0.4285714285714285,0.857407808303833,0.7574077785015106
QYHRSFW,-3.557594060897827,1.3320914506912231,0.5714285714285714,0.2857142857142857,0.9678539037704468,0.817853918671608
ALHGMEV,-0.8603535294532776,-3.3701014518737793,0.7142857142857143,0.2857142857142857,0.7714179754257202,0.6714179903268814
MYKHKTP,-1.500167727470398,-0.2734948396682739,0.5714285714285714,0.5714285714285714,1.0373302698135376,0.88733029961586
HHRFNSV,-0.9814920425415039,0.031834255903959274,0.5714285714285714,0.1428571428571428,1.1334519386291504,0.9834518790245056
HVHHMTF,-2.4309959411621094,-0.753974199295044,0.7142857142857143,0.4285714285714285,0.8722971677780151,0.7722971677780152
IWHRQNN,-1.4475665092468262,0.00973258912563324,0.7142857142857143,0.2857142857142857,1.0750036239624023,0.9750035643577576
TDRVAKN,1.0050057172775269,-3.471858024597168,0.5714285714285714,0.1428571428571428,0.9842880964279176,0.8342881262302398
YHARSNN,1.7178597450256348,0.365287721157074,0.2857142857142857,0.1428571428571428,1.49470853805542,1.0
YDDSENG,-0.28989434242248535,-3.2667391300201416,0.7142857142857143,0.4285714285714285,0.8514043092727661,0.7514042794704437
CYRKRDL,-4.096891403198242,1.0844603776931763,0.7142857142857143,0.4285714285714285,0.8756415843963623,0.7756415992975235
YPWMMDN,-3.960677146911621,0.5406688451766968,0.7142857142857143,0.4285714285714285,0.8318116664886475,0.7318116515874863
QVFDSEV,-1.2615593671798706,-3.606494188308716,0.7142857142857143,0.4285714285714285,0.6970422267913818,0.5970422565937042
KVSDSNV,0.0498657189309597,-4.184613227844238,0.7142857142857143,0.4285714285714285,0.7906211614608765,0.6906211316585541
VDILGNK,-0.18208271265029907,-4.412335395812988,0.5714285714285714,0.5714285714285714,0.7375425696372986,0.5875425547361374
YHSTWGN,-2.181389331817627,-1.0187480449676514,0.5714285714285714,0.4285714285714285,0.8729788064956665,0.7229788362979889
CHLYMHA,-3.9631588459014893,-1.197864055633545,0.7142857142857143,0.4285714285714285,0.6390603184700012,0.5390603333711624
NDNSIWC,-4.712267875671387,-1.4550663232803345,0.7142857142857143,0.5714285714285714,0.5205783247947693,0.4205783396959305
NYLRDWS,-3.899251937866211,1.4502830505371094,0.5714285714285714,0.4285714285714285,0.9398853182792664,0.7898853182792663
VYPRKGT,-3.3045387268066406,0.6409525275230408,0.5714285714285714,0.2857142857142857,0.9217520356178284,0.7717520356178283
SKSRNNT,-3.010058879852295,-0.6196693778038025,0.7142857142857143,0.2857142857142857,0.8175865411758423,0.7175865411758423
YPHIKPQ,1.042869210243225,-3.1234054565429688,0.5714285714285714,0.4285714285714285,1.027410864830017,0.8774108350276947
QSRRGAQ,-3.2547731399536133,-0.8062569499015808,0.5714285714285714,0.4285714285714285,0.7675276398658752,0.617527624964714
YHGVSIH,-0.7321591973304749,-1.8171675205230713,0.5714285714285714,0.4285714285714285,0.9587289094924928,0.8087289094924927
HMHGDSH,0.7366465926170349,-3.7986185550689697,0.7142857142857143,0.4285714285714285,0.9158711433410645,0.8158711582422257
MAWYIRS,-4.415626049041748,1.2164274454116821,0.8571428571428571,0.4285714285714285,0.8519521951675415,0.8019522175192833
QYHRAIN,-0.5685903429985046,0.8907296657562256,0.7142857142857143,0.2857142857142857,1.2781431674957275,1.0
IHESEIN,-0.6398289203643799,-4.4763593673706055,0.7142857142857143,0.4285714285714285,0.6754542589187622,0.5754542291164398
ACRRTTH,-4.360696315765381,0.6847620010375977,0.7142857142857143,0.4285714285714285,0.799697756767273,0.6996977865695954
YLERKNL,1.2544442415237427,-1.8007200956344604,0.5714285714285714,0.4285714285714285,1.1992522478103638,1.0
PHNKDPN,0.7967323660850525,-3.9200401306152344,0.7142857142857143,0.4285714285714285,0.9096496105194092,0.8096496403217316
EPSRSGI,0.22723114490509033,-3.412916898727417,0.5714285714285714,0.2857142857142857,0.8973583579063416,0.7473583579063415
FYHRPVN,-1.431727647781372,0.7178815603256226,0.5714285714285714,0.2857142857142857,1.1552977561950684,1.0
YMSKSFW,-2.5673232078552246,0.03403037041425705,0.5714285714285714,0.2857142857142857,0.943147599697113,0.793147599697113
NYQYQSN,-1.4376587867736816,-1.5395090579986572,0.7142857142857143,0.4285714285714285,0.904695212841034,0.804695212841034
VHRRNSV,-2.699852466583252,0.29433420300483704,0.5714285714285714,0.2857142857142857,0.9560386538505554,0.8060386538505554
QERSSNH,0.778810977935791,-3.4753916263580322,0.5714285714285714,0.2857142857142857,0.9567182660102844,0.8067182660102844
HTTAMSN,-0.08938422799110413,-4.493174076080322,0.5714285714285714,0.4285714285714285,0.7397321462631226,0.5897321462631225
YWSPGNV,-1.8068315982818604,0.15952354669570923,0.7142857142857143,0.4285714285714285,1.048417329788208,0.9484172999858856
YSTCNNN,-3.2085115909576416,-0.6588984131813049,0.4285714285714285,0.2857142857142857,0.7893986105918884,0.5893986105918885
THHRLSN,0.04430890828371048,0.4627632796764374,0.5714285714285714,0.2857142857142857,1.30441153049469,1.0
SYSRSVP,1.6690924167633057,1.586382269859314,0.4285714285714285,0.2857142857142857,1.6240222454071045,1.0
FHFHEGS,-2.0288074016571045,-1.3781592845916748,0.7142857142857143,0.4285714285714285,0.851526141166687,0.7515261709690094
VYSRMSN,0.4864691197872162,2.0588459968566895,0.5714285714285714,0.2857142857142857,1.5342237949371338,1.0
RHRHSTN,-3.6326754093170166,0.8065544366836548,0.4285714285714285,0.4285714285714285,0.9006562232971191,0.700656208395958
NHSRLEH,0.1104217916727066,-2.125805616378784,0.5714285714285714,0.2857142857142857,1.0258044004440308,0.8758044004440307
AVRSNQN,1.3622229099273682,-2.8478825092315674,0.5714285714285714,0.1428571428571428,1.0962830781936646,0.9462831079959868
IYSRNFG,-1.5921932458877563,1.8052990436553955,0.5714285714285714,0.4285714285714285,1.256392478942871,1.0
YWCRWNP,-4.466618537902832,1.925437331199646,0.7142857142857143,0.4285714285714285,0.9243115782737732,0.824311600625515
NSYSNAN,0.5005961060523987,-3.0331296920776367,0.5714285714285714,0.4285714285714285,0.9722467660903932,0.822246766090393
FYRSNNQ,-0.14583586156368256,-0.3362826704978943,0.5714285714285714,0.1428571428571428,1.1931111812591553,1.0
QSHAFSK,-1.0693273544311523,-1.400057077407837,0.5714285714285714,0.4285714285714285,0.9643896222114564,0.8143896222114563
YYRMMIY,-3.573838949203491,-0.7603280544281006,0.7142857142857143,0.2857142857142857,0.73427414894104,0.6342741191387177
HHHHCGG,-3.361626148223877,0.012337165884673595,0.7142857142857143,0.4285714285714285,0.8453057408332825,0.7453057557344437
YYPGSNN,-0.8049434423446655,-2.7717416286468506,0.4285714285714285,0.1428571428571428,0.844313383102417,0.6443134129047394
YFGRTSN,0.5732554793357849,-0.8774308562278748,0.5714285714285714,0.1428571428571428,1.2196099758148191,1.0
CAWRSVE,-3.041398525238037,1.0442143678665161,0.7142857142857143,0.4285714285714285,0.9980104565620422,0.8980104565620423
NYMRNNI,0.34555450081825256,-1.928564190864563,0.7142857142857143,0.1428571428571428,1.0758914947509766,0.9758914351463318
YSCNIYN,-3.4949049949645996,-0.27165237069129944,0.4285714285714285,0.4285714285714285,0.7978542447090149,0.5978542596101761
LYHLNNF,-3.263674259185791,-1.1046142578125,0.5714285714285714,0.2857142857142857,0.7334303259849548,0.583430340886116
YPCDFEI,-4.467075347900391,0.13600245118141174,0.7142857142857143,0.5714285714285714,0.7261687517166138,0.6261687815189362
KHHEENE,0.04361676424741745,-3.051823139190674,0.7142857142857143,0.4285714285714285,0.9152685403823853,0.8152685701847077
YYHANSN,-0.8370262980461121,-1.0787382125854492,0.4285714285714285,0.0,1.0278716087341309,0.8278716087341309
YERGVIN,0.45374229550361633,-2.8427412509918213,0.4285714285714285,0.2857142857142857,0.9876927733421326,0.7876927733421326
QVHPCMH,-3.557413101196289,-2.2038426399230957,0.7142857142857143,0.4285714285714285,0.5764527320861816,0.476452761888504
YVRRSSN,-2.6828434467315674,1.516054630279541,0.4285714285714285,0.1428571428571428,1.093325138092041,0.8933250784873963
CPREALM,-3.416322708129883,-0.6023349761962891,0.7142857142857143,0.4285714285714285,0.7706902623176575,0.6706902772188187
YNRLVGV,0.03636454418301582,-2.644212245941162,0.5714285714285714,0.2857142857142857,0.95951908826828,0.80951908826828
IYSSSNT,0.6084516048431396,-3.816059112548828,0.4285714285714285,0.2857142857142857,0.8985371589660645,0.6985371291637421
KERWSNT,-0.23073525726795197,-1.0659325122833252,0.5714285714285714,0.2857142857142857,1.1021387577056885,0.9521387577056885
VLRRSVN,-1.7655160427093506,0.03517967835068703,0.5714285714285714,0.2857142857142857,1.0396168231964111,0.8896168828010559
YASRCNN,-3.5196526050567627,-0.27065449953079224,0.5714285714285714,0.2857142857142857,0.794991135597229,0.644991135597229
TTHGKKI,-2.9417614936828613,-1.0867630243301392,0.5714285714285714,0.4285714285714285,0.7740862965583801,0.6240862965583801
LHENFTL,-1.6934254169464111,-3.528000831604004,0.7142857142857143,0.7142857142857143,0.6538400053977966,0.5538400053977967
YYSKSYP,0.015739593654870987,-0.15336263179779053,0.4285714285714285,0.2857142857142857,1.2327743768692017,1.0
IAHHANP,0.5847266912460327,-3.966660499572754,0.7142857142857143,0.1428571428571428,0.8790150880813599,0.7790150582790375
IHWGSLD,-2.7164549827575684,-1.2876415252685547,0.7142857142857143,0.4285714285714285,0.7789212465286255,0.6789212763309479
VYHEQSN,-0.3619815707206726,-2.186187982559204,0.5714285714285714,0.2857142857142857,0.9623579978942872,0.8123579978942871
KNRSSTD,0.13856898248195648,-3.413106918334961,0.5714285714285714,0.2857142857142857,0.8866840600967407,0.7366840600967407
MYSTANF,-1.3738313913345337,-1.5719856023788452,0.7142857142857143,0.4285714285714285,0.9087693691253662,0.8087693393230438
RCHNEPI,-3.7031502723693848,-1.5380897521972656,0.7142857142857143,0.5714285714285714,0.632639467716217,0.5326394677162171
EARSVLM,0.07871963828802109,-4.545947074890137,0.5714285714285714,0.2857142857142857,0.7540889382362366,0.6040889531373977
FWRRTAR,-4.34364652633667,1.2362067699432373,0.5714285714285714,0.4285714285714285,0.8627906441688538,0.7127906441688537
VGSCSDG,-3.4813785552978516,-0.955098032951355,0.5714285714285714,0.4285714285714285,0.723823070526123,0.573823070526123
YPSRNCA,-2.8807148933410645,-1.058858036994934,0.5714285714285714,0.2857142857142857,0.7845104932785034,0.6345104932785034
VVDFCTS,-3.68440580368042,-1.3399542570114136,0.7142857142857143,0.5714285714285714,0.6568250060081482,0.5568250209093094
WWLQMNN,-4.334266662597656,-0.06376030296087265,0.7142857142857143,0.4285714285714285,0.7200131416320801,0.6200131192803383
ESDISLN,-1.717736005783081,-4.064365386962891,0.4285714285714285,0.2857142857142857,0.5915441513061523,0.39154412150383
VSSGLQN,0.600714921951294,-4.300660133361816,0.5714285714285714,0.4285714285714285,0.8439627885818481,0.6939628183841705
AYRRSNN,-2.6886372566223145,0.0039012993220239878,0.4285714285714285,0.1428571428571428,0.9252357482910156,0.7252357184886933
YSPWDPG,-1.6958320140838623,-0.6264611482620239,0.5714285714285714,0.2857142857142857,0.9747471809387208,0.8247471809387207
IHRRFNA,-3.3926875591278076,0.7312963008880615,0.5714285714285714,0.4285714285714285,0.9211613535881042,0.7711613535881042
YHHRAWV,-2.014178514480591,0.2599624991416931,0.7142857142857143,0.1428571428571428,1.0346217155456543,0.9346217453479768
QRSRWPN,-4.154642581939697,1.4788199663162231,0.7142857142857143,0.1428571428571428,0.9123575687408448,0.8123575389385224
VAFWSNH,-2.8307111263275146,-0.5519787669181824,0.7142857142857143,0.4285714285714285,0.8466295003890991,0.7466295301914215
YHRNGHP,0.4839553236961365,-0.2612299919128418,0.4285714285714285,0.4285714285714285,1.277092695236206,1.0
YECRCNN,-3.6780834197998047,-0.6143669486045837,0.5714285714285714,0.4285714285714285,0.7379062175750732,0.5879061877727508
YSRVSNT,2.642395257949829,1.2689834833145142,0.4285714285714285,0.1428571428571428,1.705834984779358,1.0
CYNRNTN,-3.521592617034912,-0.33276841044425964,0.7142857142857143,0.2857142857142857,0.7878820896148682,0.6878821045160294
YHGELNS,-0.09895603358745575,-3.3867619037628174,0.5714285714285714,0.2857142857142857,0.8610602617263794,0.7110602766275406
YLWRSIT,-4.615167617797852,0.8688991665840149,0.7142857142857143,0.4285714285714285,0.7895052433013916,0.6895052582025528
LKIEQLT,-0.28043678402900696,-4.305121898651123,0.5714285714285714,0.5714285714285714,0.7375930547714233,0.5875930696725845
YIFWGMD,-4.52182674407959,0.5701292157173157,0.5714285714285714,0.2857142857142857,0.7676473259925842,0.6176473185420036
HRSRSNQ,-4.624322414398193,1.2655876874923706,0.7142857142857143,0.2857142857142857,0.8323180675506592,0.7323180824518204
YSRRGVN,-2.1186163425445557,0.6060571670532227,0.2857142857142857,0.2857142857142857,1.06038498878479,0.8103850483894348
FHQCWDN,-3.7511579990386963,-0.10478460043668747,0.7142857142857143,0.4285714285714285,0.7855359315872192,0.6855359017848969
RYRKMQP,-3.1047604084014893,0.2968166172504425,0.5714285714285714,0.2857142857142857,0.9076613187789916,0.7576612889766693
WCHRVEN,-3.8923192024230957,0.4420730471611023,0.7142857142857143,0.2857142857142857,0.829110860824585,0.7291108310222626
YHSRAAA,1.0760029554367065,-1.1378897428512573,0.7142857142857143,0.1428571428571428,1.2511858940124512,1.0
YYHEVCS,-3.8851606845855713,0.26008209586143494,0.7142857142857143,0.4285714285714285,0.8098248839378357,0.7098248988389969
VSHWDWN,-3.4931437969207764,1.83555269241333,0.7142857142857143,0.4285714285714285,1.0313304662704468,0.9313305109739304
LQSINNE,-0.5516203045845032,-5.401065826416016,0.7142857142857143,0.4285714285714285,0.583689272403717,0.4584060782566667
TQSRNAN,1.7576334476470947,-3.5753517150878906,0.5714285714285714,0.1428571428571428,1.0632643699645996,0.9132643550634384
PNHNNNN,0.2438839226961136,-3.9942727088928223,0.7142857142857143,0.2857142857142857,0.8350040912628174,0.7350040763616562
SGHRIHL,-1.02017080783844,-2.2226202487945557,0.7142857142857143,0.4285714285714285,0.8792394399642944,0.7792394697666168
YSHANHY,-0.5955019593238831,-0.6338778138160706,0.5714285714285714,0.2857142857142857,1.1061376333236694,0.9561376333236694
MSVPQGN,0.22100912034511566,-4.584505558013916,0.5714285714285714,0.2857142857142857,0.7669175863265991,0.6169175788760185
TKRRFNK,-4.143807411193848,0.42021557688713074,0.7142857142857143,0.4285714285714285,0.7964734435081482,0.6964734435081482
YYDRDMH,-0.7873354554176331,-1.6450893878936768,0.5714285714285714,0.2857142857142857,0.9711479544639589,0.8211479544639587
IMHQYGN,-0.7880951166152954,-3.2012252807617188,0.7142857142857143,0.4285714285714285,0.7987946271896362,0.6987946569919586
QFHKSMI,0.21909883618354797,0.19468246400356293,0.5714285714285714,0.2857142857142857,1.2957375049591064,1.0
MYFCVCV,-4.937406539916992,0.8470639586448669,0.7142857142857143,0.4285714285714285,0.7483690977096558,0.648369112610817
YPHSINR,-0.3773994743824005,-1.6569349765777588,0.7142857142857143,0.4285714285714285,1.019093036651611,0.919093006849289
DHEAHSG,0.5038653612136841,-4.831471920013428,0.5714285714285714,0.5714285714285714,0.7735656499862671,0.6171984236687422
YYHDGNN,-1.1496326923370361,0.06892330199480057,0.5714285714285714,0.1428571428571428,1.1173545122146606,0.9673545122146606
CCRLEGF,-3.8624725341796875,0.19885466992855072,0.7142857142857143,0.5714285714285714,0.8057731986045837,0.7057731986045838
QHQRFIN,-1.2553638219833374,-2.0143303871154785,0.5714285714285714,0.1428571428571428,0.874036967754364,0.724036967754364
WVARGEN,-0.9273468255996704,-1.1639419794082642,0.5714285714285714,0.2857142857142857,1.0075870752334597,0.8575870752334595
VHHQRNQ,-0.3763470947742462,-1.1188663244247437,0.7142857142857143,0.4285714285714285,1.0787829160690308,0.9787829160690308
YLRNNNE,1.316495418548584,-2.53877854347229,0.5714285714285714,0.2857142857142857,1.125006079673767,0.9750060796737672
YHFRSSN,-1.3285855054855347,0.6842951774597168,0.4285714285714285,0.1428571428571428,1.1639729738235474,0.9639729738235474
RHDPSGL,-0.1217435896396637,-4.037031650543213,0.7142857142857143,0.4285714285714285,0.7863382697105408,0.686338284611702
YSRMDHG,1.2786228656768799,0.004150361754000187,0.5714285714285714,0.4285714285714285,1.401954174041748,1.0
YPDRPNE,0.49164947867393494,-3.7859628200531006,0.5714285714285714,0.4285714285714285,0.8878342509269714,0.7378342360258102
LYHRLWH,-3.9221012592315674,0.354697585105896,0.7142857142857143,0.4285714285714285,0.8158600330352783,0.7158600479364395
VYRREGT,0.31591033935546875,-0.2378595918416977,0.5714285714285714,0.2857142857142857,1.2594881057739258,1.0
YWRREGN,-2.0730948448181152,0.7983742356300354,0.5714285714285714,0.2857142857142857,1.087143898010254,0.9371439576148988
PMRSPLN,1.3876526355743408,-3.2202019691467285,0.5714285714285714,0.4285714285714285,1.0581234693527222,0.908123469352722
YSRRGRD,-1.7726842164993286,0.9050137996673584,0.4285714285714285,0.1428571428571428,1.135045051574707,0.9350450515747072
YSRSWNF,-2.3296759128570557,1.37432861328125,0.5714285714285714,0.1428571428571428,1.120071530342102,0.9700715005397796
YHHDATY,-1.1516482830047607,-0.9542568325996399,0.5714285714285714,0.4285714285714285,1.003847599029541,0.8538476586341858
WYYFANE,-3.6202006340026855,0.2882874310016632,0.8571428571428571,0.4285714285714285,0.8447837829589844,0.7947837531566619
ASRSWSN,-2.146650791168213,-0.9638041853904724,0.5714285714285714,0.2857142857142857,0.8832350969314575,0.7332351267337799
IYERSTN,0.6261703968048096,-1.3406524658203125,0.5714285714285714,0.2857142857142857,1.1746901273727417,1.0
KFNWLTN,-3.1687445640563965,0.3652886748313904,0.7142857142857143,0.4285714285714285,0.90755295753479,0.8075529426336289
YYDLQNG,-1.3363549709320068,-1.1145955324172974,0.5714285714285714,0.4285714285714285,0.9639047384262084,0.8139047682285309
YYRFENN,-1.9290509223937988,0.2095099240541458,0.4285714285714285,0.2857142857142857,1.039265275001526,0.8392652750015259
QQYWGTN,-3.3392789363861084,0.9999055862426758,0.5714285714285714,0.2857142857142857,0.957313358783722,0.8073133438825607
VHSLSGQ,0.8209977746009827,-3.4206440448760986,0.5714285714285714,0.1428571428571428,0.96784770488739,0.8178477048873901
VYGRSQT,0.931901752948761,1.7497565746307373,0.2857142857142857,0.1428571428571428,1.5535296201705933,1.0
GLHRWNT,-2.559354543685913,0.4677541255950928,0.7142857142857143,0.2857142857142857,0.9921176433563232,0.8921176731586457
VHHRSNN,0.4243265986442566,0.4856472313404083,0.4285714285714285,0.0,1.3526060581207275,1.0
TKLLWFW,-4.736523628234863,0.15065062046051025,0.7142857142857143,0.2857142857142857,0.6954144239425659,0.5954144462943077
QYYRIND,-2.9273769855499268,0.9922466278076172,0.7142857142857143,0.4285714285714285,1.005958080291748,0.9059581100940703
YHWRASD,-2.168572187423706,1.1924859285354614,0.5714285714285714,0.2857142857142857,1.1192994117736816,0.9692993819713592
GYRHFNG,-1.1682319641113281,-0.595617413520813,0.7142857142857143,0.4285714285714285,1.0415560007095337,0.9415559709072112
LDKTVEV,0.7370330095291138,-4.957026481628418,0.7142857142857143,0.7142857142857143,0.7876834869384766,0.6771466609090566
EFRANSN,1.0767910480499268,-3.753101348876953,0.5714285714285714,0.2857142857142857,0.961780309677124,0.8117802798748016
YSASCIQ,-3.316192150115967,-0.8622469305992126,0.5714285714285714,0.2857142857142857,0.7539497017860413,0.6039497166872024
YYDRGSG,0.419704407453537,-1.7115916013717651,0.4285714285714285,0.2857142857142857,1.1088194847106934,0.9088195443153382
PHNARNN,1.3435190916061401,-3.2132134437561035,0.5714285714285714,0.4285714285714285,1.0535941123962402,0.903594172000885
EYHRAAN,1.0240496397018433,-1.0611871480941772,0.5714285714285714,0.1428571428571428,1.253434181213379,1.0
IHVNSNI,0.06291458010673523,-4.343019485473633,0.5714285714285714,0.4285714285714285,0.7746536731719971,0.6246536880731582
MAWTQNT,-1.4198280572891235,-2.7398974895477295,0.8571428571428571,0.4285714285714285,0.773956298828125,0.7239563286304473
VIMRINL,-2.0070154666900635,-1.8472312688827515,0.7142857142857143,0.4285714285714285,0.802219033241272,0.7022190034389496
RYEAFNQ,-1.8500698804855347,-1.1478691101074219,0.7142857142857143,0.5714285714285714,0.8984953761100769,0.7984953761100769
NYHRDNE,0.9100344181060791,-1.1533384323120117,0.7142857142857143,0.2857142857142857,1.229533553123474,1.0
YHPKPTN,1.3286759853363037,-2.257596969604492,0.5714285714285714,0.2857142857142857,1.1575961112976074,1.0
HIRFEAV,-0.7441192269325256,-3.0456817150115967,0.7142857142857143,0.2857142857142857,0.8212970495223999,0.7212970793247223
GHSMSKA,1.3951832056045532,-2.966229200363159,0.7142857142857143,0.4285714285714285,1.0871427059173584,0.9871427357196808
YARELGS,1.0865715742111206,-1.2071651220321655,0.5714285714285714,0.4285714285714285,1.2447869777679443,1.0
MHRTMLD,0.1077364832162857,-1.5494499206542969,0.5714285714285714,0.4285714285714285,1.089283466339111,0.939283525943756
DCHRRNT,-3.8710198402404785,-0.5347087979316711,0.7142857142857143,0.4285714285714285,0.7235417366027832,0.6235417068004608
YYHRGRG,-3.4878339767456055,1.620249629020691,0.5714285714285714,0.1428571428571428,1.0081347227096558,0.8581347674131393
DHMDIIT,-1.2478865385055542,-4.505573272705078,0.7142857142857143,0.5714285714285714,0.5991583466529846,0.4991583466529846
RHHVMSE,-0.3070487380027771,-1.6072649955749512,0.5714285714285714,0.4285714285714285,1.033044457435608,0.8830444574356079
YSFHWEQ,-3.0126590728759766,0.7351052761077881,0.7142857142857143,0.5714285714285714,0.9672458171844482,0.8672457873821259
YSRDSNY,0.3684414029121399,-0.3566785454750061,0.4285714285714285,0.2857142857142857,1.2526469230651855,1.0
VMWRNSN,-1.6073263883590698,0.2539263963699341,0.5714285714285714,0.4285714285714285,1.0828392505645752,0.93283931016922
LWHTNNI,-1.5360426902770996,-2.049621820449829,0.7142857142857143,0.4285714285714285,0.8364049792289734,0.7364049792289734
ESVKSVE,0.4319189190864563,-3.15615177154541,0.5714285714285714,0.4285714285714285,0.9503763914108276,0.80037642121315
YHHQSTN,0.20496009290218353,-0.8078436851501465,0.4285714285714285,0.2857142857142857,1.1830602884292605,0.9830602884292604
SYYRSLN,-2.6134369373321533,2.181617259979248,0.5714285714285714,0.2857142857142857,1.1753416061401367,1.0
SYRSRWP,-4.761203289031982,2.2373502254486084,0.5714285714285714,0.4285714285714285,0.9234437346458436,0.7734437346458435
YRCHSIL,-4.091339111328125,0.10685054957866669,0.7142857142857143,0.0,0.7680887579917908,0.6680887579917908
HPRYASV,-0.2677486538887024,-1.4670244455337524,0.7142857142857143,0.4285714285714285,1.053291082382202,0.9532910227775574
YSSRSHN,1.6435801982879639,-1.6422805786132812,0.5714285714285714,0.1428571428571428,1.263548493385315,1.0
NGTLFWQ,-3.951108694076538,-0.6602175235748291,0.7142857142857143,0.5714285714285714,0.7000249624252319,0.6000249922275543
YFRTTNN,0.6107136011123657,0.9394888877868652,0.4285714285714285,0.4285714285714285,1.425241231918335,1.0
RNSKSNN,-3.7892801761627197,-0.7993228435516357,0.5714285714285714,0.2857142857142857,0.7040708065032959,0.5540708363056183
VYYRRCD,-3.8882460594177246,2.607456684112549,0.5714285714285714,0.4285714285714285,1.069305181503296,0.9193051517009736
VEDVGQC,-4.2110700607299805,-1.189773678779602,0.7142857142857143,0.4285714285714285,0.6101678609848022,0.5101678609848023
MMSEVQN,-0.823550820350647,-4.508237838745117,0.7142857142857143,0.5714285714285714,0.6498499512672424,0.5498499736189842
YHHRSPV,-0.46083545684814453,0.938648521900177,0.5714285714285714,0.2857142857142857,1.2963950634002686,1.0
YQDRNNN,1.3314589262008667,-3.990112781524658,0.5714285714285714,0.1428571428571428,0.9661433696746826,0.816143399477005
TYDKCPF,-3.1060616970062256,-1.6007400751113892,0.5714285714285714,0.5714285714285714,0.6974480152130127,0.5474480450153351
IKVRGNK,-3.1948914527893066,0.16134238243103027,0.5714285714285714,0.4285714285714285,0.8818346261978149,0.7318346560001373
YTRDGNN,1.8830957412719727,-2.0243728160858154,0.4285714285714285,0.2857142857142857,1.2500306367874146,1.0
YKHDSPI,0.8629888892173767,-2.324162244796753,0.5714285714285714,0.2857142857142857,1.094272255897522,0.9442722260951996
MYHRSLI,-2.2246596813201904,0.9116041660308838,0.5714285714285714,0.1428571428571428,1.0814669132232666,0.9314668834209442
YWSTNGS,-1.1295994520187378,-0.5356178283691406,0.7142857142857143,0.4285714285714285,1.052839756011963,0.952839696407318
YNKSFIE,1.209220051765442,-3.6703743934631348,0.5714285714285714,0.4285714285714285,0.9868502020835876,0.8368502169847488
QYHSHND,0.009562262333929539,-2.3333427906036377,0.7142857142857143,0.2857142857142857,0.9907114505767822,0.8907114505767822
FKPSGVN,1.7184454202651978,-4.428587436676025,0.5714285714285714,0.2857142857142857,0.9641036987304688,0.8141037136316299
VYHGSAL,-0.16804096102714539,-2.4211127758026123,0.5714285714285714,0.1428571428571428,0.9596552848815918,0.8096553146839142
GWALAPD,-2.2310168743133545,-1.3790737390518188,0.7142857142857143,0.4285714285714285,0.8271282911300659,0.7271282613277436
YGHNLQN,1.5613330602645874,-2.197000503540039,0.5714285714285714,0.2857142857142857,1.1922593116760254,1.0
MSPLLFN,-2.352959156036377,-2.8537604808807373,0.5714285714285714,0.4285714285714285,0.6492303609848022,0.4992303907871246
NDEGRND,0.2737816870212555,-4.427187442779541,0.7142857142857143,0.4285714285714285,0.7906733751296997,0.6906733900308609
YHRTLCW,-4.318315505981445,0.19210830330848694,0.5714285714285714,0.2857142857142857,0.7502539753913879,0.6002539977431297
AYRWVYW,-5.153944492340088,1.2403733730316162,0.8571428571428571,0.4285714285714285,0.7658895254135132,0.7158895482309162
HLCSCNC,-4.060999393463135,-0.4450591504573822,0.7142857142857143,0.5714285714285714,0.7106386423110962,0.6106386125087738
YNYQNHD,-1.029250144958496,-2.3041024208068848,0.5714285714285714,0.4285714285714285,0.8691285848617554,0.7191285848617553
EYYLAPD,-2.609867572784424,-1.1709767580032349,0.7142857142857143,0.2857142857142857,0.8046430349349976,0.7046430349349976
IQCRSNH,-3.2237682342529297,-0.8115496039390564,0.7142857142857143,0.4285714285714285,0.7706671357154846,0.6706671506166458
TKMRKNC,-4.61322021484375,0.805073082447052,0.7142857142857143,0.4285714285714285,0.7826737761497498,0.6826737761497498
YEHRCTK,-3.2329437732696533,-0.22785207629203796,0.7142857142857143,0.1428571428571428,0.834179162979126,0.7341791927814484
LCPRQSN,-4.18511438369751,-0.037556394934654236,0.5714285714285714,0.4285714285714285,0.7408354878425598,0.5908354729413986
EYSQHSN,-0.07985163480043411,-3.0398569107055664,0.7142857142857143,0.4285714285714285,0.9017577171325684,0.8017577171325684
YGPTSDN,-0.3902253210544586,-2.8257811069488525,0.5714285714285714,0.1428571428571428,0.8881622552871704,0.7381622552871704
VMSRMPY,-0.9334090352058411,-0.47381606698036194,0.5714285714285714,0.4285714285714285,1.08325457572937,0.9332546353340148
YYKWQFL,-2.991396903991699,-0.0003495957644190639,0.5714285714285714,0.2857142857142857,0.8883867263793945,0.7383866965770721
QYVRPSQ,-0.07979825139045715,-0.04351922869682312,0.5714285714285714,0.4285714285714285,1.2334544658660889,1.0
ESSSAAG,-0.6140863299369812,-5.174168586730957,0.7142857142857143,0.2857142857142857,0.601300835609436,0.4835528496652841
MYPRWNW,-3.199711561203003,0.9033715724945068,0.7142857142857143,0.0,0.9633970856666564,0.8633970707654953
LASRNTI,1.9671657085418701,-3.613321304321289,0.5714285714285714,0.2857142857142857,1.084237813949585,0.9342378139495848
YSDVVNP,-0.2650263011455536,-3.3974599838256836,0.5714285714285714,0.2857142857142857,0.8399217128753662,0.689921697974205
QCLNYWT,-4.728638648986816,1.506324052810669,0.8571428571428571,0.5714285714285714,0.8464329838752747,0.7964329615235328
VWSHNEN,-1.2173207998275757,-1.2876142263412476,0.7142857142857143,0.4285714285714285,0.9590545296669006,0.8590545296669007
KMNCGSV,-2.707573175430298,-1.5482348203659058,0.7142857142857143,0.5714285714285714,0.7511411905288696,0.6511411607265473
AWCFANE,-4.724701881408691,-0.3506113886833191,0.8571428571428571,0.2857142857142857,0.6413459181785583,0.5913458995521068
HHHRWNT,-2.415479898452759,0.6118468642234802,0.7142857142857143,0.1428571428571428,1.0253559350967407,0.9253559648990632
PYLSDWN,-4.331002712249756,1.5699453353881836,0.7142857142857143,0.2857142857142857,0.901254177093506,0.8012541994452477
NQRGGQR,-3.7836837768554688,-1.4298456907272339,0.5714285714285714,0.4285714285714285,0.6349453330039978,0.4849453181028366
PSNVMWR,-3.3217761516571045,-1.402547001838684,0.7142857142857143,0.4285714285714285,0.6934683322906494,0.5934683322906494
MYHRGCN,-3.7162928581237793,1.3245952129364014,0.5714285714285714,0.2857142857142857,0.9479554891586304,0.7979555189609527
YWERSLW,-2.8565316200256348,1.4689130783081055,0.7142857142857143,0.4285714285714285,1.0672369003295898,0.9672369301319124
YVHSGNW,-1.6961435079574585,0.8690611720085144,0.5714285714285714,0.2857142857142857,1.1402618885040283,0.9902619183063508
TQVRNNW,0.2970198392868042,-1.504585862159729,0.7142857142857143,0.2857142857142857,1.1169935464859009,1.0
KFMSSNN,0.15982797741889954,-2.522761344909668,0.5714285714285714,0.2857142857142857,0.9877984523773192,0.8377984821796417
YHERFPN,0.6205468773841858,-0.723876416683197,0.5714285714285714,0.2857142857142857,1.242290735244751,1.0
YSRCWNT,-3.6340572834014893,1.2341994047164917,0.5714285714285714,0.1428571428571428,0.9478299021720886,0.7978299170732498
TLYEMIK,-2.008310556411743,-2.698298692703247,0.7142857142857143,0.7142857142857143,0.7078514099121094,0.6078514397144318
VRGRIIE,0.07723180949687958,-2.3600752353668213,0.5714285714285714,0.5714285714285714,0.9958831071853638,0.8458831369876861
MCGAEDD,-3.775320529937744,-2.123019218444824,0.7142857142857143,0.5714285714285714,0.5592168569564819,0.4592168867588043
YSRQEKN,1.8618453741073608,-1.0013760328292847,0.4285714285714285,0.2857142857142857,1.3607215881347656,1.0
QLGRSPN,1.323256015777588,-2.7410237789154053,0.5714285714285714,0.2857142857142857,1.103430151939392,0.9534301817417145
YTLRHEV,-0.0930526852607727,-0.9194966554641724,0.7142857142857143,0.4285714285714285,1.1348923444747925,1.0
IFNNQND,-0.3745746910572052,-4.452944278717041,0.7142857142857143,0.5714285714285714,0.7099180817604065,0.6099180966615677
YVWYQEN,-3.813628911972046,0.8859865069389343,0.7142857142857143,0.4285714285714285,0.8877065777778625,0.7877065926790238
YAHAVNN,0.8124687671661377,-2.1661300659179688,0.5714285714285714,0.2857142857142857,1.1056958436965942,0.9556958436965942
WRDKSLN,0.8594813942909241,-1.968555212020874,0.7142857142857143,0.2857142857142857,1.1332159042358398,1.0
VQMGMEQ,-0.7040988206863403,-4.56397819519043,0.7142857142857143,0.4285714285714285,0.6580324769020081,0.5580324545502663
ISQQGTF,0.16686058044433594,-4.185744762420654,0.7142857142857143,0.5714285714285714,0.8045535087585449,0.7045535087585449
YYADQAN,-1.5162583589553833,-2.0543997287750244,0.7142857142857143,0.4285714285714285,0.8382532596588135,0.7382532596588135
YYTPIWF,-3.6630859375,0.7778419256210327,0.7142857142857143,0.2857142857142857,0.8938238620758057,0.7938238471746445
YYRFYTP,-3.2899301052093506,0.04257041960954666,0.5714285714285714,0.4285714285714285,0.8572672605514526,0.707267290353775
DSCRNVV,-4.043128967285156,-0.39007678627967834,0.5714285714285714,0.4285714285714285,0.7188723683357239,0.568872383236885
QHRSVNE,1.0518560409545898,-2.7121920585632324,0.5714285714285714,0.2857142857142857,1.0740114450454712,0.9240114450454712
YLPRSAA,1.4230413436889648,-2.086177349090576,0.5714285714285714,0.4285714285714285,1.187910556793213,1.0
YYMRDQN,-0.9563990831375122,0.16864541172981262,0.5714285714285714,0.2857142857142857,1.1516118049621582,1.0
NYHRFAN,-2.0399436950683594,0.3786192238330841,0.7142857142857143,0.1428571428571428,1.044661045074463,0.944660985469818
HYDISGH,0.11145251989364624,-3.7161262035369873,0.7142857142857143,0.5714285714285714,0.8498820066452026,0.7498820215463639
YHKRMLS,-2.9930503368377686,0.31677713990211487,0.5714285714285714,0.2857142857142857,0.9232935905456544,0.7732935607433319
SSMRSHH,-0.2663319706916809,-0.5360656380653381,0.5714285714285714,0.4285714285714285,1.1565170288085938,1.0
SSHACGW,-4.54241418838501,-0.6945541501045227,0.7142857142857143,0.4285714285714285,0.625174880027771,0.525174880027771
YSHPCIN,-3.3148655891418457,-0.6699580550193787,0.5714285714285714,0.2857142857142857,0.7753952145576477,0.6253952294588089
YHARSYN,-1.7111666202545166,0.0007246393361128867,0.4285714285714285,0.2857142857142857,1.0423331260681152,0.84233318567276
VKSSLPA,1.843977451324463,-4.242334842681885,0.5714285714285714,0.2857142857142857,0.9998050332069396,0.8498050481081009
LKCRDGY,-3.311199903488159,-1.0111333131790161,0.7142857142857143,0.4285714285714285,0.7380681037902832,0.6380681037902832
YQSRMHN,0.622272253036499,-1.0941513776779175,0.7142857142857143,0.1428571428571428,1.2015091180801392,1.0
GQHRLNE,0.8100487589836121,-2.3965466022491455,0.8571428571428571,0.2857142857142857,1.079898238182068,1.0
KCRGIYN,-4.260547161102295,0.4061511158943176,0.5714285714285714,0.5714285714285714,0.7808895111083984,0.6308895036578178
YYRDMNS,-1.0451956987380981,-0.31175822019577026,0.5714285714285714,0.2857142857142857,1.0877623558044434,0.9377623558044432
YKHLKVM,-3.051748514175415,-0.6283527612686157,0.7142857142857143,0.4285714285714285,0.811616063117981,0.7116160333156586
IARRLFN,-2.548022508621216,-1.0257478952407837,0.5714285714285714,0.4285714285714285,0.828150749206543,0.678150749206543
CRHLYNN,-4.050886154174805,-0.3696862459182739,0.5714285714285714,0.2857142857142857,0.7201974391937256,0.570197468996048
VHSRSGW,-1.4207346439361572,0.1019919291138649,0.5714285714285714,0.2857142857142857,1.0884406566619873,0.9384405970573424
NYGFMPA,-2.6927239894866943,-2.5358474254608154,0.7142857142857143,0.4285714285714285,0.6435980796813965,0.5435980498790741
MYRNLTN,0.4053240418434143,-2.07711124420166,0.5714285714285714,0.4285714285714285,1.06662917137146,0.9166291117668152
YHRPYGD,0.5128074884414673,-0.06432037055492401,0.4285714285714285,0.4285714285714285,1.3023569583892822,1.0
SPLRSNN,0.9367762207984924,-3.0491840839385986,0.5714285714285714,0.2857142857142857,1.0228793621063232,0.8728793323040008
YYYCGEV,-4.493799209594727,1.6207839250564575,0.7142857142857143,0.1428571428571428,0.8873209357261658,0.787320950627327
YSAVALD,-0.768484354019165,-2.729271411895752,0.4285714285714285,0.1428571428571428,0.8533956408500671,0.6533956408500672
EPHSPYQ,-0.15207691490650177,-4.431320667266846,0.7142857142857143,0.5714285714285714,0.7390463352203369,0.6390463352203369
RVNMPWN,-2.328981399536133,0.6737732887268066,0.7142857142857143,0.2857142857142857,1.0426044464111328,0.9426044762134552
VTRRGWE,-0.3362768888473511,-1.7205523252487183,0.7142857142857143,0.5714285714285714,1.0169917345046997,0.9169917345046996
LREKSLN,1.618607759475708,-2.6641845703125,0.5714285714285714,0.4285714285714285,1.1474244594573977,0.9974244594573974
AMPRRNA,-2.038318634033203,-1.4264096021652222,0.7142857142857143,0.5714285714285714,0.8450421094894409,0.7450421094894409
PYTRNVY,-1.5797158479690552,-0.01469816081225872,0.5714285714285714,0.4285714285714285,1.0564205646514893,0.9064205646514892
YEANSAT,-0.41039255261421204,-3.4483861923217773,0.7142857142857143,0.4285714285714285,0.8168175220489502,0.716817507147789
IMWCLPQ,-4.5998992919921875,-0.9455162286758423,0.7142857142857143,0.2857142857142857,0.5904866456985474,0.490486615896225
DHWANIA,-1.8018507957458496,-2.371891975402832,0.7142857142857143,0.2857142857142857,0.7687916159629822,0.6687916159629822
YYVRWIN,-4.065974712371826,1.6104248762130737,0.7142857142857143,0.2857142857142857,0.9375799894332886,0.8375799745321274
EVVDSMN,-0.6536983847618103,-4.222702503204346,0.7142857142857143,0.4285714285714285,0.7018671035766602,0.6018671333789826
PYCRSLI,-4.044792175292969,1.1141893863677979,0.5714285714285714,0.1428571428571428,0.8851925730705261,0.7351925879716873
ESDRSTE,-0.30298545956611633,-3.458376169204712,0.7142857142857143,0.1428571428571428,0.8286172747612,0.7286172896623612
YQNAEWK,-0.3772047162055969,-0.9521393775939941,0.8571428571428571,0.4285714285714285,1.0971362590789795,1.0
YIHWCLN,-5.140312194824219,0.5256688594818115,0.7142857142857143,0.4285714285714285,0.688410758972168,0.5884107319638133
DHRSSCD,-3.3092589378356934,-0.2252512127161026,0.4285714285714285,0.4285714285714285,0.8252973556518555,0.6252973407506943
QYHILMN,-2.5423057079315186,-2.6025092601776123,0.7142857142857143,0.2857142857142857,0.6542923450469971,0.5542923748493195
MYSTMNN,-0.6957277059555054,-2.905803918838501,0.7142857142857143,0.1428571428571428,0.8425958156585693,0.7425958454608917
YHRDEDI,0.8963346481323242,-1.7756823301315308,0.4285714285714285,0.4285714285714285,1.1589949131011963,0.9589948534965516
YIRWSEN,-2.252714157104492,1.4165277481079102,0.4285714285714285,0.2857142857142857,1.1339902877807615,0.9339903473854064
LARRFNV,-3.153118371963501,-0.4579932987689972,0.5714285714285714,0.1428571428571428,0.8182942867279053,0.6682943016290664
QHDRSDS,0.9325701594352722,-3.84651517868042,0.7142857142857143,0.4285714285714285,0.934110462665558,0.8341104626655579
VDHTTEN,-0.7760772109031677,-5.617631912231445,0.7142857142857143,0.4285714285714285,0.5327458381652832,0.4002706002444028
NARNSNL,1.745622158050537,-3.853156805038452,0.5714285714285714,0.2857142857142857,1.0310685634613037,0.8810685038566589
HCYNWFD,-4.756843566894531,1.6392722129821777,0.8571428571428571,0.7142857142857143,0.8577612042427063,0.8077611856162548
WCVSWEL,-5.209855079650879,2.3505256175994873,0.8571428571428571,0.4285714285714285,0.8820638060569763,0.8320638060569763
YHKYMTV,-0.9108420610427856,-0.7889627814292908,0.5714285714285714,0.2857142857142857,1.0510798692703247,0.9010798692703248
YYACSEN,-4.279140472412109,0.742303192615509,0.5714285714285714,0.2857142857142857,0.815867006778717,0.6658669993281364
QEHRCTK,-2.9504222869873047,-0.44011542201042175,0.7142857142857143,0.1428571428571428,0.8446285724639893,0.7446286022663117
SDDFINS,-1.8411413431167603,-2.996192455291748,0.7142857142857143,0.2857142857142857,0.694961428642273,0.5949614584445954
RASRSKR,-4.248711585998535,1.724336862564087,0.5714285714285714,0.4285714285714285,0.9282329082489014,0.7782329082489013
YHVSSNN,0.9264006018638611,-2.8574471473693848,0.2857142857142857,0.1428571428571428,1.042857646942139,0.7928576469421387
YWVRQNE,-1.5551297664642334,0.939475953578949,0.7142857142857143,0.2857142857142857,1.1650004386901855,1.0
IYNRPNN,1.2860891819000244,-1.7878682613372803,0.7142857142857143,0.2857142857142857,1.204477310180664,1.0
VGHRMEH,0.4745883643627167,-3.141216278076172,0.7142857142857143,0.4285714285714285,0.957156777381897,0.857156777381897
YYRYSLN,-2.784938097000122,0.44641435146331787,0.4285714285714285,0.1428571428571428,0.962650179862976,0.7626501798629761
PHRRCNI,-4.864795684814453,0.368601530790329,0.5714285714285714,0.2857142857142857,0.704128623008728,0.5541285932064056
DHRCVVV,-4.158092498779297,-0.7247437834739685,0.7142857142857143,0.4285714285714285,0.6680116057395935,0.5680115908384323
YHYKSNP,0.9003951549530029,0.10099999606609344,0.4285714285714285,0.1428571428571428,1.367228865623474,1.0
IAERKNP,2.0272157192230225,-3.395341157913208,0.7142857142857143,0.1428571428571428,1.1155833005905151,1.0
PYVRVLN,-2.095858335494995,-0.11434313654899597,0.7142857142857143,0.4285714285714285,0.9833723306655884,0.883372300863266
YYSCGNN,-3.2294600009918213,0.28925368189811707,0.5714285714285714,0.2857142857142857,0.8918405771255493,0.7418405920267105
VHGMSNN,1.1430513858795166,-4.103812217712402,0.4285714285714285,0.1428571428571428,0.9309186935424804,0.7309187084436417
NHLPIMN,-0.9623442888259888,-4.3843841552734375,0.5714285714285714,0.4285714285714285,0.646883487701416,0.4968835026025772
YHHSNQN,-0.08208177238702774,-1.109776258468628,0.5714285714285714,0.1428571428571428,1.1151468753814695,0.9651469349861144
ANNRSCW,-3.81626296043396,-0.29867902398109436,0.7142857142857143,0.4285714285714285,0.7562493085861206,0.6562493234872818
IYHQCAG,-3.2810797691345215,-0.8245129585266113,0.5714285714285714,0.4285714285714285,0.7623457908630371,0.6123457759618759
YYTFSNL,-3.060382604598999,0.48770079016685486,0.5714285714285714,0.2857142857142857,0.9341241121292114,0.7841241121292114
YVLDQMY,-3.376420259475708,-1.4786837100982666,0.7142857142857143,0.4285714285714285,0.6784743070602417,0.5784742772579193
GHRRFNI,-3.886380672454834,0.45175114274024963,0.5714285714285714,0.2857142857142857,0.8308957815170288,0.6808957815170288
YSSLPRN,2.051157236099243,-2.69209885597229,0.4285714285714285,0.2857142857142857,1.196307897567749,0.9963079273700716
PSLRHAN,0.6088231801986694,-3.1411523818969727,0.5714285714285714,0.2857142857142857,0.9732930064201356,0.8232930064201355
IAEQVNP,-0.9482449293136597,-5.126572608947754,0.5714285714285714,0.4285714285714285,0.5664183497428894,0.4002509977668523
YQAPVIE,-0.8777384161949158,-4.344799041748047,0.7142857142857143,0.4285714285714285,0.6614313721656799,0.5614313870668411
YHHRYEF,0.02171693742275238,-0.33713290095329285,0.7142857142857143,0.2857142857142857,1.2131495475769043,1.0
YGHVFQL,-2.980508327484131,-1.6343673467636108,0.7142857142857143,0.4285714285714285,0.7088115215301514,0.6088115513324738
CKRGSDM,-3.6692538261413574,-1.0355734825134277,0.7142857142857143,0.5714285714285714,0.6923401951789856,0.5923401951789856
EYMWSNQ,-4.05367374420166,0.13197444379329681,0.7142857142857143,0.2857142857142857,0.7753956317901611,0.6753956317901612
FDHGYVR,-1.6364059448242188,-1.399289846420288,0.7142857142857143,0.0,0.8963364958763123,0.7963364958763123
YILVSPN,-2.0831291675567627,-2.3447117805480957,0.4285714285714285,0.2857142857142857,0.738003134727478,0.5380031049251557
YHSGMGN,1.1432535648345947,-2.244415521621704,0.5714285714285714,0.1428571428571428,1.1367754936218262,0.9867755532264708
GEGNGPF,-1.0302385091781616,-3.4703164100646973,0.7142857142857143,0.2857142857142857,0.7399115562438965,0.6399115413427353
CRFCPFD,-3.874725103378296,-0.067713662981987,0.7142857142857143,0.5714285714285714,0.7747921943664551,0.6747922092676163
PVHNRNN,0.8203723430633545,-2.6951966285705566,0.7142857142857143,0.2857142857142857,1.048078536987305,0.9480785965919496
QYTRSVV,0.6110563278198242,1.545866847038269,0.4285714285714285,0.2857142857142857,1.4924076795578003,1.0
WPMTELN,-3.0012505054473877,-0.6026586294174194,0.5714285714285714,0.4285714285714285,0.8205279111862183,0.6705279409885406
HQNVASV,0.503691554069519,-4.899999618530273,0.7142857142857143,0.2857142857142857,0.7659589052200317,0.6573159251362085
CHHKPNN,-3.965857744216919,0.7090021967887878,0.5714285714285714,0.4285714285714285,0.8498234152793884,0.6998234301805496
YLSRLSI,-1.4667856693267822,-0.41257956624031067,0.5714285714285714,0.4285714285714285,1.0259449481964111,0.8759449183940887
YAQTLND,0.18016043305397034,-3.6112985610961914,0.7142857142857143,0.4285714285714285,0.8697420358657837,0.7697420209646225
YHRRTDW,-1.3186426162719727,0.7756277322769165,0.4285714285714285,0.2857142857142857,1.1752780675888062,0.9752780675888062
YHYSGDN,-0.8398565053939819,-0.10807351768016815,0.4285714285714285,0.2857142857142857,1.1349825859069824,0.9349826455116272
YIRGKNE,1.3132132291793823,-1.574081540107727,0.5714285714285714,0.2857142857142857,1.2314023971557615,1.0
KCSDVGN,-3.716142416000366,-1.1618636846542358,0.7142857142857143,0.5714285714285714,0.672726035118103,0.5727260500192642
THHKAWV,-0.580897331237793,0.0614432767033577,0.4285714285714285,0.4285714285714285,1.184863567352295,0.9848635077476502
SHSRNHV,0.290181964635849,-1.1916896104812622,0.5714285714285714,0.1428571428571428,1.1508090496063232,1.0
YYYRING,-3.082369804382324,0.7266286611557007,0.7142857142857143,0.2857142857142857,0.9579312801361084,0.857931250333786
DAAWSDI,-2.5448150634765625,-1.919964075088501,0.7142857142857143,0.5714285714285714,0.7295476198196411,0.6295476496219635
QHHRGQN,0.45949506759643555,-0.29418593645095825,0.4285714285714285,0.2857142857142857,1.270505428314209,1.0
YQHRGNN,1.3547254800796509,-0.516863226890564,0.5714285714285714,0.1428571428571428,1.3534228801727295,1.0
YHHRGNN,0.3475673794746399,1.4248273372650146,0.4285714285714285,0.1428571428571428,1.4473490715026855,1.0
YHRDNGN,2.1958627700805664,-1.262063980102539,0.4285714285714285,0.2857142857142857,1.3719980716705322,1.0
FSHYGFN,-2.906296491622925,-0.4002003073692322,0.5714285714285714,0.4285714285714285,0.8543491363525391,0.704349136352539
YFVRYMP,-3.3549232482910156,-0.04580916836857796,0.7142857142857143,0.4285714285714285,0.8396744728088379,0.7396744579076767
HWPKSNN,-0.3982681930065155,0.13629476726055145,0.5714285714285714,0.4285714285714285,1.2150934934616089,1.0
FYNIDNT,-2.101513147354126,-2.0106515884399414,0.7142857142857143,0.4285714285714285,0.7727741599082947,0.6727741599082947
FSRNVPL,0.5451993346214294,-1.6744399070739746,0.4285714285714285,0.4285714285714285,1.1280112266540527,0.928011167049408
KYHFGHY,-2.374234437942505,0.19142670929431915,0.5714285714285714,0.4285714285714285,0.9837719798088074,0.8337719798088074
VHSRSNT,0.9349750876426697,-1.011678695678711,0.5714285714285714,0.1428571428571428,1.2482118606567385,1.0
TYHVFNN,-2.6486949920654297,-0.6861347556114197,0.5714285714285714,0.2857142857142857,0.8536490201950073,0.7036489903926849
IHHWINL,-2.876384735107422,-1.3974733352661133,0.5714285714285714,0.2857142857142857,0.7475464940071106,0.5975464940071106
YGHCNNN,-3.1120996475219727,-0.13994720578193665,0.5714285714285714,0.2857142857142857,0.8584302663803101,0.7084302365779876
RFDDEGS,0.10987108200788498,-3.9803988933563232,0.7142857142857143,0.5714285714285714,0.8204373717308044,0.7204373866319657
YYSRSAA,0.4698316752910614,0.2991843521595001,0.5714285714285714,0.1428571428571428,1.337432622909546,1.0
YFGSYIN,-2.9654245376586914,-0.14324046671390533,0.5714285714285714,0.4285714285714285,0.8756896257400513,0.7256895959377289
YYRRIVA,-3.688335418701172,0.564628005027771,0.7142857142857143,0.2857142857142857,0.8671875,0.7671874701976776
VHHNAQN,0.7137466669082642,-3.5571396350860596,0.5714285714285714,0.2857142857142857,0.939850926399231,0.7898509562015533
CRAGSAF,-3.059749126434326,-1.1175684928894043,0.5714285714285714,0.5714285714285714,0.756499171257019,0.6064992010593414
YMRAEEM,-0.44754087924957275,-2.2051494121551514,0.7142857142857143,0.4285714285714285,0.9499784708023072,0.8499785006046295
FKRGYNN,-3.441417694091797,-1.1699711084365845,0.5714285714285714,0.4285714285714285,0.7048384547233582,0.5548384696245193
QRGSNGD,1.0500564575195312,-4.380111217498779,0.7142857142857143,0.5714285714285714,0.8891589045524597,0.7891589045524597
YHASWNN,-1.6664501428604126,-0.4962354898452759,0.4285714285714285,0.2857142857142857,0.9926934242248536,0.7926933944225312
DQVSVTN,-0.21408632397651672,-4.8087615966796875,0.5714285714285714,0.4285714285714285,0.6898132562637329,0.5342002812772989
EYCLMSN,-4.560461521148682,0.042126983404159546,0.5714285714285714,0.4285714285714285,0.7045560479164124,0.5545560255646705
YGPLCAY,-4.1031646728515625,0.2432354986667633,0.7142857142857143,0.5714285714285714,0.7817654609680176,0.6817654609680176
MLMSYVH,-2.819953680038452,-1.2916247844696045,0.7142857142857143,0.7142857142857143,0.7660442590713501,0.6660442888736725
LYHESNN,-0.0892900750041008,-2.994291305541992,0.5714285714285714,0.2857142857142857,0.9056676626205444,0.7556676924228668
YPRNRIP,-1.7607316970825195,-1.3877744674682617,0.5714285714285714,0.4285714285714285,0.8826727867126465,0.7326727569103241
YHHSPIN,0.3430168330669403,-1.1597157716751099,0.5714285714285714,0.2857142857142857,1.1606969833374023,1.0
LHSDHDF,-0.36109960079193115,-3.399138927459717,0.7142857142857143,0.4285714285714285,0.8281919956207275,0.7281919658184052
YFRPGNI,-1.5011404752731323,-0.5323538780212402,0.5714285714285714,0.2857142857142857,1.0085580348968506,0.858558064699173
YSNHSEM,0.1366892009973526,-3.4924581050872803,0.7142857142857143,0.4285714285714285,0.8776741027832031,0.777674087882042
VFHNSNL,-0.7158427238464355,-3.7164950370788574,0.7142857142857143,0.4285714285714285,0.750436544418335,0.6504365593194962
YPLNMTG,0.2615353763103485,-3.7381412982940674,0.7142857142857143,0.2857142857142857,0.8654783964157104,0.7654783666133881
VSWFGWW,-4.827580451965332,1.2955114841461182,0.7142857142857143,0.5714285714285714,0.8112078309059143,0.7112078420817852
PPVKKKP,-1.5899877548217773,-0.38973647356033325,0.7142857142857143,0.5714285714285714,1.0136700868606567,0.9136700868606568
YARMQLS,1.2836421728134155,-0.36942508816719055,0.5714285714285714,0.4285714285714285,1.3612029552459717,1.0
APAQSGN,0.6122992634773254,-4.521298885345459,0.7142857142857143,0.4285714285714285,0.8209303617477417,0.7209303766489029
HSGANNE,-0.3895343244075775,-4.765984058380127,0.7142857142857143,0.4285714285714285,0.6734675168991089,0.569275164976716
HHHRMNN,-1.0559344291687012,0.6775763034820557,0.5714285714285714,0.0,1.1959898471832275,1.0
YYRREGN,-0.8446449637413025,0.4592069387435913,0.5714285714285714,0.1428571428571428,1.1972044706344604,1.0
NYRASNN,1.5540236234664917,-2.0651895999908447,0.4285714285714285,0.1428571428571428,1.2059721946716309,1.0
YYKWTHH,-1.4234672784805298,-0.10230591893196106,0.7142857142857143,0.2857142857142857,1.0654966831207275,0.96549671292305
FHHGYNH,-1.3055930137634277,-1.3915941715240479,0.7142857142857143,0.4285714285714285,0.936937689781189,0.836937689781189
FHSFYKN,-0.5482645034790039,-0.9312962293624878,0.7142857142857143,0.4285714285714285,1.0788897275924685,0.9788897275924684
YSPVTHT,0.6179617643356323,-3.8315134048461914,0.7142857142857143,0.2857142857142857,0.8979690074920654,0.7979690372943878
TAKLSTT,1.6904174089431763,-3.7868094444274902,0.5714285714285714,0.4285714285714285,1.0317798852920532,0.8817798405885696
VHHQKHP,0.4808087944984436,-0.9060063362121582,0.7142857142857143,0.5714285714285714,1.205338716506958,1.0
NHHSSNV,-0.09118544310331345,-2.945415496826172,0.5714285714285714,0.2857142857142857,0.9108504056930542,0.7608504056930542
YPHRSNN,1.1065888404846191,-0.3883913457393646,0.4285714285714285,0.0,1.337829351425171,1.0
DSHASRY,0.7177281379699707,-2.607048988342285,0.7142857142857143,0.4285714285714285,1.0455031394958496,0.9455030798912047
YNHRMNY,-0.26002365350723267,-1.1220513582229614,0.7142857142857143,0.4285714285714285,1.0924072265625,0.9924072861671448
PIKWCQN,-4.033335208892822,-0.9632688164710999,0.7142857142857143,0.5714285714285714,0.6565975546836853,0.5565975695848465
EKSGMWS,-1.8104864358901978,-1.455780267715454,0.7142857142857143,0.5714285714285714,0.8691663146018982,0.7691663146018982
HVHRWGA,-2.695908784866333,0.0924157202243805,0.5714285714285714,0.4285714285714285,0.9341604113578796,0.7841604113578796
ALHRQTS,0.7139064073562622,-1.5866156816482544,0.5714285714285714,0.4285714285714285,1.1580044031143188,1.0
YYAARNN,0.4334271252155304,-1.3500970602035522,0.5714285714285714,0.2857142857142857,1.1504853963851929,1.0
QYHRFYL,-3.500554323196411,0.9813593626022339,0.7142857142857143,0.2857142857142857,0.9358820915222168,0.8358820915222168
QHSKSDI,0.7259158492088318,-3.4385218620300293,0.4285714285714285,0.4285714285714285,0.9544439911842346,0.7544439911842347
VYHAGHA,0.48243576288223267,-1.6556068658828735,0.5714285714285714,0.4285714285714285,1.1225545406341553,0.9725545406341553
YSRGSNN,2.7694387435913086,2.9044413566589355,0.2857142857142857,0.1428571428571428,1.9021430015563965,1.0
YYRISGN,-0.8211451768875122,0.018787216395139694,0.4285714285714285,0.1428571428571428,1.15127432346344,0.95127432346344
YYHRNNM,-1.2082237005233765,-0.33327165246009827,0.7142857142857143,0.1428571428571428,1.0657919645309448,0.9657919943332672
NHRRNNN,-2.520249128341675,-0.6213341355323792,0.4285714285714285,0.1428571428571428,0.8762559294700623,0.6762559294700623
YASRMVN,1.3692179918289185,-2.3857908248901367,0.5714285714285714,0.4285714285714285,1.1482765674591064,0.9982765674591064
LHRENIN,1.9054213762283325,-2.3127009868621826,0.4285714285714285,0.4285714285714285,1.2207956314086914,1.0
YYNWSEI,-3.6223104000091553,1.2802098989486694,0.5714285714285714,0.2857142857142857,0.9543347358703612,0.8043347060680389
PSHRSNN,1.0775715112686157,-2.3299286365509033,0.5714285714285714,0.1428571428571428,1.1194173097610474,0.9694173097610472
ISRSQNT,1.4387953281402588,-3.2840378284454346,0.7142857142857143,0.2857142857142857,1.0572021007537842,0.9572020411491394
YYRVGAN,-0.3965606987476349,-0.08391169458627701,0.4285714285714285,0.2857142857142857,1.1909220218658447,0.9909220814704895
INRQNNN,1.9419206380844116,-4.101677417755127,0.5714285714285714,0.4285714285714285,1.027144193649292,0.8771441340446472
IYGIINP,-1.470065712928772,-0.6215704679489136,0.7142857142857143,0.4285714285714285,1.0024157762527466,0.902415806055069
LYQRSNN,1.1249730587005615,-1.1387238502502441,0.5714285714285714,0.1428571428571428,1.256977677345276,1.0
YHRRSQN,-3.131187677383423,1.5213686227798462,0.2857142857142857,0.2857142857142857,1.0400419235229492,0.790041983127594
PYRHGIN,-0.7562037110328674,-0.03878828510642052,0.5714285714285714,0.4285714285714285,1.152703881263733,1.0
YHNRGVN,1.5385327339172363,-1.3182710409164429,0.2857142857142857,0.2857142857142857,1.2867937088012695,1.0
YYHQATN,-0.9099140167236328,-0.9796579480171204,0.5714285714285714,0.2857142857142857,1.0300816297531128,0.8800816297531128
YFHMSNN,-2.0234215259552,-0.5460218191146851,0.4285714285714285,0.2857142857142857,0.9442898035049438,0.7442897737026215
CYSRSNN,-4.320734024047852,1.2227267026901245,0.5714285714285714,0.1428571428571428,0.8640514612197876,0.7140514612197876
YSHGSTP,1.0455021858215332,-1.3857154846191406,0.5714285714285714,0.2857142857142857,1.2200870513916016,1.0
SSKMLNN,1.150137186050415,-3.7013487815856934,0.5714285714285714,0.4285714285714285,0.9763222336769104,0.8263222336769104
YHEMSSN,0.7956404685974121,-3.012748956680298,0.4285714285714285,0.1428571428571428,1.0099543333053589,0.8099543035030365
YYRDFNN,-1.1377332210540771,-0.11149225383996964,0.4285714285714285,0.2857142857142857,1.0988125801086426,0.8988125205039978
YHRRNNN,-2.851050615310669,0.3963172435760498,0.2857142857142857,0.1428571428571428,0.9491606950759888,0.6991606652736664
VHSREHN,1.5399658679962158,-1.1952931880950928,0.5714285714285714,0.2857142857142857,1.300579309463501,1.0
YHHKSNE,1.9336339235305786,-0.16267254948616028,0.4285714285714285,0.1428571428571428,1.4621906280517578,1.0
YHKLASR,-3.3524606227874756,0.052357569336891174,0.4285714285714285,0.4285714285714285,0.8508372902870178,0.6508372902870179
YSHHSNI,1.0995657444000244,-0.6691216230392456,0.5714285714285714,0.2857142857142857,1.3059089183807373,1.0
YSHLSPN,1.3576639890670776,0.022651005536317825,0.4285714285714285,0.1428571428571428,1.4134994745254517,1.0
LSSKNNS,1.3477963209152222,-4.270908355712891,0.7142857142857143,0.4285714285714285,0.9370228052139282,0.8370228052139282
YYHKGLM,-1.3416496515274048,-0.29104819893836975,0.5714285714285714,0.4285714285714285,1.0544341802597046,0.9044341504573822
YYKSSNN,1.1837738752365112,-0.29999327659606934,0.2857142857142857,0.1428571428571428,1.3568891286849976,1.0
VQPRSNI,1.7805579900741577,-2.619978904724121,0.5714285714285714,0.4285714285714285,1.171777367591858,1.0
VYRKSGS,-2.7445409297943115,0.1618577390909195,0.5714285714285714,0.4285714285714285,0.936004102230072,0.786004102230072
VASSGNT,0.15404029190540314,-4.124125957489014,0.5714285714285714,0.4285714285714285,0.8098341822624207,0.6598341971635818
YSRRSNN,-1.634276270866394,1.1742011308670044,0.2857142857142857,0.0,1.181474208831787,0.9314742088317872
YHSVSNV,0.7216904759407043,-2.7050299644470215,0.4285714285714285,0.2857142857142857,1.035132884979248,0.8351328551769257
YHSNTHP,0.3824538290500641,-2.8480687141418457,0.7142857142857143,0.2857142857142857,0.9785372614860536,0.8785372614860535
VNHRNTN,1.7946126461029053,-1.7851684093475342,0.5714285714285714,0.2857142857142857,1.265878438949585,1.0
YHSRSGN,1.2690919637680054,-0.0968240275979042,0.4285714285714285,0.1428571428571428,1.389631271362305,1.0
GHSRSIG,0.6077500581741333,-2.130419969558716,0.7142857142857143,0.2857142857142857,1.0850507020950315,0.9850506722927094
YARRSNG,-1.1183468103408813,-0.5816652178764343,0.4285714285714285,0.2857142857142857,1.0490944385528564,0.8490944683551789
YYYRSAN,-2.1462063789367676,1.0826960802078247,0.5714285714285714,0.1428571428571428,1.1098332405090332,0.9598332107067108
TFHRGHN,-0.6521409153938293,-0.10550545901060104,0.5714285714285714,0.2857142857142857,1.1578221321105957,1.0
YNKRSNV,-1.7855169773101807,-0.9232588410377502,0.5714285714285714,0.2857142857142857,0.9311158657073976,0.7811158657073974
YYRKALN,-2.670365810394287,0.6177330017089844,0.4285714285714285,0.2857142857142857,0.995381474494934,0.7953814446926117
YVNSMSN,-0.5684048533439636,-3.031195878982544,0.5714285714285714,0.4285714285714285,0.8440138101577759,0.6940137803554535
YHRKSEN,0.6454033851623535,1.7511603832244873,0.2857142857142857,0.1428571428571428,1.5192604064941406,1.0
YQHRENN,1.5538934469223022,-2.4605350494384766,0.5714285714285714,0.1428571428571428,1.1621923446655271,1.0
YYSRGMI,-1.8494658470153809,0.13467934727668762,0.5714285714285714,0.2857142857142857,1.0405442714691162,0.8905443012714386
PHHSNGS,0.27225592732429504,-3.1967222690582275,0.7142857142857143,0.2857142857142857,0.9267008304595948,0.8267008006572724
YYSRSNN,0.5108199119567871,0.6452360153198242,0.4285714285714285,0.0,1.3806650638580322,1.0
YYRSSEN,-0.45669567584991455,0.5055730938911438,0.4285714285714285,0.1428571428571428,1.2489516735076904,1.0
YHHSGTP,0.3614710569381714,-2.2465789318084717,0.4285714285714285,0.2857142857142857,1.042600154876709,0.8426001250743866
YHNINSN,1.1986790895462036,-3.311591148376465,0.5714285714285714,0.4285714285714285,1.0253005027770996,0.8753004729747772
VYHRSEN,1.018811821937561,1.9873669147491455,0.4285714285714285,0.1428571428571428,1.590275526046753,1.0
YYHSATE,-1.1881619691848755,-1.5127105712890625,0.5714285714285714,0.2857142857142857,0.9376403093338012,0.7876403093338012
YYVRSSS,-0.4795079529285431,1.235180377960205,0.5714285714285714,0.1428571428571428,1.3269771337509155,1.0
YHHRNDN,0.2726443409919739,-0.34054824709892273,0.5714285714285714,0.1428571428571428,1.242922067642212,1.0
YHHRNNW,-0.813916027545929,0.06298629194498062,0.5714285714285714,0.2857142857142857,1.1570357084274292,1.0
YYHRSNN,-0.9529139399528503,1.031571388244629,0.4285714285714285,0.1428571428571428,1.2475552558898926,1.0
VSRRSDT,0.29469648003578186,-2.539487361907959,0.5714285714285714,0.2857142857142857,1.0021522045135498,0.8521521747112274
YHKRSNN,-2.2904536724090576,1.2618070840835571,0.2857142857142857,0.0,1.112328290939331,0.8623283207416534
YYRSSAM,-0.6614788770675659,-0.43362337350845337,0.5714285714285714,0.2857142857142857,1.120378017425537,0.9703779578208924
NHRSNHQ,-0.04224066436290741,-0.9362018704414368,0.5714285714285714,0.4285714285714285,1.139148473739624,0.9891485333442688
YHQRLTN,0.6212262511253357,-0.06784142553806305,0.5714285714285714,0.2857142857142857,1.31499445438385,1.0
ESRRHNG,-0.6934872269630432,-1.2731633186340332,0.7142857142857143,0.4285714285714285,1.0235960483551023,0.923596078157425
YYRRPNH,-3.596252679824829,0.8586832880973816,0.5714285714285714,0.2857142857142857,0.9108032584190368,0.7608032584190368
YNRAGQE,1.4342008829116821,-2.4254190921783447,0.5714285714285714,0.4285714285714285,1.151697874069214,1.0
TGSVFNN,-0.5453046560287476,-3.687490224838257,0.7142857142857143,0.4285714285714285,0.7741385698318481,0.6741385400295258
YYRAQTV,-0.8952223658561707,-0.5649483799934387,0.5714285714285714,0.4285714285714285,1.0777547359466553,0.9277547359466553
YVHRSMV,-1.3979206085205078,0.5490609407424927,0.5714285714285714,0.2857142857142857,1.140671730041504,0.9906717002391816
IHSHFNN,-0.023879412561655045,-1.8812617063522339,0.5714285714285714,0.4285714285714285,1.0367379188537598,0.8867379486560821
YYSRSDN,-0.3116157650947571,0.05455779284238815,0.5714285714285714,0.1428571428571428,1.2164571285247805,1.0
YSHSFNA,-0.2012641876935959,-1.4454072713851929,0.7142857142857143,0.1428571428571428,1.0636725425720217,0.9636725127696992
YEARSNN,0.5405120849609375,-1.1931185722351074,0.4285714285714285,0.2857142857142857,1.1807295083999634,0.9807295382022858
QSSDSAN,-0.8650357127189636,-3.88497257232666,0.5714285714285714,0.2857142857142857,0.7138599157333374,0.563859885931015
YHHRGHN,-0.031043026596307755,0.6489031910896301,0.4285714285714285,0.1428571428571428,1.3159629106521606,1.0
YKHGMNN,2.2220382690429688,-1.493682861328125,0.5714285714285714,0.2857142857142857,1.3495032787322998,1.0
YRSRDSN,0.47373080253601074,-2.2144405841827393,0.7142857142857143,0.4285714285714285,1.059646487236023,0.959646487236023
YSHNSKG,2.2069973945617676,-1.48109769821167,0.5714285714285714,0.4285714285714285,1.3490891456604004,1.0
QHRRNHD,-1.3990920782089233,0.06319080293178558,0.5714285714285714,0.4285714285714285,1.0867458581924438,0.9367458283901214
KSKREDN,-0.2375817596912384,-2.357879877090454,0.5714285714285714,0.4285714285714285,0.9582993984222412,0.8082993686199188
YSRRSSN,-2.100688934326172,1.4132413864135742,0.4285714285714285,0.1428571428571428,1.1518932580947876,0.95189328789711
YSRRNEL,0.4898875951766968,-0.5665217638015747,0.4285714285714285,0.2857142857142857,1.244010090827942,1.0
LYRRGVN,-2.33817458152771,0.3119540512561798,0.2857142857142857,0.2857142857142857,1.0014469623565674,0.7514469921588898
YYARRWN,-3.7858474254608154,0.7028183341026306,0.7142857142857143,0.4285714285714285,0.8707683086395264,0.770768278837204
YHKIKNN,-2.184356689453125,0.5601385235786438,0.4285714285714285,0.2857142857142857,1.0474028587341309,0.8474028289318085
QVHRSGN,1.0865763425827026,-1.2726205587387085,0.5714285714285714,0.2857142857142857,1.2375417947769165,1.0
LGHSGNN,0.9101356267929077,-3.4781129360198975,0.4285714285714285,0.2857142857142857,0.9721965193748474,0.7721965193748475
YYHRNSN,-1.1497745513916016,0.3425467908382416,0.5714285714285714,0.1428571428571428,1.1476271152496338,0.9976271450519562
YYSSGTN,-0.3440079987049103,-2.652324676513672,0.2857142857142857,0.2857142857142857,0.912916898727417,0.6629169285297394
VYSDQTT,-0.5862784385681152,-2.9913017749786377,0.7142857142857143,0.5714285714285714,0.8462823629379272,0.7462823927402497
VSRKSNL,-2.213300943374634,-0.2467813640832901,0.5714285714285714,0.4285714285714285,0.9546000957489014,0.8046001255512237
VHRRHNP,-2.823439359664917,0.4990217685699463,0.5714285714285714,0.4285714285714285,0.963847517967224,0.8138474881649017
YSYRSYG,-1.4384276866912842,0.6987910270690918,0.7142857142857143,0.2857142857142857,1.1523795127868652,1.0
YVRASVN,1.203505277633667,-0.45043158531188965,0.4285714285714285,0.2857142857142857,1.342606782913208,1.0
FYRRSDS,-1.1235995292663574,0.18300461769104004,0.5714285714285714,0.4285714285714285,1.1331111192703247,0.9831111490726472
YYRRERN,-2.4941725730895996,0.7198473811149597,0.5714285714285714,0.2857142857142857,1.0278561115264893,0.8778560519218445
YHSRSED,1.204561471939087,-0.30070826411247253,0.5714285714285714,0.1428571428571428,1.3593077659606934,1.0
YHGRMNS,1.0840997695922852,-0.5926822423934937,0.5714285714285714,0.2857142857142857,1.3125123977661133,1.0
YYDLMNI,-2.6797165870666504,-0.27673667669296265,0.5714285714285714,0.4285714285714285,0.895241379737854,0.7452413499355316
QVVLSNN,-0.6125665903091431,-4.181778907775879,0.4285714285714285,0.2857142857142857,0.7113395929336548,0.5113395631313324
RYHRFDL,-1.9401369094848633,0.15828543901443481,0.7142857142857143,0.4285714285714285,1.0322628021240234,0.9322628021240236
YYSLSNN,-1.1556600332260132,-0.09159748256206512,0.2857142857142857,0.1428571428571428,1.098860740661621,0.8488608002662659
YHVGSNT,0.8324868083000183,-3.043003797531128,0.4285714285714285,0.1428571428571428,1.0110324621200562,0.8110324323177338
YMRGGYP,-0.8029919862747192,-1.0807996988296509,0.4285714285714285,0.2857142857142857,1.0317327976226809,0.8317327976226807
YKERSNN,1.4711459875106812,-1.8044769763946533,0.4285714285714285,0.2857142857142857,1.224874496459961,1.0
YEERSSG,0.5330621600151062,-2.590528964996338,0.5714285714285714,0.2857142857142857,1.025143027305603,0.8751430571079254
YSHRLDT,0.4137706756591797,-0.9940698742866516,0.7142857142857143,0.2857142857142857,1.1875351667404177,1.0
NYPLSHN,0.37617766857147217,-3.1331984996795654,0.5714285714285714,0.2857142857142857,0.9462196826934814,0.7962196826934814
YQHSSNN,0.6841301321983337,-2.9645493030548096,0.4285714285714285,0.1428571428571428,1.0018912553787231,0.8018912851810456
IYTGIAL,-2.1250908374786377,-1.1173579692840576,0.7142857142857143,0.5714285714285714,0.8688274621963501,0.7688274621963501
YHHRHGY,-1.5887997150421143,0.7163228988647461,0.7142857142857143,0.1428571428571428,1.1362520456314087,1.0
VHVRSHN,0.8086667060852051,-0.8445627689361572,0.5714285714285714,0.2857142857142857,1.2515347003936768,1.0
YKHRSDN,-1.0520448684692383,0.04034516587853432,0.5714285714285714,0.2857142857142857,1.1259167194366455,0.9759166896343232
KYVDGSN,0.09016814827919006,-2.38785982131958,0.5714285714285714,0.4285714285714285,0.9943617582321168,0.8443617880344391
QYKRYNP,-2.6541929244995117,0.5059860348701477,0.5714285714285714,0.4285714285714285,0.9849544763565063,0.8349545061588287
YHFDIKN,-0.07463227212429047,-1.5341949462890625,0.5714285714285714,0.4285714285714285,1.0690594911575315,0.9190594911575316
YYRRQNQ,-3.686481237411499,0.8992776870727539,0.5714285714285714,0.2857142857142857,0.904455542564392,0.7544555127620697
YHFRNGK,-3.4177677631378174,0.2307891547679901,0.5714285714285714,0.4285714285714285,0.8627423048019409,0.7127423197031021
YHRLWFG,-4.390846252441406,1.7835845947265625,0.4285714285714285,0.2857142857142857,0.917713224887848,0.7177132025361062
QYRKGNA,-1.6093207597732544,-0.049156107008457184,0.7142857142857143,0.2857142857142857,1.049048900604248,0.949048900604248
HFHISMN,-2.387568712234497,-1.2267365455627441,0.5714285714285714,0.4285714285714285,0.8251811265945435,0.675181096792221
YHHRSVA,0.35050445795059204,0.4198554754257202,0.5714285714285714,0.2857142857142857,1.3364529609680176,1.0
YYHTGIH,-1.5426455736160278,-1.0169460773468018,0.7142857142857143,0.4285714285714285,0.9499273300170898,0.8499273598194123
YYHRNSG,-1.1440542936325073,0.27742329239845276,0.4285714285714285,0.2857142857142857,1.1411054134368896,0.9411054134368896
YSGRQEN,1.1550498008728027,-2.663843870162964,0.5714285714285714,0.4285714285714285,1.0917627811431885,0.9417628407478332
YHSREQN,1.3135424852371216,-2.624420166015625,0.5714285714285714,0.2857142857142857,1.1151708364486694,0.9651708364486694
YYRKLNN,-3.288139581680298,0.37983691692352295,0.4285714285714285,0.1428571428571428,0.8948173522949219,0.6948173522949219
YYTSRSN,0.5497521758079529,-1.17765212059021,0.5714285714285714,0.2857142857142857,1.1835519075393677,1.0
WHSKLDM,-0.4497319161891937,-1.0369324684143066,0.5714285714285714,0.5714285714285714,1.0790352821350098,0.929035222530365
YSRRGNL,-1.9926706552505493,0.5658508539199829,0.4285714285714285,0.2857142857142857,1.0710673332214355,0.8710673928260804
VYRDMAN,0.26051774621009827,-1.745719075202942,0.7142857142857143,0.4285714285714285,1.0859143733978271,0.9859144032001496
VYPRSNT,1.3627716302871704,0.7912814021110535,0.4285714285714285,0.2857142857142857,1.499199390411377,1.0
YFRSDNS,-0.2831232249736786,0.004915251862257719,0.5714285714285714,0.2857142857142857,1.2143853902816772,1.0
PSHRSVE,0.9019509553909302,-2.8249318599700928,0.7142857142857143,0.2857142857142857,1.0435192584991455,0.9435192584991456
PYHRLNP,-1.0422449111938477,0.6211263537406921,0.5714285714285714,0.2857142857142857,1.1913858652114868,1.0
NHRQSLN,1.1156500577926636,-1.3465791940689087,0.4285714285714285,0.4285714285714285,1.232848048210144,1.0
YYSKMGV,0.1873871088027954,-0.9519967436790466,0.5714285714285714,0.4285714285714285,1.1649911403656006,1.0
YSSRSNN,2.5225963592529297,-0.9731555581092834,0.4285714285714285,0.0,1.4432388544082642,1.0
YHRRGNI,-3.0339462757110596,1.1207228899002075,0.4285714285714285,0.0,1.0073752403259275,0.8073752701282502
YHHRQTF,-1.2043856382369995,-0.10839682072401047,0.4285714285714285,0.2857142857142857,1.091146469116211,0.8911464393138886
IHHSSNG,0.7894530296325684,-3.5811352729797363,0.5714285714285714,0.2857142857142857,0.9462912678718568,0.7962912827730179
VHRSIYQ,-0.39903151988983154,0.13552840054035187,0.5714285714285714,0.4285714285714285,1.2149169445037842,1.0
HVRRATP,-3.3082685470581055,-0.19216087460517883,0.5714285714285714,0.4285714285714285,0.8290793299674988,0.67907934486866
YHHWSSN,-1.514761209487915,0.03518971800804138,0.4285714285714285,0.1428571428571428,1.0697476863861084,0.8697477459907532
YSRLSNW,-2.0792324542999268,1.631932258605957,0.2857142857142857,0.2857142857142857,1.178680181503296,0.928680181503296
VNHVPLQ,-0.1645314246416092,-4.084211349487305,0.7142857142857143,0.4285714285714285,0.7759743332862854,0.6759743481874466
YYRWSIA,-3.3141767978668213,0.8077870011329651,0.5714285714285714,0.2857142857142857,0.9390622973442078,0.7890622824430465
YQRRNLN,-2.6322884559631348,-0.37425389885902405,0.4285714285714285,0.2857142857142857,0.8901451230049133,0.6901451230049134
YYHISKN,-0.2935154438018799,0.005791724193841219,0.5714285714285714,0.2857142857142857,1.2132337093353271,1.0
IYYRGTN,-1.7237815856933594,0.9853217005729675,0.5714285714285714,0.2857142857142857,1.1498109102249146,0.999810880422592
THERNNN,1.727909803390503,-4.051928520202637,0.5714285714285714,0.4285714285714285,1.0069365501403809,0.8569365799427032
ISSRINI,0.7607873678207397,-2.763003349304199,0.5714285714285714,0.4285714285714285,1.0334129333496094,0.8834129631519317
GHHRQNP,0.19428829848766327,-0.7483439445495605,0.7142857142857143,0.4285714285714285,1.1883645057678225,1.0
YSHSSGN,1.3503379821777344,-1.244716763496399,0.4285714285714285,0.1428571428571428,1.2723233699798584,1.0
HYHVDIN,-0.9877808690071106,-1.4026942253112793,0.7142857142857143,0.2857142857142857,0.9738959670066832,0.8738959670066834
YHHVMNN,-1.0123875141143799,-1.1423567533493042,0.4285714285714285,0.2857142857142857,0.9997583627700806,0.7997583627700806
YHRKSTN,-2.37030291557312,1.6820838451385498,0.2857142857142857,0.2857142857142857,1.149258017539978,0.8992580473423004
YSHRSQE,1.6300535202026367,0.18755756318569183,0.5714285714285714,0.2857142857142857,1.464483618736267,1.0
YHHQAHW,-1.1343841552734375,0.25501978397369385,0.7142857142857143,0.4285714285714285,1.1397873163223269,1.0
VYHSSLN,-0.551652193069458,-1.658245325088501,0.5714285714285714,0.2857142857142857,0.9980103969573976,0.8480104267597198
YISRSPN,1.9958795309066772,-1.037926197052002,0.4285714285714285,0.2857142857142857,1.3727805614471436,1.0
YHHKGVS,1.4940149784088135,-0.22522082924842834,0.5714285714285714,0.4285714285714285,1.4024436473846436,1.0
YSRSSAW,-1.0019946098327637,0.5026821494102478,0.5714285714285714,0.2857142857142857,1.183110594749451,1.0
YYRNGNM,-0.823891282081604,-0.17446991801261902,0.5714285714285714,0.2857142857142857,1.1295510530471802,0.9795510530471802
VAHSAIN,0.4565829336643219,-3.601369619369507,0.5714285714285714,0.4285714285714285,0.9040549993515016,0.7540549844503402
YMRRNEN,-0.2823105752468109,-1.1864383220672607,0.4285714285714285,0.2857142857142857,1.08260178565979,0.8826018452644349
YSKKGHN,-2.7034597396850586,0.30829089879989624,0.4285714285714285,0.2857142857142857,0.9571502208709716,0.7571502208709717
EHHRSHA,-0.03854333981871605,0.2927110493183136,0.7142857142857143,0.2857142857142857,1.2756317853927612,1.0
KHRVSNV,-3.2587454319000244,0.4926113486289978,0.4285714285714285,0.2857142857142857,0.910833179950714,0.7108331948518753
YGKRQLN,-2.136916399002075,-0.7256703972816467,0.5714285714285714,0.4285714285714285,0.910765826702118,0.7607658267021179
YYHRSNN,-0.9529139399528503,1.031571388244629,0.4285714285714285,0.1428571428571428,1.2475552558898926,1.0
GHRLTND,1.0970653295516968,-3.0014216899871826,0.4285714285714285,0.4285714285714285,1.0474263429641724,0.84742631316185
GYRVLGD,0.23383936285972595,-2.6758995056152344,0.5714285714285714,0.2857142857142857,0.9797391891479492,0.8297391891479492
YHRRSSE,-1.346415638923645,1.5888808965682983,0.4285714285714285,0.2857142857142857,1.2619669437408447,1.0
VYGDSFN,-2.045846700668335,0.23556682467460632,0.5714285714285714,0.2857142857142857,1.02811598777771,0.8781159877777099
YYRGSNN,0.5606755018234253,0.3608863651752472,0.2857142857142857,0.0,1.3551785945892334,1.0
YFHRESN,-0.9202113151550293,0.07709910720586777,0.7142857142857143,0.2857142857142857,1.1458258628845217,1.0
TWRRLNS,-4.16729211807251,1.135015606880188,0.7142857142857143,0.4285714285714285,0.8727788925170898,0.7727789223194123
EMHRSNN,0.9455835223197937,-1.7842315435409546,0.5714285714285714,0.2857142857142857,1.163965940475464,1.0
YHHSSTS,0.271450012922287,-1.1527049541473389,0.5714285714285714,0.2857142857142857,1.1528737545013428,1.0
IHRSDWL,-1.7841981649398804,-0.4657299220561981,0.5714285714285714,0.4285714285714285,0.9819221496582032,0.8319221794605255
YSRRSNN,-1.634276270866394,1.1742011308670044,0.2857142857142857,0.0,1.181474208831787,0.9314742088317872
YYYRMNV,-2.825355291366577,0.3310059905052185,0.7142857142857143,0.2857142857142857,0.9450182914733888,0.8450182616710663
VSHRSNN,1.2683378458023071,-1.751955270767212,0.5714285714285714,0.1428571428571428,1.2063199281692505,1.0
MHSRNLN,1.428156852722168,-1.6928105354309082,0.5714285714285714,0.1428571428571428,1.2320703268051147,1.0
YKSRSSN,-2.969478130340576,0.7688500285148621,0.5714285714285714,0.2857142857142857,0.9761696457862854,0.8261696457862854
ISRRGGN,-2.495213747024536,-0.9866904616355896,0.4285714285714285,0.4285714285714285,0.8388196229934692,0.6388196229934693
YMKRLEG,0.8189495801925659,-0.5449830889701843,0.7142857142857143,0.2857142857142857,1.285933256149292,1.0
LHYRLNT,-1.705876111984253,0.638818621635437,0.5714285714285714,0.4285714285714285,1.11360502243042,0.96360502243042
YVRRGNS,-2.32098126411438,0.41752904653549194,0.5714285714285714,0.2857142857142857,1.015199899673462,0.8651998400688171
YYRVNVN,-1.6390178203582764,0.19710901379585266,0.4285714285714285,0.2857142857142857,1.0727417469024658,0.8727418065071106
VHRSQTV,1.5468693971633911,-0.8129650950431824,0.5714285714285714,0.4285714285714285,1.3437321186065674,1.0
YYRRSNN,-3.154005289077759,0.9878677725791931,0.2857142857142857,0.0,0.9782426357269288,0.7282426059246063
YHRRSWN,-3.3465263843536377,1.3808623552322388,0.2857142857142857,0.2857142857142857,0.9986138939857484,0.7486138790845871
MSRVQPT,1.787356972694397,-3.8328816890716553,0.5714285714285714,0.5714285714285714,1.038327693939209,0.8883276492357254
ILHRSIN,0.013285732828080654,0.16441048681735992,0.5714285714285714,0.2857142857142857,1.2676565647125244,1.0
YYSGSLA,-0.6279314160346985,-2.6897177696228027,0.5714285714285714,0.2857142857142857,0.8746623992919922,0.7246624290943146
YSKHSGN,2.079240083694458,-0.17711496353149414,0.4285714285714285,0.2857142857142857,1.4780874252319336,1.0
DHHRSTN,0.997923731803894,-1.423265814781189,0.5714285714285714,0.2857142857142857,1.2102134227752686,1.0
YSNRHDI,1.0242037773132324,-2.436321973800659,0.7142857142857143,0.4285714285714285,1.1012272834777832,1.0
VARRSGP,-1.4323177337646484,-1.0506848096847534,0.4285714285714285,0.4285714285714285,0.959449052810669,0.7594490826129914
YERRINN,0.23980814218521118,-2.176880359649658,0.4285714285714285,0.2857142857142857,1.035697102546692,0.8356970727443696
YSKLSSN,3.1126463413238525,-0.6936944723129272,0.4285714285714285,0.2857142857142857,1.5450729131698608,1.0
YYHKGIG,0.6510007977485657,-0.36098605394363403,0.5714285714285714,0.2857142857142857,1.2861213684082031,1.0
NSHRFNG,1.5779073238372803,-2.582000255584717,0.7142857142857143,0.4285714285714285,1.1516318321228027,1.0
YHSKLWE,0.12425897270441055,-0.21759921312332153,0.5714285714285714,0.4285714285714285,1.2387027740478516,1.0
YHRGGTS,0.9379976987838745,-0.7561031579971313,0.4285714285714285,0.2857142857142857,1.2768669128417969,1.0
YLHRSYD,-1.207861065864563,0.558170735836029,0.5714285714285714,0.2857142857142857,1.1645169258117676,1.0
AHHRLQH,-1.0329097509384155,0.5160610675811768,0.7142857142857143,0.4285714285714285,1.1808769702911377,1.0
NQHSEES,-0.6930385231971741,-4.261708736419678,0.8571428571428571,0.5714285714285714,0.692822277545929,0.6428222626447677
QYWTGDL,-4.013635635375977,0.3636876940727234,0.7142857142857143,0.5714285714285714,0.8058567643165588,0.70585677921772
KSSLSAN,0.08450764417648315,-3.2977383136749268,0.5714285714285714,0.2857142857142857,0.8929593563079834,0.7429593563079834
LHRGTNK,-3.229844570159912,0.7880549430847168,0.5714285714285714,0.2857142857142857,0.9470109939575196,0.7970109939575195
YHRRSRN,-3.3606820106506348,1.1719481945037842,0.2857142857142857,0.2857142857142857,0.9737865924835204,0.7237865775823593
LKHKSWN,-3.470771551132202,0.11727748811244965,0.5714285714285714,0.4285714285714285,0.8438080549240112,0.69380804002285
VYRYMVE,-2.3927805423736572,0.437004417181015,0.7142857142857143,0.5714285714285714,1.0087286233901978,0.9087286233901978
HHRKSHN,-2.0231781005859375,1.5044761896133423,0.4285714285714285,0.4285714285714285,1.1713062524795532,0.9713062822818757
NTFSSNN,-0.07499860972166061,-4.151636600494385,0.5714285714285714,0.2857142857142857,0.7792683839797974,0.6292683988809585
YSHSSNN,1.2270183563232422,-1.5571527481079102,0.4285714285714285,0.1428571428571428,1.222919464111328,1.0
VHHRSLN,0.28899869322776794,1.1767796277999878,0.5714285714285714,0.1428571428571428,1.4128530025482178,1.0
YKRGSNI,-3.302366256713867,-0.8177853226661682,0.4285714285714285,0.2857142857142857,0.7605328559875488,0.5605328261852265
HHHRLNN,-0.8562471270561218,1.141974925994873,0.5714285714285714,0.1428571428571428,1.2713918685913086,1.0
YSHRGNN,2.081707000732422,0.43517470359802246,0.4285714285714285,0.1428571428571428,1.5461634397506714,1.0
YPRRANN,-1.910089373588562,-0.7049983143806458,0.4285714285714285,0.1428571428571428,0.9403088092803956,0.7403088092803956
YMRRTNF,-2.5101711750030518,0.2986997365951538,0.5714285714285714,0.2857142857142857,0.979313313961029,0.829313313961029
DISNNDN,-0.7585350871086121,-4.319958209991455,0.7142857142857143,0.4285714285714285,0.6785042881965637,0.5785042881965637
YYSMSHI,-2.5037851333618164,-0.5776886343955994,0.4285714285714285,0.4285714285714285,0.8830657005310059,0.6830656707286835
LHHRSNN,0.10724355280399323,0.7904194593429565,0.4285714285714285,0.1428571428571428,1.348244547843933,1.0
NHHRQNN,0.33928775787353516,-0.5203045606613159,0.5714285714285714,0.2857142857142857,1.2310307025909424,1.0
HHHISAN,-0.6760674715042114,-1.3139865398406982,0.5714285714285714,0.2857142857142857,1.021170139312744,0.8711701095104217
YHRRSSE,-1.346415638923645,1.5888808965682983,0.4285714285714285,0.2857142857142857,1.2619669437408447,1.0
YMHRNNL,-0.2507210671901703,-0.7050787806510925,0.7142857142857143,0.2857142857142857,1.1396832466125488,1.0
YHSRSLS,0.8432286381721497,0.6469634771347046,0.5714285714285714,0.2857142857142857,1.420797348022461,1.0
YYSSNEM,-1.723938226699829,-1.9516323804855347,0.5714285714285714,0.4285714285714285,0.824675440788269,0.674675440788269
VENRGPN,1.0748852491378784,-4.007408618927002,0.5714285714285714,0.4285714285714285,0.9333999156951904,0.783399885892868
YYRRSNT,-3.691347122192383,0.9516886472702026,0.4285714285714285,0.1428571428571428,0.9096726179122924,0.7096726328134537
YNRRMDN,0.05173667520284653,-2.212526321411133,0.5714285714285714,0.2857142857142857,1.009153127670288,0.8591531872749328
VMRRSNP,-1.7895208597183228,-0.21368783712387085,0.4285714285714285,0.2857142857142857,1.0091832876205444,0.8091832876205445
YYKRDQN,0.18659746646881104,0.6269292235374451,0.5714285714285714,0.2857142857142857,1.3396811485290527,1.0
YSRVAYN,-0.376187264919281,1.2460366487503052,0.2857142857142857,0.1428571428571428,1.3405935764312744,1.0
LWFRLDD,-4.1607279777526855,0.6629130840301514,0.5714285714285714,0.4285714285714285,0.821306586265564,0.6713065862655639
YYHRSQP,-1.4621232748031616,1.2943823337554932,0.2857142857142857,0.1428571428571428,1.215463399887085,0.9654633402824402
TYKLLGN,0.9469683170318604,-2.2577669620513916,0.7142857142857143,0.2857142857142857,1.1117126941680908,1.0
YHHRSTG,0.7631025910377502,0.8092522621154785,0.5714285714285714,0.2857142857142857,1.4291348457336426,1.0
YHFMAHN,-1.8810077905654907,-1.064464807510376,0.5714285714285714,0.4285714285714285,0.9040108323097228,0.7540108323097229
YFRTGDL,-1.3978248834609985,-0.34269431233406067,0.4285714285714285,0.4285714285714285,1.0419671535491943,0.8419671833515168
LHRRSNT,-3.152311325073242,1.6555061340332031,0.4285714285714285,0.2857142857142857,1.052352786064148,0.8523527413606644
HPSGSQN,0.8468782305717468,-4.11618709564209,0.7142857142857143,0.4285714285714285,0.8939617872238159,0.7939617574214936
YHMISTN,-0.6694382429122925,-1.7215434312820435,0.4285714285714285,0.4285714285714285,0.976850688457489,0.7768506884574891
YNALSDN,-0.37108224630355835,-1.61949622631073,0.4285714285714285,0.4285714285714285,1.0239964723587036,0.8239964723587037
YHRSGSN,0.7193309664726257,0.6006410717964172,0.2857142857142857,0.1428571428571428,1.400782346725464,1.0
AYHRSSN,0.39218300580978394,1.1044399738311768,0.5714285714285714,0.2857142857142857,1.417243242263794,1.0
YHHRSSG,0.6122789978981018,1.0777634382247925,0.5714285714285714,0.1428571428571428,1.4407362937927246,1.0
YHRRASN,-3.450451374053955,1.3197987079620361,0.4285714285714285,0.0,0.9793670177459716,0.7793670028448105
YRHFLMN,-2.794116497039795,-1.1331897974014282,0.5714285714285714,0.4285714285714285,0.7866873741149902,0.6366873741149902
EYRRHSP,-1.3960155248641968,-0.4513319730758667,0.5714285714285714,0.4285714285714285,1.030158519744873,0.8801584899425506
YYRRSNA,-2.733581304550171,1.136701226234436,0.4285714285714285,0.1428571428571428,1.0452347993850708,0.8452347695827485
LYVFGNN,-2.9127023220062256,0.30089572072029114,0.5714285714285714,0.4285714285714285,0.931189775466919,0.7811897456645965
YHSRLDI,0.20281843841075897,-1.7518913745880127,0.5714285714285714,0.2857142857142857,1.0782982110977173,0.9282982110977172
YSHSSNT,0.8467010259628296,-1.7116814851760864,0.5714285714285714,0.2857142857142857,1.1601159572601318,1.0
IVHRINN,0.20095980167388916,-0.8184006810188293,0.7142857142857143,0.2857142857142857,1.1814110279083252,1.0
YHSKANN,2.1307945251464844,-1.6696091890335083,0.4285714285714285,0.1428571428571428,1.3190650939941406,1.0
HHKSSNE,0.983810305595398,-1.720619559288025,0.5714285714285714,0.2857142857142857,1.1756010055541992,1.0
YYSRENN,0.15197552740573883,-0.6716225147247314,0.5714285714285714,0.1428571428571428,1.1917734146118164,1.0
YHFSGNS,-0.5890788435935974,-0.7092815637588501,0.5714285714285714,0.2857142857142857,1.098562240600586,0.9485623002052308
YSSRSNN,2.5225963592529297,-0.9731555581092834,0.4285714285714285,0.0,1.4432388544082642,1.0
NSRRSSN,-3.1671836376190186,-0.6873442530632019,0.4285714285714285,0.2857142857142857,0.7912154793739319,0.5912154942750931
VYNKSAN,2.245457887649536,-1.8427842855453491,0.5714285714285714,0.2857142857142857,1.3136723041534424,1.0
YYRRSLQ,-3.67240571975708,0.6758692264556885,0.5714285714285714,0.1428571428571428,0.8814157247543335,0.7314157247543335
YYAKGAN,1.3912017345428467,-1.6953015327453613,0.5714285714285714,0.2857142857142857,1.2273542881011963,1.0
GYHRSTN,0.7544757723808289,-0.00846523605287075,0.4285714285714285,0.1428571428571428,1.337578058242798,1.0
YHRKSVQ,-2.9485435485839844,1.089866042137146,0.4285714285714285,0.2857142857142857,1.01422119140625,0.8142211318016053
QHRRSNN,-2.842632532119751,0.5514909029006958,0.2857142857142857,0.2857142857142857,0.967349648475647,0.7173496186733246
VGHRSGN,1.2455700635910034,-2.06364369392395,0.5714285714285714,0.1428571428571428,1.1690807342529297,1.0
YFRATIH,-1.7125232219696045,-1.2963883876800537,0.7142857142857143,0.4285714285714285,0.8985816240310669,0.7985815942287445
NRRKSGN,-3.237478494644165,0.694595217704773,0.5714285714285714,0.2857142857142857,0.9357479214668274,0.7857479214668274
PHRRSMN,-3.2898507118225098,-0.19188569486141205,0.4285714285714285,0.2857142857142857,0.8313229084014893,0.6313228785991669
YSHKPNN,2.048110246658325,-1.0082029104232788,0.5714285714285714,0.2857142857142857,1.3823466300964355,1.0
VFKRGNE,1.2002358436584473,-1.7444045543670654,0.7142857142857143,0.4285714285714285,1.1989728212356567,1.0
YYHLNHM,-2.8032312393188477,-1.5510613918304443,0.5714285714285714,0.4285714285714285,0.7393343448638916,0.5893343448638916
MSSRSGE,1.5463075637817383,-3.9169118404388428,0.7142857142857143,0.4285714285714285,1.000062108039856,0.9000620633363724
YSHRSSG,1.7134571075439453,-0.15115699172019958,0.5714285714285714,0.2857142857142857,1.4370098114013672,1.0
YHRRPNI,-3.169022798538208,0.8957980871200562,0.4285714285714285,0.1428571428571428,0.9662461280822754,0.7662461131811142
YSRRSTN,-1.765214204788208,1.0001578330993652,0.4285714285714285,0.1428571428571428,1.1464749574661257,0.9464749276638031
YYSRDNN,0.2975325882434845,-0.7687757611274719,0.5714285714285714,0.1428571428571428,1.1985082626342771,1.0
YSHRSEI,1.0637435913085938,0.6748918890953064,0.7142857142857143,0.2857142857142857,1.4503852128982544,1.0
YNRRGTN,-2.1292216777801514,-0.7340976595878601,0.2857142857142857,0.2857142857142857,0.910757541656494,0.6607575118541718
YLHRSGW,-1.6511204242706299,0.7239959836006165,0.7142857142857143,0.2857142857142857,1.1296132802963257,1.0
VYRVKQV,-2.560941219329834,0.31150394678115845,0.5714285714285714,0.5714285714285714,0.9746303558349608,0.8246303558349609
QWHFSNN,-2.8088862895965576,0.9071895480155945,0.5714285714285714,0.2857142857142857,1.0107797384262085,0.8607797384262085
YHHHSHD,-0.7368096113204956,-0.21067839860916138,0.5714285714285714,0.4285714285714285,1.1360061168670654,0.9860061764717102
QYHMSHN,-0.4339471161365509,-1.4419329166412354,0.5714285714285714,0.2857142857142857,1.036098837852478,0.8860988676548004
YSSCNLL,-3.499135971069336,-1.1742851734161377,0.4285714285714285,0.4285714285714285,0.6974257230758667,0.4974257379770279
YHHLSAN,0.5132655501365662,0.11275442689657211,0.2857142857142857,0.1428571428571428,1.322014093399048,1.0
PYSSNNP,0.7922440767288208,-2.9710190296173096,0.7142857142857143,0.2857142857142857,1.0141656398773191,0.9141656398773194
YHHSNGN,0.7740498185157776,-1.2331854104995728,0.5714285714285714,0.0,1.204355239868164,1.0
QHYRGTN,0.6280046105384827,-0.13269510865211487,0.4285714285714285,0.0,1.3086297512054443,1.0
YHRVSNN,2.1698405742645264,2.5461530685424805,0.1428571428571428,0.0,1.790435552597046,1.0
IHRRMSE,-0.4986925721168518,0.379482239484787,0.5714285714285714,0.0,1.2299473285675049,1.0
NWNRSNT,0.08139913529157639,-0.9254494905471802,0.7142857142857143,0.0,1.155194878578186,1.0
YHHRSSN,0.06909715384244919,1.469557523727417,0.4285714285714285,0.0,1.4188406467437744,1.0
YYHRSNS,-1.1792142391204834,0.39487725496292114,0.5714285714285714,0.0,1.149882674217224,0.999882674217224
YNRSSTN,2.181130886077881,-1.5367486476898193,0.2857142857142857,0.0,1.3398206233978271,1.0
YPSRANN,2.6573803424835205,-1.664670705795288,0.5714285714285714,0.0,1.3828842639923096,1.0
WYHRQNN,-1.4826608896255493,0.6416475772857666,0.7142857142857143,0.0,1.140738844871521,1.0
SHSRNHT,-0.07808857411146164,-0.8157320618629456,0.7142857142857143,0.0,1.148176908493042,1.0
PYHRSLI,-2.218351125717163,1.9823461771011353,0.5714285714285714,0.0,1.2007546424865725,1.0
YSNRNTN,2.3288562297821045,-2.478529691696167,0.4285714285714285,0.0,1.2533169984817505,1.0
IYRPSGN,1.7072324752807617,-1.5987275838851929,0.5714285714285714,0.0,1.2760179042816162,1.0
YHHRINL,-0.6975357532501221,0.23486895859241486,0.5714285714285714,0.0,1.1900466680526731,1.0
QYRASQG,1.9845764636993408,-2.35369610786438,0.5714285714285714,0.0,1.2257684469223022,1.0
GYNKSDM,1.1272261142730713,-1.5023711919784546,0.5714285714285714,0.0,1.2169930934906006,1.0
YHKRDNT,0.3352314531803131,-0.5316146016120911,0.5714285714285714,0.0,1.2292914390563965,1.0
YHARHNN,0.23315875232219696,0.037446871399879456,0.4285714285714285,0.0,1.2800209522247314,1.0
YHRGSNF,-0.6200349926948547,0.5210443139076233,0.2857142857142857,0.0,1.2310380935668943,0.9810380339622498
TYHRENI,0.9001670479774475,-0.4324103593826294,0.5714285714285714,0.0,1.3081536293029783,1.0
YSRNMNG,2.714799642562866,-0.7467058300971985,0.4285714285714285,0.0,1.491400957107544,1.0
AYRSNQN,1.123417615890503,-1.6019285917282104,0.5714285714285714,0.0,1.205514669418335,1.0
YHHRDEE,1.3508009910583496,-1.494982123374939,0.7142857142857143,0.0,1.2446749210357666,1.0
YHKSLLN,1.111425518989563,-0.1951863020658493,0.4285714285714285,0.0,1.3597980737686155,1.0
YYSRSVA,-0.08334597945213318,0.14769048988819122,0.4285714285714285,0.0,1.2541948556900024,1.0
YHRNSAN,1.7620826959609985,0.6020299196243286,0.2857142857142857,0.0,1.5262292623519895,1.0
YYHRGTQ,-1.6202445030212402,0.7038553357124329,0.5714285714285714,0.0,1.1310936212539673,0.9810936510562897
FHHRSNG,0.6014653444290161,0.08536902070045471,0.5714285714285714,0.0,1.329580307006836,1.0
VYHRGNN,0.8171966671943665,1.7982733249664307,0.5714285714285714,0.0,1.5451178550720217,1.0
YYVRQNN,-1.1737035512924194,1.0263090133666992,0.5714285714285714,0.0,1.2204434871673584,1.0
YYHRNQN,-1.1694985628128052,0.2362540066242218,0.5714285714285714,0.0,1.133490800857544,0.9834907710552216
YMHRINE,0.8418253064155579,-1.2383192777633667,0.7142857142857143,0.0,1.211930513381958,1.0
YYHRHNW,-1.3570561408996582,1.0355502367019653,0.7142857142857143,0.0,1.199435472488403,1.0
YSSRTQN,2.2097606658935547,-2.3044400215148926,0.5714285714285714,0.0,1.2582783699035645,1.0
YARNSNN,2.7573540210723877,0.1546042114496231,0.2857142857142857,0.0,1.5962878465652466,1.0
YSHRGYG,-0.3497818410396576,0.5142014026641846,0.5714285714285714,0.0,1.262753129005432,1.0
YHRVATN,1.777061104774475,1.969949722290039,0.4285714285714285,0.0,1.6794557571411133,1.0
YYSRNNA,0.788606584072113,-1.448411226272583,0.7142857142857143,0.0,1.182279109954834,1.0
YAHRSSN,1.656024694442749,0.49888747930526733,0.4285714285714285,0.0,1.502068042755127,1.0
VHHRGQL,0.35374167561531067,0.6106638312339783,0.5714285714285714,0.0,1.357964038848877,1.0
IHHRSSN,0.29642415046691895,0.912874698638916,0.4285714285714285,0.0,1.3845312595367432,1.0
TFNKSWN,0.39729219675064087,-0.25853151082992554,0.5714285714285714,0.0,1.2669782638549805,1.0
VYHRSNN,0.5539344549179077,1.7630423307418823,0.4285714285714285,0.0,1.5095852613449097,1.0
IYSKSNP,1.9925415515899658,1.0706998109817505,0.2857142857142857,0.0,1.605801343917847,1.0
QYHRSNV,-0.14481881260871887,0.999164342880249,0.4285714285714285,0.0,1.3410654067993164,1.0
LYRSSGN,1.8309863805770874,-1.759268879890442,0.4285714285714285,0.0,1.2731159925460815,1.0
YSRRSDD,0.8545212149620056,-0.5536378026008606,0.4285714285714285,0.0,1.289249300956726,1.0
YYKSSVN,0.9717636704444885,-0.5324785113334656,0.2857142857142857,0.0,1.3056790828704834,1.0
YSHSSIN,1.2292157411575317,-1.2065693140029907,0.4285714285714285,0.0,1.261992573738098,1.0
QYQRSNN,1.107696771621704,-0.6320590376853943,0.5714285714285714,0.0,1.3109887838363647,1.0
NYHRTLA,-0.6813161373138428,1.0822198390960693,0.5714285714285714,0.0,1.2857961654663086,1.0
YHSKSNN,1.8358250856399536,-0.5251019597053528,0.2857142857142857,0.0,1.4103178977966309,1.0
YYHRVNN,-1.1452174186706543,1.0036706924438477,0.5714285714285714,0.0,1.221360206604004,1.0
YQRRLNE,0.8291900753974915,-1.6920169591903687,0.5714285714285714,0.0,1.1601886749267578,1.0
YSSRSNN,2.5225963592529297,-0.9731555581092834,0.4285714285714285,0.0,1.4432388544082642,1.0
YHTRSNN,1.2404981851577759,-0.08135203272104263,0.2857142857142857,0.0,1.3879082202911377,1.0
YHHLSSN,0.6040418148040771,-0.08935564011335373,0.2857142857142857,0.0,1.3105480670928955,1.0
YRHLSNI,-0.6147624850273132,1.0363456010818481,0.4285714285714285,0.0,1.2887147665023804,1.0
YYKPGVN,0.5746545195579529,-1.3459594249725342,0.5714285714285714,0.0,1.1679127216339111,1.0
YYTKIWP,-2.4062047004699707,1.4658905267715454,0.5714285714285714,0.0,1.1210118532180786,0.971011883020401
YHRALNN,0.8823381662368774,0.870490312576294,0.2857142857142857,0.0,1.4502406120300293,1.0
YHRQMNS,0.6721310019493103,-0.32109367847442627,0.4285714285714285,0.0,1.2930762767791748,1.0
YSSRAGS,2.2446560859680176,-2.0392985343933105,0.5714285714285714,0.0,1.291822075843811,1.0
QYSMSAP,1.4569371938705444,-1.4867258071899414,0.5714285714285714,0.0,1.2583417892456057,1.0
YSHASSN,1.2718026638031006,-0.9315599203109741,0.5714285714285714,0.0,1.2975528240203855,1.0
EYSRGNN,0.9178087115287781,-0.19092725217342377,0.5714285714285714,0.0,1.3370052576065063,1.0
YMRSNSN,1.9665664434432983,-0.7932053804397583,0.4285714285714285,0.0,1.3963487148284912,1.0
YYHRSEN,-0.7545163631439209,1.7945058345794678,0.5714285714285714,0.0,1.3558497428894043,1.0
YHHRSIN,-0.3873940408229828,1.0087136030197144,0.4285714285714285,0.0,1.3129756450653076,1.0
YSKNNNY,1.8385668992996216,-1.2745765447616577,0.5714285714285714,0.0,1.327681541442871,1.0
YPHRSNN,1.1065888404846191,-0.3883913457393646,0.4285714285714285,0.0,1.337829351425171,1.0
MYSRSNN,1.5054917335510254,1.7826772928237915,0.5714285714285714,0.0,1.6260943412780762,1.0
YTRSSNN,2.3588733673095703,-0.8372186422348022,0.2857142857142857,0.0,1.4386146068572998,1.0
YYHRLNN,-1.2602183818817139,1.317850947380066,0.5714285714285714,0.0,1.242321491241455,1.0
GYSRSNG,1.6945058107376099,1.181087613105774,0.5714285714285714,0.0,1.5822103023529053,1.0
LHRGLNS,2.2156317234039307,-0.16615471243858337,0.4285714285714285,0.0,1.4956889152526855,1.0
YHRGSNT,1.172532320022583,0.3513301610946655,0.2857142857142857,0.0,1.4276390075683594,1.0
YSRRMTE,1.1301543712615967,-0.606132447719574,0.5714285714285714,0.0,1.3165574073791504,1.0
YSRSNNN,2.000994920730591,1.495837688446045,0.2857142857142857,0.0,1.653879165649414,1.0
YSRNMNG,2.714799642562866,-0.7467058300971985,0.4285714285714285,0.0,1.491400957107544,1.0
YHRHSIT,-0.49976783990859985,0.9964379668235779,0.4285714285714285,0.0,1.29811429977417,1.0
YAHRLQN,0.028373876586556435,0.1940722018480301,0.5714285714285714,0.0,1.2727530002593994,1.0
VHSRSNS,1.0650991201400757,-0.992379903793335,0.5714285714285714,0.0,1.2659833431243896,1.0
YQHRGAN,1.4072920083999634,-0.8174434900283813,0.5714285714285714,0.0,1.3264652490615845,1.0
IYGRSQT,1.0558277368545532,1.3311649560928345,0.4285714285714285,0.0,1.5220825672149658,1.0
YHHRHGN,-0.055424340069293976,0.9711036086082458,0.5714285714285714,0.0,1.3487005233764648,1.0
VYRNSSN,2.1665048599243164,-0.863047182559967,0.4285714285714285,0.0,1.4126410484313965,1.0
YSRVMSN,1.4945482015609741,1.6937967538833618,0.4285714285714285,0.0,1.6149404048919678,1.0
WVHRSEN,0.16551455855369568,0.12273163348436356,0.7142857142857143,0.0,1.2813340425491333,1.0
VYHRPSH,-0.5792195796966553,1.1051212549209595,0.5714285714285714,0.0,1.3005987405776978,1.0
YHRSLNN,1.0480546951293945,0.9211928248405457,0.2857142857142857,0.0,1.4757652282714844,1.0
YPHRNTV,0.549604594707489,-0.3469049632549286,0.5714285714285714,0.0,1.2754967212677002,1.0
IYSRSNN,1.209181785583496,3.098268508911133,0.4285714285714285,0.0,1.7361247539520264,1.0
YNRVNPN,2.2343008518218994,-2.0132694244384766,0.4285714285714285,0.0,1.293459177017212,1.0
YNMHKPN,1.8536194562911987,-2.3303616046905518,0.5714285714285714,0.0,1.2126164436340332,1.0
VYRSEGK,0.8033367991447449,-1.4052517414093018,0.7142857142857143,0.0,1.1888267993927002,1.0
YSRREYV,-0.020885303616523743,0.8515161275863647,0.5714285714285714,0.0,1.339612364768982,1.0
VHSRQNN,1.5678690671920776,-0.9742410778999329,0.5714285714285714,0.0,1.3284022808074951,1.0
YHRSGVN,1.12639319896698,1.0289777517318726,0.2857142857142857,0.0,1.4971097707748413,1.0
YHRSVLN,0.07538416981697083,1.0840729475021362,0.4285714285714285,0.0,1.376923441886902,1.0
YHRSITN,0.7352151274681091,1.3884985446929932,0.2857142857142857,0.0,1.4899057149887085,1.0
YHREMSN,1.539659023284912,-1.261950969696045,0.4285714285714285,0.0,1.293163537979126,1.0
VYHRSVN,0.0698714405298233,2.354102373123169,0.4285714285714285,0.0,1.5168514251708984,1.0
YHHRSNN,0.15554393827915192,1.2076259851455688,0.2857142857142857,0.0,1.4002323150634766,1.0
YHRMSNN,2.0059430599212646,1.6266069412231445,0.1428571428571428,0.0,1.668949842453003,1.0
YSHRSNN,1.822951078414917,1.5215983390808105,0.4285714285714285,0.0,1.6353378295898438,1.0
YSHRSNN,1.822951078414917,1.5215983390808105,0.4285714285714285,0.0,1.6353378295898438,1.0
YSRAGPG,2.526766538619995,0.49998751282691956,0.2857142857142857,0.0,1.6068148612976074,1.0
IYHRHNN,-0.5389178991317749,0.3603072762489319,0.7142857142857143,0.0,1.2229914665222168,1.0
YYNRSSN,0.4380115270614624,-0.4170707166194916,0.5714285714285714,0.0,1.2543208599090576,1.0
IYSKSNP,1.9925415515899658,1.0706998109817505,0.2857142857142857,0.0,1.605801343917847,1.0
VYHRSAN,0.6558268070220947,1.836640477180481,0.4285714285714285,0.0,1.529975414276123,1.0
YGSLGNQ,0.8511362075805664,-0.708768904209137,0.5714285714285714,0.0,1.271669864654541,1.0
YHKSMTN,1.6764647960662842,-0.8917967081069946,0.4285714285714285,0.0,1.3505772352218628,1.0
YHHRLES,0.2109493464231491,-0.28955116868019104,0.7142857142857143,0.0,1.2411541938781738,1.0
YHRFSNN,0.40116873383522034,2.3781206607818604,0.1428571428571428,0.0,1.559317708015442,1.0
YHRGSNN,1.854130506515503,1.206807255744934,0.1428571428571428,0.0,1.6042373180389404,1.0
VHRGLAN,1.8267567157745361,-1.228570818901062,0.5714285714285714,0.0,1.331355333328247,1.0
QHRLSSN,1.4144750833511353,0.4367273151874542,0.1428571428571428,0.0,1.4661632776260376,1.0
LKHLGSN,1.8256287574768066,-0.6943049430847168,0.4285714285714285,0.0,1.39036226272583,1.0
YSSRSNN,2.5225963592529297,-0.9731555581092834,0.4285714285714285,0.0,1.4432388544082642,1.0
YYRGSNN,0.5606755018234253,0.3608863651752472,0.2857142857142857,0.0,1.3551785945892334,1.0
VHHRSNN,0.4243265986442566,0.4856472313404083,0.4285714285714285,0.0,1.3526060581207275,1.0
YSRMSNM,1.3907880783081055,0.4731016755104065,0.4285714285714285,0.0,1.4673436880111694,1.0
VFRSGNN,2.130955457687378,-1.5634875297546387,0.4285714285714285,0.0,1.3308318853378296,1.0
QFHRGNN,0.49233749508857727,0.07112442702054977,0.5714285714285714,0.0,1.3148910999298096,1.0
IHRSSIE,2.279705047607422,-1.5552188158035278,0.5714285714285714,0.0,1.3496204614639282,1.0
IYHRMNT,-0.3481708765029907,0.5892432332038879,0.5714285714285714,0.0,1.2712538242340088,1.0
YSHSQNA,1.5455502271652222,-0.6196953058242798,0.5714285714285714,0.0,1.3649682998657229,1.0
YYKSGNN,1.3181307315826416,0.20327836275100708,0.4285714285714285,0.0,1.4287444353103638,1.0
YSHRNNE,1.7363051176071167,-1.812895655632019,0.5714285714285714,0.0,1.2558029890060425,1.0
QYHSSNR,0.3428786098957062,-0.6873224973678589,0.5714285714285714,0.0,1.2129735946655271,1.0
YHRSVLN,0.07538416981697083,1.0840729475021362,0.4285714285714285,0.0,1.376923441886902,1.0
HRAGQNN,1.1000877618789673,-2.3716092109680176,0.7142857142857143,0.0,1.1175087690353394,1.0
YSKWDPN,0.21998843550682068,0.16153322160243988,0.4285714285714285,0.0,1.2921746969223022,1.0
YYMRSNQ,-1.8248014450073242,0.9060758948326111,0.5714285714285714,0.0,1.1289002895355225,0.9789003491401672
YSRVMWQ,-2.9224016666412354,1.9702857732772827,0.5714285714285714,0.0,1.1148234605789185,0.9648234605789184
YAHKQLN,2.0769283771514893,-0.19787274301052094,0.5714285714285714,0.0,1.4755117893218994,1.0
NYHRDIN,0.7570809125900269,-0.5968999862670898,0.7142857142857143,0.0,1.272752285003662,1.0
