seq,fitness_pred,htfr1_pred,ref_dist,div_prev,reward_signal,final_score
VSWLSVN,-2.506685733795166,-0.12061836570501328,0.5714285714285714,0.1428571428571428,0.9982399940490724,0.8482399642467499
FSHRQHD,0.7934401035308838,-2.0390994548797607,0.7142857142857143,0.2857142857142857,1.1799180507659912,1.0
MPIYLNF,-3.213529348373413,-0.3714402914047241,0.5714285714285714,0.1428571428571428,0.8803017735481262,0.7303017735481262
GWHRINN,-1.661051869392395,-0.18620851635932922,0.7142857142857143,0.2857142857142857,1.095667839050293,0.9956678986549378
YIRVSNN,1.121254324913025,-1.1045717000961304,0.2857142857142857,0.1428571428571428,1.3323252201080322,1.0
PYRRGNA,-1.59329354763031,-0.42802178859710693,0.7142857142857143,0.1428571428571428,1.07522451877594,0.9752245485782624
YARPNTV,2.117703437805176,-1.7247247695922852,0.4285714285714285,0.2857142857142857,1.3822996616363523,1.0
ELHHYSD,-1.1676201820373535,-2.7547647953033447,0.7142857142857143,0.1428571428571428,0.8503484725952148,0.7503485023975373
GYRSVCL,-4.160338401794434,-0.47500330209732056,0.7142857142857143,0.4285714285714285,0.7500796318054199,0.6500796020030976
YYHRSNN,-0.9529139399528503,1.031571388244629,0.4285714285714285,0.1428571428571428,1.329242467880249,1.0
YYIRSLN,-3.3227639198303223,1.011696457862854,0.5714285714285714,0.2857142857142857,1.0318803787231443,0.8818803489208221
TYERAYP,-0.8145154714584351,-1.7753782272338867,0.5714285714285714,0.2857142857142857,1.011260747909546,0.8612607479095459
YSLRCWV,-4.14397668838501,0.8851907253265381,0.5714285714285714,0.4285714285714285,0.9145519733428956,0.7645520031452179
WEHKNEN,1.0874634981155396,-1.8854639530181885,0.7142857142857143,0.4285714285714285,1.2348642349243164,1.0
YMESSNK,0.28502950072288513,-3.3347551822662354,0.5714285714285714,0.2857142857142857,0.9619048833847046,0.8119048535823822
HGREINN,0.7572277784347534,-3.444965124130249,0.5714285714285714,0.1428571428571428,1.0075206756591797,0.8575206756591797
QHSKSDN,0.5990685224533081,-2.760713815689087,0.5714285714285714,0.1428571428571428,1.0695476531982422,0.9195476830005646
YGECIVA,-3.75886869430542,-0.07255002111196518,0.7142857142857143,0.4285714285714285,0.8481141328811646,0.7481141477823258
VRSRMSL,-3.8935678005218506,0.04333285987377167,0.5714285714285714,0.2857142857142857,0.8451862335205078,0.6951862335205078
YHSAKCY,-3.4464054107666016,-0.03600112721323967,0.7142857142857143,0.4285714285714285,0.8913728594779968,0.791372874379158
YPHRLNL,-0.7648872137069702,-0.9319478869438171,0.7142857142857143,0.2857142857142857,1.1181615591049194,1.0
QWSRQWN,-3.1140637397766113,1.2790107727050781,0.7142857142857143,0.2857142857142857,1.089781403541565,0.9897814333438874
YVCVNRT,-3.829815149307251,-0.7860051393508911,0.5714285714285714,0.5714285714285714,0.7540814876556396,0.6040814876556396
EHRHTVW,-1.4046604633331299,-1.6006067991256714,0.7142857142857143,0.5714285714285714,0.9586734771728516,0.8586734771728516
NSHRSHL,-0.001879276824183762,-0.4615885615348816,0.7142857142857143,0.2857142857142857,1.26930832862854,1.0
RTKRSNN,-3.6030287742614746,0.49786415696144104,0.5714285714285714,0.2857142857142857,0.9356318712234496,0.7856318861246109
YHRDNNC,-3.0152602195739746,-1.0575758218765259,0.4285714285714285,0.4285714285714285,0.8230424523353577,0.6230424523353577
YWKSEQE,-0.8847507238388062,0.25873297452926636,0.5714285714285714,0.5714285714285714,1.2454338073730469,1.0
YSSGLFE,-1.8298777341842651,-2.745189666748047,0.5714285714285714,0.0,0.769057035446167,0.619057035446167
YHSLAAM,-0.4373496472835541,-1.9824432134628296,0.5714285714285714,0.2857142857142857,1.0334807634353638,0.8834807932376861
IMVKWEN,-1.1390620470046997,-1.5093334913253784,0.7142857142857143,0.4285714285714285,1.0026339292526243,0.9026339590549468
YYHRFEW,-2.60036563873291,0.628491997718811,0.7142857142857143,0.2857142857142857,1.0760385990142822,0.976038658618927
NYWAWNY,-4.63450813293457,1.1440327167510986,0.7142857142857143,0.4285714285714285,0.8844038844108582,0.7844038918614388
PKMRDDE,-0.12139513343572617,-3.278489351272583,0.7142857142857143,0.5714285714285714,0.9180342555046082,0.8180342555046082
FDHHSLA,-0.011509353294968605,-3.649113178253174,0.7142857142857143,0.1428571428571428,0.8874520659446716,0.7874520510435105
VVFRDKN,0.5307755470275879,-1.7487578392028809,0.5714285714285714,0.4285714285714285,1.181895732879639,1.0
HQDRGSK,-0.8571343421936035,-2.201892614364624,0.5714285714285714,0.2857142857142857,0.9550209641456604,0.8050209641456604
TSNWTEK,-1.1331599950790405,-2.0606393814086914,0.7142857142857143,0.5714285714285714,0.9375311136245728,0.8375310838222504
DECRFVN,-4.253951549530029,-1.3712519407272339,0.5714285714285714,0.5714285714285714,0.6313960552215576,0.4813960552215576
YFTTANY,-1.7687146663665771,-1.1865626573562622,0.7142857142857143,0.4285714285714285,0.9628032445907592,0.8628032147884369
YHRLIQI,-2.52420973777771,0.8839966654777527,0.4285714285714285,0.4285714285714285,1.1160308122634888,0.9160308420658112
YGTPSNN,0.5242739319801331,-2.6343367099761963,0.4285714285714285,0.2857142857142857,1.0753296613693235,0.8753296315670014
YYFVAND,-3.065054416656494,-0.3784286677837372,0.7142857142857143,0.4285714285714285,0.8979487419128418,0.7979487419128418
NDMKSGN,0.9769526720046997,-3.7781739234924316,0.7142857142857143,0.4285714285714285,0.9950789213180542,0.8950789213180542
YRSKQTN,-2.5374233722686768,0.0354553684592247,0.5714285714285714,0.2857142857142857,1.0130523443222046,0.863052374124527
GMRRFPP,-2.633172035217285,-0.5860243439674377,0.7142857142857143,0.4285714285714285,0.926916241645813,0.8269162714481354
SPVGSNQ,-0.25484514236450195,-4.524666786193848,0.7142857142857143,0.4285714285714285,0.7526031732559204,0.6526031881570816
TPFRDHQ,-0.17992562055587769,-2.9423139095306396,0.5714285714285714,0.4285714285714285,0.9508950710296632,0.8008951008319855
PPKERMG,1.4466471672058105,-3.995901107788086,0.7142857142857143,0.2857142857142857,1.027543306350708,0.9275432467460633
HHRVNNN,0.02731020376086235,-0.4324972331523895,0.4285714285714285,0.2857142857142857,1.2764158248901367,1.0
RISSLEQ,-0.5518999099731445,-3.66739559173584,0.7142857142857143,0.5714285714285714,0.8180033564567566,0.7180033564567566
YYTFNIN,-3.029020071029663,1.140856385231018,0.5714285714285714,0.4285714285714285,1.0838687419891355,0.9338687121868132
ESLVSSQ,-1.1650936603546143,-4.561746120452881,0.5714285714285714,0.5714285714285714,0.6348714232444763,0.4848714157938957
PEDTYNQ,-1.8940149545669556,-3.906033992767334,0.5714285714285714,0.5714285714285714,0.6224443316459656,0.4724443316459655
DVHGVCN,-3.7164838314056396,-0.7399836778640747,0.7142857142857143,0.5714285714285714,0.7736844420433044,0.6736844420433045
YLKTSNN,2.310164213180542,-0.9503273963928223,0.4285714285714285,0.2857142857142857,1.4987356662750244,1.0
YCHKKQM,-4.445274829864502,1.1018787622451782,0.7142857142857143,0.2857142857142857,0.9029247760772704,0.8029247909784317
YCVKPNR,-4.035457134246826,0.5270954370498657,0.7142857142857143,0.4285714285714285,0.8852959275245667,0.7852959126234055
TYHSATT,0.9051989912986755,-2.6048953533172607,0.4285714285714285,0.4285714285714285,1.1262614727020264,0.9262614727020264
GRHDNTF,0.8965844511985779,-3.9615583419799805,0.7142857142857143,0.4285714285714285,0.9631750583648682,0.8631750881671906
WYCRSNR,-4.741664409637451,0.9461184144020081,0.5714285714285714,0.4285714285714285,0.8474304676055908,0.6974304601550102
CYSRYHG,-3.6407787799835205,1.586148977279663,0.5714285714285714,0.4285714285714285,1.0608969926834106,0.9108970373868942
TNMHWPA,-1.3172906637191772,-1.2171093225479126,0.5714285714285714,0.4285714285714285,1.0153465270996094,0.8653465569019317
AWHGMAT,-1.651522159576416,-1.745491862297058,0.7142857142857143,0.4285714285714285,0.9106428623199464,0.8106428921222687
YWRWYEC,-4.75018835067749,2.1579625606536865,0.7142857142857143,0.4285714285714285,0.991089165210724,0.8910891577601433
YHRNSNW,-1.2508430480957031,0.7700343132019043,0.2857142857142857,0.2857142857142857,1.2609244585037231,1.0
MMMRFID,-2.749500274658203,-2.1347765922546387,0.8571428571428571,0.5714285714285714,0.7274826765060425,0.67748264670372
MMHRSAS,1.1332430839538574,-1.3396064043045044,0.7142857142857143,0.1428571428571428,1.305749535560608,1.0
HLWRKNP,-3.674251079559326,1.5121777057647705,0.7142857142857143,0.2857142857142857,1.0478967428207395,0.9478967279195786
YFNTTEF,-2.4601504802703857,-0.9677344560623169,0.5714285714285714,0.4285714285714285,0.9028690457344056,0.7528690457344055
YWDGEKI,-0.7651578783988953,0.5651959180831909,0.7142857142857143,0.4285714285714285,1.2969183921813965,1.0
CHDNQMN,-3.822993516921997,-0.6204689145088196,0.7142857142857143,0.4285714285714285,0.7746990919113159,0.6746990919113159
PPRKSNR,-3.6559319496154785,-0.13182193040847778,0.5714285714285714,0.2857142857142857,0.853848934173584,0.7038489192724228
YEHGMHP,0.6781758069992065,-4.273263454437256,0.5714285714285714,0.4285714285714285,0.8987643718719482,0.7487643718719482
YNIFMGD,-3.0768394470214844,-1.7323836088180542,0.7142857142857143,0.5714285714285714,0.734791100025177,0.634791100025177
VYRRSNN,-2.3025782108306885,0.7563472986221313,0.4285714285714285,0.1428571428571428,1.1283745765686035,0.9283745467662812
WNWHWEN,-3.024327516555786,0.8027428984642029,0.8571428571428571,0.1428571428571428,1.0440750122070312,0.9940749824047088
YHKKSVN,-1.8714449405670166,0.4284627139568329,0.4285714285714285,0.2857142857142857,1.1428837776184082,0.9428838074207306
VHHMEQP,0.1982755959033966,-3.2197256088256836,0.5714285714285714,0.2857142857142857,0.9648431539535522,0.8148431241512298
YPDRGCT,-3.2979683876037598,-0.4907204508781433,0.7142857142857143,0.4285714285714285,0.8555466532707214,0.7555466681718827
VCSRCNR,-4.424704074859619,0.2980996370315552,0.7142857142857143,0.4285714285714285,0.8094971776008606,0.7094971925020218
GAWVGSC,-4.275059223175049,-0.6911367177963257,0.7142857142857143,0.4285714285714285,0.7099887728691101,0.6099887579679489
IHTRYSN,-0.5841866731643677,-0.8375866413116455,0.5714285714285714,0.2857142857142857,1.1519231796264648,1.0
YLWCSEN,-5.179068565368652,1.4454582929611206,0.5714285714285714,0.4285714285714285,0.852616012096405,0.7026160195469856
QHHRKQN,-2.636262893676758,0.3307940363883972,0.5714285714285714,0.2857142857142857,1.0360188484191897,0.8860188782215118
YSHVGTW,-2.66971492767334,0.09978682547807693,0.5714285714285714,0.2857142857142857,1.0042678117752075,0.8542678117752075
WLHETSK,-0.16646882891654968,-2.109159469604492,0.7142857142857143,0.5714285714285714,1.0520663261413574,0.9520663261413574
YHVDQKK,-0.735511839389801,-1.4997018575668335,0.5714285714285714,0.5714285714285714,1.054016351699829,0.9040163516998292
QVRLVYD,-0.9788821935653687,-1.878182053565979,0.5714285714285714,0.5714285714285714,0.9785242080688475,0.8285241782665252
VQFRWQV,-3.4676082134246826,0.37291669845581055,0.5714285714285714,0.4285714285714285,0.9375670552253724,0.7875670701265335
WESRNPH,-0.21736587584018707,-1.9544706344604492,0.5714285714285714,0.5714285714285714,1.0642039775848389,0.914203917980194
HLVGTPT,-0.30808743834495544,-4.97326135635376,0.5714285714285714,0.5714285714285714,0.6924042701721191,0.532122065499425
LCHMSLI,-4.439483642578125,0.12799586355686188,0.5714285714285714,0.2857142857142857,0.7873435616493225,0.6373435765504837
MKQQHGN,1.3140685558319092,-3.490487813949585,0.7142857142857143,0.4285714285714285,1.0713974237442017,0.9713974237442016
GYSFPQC,-3.5034797191619873,-0.5147019028663635,0.7142857142857143,0.1428571428571428,0.8271015882492065,0.7271015882492066
CAKESPH,-3.2140564918518066,-0.9837089776992798,0.4285714285714285,0.4285714285714285,0.8071184158325195,0.6071184158325196
GHRRPTG,-2.278975009918213,0.2828384041786194,0.5714285714285714,0.2857142857142857,1.074765682220459,0.9247656524181366
YYHGEFL,-2.6504039764404297,-0.743131160736084,0.7142857142857143,0.4285714285714285,0.9060094356536864,0.8060094356536865
YNWKSFG,-1.4942989349365234,0.08200378715991974,0.5714285714285714,0.5714285714285714,1.1484547853469849,0.9984547853469848
HYHKGVS,0.8495060205459595,0.32118460536003113,0.5714285714285714,0.2857142857142857,1.4687645435333252,1.0
QHNADME,-0.7454283833503723,-5.169002056121826,0.8571428571428571,0.5714285714285714,0.6145903468132019,0.5472954854369163
RHPSPEI,0.21090996265411377,-4.758066177368164,0.7142857142857143,0.5714285714285714,0.7827054858207703,0.6801329735666514
VYRKAVD,1.01118803024292,-0.11946123838424683,0.5714285714285714,0.1428571428571428,1.436267614364624,1.0
YFRNEEN,-1.2608410120010376,-0.4868522882461548,0.4285714285714285,0.4285714285714285,1.1095812320709229,0.9095812916755676
DNCFNIN,-4.232415676116943,-0.21675246953964233,0.7142857142857143,0.5714285714285714,0.7719482183456421,0.6719482481479645
YVHRLNN,0.23185445368289948,0.750756025314331,0.5714285714285714,0.1428571428571428,1.4431818723678589,1.0
YVKNGAN,2.4589667320251465,-1.9834336042404175,0.5714285714285714,0.2857142857142857,1.393883228302002,1.0
HQAVQTN,0.2776094675064087,-4.188250541687012,0.7142857142857143,0.4285714285714285,0.8590559959411621,0.7590559959411621
DKHRSNE,0.5020615458488464,-2.627291202545166,0.7142857142857143,0.2857142857142857,1.073406219482422,0.9734061598777772
YTRQGIP,2.0726943016052246,-2.6862785816192627,0.5714285714285714,0.4285714285714285,1.2618672847747805,1.0
PYRNAYM,-2.7071895599365234,-1.208503007888794,0.4285714285714285,0.4285714285714285,0.8433659076690674,0.643365877866745
WYQRGCS,-3.473930597305298,1.275701642036438,0.5714285714285714,0.1428571428571428,1.0445915460586548,0.8945915460586548
YSWNMEP,-2.9727814197540283,1.1190909147262573,0.5714285714285714,0.4285714285714285,1.088269829750061,0.938269829750061
RSHCQSL,-3.871140956878662,-0.761728048324585,0.7142857142857143,0.4285714285714285,0.7518365979194641,0.6518365979194641
MHPRQYI,-0.9444004893302917,-1.6226013898849487,0.7142857142857143,0.5714285714285714,1.0133380889892578,0.9133380293846132
IYHGVTR,-1.0082560777664185,-1.1258455514907837,0.5714285714285714,0.2857142857142857,1.0647127628326416,0.9147127032279968
CIGNAEV,-3.8630034923553467,-0.9382805824279785,0.7142857142857143,0.5714285714285714,0.7317654490470886,0.6317654490470886
YRGWEAR,-1.670035481452942,-0.5771551728248596,0.5714285714285714,0.5714285714285714,1.047862529754639,0.8978624701499939
IWVKNHN,0.018840553238987923,-0.11158260703086853,0.7142857142857143,0.4285714285714285,1.313685417175293,1.0
QHIRSNY,-0.9804537892341614,-0.6926331520080566,0.5714285714285714,0.4285714285714285,1.119908094406128,0.9699080348014832
QNERLCN,-4.192994594573975,-1.2686792612075806,0.7142857142857143,0.4285714285714285,0.6512330770492554,0.5512330621480942
VAIWNGG,-1.293378472328186,-1.4901924133300781,0.7142857142857143,0.4285714285714285,0.9857112169265748,0.8857112169265747
YSWRSCI,-4.124030590057373,1.4258843660354614,0.7142857142857143,0.2857142857142857,0.9816049337387084,0.8816049337387085
YYNRKTN,-2.256457805633545,-0.099604532122612,0.5714285714285714,0.2857142857142857,1.031896710395813,0.881896710395813
YNRYSIC,-3.4164328575134277,0.24514591693878174,0.5714285714285714,0.2857142857142857,0.9286786317825316,0.7786786019802093
AFDETHE,-0.6317862868309021,-4.843481063842773,0.7142857142857143,0.2857142857142857,0.6676100492477417,0.561977430805564
YFWAGMN,-3.919508218765259,1.4313277006149292,0.5714285714285714,0.4285714285714285,1.0077130794525146,0.8577130794525146
YQSRNLL,0.7271744608879089,-2.2221598625183105,0.5714285714285714,0.1428571428571428,1.149808406829834,0.9998083770275116
PAGNMTD,-0.6135839819908142,-5.0172858238220215,0.5714285714285714,0.5714285714285714,0.6491198539733887,0.4872604515403509
YWKRRLC,-4.846424579620361,1.4963741302490234,0.7142857142857143,0.5714285714285714,0.9001024961471558,0.8001024700701237
YSRCPHD,-2.4088058471679688,0.40531298518180847,0.4285714285714285,0.4285714285714285,1.073230862617493,0.8732308924198151
YSGESNS,-0.30420228838920593,-3.794724941253662,0.5714285714285714,0.2857142857142857,0.833629846572876,0.683629846572876
YHEVPQG,0.8918546438217163,-3.812180757522583,0.7142857142857143,0.2857142857142857,0.980425238609314,0.8804252088069916
QGGRVDH,0.07319814711809158,-3.519911289215088,0.7142857142857143,0.4285714285714285,0.9134255647659302,0.8134255349636078
YFHWANI,-3.812826633453369,1.0145565271377563,0.7142857142857143,0.0,0.9712210297584534,0.8712210297584534
QPDTSNN,-0.8882337212562561,-4.425355911254883,0.5714285714285714,0.4285714285714285,0.6856216192245483,0.5356216043233871
VRSSRNT,-3.462959051132202,-0.5638349056243896,0.7142857142857143,0.5714285714285714,0.8262778520584106,0.726277881860733
YHSGVQN,1.3294038772583008,-3.167001485824585,0.5714285714285714,0.2857142857142857,1.1119372844696045,0.9619373440742492
YPFREAI,-1.4904145002365112,-1.312045693397522,0.5714285714285714,0.4285714285714285,0.9824594259262084,0.8324594557285309
YSHRSFT,-1.2898259162902832,0.604382336139679,0.5714285714285714,0.0,1.2362897396087646,1.0
MATQSNN,0.26322808861732483,-4.011799335479736,0.5714285714285714,0.4285714285714285,0.8783378005027771,0.7283378154039383
DAEVKLT,-0.11217724531888962,-4.4571332931518555,0.5714285714285714,0.1428571428571428,0.7784267663955688,0.62842678129673
KYERFVC,-3.4578166007995605,0.15843725204467773,0.7142857142857143,0.5714285714285714,0.9131725430488586,0.8131725281476975
QSHRCSG,-3.384624719619751,-0.03304847329854965,0.5714285714285714,0.2857142857142857,0.8994156718254089,0.7494156867265701
SSQVERK,0.3043339252471924,-2.5948221683502197,0.5714285714285714,0.5714285714285714,1.0526714324951172,0.9026713728904724
DPYHSNS,0.139618918299675,-3.1424355506896973,0.7142857142857143,0.4285714285714285,0.9667718410491944,0.8667718410491944
IWIRSNL,-3.2125608921051025,0.6192617416381836,0.7142857142857143,0.4285714285714285,0.9987330436706544,0.8987330138683319
QHKSSNE,1.4530404806137085,-3.0279831886291504,0.5714285714285714,0.1428571428571428,1.1439287662506104,0.9939287960529328
LYRRSAS,-2.670484781265259,1.065228819847107,0.5714285714285714,0.2857142857142857,1.1194660663604736,0.969466096162796
LDSLRNN,0.9170050024986267,-4.006627082824707,0.5714285714285714,0.4285714285714285,0.9603347778320312,0.8103347778320312
YYSRGRS,-3.3167409896850586,0.2600730359554291,0.5714285714285714,0.2857142857142857,0.9428704977035522,0.7928704679012298
YSHKSNW,-0.049809474498033524,0.9699941873550415,0.5714285714285714,0.2857142857142857,1.4343031644821167,1.0
GGRRSEN,0.18297424912452698,-1.6551659107208252,0.5714285714285714,0.2857142857142857,1.1497797966003418,0.9997797667980194
IVLPSNN,-0.8533720374107361,-4.775479316711426,0.5714285714285714,0.2857142857142857,0.6481488943099976,0.4949525263160467
ANHRSED,1.0714713335037231,-3.3126938343048096,0.7142857142857143,0.2857142857142857,1.0624322891235352,0.9624322593212128
YSSRYSR,-4.41234016418457,-0.20573918521404266,0.7142857142857143,0.2857142857142857,0.7508673667907715,0.6508673369884491
YGHRQEP,1.4203816652297974,-0.7882545590400696,0.7142857142857143,0.0,1.407334327697754,1.0
YQSLNNG,1.1579627990722656,-2.9125959873199463,0.5714285714285714,0.4285714285714285,1.1209784746170044,0.970978444814682
TPGVFLN,-1.9790102243423462,-2.530505657196045,0.7142857142857143,0.2857142857142857,0.7761315107345581,0.6761314809322357
YSHRGNK,-3.1474099159240723,0.25418397784233093,0.5714285714285714,0.1428571428571428,0.9632446765899658,0.8132447063922882
YKHIANS,1.9190640449523926,-0.8363195061683655,0.7142857142857143,0.2857142857142857,1.4636681079864502,1.0
IVHRCKN,-4.6555399894714355,0.023794857785105705,0.7142857142857143,0.2857142857142857,0.7480059862136841,0.6480059936642647
YHAISNN,1.0248560905456543,-1.6252959966659546,0.2857142857142857,0.1428571428571428,1.2581405639648438,1.0
YHRNEYQ,-0.18080498278141022,-0.21490582823753357,0.5714285714285714,0.4285714285714285,1.2764954566955566,1.0
AYREEVW,-1.301167368888855,-1.2058132886886597,0.7142857142857143,0.5714285714285714,1.018702507019043,0.9187024772167206
MYRNQCE,-3.372105360031128,-1.804408073425293,0.7142857142857143,0.4285714285714285,0.6894364356994629,0.5894364356994629
FSVRTQI,-0.4830726683139801,-2.306424617767334,0.5714285714285714,0.4285714285714285,0.9890992045402528,0.8390992045402527
YYSRFEE,-1.0055465698242188,-0.4030999541282654,0.7142857142857143,0.4285714285714285,1.1513609886169434,1.0
YKIAHNE,1.779368281364441,-3.4712555408477783,0.7142857142857143,0.4285714285714285,1.1316125392913818,1.0
YTDHYKN,0.8678696155548096,-1.8825472593307495,0.7142857142857143,0.0,1.207878351211548,1.0
GNHCWNN,-4.345185279846191,-0.8584145307540894,0.7142857142857143,0.4285714285714285,0.6812832951545715,0.5812832728028298
FCRIYMM,-4.764139175415039,-0.4345565140247345,0.7142857142857143,0.5714285714285714,0.6797513365745544,0.5797513142228127
YHERSGE,1.3728340864181519,-2.3007915019989014,0.5714285714285714,0.2857142857142857,1.2207870483398438,1.0
VYKRIMD,-0.31002703309059143,-0.4234636425971985,0.4285714285714285,0.2857142857142857,1.2355042695999146,1.0
VEQSPSG,-0.7051548957824707,-4.448248863220215,0.5714285714285714,0.4285714285714285,0.7056765556335449,0.5556765407323837
HVTRFYN,-3.165391445159912,-0.39988231658935547,0.5714285714285714,0.4285714285714285,0.8828971982002258,0.7328971982002258
YSHNMNG,2.0011565685272217,-2.170395612716675,0.5714285714285714,0.1428571428571428,1.3145699501037598,1.0
RLVSSTG,1.4301457405090332,-4.458134651184082,0.5714285714285714,0.5714285714285714,0.9702888131141664,0.8202888131141662
TQRDQPN,0.9645147323608398,-4.160993576049805,0.5714285714285714,0.4285714285714285,0.9478139877319336,0.7978139728307724
CPINSTN,-3.3110239505767822,-1.2522722482681274,0.7142857142857143,0.2857142857142857,0.7629762887954712,0.66297627389431
GFVRDQE,-0.08743923902511597,-2.67525053024292,0.7142857142857143,0.2857142857142857,0.994300365447998,0.8943003356456757
YHHAAEV,0.254501074552536,-2.9460155963897705,0.7142857142857143,0.1428571428571428,1.004528522491455,0.9045284926891328
IVHRSNT,1.4022361040115356,-0.26188018918037415,0.7142857142857143,0.1428571428571428,1.4679356813430786,1.0
PYHWLNI,-4.608888626098633,0.9403252601623535,0.7142857142857143,0.2857142857142857,0.8632659912109375,0.7632659763097763
YMPCSMA,-3.335125684738159,-1.4762879610061646,0.7142857142857143,0.4285714285714285,0.7332239747047424,0.6332239896059036
YYGWEEP,-3.256575345993042,0.5306001305580139,0.7142857142857143,0.2857142857142857,0.9826661348342896,0.882666164636612
VHNFKPY,0.3262206017971039,-1.1889148950576782,0.7142857142857143,0.1428571428571428,1.2232906818389893,1.0
YNTLANR,0.520276665687561,-3.101094961166382,0.5714285714285714,0.2857142857142857,1.0190913677215576,0.8690913677215576
YYHRETI,-0.9735561013221741,0.5407543182373047,0.5714285714285714,0.2857142857142857,1.268059015274048,1.0
TFYGATN,-0.991034984588623,-2.5136101245880127,0.7142857142857143,0.4285714285714285,0.9011279940605164,0.8011279940605164
GAKQPEW,0.5702894330024719,-3.340021848678589,0.7142857142857143,0.4285714285714285,0.9967838525772096,0.8967838823795319
YHRVHTE,1.880348563194275,-1.4998888969421387,0.5714285714285714,0.2857142857142857,1.3796048164367676,1.0
YHNSQNL,0.9597556591033936,-3.4575467109680176,0.5714285714285714,0.2857142857142857,1.031227946281433,0.8812279760837555
QWHTMAN,-1.6086980104446411,-0.7731613516807556,0.7142857142857143,0.4285714285714285,1.032090187072754,0.932090187072754
YQHRDKS,0.7423200607299805,-1.8554061651229858,0.7142857142857143,0.4285714285714285,1.1954917907714844,1.0
YSTMSPN,0.8781203627586365,-2.3786613941192627,0.4285714285714285,0.1428571428571428,1.1499079465866089,0.9499079167842864
YSMEIYW,-3.535388469696045,-0.7023828625679016,0.7142857142857143,0.5714285714285714,0.8007166385650635,0.7007166534662247
YFRHTQT,-0.9476314783096313,-0.12580157816410065,0.7142857142857143,0.0,1.1916851997375488,1.0
YVARTEN,0.9764763712882996,-0.8746734261512756,0.5714285714285714,0.4285714285714285,1.3417586088180542,1.0
VYHRYNA,-0.8634973168373108,1.6517314910888672,0.5714285714285714,0.1428571428571428,1.4144327640533447,1.0
YYFRDHG,-1.5444506406784058,0.8945338129997253,0.7142857142857143,0.2857142857142857,1.2392451763153076,1.0
GTVKQVD,0.8719282746315002,-3.1403512954711914,0.7142857142857143,0.2857142857142857,1.0581753253936768,0.9581753849983216
YAHRFSN,-0.9920744299888611,-0.3838556706905365,0.5714285714285714,0.1428571428571428,1.1553360223770142,1.0
YSVSDYE,-1.7797291278839111,-2.8057539463043213,0.7142857142857143,0.5714285714285714,0.7680667042732239,0.6680667042732239
YQHQGQN,1.008589506149292,-2.827065944671631,0.5714285714285714,0.2857142857142857,1.11259925365448,0.9625992834568023
LNSLGGN,1.1687440872192383,-4.4161458015441895,0.5714285714285714,0.4285714285714285,0.9427649974822998,0.7927649825811386
IYKVPNL,0.0034056035801768303,-2.4674105644226074,0.7142857142857143,0.4285714285714285,1.030428767204285,0.9304287672042848
AYWNSDS,-2.3163511753082275,-0.8865464329719543,0.7142857142857143,0.4285714285714285,0.9304640293121338,0.8304640591144562
YYHTPAP,-0.9890845417976379,-1.5878969430923462,0.7142857142857143,0.4285714285714285,1.01192045211792,0.9119203925132752
LFEANTW,-3.2396562099456787,-1.5039170980453491,0.5714285714285714,0.4285714285714285,0.7418080568313599,0.5918080866336822
YYDGNPN,-1.5399808883666992,-0.7804105281829834,0.4285714285714285,0.2857142857142857,1.0397781133651731,0.839778083562851
YYRQETE,-1.3600695133209229,-0.6019960641860962,0.5714285714285714,0.4285714285714285,1.0834791660308838,0.9334791362285614
VPGVSSP,0.2563174068927765,-4.039323806762695,0.5714285714285714,0.2857142857142857,0.8741906881332397,0.7241906583309173
TPRSQRQ,-3.0811970233917236,-1.3148798942565918,0.7142857142857143,0.2857142857142857,0.7841074466705322,0.6841074168682099
PVVRSPQ,0.37424221634864807,-2.424027681350708,0.5714285714285714,0.4285714285714285,1.0817697048187256,0.9317697048187256
YHHRHGM,-0.8122371435165405,0.49049776792526245,0.7142857142857143,0.1428571428571428,1.2821376323699951,1.0
RKEAVFQ,0.7054218053817749,-3.0451974868774414,0.5714285714285714,0.5714285714285714,1.048812747001648,0.8988127768039703
LNHQLPS,0.7957590818405151,-4.550643444061279,0.5714285714285714,0.4285714285714285,0.8802756667137146,0.7302756518125534
YHHSCLN,-3.749901056289673,-0.05725616589188576,0.5714285714285714,0.2857142857142857,0.8510568141937256,0.7010568141937256
RHVRGYH,-4.8579277992248535,0.5996428728103638,0.5714285714285714,0.1428571428571428,0.7915820479393005,0.6415820330381393
YHHKSIH,0.3016148805618286,0.6730923652648926,0.5714285714285714,0.0,1.442590594291687,1.0
NGTRGHG,0.6730806827545166,-2.905485153198242,0.7142857142857143,0.1428571428571428,1.0614715814590454,0.9614716112613678
RPHISAC,-3.0886597633361816,-0.6283116936683655,0.5714285714285714,0.4285714285714285,0.8651691675186157,0.7151691675186157
IYKRSNP,-1.4311963319778442,0.9238643050193787,0.4285714285714285,0.2857142857142857,1.2568453550338743,1.0
VWRPREI,-1.5671707391738892,-0.6130539774894714,0.7142857142857143,0.4285714285714285,1.0563795566558838,0.9563795566558838
YHNSAIR,0.5118357539176941,-2.3905484676361084,0.5714285714285714,0.4285714285714285,1.1028947830200195,0.9528948426246644
DMPMSEP,0.04004659131169319,-5.482704162597656,0.7142857142857143,0.2857142857142857,0.674900233745575,0.5463666071183979
VSSRTQN,1.2387694120407104,-3.284857988357544,0.5714285714285714,0.1428571428571428,1.0865809917449951,0.9365809917449952
TPDNGNQ,-0.8927292823791504,-4.612020969390869,0.7142857142857143,0.5714285714285714,0.6627702713012695,0.5627702489495278
HMRHMFN,-2.848140001296997,-0.700499415397644,0.7142857142857143,0.4285714285714285,0.8864872455596924,0.7864872753620148
YHHRSNI,-0.588639497756958,1.197286605834961,0.4285714285714285,0.0,1.394375562667847,1.0
ITHHEMA,-0.08443831652402878,-4.7545084953308105,0.5714285714285714,0.4285714285714285,0.7463667392730713,0.5939216855913401
RLHGVKN,-3.4025204181671143,-0.47839730978012085,0.7142857142857143,0.4285714285714285,0.8440040946006775,0.7440040796995163
YHNVPPI,0.10638318955898285,-3.155663251876831,0.7142857142857143,0.4285714285714285,0.9610551595687866,0.8610551297664643
VSWRSNS,-0.3108939230442047,-0.13858599960803986,0.5714285714285714,0.2857142857142857,1.2694168090820312,1.0
VNMGEGL,-0.8100464344024658,-5.035388469696045,0.7142857142857143,0.2857142857142857,0.6225033402442932,0.509995349124074
TQARANG,2.0450069904327393,-3.810539722442627,0.7142857142857143,0.4285714285714285,1.1241604089736938,1.0
WRHRSSQ,-4.809631824493408,-0.3823425769805908,0.7142857142857143,0.2857142857142857,0.6803240180015564,0.5803240105509758
IYQLPND,-0.8363531231880188,-2.1170220375061035,0.7142857142857143,0.4285714285714285,0.9677430391311646,0.8677430391311646
VYSRQNH,-0.7213122844696045,1.655319094657898,0.5714285714285714,0.2857142857142857,1.4325597286224363,1.0
PYMKSGD,1.2065370082855225,-1.6869994401931763,0.5714285714285714,0.4285714285714285,1.273386836051941,1.0
LHHTNNI,0.7357542514801025,-2.875113010406494,0.7142857142857143,0.2857142857142857,1.0729000568389893,0.9729000568389892
DHFKRNQ,-0.3845963776111603,-0.6445856094360352,0.7142857142857143,0.5714285714285714,1.1998156309127808,1.0
YHAGMGV,-0.24502454698085785,-2.4413042068481445,0.7142857142857143,0.2857142857142857,1.0026229619979858,0.9026229321956636
KGYRSNN,-3.295267105102539,0.5063705444335938,0.5714285714285714,0.2857142857142857,0.974956512451172,0.8249564826488495
YSAREVI,0.7240735292434692,-3.6484124660491943,0.7142857142857143,0.2857142857142857,0.9790979027748108,0.8790978878736496
NWTVLKH,-2.311934232711792,-0.3382374942302704,0.7142857142857143,0.5714285714285714,0.9964935183525084,0.8964935183525086
HNMRNPD,1.0915645360946655,-3.9205687046051025,0.7142857142857143,0.2857142857142857,0.9923404455184937,0.8923404157161713
AWHIQLN,-2.843252420425415,0.7538641691207886,0.7142857142857143,0.4285714285714285,1.0607773065567017,0.9607772767543792
YYGRWND,-1.7035250663757324,0.5838700532913208,0.7142857142857143,0.2857142857142857,1.1823445558547974,1.0
YHSMSSP,1.0845938920974731,-2.1400320529937744,0.5714285714285714,0.2857142857142857,1.2041062116622925,1.0
YRMRSNN,-3.643721580505371,0.15693984925746918,0.4285714285714285,0.2857142857142857,0.8898530602455139,0.6898530751466752
YGARCCF,-3.7264366149902344,-1.136454463005066,0.7142857142857143,0.5714285714285714,0.7250985503196716,0.6250985503196717
MKRNRTR,-3.542713165283203,0.10898592323064804,0.7142857142857143,0.4285714285714285,0.8966994285583496,0.7966993987560272
YMGSGIS,0.23877428472042084,-3.197556734085083,0.5714285714285714,0.1428571428571428,0.9725316166877748,0.8225316166877746
YTPKDTD,0.40398532152175903,-4.66987419128418,0.7142857142857143,0.5714285714285714,0.8172707557678223,0.7172707334160805
ISHRSQN,1.2734286785125732,-1.216415524482727,0.5714285714285714,0.1428571428571428,1.337910771369934,1.0
YHRSSIN,0.6233690977096558,1.4188010692596436,0.2857142857142857,0.2857142857142857,1.5716946125030518,1.0
QNRGLWE,-0.9681304693222046,-1.1938835382461548,0.7142857142857143,0.5714285714285714,1.061582088470459,0.9615821480751038
YNVSNEA,-0.17063063383102417,-3.8037991523742676,0.5714285714285714,0.5714285714285714,0.8491725921630859,0.6991726219654083
YMSRSQR,-3.7914912700653076,0.45689529180526733,0.5714285714285714,0.1428571428571428,0.9072803258895874,0.7572803109884262
YSVRCVF,-3.9265289306640625,-0.788200855255127,0.5714285714285714,0.2857142857142857,0.7417807579040527,0.5917807728052139
HSPTAAE,-0.05689117684960365,-5.592723846435547,0.7142857142857143,0.4285714285714285,0.6496952176094055,0.5172199796885252
YWGSPSI,-2.1167919635772705,-0.44854751229286194,0.5714285714285714,0.4285714285714285,1.007610559463501,0.8576106190681457
ESHCNDA,-4.054629802703857,-0.9589619636535645,0.7142857142857143,0.4285714285714285,0.7054429054260254,0.605442875623703
YYMRNVN,-2.3732690811157227,-0.31351011991500854,0.5714285714285714,0.2857142857142857,0.9918118119239808,0.8418118119239807
QVMIQKV,-0.34838929772377014,-3.6100144386291504,0.5714285714285714,0.5714285714285714,0.8501879572868347,0.7001879721879959
PSHKHNN,0.3613349199295044,-1.9271063804626465,0.7142857142857143,0.2857142857142857,1.1395058631896973,1.0
FTHRWFN,-2.678758144378662,-0.24520771205425262,0.7142857142857143,0.4285714285714285,0.9619425535202026,0.861942583322525
EWKRHVY,-3.244281768798828,1.0075199604034424,0.7142857142857143,0.5714285714285714,1.041150689125061,0.9411506891250612
QMSRKGI,-2.8181209564208984,-1.164669156074524,0.7142857142857143,0.2857142857142857,0.8347922563552856,0.734792286157608
SFRNATM,1.0985733270645142,-3.072561264038086,0.5714285714285714,0.2857142857142857,1.094482660293579,0.944482719898224
YYNSQNN,-0.7311683893203735,-1.7653266191482544,0.5714285714285714,0.2857142857142857,1.0228358507156372,0.8728358507156372
RWRESYN,-1.769014835357666,0.17759943008422852,0.5714285714285714,0.4285714285714285,1.1256754398345947,0.9756754696369172
YTYRSHI,-2.3472185134887695,0.23607519268989563,0.7142857142857143,0.4285714285714285,1.060686469078064,0.9606864988803864
YIIRCTK,-5.276349067687988,-0.21766245365142822,0.7142857142857143,0.1428571428571428,0.6418954133987427,0.5418954133987427
IVHGEAM,-0.5907762050628662,-4.342405796051025,0.7142857142857143,0.5714285714285714,0.7325537800788879,0.6325537651777268
VFEIHRK,-1.5821144580841064,-1.1007633209228516,0.5714285714285714,0.4285714285714285,0.9962766170501708,0.8462766170501709
EEATLAN,-1.4972622394561768,-4.845876216888428,0.5714285714285714,0.1428571428571428,0.5595934391021729,0.4038749877363443
YHKSRAG,-2.541138172149658,-0.024593155831098557,0.5714285714285714,0.2857142857142857,1.00541889667511,0.8554188966751098
LNSYSIN,-0.34410372376441956,-2.185880422592163,0.4285714285714285,0.4285714285714285,1.0207929611206057,0.8207929313182831
PVEKPCM,-3.364062786102295,-1.00881826877594,0.5714285714285714,0.4285714285714285,0.7854477167129517,0.6354477018117904
EPRSGTN,1.1721389293670654,-4.067176818847656,0.2857142857142857,0.2857142857142857,0.9848618507385254,0.7348618805408478
DNHRPEN,0.9121392965316772,-3.4305295944213867,0.5714285714285714,0.2857142857142857,1.0285272598266602,0.8785272896289825
YHHSNNQ,-0.04662758484482765,-1.4579052925109863,0.4285714285714285,0.2857142857142857,1.1447570323944092,0.9447570025920868
GSHRSKH,-3.9658162593841553,0.9926403760910034,0.7142857142857143,0.1428571428571428,0.9495604038238524,0.8495603740215302
QGHRSHY,-0.9436972737312317,0.1396438330411911,0.7142857142857143,0.4285714285714285,1.2238746881484983,1.0
YWTRSWQ,-3.3041861057281494,1.5343363285064697,0.5714285714285714,0.4285714285714285,1.096606969833374,0.9466069996356964
VYHSRVN,0.11820923537015915,-0.559593141078949,0.7142857142857143,0.1428571428571428,1.272552490234375,1.0
HVSRDSD,0.6914571523666382,-4.459603786468506,0.7142857142857143,0.4285714285714285,0.8781646490097046,0.778164678812027
YYHHKHE,-0.2182520031929016,-0.3618144094944,0.7142857142857143,0.2857142857142857,1.254290223121643,1.0
LHHKNMV,-0.07025139778852463,-1.4995133876800537,0.5714285714285714,0.2857142857142857,1.1368474960327148,0.9868475258350372
EPRPEWI,-1.7004636526107788,-2.47387433052063,0.5714285714285714,0.4285714285714285,0.8175666928291321,0.6675666928291321
FDHRFNN,-0.5448939800262451,-1.6064518690109253,0.7142857142857143,0.2857142857142857,1.0649954080581665,0.964995378255844
WMARHNN,-0.8468837738037109,-0.7396610975265503,0.7142857142857143,0.2857142857142857,1.130918025970459,1.0
YSRRSLE,1.6336803436279297,0.5178843140602112,0.4285714285714285,0.2857142857142857,1.5898652076721191,1.0
WSNSLSY,-2.922286033630371,-2.1961379051208496,0.5714285714285714,0.4285714285714285,0.6986472010612488,0.5486472010612488
YPPRTTI,1.2691140174865723,-3.619687557220459,0.5714285714285714,0.1428571428571428,1.0503724813461304,0.9003724664449692
YGQRGKD,2.0965633392333984,-3.206077814102173,0.5714285714285714,0.4285714285714285,1.2027634382247925,1.0
IWRTSVV,-2.6828877925872803,-1.041266918182373,0.5714285714285714,0.5714285714285714,0.8663623332977295,0.7163623631000519
MGCVSDT,-3.8780219554901123,-1.6096320152282715,0.7142857142857143,0.5714285714285714,0.6497225761413574,0.5497225463390351
CHPMYPP,-2.9981138706207275,-2.027221441268921,0.7142857142857143,0.1428571428571428,0.7093806266784668,0.6093806564807892
VHNSFNQ,0.5148396492004395,-3.9802188873291016,0.7142857142857143,0.4285714285714285,0.9134286642074584,0.8134286791086197
DFARSHP,1.1921072006225586,-1.7616947889328003,0.5714285714285714,0.4285714285714285,1.262670397758484,1.0
HYFAATN,-2.033607244491577,-1.8269044160842896,0.7142857142857143,0.5714285714285714,0.8533602952957153,0.7533602952957154
YVRLIQW,-3.993731737136841,0.39382824301719666,0.5714285714285714,0.5714285714285714,0.8745747804641724,0.7245747804641723
VSHRHVN,1.0289900302886963,-1.2557944059371948,0.5714285714285714,0.2857142857142857,1.302781343460083,1.0
WNHISTN,-0.08953490853309631,-2.497882604598999,0.5714285714285714,0.4285714285714285,1.0152209997177124,0.86522096991539
YHSKMLN,1.4574178457260132,-1.5323830842971802,0.5714285714285714,0.1428571428571428,1.3230798244476318,1.0
YYHVPFI,-3.182147741317749,0.3194589614868164,0.7142857142857143,0.2857142857142857,0.966715931892395,0.866715931892395
GSHKQVE,1.0947576761245728,-3.7675201892852783,0.7142857142857143,0.2857142857142857,1.0110150575637815,0.9110150128602982
YYRDSED,-1.2517693042755127,0.47830328345298767,0.5714285714285714,0.2857142857142857,1.2259702682495115,1.0
YFRGAGP,-0.579034149646759,-1.1889042854309082,0.5714285714285714,0.2857142857142857,1.110609769821167,0.9606097102165222
GYGRAGY,-0.4464702606201172,-1.4135080575942993,0.7142857142857143,0.4285714285714285,1.1002883911132812,1.0
THNDRLS,0.7973918914794922,-4.2501349449157715,0.7142857142857143,0.5714285714285714,0.916365921497345,0.8163659363985062
YHLQPVC,-3.4817962646484375,-1.3907787799835205,0.5714285714285714,0.5714285714285714,0.7251787185668945,0.5751787036657333
YWSRSND,-0.8069483041763306,0.3412635028362274,0.5714285714285714,0.2857142857142857,1.2649741172790527,1.0
QSRRINN,-2.8982036113739014,-0.6598513722419739,0.5714285714285714,0.4285714285714285,0.8851097822189331,0.7351097524166107
GNHVGNE,0.23717311024665833,-4.822092056274414,0.7142857142857143,0.4285714285714285,0.7783285975456238,0.6734622683376074
PYASTQQ,-0.17082655429840088,-3.5798404216766357,0.7142857142857143,0.2857142857142857,0.8758935928344727,0.7758936226367951
YSKAMDN,1.5601085424423218,-1.2549222707748413,0.5714285714285714,0.4285714285714285,1.3689968585968018,1.0
SHSRNSN,1.1499649286270142,-2.622788429260254,0.5714285714285714,0.2857142857142857,1.1545920372009275,1.0
FNDRSRE,0.9771266579627991,-3.4578840732574463,0.5714285714285714,0.5714285714285714,1.033349871635437,0.8833499014377594
YHVKANE,1.921966552734375,-1.4842897653579712,0.5714285714285714,0.4285714285714285,1.386648178100586,1.0
RSHRQNN,-3.799485206604004,-0.4375433325767517,0.7142857142857143,0.2857142857142857,0.7994704842567444,0.6994704693555832
KSKSMSN,-4.142755031585693,-0.584105372428894,0.5714285714285714,0.2857142857142857,0.7392391562461853,0.5892391413450241
DFRNSEF,-0.1930294632911682,-2.3273680210113525,0.5714285714285714,0.4285714285714285,1.022701382637024,0.8727014124393463
VDLPATV,-1.0611319541931152,-4.306616306304932,0.7142857142857143,0.5714285714285714,0.6782799959182739,0.578279995918274
YCLYDAN,-4.781619071960449,0.9825666546821594,0.7142857142857143,0.4285714285714285,0.8468098044395447,0.7468098267912865
AYRRSQS,-2.59485125541687,0.37417808175086975,0.4285714285714285,0.2857142857142857,1.0463546514511108,0.8463546514511109
RDRNKAG,-0.9793416857719421,-1.888573408126831,0.7142857142857143,0.1428571428571428,0.9772260189056396,0.8772260487079621
YGAPHKV,1.8008898496627808,-3.4045608043670654,0.7142857142857143,0.5714285714285714,1.142256259918213,1.0
PRVRYNP,-3.058027982711792,-0.9439969658851624,0.7142857142857143,0.5714285714285714,0.8312826156616211,0.7312826156616211
VHLCKCW,-4.1167097091674805,-0.6425306797027588,0.7142857142857143,0.5714285714285714,0.7355040311813354,0.6355040013790131
IYRDDTW,-2.009251117706299,-0.5411462187767029,0.7142857142857143,0.4285714285714285,1.0099385976791382,0.9099385678768158
DSIYASG,-0.7350553274154663,-3.2811789512634277,0.5714285714285714,0.5714285714285714,0.8413273096084595,0.6913273394107818
FRHSASW,-1.6456853151321411,0.03519854694604874,0.7142857142857143,0.1428571428571428,1.1240214109420776,1.0
YHQRSED,1.2812491655349731,-1.2872519493103027,0.5714285714285714,0.2857142857142857,1.3304249048233032,1.0
PCRQWSN,-4.704153537750244,0.29158321022987366,0.5714285714285714,0.4285714285714285,0.7739343643188477,0.623934356868267
TYSTFAT,-1.8258663415908813,-2.1642777919769287,0.7142857142857143,0.5714285714285714,0.8389295339584351,0.7389295041561127
NYARLEP,-0.13689833879470825,0.10562959313392639,0.5714285714285714,0.5714285714285714,1.3202394247055054,1.0
VWHMSIH,-3.219510555267334,-0.44065651297569275,0.7142857142857143,0.4285714285714285,0.8712913990020752,0.7712913990020752
YMRIQFE,-1.3777716159820557,-0.5807679295539856,0.5714285714285714,0.2857142857142857,1.0838106870651243,0.9338106870651244
YYHHHIW,-3.089336395263672,0.5862553715705872,0.7142857142857143,0.2857142857142857,1.0101298093795776,0.9101298093795775
VHRRYNI,-3.290954113006592,0.7203887104988098,0.5714285714285714,0.2857142857142857,1.001051664352417,0.8510516345500946
YHRGSHM,-0.5562904477119446,0.17626453936100006,0.4285714285714285,0.2857142857142857,1.27647066116333,1.0
TYHRGHQ,-0.6520296931266785,0.5893357396125793,0.5714285714285714,0.2857142857142857,1.3138829469680786,1.0
GPHRDNC,-3.576538562774658,-0.6157403588294983,0.7142857142857143,0.1428571428571428,0.8059414029121399,0.7059414178133011
YQSTWLR,-3.103985548019409,-0.1591193825006485,0.7142857142857143,0.4285714285714285,0.9192928671836852,0.8192928671836853
VFCRAAP,-3.1402833461761475,-0.0686071589589119,0.5714285714285714,0.4285714285714285,0.9255837202072144,0.7755837500095367
INHLAYR,-1.489107370376587,-2.374082326889038,0.5714285714285714,0.5714285714285714,0.8557926416397095,0.7057926714420318
GPKMSQK,-2.6999242305755615,-0.755332887172699,0.7142857142857143,0.5714285714285714,0.8983882665634155,0.7983882367610932
KYHHDTR,-1.6741509437561035,0.5672221183776855,0.5714285714285714,0.2857142857142857,1.1840128898620603,1.0
GHYRSNI,-0.32660308480262756,0.28213077783584595,0.5714285714285714,0.2857142857142857,1.3177037239074707,1.0
VHRHSAN,0.7860170006752014,0.23290978372097015,0.4285714285714285,0.2857142857142857,1.450319766998291,1.0
QMVEMHN,-0.3105703592300415,-4.753444671630859,0.8571428571428571,0.4285714285714285,0.7183458805084229,0.6659389112144708
YHSSMIN,-0.7391092777252197,-2.9126486778259277,0.5714285714285714,0.2857142857142857,0.884833037853241,0.734833037853241
YHTRNYQ,-0.3664288818836212,-0.8178700804710388,0.5714285714285714,0.4285714285714285,1.18138325214386,1.0
YRVKQNN,-2.755944013595581,-0.6443748474121094,0.5714285714285714,0.1428571428571428,0.9046658873558044,0.7546658873558044
CYHRVTT,-3.624455213546753,0.9127570390701294,0.5714285714285714,0.1428571428571428,0.9825116991996764,0.8325117141008377
EKHSDHN,0.9039661884307861,-3.590421199798584,0.7142857142857143,0.4285714285714285,1.008415460586548,0.9084154754877092
YLHRCWE,-4.653852939605713,0.23795385658740997,0.7142857142857143,0.4285714285714285,0.7737910747528076,0.6737910971045494
CHECYMA,-3.5486912727355957,-1.1885627508163452,0.5714285714285714,0.5714285714285714,0.7410006523132324,0.5910006672143936
TYGRSNN,0.5879482626914978,-0.5854585766792297,0.5714285714285714,0.2857142857142857,1.327934741973877,1.0
LHSMWAW,-5.0848870277404785,1.0997343063354492,0.5714285714285714,0.5714285714285714,0.8230526447296143,0.673052616789937
QYIVAVL,-2.3358068466186523,-2.160628080368042,0.5714285714285714,0.4285714285714285,0.7758902311325073,0.6258902013301849
YYSSSDN,-1.5431233644485474,-2.403993844985962,0.4285714285714285,0.2857142857142857,0.8454969525337219,0.645496952533722
YSHRGNI,1.129030704498291,-0.13284626603126526,0.5714285714285714,0.1428571428571428,1.4493377208709717,1.0
IGHKSQN,1.9481372833251953,-2.502195358276367,0.5714285714285714,0.2857142857142857,1.2683463096618652,1.0
YHFRHNW,-1.5255264043807983,0.42366185784339905,0.5714285714285714,0.2857142857142857,1.185368895530701,1.0
YHKRSYC,-4.696807861328125,1.1002718210220337,0.5714285714285714,0.2857142857142857,0.8714231252670288,0.72142314016819
IPFRSTQ,0.8787368535995483,-2.931988000869751,0.7142857142857143,0.4285714285714285,1.0839059352874756,0.9839058756828308
VNAKSQN,2.03305721282959,-2.823760747909546,0.5714285714285714,0.4285714285714285,1.240515112876892,1.0
GMERKDC,-3.1805148124694824,-1.3480671644210815,0.7142857142857143,0.1428571428571428,0.7677814960479736,0.6677814960479737
YYNRKNE,0.9693783521652222,0.1690884679555893,0.7142857142857143,0.4285714285714285,1.465522289276123,1.0
YNHNSNQ,0.7407790422439575,-3.0577569007873535,0.5714285714285714,0.2857142857142857,1.051713943481445,0.90171400308609
YHSMSPN,1.1509493589401245,-1.586985468864441,0.4285714285714285,0.2857142857142857,1.2784112691879272,1.0
NYTRYVN,-2.5706241130828857,0.6654065251350403,0.5714285714285714,0.2857142857142857,1.0841491222381592,0.9341491520404815
EYYRFNG,-2.906163454055786,0.28042829036712646,0.7142857142857143,0.2857142857142857,0.9964081645011902,0.8964081645011902
YHWHPVH,-2.5370090007781982,-0.10750855505466461,0.7142857142857143,0.4285714285714285,0.9960310459136964,0.8960310459136963
IVDNMSN,-1.116223931312561,-5.111727714538574,0.5714285714285714,0.4285714285714285,0.5752751231193542,0.4100321970880032
GYHPQSY,-1.2095837593078613,-1.0541236400604248,0.5714285714285714,0.5714285714285714,1.0482172966003418,0.8982173562049866
FYHGMNN,-1.724523663520813,-1.327337622642517,0.5714285714285714,0.2857142857142857,0.951492428779602,0.8014924585819244
MHSAATT,0.5552656054496765,-4.693987846374512,0.7142857142857143,0.2857142857142857,0.8332217335700989,0.7329448755830527
FGATVGN,0.6884258985519409,-4.0346503257751465,0.7142857142857143,0.2857142857142857,0.9285356998443604,0.8285356998443604
ENHGENE,-0.7891634702682495,-5.089430809020996,0.7142857142857143,0.4285714285714285,0.618648886680603,0.5042047809809447
HHRRNEN,-1.466874361038208,0.9620868563652039,0.5714285714285714,0.2857142857142857,1.256968975067139,1.0
YPGPHAV,0.4426540732383728,-3.704251289367676,0.7142857142857143,0.5714285714285714,0.9373997449874878,0.8373997300863266
QWHETEM,-1.9658706188201904,-1.8053133487701416,0.8571428571428571,0.5714285714285714,0.8643702268600464,0.8143702566623687
PYPRNNN,0.3387894034385681,-1.936185359954834,0.5714285714285714,0.2857142857142857,1.135615348815918,0.9856153190135956
YHSVQNQ,0.8099789023399353,-3.7798659801483154,0.5714285714285714,0.4285714285714285,0.9740927219390868,0.8240927070379257
IYAKDLN,0.8106905221939087,0.08221813291311264,0.5714285714285714,0.4285714285714285,1.435395359992981,1.0
AFSGTAA,0.28015226125717163,-4.022983551025391,0.7142857142857143,0.5714285714285714,0.8791088461875916,0.7791088461875916
EYNRNFN,-1.098955512046814,-1.4109492301940918,0.7142857142857143,0.2857142857142857,1.0193754434585571,0.9193754136562348
HYAVFGD,-2.8110201358795166,-1.707352638244629,0.7142857142857143,0.5714285714285714,0.7708683013916016,0.670868331193924
WYRSCTN,-4.2632904052734375,0.015393049456179142,0.4285714285714285,0.2857142857142857,0.7958282232284546,0.5958282381296158
MFSFSTR,-3.5226027965545654,-1.1644138097763062,0.5714285714285714,0.4285714285714285,0.7471319437026978,0.5971319586038589
YSSRQNT,1.899038553237915,-2.7379353046417236,0.7142857142857143,0.2857142857142857,1.2340824604034424,1.0
YHPAMRF,-1.6692627668380737,-2.094485282897949,0.7142857142857143,0.4285714285714285,0.8667575120925903,0.766757482290268
YSREGNF,0.9344653487205505,-0.3516249656677246,0.4285714285714285,0.0,1.3989923000335691,1.0
LAERKNN,1.8897823095321655,-3.1793673038482666,0.5714285714285714,0.1428571428571428,1.1802140474319458,1.0
YVNRCNN,-3.479081392288208,-0.7505328059196472,0.5714285714285714,0.2857142857142857,0.801975429058075,0.6519754439592361
WRRAQNY,-4.0490241050720215,0.2894412577152252,0.7142857142857143,0.4285714285714285,0.8552262187004089,0.755226218700409
QHYMGYN,-3.0601558685302734,-1.2975127696990967,0.4285714285714285,0.2857142857142857,0.7888004779815674,0.5888004779815674
MWPRRIT,-3.8512182235717773,0.9638001918792725,0.7142857142857143,0.2857142857142857,0.9603809118270874,0.8603808969259262
IWNYDTN,-3.0913758277893066,0.5563328862190247,0.7142857142857143,0.4285714285714285,1.0063025951385498,0.9063025653362274
YNRRQGN,-1.8314647674560547,-0.7167733311653137,0.5714285714285714,0.2857142857142857,1.0110950469970703,0.8610950469970703
YPSRSTG,2.685628652572632,-2.4535160064697266,0.7142857142857143,0.1428571428571428,1.365959405899048,1.0
AHRRLCN,-5.163408279418945,1.1424239873886108,0.5714285714285714,0.2857142857142857,0.8183766603469849,0.6683766817674041
DKMQSAC,-3.438904285430908,-1.5134683847427368,0.7142857142857143,0.4285714285714285,0.715865969657898,0.6158659547567368
YYGLSNH,-1.1951375007629395,-1.6839783191680908,0.4285714285714285,0.2857142857142857,0.9747977256774902,0.7747976958751679
LYRSSGR,-2.938382625579834,-0.2958710491657257,0.5714285714285714,0.1428571428571428,0.9235754013061525,0.7735753715038299
YVPDGTW,-2.1445043087005615,-0.14371757209300995,0.5714285714285714,0.4285714285714285,1.0405641794204712,0.8905641496181488
LYHRMAK,-4.121793270111084,0.5029624700546265,0.5714285714285714,0.4285714285714285,0.8716671466827393,0.7216671615839004
IYRAKMN,-2.5763118267059326,-0.27021315693855286,0.5714285714285714,0.4285714285714285,0.9717084169387816,0.8217084467411041
QYHRSNN,0.49870648980140686,1.3024613857269287,0.5714285714285714,0.1428571428571428,1.5422836542129517,1.0
QYNQHNN,0.05514046922326088,-3.280290365219116,0.7142857142857143,0.2857142857142857,0.939793586730957,0.8397935569286347
YYRWMEQ,-3.4451751708984375,0.5883877873420715,0.7142857142857143,0.2857142857142857,0.9660912752151488,0.8660912454128266
TDHKDPD,0.39544054865837097,-4.350890159606934,0.5714285714285714,0.5714285714285714,0.8543004989624023,0.7043004989624023
YNHKERK,-2.222172498703003,0.4700734317302704,0.7142857142857143,0.1428571428571428,1.1041959524154663,1.0
CYKRMSN,-4.493921279907227,0.5678964257240295,0.5714285714285714,0.1428571428571428,0.8331007957458496,0.6831008106470108
YYHMCNN,-4.234804630279541,-0.4092978537082672,0.5714285714285714,0.2857142857142857,0.7486569881439209,0.5986569583415985
YHKKECT,-3.3415448665618896,-0.4787440299987793,0.7142857142857143,0.2857142857142857,0.8515526652336121,0.7515526801347733
TQEIVNF,-1.69382643699646,-3.9929397106170654,0.5714285714285714,0.4285714285714285,0.6369845271110535,0.4869845271110534
PHHRDKL,0.33466091752052307,-0.014748887158930302,0.7142857142857143,0.4285714285714285,1.3645613193511963,1.0
QHRLSNE,1.4740514755249023,-1.0553569793701172,0.2857142857142857,0.1428571428571428,1.3821171522140503,1.0
YGAVVDW,-2.9605677127838135,-0.9349087476730347,0.7142857142857143,0.4285714285714285,0.8444993495941162,0.7444993197917938
SQLQEAN,-0.686492919921875,-4.575072288513184,0.7142857142857143,0.5714285714285714,0.692854106426239,0.5928541213274002
KVHRFFN,-4.142358779907227,0.7360650897026062,0.7142857142857143,0.2857142857142857,0.8969445824623108,0.796944597363472
MDRQLTN,1.0861010551452637,-5.121137619018555,0.5714285714285714,0.4285714285714285,0.8482871651649475,0.6827071066945791
HYREYEM,-1.254574179649353,-1.1011111736297607,0.7142857142857143,0.4285714285714285,1.03700590133667,0.9370058417320252
IHKTSCN,-3.1843385696411133,-0.44682955741882324,0.5714285714285714,0.2857142857142857,0.8749321699142456,0.724932199716568
KRHKVNN,-3.6438910961151123,0.7466750741004944,0.7142857142857143,0.2857142857142857,0.960258722305298,0.8602587372064591
THSKGNA,1.5190041065216064,-3.135640859603882,0.5714285714285714,0.2857142857142857,1.1392830610275269,0.9892830312252044
FHIPAYL,-3.450482130050659,-0.5799701809883118,0.5714285714285714,0.5714285714285714,0.8259040713310242,0.675904056429863
KGHSSQS,0.7584058046340942,-2.932485818862915,0.7142857142857143,0.1428571428571428,1.0688681602478027,0.9688681304454804
SYMRNEW,-2.201686143875122,1.4198511838912964,0.7142857142857143,0.4285714285714285,1.2201695442199707,1.0
PHRGQSS,1.5257517099380493,-2.3720569610595703,0.5714285714285714,0.2857142857142857,1.2313109636306765,1.0
LMLHRIY,-3.112666130065918,-1.080244779586792,0.5714285714285714,0.4285714285714285,0.8082106113433838,0.6582106113433838
YHIGPLH,-0.6902053952217102,-2.1261093616485596,0.7142857142857143,0.4285714285714285,0.9848496317863464,0.8848496317863465
YTSPGWI,-2.8187172412872314,-0.7547588348388672,0.5714285714285714,0.2857142857142857,0.8836699724197388,0.7336700022220611
MRHSDER,0.5678250193595886,-2.9441685676574707,0.8571428571428571,0.5714285714285714,1.043750286102295,0.9937502562999724
RKHLGEN,-1.0049389600753784,0.18447966873645782,0.5714285714285714,0.2857142857142857,1.221605896949768,1.0
GSHLWRN,-3.1936323642730713,-0.19339169561862946,0.5714285714285714,0.2857142857142857,0.9040412306785583,0.7540412306785583
EYSVSNV,-0.2990589737892151,-3.256918430328369,0.5714285714285714,0.0,0.8984954357147217,0.748495465517044
YSRKENG,2.241330146789551,-0.7767506837844849,0.5714285714285714,0.2857142857142857,1.5108962059020996,1.0
PCLRWID,-4.617573261260986,0.04077596217393875,0.7142857142857143,0.1428571428571428,0.7547598481178284,0.654759855568409
FSRIFIN,-3.2662339210510254,0.49681544303894043,0.2857142857142857,0.4285714285714285,0.9774293899536132,0.7274293899536133
YQFRKNL,-2.6583242416381836,0.09395351260900497,0.7142857142857143,0.2857142857142857,1.0049891471862793,0.9049890875816344
RHHRNVW,-4.6308393478393555,0.24369773268699646,0.5714285714285714,0.2857142857142857,0.7773416638374329,0.6273416563868522
VYCLASN,-4.158036708831787,0.9057973623275757,0.5714285714285714,0.4285714285714285,0.9152626991271972,0.7652627140283584
NYHFEMQ,-2.7796716690063477,-1.2336684465408325,0.7142857142857143,0.4285714285714285,0.8313382863998413,0.7313383162021637
PLSRSME,0.8160143494606018,-3.2084219455718994,0.5714285714285714,0.2857142857142857,1.0430864095687866,0.8930864095687866
TYHMKED,1.0007237195968628,-2.502863883972168,0.5714285714285714,0.4285714285714285,1.150336742401123,1.0
NVELIII,-2.2226486206054688,-3.3563618659973145,0.7142857142857143,0.2857142857142857,0.6471798419952393,0.5471798419952393
YKHKLAY,-3.541741132736206,-0.045735813677310944,0.5714285714285714,0.2857142857142857,0.8783433437347412,0.7283433735370636
YHRNSMW,-1.3568936586380005,0.4840289056301117,0.4285714285714285,0.2857142857142857,1.2135686874389648,1.0
NGRHLTN,0.6934148669242859,-1.9961514472961426,0.5714285714285714,0.4285714285714285,1.1725963354110718,1.0
YYHKEHT,0.20683211088180542,-1.6631885766983032,0.5714285714285714,0.4285714285714285,1.1517913341522217,1.0
YYVGSNT,-1.5872796773910522,-1.4381729364395142,0.5714285714285714,0.2857142857142857,0.9553399085998536,0.8053399085998535
TYRQQQS,1.0851842164993286,-1.5929192304611206,0.7142857142857143,0.2857142857142857,1.2695164680480957,1.0
CYAVSPV,-3.8999714851379395,0.3969075083732605,0.5714285714285714,0.4285714285714285,0.8866133689880371,0.7366133540868759
WYRRSCW,-4.591526031494141,1.3922127485275269,0.5714285714285714,0.2857142857142857,0.9193921089172364,0.7693921089172363
NYCHQTM,-3.750063419342041,-1.2499816417694092,0.7142857142857143,0.5714285714285714,0.7086000442504883,0.6086000293493271
ITSWSSF,-3.6696410179138184,-0.4265821874141693,0.5714285714285714,0.5714285714285714,0.8169418573379517,0.6669418722391128
DPRVIQN,0.6351491212844849,-3.9487180709838867,0.7142857142857143,0.4285714285714285,0.9321661591529846,0.8321661442518234
SSLRSHI,0.8415396809577942,-3.0374608039855957,0.5714285714285714,0.4285714285714285,1.066680073738098,0.9166800439357756
CYRNRHN,-4.781224727630615,0.5854382514953613,0.5714285714285714,0.2857142857142857,0.7994334101676941,0.6494334064424038
HNRQHHM,-0.9368796944618225,-0.46604323387145996,0.8571428571428571,0.2857142857142857,1.15239155292511,1.0
HSRGWNK,-4.9772467613220215,-0.07042133063077927,0.5714285714285714,0.4285714285714285,0.6967099905014038,0.5467100203037262
CNRWRPD,-2.7260563373565674,-0.2811654210090637,0.5714285714285714,0.7142857142857143,0.9517609477043152,0.8017609477043152
PQRIGNL,1.131161093711853,-3.1316142082214355,0.5714285714285714,0.4285714285714285,1.091486930847168,0.941486930847168
CDMKSRM,-3.595050096511841,-1.030441164970398,0.7142857142857143,0.2857142857142857,0.7541131973266602,0.6541131675243378
LSRMNKR,-4.861728668212891,0.7101565003395081,0.4285714285714285,0.4285714285714285,0.8043065667152405,0.6043065778911114
YHLRSQW,-1.8584903478622437,0.7793263792991638,0.5714285714285714,0.2857142857142857,1.186396837234497,1.0
HLTRDLD,0.7506856322288513,-3.1649057865142822,0.7142857142857143,0.5714285714285714,1.0401513576507568,0.9401513576507567
QHSRQWY,-3.438462734222412,-0.17484599351882935,0.5714285714285714,0.2857142857142857,0.8757805824279785,0.7257805526256561
PSHHGLP,0.26640453934669495,-3.542971611022949,0.5714285714285714,0.5714285714285714,0.9347211122512816,0.7847211122512817
QVHRPLN,0.9784098267555237,-2.0749707221984863,0.7142857142857143,0.4285714285714285,1.1986585855484009,1.0
YHMRSLN,-0.7337217926979065,0.43060532212257385,0.4285714285714285,0.1428571428571428,1.284758448600769,1.0
RLMSCRN,-4.451152324676514,-0.5504098534584045,0.7142857142857143,0.5714285714285714,0.7048752307891846,0.6048752307891846
YSSNHNM,0.8966898918151855,-4.137148380279541,0.5714285714285714,0.4285714285714285,0.942219078540802,0.7922190636396408
AHRRGIS,-3.3099873065948486,0.6909406781196594,0.5714285714285714,0.2857142857142857,0.9951658248901368,0.8451657950878143
YHHSNAN,0.7991151809692383,-1.1304205656051636,0.5714285714285714,0.1428571428571428,1.2891398668289185,1.0
AVHRNTI,0.9301644563674927,-2.2897307872772217,0.5714285714285714,0.2857142857142857,1.167006254196167,1.0
YPSEGQM,-0.4017221927642822,-3.529982805252075,0.5714285714285714,0.2857142857142857,0.8531067967414856,0.7031067818403244
YYMRWYA,-4.0193891525268555,0.759803831577301,0.7142857142857143,0.4285714285714285,0.9150862097740172,0.8150862246751786
FWKFEEL,-2.92280650138855,-0.3399958610534668,0.7142857142857143,0.5714285714285714,0.9202448129653932,0.8202448129653931
MMHDSGN,0.3222196400165558,-3.6597647666931152,0.7142857142857143,0.2857142857142857,0.9277212023735046,0.8277211874723435
GHFMNKN,1.0327327251434326,-1.726746916770935,0.5714285714285714,0.2857142857142857,1.2470057010650637,1.0
QPMRSKF,-2.236884355545044,-1.2019975185394287,0.7142857142857143,0.4285714285714285,0.902684211730957,0.8026842415332794
YVLGDFG,-3.5474798679351807,-0.7786884307861328,0.7142857142857143,0.5714285714285714,0.7900990843772888,0.6900990843772888
VHTRGEN,0.944945752620697,-2.9845166206359863,0.4285714285714285,0.4285714285714285,1.0858741998672483,0.8858741998672486
CDHPTNI,-4.0557732582092285,-0.6239443421363831,0.7142857142857143,0.5714285714285714,0.7453086376190186,0.645308667421341
EAREYWY,-3.8908634185791016,-0.8544016480445862,0.7142857142857143,0.2857142857142857,0.7383145093917847,0.6383144795894623
WGTQYNQ,-1.8549143075942993,-1.6107025146484375,0.7142857142857143,0.5714285714285714,0.9014222621917723,0.8014222621917725
LYHEVPP,-0.38062533736228943,-3.4841511249542236,0.7142857142857143,0.4285714285714285,0.8612061142921448,0.7612061142921448
YYRRKNK,-3.659219980239868,1.2550709247589111,0.5714285714285714,0.2857142857142857,1.0190637111663818,0.8690637707710266
YYHWCVN,-4.862844944000244,1.412502408027649,0.7142857142857143,0.2857142857142857,0.8880425095558167,0.7880425095558167
YYQENHE,-2.092108726501465,-1.7629132270812988,0.7142857142857143,0.4285714285714285,0.8537201881408691,0.7537201881408692
TNHDTCV,-3.9777214527130127,-0.7970569729804993,0.5714285714285714,0.5714285714285714,0.7343509197235107,0.5843509346246719
YEHQSSG,0.5743502974510193,-3.391674518585205,0.5714285714285714,0.2857142857142857,0.9911209344863892,0.8411209046840668
YVSTNNN,0.41753503680229187,-3.220128297805786,0.5714285714285714,0.4285714285714285,0.9920874834060668,0.8420874536037445
GSHFPCG,-3.600594997406006,-0.927541971206665,0.7142857142857143,0.5714285714285714,0.7657113671302795,0.6657113522291184
YRKPLLN,-2.547272205352783,-0.34036996960639954,0.5714285714285714,0.2857142857142857,0.9669449925422668,0.8169449925422668
YYHQAFN,-2.044123649597168,-1.065436601638794,0.5714285714285714,0.2857142857142857,0.94298654794693,0.7929865479469299
CYRRMEW,-3.6401360034942627,1.3149385452270508,0.7142857142857143,0.2857142857142857,1.0285887718200684,0.9285887867212296
ELHRHQF,-0.40247616171836853,-2.3443727493286133,0.7142857142857143,0.2857142857142857,0.99459969997406,0.8945996701717377
QVSKWNW,-2.8758175373077393,0.13264526426792145,0.7142857142857143,0.4285714285714285,0.9825370907783508,0.8825370907783509
YHHQIVN,-0.712655782699585,-1.4147268533706665,0.5714285714285714,0.2857142857142857,1.067009210586548,0.917009150981903
YAMVFAF,-3.4387598037719727,-1.1876972913742065,0.7142857142857143,0.4285714285714285,0.754787802696228,0.654787802696228
RYAGGSD,0.4492250680923462,-3.2598533630371094,0.7142857142857143,0.5714285714285714,0.9912880659103394,0.8912880957126618
FSIPSEG,-0.36761826276779175,-4.020257949829102,0.7142857142857143,0.4285714285714285,0.7988027334213257,0.6988027185201645
HYRNQSN,-0.0696437731385231,-0.33806878328323364,0.5714285714285714,0.2857142857142857,1.2756240367889404,1.0
KGRRGGN,-3.315842866897583,0.6855791807174683,0.5714285714285714,0.4285714285714285,0.9937965869903564,0.8437965869903564
VVDRGHR,-1.196168065071106,-1.6813359260559082,0.5714285714285714,0.5714285714285714,0.9749850034713744,0.8249849736690521
HQKWEFH,-1.0688905715942383,-0.9361066818237305,0.7142857142857143,0.0,1.0798239707946775,0.9798239707946778
YSHRSNN,1.822951078414917,1.5215983390808105,0.4285714285714285,0.1428571428571428,1.733289361000061,1.0
GYIPSEK,0.35643094778060913,-3.458463430404663,0.7142857142857143,0.2857142857142857,0.9560192823410034,0.856019252538681
TYSPSNR,0.7366743087768555,-2.709933280944824,0.5714285714285714,0.4285714285714285,1.092740535736084,0.942740535736084
VHRINVW,-2.819139242172241,-0.7127496004104614,0.7142857142857143,0.2857142857142857,0.888634204864502,0.788634204864502
YCLAYNT,-4.017838954925537,0.3043603301048279,0.7142857142857143,0.2857142857142857,0.8608896732330322,0.760889658331871
MHRISQL,-0.7848225235939026,0.1791333556175232,0.5714285714285714,0.4285714285714285,1.2483665943145752,1.0
TYHQGCN,-3.66595196723938,-0.5074672102928162,0.5714285714285714,0.4285714285714285,0.8077417016029358,0.657741716504097
GYFRSVG,-1.6149773597717285,-0.3626255989074707,0.5714285714285714,0.2857142857142857,1.0803351402282717,0.9303351700305938
VNHWSFH,-2.68906569480896,-0.35625967383384705,0.7142857142857143,0.4285714285714285,0.9473975896835328,0.8473975598812103
VPHRLVN,0.813483715057373,-1.7457377910614014,0.5714285714285714,0.4285714285714285,1.2174465656280518,1.0
GATRTQN,1.8746367692947388,-3.812809705734253,0.5714285714285714,0.4285714285714285,1.1026824712753296,0.952682426571846
YHNGSCT,-3.355687379837036,-0.8844987750053406,0.5714285714285714,0.2857142857142857,0.8013366460800171,0.6513366311788559
TDSIYFA,-3.0711891651153564,-1.318187952041626,0.5714285714285714,0.5714285714285714,0.7849581241607666,0.6349580943584442
YHHAPEN,0.1701909601688385,-2.3355228900909424,0.5714285714285714,0.2857142857142857,1.0669395923614502,0.916939651966095
QCKRLYN,-4.568288326263428,0.31480100750923157,0.7142857142857143,0.4285714285714285,0.7936190366744995,0.6936190068721771
YWRSDSL,-2.0394656658172607,1.1781251430511475,0.5714285714285714,0.0,1.21149480342865,1.0
YSPRANF,0.6761913895606995,-2.3850581645965576,0.5714285714285714,0.1428571428571428,1.1240087747573853,0.9740088045597076
LRKAHNL,-3.928481340408325,-0.5550506114959717,0.7142857142857143,0.4285714285714285,0.7693807482719421,0.6693807482719422
WQPRHNG,-0.10585328936576843,-1.5767384767532349,0.7142857142857143,0.4285714285714285,1.1231937408447266,1.0
YPKEGNN,1.3926392793655396,-3.0547385215759277,0.5714285714285714,0.0,1.1332151889801023,0.98321515917778
NQPDRNT,0.949089765548706,-4.030025482177734,0.7142857142857143,0.4285714285714285,0.961534321308136,0.861534321308136
GCSRSTA,-2.9335734844207764,0.5146860480308533,0.5714285714285714,0.4285714285714285,1.0209715366363523,0.8709715962409973
YYSVQWN,-3.0922529697418213,1.3665242195129395,0.7142857142857143,0.4285714285714285,1.102947235107422,1.0
ASLSIWS,-2.9545750617980957,0.3221813142299652,0.5714285714285714,0.5714285714285714,0.995368242263794,0.8453682422637939
CCEISTQ,-4.107761383056641,-0.9167755842208862,0.7142857142857143,0.5714285714285714,0.7038671970367432,0.603867182135582
YSSRSST,2.0831830501556396,-1.352227807044983,0.7142857142857143,0.2857142857142857,1.4224865436553955,1.0
RYRKSVG,-2.7473559379577637,0.37584683299064636,0.4285714285714285,0.2857142857142857,1.027570724487305,0.8275707840919495
IYSRVWM,-4.478299140930176,2.781010627746582,0.5714285714285714,0.4285714285714285,1.0993376970291138,0.9493377417325972
MHRNGLD,1.9889858961105347,-2.0728957653045654,0.4285714285714285,0.4285714285714285,1.3246984481811523,1.0
FCHHSLD,-3.6224184036254883,-0.49018529057502747,0.7142857142857143,0.2857142857142857,0.8152244687080383,0.7152244538068772
FPCSEDN,-4.137294292449951,-0.6162489056587219,0.7142857142857143,0.4285714285714285,0.7360802888870239,0.6360802739858628
YMHKSCG,-3.2088208198547363,0.7470165491104126,0.5714285714285714,0.1428571428571428,1.0144550800323486,0.8644551396369934
YIPYMAS,-2.633007526397705,0.18865755200386047,0.7142857142857143,0.5714285714285714,1.019450068473816,0.919450068473816
YHFESTD,-1.9015079736709595,-1.3038781881332397,0.5714285714285714,0.4285714285714285,0.932263731956482,0.7822637617588043
KSALFVR,-3.5536975860595703,-1.2808613777160645,0.7142857142857143,0.4285714285714285,0.7293550968170166,0.6293551117181778
WWRRQDN,-1.9207751750946045,0.657463788986206,0.7142857142857143,0.4285714285714285,1.1640909910202026,1.0
IDNSSNK,0.008953985758125782,-4.52772855758667,0.7142857142857143,0.4285714285714285,0.7850741147994995,0.6850741147994995
THHLSAN,0.1214129775762558,-2.720998764038086,0.4285714285714285,0.1428571428571428,1.0148340463638306,0.8148340165615082
PCVHSNY,-4.078738689422607,-0.2943772077560425,0.7142857142857143,0.4285714285714285,0.7818073034286499,0.6818072736263275
PHRAQHN,0.6253789067268372,-1.5990606546401978,0.5714285714285714,0.4285714285714285,1.2115485668182373,1.0
QHEAAHV,-0.7694217562675476,-5.023582458496094,0.7142857142857143,0.5714285714285714,0.6289699673652649,0.5168849427253008
YRRGSNN,-2.806692123413086,0.20823289453983307,0.2857142857142857,0.1428571428571428,1.0001683235168457,0.7501682639122009
YLMRGNN,-0.00743255065754056,-0.01540520042181015,0.5714285714285714,0.2857142857142857,1.3219006061553955,1.0
YYRDIWI,-3.0097525119781494,0.34422919154167175,0.7142857142857143,0.4285714285714285,0.9911330342292786,0.8911330342292786
HHRFKNS,-2.5441415309906006,0.8993856906890869,0.5714285714285714,0.4285714285714285,1.1153875589370728,0.9653875291347505
YHNRMNN,0.5016536712646484,-1.7957385778427124,0.4285714285714285,0.1428571428571428,1.1726603507995603,0.9726602911949158
YHSLGGS,1.259979486465454,-2.011298418045044,0.4285714285714285,0.4285714285714285,1.241310954093933,1.0
MWHRSSN,-1.1758570671081543,0.024704797193408012,0.5714285714285714,0.2857142857142857,1.1812503337860107,1.0
YQHRQEN,0.651314377784729,-1.4682344198226929,0.7142857142857143,0.2857142857142857,1.2304002046585083,1.0
YMHISTN,-0.37394577264785767,-1.869385004043579,0.5714285714285714,0.4285714285714285,1.0548745393753052,0.9048745691776277
HYHRDAN,0.09371423721313477,-0.92311692237854,0.7142857142857143,0.2857142857142857,1.2260911464691162,1.0
QTKLKNN,-1.5028400421142578,-1.11214017868042,0.5714285714285714,0.4285714285714285,1.0047857761383057,0.8547857165336609
VWHRQNN,-0.973958432674408,0.1985287219285965,0.7142857142857143,0.2857142857142857,1.227139949798584,1.0
YHHSNNN,0.3167021572589874,-1.0939563512802124,0.4285714285714285,0.1428571428571428,1.2334458827972412,1.0
YPHRHGN,0.7078559994697571,-0.6865754127502441,0.7142857142857143,0.2857142857142857,1.330784797668457,1.0
YEHSSNW,-0.9822577834129333,-0.8260958194732666,0.5714285714285714,0.2857142857142857,1.1037452220916748,0.9537452816963196
GPHKNEN,0.972111165523529,-3.667050361633301,0.7142857142857143,0.4285714285714285,1.007746696472168,0.9077467411756516
YHHKPNN,0.04207684472203255,0.5001667737960815,0.4285714285714285,0.1428571428571428,1.3896336555480957,1.0
YNHRQHG,0.5802792310714722,-1.0854988098144531,0.5714285714285714,0.2857142857142857,1.2672648429870603,1.0
IDHIASN,0.08333957195281982,-4.317744731903076,0.7142857142857143,0.4285714285714285,0.8194098472595215,0.7194098174571991
YYHREEK,0.46200403571128845,-0.15238308906555176,0.7142857142857143,0.2857142857142857,1.363976001739502,1.0
YGRRSTT,-2.9550909996032715,0.48062947392463684,0.5714285714285714,0.2857142857142857,1.0142260789871216,0.864226108789444
MHRRASI,-2.958405017852783,0.08254144340753555,0.5714285714285714,0.2857142857142857,0.966273546218872,0.816273546218872
YHRNMNA,1.2473857402801514,-0.30816370248794556,0.4285714285714285,0.2857142857142857,1.4431334733963013,1.0
YYRRSLS,-3.5002477169036865,0.6508772373199463,0.5714285714285714,0.2857142857142857,0.9666985273361206,0.816698557138443
IHHSLNN,0.20968222618103027,-2.5379791259765625,0.5714285714285714,0.2857142857142857,1.047677755355835,0.8976778149604797
VHRGGSN,1.1907095909118652,-1.0704706907272339,0.4285714285714285,0.1428571428571428,1.3450431823730469,1.0
IYSRNEN,0.529902994632721,1.616647481918335,0.5714285714285714,0.1428571428571428,1.5836873054504397,1.0
YHHKINN,0.19222719967365265,-0.06074146181344986,0.4285714285714285,0.2857142857142857,1.341339349746704,1.0
YHHRSNQ,-0.4056685268878937,1.564179539680481,0.4285714285714285,0.1428571428571428,1.460965633392334,1.0
AFYRSHN,-2.561866521835327,0.41175955533981323,0.7142857142857143,0.4285714285714285,1.0549484491348269,0.9549484193325044
YHSQSNW,-0.6593211889266968,0.2265295386314392,0.4285714285714285,0.2857142857142857,1.269648551940918,1.0
YHHRANR,-3.4137589931488037,1.357231616973877,0.5714285714285714,0.1428571428571428,1.0618178844451904,0.911817854642868
YSSRTHE,1.810617208480835,-2.9706358909606934,0.7142857142857143,0.2857142857142857,1.1952868700027466,1.0
NYYKANP,1.1824549436569214,-0.029719704762101173,0.7142857142857143,0.4285714285714285,1.4683032035827637,1.0
IFEVSYN,-2.981447458267212,-0.038011129945516586,0.7142857142857143,0.5714285714285714,0.9490087628364564,0.8490087628364563
YHRRSNT,-3.434176206588745,1.4955881834030151,0.2857142857142857,0.1428571428571428,1.0757991075515747,0.8257991224527359
QYKRGSP,-1.815255045890808,-0.5314067602157593,0.5714285714285714,0.4285714285714285,1.0352494716644287,0.8852494418621063
YHSRSNG,1.749018907546997,-0.5331441760063171,0.4285714285714285,0.1428571428571428,1.4787070751190186,1.0
YSSEYNN,-1.226850152015686,-1.7175877094268799,0.5714285714285714,0.2857142857142857,0.9668365716934204,0.8168366014957428
VSSESIN,-0.9652149677276611,-4.9051361083984375,0.4285714285714285,0.4285714285714285,0.6187434792518616,0.4109019804745912
YFRRSNN,-3.279209852218628,1.0475459098815918,0.2857142857142857,0.1428571428571428,1.0415829420089722,0.7915829867124557
YANRQNW,-0.8200619220733643,-1.081005334854126,0.7142857142857143,0.4285714285714285,1.0934932231903076,0.9934931635856628
FYRRSTN,-3.1850082874298096,0.7368326187133789,0.5714285714285714,0.1428571428571428,1.0162030458450315,0.8662030458450317
YHRASNN,2.1629555225372314,1.1421197652816772,0.1428571428571428,0.1428571428571428,1.7302937507629397,1.0
YKHRSGM,-3.9819352626800537,0.25755465030670166,0.7142857142857143,0.2857142857142857,0.8597691655158997,0.7597691804170609
YSHRSNE,1.6889132261276245,0.29594552516937256,0.5714285714285714,0.1428571428571428,1.5702362060546875,1.0
VSHRGSN,1.4339419603347778,-1.8199526071548462,0.5714285714285714,0.2857142857142857,1.285815715789795,1.0
YSRFSNY,-1.2975748777389526,0.23102010786533356,0.4285714285714285,0.2857142857142857,1.1907377243041992,0.990737783908844
QHARGEI,0.4230162501335144,-3.827702283859253,0.5714285714285714,0.4285714285714285,0.9202125668525696,0.7702125817537308
VYSSPQN,0.19558663666248322,-2.7612709999084473,0.5714285714285714,0.4285714285714285,1.0192575454711914,0.8692574858665466
VPHRGNN,1.6940126419067383,-2.556192398071289,0.5714285714285714,0.1428571428571428,1.2302656173706057,1.0
YYSKALW,-2.430434226989746,0.6049193143844604,0.5714285714285714,0.2857142857142857,1.0943758487701416,0.9443759083747864
SSHEISN,-0.6744282841682434,-4.77042818069458,0.7142857142857143,0.4285714285714285,0.6710262298583984,0.5680108409374952
YHHKSNQ,0.3801829218864441,0.9208366274833679,0.4285714285714285,0.2857142857142857,1.4819562435150146,1.0
YHHRSAR,-3.9054553508758545,1.5809612274169922,0.5714285714285714,0.2857142857142857,1.0273317098617554,0.877331680059433
NHRESNI,1.2727769613265991,-3.360945463180542,0.4285714285714285,0.4285714285714285,1.0817277431488037,0.881727683544159
LYDKNRN,1.0196360349655151,-2.0425753593444824,0.5714285714285714,0.5714285714285714,1.2076588869094849,1.0
TWSESQE,-1.5612989664077759,-1.3438746929168701,0.7142857142857143,0.5714285714285714,0.9698350429534912,0.8698350429534912
IPHRADG,1.6685798168182373,-3.258718729019165,0.7142857142857143,0.5714285714285714,1.1432034969329834,1.0
YPRRSHN,-3.0215036869049072,0.1877135932445526,0.4285714285714285,0.2857142857142857,0.97097909450531,0.7709790647029877
TYSKSYI,0.9159477949142456,0.22102074325084686,0.2857142857142857,0.4285714285714285,1.4650733470916748,1.0
NHRVLGN,0.34427976608276367,-1.004165530204773,0.5714285714285714,0.4285714285714285,1.2476015090942385,1.0
YHSAENT,-0.09788022935390472,-4.42960786819458,0.5714285714285714,0.2857142857142857,0.7834935188293457,0.6334935039281845
YYMRQNH,-1.2929702997207642,-0.501044750213623,0.7142857142857143,0.2857142857142857,1.1038870811462402,1.0
YYRKNEN,-0.5626722574234009,0.45301687717437744,0.4285714285714285,0.2857142857142857,1.3087263107299805,1.0
GHHRGEN,0.922361433506012,-2.0134332180023193,0.4285714285714285,0.2857142857142857,1.1990307569503784,0.9990307867527009
IYPRSNN,1.0240482091903687,-0.2884569466114044,0.5714285714285714,0.1428571428571428,1.4176868200302124,1.0
YGHRQVD,1.9485492706298828,-0.7497735619544983,0.7142857142857143,0.2857142857142857,1.4776737689971924,1.0
IHHVGTG,0.9145310521125793,-3.6150639057159424,0.7142857142857143,0.4285714285714285,1.0067877769470217,0.906787732243538
YARRKNE,-1.0766992568969727,0.434716135263443,0.5714285714285714,0.4285714285714285,1.2425570487976074,1.0
YPHRRTN,-2.811601400375366,0.24320434033870697,0.5714285714285714,0.2857142857142857,1.003733515739441,0.8537335157394409
YSKSDTN,1.5377790927886963,-0.4312087595462799,0.4285714285714285,0.4285714285714285,1.4645861387252808,1.0
YSKQSNN,2.3851256370544434,-0.6921348571777344,0.4285714285714285,0.2857142857142857,1.5389001369476318,1.0
YHKSTVQ,1.8678854703903198,-0.9189568758010864,0.4285714285714285,0.4285714285714285,1.4474289417266846,1.0
YHHRNNN,-0.28031638264656067,0.6082613468170166,0.4285714285714285,0.1428571428571428,1.3624122142791748,1.0
YHDRKGN,0.433947890996933,-1.0399640798568726,0.5714285714285714,0.2857142857142857,1.2544879913330078,1.0
EEHRNNN,1.1639047861099243,-3.413435220718384,0.7142857142857143,0.2857142857142857,1.0619072914123535,0.9619073510169984
YYSRMNN,-0.8428804874420166,-0.18266625702381134,0.5714285714285714,0.1428571428571428,1.1979334354400637,1.0
YPYRKNG,-1.7561746835708618,0.16638503968715668,0.7142857142857143,0.4285714285714285,1.125934600830078,1.0
YSTRGNS,2.6345443725585938,-2.1466667652130127,0.5714285714285714,0.2857142857142857,1.3962448835372925,1.0
THKHMFN,-0.24462410807609558,-0.6899324059486389,0.5714285714285714,0.4285714285714285,1.2118234634399414,1.0
YSVDSNQ,-0.45993512868881226,-3.1535956859588623,0.5714285714285714,0.4285714285714285,0.8908092379570007,0.7408092379570007
ITHRNWS,-1.1194825172424316,-0.569237232208252,0.7142857142857143,0.4285714285714285,1.1173384189605713,1.0
YKNRSQN,-2.4614343643188477,-0.20765605568885803,0.5714285714285714,0.2857142857142857,0.993478536605835,0.8434785664081573
YSKSFVN,0.97186678647995,-0.5690310001373291,0.4285714285714285,0.2857142857142857,1.3776850700378418,1.0
YPHRQTW,-1.0660302639007568,0.31390631198883057,0.5714285714285714,0.2857142857142857,1.2294578552246094,1.0
YNHISRN,0.9127369523048401,-1.4557795524597168,0.5714285714285714,0.2857142857142857,1.2644283771514893,1.0
YYKNGNY,0.09931539744138718,-0.45347392559051514,0.7142857142857143,0.2857142857142857,1.282873511314392,1.0
YVVKTFI,-1.2757270336151123,-0.07955771684646606,0.7142857142857143,0.4285714285714285,1.1563677787780762,1.0
YPEENAV,-0.44494083523750305,-4.391551971435547,0.5714285714285714,0.4285714285714285,0.7448376417160034,0.5948376268148422
PPSMGNS,0.2907430827617645,-3.984710693359375,0.7142857142857143,0.4285714285714285,0.8849977254867554,0.7849977105855942
TPFESNL,-1.1512378454208374,-4.820056915283203,0.7142857142857143,0.4285714285714285,0.6057484149932861,0.5009549673646688
IHHASNG,0.98686683177948,-3.9311020374298096,0.5714285714285714,0.2857142857142857,0.9780502319335938,0.8280502021312713
GYRSGNV,1.2656081914901733,-2.344128370285034,0.5714285714285714,0.4285714285714285,1.202264666557312,1.0
TSSRSNN,1.3082839250564575,-3.2970433235168457,0.5714285714285714,0.2857142857142857,1.0937787294387815,0.9437786996364592
YYKKSQL,-2.0445754528045654,1.0329413414001465,0.5714285714285714,0.4285714285714285,1.1935207843780518,1.0
QYRSNRN,-3.742820978164673,-0.3677389919757843,0.5714285714285714,0.2857142857142857,0.8148598670959473,0.6648598968982696
YHKHDTN,1.32891047000885,-1.008685827255249,0.5714285714285714,0.2857142857142857,1.369624137878418,1.0
YQHQAYN,-0.24028374254703522,-1.474974513053894,0.5714285714285714,0.4285714285714285,1.1186131238937378,0.9686130940914154
YHRRSNH,-3.369812250137329,1.1799616813659668,0.2857142857142857,0.1428571428571428,1.0461184978485107,0.796118438243866
QSHRLYN,-0.5665106177330017,-0.8627035021781921,0.7142857142857143,0.4285714285714285,1.1511238813400269,1.0
YHRHQET,-0.001649776822887361,-0.7349996566772461,0.5714285714285714,0.4285714285714285,1.2366857528686523,1.0
FYWIKNG,-4.165510177612305,1.3817675113677979,0.7142857142857143,0.5714285714285714,0.9711732864379884,0.8711732864379883
YPHNGNN,0.9797025918960571,-2.700878620147705,0.5714285714285714,0.1428571428571428,1.1240729093551636,0.974072939157486
QYHISDN,-0.48555463552474976,-1.5080190896987915,0.5714285714285714,0.1428571428571428,1.084136724472046,0.9341366946697236
YHRSMER,-0.9352284073829651,0.2247079312801361,0.5714285714285714,0.2857142857142857,1.2350873947143557,1.0
SYHSKNN,1.2628730535507202,-1.7262791395187378,0.7142857142857143,0.4285714285714285,1.2757084369659424,1.0
YYPRHEN,-0.4442158341407776,-0.9825515151023865,0.7142857142857143,0.2857142857142857,1.1520342826843262,1.0
YQSRSGS,2.1034035682678223,-2.001079797744751,0.7142857142857143,0.4285714285714285,1.347517013549805,1.0
YYHRYQN,-1.2507096529006958,0.6152443885803223,0.5714285714285714,0.2857142857142857,1.2424559593200684,1.0
VYHGQNG,1.164263129234314,-2.477572441101074,0.5714285714285714,0.4285714285714285,1.1737136840820312,1.0
YMGMAIN,-1.4110207557678223,-1.6868886947631836,0.5714285714285714,0.5714285714285714,0.947577953338623,0.7975779235363006
YYVRQEN,-1.2829445600509644,1.2938759326934814,0.7142857142857143,0.1428571428571428,1.3194862604141235,1.0
MISSMNN,-0.4543097913265228,-4.499927997589111,0.7142857142857143,0.5714285714285714,0.7307290434837341,0.630729028582573
SYRRSNP,-2.3055503368377686,0.6029965281486511,0.4285714285714285,0.2857142857142857,1.1096912622451782,0.909691232442856
YHHSINK,-0.09051969647407532,-0.719643235206604,0.5714285714285714,0.2857142857142857,1.2274575233459473,1.0
YHHRSEG,1.40459406375885,0.3482528626918793,0.5714285714285714,0.1428571428571428,1.5410919189453125,1.0
YYHSRAT,-1.1591321229934692,-0.11305771768093109,0.7142857142857143,0.4285714285714285,1.166880488395691,1.0
IHHRSSN,0.29642415046691895,0.912874698638916,0.4285714285714285,0.0,1.4705796241760254,1.0
YHHKAQY,0.0012671196600422263,0.042146071791648865,0.7142857142857143,0.2857142857142857,1.3298563957214355,1.0
YYHSQNF,-2.1296303272247314,-0.5269598960876465,0.4285714285714285,0.2857142857142857,0.9966484904289246,0.7966484904289246
YPKPSAN,2.2682435512542725,-2.6256322860717773,0.4285714285714285,0.2857142857142857,1.2934508323669434,1.0
EHSSSII,-0.700612485408783,-4.653755187988281,0.5714285714285714,0.4285714285714285,0.6817001700401306,0.53170016258955
YTHGSTD,0.23327365517616272,-3.7087347507476807,0.5714285714285714,0.4285714285714285,0.9108015298843384,0.7608015298843384
TMHSLNN,0.09222042560577393,-3.6555421352386475,0.7142857142857143,0.1428571428571428,0.8995961546897888,0.7995961546897888
YHRNTTD,1.686702013015747,-0.7041901350021362,0.4285714285714285,0.2857142857142857,1.4505236148834229,1.0
LHRQLQG,1.5756067037582397,0.7274355888366699,0.4285714285714285,0.2857142857142857,1.607661247253418,1.0
YHHRSNN,0.15554393827915192,1.2076259851455688,0.2857142857142857,0.1428571428571428,1.4882428646087646,1.0
YHHRSRI,-3.530712366104126,0.9740745425224304,0.5714285714285714,0.1428571428571428,1.0015029907226562,0.8515029609203338
YHHNNAN,0.5322426557540894,-1.2871578931808472,0.5714285714285714,0.2857142857142857,1.2372031211853027,1.0
YYHYGQN,-2.251565933227539,0.37211260199546814,0.5714285714285714,0.2857142857142857,1.0888385772705078,0.9388386368751526
YHMNFYN,-3.013767719268799,-0.9868942499160767,0.5714285714285714,0.4285714285714285,0.8316690921783447,0.6816690921783447
YGKKNNH,-2.7881906032562256,-0.3622320294380188,0.5714285714285714,0.4285714285714285,0.9343457221984864,0.7843457221984863
VSRRPNW,-2.1378605365753174,-0.36029377579689026,0.7142857142857143,0.2857142857142857,1.0155274868011477,0.9155274569988252
YHRRGQG,-1.9906116724014282,1.1762633323669434,0.4285714285714285,0.2857142857142857,1.217353582382202,1.0
YHHNDGI,0.27498728036880493,-1.9585011005401611,0.7142857142857143,0.4285714285714285,1.1250085830688477,1.0
GYSKLNN,1.438138484954834,-0.6708054542541504,0.5714285714285714,0.4285714285714285,1.4235703945159912,1.0
YHHKSNQ,0.3801829218864441,0.9208366274833679,0.4285714285714285,0.2857142857142857,1.4819562435150146,1.0
QHHRSNT,0.03560330718755722,0.2648688852787018,0.5714285714285714,0.2857142857142857,1.3607282638549805,1.0
YYKTQVI,-1.1751035451889038,-0.6098427772521973,0.5714285714285714,0.4285714285714285,1.1055657863616943,0.9555657863616944
YHRRNTE,-0.7950089573860168,0.6172402501106262,0.5714285714285714,0.2857142857142857,1.2994177341461182,1.0
YPRSSPP,2.5323119163513184,-2.94435715675354,0.4285714285714285,0.4285714285714285,1.28825843334198,1.0
YYHRHEN,-1.0367989540100098,-0.31573882699012756,0.7142857142857143,0.1428571428571428,1.1579035520553589,1.0
YHHRSNN,0.15554393827915192,1.2076259851455688,0.2857142857142857,0.1428571428571428,1.4882428646087646,1.0
YPSRSGS,2.470506191253662,-2.434962511062622,0.7142857142857143,0.2857142857142857,1.3413976430892944,1.0
YYRRQYA,-2.982567071914673,0.5381633043289185,0.7142857142857143,0.4285714285714285,1.017676830291748,0.9176767706871032
QNRSSEI,0.3861946165561676,-3.356142520904541,0.5714285714285714,0.4285714285714285,0.9719433784484864,0.8219433784484863
YYGRPAN,0.7744525074958801,-0.22832819819450378,0.5714285714285714,0.4285714285714285,1.393798828125,1.0
YHKKSNN,-2.0706305503845215,0.8620565533638,0.2857142857142857,0.1428571428571428,1.1698702573776243,0.9198702871799468
THKSQNA,1.700118064880371,-2.5844109058380127,0.5714285714285714,0.4285714285714285,1.2276557683944702,1.0
YHDRHPN,1.0453953742980957,-1.8906822204589844,0.5714285714285714,0.2857142857142857,1.2290046215057373,1.0
VWFRYRN,-4.854096412658691,1.4610668420791626,0.7142857142857143,0.4285714285714285,0.8949310779571533,0.7949310816824436
YYRSNHG,-0.5341336727142334,-0.061025626957416534,0.5714285714285714,0.2857142857142857,1.2508912086486816,1.0
YGHKAII,0.8940991163253784,-0.7307116985321045,0.7142857142857143,0.4285714285714285,1.3486967086791992,1.0
YMSRSNQ,1.3052068948745728,-0.7004418969154358,0.5714285714285714,0.2857142857142857,1.4034844636917114,1.0
IYHNGTN,0.5205287933349609,-2.7054479122161865,0.5714285714285714,0.2857142857142857,1.0663713216781616,0.9163712918758392
THRQSSG,1.732882022857666,-1.905479907989502,0.4285714285714285,0.4285714285714285,1.3128126859664917,1.0
TLSRNDW,-0.24304085969924927,-1.1211957931518555,0.7142857142857143,0.4285714285714285,1.1605185270309448,1.0
YFKRHNN,-3.3944590091705322,0.33729279041290283,0.5714285714285714,0.2857142857142857,0.942418098449707,0.7924180835485458
YYKKSNN,-1.8572704792022705,0.635402262210846,0.4285714285714285,0.2857142857142857,1.1693611145019531,0.9693610846996308
YVKRSNG,-1.836990237236023,0.9258792996406555,0.5714285714285714,0.2857142857142857,1.206574559211731,1.0
YMSRHGN,0.6636694669723511,-0.449497789144516,0.7142857142857143,0.4285714285714285,1.3535966873168943,1.0
YHKKSPN,-1.956716537475586,0.8037285208702087,0.2857142857142857,0.2857142857142857,1.17708420753479,0.92708420753479
VMHRNDE,1.2256749868392944,-2.436432361602783,0.5714285714285714,0.4285714285714285,1.1862709522247314,1.0
YHHRSGD,0.9942275285720825,0.008793270215392113,0.5714285714285714,0.1428571428571428,1.4494726657867432,1.0
AYHNSEG,0.19344772398471832,-2.608192205429077,0.5714285714285714,0.4285714285714285,1.0372720956802368,0.8872720658779144
YWHRLNG,-2.233787775039673,2.1200342178344727,0.7142857142857143,0.2857142857142857,1.2997901439666748,1.0
YHRRLVN,-3.311763286590576,1.150182843208313,0.4285714285714285,0.2857142857142857,1.0497878789901731,0.8497878640890122
YFHRIIR,-4.610799789428711,-0.24170953035354614,0.7142857142857143,0.4285714285714285,0.7218682765960693,0.621868246793747
ISHHAEV,-0.002261009067296982,-4.404476165771484,0.7142857142857143,0.4285714285714285,0.7983970642089844,0.698397034406662
YYRRQSN,-3.452728271484375,0.976710855960846,0.5714285714285714,0.2857142857142857,1.0115249156951904,0.8615249752998352
LHTKSNH,0.1743643432855606,-1.3988064527511597,0.4285714285714285,0.4285714285714285,1.1793227195739746,0.9793227791786194
QYSSPRH,0.34347203373908997,-1.4545304775238037,0.7142857142857143,0.2857142857142857,1.1937179565429688,1.0
YYHRSNN,-0.9529139399528503,1.031571388244629,0.4285714285714285,0.1428571428571428,1.329242467880249,1.0
YQSREYV,-0.34995293617248535,-0.3640384376049042,0.7142857142857143,0.4285714285714285,1.23763108253479,1.0
QLHRSWN,-2.3711998462677,0.44615572690963745,0.7142857142857143,0.4285714285714285,1.082789421081543,0.9827893614768982
VHVREDN,1.124362587928772,-3.605738639831543,0.5714285714285714,0.4285714285714285,1.034020185470581,0.8840202450752258
YHRRAQN,-3.2225942611694336,1.326810598373413,0.4285714285714285,0.1428571428571428,1.0819802284240725,0.8819802880287171
YGGRSDQ,0.9161386489868164,-2.3781142234802246,0.7142857142857143,0.4285714285714285,1.1547056436538696,1.0
YFSDRTN,0.14408886432647705,-1.865702509880066,0.5714285714285714,0.2857142857142857,1.1197969913482666,0.9697969615459442
YHKRGNA,-2.1378564834594727,0.9255666136741638,0.5714285714285714,0.2857142857142857,1.1690866947174072,1.0
LYTRAHN,-0.016911346465349197,-0.4160304367542267,0.5714285714285714,0.4285714285714285,1.2728776931762695,1.0
YHRRQYN,-2.973294258117676,0.32136306166648865,0.4285714285714285,0.2857142857142857,0.9929404854774476,0.7929404854774476
YYTQSTS,-1.1605058908462524,-2.065643072128296,0.5714285714285714,0.2857142857142857,0.9335296750068665,0.7835296750068664
YYHAENN,-1.5912944078445435,-0.606107234954834,0.5714285714285714,0.1428571428571428,1.054206371307373,0.9042063117027282
TLKRKNN,-2.1520776748657227,0.15100568532943726,0.5714285714285714,0.4285714285714285,1.0748176574707031,0.9248176574707032
YHTRSDK,0.2378854751586914,-0.7365241050720215,0.5714285714285714,0.2857142857142857,1.266319990158081,1.0
YYHRSPN,-1.3818936347961426,0.7948679327964783,0.4285714285714285,0.1428571428571428,1.247577428817749,1.0
YHRHSQN,0.3761090934276581,1.2386620044708252,0.2857142857142857,0.1428571428571428,1.5194041728973389,1.0
YYHRPGA,-0.46753859519958496,0.741191029548645,0.7142857142857143,0.2857142857142857,1.3549821376800537,1.0
YSSRSQN,2.2078049182891846,-0.6274328827857971,0.5714285714285714,0.1428571428571428,1.52455472946167,1.0
YYNRTSG,1.1841191053390503,-0.9429242014884949,0.5714285714285714,0.4285714285714285,1.35945463180542,1.0
YYRRGIG,-1.8172452449798584,0.543422281742096,0.5714285714285714,0.2857142857142857,1.1633589267730713,1.0
QYHNSGN,0.6480649709701538,-2.281491756439209,0.5714285714285714,0.2857142857142857,1.132875680923462,0.9828757405281068
VWHRKWV,-4.993017673492432,1.2404648065567017,0.7142857142857143,0.5714285714285714,0.851294219493866,0.7512942343950272
YHHSSNN,0.576410174369812,-0.5628306865692139,0.2857142857142857,0.1428571428571428,1.3292007446289062,1.0
YNSRNNF,0.8569873571395874,-2.505019187927246,0.7142857142857143,0.2857142857142857,1.1321876049041748,1.0
QMHRSND,1.1054192781448364,-1.704484462738037,0.7142857142857143,0.2857142857142857,1.2587120532989502,1.0
YYTRMNI,-2.2614686489105225,-0.14260828495025635,0.5714285714285714,0.2857142857142857,1.0261374711990356,0.8761374711990356
QVRRSHL,-4.040775299072266,-0.08660099655389786,0.7142857142857143,0.4285714285714285,0.8113456964492798,0.7113456666469574
YHYRMHT,-1.7196916341781616,-0.5056564807891846,0.7142857142857143,0.2857142857142857,1.050220012664795,0.9502199530601502
YYHRSST,-1.7006211280822754,0.6532948613166809,0.5714285714285714,0.1428571428571428,1.1909968852996826,1.0
QYRRSNN,-3.216153383255005,0.40572839975357056,0.4285714285714285,0.1428571428571428,0.9727854132652284,0.7727854132652283
FHHIMNT,-2.1213159561157227,-2.3122973442077637,0.7142857142857143,0.4285714285714285,0.7844765186309814,0.6844765484333039
YYSRLNG,-0.5280764698982239,0.12562072277069092,0.7142857142857143,0.2857142857142857,1.2739346027374268,1.0
YFHRPLN,-1.692732334136963,0.5318922996520996,0.7142857142857143,0.2857142857142857,1.1774808168411257,1.0
YSSRSNN,2.5225963592529297,-0.9731555581092834,0.4285714285714285,0.1428571428571428,1.5224519968032837,1.0
YYEWLNN,-3.3574914932250977,0.8785975575447083,0.5714285714285714,0.2857142857142857,1.011662840843201,0.8616628408432007
YHRQKSD,0.22810593247413635,0.086455337703228,0.4285714285714285,0.2857142857142857,1.3633837699890137,1.0
YYHRSND,-0.3733210861682892,0.587036669254303,0.5714285714285714,0.1428571428571428,1.3483006954193115,1.0
GHSRSWN,-2.033332586288452,-0.3532176911830902,0.5714285714285714,0.1428571428571428,1.029383659362793,0.8793836295604706
YSRRNNA,-1.5669480562210083,-0.12207066267728806,0.4285714285714285,0.1428571428571428,1.1150410175323486,0.915040957927704
LYHKSTN,1.4561625719070435,0.4339682459831238,0.2857142857142857,0.2857142857142857,1.5577471256256104,1.0
HYHRANN,0.10214042663574219,1.076146125793457,0.7142857142857143,0.1428571428571428,1.4658939838409424,1.0
VYHSSSG,0.8539511561393738,-2.1343822479248047,0.4285714285714285,0.4285714285714285,1.1760715246200562,0.9760714948177338
QPHVSTS,0.4249223470687866,-3.6927599906921387,0.5714285714285714,0.4285714285714285,0.9365648627281188,0.7865648776292801
YYHARND,-0.11203032732009888,0.0956588014960289,0.5714285714285714,0.4285714285714285,1.3221442699432373,1.0
QAVRNEV,1.1404999494552612,-4.211429595947266,0.5714285714285714,0.5714285714285714,0.9636967182159424,0.8136967480182647
YLRSEHN,0.9458596110343933,-0.9877372980117798,0.4285714285714285,0.2857142857142857,1.324445366859436,1.0
YSTWSNN,-1.0564484596252441,-0.7439491152763367,0.4285714285714285,0.2857142857142857,1.104320406913757,0.9043204069137574
YSRRPLN,-1.807134747505188,0.18446573615074158,0.4285714285714285,0.2857142857142857,1.1217504739761353,0.9217504739761352
YYRGQVN,-0.25718390941619873,-0.03800584375858307,0.4285714285714285,0.4285714285714285,1.2881138324737549,1.0
YYHNARG,-0.38046520948410034,-0.5704494118690491,0.5714285714285714,0.4285714285714285,1.2091832160949707,1.0
YLRMSFN,-2.903207302093506,0.19294114410877228,0.4285714285714285,0.2857142857142857,0.9863283634185792,0.7863283336162568
YERSASS,0.620120108127594,-2.515221357345581,0.5714285714285714,0.4285714285714285,1.101485013961792,0.9514850437641144
YHRRPNT,-3.3935747146606445,0.5047060251235962,0.4285714285714285,0.2857142857142857,0.9625208377838136,0.7625208079814911
YPVRGNG,2.5414817333221436,-2.392108917236328,0.7142857142857143,0.2857142857142857,1.3553500175476074,1.0
YSVRSNP,2.069891929626465,0.3580177426338196,0.5714285714285714,0.2857142857142857,1.6250715255737305,1.0
IHKRPNN,-2.086373805999756,-0.2637360394001007,0.5714285714285714,0.2857142857142857,1.0334672927856443,0.8834672927856445
YHTRDEN,1.3509236574172974,-2.770306348800659,0.5714285714285714,0.2857142857142857,1.1619898080825806,1.0
AHHRHTN,0.1724531352519989,0.07392143458127975,0.5714285714285714,0.4285714285714285,1.354959487915039,1.0
YYREQIN,-1.3128602504730225,-0.10066549479961395,0.5714285714285714,0.2857142857142857,1.1492249965667725,0.9992249369621276
YYSGSQY,-0.9045451283454895,-1.87174654006958,0.5714285714285714,0.4285714285714285,0.988545835018158,0.8385458350181579
MSNKSGS,2.1248176097869873,-4.023932456970215,0.5714285714285714,0.5714285714285714,1.1086113452911377,0.9586113899946213
YHRSSND,2.3488376140594482,0.4069470465183258,0.2857142857142857,0.2857142857142857,1.6656365394592283,1.0
YYRRHNN,-3.881720542907715,0.8435717225074768,0.4285714285714285,0.2857142857142857,0.942226231098175,0.7422262459993363
YSSSHSN,0.7477010488510132,-3.7463948726654053,0.5714285714285714,0.2857142857142857,0.9703378081321716,0.8203378081321716
TYHIMEW,-3.631892442703247,-0.29176971316337585,0.5714285714285714,0.5714285714285714,0.8377401828765869,0.6877401679754257
YHSRSTE,1.6720906496047974,-1.0334240198135376,0.5714285714285714,0.1428571428571428,1.409387469291687,1.0
YHSRLIN,-0.5487531423568726,0.07511774450540543,0.5714285714285714,0.2857142857142857,1.2653298377990725,1.0
QSHSSNN,0.1327039748430252,-3.5100438594818115,0.5714285714285714,0.2857142857142857,0.922010898590088,0.7720109283924103
VHGRMQS,0.8306687474250793,-1.788203239440918,0.5714285714285714,0.4285714285714285,1.2145144939422607,1.0
YYRRSLN,-3.5885915756225586,0.8467077612876892,0.4285714285714285,0.1428571428571428,0.9790881872177124,0.7790882021188736
AYRISYN,-2.162478446960449,-0.6583982110023499,0.4285714285714285,0.4285714285714285,0.9768631458282472,0.7768631756305695
TYHRRNN,-3.317441701889038,0.6444084048271179,0.5714285714285714,0.2857142857142857,0.988680899143219,0.8386809140443802
YYHRNQP,-1.404583215713501,0.7559226155281067,0.4285714285714285,0.2857142857142857,1.2401022911071775,1.0
YSRMPVN,1.8472946882247925,2.0354695320129395,0.4285714285714285,0.4285714285714285,1.7976865768432615,1.0
YSQAEVT,-0.2573622465133667,-3.5042338371276855,0.7142857142857143,0.4285714285714285,0.8741509914398193,0.7741510063409806
IAQWPNP,-0.6686820983886719,-1.0227797031402588,0.5714285714285714,0.5714285714285714,1.1192896366119385,0.9692895770072936
YHKQGHN,0.7502400875091553,-0.9277759194374084,0.4285714285714285,0.4285714285714285,1.3072562217712402,1.0
IHHRDLE,1.3059747219085693,-2.5477406978607178,0.7142857142857143,0.2857142857142857,1.1829737424850464,1.0
GDHRSLN,0.36287957429885864,-2.072871446609497,0.7142857142857143,0.2857142857142857,1.122290849685669,1.0
VVKRSTE,1.2712351083755493,-1.980741262435913,0.5714285714285714,0.4285714285714285,1.2463611364364624,1.0
VHKRGTN,-2.717998743057251,0.36769160628318787,0.4285714285714285,0.2857142857142857,1.030251145362854,0.8302511751651764
YYRHKNL,-2.9627482891082764,-0.005819700192660093,0.5714285714285714,0.4285714285714285,0.9551806449890136,0.805180674791336
FSSRQEI,1.2396456003189087,-3.9280848503112793,0.7142857142857143,0.4285714285714285,1.0098752975463867,0.9098752677440644
YTSRHSN,1.163759469985962,-1.1195679903030396,0.7142857142857143,0.2857142857142857,1.3358252048492432,1.0
YHRKDNW,-0.21890760958194733,0.2879873514175415,0.4285714285714285,0.4285714285714285,1.3318085670471191,1.0
ISKRSSY,-3.5104897022247314,-0.4498443603515625,0.7142857142857143,0.4285714285714285,0.8339743614196777,0.7339743912220001
GHHPPLH,-0.5410792827606201,-2.645097017288208,0.7142857142857143,0.5714285714285714,0.9414341449737548,0.8414341449737549
LSRRSHD,-0.9596988558769226,-0.9186961054801941,0.4285714285714285,0.4285714285714285,1.0954948663711548,0.8954948663711548
YSHNMAE,0.895439863204956,-2.71148943901062,0.5714285714285714,0.2857142857142857,1.1123170852661133,0.962317144870758
YNHRSYG,-0.9600715637207031,0.053240664303302765,0.5714285714285714,0.2857142857142857,1.211518168449402,1.0
YHGRMIY,-2.668478012084961,-0.22615861892700195,0.7142857142857143,0.4285714285714285,0.9654970765113832,0.8654970765113831
VHHQSNY,0.27374154329299927,-2.4442782402038574,0.5714285714285714,0.2857142857142857,1.0668416023254397,0.9168415427207948
YHHVINP,-1.0493355989456177,-1.2938257455825806,0.5714285714285714,0.2857142857142857,1.039538860321045,0.8895389199256897
YHHVPQG,1.4155675172805786,-1.5704522132873535,0.7142857142857143,0.2857142857142857,1.313324213027954,1.0
YHKRSGE,0.005155842751264572,0.3575398027896881,0.5714285714285714,0.2857142857142857,1.3680051565170288,1.0
QHHQSPT,-0.0023101838305592537,-2.5379743576049805,0.7142857142857143,0.5714285714285714,1.0212904214859009,0.9212904512882232
VHSWLKI,-1.8115873336791992,-0.41527122259140015,0.7142857142857143,0.4285714285714285,1.0495750904083252,0.9495750308036804
YHHPNSI,0.42512476444244385,-1.6064552068710327,0.7142857142857143,0.4285714285714285,1.1857386827468872,1.0
YHSKSNE,2.0529448986053467,-1.934411883354187,0.4285714285714285,0.1428571428571428,1.3491976261138916,1.0
YFRATGD,-0.0030751884914934635,-0.7633427977561951,0.5714285714285714,0.4285714285714285,1.233123540878296,1.0
IYHRMGV,-2.267134666442871,0.8135359287261963,0.5714285714285714,0.4285714285714285,1.1396158933639526,0.9896158933639526
VYHRGNN,0.8171966671943665,1.7982733249664307,0.5714285714285714,0.0,1.6411383152008057,1.0
FFKKSSD,-0.020240740850567818,-1.443984031677246,0.7142857142857143,0.5714285714285714,1.1497039794921875,1.0
ISFADVA,-1.0055509805679321,-3.1754934787750244,0.7142857142857143,0.5714285714285714,0.8202783465385437,0.7202783465385437
VFHRRKN,-3.6160528659820557,1.2175049781799316,0.7142857142857143,0.2857142857142857,1.0199508666992188,0.91995088160038
YTHNKNY,0.8005849123001099,-1.409073829650879,0.7142857142857143,0.4285714285714285,1.2560458183288574,1.0
QLHRSIG,0.9356403350830078,-1.1508296728134155,0.7142857142857143,0.4285714285714285,1.303696632385254,1.0
YHSRTGN,1.5239044427871704,-0.9024340510368347,0.5714285714285714,0.2857142857142857,1.4065849781036377,1.0
YHHRNNN,-0.28031638264656067,0.6082613468170166,0.4285714285714285,0.1428571428571428,1.3624122142791748,1.0
YFWRHAM,-4.84962797164917,1.1130154132843018,0.7142857142857143,0.4285714285714285,0.8539226651191711,0.75392265021801
WHHRSMH,-1.922526240348816,-0.3621479272842407,0.5714285714285714,0.4285714285714285,1.0421098470687866,0.892109876871109
NYHFNNI,-2.3140997886657715,-0.575702965259552,0.7142857142857143,0.4285714285714285,0.9678655862808228,0.8678655564785004
LHNNSNP,0.5663425922393799,-4.570163249969482,0.5714285714285714,0.2857142857142857,0.8493877649307251,0.6993877500295639
WHHRNNE,-0.1863287091255188,-1.0729637145996094,0.7142857142857143,0.2857142857142857,1.173337697982788,1.0
YHHRNNR,-2.873095989227295,1.0922777652740479,0.5714285714285714,0.2857142857142857,1.0974761247634888,0.9474761545658112
GYSHANP,0.9952535033226013,-2.2504422664642334,0.7142857142857143,0.4285714285714285,1.179800271987915,1.0
HYKKAGN,-3.296712636947632,-0.006184510886669159,0.7142857142857143,0.4285714285714285,0.9135667085647584,0.8135666936635971
YPHKNVI,1.03959059715271,-1.3529092073440552,0.5714285714285714,0.4285714285714285,1.2925034761428833,1.0
QPHRRIV,-3.8668577671051025,-1.0116487741470337,0.5714285714285714,0.4285714285714285,0.7225239872932434,0.5725239872932434
YSSSESN,-0.4296814799308777,-3.6032984256744385,0.5714285714285714,0.2857142857142857,0.8408710956573486,0.6908710956573486
YSRRQLG,-1.6909334659576416,0.009336240589618683,0.4285714285714285,0.4285714285714285,1.1153006553649902,0.9153005957603456
YHHRSNN,0.15554393827915192,1.2076259851455688,0.2857142857142857,0.1428571428571428,1.4882428646087646,1.0
YHRHSHA,-0.1401800662279129,0.9554265141487122,0.4285714285714285,0.4285714285714285,1.4213145971298218,1.0
YYARQNQ,-0.6365784406661987,-0.24346455931663513,0.7142857142857143,0.2857142857142857,1.2163523435592651,1.0
PHTSSNE,-0.5453042387962341,-4.919704437255859,0.5714285714285714,0.2857142857142857,0.6692723631858826,0.5109089035540819
FHSRPNN,0.793968915939331,-1.2601364850997925,0.5714285714285714,0.1428571428571428,1.2730085849761963,1.0
YHHEASN,0.4690893888473511,-1.8283295631408691,0.5714285714285714,0.2857142857142857,1.164714813232422,1.0
YLRYSNN,-1.0628196001052856,1.0269407033920288,0.2857142857142857,0.2857142857142857,1.3150088787078855,1.0
YMHRSEN,0.824670135974884,0.03704410046339035,0.5714285714285714,0.1428571428571428,1.4317407608032229,1.0
YHKRSQA,-2.036191940307617,1.0233925580978394,0.5714285714285714,0.0,1.1934239864349363,1.0
YHQKNNY,0.3042421042919159,-1.3802659511566162,0.5714285714285714,0.0,1.19770348072052,1.0
MHHRRTE,-1.0238919258117676,-0.20562463998794556,0.7142857142857143,0.0,1.1726601123809814,1.0
QYHRNND,1.0967926979064941,-1.028527855873108,0.7142857142857143,0.0,1.338361740112305,1.0
QHHVRWD,-0.8961640000343323,-0.46016913652420044,0.7142857142857143,0.0,1.158161163330078,1.0
VPFRSNN,1.797051191329956,-2.7555747032165527,0.5714285714285714,0.0,1.2192810773849487,1.0
MHSAARF,0.6521998643875122,-1.8653444051742554,0.7142857142857143,0.0,1.1830871105194092,1.0
TYHRPSQ,-0.0020775420125573874,0.5739659070968628,0.5714285714285714,0.0,1.3929505348205566,1.0
YPHRPGM,0.7466427683830261,-0.6564435958862305,0.7142857142857143,0.0,1.3392112255096436,1.0
YYRNQNG,0.41556012630462646,-0.18722575902938843,0.5714285714285714,0.0,1.3540339469909668,1.0
YHHYGMG,-0.9822360277175903,-0.1077364981174469,0.5714285714285714,0.0,1.189535140991211,1.0
YLHRNGA,0.6517981886863708,-0.20607401430606842,0.7142857142857143,0.0,1.381188988685608,1.0
QFHRMEN,0.18174606561660767,-1.5650990009307861,0.7142857142857143,0.0,1.1603827476501465,1.0
TYHRFNG,-1.656732201576233,0.7012086510658264,0.5714285714285714,0.0,1.2021819353103638,1.0
YHRPSQN,1.041572093963623,-0.04609135910868645,0.2857142857142857,0.0,1.4488115310668943,1.0
YHSSPKH,0.03931330889463425,-0.6915223002433777,0.7142857142857143,0.0,1.2469768524169922,1.0
QHRLSNQ,1.310417652130127,0.36844292283058167,0.2857142857142857,0.0,1.531780481338501,1.0
YHKINMS,1.7907406091690063,-0.1599755585193634,0.5714285714285714,0.0,1.5284645557403564,1.0
YVHRHNN,-0.11413446813821793,0.16752184927463531,0.5714285714285714,0.0,1.330464243888855,1.0
YYRSSEN,-0.45669567584991455,0.5055730938911438,0.4285714285714285,0.0,1.3281941413879397,1.0
YHHRGNN,0.3475673794746399,1.4248273372650146,0.4285714285714285,0.0,1.538083553314209,1.0
YSHSNNW,-0.8986377120018005,-0.22503983974456787,0.5714285714285714,0.0,1.1859326362609863,1.0
YSHRSLN,0.6997224688529968,0.6235171556472778,0.5714285714285714,0.0,1.486224889755249,1.0
YSHKLAN,2.2707698345184326,-0.6543249487876892,0.5714285714285714,0.0,1.529180884361267,1.0
VHNRGNG,2.1228227615356445,-3.551445722579956,0.5714285714285714,0.0,1.1647878885269165,1.0
YYGRSST,0.03814833611249924,0.5629501342773438,0.5714285714285714,0.0,1.3966422080993652,1.0
YSHSSSN,1.2323139905929565,-1.6163148880004883,0.4285714285714285,0.0,1.285036563873291,1.0
YHRADYH,-0.226177379488945,-0.4118362069129944,0.5714285714285714,0.0,1.2473301887512207,1.0
YYHRLHN,-1.578059196472168,0.08107412606477737,0.7142857142857143,0.0,1.1379176378250122,1.0
AWKISNN,0.5754899382591248,-0.7527390718460083,0.5714285714285714,0.0,1.3064072132110596,1.0
YVDRLED,0.8297303915023804,-1.6747961044311523,0.5714285714285714,0.0,1.2279409170150757,1.0
VHKSSNE,1.797898530960083,-2.435379981994629,0.5714285714285714,0.0,1.2576243877410889,1.0
YHHRSNE,1.427198052406311,0.960679292678833,0.4285714285714285,0.0,1.6170421838760376,1.0
YSHRSSG,1.7134571075439453,-0.15115699172019958,0.5714285714285714,0.0,1.5198979377746582,1.0
YYSRDNN,0.2975325882434845,-0.7687757611274719,0.5714285714285714,0.0,1.2698931694030762,1.0
YSHRSEI,1.0637435913085938,0.6748918890953064,0.7142857142857143,0.0,1.5376720428466797,1.0
YLHRSGW,-1.6511204242706299,0.7239959836006165,0.7142857142857143,0.0,1.205601692199707,1.0
YSHKPNN,2.048110246658325,-1.0082029104232788,0.5714285714285714,0.0,1.4592046737670898,1.0
VFKRGNE,1.2002358436584473,-1.7444045543670654,0.7142857142857143,0.0,1.2657470703125,1.0
YHHRSNI,-0.588639497756958,1.197286605834961,0.4285714285714285,0.0,1.394375562667847,1.0
FHHHSLA,-0.06545045971870422,-0.9220417141914368,0.7142857142857143,0.0,1.2064073085784912,1.0
THHRSNN,0.5270255208015442,0.2075803577899933,0.4285714285714285,0.0,1.4150569438934326,1.0
TYHRDHG,1.231054663658142,-0.6427151560783386,0.5714285714285714,0.0,1.4011480808258057,1.0
YYGRSST,0.03814833611249924,0.5629501342773438,0.5714285714285714,0.0,1.3966422080993652,1.0
YYRSSTN,0.011167842894792557,0.3746354579925537,0.2857142857142857,0.0,1.3707951307296753,1.0
YHRGMPP,0.8255519866943359,-0.5337473154067993,0.4285714285714285,0.0,1.3636860847473145,1.0
YSSRASN,2.607682704925537,-1.281000018119812,0.4285714285714285,0.0,1.496280074119568,1.0
VVHRINN,1.1158859729766846,-0.8159140348434448,0.7142857142857143,0.0,1.366128921508789,1.0
YHREGTN,1.8537133932113647,-1.0508511066436768,0.2857142857142857,0.0,1.4299139976501465,1.0
YHHRFNN,-0.5598759651184082,0.5571994185447693,0.4285714285714285,0.0,1.321516036987305,1.0
YHHHGMA,0.6712977886199951,-0.34478291869163513,0.5714285714285714,0.0,1.3670514822006226,1.0
EHHRLNN,0.7044692635536194,-1.3512343168258667,0.5714285714285714,0.0,1.2509889602661133,1.0
YHHKFHG,0.033797990530729294,-0.09969483315944672,0.7142857142857143,0.0,1.3169670104980469,1.0
YYHRKEN,-0.48382046818733215,0.6405615210533142,0.7142857142857143,0.0,1.3409383296966553,1.0
VYRSPSP,2.0187909603118896,-1.6101760864257812,0.5714285714285714,0.0,1.3836669921875,1.0
FHTWNKN,0.21395215392112732,-0.9554427266120911,0.7142857142857143,0.0,1.2371973991394043,1.0
VSHRSHH,-0.8908643126487732,0.860175371170044,0.5714285714285714,0.0,1.3164976835250854,1.0
PHHKRHE,-0.7753410935401917,-0.061357781291007996,0.7142857142857143,0.0,1.2208271026611328,1.0
YHSRSSN,1.3772478103637695,0.4353264570236206,0.4285714285714285,0.0,1.548086404800415,1.0
PYHRQNI,-0.92030930519104,0.46666863560676575,0.7142857142857143,0.0,1.2658395767211914,1.0
YHSKSIN,2.05501389503479,-0.019641583785414696,0.4285714285714285,0.0,1.5781190395355225,1.0
GYVRPSQ,0.5643558502197266,-0.13248476386070251,0.5714285714285714,0.0,1.3790926933288574,1.0
YHHRNVN,-0.014499609358608723,0.07865961641073227,0.4285714285714285,0.0,1.332254409790039,1.0
IYRPSGN,1.7072324752807617,-1.5987275838851929,0.5714285714285714,0.0,1.346252679824829,1.0
QHYRGTN,0.6280046105384827,-0.13269510865211487,0.4285714285714285,0.0,1.386990308761597,1.0
YHHRSTG,0.7631025910377502,0.8092522621154785,0.5714285714285714,0.0,1.5162949562072754,1.0
YFGRTSN,0.5732554793357849,-0.8774308562278748,0.5714285714285714,0.0,1.2912383079528809,1.0
VYSRMSN,0.4864691197872162,2.0588459968566895,0.5714285714285714,0.0,1.6310886144638062,1.0
IYSRNFG,-1.5921932458877563,1.8052990436553955,0.5714285714285714,0.0,1.342067003250122,1.0
FYRSNNQ,-0.14583586156368256,-0.3362826704978943,0.5714285714285714,0.0,1.2663533687591553,1.0
THHRLSN,0.04430890828371048,0.4627632796764374,0.5714285714285714,0.0,1.3854446411132812,1.0
YHRSGSN,0.7193309664726257,0.6006410717964172,0.2857142857142857,0.0,1.4859338998794556,1.0
YLERKNL,1.2544442415237427,-1.8007200956344604,0.5714285714285714,0.0,1.2657694816589355,1.0
YHHRDEE,1.3508009910583496,-1.494982123374939,0.7142857142857143,0.0,1.3142750263214111,1.0
YHKSLLN,1.111425518989563,-0.1951863020658493,0.4285714285714285,0.0,1.4397015571594238,1.0
WYHRQNN,-1.4826608896255493,0.6416475772857666,0.7142857142857143,0.0,1.2167366743087769,1.0
SHSRNHT,-0.07808857411146164,-0.8157320618629456,0.7142857142857143,0.0,1.2175298929214478,1.0
PYHRSLI,-2.218351125717163,1.9823461771011353,0.5714285714285714,0.0,1.285268783569336,1.0
YSNRNTN,2.3288562297821045,-2.478529691696167,0.4285714285714285,0.0,1.3185627460479736,1.0
YFRHTQT,-0.9476314783096313,-0.12580157816410065,0.7142857142857143,0.0,1.1916851997375488,1.0
YHSSRVN,1.352210283279419,-1.682278037071228,0.5714285714285714,0.0,1.2920832633972168,1.0
YHHSSAG,0.8014898896217346,-1.4019520282745361,0.5714285714285714,0.0,1.2570090293884275,1.0
YPHQRWP,-1.7945410013198853,1.8095507621765137,0.7142857142857143,0.0,1.3173874616622925,1.0
YSHKPNQ,1.637202262878418,-1.2583950757980347,0.5714285714285714,0.0,1.3781784772872925,1.0
YWHRSED,-1.6143391132354736,0.9092195630073547,0.7142857142857143,0.0,1.2322996854782104,1.0
YSHRSDN,1.1844526529312134,0.06728149950504303,0.5714285714285714,0.0,1.4801359176635742,1.0
YHHRPGN,0.30030375719070435,0.23427419364452362,0.5714285714285714,0.0,1.3900233507156372,1.0
VHHRESG,1.1571382284164429,-1.6997780799865723,0.5714285714285714,0.0,1.265711784362793,1.0
YPHRSQT,0.23603349924087524,-0.63881516456604,0.5714285714285714,0.0,1.277758002281189,1.0
YHSKSNN,1.8358250856399536,-0.5251019597053528,0.2857142857142857,0.0,1.4904727935791016,1.0
VHRSPQG,1.6973137855529785,-1.8435420989990234,0.5714285714285714,0.0,1.315782070159912,1.0
YSHRSAE,1.8583542108535767,0.18135018646717072,0.7142857142857143,0.0,1.5776423215866089,1.0
AYHRSSN,0.39218300580978394,1.1044399738311768,0.5714285714285714,0.0,1.5053761005401611,1.0
YHHRSSG,0.6122789978981018,1.0777634382247925,0.5714285714285714,0.0,1.5295870304107666,1.0
YYRQSQS,-0.7792892456054688,0.18305937945842743,0.5714285714285714,0.0,1.2495241165161133,1.0
FHHRSNG,0.6014653444290161,0.08536902070045471,0.5714285714285714,0.0,1.4097281694412231,1.0
GAERKNN,1.600717544555664,-2.6562411785125732,0.7142857142857143,0.0,1.20670485496521,1.0
YHARMSN,0.5770056843757629,-0.5892582535743713,0.5714285714285714,0.0,1.3261189460754397,1.0
YSHGSKI,1.6715106964111328,-1.834625244140625,0.5714285714285714,0.0,1.313634991645813,1.0
YTDHYKN,0.8678696155548096,-1.8825472593307495,0.7142857142857143,0.0,1.207878351211548,1.0
VYRNGEI,0.48995310068130493,-1.3182158470153809,0.7142857142857143,0.0,1.2282299995422363,1.0
YYHRHNW,-1.3570561408996582,1.0355502367019653,0.7142857142857143,0.0,1.2794116735458374,1.0
YSSRTQN,2.2097606658935547,-2.3044400215148926,0.5714285714285714,0.0,1.3245282173156738,1.0
YARNSNN,2.7573540210723877,0.1546042114496231,0.2857142857142857,0.0,1.6863518953323364,1.0
YHTRSNN,1.2404981851577759,-0.08135203272104263,0.2857142857142857,0.0,1.4693621397018433,1.0
IHHRSSN,0.29642415046691895,0.912874698638916,0.4285714285714285,0.0,1.4705796241760254,1.0
TFNKSWN,0.39729219675064087,-0.25853151082992554,0.5714285714285714,0.0,1.3432446718215942,1.0
VYHRSNN,0.5539344549179077,1.7630423307418823,0.4285714285714285,0.0,1.604161262512207,1.0
IYSKSNP,1.9925415515899658,1.0706998109817505,0.2857142857142857,0.0,1.700552463531494,1.0
QYHRSNV,-0.14481881260871887,0.999164342880249,0.4285714285714285,0.0,1.4259604215621948,1.0
LYRSSGN,1.8309863805770874,-1.759268879890442,0.4285714285714285,0.0,1.342484951019287,1.0
HHHRSIN,-0.8422743082046509,0.8993282914161682,0.5714285714285714,0.0,1.3272216320037842,1.0
YHRVSNN,2.1698405742645264,2.5461530685424805,0.1428571428571428,0.0,1.8988220691680908,1.0
IHRRMSE,-0.4986925721168518,0.379482239484787,0.5714285714285714,0.0,1.3079086542129517,1.0
NWNRSNT,0.08139913529157639,-0.9254494905471802,0.7142857142857143,0.0,1.2242796421051023,1.0
YHHRSSN,0.06909715384244919,1.469557523727417,0.4285714285714285,0.0,1.5087625980377195,1.0
YNRSSTN,2.181130886077881,-1.5367486476898193,0.2857142857142857,0.0,1.4126430749893188,1.0
YPSRANN,2.6573803424835205,-1.664670705795288,0.5714285714285714,0.0,1.456647872924805,1.0
YHHLSAN,0.5132655501365662,0.11275442689657211,0.2857142857142857,0.0,1.4020198583602903,1.0
SYSRSVP,1.6690924167633057,1.586382269859314,0.4285714285714285,0.0,1.7218742370605469,1.0
YHHSNGN,0.7740498185157776,-1.2331854104995728,0.5714285714285714,0.0,1.2737476825714111,1.0
QYHRAIN,-0.5685903429985046,0.8907296657562256,0.7142857142857143,0.0,1.3602617979049685,1.0
YHARSNN,1.7178597450256348,0.365287721157074,0.2857142857142857,0.0,1.5821201801300049,1.0
GLVKNIN,1.6966854333877563,-2.491050958633423,0.7142857142857143,0.0,1.238377571105957,1.0
YGHRQEP,1.4203816652297974,-0.7882545590400696,0.7142857142857143,0.0,1.407334327697754,1.0
IHRFANE,1.7093006372451782,-0.12181387096643448,0.5714285714285714,0.0,1.5228846073150637,1.0
YVHRNTV,0.549169659614563,0.056540243327617645,0.4285714285714285,0.0,1.399775743484497,1.0
YHRSTTS,1.4577044248580933,1.0927352905273438,0.4285714285714285,0.0,1.6366097927093506,1.0
YQHRSNN,0.7530984282493591,-0.3311164677143097,0.4285714285714285,0.0,1.3788657188415527,1.0
YHRVATY,-2.091449737548828,0.7092199325561523,0.5714285714285714,0.0,1.149026870727539,0.9990269005298614
YHKKDRN,-1.5538750886917114,0.6417517066001892,0.5714285714285714,0.0,1.2078847885131836,1.0
YIHRPTN,0.44892555475234985,0.08904047310352325,0.5714285714285714,0.0,1.391179084777832,1.0
MHRSASH,-0.2518633008003235,-0.5074131488800049,0.5714285714285714,0.0,1.2327189445495603,1.0
YHHGMNN,1.0382888317108154,-1.2181036472320557,0.4285714285714285,0.0,1.3084399700164795,1.0
YAHKQLN,2.0769283771514893,-0.19787274301052094,0.5714285714285714,0.0,1.5595622062683103,1.0
NYHRDIN,0.7570809125900269,-0.5968999862670898,0.7142857142857143,0.0,1.347621202468872,1.0
YYHRLNN,-1.2602183818817139,1.317850947380066,0.5714285714285714,0.0,1.3251782655715942,1.0
YTRSSNN,2.3588733673095703,-0.8372186422348022,0.2857142857142857,0.0,1.5183062553405762,1.0
YSRVMSN,1.4945482015609741,1.6937967538833618,0.4285714285714285,0.0,1.712975263595581,1.0
YYKASAN,1.2045272588729858,-0.8270590901374817,0.4285714285714285,0.0,1.3758316040039062,1.0
