seq,fitness_pred,htfr1_pred,ref_dist,div_prev,reward_signal,final_score
PSCIMCP,-4.3166961669921875,-1.0564088821411133,0.7142857142857143,0.5714285714285714,0.6397697925567627,0.5397698223590851
VHRKYTV,-2.979422092437744,0.8987594842910767,0.5714285714285714,0.1428571428571428,1.0167860984802246,0.866786128282547
EMHHSTN,0.3691994249820709,-3.6807799339294434,0.5714285714285714,0.2857142857142857,0.9144223928451538,0.7644224226474762
FNVNSTS,0.6494158506393433,-4.710504055023193,0.7142857142857143,0.5714285714285714,0.834458589553833,0.7293634209781885
AYSPNHS,0.9562498331069946,-1.5116760730743408,0.7142857142857143,0.2857142857142857,1.2246904373168943,1.0
LDPRGNF,0.6828341484069824,-2.5552055835723877,0.5714285714285714,0.4285714285714285,1.0765092372894287,0.9265092968940736
MYSMSHS,-0.35345444083213806,-2.411893129348755,0.5714285714285714,0.4285714285714285,0.9675010442733764,0.8175010740756988
VNFASII,-1.8543237447738647,-2.115992546081543,0.7142857142857143,0.1428571428571428,0.8193790912628174,0.7193791210651398
FAVRSIQ,0.06828088313341141,-1.8408313989639282,0.7142857142857143,0.4285714285714285,1.0813713073730469,0.9813713371753692
EHLDNNC,-3.9313535690307617,-1.3786271810531616,0.7142857142857143,0.5714285714285714,0.6506047248840332,0.5506047546863556
DGHTAFK,-0.7606484889984131,-3.5771937370300293,0.7142857142857143,0.5714285714285714,0.7897564172744751,0.6897564172744751
YANMCIN,-3.46543025970459,-0.743865966796875,0.5714285714285714,0.4285714285714285,0.7768328785896301,0.6268328934907913
YHGDVCE,-3.962574005126953,-1.1896930932998657,0.7142857142857143,0.2857142857142857,0.667709231376648,0.5677092015743256
YHNRPVD,1.9884344339370728,-2.1480138301849365,0.5714285714285714,0.2857142857142857,1.2787559032440186,1.0
MHRRDYR,-2.913464069366455,0.7834557294845581,0.5714285714285714,0.4285714285714285,1.011997938156128,0.8619978785514831
YHSTRMY,-1.8404887914657593,-1.0297770500183105,0.7142857142857143,0.4285714285714285,0.9410042762756348,0.8410042464733124
WLMCCAN,-4.340137958526611,-1.7322595119476318,0.8571428571428571,0.7142857142857143,0.5623068809509277,0.5123069107532501
ICHQNCY,-3.6132822036743164,-0.9325064420700073,0.8571428571428571,0.4285714285714285,0.7381891012191772,0.6881891310214996
IHHRLNR,-3.7006046772003174,0.855326235294342,0.5714285714285714,0.2857142857142857,0.9251131415367126,0.7751131266355514
VYKRTNW,-2.3668954372406006,0.3343202471733093,0.4285714285714285,0.2857142857142857,1.028238296508789,0.8282383263111115
RYPHWVM,-3.5764341354370117,-0.15352283418178558,0.7142857142857143,0.5714285714285714,0.8286567330360413,0.7286567479372025
VFHWNIN,-3.4789698123931885,1.265438199043274,0.7142857142857143,0.2857142857142857,0.9971036314964294,0.8971036463975907
FVHHDES,-0.42249342799186707,-3.974402904510498,0.8571428571428571,0.5714285714285714,0.7866252660751343,0.736625251173973
FCVYLGN,-4.334620475769043,0.5186494588851929,0.7142857142857143,0.5714285714285714,0.8115555644035339,0.7115555793046952
YAHGSNF,-0.21930214762687683,-0.9779278039932251,0.5714285714285714,0.2857142857142857,1.1420246362686155,0.9920246362686156
SAMRFHA,0.32239580154418945,-1.8345143795013428,0.7142857142857143,0.1428571428571428,1.1126806735992432,1.0
INHRLLF,-2.408997058868408,-1.0055420398712158,0.7142857142857143,0.0,0.875196099281311,0.7751960694789887
YDCNYHP,-3.3375017642974854,-0.9057400822639465,0.7142857142857143,0.4285714285714285,0.7743666768074036,0.6743666768074036
NGFKWEE,-1.2707278728485107,-0.7485061287879944,0.8571428571428571,0.1428571428571428,1.0407025814056396,0.9907025218009948
YPFQQER,-0.8274209499359131,-2.002755641937256,0.7142857142857143,0.4285714285714285,0.955589234828949,0.855589234828949
IALLVSM,-1.7308017015457153,-3.0925538539886475,0.5714285714285714,0.2857142857142857,0.7264103889465332,0.5764103889465332
TQRMDHN,0.3099724352359772,-3.3442327976226807,0.7142857142857143,0.5714285714285714,0.9444550275802612,0.8444550573825836
MGFRSWT,-3.97284197807312,0.8788402676582336,0.7142857142857143,0.2857142857142857,0.8949152231216431,0.7949151933193207
YPLRTGY,-1.6262770891189575,-2.1472387313842773,0.7142857142857143,0.4285714285714285,0.8433997631072998,0.7433997631072998
NWKGNNE,1.2682870626449585,-2.010251760482788,0.7142857142857143,0.1428571428571428,1.2072182893753052,1.0
ASHNSMN,0.3839033246040344,-4.108006954193115,0.5714285714285714,0.1428571428571428,0.8690119981765747,0.7190120130777359
YRNVIGE,1.149827480316162,-2.8060801029205322,0.8571428571428571,0.5714285714285714,1.1050591468811035,1.0
NNHRSNV,1.0765620470046997,-2.1675212383270264,0.5714285714285714,0.2857142857142857,1.1667540073394775,1.0
YDSEFDG,-0.7300105690956116,-2.553074359893799,0.7142857142857143,0.2857142857142857,0.9065480828285216,0.8065480828285218
FMFQARA,-2.865366220474243,-0.8972318172454834,0.5714285714285714,0.5714285714285714,0.8321816325187683,0.6821816325187683
QPRRQYT,-3.156859874725342,-0.6874127984046936,0.7142857142857143,0.1428571428571428,0.8202389478683472,0.7202389776706696
YYRQTVI,-2.625594139099121,0.04559412598609924,0.5714285714285714,0.4285714285714285,0.9651885032653807,0.8151884734630584
YLWRLGS,-5.06367301940918,1.023754596710205,0.7142857142857143,0.4285714285714285,0.7795134782791138,0.6795134671032429
YYLVPNT,-2.731163501739502,-0.719590425491333,0.7142857142857143,0.4285714285714285,0.86796635389328,0.76796635389328
CKDKWWM,-3.581099510192871,0.07450468838214874,0.7142857142857143,0.5714285714285714,0.8532774448394775,0.7532774597406388
YMLRSND,0.2764153480529785,-0.9204279780387878,0.5714285714285714,0.2857142857142857,1.2080907821655271,1.0
YSSRSRS,-3.0879745483398438,-1.1523853540420532,0.7142857142857143,0.2857142857142857,0.777186930179596,0.677186930179596
EHRYRNN,-2.1938652992248535,-0.1769924908876419,0.4285714285714285,0.2857142857142857,0.9926142692565918,0.7926142990589142
YFRHGNE,-0.2856123447418213,0.13574066758155823,0.5714285714285714,0.2857142857142857,1.2570271492004397,1.0
DHLRGRT,-0.727177619934082,-2.0927023887634277,0.4285714285714285,0.4285714285714285,0.9577314853668212,0.7577314853668213
KVKDGAI,0.9919102191925049,-3.917910575866699,0.7142857142857143,0.4285714285714285,0.9632484912872314,0.8632485061883927
QHALANG,0.5699759721755981,-4.061199188232422,0.5714285714285714,0.2857142857142857,0.8965963125228882,0.7465963125228882
MWKGNQN,1.4314370155334473,-0.7856701612472534,0.7142857142857143,0.2857142857142857,1.362111210823059,1.0
EVEWTET,-2.0706000328063965,-1.691193699836731,0.7142857142857143,0.7142857142857143,0.8402392268180847,0.7402392268180847
LYQQSGL,-0.5030471086502075,-3.1797075271606445,0.7142857142857143,0.2857142857142857,0.8646854162216187,0.7646853864192963
TQNASLM,-0.007991830818355083,-4.814946174621582,0.7142857142857143,0.5714285714285714,0.7437304854393005,0.6351750154048205
YFRHSCQ,-4.182755470275879,0.5885154008865356,0.5714285714285714,0.4285714285714285,0.837565541267395,0.6875655710697174
PYRDSMI,-0.5822411179542542,-2.499058485031128,0.5714285714285714,0.5714285714285714,0.930314302444458,0.780314302444458
HSHRSLW,-3.199209213256836,1.1563634872436523,0.7142857142857143,0.2857142857142857,1.018758773803711,0.9187588036060332
YFRKLMW,-4.427943229675293,0.19802139699459076,0.5714285714285714,0.5714285714285714,0.764904260635376,0.6149042904376983
GRHSSII,0.34888753294944763,-2.642832040786743,0.7142857142857143,0.4285714285714285,1.0266035795211792,0.9266036093235016
SFRHVNN,-0.001013748929835856,-0.2935502231121063,0.5714285714285714,0.4285714285714285,1.243901252746582,1.0
YKHECNV,-3.205472707748413,-1.307841420173645,0.7142857142857143,0.4285714285714285,0.7458645105361938,0.6458645105361939
YKCRWLA,-4.013469219207764,-0.1544322520494461,0.7142857142857143,0.2857142857142857,0.775909423828125,0.675909423828125
YYHRSHN,-1.2537297010421753,0.49114611744880676,0.5714285714285714,0.1428571428571428,1.179653882980347,1.0
GEWWRAR,-3.8069405555725098,0.9854139685630798,0.5714285714285714,0.2857142857142857,0.9266700148582458,0.7766700148582458
VCRRESN,-3.510509967803955,-1.1286537647247314,0.5714285714285714,0.2857142857142857,0.7289074659347534,0.5789074957370758
YYHRFQK,-3.8456156253814697,0.1612253189086914,0.5714285714285714,0.2857142857142857,0.8309900164604187,0.6809900164604187
PSKRKSD,-1.8443554639816284,-0.4120437204837799,0.5714285714285714,0.4285714285714285,1.0087591409683228,0.8587591409683227
YPKNLHA,1.9848641157150269,-1.6994824409484863,0.7142857142857143,0.4285714285714285,1.3278603553771973,1.0
MHDISNN,0.1527620553970337,-4.098611831665039,0.4285714285714285,0.2857142857142857,0.8422054052352905,0.6422054052352906
EHHRSQD,0.8314977884292603,-1.6872458457946777,0.5714285714285714,0.1428571428571428,1.1902728080749512,1.0
YLHNSTA,0.6451196074485779,-3.1163604259490967,0.5714285714285714,0.1428571428571428,1.0099936723709106,0.859993702173233
YAHRINE,1.8232085704803467,-1.3618485927581787,0.7142857142857143,0.2857142857142857,1.3456741571426392,1.0
LSTTSNN,0.2582304775714874,-4.079867362976074,0.4285714285714285,0.2857142857142857,0.8569806218147278,0.656980636715889
KHMVSKQ,-3.3352982997894287,-0.49579039216041565,0.7142857142857143,0.5714285714285714,0.8199058175086975,0.7199058175086975
YPGKKSY,-1.6509718894958496,-0.7555810809135437,0.7142857142857143,0.2857142857142857,0.9941155910491944,0.8941156208515167
YNYGENE,-1.6150420904159546,-0.9611721634864807,0.7142857142857143,0.4285714285714285,0.9757389426231384,0.8757389426231384
YISREYR,-0.6598708033561707,-0.3622312545776367,0.5714285714285714,0.2857142857142857,1.1569478511810305,1.0
YYHRHFN,-1.5051926374435425,0.2507201135158539,0.7142857142857143,0.0,1.122809648513794,1.0
PKSRSGK,-2.9006011486053467,0.1298804134130478,0.7142857142857143,0.1428571428571428,0.9413683414459229,0.8413683712482453
QPYGGNI,0.20175746083259583,-3.0462615489959717,0.7142857142857143,0.4285714285714285,0.9643261432647704,0.8643261432647705
YPSVPSW,-1.9437613487243652,-0.6081651449203491,0.7142857142857143,0.4285714285714285,0.9751253128051758,0.8751252830028534
VAEHPMV,-0.8092502951622009,-4.23374605178833,0.7142857142857143,0.2857142857142857,0.7113939523696899,0.6113939225673676
HYGRSEN,-0.004039597697556019,0.003948572091758251,0.5714285714285714,0.2857142857142857,1.276391625404358,1.0
MTYQRIM,-2.339763879776001,-1.6766705513000488,0.7142857142857143,0.2857142857142857,0.8094186782836914,0.709418648481369
AFHYMFM,-4.39742374420166,-0.5869432687759399,0.7142857142857143,0.5714285714285714,0.6818915605545044,0.5818915456533432
DYFPDAT,-2.0298266410827637,-2.3697404861450195,0.8571428571428571,0.1428571428571428,0.7702142000198364,0.720214170217514
QHHRLTT,-0.5761049389839172,-0.3157179653644562,0.7142857142857143,0.2857142857142857,1.172175407409668,1.0
YGSELMR,-0.7434090375900269,-3.5403239727020264,0.5714285714285714,0.4285714285714285,0.7959049344062805,0.6459049493074417
YEVRSEH,0.1705179363489151,-2.2057933807373047,0.5714285714285714,0.1428571428571428,1.0533819198608398,0.903381860256195
YHRRSKQ,-3.5210137367248535,1.059725046157837,0.4285714285714285,0.2857142857142857,0.96932053565979,0.7693205654621125
YHKDLNI,1.233133316040039,-2.0458271503448486,0.5714285714285714,0.1428571428571428,1.199054718017578,1.0
WTFRPNI,-3.1551947593688965,0.9132675528526306,0.7142857142857143,0.5714285714285714,0.997214138507843,0.897214138507843
YQHKKKN,-2.87939715385437,0.866407573223114,0.7142857142857143,0.1428571428571428,1.0252625942230225,0.9252626240253448
CPHPCLR,-3.611161947250366,-1.3097796440124512,0.7142857142857143,0.2857142857142857,0.6967796087265015,0.5967795938253403
THQAQYN,0.14863617718219757,-3.2515220642089844,0.7142857142857143,0.4285714285714285,0.9352586269378662,0.8352585971355438
VHERSIE,1.3340587615966797,-3.1500062942504883,0.5714285714285714,0.1428571428571428,1.0892701148986816,0.939270144701004
RRGYRFM,-5.1714653968811035,0.445032000541687,0.7142857142857143,0.5714285714285714,0.7026159167289734,0.6026159390807152
MNSLHAN,0.8567512631416321,-3.902364730834961,0.7142857142857143,0.2857142857142857,0.9486836194992064,0.8486836194992066
WKHSPNN,0.43371641635894775,-1.329357385635376,0.7142857142857143,0.1428571428571428,1.1818788051605225,1.0
FLYHTGK,-1.7877260446548462,-0.7641800045967102,0.7142857142857143,0.4285714285714285,0.9766920804977416,0.8766920506954193
YHHKSTE,1.6949121952056885,-0.17604248225688934,0.4285714285714285,0.0,1.4611760377883911,1.0
YWHRPAP,-2.288184881210327,1.312571406364441,0.7142857142857143,0.2857142857142857,1.145755410194397,1.0
YQSRSGE,1.622597098350525,-2.5747551918029785,0.7142857142857143,0.2857142857142857,1.1875576972961426,1.0
GMNQRGG,1.9905263185501099,-4.209608554840088,0.7142857142857143,0.2857142857142857,1.0513312816619873,0.9513312816619872
ATVRNAF,1.2000130414962769,-3.4762954711914062,0.5714285714285714,0.5714285714285714,1.03708815574646,0.8870880961418152
YQKAECS,-3.4138882160186768,-0.8598054647445679,0.7142857142857143,0.1428571428571428,0.7702378034591675,0.6702378034591675
YKVDADG,1.157702922821045,-4.04152250289917,0.5714285714285714,0.4285714285714285,0.969569206237793,0.8195691764354706
YHLVSVT,-2.117250680923462,-2.1499552726745605,0.5714285714285714,0.2857142857142857,0.7839552164077759,0.6339551866054535
NTNRLSN,1.531914234161377,-3.8264265060424805,0.7142857142857143,0.4285714285714285,1.0384026765823364,0.9384027063846588
YYKASNI,0.496013879776001,-0.9000185132026672,0.5714285714285714,0.2857142857142857,1.2367982864379885,1.0
YHHRGIN,-0.04735391587018967,1.7764136791229248,0.4285714285714285,0.2857142857142857,1.4669197797775269,1.0
EYSRKQE,0.054314691573381424,-0.9265724420547485,0.5714285714285714,0.1428571428571428,1.180657148361206,1.0
YHHRLGE,1.3607558012008667,0.6345211863517761,0.7142857142857143,0.1428571428571428,1.5104386806488037,1.0
YYPRQQN,-1.0566258430480957,-0.796238362789154,0.5714285714285714,0.2857142857142857,1.061222791671753,0.911222732067108
AHRRYHN,-4.338923454284668,0.7748783826828003,0.5714285714285714,0.2857142857142857,0.8393344283103943,0.6893344134092331
QYIRNAN,0.975783109664917,-1.4310251474380493,0.5714285714285714,0.4285714285714285,1.2359503507614136,1.0
PQHKSEM,0.8703919649124146,-3.5676681995391846,0.5714285714285714,0.4285714285714285,0.9872897267341614,0.8372897267341614
YPRTLIN,0.10105517506599426,-3.7297792434692383,0.5714285714285714,0.4285714285714285,0.8767094016075134,0.7267094165086746
MKYKIEN,0.24730819463729858,-1.6799207925796509,0.8571428571428571,0.2857142857142857,1.1207082271575928,1.0
CCFRSEI,-3.757297992706299,1.319867730140686,0.7142857142857143,0.4285714285714285,0.9695862531661988,0.8695862531661988
QYHRAED,1.1108325719833374,-0.7077698707580566,0.7142857142857143,0.2857142857142857,1.3320932388305664,1.0
YSEPSEM,-0.540599524974823,-3.650763750076294,0.7142857142857143,0.4285714285714285,0.8081395626068115,0.7081395775079727
YYERTWN,-1.7864490747451782,0.3956785202026367,0.5714285714285714,0.2857142857142857,1.1049373149871826,0.9549373745918274
HGRASAN,0.7066795825958252,-1.623524785041809,0.5714285714285714,0.4285714285714285,1.1822739839553833,1.0
LWRSSNH,-1.1227325201034546,0.03901723027229309,0.4285714285714285,0.2857142857142857,1.1455024480819702,0.9455024480819704
YVHRWPP,-2.282994508743286,1.8535747528076172,0.7142857142857143,0.4285714285714285,1.2061275243759155,1.0
YTHSMSY,-2.6814393997192383,-2.0191433429718018,0.5714285714285714,0.2857142857142857,0.7304373979568481,0.5804373681545257
QYLSNNT,0.13015395402908325,-3.8190786838531494,0.7142857142857143,0.2857142857142857,0.8703528642654419,0.7703528493642807
YYERNGC,-3.8757448196411133,-0.3429811894893646,0.7142857142857143,0.2857142857142857,0.7716773748397827,0.6716773897409439
YSARSED,1.4339817762374878,-1.7340742349624634,0.5714285714285714,0.2857142857142857,1.2576788663864136,1.0
IHHRAKH,-3.0305185317993164,0.4057105481624603,0.7142857142857143,0.2857142857142857,0.956179976463318,0.8561799466609955
GLQRDKL,0.8161678314208984,-3.195974826812744,0.7142857142857143,0.4285714285714285,1.0218064785003662,0.9218064785003662
AHHKTLR,-3.492908000946045,0.5036534667015076,0.5714285714285714,0.4285714285714285,0.9112952947616576,0.7612953245639801
IHERAMN,1.3947662115097046,-2.69709849357605,0.5714285714285714,0.0,1.1466010808944702,0.9966010808944702
VYPLITW,-3.8224966526031494,1.5405222177505493,0.7142857142857143,0.2857142857142857,0.9861006736755372,0.8861006438732147
YNHAREN,1.4121105670928955,-3.1809895038604736,0.7142857142857143,0.2857142857142857,1.0952508449554443,0.9952508449554444
YRQKNLW,-2.890176296234131,-0.0816374346613884,0.5714285714285714,0.2857142857142857,0.919264793395996,0.7692647635936737
ILKRTNW,-2.4552299976348877,-0.4225035309791565,0.7142857142857143,0.1428571428571428,0.9340157508850098,0.8340157806873322
HYKNPRM,-2.8255221843719482,-0.2394120991230011,0.8571428571428571,0.5714285714285714,0.9096291065216064,0.859629076719284
MTFRSKK,-4.190827369689941,1.3441907167434692,0.7142857142857143,0.2857142857142857,0.9200478196144104,0.8200478047132492
TEYHREY,-1.4432027339935303,-1.2208905220031738,0.8571428571428571,0.5714285714285714,0.9677568078041076,0.9177568078041076
KHEMSKK,-2.1582133769989014,0.6192979216575623,0.7142857142857143,0.5714285714285714,1.0848491191864014,0.9848491191864014
YGGKHPN,1.7629622220993042,-2.3826515674591064,0.5714285714285714,0.4285714285714285,1.225682020187378,1.0
GNSNRMT,1.9312077760696411,-4.016153335571289,0.7142857142857143,0.5714285714285714,1.0655502080917358,0.9655501633882524
SHSRSMA,1.0070271492004395,-2.0244216918945312,0.5714285714285714,0.2857142857142857,1.17418110370636,1.0
YYHRGNN,-0.6420488953590393,1.3694806098937988,0.5714285714285714,0.1428571428571428,1.3503400087356567,1.0
YNMKYNA,1.1163374185562134,-1.6630973815917969,0.7142857142857143,0.4285714285714285,1.2272526025772097,1.0
FDSGSNW,-0.9710807204246521,-0.6102625727653503,0.7142857142857143,0.2857142857142857,1.0920664072036743,0.9920664072036744
YPTMADY,-1.9902207851409912,-2.3120079040527344,0.7142857142857143,0.2857142857142857,0.7813611030578613,0.681361073255539
PSSFSVV,-2.0385637283325195,-2.2745869159698486,0.5714285714285714,0.5714285714285714,0.7796701192855835,0.6296701490879059
YHHRSAM,-0.5355682373046875,0.5884669423103333,0.5714285714285714,0.2857142857142857,1.2769142389297483,1.0
QEYFLGN,-3.3854048252105713,-0.45096471905708313,0.7142857142857143,0.5714285714285714,0.8188202381134033,0.718820208311081
FFWCWIW,-5.5200042724609375,1.4807075262069702,0.7142857142857143,0.4285714285714285,0.7750067114830017,0.6750067114830017
WHHKGEG,1.6401126384735107,-1.5269440412521362,0.7142857142857143,0.4285714285714285,1.3053849935531616,1.0
WFERYYH,-3.441988706588745,0.27030864357948303,0.7142857142857143,0.5714285714285714,0.8916592597961426,0.7916592597961426
YSKFVEI,-0.4097943902015686,-1.692884087562561,0.5714285714285714,0.1428571428571428,1.0401195287704468,0.8901194989681244
YWYRGSG,-2.9822094440460205,1.4253958463668823,0.5714285714285714,0.2857142857142857,1.0746105909347534,0.9246105909347534
GHLSQPD,-0.13119474053382874,-3.961946725845337,0.4285714285714285,0.5714285714285714,0.8230918645858765,0.6230918496847153
MHDISKF,0.42009660601615906,-3.2597994804382324,0.7142857142857143,0.1428571428571428,0.9670456051826476,0.8670456051826477
WMKHPPN,0.5870568752288818,-1.372137188911438,0.5714285714285714,0.4285714285714285,1.1956263780593872,1.0
FPHYGQN,-0.7943552732467651,-1.8879553079605103,0.7142857142857143,0.4285714285714285,0.9722506999969482,0.8722506999969483
QAPRSNF,1.3356618881225586,-3.5533599853515625,0.7142857142857143,0.4285714285714285,1.0449180603027344,0.9449180454015732
YVLMQNW,-3.7620344161987305,-0.3053540289402008,0.7142857142857143,0.5714285714285714,0.789530873298645,0.6895308434963227
YSERGSW,-0.5841960906982422,-0.7621867060661316,0.5714285714285714,0.4285714285714285,1.1218940019607544,0.9718940019607544
YYWAPKH,-2.779916524887085,0.3433283269405365,0.7142857142857143,0.4285714285714285,0.9794790744781494,0.8794791042804718
YHSKQDK,0.2505057454109192,-1.6071394681930542,0.5714285714285714,0.2857142857142857,1.1291310787200928,0.9791310787200928
KQYDNNF,-0.11240255832672119,-1.051256775856018,0.7142857142857143,0.2857142857142857,1.1468039751052856,1.0
LHNTGYM,-0.7284389734268188,-3.414921998977661,0.5714285714285714,0.2857142857142857,0.811557412147522,0.6615573823451996
LKYHEFN,-1.4100306034088135,-0.5549848675727844,0.7142857142857143,0.5714285714285714,1.0452935695648191,0.945293629169464
DYHRNFS,-1.3823939561843872,-0.4913106858730316,0.5714285714285714,0.4285714285714285,1.055654764175415,0.9056547939777374
GYSQKTD,0.7015203237533569,-2.2771682739257812,0.7142857142857143,0.4285714285714285,1.1094659566879272,1.0
QPQDSNN,-0.7976112365722656,-4.7014689445495605,0.5714285714285714,0.4285714285714285,0.6611420512199402,0.5063462559133768
RFRRDGI,-2.5690383911132812,-0.3654845356941223,0.7142857142857143,0.4285714285714285,0.9266029596328736,0.826602989435196
YHTDADY,-1.239821195602417,-2.4147095680236816,0.5714285714285714,0.2857142857142857,0.8604149222373962,0.7104149222373962
YHHRSEL,0.5349991917610168,0.46082603931427,0.5714285714285714,0.1428571428571428,1.391782522201538,1.0
YFRWSEN,-1.9426090717315674,1.6059569120407104,0.4285714285714285,0.1428571428571428,1.219785451889038,1.0
YWGGPMK,-1.8153386116027832,-0.5703850388526917,0.7142857142857143,0.5714285714285714,0.9947679042816162,0.8947679042816162
YVCMNLI,-4.222804069519043,0.005211687181144953,0.5714285714285714,0.2857142857142857,0.768322765827179,0.6183227807283401
FYKASTN,1.6422749757766724,-0.8790040612220764,0.5714285714285714,0.2857142857142857,1.377202033996582,1.0
YTHRGNK,-3.3777544498443604,-0.0849505215883255,0.7142857142857143,0.2857142857142857,0.8601633906364441,0.7601633906364441
VQALTNN,0.7776235342025757,-4.483644485473633,0.5714285714285714,0.5714285714285714,0.8749567270278931,0.7249567046761513
FRSWGDG,-1.870344638824463,-0.6183516979217529,0.7142857142857143,0.5714285714285714,0.982844352722168,0.882844352722168
MHDCSRY,-4.130705833435059,-1.6004279851913452,0.7142857142857143,0.4285714285714285,0.6020950078964233,0.5020949929952622
GYFDANI,-2.5728108882904053,-2.072932481765747,0.7142857142857143,0.4285714285714285,0.7375828623771667,0.6375828623771668
TYARQNQ,-0.09410472959280014,0.19686976075172424,0.7142857142857143,0.1428571428571428,1.2868475914001465,1.0
WSIRQSN,-0.5244703888893127,-1.1673181056976318,0.7142857142857143,0.2857142857142857,1.0843472480773926,0.9843471884727478
YSKQVEI,1.6378271579742432,-2.4450130462646484,0.5714285714285714,0.0,1.2037206888198853,1.0
ECHKRIM,-4.0977630615234375,-0.3773724138736725,0.7142857142857143,0.5714285714285714,0.7411341667175293,0.6411341667175293
YVDWIIL,-3.705615997314453,-0.12499887496232986,0.7142857142857143,0.5714285714285714,0.8162451386451721,0.716245123744011
PNSKQDN,0.3000204265117645,-3.257563829421997,0.7142857142857143,0.4285714285714285,0.9528276324272156,0.8528276324272156
PHSLDTQ,-1.1510745286941528,-4.097117900848389,0.7142857142857143,0.5714285714285714,0.6853053569793701,0.5853053569793701
DLRRPRN,-2.263209342956543,-0.3167113661766052,0.7142857142857143,0.4285714285714285,0.968830704689026,0.8688307046890259
YFEMLFH,-3.711521625518799,-1.2186044454574585,0.7142857142857143,0.0,0.6947590112686157,0.5947590261697769
MCRIVYY,-4.824576377868652,0.3958508372306824,0.7142857142857143,0.4285714285714285,0.738972008228302,0.6389720305800438
MYHHGIM,-2.0503666400909424,-0.7879541516304016,0.7142857142857143,0.4285714285714285,0.9424278140068054,0.8424278140068054
YSTMYEC,-3.5027825832366943,-0.3101212680339813,0.7142857142857143,0.2857142857142857,0.8202347755432129,0.7202348053455353
YSMYQRG,-1.7378698587417603,-0.982814610004425,0.7142857142857143,0.2857142857142857,0.9585525393486024,0.8585525393486023
YYLGVVN,-2.607985734939575,0.2199845314025879,0.5714285714285714,0.4285714285714285,0.986568808555603,0.836568808555603
HLGSGVS,0.2336326241493225,-4.072454452514648,0.5714285714285714,0.1428571428571428,0.8548361659049988,0.7048361659049988
DNRRTMN,-0.25223881006240845,-2.5022222995758057,0.5714285714285714,0.2857142857142857,0.9697182178497314,0.8197182178497314
LHLVKLL,-1.551521897315979,-2.249082326889038,0.4285714285714285,0.4285714285714285,0.8411577343940735,0.6411577343940735
EHNRPHI,0.7828412652015686,-3.9043729305267334,0.7142857142857143,0.4285714285714285,0.9395583271980286,0.8395583420991898
TPQKMQQ,0.471950501203537,-3.891108274459839,0.7142857142857143,0.2857142857142857,0.903572142124176,0.8035721570253372
YYWNSIN,-3.793609857559204,1.5211421251296997,0.5714285714285714,0.1428571428571428,0.9874401688575744,0.8374401688575744
YGHCVPG,-2.9764649868011475,-1.018682599067688,0.7142857142857143,0.2857142857142857,0.8053855299949646,0.7053855299949646
HKKRSNW,-3.662092685699463,1.04707670211792,0.7142857142857143,0.1428571428571428,0.9509287476539612,0.8509287625551224
VYKRNEG,1.7499465942382812,-0.5465763807296753,0.5714285714285714,0.1428571428571428,1.4268848896026611,1.0
YHHHSQS,-0.5898263454437256,0.08169829845428467,0.5714285714285714,0.2857142857142857,1.214411973953247,1.0
PYMFPHN,-2.9974679946899414,-1.0964946746826172,0.7142857142857143,0.1428571428571428,0.7942620515823364,0.6942620813846588
YTHSTQW,-0.8901224732398987,-0.8088379502296448,0.7142857142857143,0.4285714285714285,1.0798888206481934,0.9798888802528382
YCHRGEF,-3.6132752895355225,1.1981159448623657,0.7142857142857143,0.2857142857142857,0.9734898805618286,0.8734898507595062
YHHRNGT,0.18405045568943024,0.1931816041469574,0.7142857142857143,0.1428571428571428,1.3199479579925537,1.0
KSTWYQD,-2.77022385597229,0.2967912256717682,0.5714285714285714,0.4285714285714285,0.9755072593688964,0.8255072593688965
APYSPYK,0.060892254114151,-1.3232769966125488,0.7142857142857143,0.5714285714285714,1.1376385688781738,1.0
YSHLSSE,0.8696049451828003,-2.034811019897461,0.5714285714285714,0.2857142857142857,1.1564793586730957,1.0
YAHRDEY,0.4800121784210205,-1.0413060188293457,0.7142857142857143,0.1428571428571428,1.2192673683166504,1.0
YSRQHLW,-1.1318382024765015,0.53675377368927,0.4285714285714285,0.2857142857142857,1.1993741989135742,0.9993741393089296
VHTRSLY,-0.5340837836265564,-0.6262953281402588,0.4285714285714285,0.2857142857142857,1.1429381370544434,0.9429380774497986
HHDRSNN,1.2081185579299927,-2.7544045448303223,0.4285714285714285,0.2857142857142857,1.1177880764007568,0.9177880465984344
YMVGTVE,-1.6350438594818115,-3.2421934604644775,0.7142857142857143,0.5714285714285714,0.7214199900627136,0.6214199900627136
RSADAVK,-0.4656069278717041,-3.089803695678711,0.7142857142857143,0.5714285714285714,0.8791242837905884,0.7791242837905884
LKWRLIT,-4.611619472503662,-1.493800401687622,0.7142857142857143,0.4285714285714285,0.5559379458427429,0.4559379607439041
YPHDSHE,0.05410628765821457,-4.288144111633301,0.7142857142857143,0.2857142857142857,0.8093895316123962,0.7093895465135575
YWHRHTA,-2.407397508621216,0.8350931406021118,0.7142857142857143,0.1428571428571428,1.0786632299423218,0.9786632299423218
LGKSSSP,1.8679717779159546,-3.4932634830474854,0.5714285714285714,0.4285714285714285,1.1156790256500244,0.9656790405511856
LHIYQGP,-1.254573106765747,-1.6648178100585938,0.5714285714285714,0.4285714285714285,0.9414538145065308,0.7914538443088531
WGLGSRF,-2.7715113162994385,-0.5002048015594482,0.5714285714285714,0.2857142857142857,0.8873342275619507,0.7373342275619507
YFHKAVN,0.5217487812042236,-0.1995006650686264,0.5714285714285714,0.0,1.3172616958618164,1.0
GTWNDNY,-2.279104232788086,-1.0287574529647827,0.5714285714285714,0.4285714285714285,0.8882795572280884,0.7382795870304107
YKHRSQN,-3.130127191543579,1.2740129232406616,0.5714285714285714,0.1428571428571428,1.0400735139846802,0.8900735437870025
INQDQHD,-0.9298458099365234,-5.157930374145508,0.8571428571428571,0.4285714285714285,0.5948022603988647,0.5248833499848843
EYRSWST,-3.7357780933380127,0.06913583725690842,0.7142857142857143,0.2857142857142857,0.8340513706207275,0.7340513557195664
YQRMQWM,-2.8795855045318604,-0.2778879404067993,0.7142857142857143,0.4285714285714285,0.8988672494888306,0.7988672494888306
FHPCSGN,-3.7187047004699707,-0.7076134085655212,0.5714285714285714,0.4285714285714285,0.7503260970115662,0.600326082110405
DHFCDNR,-4.1253342628479,-1.5702036619186401,0.7142857142857143,0.5714285714285714,0.6060799360275269,0.5060799658298493
LSEIQSN,-0.7558608651161194,-4.100441932678223,0.4285714285714285,0.2857142857142857,0.7325471639633179,0.5325471639633179
YVVDDKL,-0.014125026762485504,-2.6126248836517334,0.7142857142857143,0.5714285714285714,0.986209750175476,0.8862097501754761
RNHNSIG,1.2483035326004028,-3.3902716636657715,0.7142857142857143,0.4285714285714285,1.052405595779419,0.9524055510759354
YYIKQPA,-0.2959190309047699,-0.5854790210723877,0.7142857142857143,0.1428571428571428,1.1761360168457031,1.0
YDHRHCM,-4.11199426651001,-2.1712584495544434,0.8571428571428571,0.2857142857142857,0.5413081645965576,0.4913081794977187
KNHRSVN,-3.7291922569274902,0.15484619140625,0.5714285714285714,0.2857142857142857,0.8443103432655334,0.6943103432655334
ESHHMSN,-0.5803510546684265,-3.676926612854004,0.5714285714285714,0.4285714285714285,0.8004615902900696,0.6504615902900696
YWPRMVH,-3.462366819381714,0.5037714838981628,0.7142857142857143,0.4285714285714285,0.9149874448776244,0.8149874299764633
ERGRRPI,-3.2193706035614014,-0.8333049416542053,0.4285714285714285,0.4285714285714285,0.7965967655181885,0.5965967953205109
YSIICYT,-4.1597089767456055,0.9565985202789307,0.5714285714285714,0.2857142857142857,0.8809919357299805,0.7309919059276581
VYGSNNC,-3.7714295387268066,-0.7836734056472778,0.7142857142857143,0.2857142857142857,0.7355748414993286,0.635574871301651
ITLLCEY,-4.146332740783691,-0.5983133912086487,0.7142857142857143,0.7142857142857143,0.7108832597732544,0.610883229970932
TDHFPNE,-1.0472636222839355,-4.050312042236328,0.7142857142857143,0.5714285714285714,0.7029798626899719,0.602979862689972
QYHPKDI,0.09491834789514542,-2.7358696460723877,0.5714285714285714,0.2857142857142857,0.9857347011566162,0.8357346713542938
APRESMD,0.005822683218866587,-4.724519729614258,0.7142857142857143,0.4285714285714285,0.7553810477256775,0.6498215463012457
KYHRPAE,-0.785569429397583,0.12092673778533936,0.5714285714285714,0.2857142857142857,1.1951643228530884,1.0
AIHRDAG,1.124242901802063,-2.5487799644470215,0.7142857142857143,0.4285714285714285,1.1303926706314087,1.0
EAQRSNT,0.9004395604133606,-3.2589426040649414,0.7142857142857143,0.4285714285714285,1.0250041484832764,0.9250041782855988
EFHAWED,-2.515902042388916,-0.7641175389289856,0.7142857142857143,0.5714285714285714,0.8889801502227783,0.788980120420456
PCNRQHA,-2.870008945465088,-0.6756974458694458,0.8571428571428571,0.5714285714285714,0.8560879230499268,0.8060878932476043
YSWRSEN,-1.6504881381988525,1.3382463455200195,0.5714285714285714,0.1428571428571428,1.225410223007202,1.0
NFHHSIF,-2.8834760189056396,-1.2715065479278564,0.7142857142857143,0.2857142857142857,0.7886661291122437,0.6886661291122437
PMHPITN,0.4251026213169098,-4.054152488708496,0.7142857142857143,0.1428571428571428,0.87992262840271,0.7799225986003876
FHIRNGT,0.5963582992553711,-0.4584241509437561,0.7142857142857143,0.2857142857142857,1.297654628753662,1.0
LDGGNWI,-2.329465627670288,-0.6319694519042969,0.5714285714285714,0.5714285714285714,0.9260330200195312,0.7760330200195312
YSSRSTN,2.5417864322662354,-1.1168503761291504,0.5714285714285714,0.1428571428571428,1.4592936038970947,1.0
HWHQDNN,-2.1045849323272705,-1.1642109155654907,0.7142857142857143,0.4285714285714285,0.8943437337875366,0.794343763589859
DYYFKNS,-1.2708841562271118,-0.3047899901866913,0.7142857142857143,0.4285714285714285,1.0896865129470823,0.9896865129470824
YMHTSTI,-0.7672126889228821,-2.4016363620758057,0.5714285714285714,0.2857142857142857,0.9187909364700316,0.7687909066677093
YHETPSH,0.39870113134384155,-3.614516019821167,0.7142857142857143,0.1428571428571428,0.9252943396568298,0.825294354557991
YYHRIQG,-1.2034783363342285,0.5275527238845825,0.5714285714285714,0.2857142857142857,1.189728021621704,1.0
QHIKGEH,0.8372990489006042,-2.5668294429779053,0.5714285714285714,0.2857142857142857,1.0938329696655271,0.9438329696655272
AFLAPQN,-0.8918149471282959,-3.8833608627319336,0.7142857142857143,0.5714285714285714,0.7401434183120728,0.6401434183120728
ITHQFSQ,-0.10393846780061722,-3.460789918899536,0.7142857142857143,0.4285714285714285,0.8817214965820312,0.7817215114831925
IDHPEET,-0.9116407036781311,-5.418076515197754,0.8571428571428571,0.5714285714285714,0.5682655572891235,0.4897277043201029
PAKVQGN,1.5355814695358276,-3.8567070960998535,0.5714285714285714,0.1428571428571428,1.035500407218933,0.8855003923177719
YQHRSCN,-3.463531970977783,0.27073827385902405,0.5714285714285714,0.2857142857142857,0.8891115188598633,0.7391115039587021
AWTRDDW,-2.1434078216552734,-0.9301635026931763,0.7142857142857143,0.5714285714285714,0.915514588356018,0.8155145585536957
FSVRMHD,-0.16367125511169434,-2.8705832958221436,0.5714285714285714,0.2857142857142857,0.939706563949585,0.7897065937519073
QNGRESA,0.6193095445632935,-3.7075347900390625,0.5714285714285714,0.4285714285714285,0.9415969252586364,0.7915969401597976
MHHRNGT,0.19993098080158234,-1.1648857593536377,0.7142857142857143,0.1428571428571428,1.1718798875808716,1.0
WKHDWHN,-0.45710861682891846,-0.9110890626907349,0.8571428571428571,0.4285714285714285,1.1207590103149414,1.0
YSGTRIM,0.46275028586387634,-2.8661012649536133,0.7142857142857143,0.4285714285714285,1.015662670135498,0.9156627297401428
EYPKQYW,-1.739507794380188,-0.7823883891105652,0.7142857142857143,0.1428571428571428,0.9804897308349608,0.8804897606372833
HKHRVNE,-1.4052772521972656,0.45735427737236023,0.7142857142857143,0.2857142857142857,1.1576659679412842,1.0
YSHFLNI,-2.7222976684570312,-0.42714551091194153,0.7142857142857143,0.4285714285714285,0.9013311266899108,0.8013311266899109
YLQRQQR,-4.352898597717285,-0.5596312284469604,0.5714285714285714,0.4285714285714285,0.6902714371681213,0.5402714520692825
YLHRSVN,-0.11459459364414215,1.1797764301300049,0.5714285714285714,0.1428571428571428,1.3929288387298584,1.0
YLSRQTW,-1.6130194664001465,0.6499808430671692,0.4285714285714285,0.2857142857142857,1.1539137363433838,0.9539137661457062
MHMRQNM,-1.0613547563552856,-2.067941904067993,0.7142857142857143,0.4285714285714285,0.9202097654342652,0.8202097654342652
HHYHDHN,-1.6961528062820435,0.35357001423835754,0.7142857142857143,0.4285714285714285,1.1111644506454468,1.0
YHDKGSN,1.6791188716888428,-2.378113031387329,0.5714285714285714,0.1428571428571428,1.2160831689834597,1.0
YSKRSDI,0.9591361284255981,-1.5378433465957642,0.5714285714285714,0.2857142857142857,1.222148299217224,1.0
ILKESNE,0.49616798758506775,-4.076911926269531,0.7142857142857143,0.2857142857142857,0.885969877243042,0.785969877243042
FHSHYEE,-0.7561975717544556,-1.7271296977996826,0.7142857142857143,0.2857142857142857,0.994608461856842,0.8946084618568421
VDYCNNN,-3.828256845474243,-0.3315390944480896,0.7142857142857143,0.4285714285714285,0.7786616086959839,0.6786615937948227
YQTRCTN,-3.5929932594299316,-0.47348442673683167,0.5714285714285714,0.4285714285714285,0.7913262844085693,0.6413263142108917
DPRSCMY,-3.9829699993133545,-1.942970871925354,0.7142857142857143,0.5714285714285714,0.5820623636245728,0.4820623785257339
PIHRMHV,-1.5642929077148438,-1.5779671669006348,0.7142857142857143,0.2857142857142857,0.9137352705001832,0.8137353003025055
VFHRSWN,-2.8390469551086426,0.9989168643951416,0.5714285714285714,0.2857142857142857,1.04475736618042,0.8947573959827423
MHARSGD,1.4850349426269531,-2.7674291133880615,0.7142857142857143,0.1428571428571428,1.1497080326080322,1.0
THFVLTN,-2.2102952003479004,-2.6506664752960205,0.7142857142857143,0.4285714285714285,0.7174495458602905,0.6174495756626129
KFWLQVS,-4.18259334564209,0.8213780522346497,0.7142857142857143,0.5714285714285714,0.8633018136024475,0.7633018285036087
YHSRPSL,0.8804848790168762,-1.4212244749069214,0.5714285714285714,0.1428571428571428,1.225552678108215,1.0
YHKESNI,1.8571794033050537,-2.274479866027832,0.4285714285714285,0.2857142857142857,1.2489778995513916,1.0
LWERING,-1.560027003288269,-0.8831340670585632,0.7142857142857143,0.4285714285714285,0.9909845590591432,0.8909845888614655
RHFITKN,-4.249655723571777,0.7747060060501099,0.7142857142857143,0.4285714285714285,0.8500688672065735,0.7500688672065735
HSGKKER,-3.2460672855377197,1.1665358543395996,0.7142857142857143,0.4285714285714285,1.0142375230789185,0.9142375230789184
YLWIDNN,-4.123668193817139,-0.037170037627220154,0.5714285714285714,0.2857142857142857,0.7755845785140991,0.6255845487117767
FEDCHYI,-4.174735069274902,-1.0724332332611084,0.8571428571428571,0.4285714285714285,0.6551012992858887,0.605101329088211
VARPCRI,-3.69455885887146,-0.3580266237258911,0.7142857142857143,0.4285714285714285,0.7918422222137451,0.691842207312584
LVRRKSA,-2.391286849975586,0.23323765397071838,0.5714285714285714,0.4285714285714285,1.014136791229248,0.8641368210315704
HLGKSRP,-2.1578423976898193,-0.9335211515426636,0.7142857142857143,0.4285714285714285,0.9134048223495485,0.8134048521518707
CSHINYT,-3.7989230155944824,-0.491121381521225,0.7142857142857143,0.4285714285714285,0.764571487903595,0.6645714730024338
FKDRSHR,-2.5667552947998047,0.1211579293012619,0.7142857142857143,0.4285714285714285,0.9806214570999146,0.8806214272975922
YLHNLAT,-0.7591782212257385,-2.679173469543457,0.7142857142857143,0.2857142857142857,0.889108419418335,0.789108419418335
GYSHANW,-1.5926272869110107,-0.9796512126922607,0.7142857142857143,0.1428571428571428,0.9763984084129332,0.8763984084129334
GHMSISF,-1.580371618270874,-1.9987214803695679,0.7142857142857143,0.2857142857142857,0.8653314709663391,0.7653314709663391
VMYKNND,0.8325071930885315,-2.359225273132324,0.7142857142857143,0.4285714285714285,1.1161830425262451,1.0
MYDMKAH,0.7618051171302795,-3.3758184909820557,0.8571428571428571,0.1428571428571428,0.9953962564468384,0.9453962862491608
IHRVMSI,-1.652796745300293,-0.689015805721283,0.5714285714285714,0.4285714285714285,1.0012470483779907,0.8512470185756683
YYANFAW,-3.798523426055908,0.5090421438217163,0.7142857142857143,0.4285714285714285,0.8750748634338379,0.7750748336315155
YQDGHIN,0.2148851901292801,-3.4769012928009033,0.5714285714285714,0.5714285714285714,0.9183489084243774,0.7683489382266998
RHQKSKA,-2.5250768661499023,0.18933895230293274,0.7142857142857143,0.4285714285714285,0.9931719303131104,0.893171900510788
APIRIVS,0.7872680425643921,-4.136180400848389,0.7142857142857143,0.5714285714285714,0.9144914746284484,0.8144914597272873
YWHQARN,-1.866712212562561,0.8177919387817383,0.5714285714285714,0.0,1.14188551902771,0.9918855488300324
YFKEFWD,-2.5927443504333496,-0.28245681524276733,0.7142857142857143,0.5714285714285714,0.9329166412353516,0.8329166114330292
YPAKKEN,1.8906878232955933,-3.7905452251434326,0.7142857142857143,0.1428571428571428,1.08558452129364,0.9855845361948014
YWHTQNL,-2.8524577617645264,0.3828877806663513,0.7142857142857143,0.2857142857142857,0.975109338760376,0.8751093685626984
YSRHSNE,1.8143105506896973,1.2074800729751587,0.4285714285714285,0.1428571428571428,1.6283514499664309,1.0
QHNRTDN,0.7749514579772949,-3.7937862873077393,0.5714285714285714,0.4285714285714285,0.9508207440376282,0.8008207589387893
CTTLDVN,-4.00581169128418,-0.5933182239532471,0.7142857142857143,0.4285714285714285,0.728362500667572,0.6283625155687332
YNHNESN,-0.17559382319450378,-3.7042572498321533,0.5714285714285714,0.2857142857142857,0.8462018370628357,0.6962018370628357
YTRKARK,-4.178102493286133,1.3142377138137817,0.5714285714285714,0.4285714285714285,0.9182727336883544,0.7682727485895157
KYHQIRD,-0.9471534490585327,-0.40712177753448486,0.5714285714285714,0.2857142857142857,1.1173830032348633,0.967383062839508
VSKHSVN,2.119692325592041,-2.5978875160217285,0.5714285714285714,0.1428571428571428,1.244884967803955,1.0
YMASLNN,-0.6884157657623291,-2.4771878719329834,0.5714285714285714,0.1428571428571428,0.919939398765564,0.7699394285678863
ALKLWEI,-1.996112585067749,-0.7994229793548584,0.7142857142857143,0.5714285714285714,0.9476969242095948,0.8476969242095947
YSLGLLE,-2.1510422229766846,-1.525478482246399,0.5714285714285714,0.4285714285714285,0.8488500118255615,0.6988499820232391
YFSHTIT,-1.7084240913391113,-1.5347405672073364,0.7142857142857143,0.1428571428571428,0.9011465311050416,0.8011465609073639
ILHKMSD,0.41178038716316223,-2.463897466659546,0.5714285714285714,0.5714285714285714,1.053941011428833,0.9039409816265106
IHHYREN,-0.31998464465141296,-1.440064787864685,0.7142857142857143,0.4285714285714285,1.0788589715957642,0.9788589715957642
NQVTFEA,-1.2079501152038574,-4.199068546295166,0.8571428571428571,0.5714285714285714,0.6671947240829468,0.6171947240829467
QLHRSFH,-1.7851351499557495,0.5473432540893555,0.7142857142857143,0.2857142857142857,1.121845006942749,1.0
THHRRGT,-3.6705822944641113,0.6459487080574036,0.5714285714285714,0.2857142857142857,0.9056066274642944,0.7556066572666168
YVMMFHA,-3.47343373298645,-0.5736504197120667,0.7142857142857143,0.2857142857142857,0.7946668863296509,0.6946668863296509
AYFCPDT,-4.596275806427002,0.8630721569061279,0.8571428571428571,0.5714285714285714,0.8180725574493408,0.7680725872516632
MFHRHEN,0.0498691163957119,-1.9515751600265503,0.7142857142857143,0.1428571428571428,1.0669231414794922,0.9669231414794922
YPHCSQN,-3.183628559112549,-1.0492041110992432,0.5714285714285714,0.1428571428571428,0.7770590782165527,0.6270590782165527
VHRFASQ,0.6590868830680847,0.7516831159591675,0.5714285714285714,0.4285714285714285,1.4388519525527954,1.0
ESHRCCN,-4.417576789855957,0.13782767951488495,0.7142857142857143,0.2857142857142857,0.7595055103302002,0.6595054805278778
YHHQANK,0.017211418598890305,-0.5991892218589783,0.5714285714285714,0.2857142857142857,1.2123427391052246,1.0
MHVSYLS,-2.5040056705474854,-2.1116697788238525,0.7142857142857143,0.5714285714285714,0.7415933609008789,0.6415933609008789
YHRPSNN,1.232880711555481,0.08817119151353836,0.1428571428571428,0.1428571428571428,1.434696912765503,1.0
YYIDDNR,-1.496246099472046,-0.5795561671257019,0.7142857142857143,0.4285714285714285,1.0321941375732422,0.9321941673755646
CNHRGTG,-2.5948410034179688,-0.8064981698989868,0.4285714285714285,0.2857142857142857,0.8747904300689697,0.6747904300689698
YHRTDLN,0.6617183685302734,-0.17963553965091705,0.4285714285714285,0.2857142857142857,1.3363168239593506,1.0
KVFRSNQ,-4.282161235809326,0.2913126051425934,0.5714285714285714,0.4285714285714285,0.7927685976028442,0.642768582701683
VYHLCKR,-4.900040626525879,1.1246310472488403,0.7142857142857143,0.4285714285714285,0.8103657960891724,0.7103657737374306
GGIYQNN,-0.36223548650741577,-4.516761779785156,0.7142857142857143,0.4285714285714285,0.73398756980896,0.63398756980896
IHGGLNN,1.0323922634124756,-4.523608684539795,0.5714285714285714,0.0,0.9012336134910583,0.7512336060404777
YENYENQ,-1.8705787658691406,-1.5690643787384033,0.7142857142857143,0.5714285714285714,0.8778221607208252,0.7778221607208252
TKKSIAE,1.3755972385406494,-2.8980584144592285,0.5714285714285714,0.5714285714285714,1.122098445892334,0.972098445892334
VYHRSSV,0.5937705636024475,2.0629751682281494,0.4285714285714285,0.2857142857142857,1.5757991075515747,1.0
MPRRSNN,-2.2098472118377686,-1.230037808418274,0.4285714285714285,0.1428571428571428,0.8743937015533447,0.6743937313556672
YHDRSHN,1.1399592161178589,-2.2085821628570557,0.4285714285714285,0.2857142857142857,1.1698564291000366,0.9698563992977144
YSVVSYN,-2.124129295349121,-0.6409035325050354,0.5714285714285714,0.1428571428571428,0.949781894683838,0.7997819244861603
MSRRAWE,-0.7871956825256348,-0.8244125843048096,0.5714285714285714,0.0,1.0905678272247314,0.9405677676200866
EHHRLGQ,0.41581255197525024,-0.822102427482605,0.7142857142857143,0.2857142857142857,1.2357418537139893,1.0
YPNLGNS,1.08810293674469,-1.8372480869293213,0.5714285714285714,0.2857142857142857,1.2046186923980713,1.0
YHIRSNI,-0.9314578175544739,0.19191913306713104,0.4285714285714285,0.2857142857142857,1.1854302883148191,0.9854302287101746
NHSRYTN,-0.24497142434120178,-0.5710481405258179,0.5714285714285714,0.2857142857142857,1.1838669776916504,1.0
YSHKGNH,0.8884083032608032,-0.05240485444664955,0.5714285714285714,0.2857142857142857,1.3776757717132568,1.0
IIQRGNN,2.3443479537963867,-3.7531633377075195,0.5714285714285714,0.2857142857142857,1.144362449645996,0.9943624794483183
APISENN,-0.8624423146247864,-4.613147258758545,0.7142857142857143,0.2857142857142857,0.6630862355232239,0.5612166311591864
NSKRLIA,-2.1446287631988525,-1.8680200576782227,0.7142857142857143,0.5714285714285714,0.8117932081222534,0.7117932379245758
QPKNSYN,1.0818430185317993,-2.12256121635437,0.5714285714285714,0.5714285714285714,1.1723554134368896,1.0
LFSGDHQ,-0.9332859516143799,-3.1915712356567383,0.7142857142857143,0.4285714285714285,0.8115469813346863,0.7115469813346863
YAMCMNQ,-3.8070693016052246,-0.890267014503479,0.7142857142857143,0.2857142857142857,0.7195096611976624,0.6195096462965012
RKEDDNN,-0.19927076995372772,-4.022622108459473,0.7142857142857143,0.5714285714285714,0.8081903457641602,0.708190330862999
YVERSNN,1.5792436599731445,-1.91842520236969,0.4285714285714285,0.1428571428571428,1.2548184394836426,1.0
MHHSLPG,1.402783751487732,-3.454745292663574,0.4285714285714285,0.4285714285714285,1.063894510269165,0.8638945549726487
VHHPCLN,-4.373915672302246,-0.6124478578567505,0.5714285714285714,0.1428571428571428,0.6819067597389221,0.5319067448377609
PDVSNRM,0.6042194366455078,-4.527702331542969,0.5714285714285714,0.2857142857142857,0.8492021560668945,0.6992021560668945
TDQKAHQ,0.5640808343887329,-3.7215099334716797,0.7142857142857143,0.4285714285714285,0.9334005117416382,0.833400496840477
YRQLGRG,-1.8572783470153809,-0.7497130632400513,0.5714285714285714,0.5714285714285714,0.9699112176895142,0.8199111878871918
YPAKNQV,2.4914348125457764,-4.285005569458008,0.7142857142857143,0.4285714285714285,1.1033459901809692,1.0
YSARCEL,-3.358823299407959,-1.1375638246536255,0.7142857142857143,0.2857142857142857,0.7461962699890137,0.6461962997913361
YYGILCY,-3.9668426513671875,1.1486984491348267,0.7142857142857143,0.4285714285714285,0.9254403114318848,0.8254402816295624
YHHLVAS,-0.34766075015068054,-1.064460039138794,0.5714285714285714,0.1428571428571428,1.117005705833435,0.9670056760311126
ICHCDHN,-4.059024333953857,-0.26886722445487976,0.8571428571428571,0.4285714285714285,0.757783830165863,0.707783830165863
QHHGNES,-0.2688339650630951,-4.364009380340576,0.7142857142857143,0.2857142857142857,0.7621086239814758,0.6621086239814759
VHHGGGA,0.8768125176429749,-3.6579813957214355,0.5714285714285714,0.5714285714285714,0.9780892133712769,0.828089228272438
IAPCWQN,-3.581198215484619,-1.5306622982025146,0.7142857142857143,0.1428571428571428,0.6759955286979675,0.5759955137968064
PWSWSDN,-3.582730531692505,1.0998808145523071,0.7142857142857143,0.4285714285714285,0.9663205742836,0.8663205742835999
YGHLSEL,-0.5898591876029968,-1.491743564605713,0.5714285714285714,0.2857142857142857,1.0406415462493896,0.8906416058540344
VGRWAEE,-1.3315495252609253,-1.5018563270568848,0.7142857142857143,0.5714285714285714,0.9501779079437256,0.8501779079437256
SHMGEMT,-0.3372785449028015,-3.894346237182617,0.7142857142857143,0.4285714285714285,0.8057318329811096,0.7057318329811096
EGASSGN,-0.315094918012619,-4.735541820526123,0.5714285714285714,0.2857142857142857,0.7155048847198486,0.5595802094787359
YSVRSEN,0.687138557434082,1.027070164680481,0.5714285714285714,0.1428571428571428,1.4726440906524658,1.0
MCGKEPN,-3.715230941772461,-1.3813694715499878,0.7142857142857143,0.5714285714285714,0.6763368844985962,0.5763368546962738
INDPSNN,-0.8385303616523743,-5.417015075683594,0.5714285714285714,0.4285714285714285,0.5771899223327637,0.3986872166395188
YMEEHEQ,-0.3047146797180176,-4.166645050048828,0.7142857142857143,0.4285714285714285,0.779582679271698,0.679582679271698
YDKRNPV,1.0402992963790894,-2.983189344406128,0.5714285714285714,0.4285714285714285,1.072305679321289,0.9223056197166444
YYGHNTQ,-0.5359444618225098,-1.0420595407485962,0.4285714285714285,0.4285714285714285,1.0967981815338137,0.8967981517314911
VHDRFHG,1.4922116994857788,-1.679442286491394,0.5714285714285714,0.4285714285714285,1.2707267999649048,1.0
QIYESND,-0.7028096914291382,-3.1837916374206543,0.7142857142857143,0.5714285714285714,0.84017014503479,0.7401701748371124
KYYRCDV,-3.707041025161743,0.11448762565851212,0.7142857142857143,0.4285714285714285,0.8425216674804688,0.7425216525793076
YHDKSQN,1.8982312679290771,-2.1946749687194824,0.4285714285714285,0.1428571428571428,1.262736678123474,1.0
VHGGPQE,-0.14676110446453094,-5.536919116973877,0.7142857142857143,0.4285714285714285,0.6472811698913574,0.5148059319704771
YNVNTEH,0.06031971052289009,-4.024928092956543,0.7142857142857143,0.4285714285714285,0.8392069339752197,0.7392069488763809
YLHRITT,-0.41779768466949463,-0.338615745306015,0.5714285714285714,0.2857142857142857,1.1887168884277344,1.0
QHVSWNC,-4.006348609924316,-0.608238935470581,0.7142857142857143,0.2857142857142857,0.7266501188278198,0.6266501188278198
EHHRNND,1.0860412120819092,-2.4864118099212646,0.7142857142857143,0.2857142857142857,1.132678508758545,1.0
ELWRSSP,-2.2647626399993896,0.676456093788147,0.5714285714285714,0.4285714285714285,1.0783262252807615,0.9283261656761168
FEWDSGN,-1.95072340965271,-0.7459350228309631,0.7142857142857143,0.4285714285714285,0.959071695804596,0.859071695804596
YKCRPQA,-2.902003049850464,-0.47590363025665283,0.7142857142857143,0.0,0.8742984533309937,0.7742984533309937
EHQRMNA,1.4611066579818726,-2.96195125579834,0.7142857142857143,0.4285714285714285,1.1253430843353271,1.0
YSWRSSD,-1.3474119901657104,0.2695337235927582,0.5714285714285714,0.2857142857142857,1.1438943147659302,0.9938943147659302
IDHRMCG,-2.7751407623291016,-1.3221001625061035,0.5714285714285714,0.2857142857142857,0.7961292266845703,0.6461291968822479
YCKGLSW,-4.206151008605957,0.520477294921875,0.7142857142857143,0.4285714285714285,0.8272333145141602,0.7272333145141602
ANWRHVI,-3.6312062740325928,0.29872533679008484,0.7142857142857143,0.4285714285714285,0.8720036745071411,0.7720036894083023
YHRIFEP,-1.4652080535888672,0.8240863084793091,0.5714285714285714,0.2857142857142857,1.1909472942352295,1.0
YRYQDYA,-1.4636284112930298,-0.6635545492172241,0.8571428571428571,0.4285714285714285,1.0268468856811523,0.9768468856811524
QCRRQDN,-4.1610541343688965,-1.039323091506958,0.7142857142857143,0.4285714285714285,0.6604059338569641,0.5604059338569641
DYHGNWD,-2.4721505641937256,0.5558663010597229,0.7142857142857143,0.2857142857142857,1.04002583026886,0.94002583026886
PQHRTAW,-1.6029927730560303,-1.577880620956421,0.5714285714285714,0.4285714285714285,0.9090828895568848,0.7590829193592071
SGHRSHC,-4.1827392578125,0.0682312473654747,0.7142857142857143,0.4285714285714285,0.7801088094711304,0.6801088243722916
IHKEWSM,-1.2102948427200317,-1.015635371208191,0.7142857142857143,0.4285714285714285,1.0184816122055054,0.918481582403183
QHHISDF,-0.6924734711647034,-2.785407543182373,0.7142857142857143,0.2857142857142857,0.8854117393493652,0.7854117095470429
YVHRDNS,0.79485684633255,-1.2628004550933838,0.7142857142857143,0.2857142857142857,1.2327334880828855,1.0
GERRMWN,-2.515756368637085,-0.08124207705259323,0.7142857142857143,0.5714285714285714,0.9644124507904052,0.8644124805927277
WHVRSEL,-1.2670844793319702,-0.1866505891084671,0.5714285714285714,0.2857142857142857,1.1031911373138428,0.9531911969184876
YYEKCVC,-2.9142262935638428,-0.4538668692111969,0.5714285714285714,0.4285714285714285,0.8752596378326416,0.725259667634964
YGVWDSD,-3.1456058025360107,-0.6164947152137756,0.5714285714285714,0.5714285714285714,0.829426646232605,0.6794266760349273
CLHLSDK,-3.6021368503570557,-0.6947802305221558,0.7142857142857143,0.5714285714285714,0.7657855749130249,0.6657855749130249
YTNRLYI,-2.3429811000823975,-1.467655062675476,0.7142857142857143,0.0,0.8321141004562378,0.7321141302585602
YMSPGAG,0.897903323173523,-3.8475282192230225,0.7142857142857143,0.1428571428571428,0.959696888923645,0.8596969187259674
ICVFNSN,-4.035381317138672,-0.637667715549469,0.7142857142857143,0.4285714285714285,0.7199026346206665,0.6199026644229889
YCQRDMD,-3.82116436958313,-0.9357312321662903,0.7142857142857143,0.4285714285714285,0.7127907276153564,0.6127907276153565
HKHHTNE,-0.27281129360198975,0.005761592648923397,0.8571428571428571,0.2857142857142857,1.2442145347595217,1.0
MYFRQNN,-2.1180636882781982,0.43398410081863403,0.7142857142857143,0.4285714285714285,1.0692201852798462,0.9692202150821686
KLWVPHY,-3.3980705738067627,0.11593426018953323,0.7142857142857143,0.4285714285714285,0.8799011707305908,0.7799012005329132
YCSKTQN,-3.551997661590576,-0.9483256340026855,0.7142857142857143,0.2857142857142857,0.7438247203826904,0.6438246905803681
NHHAGGY,-0.16029086709022522,-2.9649927616119385,0.7142857142857143,0.4285714285714285,0.9296875596046448,0.8296875596046448
CYGKGGN,-3.59159779548645,-0.967295229434967,0.7142857142857143,0.4285714285714285,0.7369593977928162,0.636959382891655
CHASENN,-4.341622829437256,-0.7742592692375183,0.5714285714285714,0.2857142857142857,0.6679268479347229,0.5179268479347229
EEVRVLE,0.28269556164741516,-3.894160270690918,0.7142857142857143,0.2857142857142857,0.8804367780685425,0.7804368078708649
ILDVDAT,-0.49222332239151,-4.657892227172852,0.7142857142857143,0.4285714285714285,0.7027426958084106,0.5993906538933516
CHSQKGN,-3.656529664993286,-0.8897641897201538,0.7142857142857143,0.4285714285714285,0.7376997470855713,0.6376997172832489
YKFRSDN,-0.5111393928527832,-1.2074804306030273,0.5714285714285714,0.1428571428571428,1.0815176963806152,0.9315176963806152
YPKRSIT,-2.3567800521850586,-0.756914496421814,0.5714285714285714,0.2857142857142857,0.908944010734558,0.7589440405368805
PSEKINH,0.2010633647441864,-4.667933940887451,0.7142857142857143,0.4285714285714285,0.7851496338844299,0.6814648699015379
NTVLYGA,-1.7902332544326782,-2.967189073562622,0.7142857142857143,0.2857142857142857,0.7330960035324097,0.6330959737300873
CYQRWQS,-3.7990667819976807,0.503326952457428,0.5714285714285714,0.1428571428571428,0.8743781447410583,0.7243781596422195
YHHRDVN,0.7139475345611572,-0.81374192237854,0.4285714285714285,0.1428571428571428,1.272579550743103,1.0
MSVIGVN,-0.7513037919998169,-3.0889666080474854,0.4285714285714285,0.5714285714285714,0.844800591468811,0.6448005616664887
YHHRSTN,0.32852768898010254,1.0035626888275146,0.4285714285714285,0.0,1.4268484115600586,1.0
LSHNGVN,0.8411216139793396,-3.8474018573760986,0.2857142857142857,0.4285714285714285,0.9528707265853882,0.702870711684227
MFSRLSN,-0.7580543160438538,1.2168389558792114,0.7142857142857143,0.2857142857142857,1.3195083141326904,1.0
SPGKNTA,1.4444634914398193,-4.336734771728516,0.7142857142857143,0.1428571428571428,0.9715110659599304,0.8715110659599304
KVTRMEK,-2.7202320098876953,-0.12528830766677856,0.7142857142857143,0.5714285714285714,0.9349161982536316,0.8349161982536316
WEHYQFR,-2.230349063873291,-0.01519576832652092,0.7142857142857143,0.5714285714285714,1.0060876607894895,0.9060876905918122
QRNKVNW,-3.046264171600342,-1.4057180881500244,0.7142857142857143,0.2857142857142857,0.7542340755462646,0.6542341053485871
VHCRCNN,-3.6143932342529297,0.4153570830821991,0.5714285714285714,0.1428571428571428,0.886909544467926,0.7369095593690872
YKYDSSN,0.04751775413751602,-1.491063117980957,0.5714285714285714,0.4285714285714285,1.1174975633621216,0.9674975633621216
FARMSWW,-4.596355438232422,0.5378885865211487,0.7142857142857143,0.5714285714285714,0.7821506261825562,0.6821506559848786
NHHCSTN,-3.93660569190979,-0.36871451139450073,0.5714285714285714,0.2857142857142857,0.7615039944648743,0.611503979563713
IHGGLNN,1.0323922634124756,-4.523608684539795,0.5714285714285714,0.0,0.9012336134910583,0.7512336060404777
GYRRSDN,0.49174708127975464,-1.2715668678283691,0.5714285714285714,0.2857142857142857,1.1952515840530396,1.0
GHFWTDM,-3.823406457901001,-0.3411150276660919,0.7142857142857143,0.5714285714285714,0.7781884074211121,0.6781883925199509
YYREKGW,-0.8341027498245239,0.47289279103279114,0.7142857142857143,0.4285714285714285,1.228187918663025,1.0
YHFRSTN,-1.0556167364120483,0.1529473066329956,0.4285714285714285,0.0,1.1661696434020996,0.9661696434020997
QHHREPF,0.3612821400165558,-1.5831573009490967,0.7142857142857143,0.4285714285714285,1.1451241970062256,1.0
PPRQGAN,1.6144567728042603,-3.7635467052459717,0.5714285714285714,0.4285714285714285,1.0552903413772583,0.9052903413772584
VTEHPNN,-0.36873140931129456,-5.208268642425537,0.7142857142857143,0.2857142857142857,0.6568370461463928,0.5352503594011069
QHGRSNN,0.837285578250885,-2.3168890476226807,0.4285714285714285,0.2857142857142857,1.1214340925216677,0.9214340627193452
CHMIISM,-4.630849838256836,-0.9927397966384888,0.7142857142857143,0.5714285714285714,0.6089571714401245,0.5089571565389633
AAHRNDV,0.41509753465652466,-2.699737787246704,0.7142857142857143,0.4285714285714285,1.0282950401306152,0.9282950401306151
TYKISNN,1.8670845031738281,-2.0244085788726807,0.5714285714285714,0.2857142857142857,1.2777882814407349,1.0
YQFAWWG,-4.036701202392578,0.916344940662384,0.7142857142857143,0.5714285714285714,0.8913643956184387,0.7913643956184387
FGWRHTH,-2.5382354259490967,-0.050025731325149536,0.8571428571428571,0.4285714285714285,0.9651520252227784,0.915151995420456
YHDRDHG,1.8003475666046143,-2.344273090362549,0.5714285714285714,0.4285714285714285,1.2344238758087158,1.0
TPRKASA,-1.4825595617294312,-1.312954306602478,0.7142857142857143,0.4285714285714285,0.9528484344482422,0.8528484344482422
YSHMYEL,-2.232499837875366,-0.7213718295097351,0.7142857142857143,0.2857142857142857,0.9278405904769896,0.8278405606746674
YNKFWWR,-4.490443706512451,-0.3106456398963928,0.7142857142857143,0.4285714285714285,0.7011995315551758,0.6011995390057564
YCRRCYG,-4.2581000328063965,1.3806170225143433,0.7142857142857143,0.2857142857142857,0.9159667491912842,0.8159667193889618
LEHRHMA,0.6979941129684448,-2.90567684173584,0.4285714285714285,0.4285714285714285,1.03963041305542,0.8396304726600647
YHKFFMP,-1.6835728883743286,-0.32780641317367554,0.7142857142857143,0.4285714285714285,1.0374305248260498,0.9374305844306946
YMHPETV,-0.17888712882995605,-3.578047275543213,0.5714285714285714,0.4285714285714285,0.8597433567047119,0.7097433269023895
HCCRHQY,-4.255805015563965,0.5801082849502563,0.7142857142857143,0.5714285714285714,0.8278372883796692,0.7278372883796692
ITHREAN,1.113569736480713,-3.1397271156311035,0.7142857142857143,0.2857142857142857,1.0638444423675537,0.963844472169876
YYWNQIQ,-3.8559181690216064,0.7233348488807678,0.7142857142857143,0.1428571428571428,0.8918266892433167,0.7918266892433167
LHIRANP,1.1009043455123901,-2.208904981613159,0.5714285714285714,0.2857142857142857,1.1651160717010498,1.0
YQGKKDY,1.15640389919281,-1.5653796195983887,0.7142857142857143,0.4285714285714285,1.2428709268569946,1.0
GYHQTTS,0.5338106751441956,-3.3348515033721924,0.5714285714285714,0.4285714285714285,0.9724554419517516,0.8224554568529129
AEKKSEI,0.6382892727851868,-3.238776445388794,0.5714285714285714,0.4285714285714285,0.9956516623497008,0.8456516623497009
YYHRNKS,-3.2857909202575684,0.751025378704071,0.5714285714285714,0.2857142857142857,0.9635644555091858,0.8135644555091858
AYWNSST,-1.9116380214691162,-1.1598478555679321,0.7142857142857143,0.2857142857142857,0.9180687069892884,0.8180687069892884
EHGRANY,0.7014253735542297,-2.45859694480896,0.5714285714285714,0.2857142857142857,1.0894180536270142,0.9394180834293364
SYPPKRN,-2.488851547241211,-1.7494982481002808,0.7142857142857143,0.2857142857142857,0.7834160327911377,0.6834160625934601
YMHWGTN,-2.511881113052368,-0.5194588899612427,0.4285714285714285,0.2857142857142857,0.9164839386940002,0.7164839386940003
YHKFMTE,0.6486088633537292,-1.3568453788757324,0.5714285714285714,0.4285714285714285,1.2047299146652222,1.0
LHCCLGC,-4.465400695800781,0.6176453232765198,0.5714285714285714,0.5714285714285714,0.8067340850830078,0.656734099984169
YGMHLAH,-1.0138846635818481,-2.6228952407836914,0.7142857142857143,0.0,0.8646407127380371,0.7646407127380371
MNSRHMN,1.2395857572555542,-1.4924142360687256,0.7142857142857143,0.0,1.2609493732452393,1.0
YCTSNGE,-3.935603141784668,-0.6407263875007629,0.5714285714285714,0.4285714285714285,0.7315844893455505,0.5815844893455505
EWHNTPG,0.1331476867198944,-2.869723320007324,0.7142857142857143,0.4285714285714285,0.9755575656890868,0.8755575656890869
YLKKFHM,-3.277886390686035,-0.9627170562744141,0.5714285714285714,0.4285714285714285,0.7752557992935181,0.6252558290958404
HHCRMEH,-3.7405717372894287,0.18816934525966644,0.5714285714285714,0.2857142857142857,0.8466196060180664,0.6966196358203888
LHSSREY,0.48888418078422546,-2.6576733589172363,0.5714285714285714,0.2857142857142857,1.0418291091918943,0.8918291091918945
DHDTYHK,-0.5037500858306885,-2.095935106277466,0.7142857142857143,0.2857142857142857,0.9842894077301024,0.8842894077301026
TWHRGST,-0.9959608912467957,0.8538522124290466,0.7142857142857143,0.2857142857142857,1.2507619857788086,1.0
YGKWHMS,-0.9651407599449158,-0.8177212476730347,0.7142857142857143,0.4285714285714285,1.0698707103729248,0.9698707699775696
THFRSNI,-0.5966089963912964,-0.5827064514160156,0.5714285714285714,0.2857142857142857,1.1402199268341064,0.9902199268341064
QIQKDSK,1.08370840549469,-2.5895965099334717,0.8571428571428571,0.4285714285714285,1.1210020780563354,1.0
PNWIIWT,-4.822535991668701,1.1150712966918945,0.7142857142857143,0.5714285714285714,0.8186465501785278,0.7186465576291085
HHVVCHT,-4.0848212242126465,-0.5968502759933472,0.7142857142857143,0.4285714285714285,0.7184546589851379,0.6184546738862992
ESHRQFN,0.8163598775863647,-2.5341930389404297,0.7142857142857143,0.2857142857142857,1.0949149131774902,0.994914883375168
YQHRDFE,0.4504389464855194,-2.108147382736206,0.7142857142857143,0.2857142857142857,1.0978858470916748,0.9978859066963196
WQHRATM,-1.2619140148162842,-1.3161683082580566,0.7142857142857143,0.4285714285714285,0.9790732860565186,0.8790732860565186
NIWYCYG,-5.228630542755127,1.759688138961792,0.7142857142857143,0.5714285714285714,0.8409164547920227,0.7409164510667324
EVSRYAK,-0.25142133235931396,-2.1434664726257324,0.5714285714285714,0.4285714285714285,1.0094366073608398,0.8594366669654846
YMHKSRN,-3.1176819801330566,0.28594300150871277,0.5714285714285714,0.2857142857142857,0.932453155517578,0.7824531555175781
KPSRPKT,-2.584956645965576,-0.31803661584854126,0.7142857142857143,0.4285714285714285,0.9299254417419434,0.829925411939621
ALETSEN,-1.032423973083496,-4.348124980926514,0.7142857142857143,0.4285714285714285,0.671877920627594,0.571877920627594
YYAKNEG,1.087335467338562,-1.9211089611053467,0.7142857142857143,0.2857142857142857,1.1952648162841797,1.0
VHKHSNN,0.9577850699424744,-0.49858102202415466,0.4285714285714285,0.1428571428571428,1.336758732795715,1.0
YCSKPAH,-3.1503117084503174,-0.933029055595398,0.7142857142857143,0.2857142857142857,0.7939026355743408,0.6939026057720185
YYPCALI,-4.150397300720215,0.24415908753871918,0.7142857142857143,0.4285714285714285,0.8034338355064392,0.703433820605278
YSHYAIV,-2.2222402095794678,-0.5561938285827637,0.4285714285714285,0.2857142857142857,0.947318196296692,0.7473182260990143
MHHKQAN,0.3277704417705536,-1.0079621076583862,0.7142857142857143,0.2857142857142857,1.2046101093292236,1.0
ESHHSLV,-1.149854063987732,-3.7481486797332764,0.5714285714285714,0.1428571428571428,0.7239915132522583,0.5739914983510971
THGTSLN,-0.3570097088813782,-3.926910400390625,0.5714285714285714,0.1428571428571428,0.7997585535049438,0.6497585535049438
VYTVMCW,-4.31278133392334,1.6536552906036377,0.5714285714285714,0.5714285714285714,0.9395331740379332,0.7895331740379333
YCWGSEN,-4.490714073181152,0.4739049971103668,0.5714285714285714,0.4285714285714285,0.7878105044364929,0.6378104895353317
DNCNGSG,-3.286548137664795,-1.375074028968811,0.5714285714285714,0.4285714285714285,0.7286728620529175,0.5786728918552398
LHLNRST,1.0021324157714844,-2.3534440994262695,0.5714285714285714,0.5714285714285714,1.1372551918029783,0.987255162000656
YVMNGDT,-0.738088071346283,-2.544759511947632,0.5714285714285714,0.4285714285714285,0.9064933061599731,0.7564933061599731
TTRNGVM,1.7337572574615479,-4.076379299163818,0.5714285714285714,0.2857142857142857,1.0351133346557615,0.8851133346557617
QYHKSNM,1.504835844039917,-0.17248597741127014,0.4285714285714285,0.2857142857142857,1.438671588897705,1.0
YSDTPIH,0.3656913936138153,-3.939629316329956,0.5714285714285714,0.4285714285714285,0.8854132294654846,0.7354132443666458
VIQMWSN,-2.484083890914917,-2.1786000728607178,0.7142857142857143,0.4285714285714285,0.7366016507148743,0.6366016507148743
ARSRDGM,-0.3974591791629791,-2.765840530395508,0.7142857142857143,0.5714285714285714,0.9231112003326416,0.8231112003326416
VHKQSNN,1.7689390182495117,-2.456529140472412,0.4285714285714285,0.1428571428571428,1.21824312210083,1.0
WYHRRMN,-3.5671963691711426,1.0319108963012695,0.5714285714285714,0.2857142857142857,0.9606854915618896,0.8106855064630508
YHHGDFE,-0.9846741557121277,-1.1550254821777344,0.7142857142857143,0.2857142857142857,1.0302668809890747,0.9302668809890748
CNFDQPN,-3.4937689304351807,-0.55072021484375,0.7142857142857143,0.2857142857142857,0.7947496175765991,0.6947495877742768
IKWVHQN,-0.7624157071113586,-1.0148468017578125,0.7142857142857143,0.5714285714285714,1.0725219249725342,0.9725218653678894
YAAWVNT,-2.5903255939483643,-1.6946231126785278,0.7142857142857143,0.4285714285714285,0.7772524356842041,0.6772524058818817
YYKRSHM,-3.423408031463623,0.9849684834480286,0.5714285714285714,0.2857142857142857,0.972822606563568,0.8228226065635681
YSFHNGR,-1.2766369581222534,-0.7706842422485352,0.5714285714285714,0.5714285714285714,1.037541389465332,0.8875414490699768
YYSRMVS,-2.0029609203338623,0.30206671357154846,0.5714285714285714,0.2857142857142857,1.0685173273086548,0.9185172975063324
YCGPNNN,-3.764747381210327,-0.6819500923156738,0.5714285714285714,0.1428571428571428,0.747613787651062,0.5976138174533844
GMTKFMD,0.2424968034029007,-2.026531934738159,0.7142857142857143,0.4285714285714285,1.0818498134613037,0.981849843263626
YFHKPNR,-3.5275397300720215,0.47106435894966125,0.7142857142857143,0.2857142857142857,0.9035243988037108,0.8035244137048722
IYHREED,0.29642370343208313,-1.0472056865692139,0.7142857142857143,0.2857142857142857,1.1965000629425049,1.0
ELREDTC,-3.6681981086730957,-1.960796594619751,0.7142857142857143,0.5714285714285714,0.6180123090744019,0.5180123388767243
YHCIVVH,-4.323022365570068,-1.013543963432312,0.7142857142857143,0.5714285714285714,0.6437416076660156,0.5437416076660156
RNHTWSQ,-3.3168513774871826,-1.5707207918167114,0.7142857142857143,0.5714285714285714,0.7034157514572144,0.6034157514572144
MYHKYAT,-0.11730356514453888,0.49057769775390625,0.5714285714285714,0.4285714285714285,1.316489338874817,1.0
GLCRQVN,-3.206474542617798,-0.40952277183532715,0.5714285714285714,0.4285714285714285,0.8449516296386719,0.6949516296386719
GQLKDSY,0.6263768672943115,-3.1792924404144287,0.7142857142857143,0.4285714285714285,1.0007859468460083,0.900785917043686
HHRKYNI,-3.5067625045776367,0.6455014944076538,0.5714285714285714,0.4285714285714285,0.9252916574478148,0.7752916574478149
DYGRNSN,0.49951159954071045,-2.3966305255889893,0.7142857142857143,0.4285714285714285,1.071938157081604,0.9719381868839264
YHRRSIN,-3.307051181793213,1.4171342849731445,0.2857142857142857,0.2857142857142857,1.0345665216445925,0.7845665216445923
GSHRSKA,-3.0861868858337402,0.45809057354927063,0.7142857142857143,0.4285714285714285,0.9552586674690248,0.8552586674690247
WYRRNIN,-3.403984308242798,0.0636562928557396,0.5714285714285714,0.4285714285714285,0.8734153509140015,0.7234153807163238
YYTRSSH,-1.8057472705841064,0.15175797045230865,0.4285714285714285,0.2857142857142857,1.0756747722625732,0.8756747424602509
YHHRQGN,-0.05508464574813843,0.6179927587509155,0.5714285714285714,0.1428571428571428,1.3380558490753174,1.0
YVGSRKE,2.0855579376220703,-2.386423110961914,0.5714285714285714,0.5714285714285714,1.264126539230347,1.0
YYHGGNN,-0.9527539610862732,-1.054404377937317,0.4285714285714285,0.2857142857142857,1.04522442817688,0.8452243983745575
YNHSDDD,0.1391061544418335,-3.1288750171661377,0.5714285714285714,0.4285714285714285,0.9476553201675416,0.7976553499698639
YKTRSGL,-3.0119423866271973,-0.7314502596855164,0.5714285714285714,0.2857142857142857,0.832832932472229,0.6828329026699066
IHRKQQS,-2.8858554363250732,0.6527250409126282,0.5714285714285714,0.4285714285714285,1.0008862018585205,0.8508862018585205
YWHRSNN,-2.042872905731201,1.5510382652282715,0.4285714285714285,0.1428571428571428,1.2016421556472778,1.0
TNMRENS,1.202880620956421,-4.6256303787231445,0.7142857142857143,0.5714285714285714,0.9105042815208436,0.808221098408103
YHSRLVD,1.0569053888320923,-0.30250105261802673,0.5714285714285714,0.2857142857142857,1.3703535795211792,1.0
KYHKATI,-3.173074722290039,0.22907738387584686,0.4285714285714285,0.4285714285714285,0.9195002317428588,0.7195002019405365
HPHGANN,0.38318362832069397,-3.7164933681488037,0.5714285714285714,0.4285714285714285,0.9121629595756532,0.7621629446744919
YHHKGEN,1.3293917179107666,-0.6777999401092529,0.5714285714285714,0.1428571428571428,1.3617314100265503,1.0
YHHRDGD,1.1043140888214111,-0.8437581658363342,0.5714285714285714,0.1428571428571428,1.3162896633148191,1.0
YWNHRHR,-3.882197141647339,0.33453992009162903,0.7142857142857143,0.5714285714285714,0.8457236289978027,0.7457236289978028
YTRMSTE,1.0977342128753662,-2.8921473026275635,0.5714285714285714,0.4285714285714285,1.0892789363861084,0.9392788767814636
YHRRNNL,-3.0096824169158936,0.4812659025192261,0.4285714285714285,0.2857142857142857,0.9670340418815612,0.7670340418815613
YYHRLSQ,-2.0016443729400635,1.2540397644042969,0.5714285714285714,0.2857142857142857,1.173809051513672,1.0
FAKKQEN,1.254374623298645,-3.064728260040283,0.5714285714285714,0.4285714285714285,1.0890889167785645,0.9390889763832092
YPSRGFE,0.6848472952842712,-3.0442285537719727,0.7142857142857143,0.2857142857142857,1.0227454900741575,0.92274551987648
HNHAENW,-0.1509617418050766,-3.1800408363342285,0.7142857142857143,0.4285714285714285,0.90706205368042,0.8070620536804199
VHSKSNY,1.5854462385177612,-0.9427996277809143,0.5714285714285714,0.2857142857142857,1.363310933113098,1.0
IHRRSTN,-2.891012191772461,1.220771312713623,0.4285714285714285,0.2857142857142857,1.0629982948303225,0.8629983544349671
TLHRSLL,-1.1213624477386475,-0.4774254262447357,0.5714285714285714,0.4285714285714285,1.0886330604553225,0.9386330604553222
MYFRTSE,-1.2828015089035034,-0.34248867630958557,0.5714285714285714,0.4285714285714285,1.084087610244751,0.9340875506401062
YHHRVNY,-0.9232509136199951,0.26773667335510254,0.5714285714285714,0.1428571428571428,1.1947919130325315,1.0
YGTKQNH,1.1606491804122925,-2.54884672164917,0.7142857142857143,0.4285714285714285,1.1347709894180298,1.0
NSHPQDE,-1.4319524765014648,-4.66118049621582,0.7142857142857143,0.4285714285714285,0.5891762375831604,0.4857152234762907
YHHHSNQ,-0.7118809223175049,0.09941044449806213,0.4285714285714285,0.2857142857142857,1.201664924621582,1.0
YSHKSQI,2.0511207580566406,0.9293308854103088,0.5714285714285714,0.2857142857142857,1.6261605024337769,1.0
YYHKSEK,-0.2833336293697357,0.9286155700683594,0.4285714285714285,0.2857142857142857,1.3448643684387207,1.0
YYRKSNN,-2.734496831893921,1.0838032960891724,0.2857142857142857,0.1428571428571428,1.0667264461517334,0.8167264461517334
YLHRSEM,-0.1465827375650406,0.1252543181180954,0.5714285714285714,0.2857142857142857,1.272616982460022,1.0
DFAVQTN,-0.19394540786743164,-3.3216981887817383,0.7142857142857143,0.4285714285714285,0.8862398266792297,0.786239841580391
FGSFRDN,-0.16916067898273468,-2.5100388526916504,0.5714285714285714,0.5714285714285714,0.9788628816604614,0.828862851858139
MGKRDEN,1.4584580659866333,-3.8571059703826904,0.7142857142857143,0.4285714285714285,1.0261657238006592,0.926165708899498
YGRKSLD,1.3241676092147827,-1.0203237533569336,0.4285714285714285,0.4285714285714285,1.3232747316360474,1.0
VYHRSNE,1.5673116445541382,1.2467601299285889,0.4285714285714285,0.1428571428571428,1.6029350757598877,1.0
YYAHKAN,1.09233820438385,-0.7686565518379211,0.7142857142857143,0.2857142857142857,1.323141098022461,1.0
YPKRDEA,1.9060453176498413,-3.936993360519409,0.7142857142857143,0.4285714285714285,1.0712611675262451,0.97126122713089
TASRPNN,1.6997710466384888,-4.1631879806518555,0.7142857142857143,0.2857142857142857,1.021432399749756,0.9214323699474336
YHAYSKN,0.7861754894256592,-0.7731538414955139,0.4285714285714285,0.2857142857142857,1.285762906074524,1.0
YVHRSYK,-4.0489349365234375,0.8045017123222351,0.5714285714285714,0.2857142857142857,0.8775389790534973,0.7275389790534973
YHHPLGN,0.49007681012153625,-1.5525035858154297,0.5714285714285714,0.1428571428571428,1.1640245914459229,1.0
GHHGSDI,-0.47667863965034485,-4.241628646850586,0.7142857142857143,0.4285714285714285,0.750586211681366,0.6505862265825272
YHHRSSH,-0.5172563791275024,1.4420967102050781,0.5714285714285714,0.1428571428571428,1.3733925819396973,1.0
GSHRQGE,0.9139253497123718,-2.391385078430176,0.7142857142857143,0.4285714285714285,1.1224392652511597,1.0
YHRRSIG,-2.4414989948272705,1.1415674686431885,0.4285714285714285,0.2857142857142857,1.1084014177322388,0.9084014475345612
LHVKSNE,1.582674264907837,-2.0932536125183105,0.5714285714285714,0.4285714285714285,1.2359241247177124,1.0
YWHRFKI,-4.705549240112305,0.14799775183200836,0.7142857142857143,0.2857142857142857,0.7259383797645569,0.6259383648633957
YYHRSSW,-2.1679775714874268,1.20526123046875,0.5714285714285714,0.1428571428571428,1.1483850479125977,0.9983849883079527
MHSTAGM,0.6178342700004578,-4.623757839202881,0.7142857142857143,0.5714285714285714,0.8402341604232788,0.7380129870027303
VHHRTPS,0.18386073410511017,-0.5049355030059814,0.4285714285714285,0.4285714285714285,1.2428269386291504,1.0
YYSRKEA,1.3406225442886353,0.22572560608386993,0.7142857142857143,0.4285714285714285,1.462867021560669,1.0
AHGGDVQ,-0.14014308154582977,-4.002130508422852,0.7142857142857143,0.5714285714285714,0.8175761103630066,0.7175761252641678
YNHRQHN,-0.3347215950489044,-1.0718164443969727,0.7142857142857143,0.2857142857142857,1.117751955986023,1.0
YHHHWYN,-2.4584178924560547,0.15420781075954437,0.5714285714285714,0.2857142857142857,0.9973220825195312,0.8473221123218536
YYHRGNN,-0.6420488953590393,1.3694806098937988,0.5714285714285714,0.1428571428571428,1.3503400087356567,1.0
YVHRSHN,-0.1611054390668869,0.18361084163188934,0.5714285714285714,0.1428571428571428,1.2773122787475586,1.0
YNTNGSN,0.6644551753997803,-2.8557140827178955,0.5714285714285714,0.2857142857142857,1.041108012199402,0.8911080420017242
YVHPLSV,-1.718583106994629,-1.6621067523956299,0.4285714285714285,0.4285714285714285,0.8858567476272583,0.6858567774295807
MPAKSKN,-1.8751585483551025,-1.5328260660171509,0.7142857142857143,0.1428571428571428,0.881272554397583,0.7812725245952606
YSHSSNN,1.2270183563232422,-1.5571527481079102,0.4285714285714285,0.1428571428571428,1.2522859573364258,1.0
VGHRRTI,-3.2143750190734863,-0.2935989499092102,0.7142857142857143,0.4285714285714285,0.8568021059036255,0.7568021357059479
YHKRMGV,-2.4978904724121094,0.36175641417503357,0.7142857142857143,0.2857142857142857,1.0154881477355957,0.915488177537918
MHHRHTF,-0.9604655504226685,-0.5823503732681274,0.7142857142857143,0.2857142857142857,1.0964277982711792,0.9964277982711792
YHEMGNN,0.9861939549446106,-2.2421650886535645,0.4285714285714285,0.2857142857142857,1.1476244926452637,0.9476244926452636
YSRRDND,1.1416031122207642,-1.4910019636154175,0.4285714285714285,0.4285714285714285,1.2493019104003906,1.0
YKRRSEN,-2.4463846683502197,1.3690283298492432,0.4285714285714285,0.2857142857142857,1.1329330205917358,0.932933020591736
NHHRATN,0.5621506571769714,-0.19466236233711243,0.5714285714285714,0.2857142857142857,1.3226629495620728,1.0
YHHKDEN,1.2980830669403076,-1.5877797603607178,0.5714285714285714,0.1428571428571428,1.2574642896652222,1.0
VHKRSLQ,-2.9715161323547363,0.9606778621673584,0.5714285714285714,0.2857142857142857,1.0245766639709473,0.8745766043663025
YHDGSNT,0.5655456781387329,-3.0040674209594727,0.4285714285714285,0.2857142857142857,1.0128092765808103,0.8128092467784882
GWKRHQN,-2.533250570297241,0.2943221628665924,0.7142857142857143,0.4285714285714285,1.0037813186645508,0.903781259059906
YHHKNHN,-0.3030250370502472,0.39633452892303467,0.5714285714285714,0.1428571428571428,1.283708572387695,1.0
GHHRNRN,-3.0097928047180176,-0.11090750247240067,0.5714285714285714,0.2857142857142857,0.9016228318214417,0.7516228318214416
YNHRRSE,-0.3457654118537903,-0.6666711568832397,0.5714285714285714,0.4285714285714285,1.16116464138031,1.0
DVHISNS,0.39736080169677734,-5.050894737243652,0.7142857142857143,0.4285714285714285,0.7665033340454102,0.6501306146383286
YSHKSNE,2.019042491912842,-0.5379294753074646,0.5714285714285714,0.1428571428571428,1.4602562189102173,1.0
VNHRSEW,0.2382114827632904,-0.8271883130073547,0.5714285714285714,0.2857142857142857,1.2137856483459473,1.0
GHNRDRT,-1.053285837173462,-2.4763879776000977,0.7142857142857143,0.4285714285714285,0.8760741949081421,0.7760741651058197
MFHRQHA,-0.5842341780662537,-0.8413934707641602,0.7142857142857143,0.4285714285714285,1.113142013549805,1.0
ESASANP,-0.5688016414642334,-4.947111129760742,0.7142857142857143,0.5714285714285714,0.6615772843360901,0.548643046244979
PAHRSNN,1.2290788888931274,-2.141064167022705,0.5714285714285714,0.2857142857142857,1.1880486011505127,1.0
QHHITEE,-0.3926827311515808,-4.119274139404297,0.7142857142857143,0.4285714285714285,0.7742171883583069,0.6742172032594681
YSHMSKD,2.052555799484253,-2.4505202770233154,0.4285714285714285,0.4285714285714285,1.2530722618103027,1.0
MHHPSNN,0.195595383644104,-3.5129611492156982,0.4285714285714285,0.2857142857142857,0.9120428562164308,0.7120428413152695
YHHRSHW,-1.7621619701385498,0.8507568836212158,0.5714285714285714,0.1428571428571428,1.1581206321716309,1.0
YRHGYNN,-1.2381820678710938,-0.9146426916122437,0.5714285714285714,0.2857142857142857,1.0262755155563354,0.8762755155563354
YLRQDNF,-1.0068862438201904,-0.4578174650669098,0.5714285714285714,0.4285714285714285,1.104588747024536,0.9545886874198912
YHKRNEN,-0.295415461063385,0.29164230823516846,0.5714285714285714,0.1428571428571428,1.2730634212493896,1.0
HFRRSNN,-4.085031986236572,0.15641647577285767,0.4285714285714285,0.2857142857142857,0.8016179203987122,0.6016179352998734
YHHRKEY,-0.19519886374473572,0.6031707525253296,0.7142857142857143,0.2857142857142857,1.31954026222229,1.0
YGRKSIG,-1.9065649509429932,-0.8953878283500671,0.5714285714285714,0.4285714285714285,0.947886049747467,0.797886049747467
TFSRDAE,0.38646185398101807,-2.274643659591675,0.7142857142857143,0.5714285714285714,1.071791648864746,0.9717915892601012
YVIRRAN,-3.0337135791778564,0.2896007299423218,0.5714285714285714,0.2857142857142857,0.9429722428321838,0.7929722428321838
YNGSDNH,-0.10587729513645172,-3.522468328475952,0.7142857142857143,0.4285714285714285,0.8746764063835144,0.7746763914823532
HHRSNEN,0.7340995073318481,-1.282848834991455,0.5714285714285714,0.4285714285714285,1.2232003211975098,1.0
YSHRAAE,2.0633468627929688,-0.5009390115737915,0.5714285714285714,0.2857142857142857,1.4696784019470217,1.0
YGHHDNN,0.34025493264198303,-1.632005214691162,0.5714285714285714,0.2857142857142857,1.1371965408325195,0.9871965110301972
DNHKTLN,0.5677086710929871,-3.4930851459503174,0.7142857142857143,0.4285714285714285,0.9590641260147096,0.8590641111135483
YHGASSI,0.9752351641654968,-3.1537463665008545,0.5714285714285714,0.4285714285714285,1.0456318855285645,0.8956318855285644
YYHRHQY,-1.591931939125061,-0.28090399503707886,0.5714285714285714,0.2857142857142857,1.0536497831344604,0.9036498129367828
NMERQQG,1.9316517114639282,-5.027470111846924,0.7142857142857143,0.5714285714285714,0.9539167284965516,0.8383201375603676
YLHSLEE,-1.1573169231414795,-2.4715564250946045,0.5714285714285714,0.4285714285714285,0.8640756607055664,0.7140756905078888
YHRRAFH,-3.771399974822998,0.5763912796974182,0.5714285714285714,0.2857142857142857,0.8857800364494324,0.7357800513505935
YHMRDNG,1.508954405784607,-1.6800113916397095,0.5714285714285714,0.2857142857142857,1.2726808786392212,1.0
GYKNSAN,1.9871290922164917,-2.508331060409546,0.5714285714285714,0.2857142857142857,1.2388062477111816,1.0
VHSNPLM,-0.3144025504589081,-4.604360103607178,0.7142857142857143,0.4285714285714285,0.7300755977630615,0.6284971300512552
IKKRMDE,-0.3504089415073395,-1.4826350212097168,0.8571428571428571,0.4285714285714285,1.0704925060272217,1.0
MHNRSNN,1.2235755920410156,-2.301114797592163,0.4285714285714285,0.2857142857142857,1.1697101593017578,0.9697101294994356
YYHGSHY,-2.6306076049804688,-0.8248655796051025,0.5714285714285714,0.4285714285714285,0.8684533834457397,0.7184533834457397
YHGKGVN,2.2321462631225586,-1.7824313640594482,0.4285714285714285,0.2857142857142857,1.348488211631775,1.0
YPSHINN,1.1197041273117065,-4.202134609222412,0.5714285714285714,0.2857142857142857,0.9472541809082032,0.7972541809082031
YYHRANQ,-1.480300784111023,1.0728896856307983,0.7142857142857143,0.1428571428571428,1.216606378555298,1.0
LFHRSSS,0.18040147423744202,0.769007682800293,0.5714285714285714,0.4285714285714285,1.383100986480713,1.0
VGTRSYE,1.3614771366119385,-3.5837409496307373,0.4285714285714285,0.4285714285714285,1.0446727275848389,0.8446726679801941
YHKRLNN,-2.4611217975616455,0.592049241065979,0.4285714285714285,0.1428571428571428,1.0453503131866455,0.8453503131866456
YHSMRSV,-0.6051194667816162,-0.33124643564224243,0.7142857142857143,0.4285714285714285,1.1669652462005615,1.0
YYHRSNG,-0.8293530941009521,1.11887526512146,0.5714285714285714,0.1428571428571428,1.3001004457473757,1.0
IRHIAND,1.4995375871658325,-2.3014273643493652,0.7142857142857143,0.4285714285714285,1.2029190063476562,1.0
YYGHPSN,-0.840884804725647,-1.3580784797668457,0.7142857142857143,0.4285714285714285,1.025163650512695,0.9251636803150176
HVKRNHD,-0.6313924193382263,-0.2902962565422058,0.5714285714285714,0.4285714285714285,1.1683228015899658,1.0
YHFRSTP,-1.368123173713684,-0.055103205144405365,0.5714285714285714,0.1428571428571428,1.1055474281311035,0.9555473685264588
VYRRKNN,-3.23138165473938,1.5041934251785278,0.5714285714285714,0.2857142857142857,1.0532965660095217,0.9032965362071992
YHKSVGQ,1.8053492307662964,-0.812029242515564,0.4285714285714285,0.4285714285714285,1.404243230819702,1.0
YHRRANV,-2.9763989448547363,1.1917507648468018,0.4285714285714285,0.1428571428571428,1.04950749874115,0.8495074689388276
MYHRAYP,-2.2195663452148438,0.36102721095085144,0.5714285714285714,0.4285714285714285,1.0489356517791748,0.8989356219768524
YSAMSNN,1.6161572933197021,-1.8161977529525757,0.4285714285714285,0.2857142857142857,1.270554780960083,1.0
QHGMSAI,0.3850056529045105,-4.074121952056885,0.7142857142857143,0.4285714285714285,0.8728868961334229,0.7728869259357453
YYHRNNQ,-1.3351261615753174,0.5232142210006714,0.5714285714285714,0.1428571428571428,1.1733901500701904,1.0
YYKRTMN,-2.5234265327453613,0.4542970359325409,0.4285714285714285,0.2857142857142857,1.0226318836212158,0.8226319432258606
EHSRDLN,0.9306751489639282,-3.2714059352874756,0.5714285714285714,0.4285714285714285,1.0272700786590576,0.8772700190544128
YYHQSFI,-3.1209514141082764,-0.6288256645202637,0.5714285714285714,0.2857142857142857,0.8310348391532898,0.6810348391532898
YHHRGNE,1.4613935947418213,0.5780653953552246,0.5714285714285714,0.1428571428571428,1.5163270235061646,1.0
YSHMNKN,1.7376744747161865,-1.6409701108932495,0.4285714285714285,0.4285714285714285,1.3045449256896973,1.0
AHSKSQP,1.1980451345443726,-2.138054847717285,0.5714285714285714,0.2857142857142857,1.1846425533294678,1.0
YHHRSKP,-2.130462408065796,0.664101779460907,0.5714285714285714,0.2857142857142857,1.0931401252746582,0.9431400656700134
TSHKSNN,1.2512781620025635,-2.273106098175049,0.4285714285714285,0.1428571428571428,1.1761404275894165,0.9761404275894164
YIRSSEN,0.8828681707382202,-1.056049108505249,0.4285714285714285,0.2857142857142857,1.2661687135696411,1.0
HSKSSGE,1.2780749797821045,-3.3903887271881104,0.5714285714285714,0.4285714285714285,1.0559790134429932,0.9059790432453156
QHHRSVD,1.0188885927200317,-0.9198098182678223,0.5714285714285714,0.2857142857142857,1.2976001501083374,1.0
MKTMFLV,-1.9086811542510986,-2.71772837638855,0.7142857142857143,0.7142857142857143,0.7463769912719727,0.6463770210742951
YHRRSSE,-1.346415638923645,1.5888808965682983,0.4285714285714285,0.1428571428571428,1.2897193431854248,1.0
FHHRANN,0.16496989130973816,0.2649078965187073,0.5714285714285714,0.2857142857142857,1.3255707025527954,1.0
YLYRNLP,-2.9889485836029053,0.3094277083873749,0.5714285714285714,0.4285714285714285,0.9505544304847716,0.8005544304847717
YYKRKYA,-2.9431450366973877,1.4432523250579834,0.7142857142857143,0.4285714285714285,1.0812883377075195,0.9812883973121644
YHRRFTG,-3.446401596069336,0.9220038652420044,0.5714285714285714,0.2857142857142857,0.9630990624427797,0.8130990773439407
LYHPLTM,-2.9413952827453613,-2.6213669776916504,0.5714285714285714,0.4285714285714285,0.632614254951477,0.482614254951477
HSRRGNN,-2.9593026638031006,-0.13409478962421417,0.4285714285714285,0.4285714285714285,0.9051443338394164,0.7051443338394165
YHLRLVE,-0.03896211087703705,-0.7963366508483887,0.4285714285714285,0.4285714285714285,1.1838035583496094,0.9838034987449646
VHHSSNI,0.5385057926177979,-2.922140598297119,0.5714285714285714,0.2857142857142857,1.0185996294021606,0.868599659204483
YHHNPLH,-0.36911773681640625,-1.2263444662094116,0.7142857142857143,0.4285714285714285,1.0965428352355957,0.9965428352355956
YMHRREI,-0.949051558971405,0.08633489906787872,0.7142857142857143,0.2857142857142857,1.1716504096984863,1.0
IYNNGNM,-0.09048349410295486,-3.0440306663513184,0.5714285714285714,0.4285714285714285,0.929368019104004,0.7793680489063263
YYRRSHV,-3.3652455806732178,1.4846241474151611,0.5714285714285714,0.2857142857142857,1.0350096225738523,0.8850096225738525
YYGKQTS,1.1826187372207642,-1.4873669147491455,0.5714285714285714,0.4285714285714285,1.2546442747116089,1.0
DTSRQNN,0.7191206812858582,-4.119327545166016,0.7142857142857143,0.4285714285714285,0.9081432819366456,0.8081432968378067
YFRKGTN,-3.2802505493164062,0.3559686243534088,0.2857142857142857,0.2857142857142857,0.9206029176712036,0.6706029176712036
YHHRWNN,-0.7891837358474731,0.349448025226593,0.4285714285714285,0.1428571428571428,1.219966173171997,1.0
IYHWSRN,-2.8572795391082764,0.5426276922225952,0.5714285714285714,0.4285714285714285,0.9921697378158568,0.8421697080135345
YYKRSEP,-0.18324826657772064,1.4477914571762085,0.4285714285714285,0.2857142857142857,1.414257287979126,1.0
YYHRVFI,-3.244532346725464,0.6308957934379578,0.7142857142857143,0.2857142857142857,0.9552677869796752,0.8552678167819977
YHHRSNN,0.15554393827915192,1.2076259851455688,0.2857142857142857,0.0,1.4285463094711304,1.0
YYHRNNG,-0.8687000274658203,0.5792884230613708,0.5714285714285714,0.2857142857142857,1.2357702255249023,1.0
YYKRSEG,0.146465465426445,1.152109980583191,0.5714285714285714,0.2857142857142857,1.4213216304779053,1.0
YSHRQEW,-0.20571987330913544,-0.16616274416446686,0.7142857142857143,0.2857142857142857,1.2333097457885742,1.0
GHKHAPN,0.9743756055831909,-1.1804158687591553,0.5714285714285714,0.4285714285714285,1.263457417488098,1.0
MFHKHQH,-0.6093897819519043,-1.1170510053634644,0.7142857142857143,0.4285714285714285,1.0796687602996826,0.9796688199043274
IHHKSQG,1.036992073059082,-0.9871000051498413,0.5714285714285714,0.2857142857142857,1.2923495769500732,1.0
VHHRSAT,0.5075757503509521,-0.1671476662158966,0.5714285714285714,0.2857142857142857,1.319127321243286,1.0
YHGRSSN,1.4910115003585815,0.4508028030395508,0.4285714285714285,0.1428571428571428,1.5058404207229614,1.0
YHETNSQ,0.03585726022720337,-3.3855581283569336,0.5714285714285714,0.4285714285714285,0.9068702459335328,0.7568702310323715
HHHIGNI,-0.43486881256103516,-0.830491304397583,0.7142857142857143,0.4285714285714285,1.1323390007019043,1.0
YYHRQEE,-0.5912843942642212,0.07431018352508545,0.7142857142857143,0.2857142857142857,1.2134203910827637,1.0
YGHSKEN,1.1275008916854858,-2.4865005016326904,0.5714285714285714,0.2857142857142857,1.1376631259918213,0.987663185596466
HTSRGAN,1.3269809484481812,-2.1980130672454834,0.5714285714285714,0.2857142857142857,1.1935529708862305,1.0
YYVHGNE,-1.6204668283462524,0.1874055415391922,0.7142857142857143,0.4285714285714285,1.101931095123291,1.0
YYFASHE,-1.8720394372940063,-0.9372990727424622,0.7142857142857143,0.4285714285714285,0.9474165439605712,0.8474165439605713
QHGPRSN,0.6780572533607483,-3.1867825984954834,0.5714285714285714,0.4285714285714285,1.0061843395233154,0.856184309720993
EHRRSLN,-1.1250345706939697,-0.16240763664245605,0.4285714285714285,0.1428571428571428,1.1229803562164309,0.9229804158210756
YHRRSAE,-0.754213273525238,0.7545531988143921,0.4285714285714285,0.2857142857142857,1.2689175605773926,1.0
LSKRESM,0.7063685059547424,-3.56697678565979,0.5714285714285714,0.4285714285714285,0.9676072001457214,0.8176072150468826
YYKSKNN,-1.7360336780548096,0.47181078791618347,0.4285714285714285,0.2857142857142857,1.119418382644653,0.919418442249298
YYHRVNF,-2.240726947784424,0.7339231371879578,0.5714285714285714,0.1428571428571428,1.0875680446624756,0.9375680446624756
YHHDQHN,-0.23250165581703186,-2.175896167755127,0.5714285714285714,0.2857142857142857,1.008134365081787,0.8581343650817871
YHHRGMT,-0.5489917397499084,0.8605878949165344,0.5714285714285714,0.2857142857142857,1.305349349975586,1.0
VFHKNNN,1.6323541402816772,-1.951331615447998,0.7142857142857143,0.4285714285714285,1.257582187652588,1.0
YHHGANG,1.1842844486236572,-1.8572945594787598,0.5714285714285714,0.2857142857142857,1.2139911651611328,1.0
YHTKENL,1.1238644123077393,-2.9362142086029053,0.5714285714285714,0.4285714285714285,1.087559938430786,0.9375599086284636
MHHRLKN,-2.669189691543579,0.2380484938621521,0.5714285714285714,0.2857142857142857,0.981190860271454,0.8311908602714538
NHHRQHI,-0.897567629814148,-0.6955292224884033,0.7142857142857143,0.2857142857142857,1.091505527496338,0.9915054678916932
YFGRGSQ,0.3505624830722809,-1.5090019702911377,0.7142857142857143,0.4285714285714285,1.152022361755371,1.0
YYRKDNI,-0.7936423420906067,0.46663588285446167,0.5714285714285714,0.2857142857142857,1.2323708534240725,1.0
YVRRGNI,-2.2462353706359863,0.42331257462501526,0.5714285714285714,0.4285714285714285,1.0526015758514404,0.9026016056537628
YSHRMNL,0.13365453481674194,-0.2516912519931793,0.7142857142857143,0.2857142857142857,1.2647466659545898,1.0
YHHNGRN,0.042628951370716095,-0.12716196477413177,0.5714285714285714,0.2857142857142857,1.2675340175628662,1.0
YYHRPEN,-0.943004310131073,0.5083417892456055,0.7142857142857143,0.1428571428571428,1.2189841270446775,1.0
YHHASYE,-0.90799880027771,-1.051815390586853,0.5714285714285714,0.2857142857142857,1.0509016513824463,0.9009016513824464
WHHRSQQ,-1.4884285926818848,-0.032562505453825,0.5714285714285714,0.2857142857142857,1.0935442447662354,0.9435442745685576
WPHHDWP,-2.0495431423187256,-0.4983331561088562,0.7142857142857143,0.5714285714285714,0.974511981010437,0.8745119512081146
MHMSLNW,-3.1396992206573486,-0.9641655087471008,0.5714285714285714,0.4285714285714285,0.7917423844337463,0.6417423844337463
YKHHSPE,1.0082601308822632,-1.107263445854187,0.5714285714285714,0.4285714285714285,1.2756179571151731,1.0
YSSPKQS,1.689012050628662,-3.6516940593719482,0.7142857142857143,0.4285714285714285,1.0766242742538452,0.9766242444515228
YYKKANA,-1.0098830461502075,0.055687643587589264,0.7142857142857143,0.4285714285714285,1.160937786102295,1.0
YHWHSNN,-1.5806949138641357,-0.21180924773216248,0.2857142857142857,0.2857142857142857,1.062633991241455,0.8126340210437775
MPHGKEA,1.283565878868103,-5.0093560218811035,0.5714285714285714,0.5714285714285714,0.877846360206604,0.7128498692065477
VHHRATN,0.8168883919715881,-0.02367418445646763,0.5714285714285714,0.2857142857142857,1.3722331523895264,1.0
YHHHKTN,-0.10293670743703842,0.17910803854465485,0.5714285714285714,0.2857142857142857,1.2838221788406372,1.0
YMHMSEN,-0.8261439204216003,-1.5718821287155151,0.5714285714285714,0.1428571428571428,1.0033276081085205,0.8533275485038757
YPHKSQP,2.0474953651428223,-2.004209280014038,0.5714285714285714,0.2857142857142857,1.301751971244812,1.0
YSHRESH,0.30703118443489075,-1.7482616901397705,0.7142857142857143,0.2857142857142857,1.120355248451233,1.0
YHSRALN,1.0290567874908447,-0.06780283153057098,0.5714285714285714,0.1428571428571428,1.3929182291030884,1.0
YYHGQAD,-1.370849370956421,-0.6613527536392212,0.7142857142857143,0.4285714285714285,1.0382665395736694,0.9382665395736696
YYHREGI,-0.9364809393882751,0.8968423008918762,0.7142857142857143,0.2857142857142857,1.2626748085021973,1.0
VYHRHTG,-0.13468651473522186,1.3494426012039185,0.5714285714285714,0.2857142857142857,1.4092459678649902,1.0
YYSPQQE,-1.0393294095993042,-1.7589755058288574,0.7142857142857143,0.4285714285714285,0.9569844007492064,0.8569843709468842
YVTRYNN,-0.8594213724136353,-0.20930466055870056,0.5714285714285714,0.2857142857142857,1.149798035621643,0.999798035621643
YHHRSEV,0.7371678352355957,0.2515127658843994,0.5714285714285714,0.1428571428571428,1.3930206298828125,1.0
YWFRSNY,-3.9910926818847656,2.347989797592163,0.5714285714285714,0.2857142857142857,1.054965257644653,0.904965317249298
YSRKSAN,-1.9668478965759277,1.732710599899292,0.4285714285714285,0.2857142857142857,1.2308638095855713,1.0
WSHTTNN,0.24419176578521729,-1.998367190361023,0.5714285714285714,0.4285714285714285,1.0851644277572632,0.9351643979549408
YHHRSMY,-1.869568109512329,0.8395684361457825,0.5714285714285714,0.1428571428571428,1.143946409225464,0.9939464390277862
YNHRSND,1.5629111528396606,-1.5533838272094727,0.5714285714285714,0.1428571428571428,1.29316508769989,1.0
YHHKDNN,0.850709080696106,-1.2130179405212402,0.4285714285714285,0.1428571428571428,1.244959592819214,1.0
YHHRNMD,1.0805021524429321,-1.3534024953842163,0.5714285714285714,0.2857142857142857,1.2571375370025637,1.0
MHKRPNM,-2.486180543899536,-0.2422165721654892,0.7142857142857143,0.2857142857142857,0.9501977562904358,0.8501977562904358
YGHRSPD,1.7631021738052368,-0.8809853792190552,0.5714285714285714,0.2857142857142857,1.3915386199951172,1.0
YHHRDHN,0.07147017121315002,-0.11401591449975967,0.5714285714285714,0.1428571428571428,1.2724601030349731,1.0
VYERKAG,1.3849778175354004,-1.0712167024612427,0.5714285714285714,0.4285714285714285,1.3249796628952026,1.0
KYNRANY,-3.5478034019470215,-0.6675013899803162,0.7142857142857143,0.4285714285714285,0.7753433585166931,0.6753433734178543
YEHRYAQ,-1.8293813467025757,-1.0456911325454712,0.7142857142857143,0.2857142857142857,0.9405847787857056,0.840584808588028
YLMVSQE,-1.6566389799118042,-2.3513970375061035,0.7142857142857143,0.4285714285714285,0.8171955347061157,0.7171955347061157
QVERSEN,0.9765806198120117,-2.7257158756256104,0.7142857142857143,0.4285714285714285,1.0930644273757937,0.9930644273757936
YQHRDTY,-0.6263760328292847,-1.7201433181762695,0.7142857142857143,0.2857142857142857,1.0110187530517578,0.9110188126564026
MSHRSIG,1.214101791381836,-1.2555720806121826,0.5714285714285714,0.2857142857142857,1.2840356826782229,1.0
HHHRYTN,-1.6587311029434204,0.9468857645988464,0.5714285714285714,0.2857142857142857,1.1811964511871338,1.0
YYEGNKN,0.782636284828186,-1.1760377883911133,0.5714285714285714,0.2857142857142857,1.2408431768417358,1.0
YFARVQD,-0.7088797688484192,-0.6175764799118042,0.7142857142857143,0.4285714285714285,1.1228444576263428,1.0
VKHRNGY,-4.069136619567871,0.4606409966945648,0.5714285714285714,0.4285714285714285,0.8371304273605347,0.687130457162857
YMSRQKR,-3.9124839305877686,0.8759340643882751,0.7142857142857143,0.4285714285714285,0.9018652439117432,0.8018652439117432
HSHHSNG,-0.08315523713827133,-1.4613538980484009,0.7142857142857143,0.4285714285714285,1.1050372123718262,1.0
GHHKPVH,0.4078448712825775,-1.7637859582901,0.7142857142857143,0.2857142857142857,1.1307852268218994,1.0
YYSRSNN,0.5108199119567871,0.6452360153198242,0.4285714285714285,0.1428571428571428,1.4092354774475098,1.0
YHSPLYN,-2.0237345695495605,-2.2995710372924805,0.5714285714285714,0.4285714285714285,0.7786973714828491,0.6286973714828491
YKHQKSH,-2.869917869567871,0.2969777584075928,0.7142857142857143,0.4285714285714285,0.9635183811187744,0.863518351316452
YLHQNAI,-0.44892340898513794,-3.1547703742980957,0.7142857142857143,0.4285714285714285,0.8739593029022217,0.7739592730998993
VSNRVAD,1.7553409337997437,-4.405670166015625,0.5714285714285714,0.4285714285714285,1.001347541809082,0.8513475194573402
ISKRPTM,-1.7434968948364258,-1.7870928049087524,0.7142857142857143,0.4285714285714285,0.869052529335022,0.7690524995326996
NVAEHQN,-0.13376478850841522,-5.242238998413086,0.7142857142857143,0.5714285714285714,0.6813904047012329,0.5586782306432724
YYHRIPH,-1.0074697732925415,0.05171630159020424,0.7142857142857143,0.2857142857142857,1.160789966583252,1.0
QSSRGLK,-3.6814279556274414,-0.9886950254440308,0.7142857142857143,0.4285714285714285,0.7237747311592102,0.623774716258049
MYSHATL,-0.6469829082489014,-2.4085702896118164,0.7142857142857143,0.4285714285714285,0.9325084686279296,0.8325084686279297
YHRRKAT,-3.9464049339294434,1.4602802991867065,0.5714285714285714,0.2857142857142857,0.9623125195503236,0.8123125195503235
YHFRNGN,-0.9731100797653198,-0.00017034316260833293,0.5714285714285714,0.1428571428571428,1.159198760986328,1.0
YHGKGTP,2.036221504211426,-2.5741751194000244,0.5714285714285714,0.4285714285714285,1.2374484539031982,1.0
EHHRNNG,1.5333153009414673,-2.140249013900757,0.7142857142857143,0.2857142857142857,1.2247880697250366,1.0
YHHSPED,-0.12382525950670242,-2.9546959400177,0.5714285714285714,0.2857142857142857,0.9352174997329712,0.7852174997329712
FYHRMIE,-2.4163780212402344,-0.32335683703422546,0.5714285714285714,0.4285714285714285,0.9496455192565918,0.7996455192565918
HHHKGHN,0.35740646719932556,0.14722082018852234,0.5714285714285714,0.2857142857142857,1.3357553482055664,1.0
YVKRSNN,-1.8365933895111084,1.3773767948150635,0.4285714285714285,0.1428571428571428,1.207312822341919,1.0
YHHRWGN,-2.0337250232696533,0.8350450992584229,0.5714285714285714,0.1428571428571428,1.1236720085144043,0.973671978712082
FHHRHNN,-0.6470497250556946,0.06617496907711029,0.5714285714285714,0.2857142857142857,1.2058042287826538,1.0
GHHRSIN,-0.1374104768037796,0.015233354642987251,0.5714285714285714,0.2857142857142857,1.2615714073181152,1.0
VDHRSTN,1.2603667974472046,-3.0114834308624268,0.5714285714285714,0.2857142857142857,1.0956910848617554,0.945691055059433
HYHSGEP,0.2510271966457367,-2.8266077041625977,0.7142857142857143,0.4285714285714285,0.9945193529129028,0.8945193231105805
IYQRKEW,-0.7625145316123962,0.027860382571816444,0.7142857142857143,0.4285714285714285,1.1876635551452637,1.0
YSSRDNG,2.044203042984009,-3.205176830291748,0.7142857142857143,0.2857142857142857,1.1687239408493042,1.0
YFSRMEQ,-1.1842931509017944,0.06649227440357208,0.7142857142857143,0.2857142857142857,1.1411209106445312,1.0
YYHLHEN,-2.518247365951538,-0.2594411373138428,0.5714285714285714,0.2857142857142857,0.9444326162338256,0.794432646036148
YYHRSKN,-3.1322720050811768,1.3631049394607544,0.5714285714285714,0.1428571428571428,1.049654245376587,0.8996542453765869
YHHGSNW,-1.164744257926941,0.009154030121862888,0.4285714285714285,0.2857142857142857,1.137143611907959,0.9371435523033144
YHENAHN,0.5303865671157837,-3.149829864501953,0.4285714285714285,0.1428571428571428,0.992476224899292,0.7924762547016144
YYAKTSE,1.0362155437469482,-1.6356301307678223,0.7142857142857143,0.4285714285714285,1.2206342220306396,1.0
YHHRVHN,-0.2264164835214615,0.21993257105350494,0.5714285714285714,0.2857142857142857,1.2734558582305908,1.0
YHHKSSF,-0.09489810466766357,0.5404143929481506,0.5714285714285714,0.2857142857142857,1.3246921300888062,1.0
YYHRPAL,-1.5154342651367188,-0.6320431232452393,0.5714285714285714,0.1428571428571428,1.0240861177444458,0.8740861475467682
YHKRNNM,-2.9045326709747314,-0.14878179132938385,0.5714285714285714,0.2857142857142857,0.910120129585266,0.7601200997829437
MHHMSGN,0.715252161026001,-2.5375795364379883,0.5714285714285714,0.2857142857142857,1.0823609828948977,0.9323610424995422
LYKRSTE,0.9129363298416138,-0.6840280294418335,0.5714285714285714,0.4285714285714285,1.3108757734298706,1.0
YGHKTMT,1.649303674697876,-0.9105823636054993,0.5714285714285714,0.2857142857142857,1.3745613098144531,1.0
YAFKRTE,1.3695793151855469,-1.2332419157028198,0.5714285714285714,0.4285714285714285,1.3052310943603516,1.0
TYHHATY,-1.2526391744613647,0.7235721349716187,0.4285714285714285,0.5714285714285714,1.2054537534713743,1.0
YYVKSNN,0.9613909125328064,0.9277310371398926,0.4285714285714285,0.2857142857142857,1.494710922241211,1.0
QHHPKAI,0.39682096242904663,-2.50461483001709,0.7142857142857143,0.4285714285714285,1.0476422309875488,0.947642171382904
YWIGKHI,-3.443493366241455,0.5436522364616394,0.7142857142857143,0.4285714285714285,0.9216653108596802,0.8216653108596802
YHHRMSP,-0.1855550855398178,-0.11194658279418945,0.5714285714285714,0.1428571428571428,1.2417263984680176,1.0
IFHRGLE,-0.3157965838909149,-0.3722967505455017,0.7142857142857143,0.2857142857142857,1.197284698486328,1.0
YYMQSNN,-1.6765615940093994,-0.43133294582366943,0.4285714285714285,0.2857142857142857,1.0268419981002808,0.8268419682979584
TMGRFSQ,0.2237205058336258,-2.6292057037353516,0.7142857142857143,0.4285714285714285,1.0130304098129272,0.9130303800106048
YYSRAEN,-0.03797340765595436,0.4993138313293457,0.5714285714285714,0.2857142857142857,1.3270105123519895,1.0
HHDRHNN,0.3029792308807373,-0.8000828623771667,0.5714285714285714,0.2857142857142857,1.2245813608169556,1.0
YHHASFS,-0.6660805940628052,-0.4184122085571289,0.5714285714285714,0.2857142857142857,1.1499953269958496,0.9999952673912048
YHHRRSD,-1.6557443141937256,0.7697545289993286,0.5714285714285714,0.1428571428571428,1.161994457244873,1.0
AYHRNAN,0.21339139342308044,0.47937825322151184,0.5714285714285714,0.2857142857142857,1.3550891876220703,1.0
YHSRANN,2.113611936569214,-0.0932694599032402,0.4285714285714285,0.0,1.520755410194397,1.0
YLHKSTS,1.1830722093582153,-0.7965959310531616,0.4285714285714285,0.0,1.33098566532135,1.0
YSSKQDG,1.7081758975982666,-2.80679988861084,0.7142857142857143,0.0,1.1722404956817627,1.0
IHKRSKD,-1.3461016416549683,1.1969846487045288,0.7142857142857143,0.0,1.246477127075195,1.0
YHKNDHN,1.1180521249771118,-1.8020862340927124,0.5714285714285714,0.0,1.2121096849441528,1.0
NYHRSGM,0.03001442365348339,0.7684586048126221,0.5714285714285714,0.0,1.3649241924285889,1.0
YYHRGNF,-1.6086708307266235,0.8875570893287659,0.7142857142857143,0.0,1.1806749105453491,1.0
YYIKQPH,-0.514846682548523,-0.2983185648918152,0.7142857142857143,0.0,1.181476354598999,1.0
YHRQTMN,0.8695489764213562,-0.010728222317993641,0.4285714285714285,0.0,1.3800065517425537,1.0
MYSRYTN,-1.8185310363769531,1.2055435180664062,0.7142857142857143,0.0,1.1905118227005005,1.0
MHARSFD,0.8507554531097412,-0.9928346872329712,0.7142857142857143,0.0,1.2692816257476809,1.0
YHHRSVN,0.14893944561481476,0.8620687127113342,0.4285714285714285,0.0,1.3895883560180664,1.0
YHQRSNL,0.07104755192995071,0.07258843630552292,0.4285714285714285,0.0,1.2930172681808472,1.0
VHQRSTF,0.4711640775203705,-0.6707220077514648,0.5714285714285714,0.0,1.2591277360916138,1.0
MADRRGA,1.9326010942459106,-2.5608811378479004,0.7142857142857143,0.0,1.2264341115951538,1.0
YYHRAVN,-1.2347815036773682,0.7308207750320435,0.5714285714285714,0.0,1.2084054946899414,1.0
YYHRYNN,-0.99025958776474,0.5018534660339355,0.5714285714285714,0.0,1.2125749588012695,1.0
VYHRHNN,-0.30981335043907166,0.47588595747947693,0.5714285714285714,0.0,1.2916762828826904,1.0
YYSEFKG,0.5394202470779419,-1.088478446006775,0.7142857142857143,0.0,1.2212142944335938,1.0
QWHKDHN,0.4381858706474304,-0.9698421359062195,0.7142857142857143,0.0,1.222121000289917,1.0
HNYRGME,0.9188940525054932,-1.4502272605895996,0.7142857142857143,0.0,1.2269766330718994,1.0
YLHRTNT,0.3116801381111145,0.5150387287139893,0.7142857142857143,0.0,1.3708677291870115,1.0
NLHRSNN,1.5973751544952393,-0.5063968896865845,0.5714285714285714,0.0,1.412942886352539,1.0
DYSRSTN,0.786862313747406,-0.30579572916030884,0.5714285714285714,0.0,1.3374593257904053,1.0
YHRPDNN,1.295119285583496,-1.03633713722229,0.2857142857142857,0.0,1.318006992340088,1.0
VYSKASP,2.375335931777954,0.05619910731911659,0.5714285714285714,0.0,1.5687905550003052,1.0
VYSRGAN,1.7486071586608887,1.742592453956604,0.5714285714285714,0.0,1.6795328855514526,1.0
YHHRLST,-0.4931986629962921,0.5611154437065125,0.7142857142857143,0.0,1.2789974212646484,1.0
YHERSIE,1.2923312187194824,-1.9370249509811401,0.5714285714285714,0.0,1.2182016372680664,1.0
VYYRSHE,-0.3299960196018219,1.6262779235839844,0.4285714285714285,0.0,1.4162909984588623,1.0
YGHRSEP,1.036440372467041,0.14046378433704376,0.5714285714285714,0.0,1.4168081283569336,1.0
YYHKSNW,-1.265158772468567,1.1910135746002197,0.4285714285714285,0.0,1.255568504333496,1.0
YSTRMVN,1.4725977182388306,-2.0028269290924072,0.5714285714285714,0.0,1.2326502799987793,1.0
YYHRPNQ,-0.9708237648010254,0.5376481413841248,0.7142857142857143,0.0,1.21886944770813,1.0
VHKISNN,2.261230230331421,-1.6209715604782104,0.4285714285714285,0.0,1.369822978973389,1.0
GMHRSPY,0.4510968327522278,-0.2568720877170563,0.7142857142857143,0.0,1.3024146556854248,1.0
VYSMRSH,-1.5740963220596313,0.707636833190918,0.7142857142857143,0.0,1.1649699211120603,1.0
VFRQQTN,1.7715935707092285,-2.465390682220459,0.5714285714285714,0.0,1.217584252357483,1.0
IHHRERV,-0.49025771021842957,-0.0072625987231731415,0.7142857142857143,0.0,1.2165818214416504,1.0
YKHLGPN,1.55038583278656,-0.13767631351947784,0.4285714285714285,0.0,1.4480029344558716,1.0
YATRVNI,1.3445847034454346,-2.377840280532837,0.7142857142857143,0.0,1.175813913345337,1.0
VHRKNDY,-0.5729201436042786,0.45456886291503906,0.5714285714285714,0.0,1.257627248764038,1.0
HWHRGTG,-1.6123121976852417,1.0709812641143799,0.7142857142857143,0.0,1.200493097305298,1.0
MAYRSHE,1.6247806549072266,-1.5741242170333862,0.7142857142857143,0.0,1.2983275651931765,1.0
YHRISNN,1.5243713855743408,2.274240732192993,0.1428571428571428,0.0,1.7112343311309814,1.0
AHKPQYS,2.0148394107818604,-2.0516793727874756,0.4285714285714285,0.0,1.292575716972351,1.0
YSHKSNN,2.3222482204437256,0.21443131566047668,0.4285714285714285,0.0,1.5798702239990234,1.0
YSRSHLE,1.7480971813201904,0.6459025144577026,0.4285714285714285,0.0,1.5583562850952148,1.0
YGHSSGN,1.0569019317626953,-1.3301739692687988,0.4285714285714285,0.0,1.2568598985671997,1.0
YRHEISN,0.36280617117881775,-1.3673570156097412,0.7142857142857143,0.0,1.1691402196884155,1.0
YNHKSAQ,1.7942166328430176,-1.3030487298965454,0.5714285714285714,0.0,1.34867525100708,1.0
YHHRMHV,-0.7614650130271912,0.12668241560459137,0.7142857142857143,0.0,1.198703646659851,1.0
YHKQGHN,0.7502400875091553,-0.9277759194374084,0.4285714285714285,0.0,1.2643580436706543,1.0
IWVKNHN,0.018840553238987923,-0.11158260703086853,0.7142857142857143,0.0,1.2663888931274414,1.0
YVHRLNN,0.23185445368289948,0.750756025314331,0.5714285714285714,0.0,1.3872835636138916,1.0
YVKNGAN,2.4589667320251465,-1.9834336042404175,0.5714285714285714,0.0,1.3536138534545898,1.0
YLHRSNG,0.8788117170333862,0.9772420525550842,0.5714285714285714,0.0,1.4902310371398926,1.0
YHHRLGD,1.3855692148208618,0.143100306391716,0.5714285714285714,0.0,1.459156513214111,1.0
YAHRDEN,1.6989624500274658,-2.4425864219665527,0.5714285714285714,0.0,1.2113533020019531,1.0
YHRIQET,0.025916066020727158,-0.6268565058708191,0.5714285714285714,0.0,1.2103358507156372,1.0
YHHRYAE,0.6819239258766174,-0.30957743525505066,0.7142857142857143,0.0,1.3244004249572754,1.0
YPHKVSN,2.1962153911590576,-1.8259962797164917,0.7142857142857143,0.0,1.3393487930297852,1.0
YSRMPVN,1.8472946882247925,2.0354695320129395,0.4285714285714285,0.0,1.7237657308578491,1.0
RHHHGPN,-0.15059489011764526,-0.22436489164829254,0.5714285714285714,0.0,1.233522653579712,1.0
HHSKSNN,0.33208245038986206,-0.53141850233078,0.4285714285714285,0.0,1.2577576637268066,1.0
YFHRVNG,-1.4183919429779053,0.9713191390037537,0.7142857142857143,0.0,1.2128469944000244,1.0
YVHSTNN,0.6348530054092407,-1.110283613204956,0.5714285714285714,0.0,1.2303024530410769,1.0
VYRMGSN,1.061421275138855,-0.3107742369174957,0.5714285714285714,0.0,1.3699839115142822,1.0
THHRGSH,-0.23832431435585022,-0.15465505421161652,0.5714285714285714,0.0,1.2306530475616455,1.0
YHRPSNE,1.6620122194290161,-0.7572771310806274,0.2857142857142857,0.0,1.3930227756500244,1.0
YFHKSNF,-0.6774596571922302,1.0645278692245483,0.5714285714285714,0.0,1.3123961687088013,1.0
YKSLTFH,-0.42017289996147156,-0.587398886680603,0.7142857142857143,0.0,1.1609559059143066,1.0
YFRHDKN,-0.3049481511116028,0.01846969872713089,0.5714285714285714,0.0,1.2417466640472412,1.0
YHHRNTG,0.7998877763748169,0.02170756831765175,0.5714285714285714,0.0,1.375196933746338,1.0
MTHRVNG,2.2639801502227783,-2.721223831176758,0.7142857142857143,0.0,1.248645544052124,1.0
VHSRSEM,1.0414923429489136,-0.6735827922821045,0.5714285714285714,0.0,1.327515721321106,1.0
AHREKRQ,-1.1412309408187866,0.29419150948524475,0.7142857142857143,0.0,1.1714547872543335,1.0
YHRHSHA,-0.1401800662279129,0.9554265141487122,0.4285714285714285,0.0,1.365070104598999,1.0
HYHKGVS,0.8495060205459595,0.32118460536003113,0.5714285714285714,0.0,1.4142475128173828,1.0
YYARQNQ,-0.6365784406661987,-0.24346455931663513,0.7142857142857143,0.0,1.1728699207305908,1.0
FHSRPNN,0.793968915939331,-1.2601364850997925,0.5714285714285714,0.0,1.23292076587677,1.0
YPHKNVI,1.03959059715271,-1.3529092073440552,0.5714285714285714,0.0,1.2522637844085691,1.0
YHHKGVS,1.4940149784088135,-0.22522082924842834,0.5714285714285714,0.0,1.431544065475464,1.0
YTHNKNY,0.8005849123001099,-1.409073829650879,0.7142857142857143,0.0,1.2172695398330688,1.0
YMHRSEN,0.824670135974884,0.03704410046339035,0.5714285714285714,0.0,1.3798761367797852,1.0
QYHRNND,1.0967926979064941,-1.028527855873108,0.7142857142857143,0.0,1.2949782609939575,1.0
YSHRSSG,1.7134571075439453,-0.15115699172019958,0.5714285714285714,0.0,1.466158390045166,1.0
YSSRSNN,2.5225963592529297,-0.9731555581092834,0.4285714285714285,0.0,1.4728511571884155,1.0
YYRNQNG,0.41556012630462646,-0.18722575902938843,0.5714285714285714,0.0,1.3058254718780518,1.0
YAKVQGN,2.343907594680786,-0.8961467146873474,0.4285714285714285,0.0,1.4598302841186523,1.0
EYHKSNN,1.1180118322372437,-0.7233799695968628,0.4285714285714285,0.0,1.3312339782714844,1.0
YHRPSQE,1.5827716588974,-1.024887204170227,0.4285714285714285,0.0,1.353923201560974,1.0
YHKRSGE,0.005155842751264572,0.3575398027896881,0.5714285714285714,0.0,1.3165489435195925,1.0
YVRRESW,-0.21292756497859955,0.17221693694591522,0.7142857142857143,0.0,1.2698112726211548,1.0
TYQRAHN,0.18525677919387817,-1.1028227806091309,0.7142857142857143,0.0,1.1769663095474243,1.0
PPHRMSN,1.2329903841018677,-1.9007034301757812,0.5714285714285714,0.0,1.215064525604248,1.0
GYHRPLD,0.8233031630516052,-0.726442277431488,0.7142857142857143,0.0,1.2953941822052002,1.0
YTHRHVI,-0.7473456263542175,0.27211645245552063,0.7142857142857143,0.0,1.216465950012207,1.0
YHRRANE,-0.19002537429332733,1.141502857208252,0.4285714285714285,0.0,1.379615306854248,1.0
HKHHGNL,0.29209020733833313,0.3786236345767975,0.7142857142857143,0.0,1.3534425497055054,1.0
MWKGNNE,1.0994343757629395,-1.6176800727844238,0.7142857142857143,0.0,1.2302322387695312,1.0
NGFKWED,-1.251928687095642,0.287463903427124,0.8571428571428571,0.0,1.157376766204834,1.0
RHHREGE,-0.18434007465839386,-0.43878087401390076,0.7142857142857143,0.0,1.2057781219482422,1.0
VYRSNNT,1.827713966369629,-0.9552208185195923,0.7142857142857143,0.0,1.391123652458191,1.0
YSGRGNV,2.1705799102783203,-1.2566158771514893,0.5714285714285714,0.0,1.3991413116455078,1.0
YVSRSAN,2.213993787765503,-0.969974935054779,0.5714285714285714,0.0,1.4360270500183103,1.0
YAFRSEK,0.8961437940597534,-0.45432430505752563,0.5714285714285714,0.0,1.3342207670211792,1.0
WYHRSNE,-1.3239961862564087,0.8443892002105713,0.5714285714285714,0.0,1.210200548171997,1.0
IHHKSMY,-0.020623233169317245,0.2272731363773346,0.5714285714285714,0.0,1.2990572452545166,1.0
YHHRSGS,0.013596788048744202,0.8034504652023315,0.5714285714285714,0.0,1.3668107986450195,1.0
YHHRSTN,0.32852768898010254,1.0035626888275146,0.4285714285714285,0.0,1.4268484115600586,1.0
YSKHSVN,2.7812464237213135,-0.6127704381942749,0.4285714285714285,0.0,1.543808937072754,1.0
PYHRAAH,-1.1101772785186768,1.1830071210861206,0.7142857142857143,0.0,1.273353934288025,1.0
YYHRFNN,-1.083543062210083,0.8916803002357483,0.5714285714285714,0.0,1.2443890571594238,1.0
YHHRSNN,0.15554393827915192,1.2076259851455688,0.2857142857142857,0.0,1.4285463094711304,1.0
YHKESHA,1.539467692375183,-2.019052743911743,0.5714285714285714,0.0,1.2389137744903564,1.0
YHHRSHE,0.15670239925384521,0.536969780921936,0.5714285714285714,0.0,1.3546204566955566,1.0
YHHRSDN,0.4950352907180786,-0.16235005855560303,0.4285714285714285,0.0,1.3181464672088623,1.0
YFHKAVN,0.5217487812042236,-0.1995006650686264,0.5714285714285714,0.0,1.3172616958618164,1.0
YSRRSDG,1.566512942314148,-0.25605401396751404,0.5714285714285714,0.0,1.4368722438812256,1.0
IHHRAPG,0.5934339761734009,-1.2876943349838257,0.7142857142857143,0.0,1.2057201862335205,1.0
VYVRSTQ,0.7377209067344666,3.518004894256592,0.4285714285714285,0.0,1.7538292407989502,1.0
YLHRSTN,0.30199217796325684,1.3531224727630615,0.5714285714285714,0.0,1.4622561931610107,1.0
QMSRSEK,0.8115261197090149,-1.8403992652893066,0.7142857142857143,0.0,1.1709532737731934,1.0
YYWREEK,-1.306461215019226,0.8972498178482056,0.7142857142857143,0.0,1.218150615692139,1.0
YDHNKNW,0.1703689992427826,-1.25460946559906,0.7142857142857143,0.0,1.1584099531173706,1.0
NHHKANN,0.629318356513977,-0.49386125802993774,0.5714285714285714,0.0,1.2977116107940674,1.0
QLHRSIG,0.9356403350830078,-1.1508296728134155,0.7142857142857143,0.0,1.2620584964752195,1.0
YHSRTGN,1.5239044427871704,-0.9024340510368347,0.5714285714285714,0.0,1.3603551387786863,1.0
YHHRNNN,-0.28031638264656067,0.6082613468170166,0.4285714285714285,0.0,1.3098487854003906,1.0
AWKISNN,0.5754899382591248,-0.7527390718460083,0.5714285714285714,0.0,1.262637495994568,1.0
VHKSSNE,1.797898530960083,-2.435379981994629,0.5714285714285714,0.0,1.2240673303604126,1.0
YHHRSNE,1.427198052406311,0.960679292678833,0.4285714285714285,0.0,1.554462432861328,1.0
YHSKYHP,0.17034122347831726,-0.8272103667259216,0.7142857142857143,0.0,1.205607295036316,1.0
YHKDLNP,1.759562611579895,-1.9652413129806519,0.5714285714285714,0.0,1.2713699340820312,1.0
YSHRSAW,-1.0497794151306152,0.5979647636413574,0.5714285714285714,0.0,1.2160192728042605,1.0
YHRWDTN,-1.3423218727111816,1.3392516374588013,0.4285714285714285,0.0,1.2626440525054932,1.0
AWARKVE,-0.4858168363571167,0.1973562091588974,0.7142857142857143,0.0,1.2397141456604004,1.0
QNHRSTG,1.6583608388900757,-2.142469644546509,0.5714285714285714,0.0,1.239606261253357,1.0
YSVRSES,1.041563630104065,0.6920775175094604,0.5714285714285714,0.0,1.4783439636230469,1.0
