seq,fitness_pred,htfr1_pred,ref_dist,div_prev,reward_signal,final_score
NYSDVFI,-3.285271167755127,-1.0188965797424316,0.5714285714285714,0.5714285714285714,0.7824342250823975,0.632434195280075
PFRRHVV,-4.6544904708862305,-0.23871266841888428,0.7142857142857143,0.2857142857142857,0.7157776355743408,0.6157776206731796
NKPRSNV,-2.383906364440918,-0.8312869071960449,0.7142857142857143,0.4285714285714285,0.909605085849762,0.809605085849762
YNHTLNY,-1.8526462316513062,-2.294390916824341,0.7142857142857143,0.2857142857142857,0.7976353168487549,0.6976352870464325
NTKRSMN,-3.1940553188323975,-0.8532699942588806,0.5714285714285714,0.4285714285714285,0.8127217888832092,0.6627217888832092
YHNRDNA,1.8330326080322266,-2.8741085529327393,0.5714285714285714,0.2857142857142857,1.157655954360962,1.0
YYMAHTT,-2.4554669857025146,-0.5647084712982178,0.7142857142857143,0.2857142857142857,0.932942509651184,0.8329425096511841
YLSMSCN,-3.297196388244629,-0.6729795336723328,0.5714285714285714,0.4285714285714285,0.8221349716186523,0.6721350014209747
FAFFGGN,-1.9694093465805054,-1.3701159954071045,0.5714285714285714,0.4285714285714285,0.8938348293304443,0.7438348293304443
KTLHVST,0.18778826296329498,-3.571450710296631,0.7142857142857143,0.5714285714285714,0.8833776116371155,0.7833776116371155
YDHKMWE,-0.69822096824646,-1.1631003618240356,0.7142857142857143,0.4285714285714285,1.066344976425171,0.966344916820526
HQHRSCK,-4.151209354400635,0.9248367547988892,0.7142857142857143,0.4285714285714285,0.9125492572784424,0.8125492572784424
PIMRPYN,-1.556479573249817,-2.092541217803955,0.7142857142857143,0.2857142857142857,0.8560743927955627,0.7560743927955628
VCHRSFT,-3.554779529571533,0.7886330485343933,0.5714285714285714,0.4285714285714285,0.9657737612724304,0.8157737612724304
MYHKNNN,1.096898078918457,-0.3583429157733917,0.5714285714285714,0.2857142857142857,1.370822191238403,1.0
HNFKAYD,0.5288757681846619,-2.02964186668396,0.7142857142857143,0.2857142857142857,1.1062058210372925,1.0
QRAKKKC,-4.683589458465576,0.7831127643585205,0.8571428571428571,0.2857142857142857,0.8337652683258057,0.7837652534246444
RSVRTPK,-3.7458560466766357,0.49501797556877136,0.4285714285714285,0.5714285714285714,0.9086633920669556,0.7086633622646332
MWVWGHT,-4.850282192230225,-0.12875773012638092,0.7142857142857143,0.5714285714285714,0.7060551047325134,0.6060550823807717
FHGRSKD,-0.15509691834449768,-0.5510284304618835,0.7142857142857143,0.2857142857142857,1.2022476196289062,1.0
KDHRLTF,0.2688640058040619,-1.2590020895004272,0.7142857142857143,0.4285714285714285,1.167487382888794,1.0
SNRWKTN,-2.2929420471191406,0.025115014985203743,0.5714285714285714,0.2857142857142857,1.0219146013259888,0.8719145715236664
LQHIGDW,-1.8742045164108276,-1.69065260887146,0.7142857142857143,0.5714285714285714,0.8668394684791565,0.7668394684791565
YMSDLKY,-0.9032279849052429,-2.198638677597046,0.5714285714285714,0.4285714285714285,0.9194869995117188,0.7694869697093963
YFHRDFN,-1.7268110513687134,0.7200868725776672,0.7142857142857143,0.2857142857142857,1.1703414916992188,1.0
VYHRTRR,-4.285097599029541,2.0762200355529785,0.4285714285714285,0.4285714285714285,1.033732295036316,0.8337322801351548
MQKTEKA,1.8504878282546997,-4.15107536315918,0.7142857142857143,0.4285714285714285,1.0080074071884155,0.9080073550343514
RMPRVHN,-3.6883037090301514,-1.3315047025680542,0.7142857142857143,0.4285714285714285,0.6984037160873413,0.5984037309885025
FYKKSED,0.36026644706726074,-0.5811047554016113,0.5714285714285714,0.4285714285714285,1.258644938468933,1.0
QKDGSSE,-0.4260652959346771,-4.389157772064209,0.7142857142857143,0.5714285714285714,0.7148188352584839,0.6111121844500303
FCDHVNP,-3.5917859077453613,-0.9187397360801697,0.7142857142857143,0.4285714285714285,0.7586636543273926,0.6586636543273926
QDARQHH,0.4082672894001007,-2.7187483310699463,0.7142857142857143,0.5714285714285714,1.0103185176849363,0.9103184878826142
MFHPREE,1.0096287727355957,-3.8665542602539062,0.8571428571428571,0.4285714285714285,0.9439574480056764,0.8939574629068374
YMNRTQV,1.5002129077911377,-1.6641017198562622,0.7142857142857143,0.2857142857142857,1.2626538276672363,1.0
YYVSDRI,-1.977914571762085,0.054402220994234085,0.7142857142857143,0.4285714285714285,1.0620511770248413,0.9620511770248412
SYVRSKE,1.371252417564392,0.5352693200111389,0.5714285714285714,0.2857142857142857,1.5088915824890137,1.0
YFHRTAE,0.07047680020332336,-0.14860327541828156,0.5714285714285714,0.1428571428571428,1.276296854019165,1.0
VFKLDWN,-2.4754693508148193,0.1823498159646988,0.7142857142857143,0.4285714285714285,1.0193514823913574,0.9193514823913574
YNHRSYE,0.43270862102508545,-0.8853359818458557,0.7142857142857143,0.2857142857142857,1.2309376001358032,1.0
AFEKSTW,-1.0535298585891724,-0.6625227928161621,0.5714285714285714,0.1428571428571428,1.0844590663909912,0.9344590067863464
QYDTTNE,-0.8746311068534851,-4.035606384277344,0.5714285714285714,0.2857142857142857,0.7046172618865967,0.5546172618865967
YHMRPSN,0.6500033736228943,0.05496152862906456,0.5714285714285714,0.2857142857142857,1.367912530899048,1.0
IMVKVNC,-3.464637279510498,-0.4898393452167511,0.7142857142857143,0.5714285714285714,0.8244044780731201,0.7244045078754425
NLRRNAL,-1.7220096588134766,-2.125180959701538,0.5714285714285714,0.4285714285714285,0.8329356908798218,0.6829356610774994
YYHRKDD,-0.2911355495452881,0.06294583529233932,0.5714285714285714,0.0,1.2593462467193604,1.0
TYMFPWR,-4.8360819816589355,0.5361542105674744,0.5714285714285714,0.5714285714285714,0.7866865992546082,0.6366866067051887
QHRCSNN,-3.5779545307159424,0.7281547784805298,0.2857142857142857,0.2857142857142857,0.9558933973312378,0.7058933675289154
NWHRWPP,-4.015288352966309,2.4451630115509033,0.7142857142857143,0.2857142857142857,1.1089518070220947,1.0
VYALPVN,-1.7881617546081543,0.05080991983413696,0.7142857142857143,0.5714285714285714,1.0837048292160034,0.9837048590183258
YCHRVIP,-3.866116523742676,0.7949116826057434,0.7142857142857143,0.2857142857142857,0.9302911758422852,0.8302911907434464
YASCMVN,-3.4094998836517334,-0.6860113739967346,0.5714285714285714,0.4285714285714285,0.8075189590454102,0.6575189888477325
YHRTNRN,-2.85638427734375,0.5958620309829712,0.4285714285714285,0.2857142857142857,1.024144172668457,0.8241442024707795
YWNRGWS,-3.6143078804016113,0.9180352687835693,0.7142857142857143,0.4285714285714285,0.974217414855957,0.8742174297571182
QAHRDVG,1.177573800086975,-3.0998198986053467,0.7142857142857143,0.1428571428571428,1.054573893547058,0.9545738786458968
DKCFDRG,-2.9456498622894287,-1.3563488721847534,0.8571428571428571,0.5714285714285714,0.7818708419799805,0.7318708717823028
MLHKLRA,-1.970805048942566,-0.8513948917388916,0.7142857142857143,0.2857142857142857,0.955286741256714,0.8552867710590363
NEIVSPV,-1.1686887741088867,-4.770923137664795,0.7142857142857143,0.5714285714285714,0.583057701587677,0.4657470688223839
YLYRPGY,-3.379377841949463,0.6406290531158447,0.7142857142857143,0.2857142857142857,0.9686040878295898,0.8686040580272675
YYVPMNN,-2.8338639736175537,0.2554979920387268,0.5714285714285714,0.2857142857142857,0.9863358736038208,0.8363359034061432
YWHPIKD,-1.3163856267929077,0.22176066040992737,0.5714285714285714,0.2857142857142857,1.1589083671569824,1.0
IPKHFNN,0.5506981015205383,-1.9994245767593384,0.7142857142857143,0.4285714285714285,1.1123344898223877,1.0
YMVHKYM,-1.0315749645233154,-1.894261121749878,0.7142857142857143,0.5714285714285714,0.9407063126564026,0.8407063126564026
IHKRNVV,-2.0961010456085205,-0.6903168559074402,0.5714285714285714,0.4285714285714285,0.9598398804664612,0.8098398804664612
YSVYSMG,-1.9933414459228516,-1.964407205581665,0.5714285714285714,0.1428571428571428,0.8204593062400818,0.6704593062400818
GGHKITE,0.49822986125946045,-3.4250409603118896,0.5714285714285714,0.2857142857142857,0.936892569065094,0.7868925839662552
GEHRMSE,0.1812032014131546,-3.7517716884613037,0.5714285714285714,0.4285714285714285,0.8611925840377808,0.7111925840377807
YHYWRHS,-2.9599921703338623,0.8883674740791321,0.7142857142857143,0.4285714285714285,1.0468322038650513,0.9468322038650512
SPVFPYL,-3.488365411758423,0.44664686918258667,0.5714285714285714,0.4285714285714285,0.932880401611328,0.7828804016113281
WQSRVYL,-3.1326744556427,0.8076795339584351,0.7142857142857143,0.4285714285714285,1.0171539783477783,0.917153948545456
MCHRRTW,-4.722550868988037,1.2341275215148926,0.7142857142857143,0.4285714285714285,0.8828036785125732,0.7828036636114121
THHRTTK,-3.5610742568969727,0.9342050552368164,0.5714285714285714,0.2857142857142857,0.9823325276374816,0.8323325276374817
MVVVSKE,0.44962599873542786,-5.074054718017578,0.7142857142857143,0.2857142857142857,0.7353649139404297,0.6072523575276136
TNHKDNN,1.3616552352905273,-3.471592903137207,0.5714285714285714,0.2857142857142857,1.031834602355957,0.8818346321582794
SKIGSEG,1.8426592350006104,-4.618252277374268,0.7142857142857143,0.4285714285714285,0.9516044855117798,0.8397342015057803
TYAKMND,1.5365190505981445,-0.8561639785766602,0.5714285714285714,0.2857142857142857,1.3628464937210083,1.0
QNPYYPM,-2.7973458766937256,-0.8626564145088196,0.7142857142857143,0.5714285714285714,0.8577694892883301,0.7577694892883301
HIHRDMG,0.32110917568206787,-1.553926944732666,0.7142857142857143,0.4285714285714285,1.1385353803634644,1.0
YWHKDGE,-0.12185899913311005,-0.08616410940885544,0.7142857142857143,0.2857142857142857,1.2613325119018557,1.0
VDTCVNQ,-3.7192957401275635,-1.3257503509521484,0.7142857142857143,0.4285714285714285,0.6954808831214905,0.5954808980226517
YYRFSNN,-1.4656338691711426,0.34706562757492065,0.2857142857142857,0.2857142857142857,1.15642511844635,0.90642511844635
YYAKMNN,0.5560404658317566,-0.8034796714782715,0.5714285714285714,0.1428571428571428,1.255012035369873,1.0
IAIKSVN,1.8977030515670776,-2.1635196208953857,0.4285714285714285,0.1428571428571428,1.2495858669281006,1.0
DEKRELA,0.2659512162208557,-4.376401901245117,0.7142857142857143,0.2857142857142857,0.7968598008155823,0.6936077047139406
GHYGKRL,-3.931152582168579,-0.007672479841858149,0.7142857142857143,0.2857142857142857,0.8273913860321045,0.7273913711309433
QHHRHNA,0.31429556012153625,-0.32954099774360657,0.7142857142857143,0.1428571428571428,1.2831766605377195,1.0
IVIKDND,0.27187442779541016,-4.4774250984191895,0.7142857142857143,0.4285714285714285,0.7855494022369385,0.6786974158138037
YLFRLIF,-4.645997524261475,0.1813393384218216,0.5714285714285714,0.2857142857142857,0.766660213470459,0.616660213470459
YFHKNYN,-0.03301107883453369,-0.5758885741233826,0.5714285714285714,0.1428571428571428,1.213501214981079,1.0
VLHCSQN,-3.9250571727752686,-0.15274488925933838,0.5714285714285714,0.4285714285714285,0.8108687996864319,0.6608687847852707
HIARSND,0.7706683278083801,-3.167386054992676,0.7142857142857143,0.4285714285714285,0.999199151992798,0.8991991370916367
RKHMCRR,-5.744924545288086,1.146280288696289,0.7142857142857143,0.5714285714285714,0.7534015774726868,0.6534015774726868
RFFWQLN,-4.9623918533325195,1.1939741373062134,0.7142857142857143,0.5714285714285714,0.8501253128051758,0.7501253128051758
YYHLKWH,-1.4493104219436646,-0.7355693578720093,0.7142857142857143,0.4285714285714285,1.0297279357910156,0.9297278761863708
YYTRMEW,-2.0937659740448,1.1923305988311768,0.5714285714285714,0.2857142857142857,1.1837347745895386,1.0
EYSRSAN,1.1025416851043701,-0.6710515022277832,0.5714285714285714,0.2857142857142857,1.3343350887298584,1.0
AAHRVRT,-3.850950241088867,-0.23861730098724365,0.7142857142857143,0.2857142857142857,0.8092920780181885,0.7092920780181885
ELKKEVV,0.8749619126319885,-4.212390899658203,0.7142857142857143,0.4285714285714285,0.8872081637382507,0.7872081860899925
VSSQPAG,0.4462994635105133,-5.143983364105225,0.7142857142857143,0.1428571428571428,0.726671576499939,0.5960672090295702
WSWRNQH,-2.3265156745910645,0.7028173804283142,0.7142857142857143,0.1428571428571428,1.098506212234497,0.9985061526298524
VDVRKEG,1.3340582847595215,-3.3073673248291016,0.7142857142857143,0.1428571428571428,1.0481302738189695,0.948130303621292
FNHAWNT,-1.8975272178649902,-1.4534564018249512,0.7142857142857143,0.4285714285714285,0.892300009727478,0.7923000395298004
TLCRMSS,-3.2734320163726807,-0.534435510635376,0.7142857142857143,0.2857142857142857,0.8413567543029785,0.7413567841053009
VHSRGVD,1.9854792356491089,-2.137803554534912,0.4285714285714285,0.2857142857142857,1.2628544569015503,1.0
YYKNRQH,-3.2459499835968018,0.5314633846282959,0.7142857142857143,0.4285714285714285,0.9711635112762452,0.8711635112762451
QYLTAVE,-1.3351259231567383,-4.155134677886963,0.7142857142857143,0.2857142857142857,0.6368345618247986,0.5368345394730568
VYHRWAD,-2.4849672317504883,1.2991162538528442,0.5714285714285714,0.2857142857142857,1.1508971452713013,1.0
FHPSWLT,-3.8956265449523926,0.04637432470917702,0.7142857142857143,0.5714285714285714,0.8379450440406799,0.73794504404068
YHHNSEC,-3.5268635749816895,-1.1912988424301147,0.5714285714285714,0.2857142857142857,0.7338433265686035,0.5838433563709259
YKQENTI,0.9779273271560669,-3.0771801471710205,0.5714285714285714,0.4285714285714285,1.0340313911437988,0.8840313613414764
YEPRVQN,0.44624656438827515,-3.392336130142212,0.7142857142857143,0.4285714285714285,0.9347282648086548,0.8347282648086548
QSKCGVT,-3.5944406986236572,-0.7031192183494568,0.5714285714285714,0.2857142857142857,0.7839664220809937,0.6339664220809936
YFHRGAT,-1.0607891082763672,0.27471664547920227,0.7142857142857143,0.0,1.1949408054351809,1.0
QNKSLNN,1.233189344406128,-3.8771235942840576,0.5714285714285714,0.5714285714285714,0.9687163829803468,0.8187163978815079
SNSNSVV,0.10312119126319885,-4.1674089431762695,0.5714285714285714,0.4285714285714285,0.8027366995811462,0.6527367144823074
NSCLVYA,-4.566776752471924,0.5139876008033752,0.5714285714285714,0.5714285714285714,0.8153910040855408,0.6653910040855407
KRHRGEN,-3.326768636703491,1.593483805656433,0.5714285714285714,0.4285714285714285,1.0879071950912476,0.93790722489357
RYRRDSC,-4.267143726348877,0.27473145723342896,0.7142857142857143,0.4285714285714285,0.82183837890625,0.7218384087085724
RHGRLEP,-1.1449553966522217,-0.47350215911865234,0.7142857142857143,0.2857142857142857,1.0962724685668943,0.9962724089622498
VWTKSPT,1.0897361040115356,0.2787838280200958,0.5714285714285714,0.2857142857142857,1.4456675052642822,1.0
DHRKYDN,0.06335814297199249,-1.370916724205017,0.5714285714285714,0.2857142857142857,1.130280613899231,0.9802806437015532
THHPEYL,-1.0860706567764282,-3.047516107559204,0.7142857142857143,0.4285714285714285,0.7973799705505371,0.6973799705505371
TLNSGQF,0.6018660664558411,-4.452699184417725,0.5714285714285714,0.5714285714285714,0.8268855810165405,0.6709146421402693
HNFYGPN,-2.0096654891967773,-1.2492445707321167,0.5714285714285714,0.4285714285714285,0.9035077095031738,0.7535077095031738
HFDHDNG,0.8341348767280579,-4.728388786315918,0.7142857142857143,0.1428571428571428,0.8211665153503418,0.7053715825080872
TFHRHNT,-0.5972480773925781,-0.7356557846069336,0.7142857142857143,0.2857142857142857,1.1288669109344482,1.0
WKHWSQL,-2.5003890991210938,0.3666549026966095,0.7142857142857143,0.5714285714285714,1.0383436679840088,0.9383437275886536
VGIVDSW,-2.6391491889953613,-1.516404151916504,0.7142857142857143,0.5714285714285714,0.7985249757766724,0.69852494597435
WAHWDMW,-4.214780807495117,1.0294219255447388,0.7142857142857143,0.4285714285714285,0.9175745844841005,0.8175745695829392
ITSKTQL,1.246790885925293,-3.799687385559082,0.5714285714285714,0.2857142857142857,0.9794971346855164,0.8294971197843551
HHSNPVE,-0.12299276888370514,-4.069952487945557,0.7142857142857143,0.2857142857142857,0.7880011796951294,0.6880011945962906
HMPRAHY,-0.8444222211837769,-1.1310752630233765,0.7142857142857143,0.4285714285714285,1.0531363487243652,0.9531363487243651
YMSADQS,-0.6024628281593323,-3.1450037956237793,0.7142857142857143,0.4285714285714285,0.8420747518539429,0.7420747220516205
WYHETNW,-2.3248636722564697,-0.6732138395309448,0.7142857142857143,0.4285714285714285,0.9352516531944276,0.8352516531944275
TMKNDCE,-4.092731475830078,-0.3978012800216675,0.8571428571428571,0.4285714285714285,0.7622493505477905,0.7122493654489517
PIKRIKY,-3.5951104164123535,-0.050757598131895065,0.8571428571428571,0.2857142857142857,0.8613768815994263,0.8113768517971038
YVRQDVT,1.3270974159240723,-1.0898878574371338,0.7142857142857143,0.1428571428571428,1.3107153177261353,1.0
SHSSHNN,-0.28961336612701416,-3.0902562141418457,0.5714285714285714,0.4285714285714285,0.8849821090698242,0.7349821388721466
YMSRVFE,-1.2528568506240845,-1.453191876411438,0.7142857142857143,0.2857142857142857,0.9673478603363036,0.8673478901386261
YWKEKFK,-2.822896718978882,0.15067735314369202,0.7142857142857143,0.5714285714285714,0.9751614332199096,0.8751614034175873
YHHKSFY,-0.8839759230613708,1.0410184860229492,0.5714285714285714,0.2857142857142857,1.306537628173828,1.0
PYHSSVH,0.3943006992340088,-1.8328156471252441,0.5714285714285714,0.4285714285714285,1.1139254570007324,0.96392542719841
YVSLMFE,-3.083528995513916,-0.004125181119889021,0.5714285714285714,0.2857142857142857,0.9264456033706664,0.7764455735683441
ANLQSGR,0.755670428276062,-3.2114346027374268,0.5714285714285714,0.5714285714285714,0.9922217726707458,0.8422217726707458
HAHRPGN,0.5188363790512085,-0.5221378207206726,0.7142857142857143,0.2857142857142857,1.2841010093688965,1.0
SYVHSNI,-0.6194778680801392,1.1888833045959473,0.5714285714285714,0.2857142857142857,1.354879379272461,1.0
FHHDPWN,-2.413649559020996,-0.9957228302955627,0.7142857142857143,0.4285714285714285,0.8866121768951416,0.7866121470928192
YMHRKNG,-2.2935588359832764,0.3615565896034241,0.7142857142857143,0.1428571428571428,1.0618057250976562,0.9618057548999788
YYGIRNN,-0.018753385171294212,-1.4358372688293457,0.5714285714285714,0.2857142857142857,1.1130144596099854,0.9630144298076628
RMDTVWN,-2.471701145172119,-0.5589129328727722,0.7142857142857143,0.5714285714285714,0.9317418336868286,0.831741863489151
YHTRPNV,0.8339720368385315,-1.482421875,0.5714285714285714,0.2857142857142857,1.2067075967788696,1.0
YYDRYYF,-2.217048168182373,-1.0443778038024902,0.7142857142857143,0.4285714285714285,0.9037101864814758,0.8037101864814759
KSTRNTV,-4.248042583465576,-0.5144475102424622,0.5714285714285714,0.4285714285714285,0.7303213477134705,0.5803213477134704
QSKNVTT,1.135380744934082,-3.54934024810791,0.5714285714285714,0.5714285714285714,0.9962695240974426,0.8462695389986038
HAHETHL,-0.2474227100610733,-3.3538026809692383,0.7142857142857143,0.4285714285714285,0.8585872054100037,0.7585872203111649
YHRSMHS,-0.2396334856748581,0.3572555184364319,0.5714285714285714,0.2857142857142857,1.300297737121582,1.0
YPHFPYG,-2.3402481079101562,-0.3644379675388336,0.7142857142857143,0.0,0.9701381921768188,0.8701382219791413
PHHKAEW,0.7469589114189148,-1.5045056343078613,0.7142857142857143,0.1428571428571428,1.1939592361450195,1.0
WDSKSEE,0.14911939203739166,-2.847546100616455,0.5714285714285714,0.2857142857142857,0.9648642539978028,0.8148642539978027
THCDSYH,-3.574866771697998,-1.1135473251342773,0.5714285714285714,0.4285714285714285,0.7374929189682007,0.587492948770523
RWHRSFD,-2.290081739425659,1.1125507354736328,0.7142857142857143,0.2857142857142857,1.151414394378662,1.0
FFWSSNM,-4.294571876525879,-0.16881662607192993,0.7142857142857143,0.4285714285714285,0.7659615278244019,0.6659614980220795
TQWCTNN,-3.8558766841888428,-1.1550997495651245,0.7142857142857143,0.1428571428571428,0.6998578906059265,0.5998578757047653
VYHRAAF,-1.24012291431427,1.2494831085205078,0.5714285714285714,0.2857142857142857,1.2898567914962769,1.0
YYHSVEW,-2.665052652359009,1.106248140335083,0.7142857142857143,0.4285714285714285,1.1070326566696167,1.0
AFLRKNH,-3.6927361488342285,0.5671575665473938,0.7142857142857143,0.1428571428571428,0.9234135150909424,0.82341348528862
YVQRHMD,0.8531926870346069,-1.7019741535186768,0.7142857142857143,0.4285714285714285,1.1828655004501345,1.0
VYHGAPP,0.4892837703227997,-2.7820327281951904,0.5714285714285714,0.4285714285714285,1.0122288465499878,0.8622288465499878
MHHHFPF,-3.011904716491699,-0.8325910568237305,0.7142857142857143,0.4285714285714285,0.8363738059997559,0.7363738059997559
YHWFVWS,-4.528351306915283,1.4769575595855713,0.7142857142857143,0.4285714285714285,0.9342451095581056,0.8342451393604279
HMPMADN,-0.5299287438392639,-3.949207067489624,0.7142857142857143,0.4285714285714285,0.754990816116333,0.654990816116333
ERHVVIC,-3.7325708866119385,-1.532710313796997,0.7142857142857143,0.5714285714285714,0.669353187084198,0.569353187084198
YKKMRQM,-3.233948230743408,0.532063901424408,0.7142857142857143,0.4285714285714285,0.972631335258484,0.8726313650608063
LHLHGRM,-0.891545295715332,-1.2767935991287231,0.4285714285714285,0.4285714285714285,1.0303442478179932,0.830344307422638
VAHGSEN,-0.24726174771785736,-3.9856150150299072,0.5714285714285714,0.4285714285714285,0.7835585474967957,0.6335585325956344
VRRWWPR,-4.775567531585693,2.112468957901001,0.7142857142857143,0.4285714285714285,0.9809648990631104,0.8809649139642716
HKAYKWV,-4.156802654266357,-0.7862532734870911,0.5714285714285714,0.5714285714285714,0.7086529731750488,0.5586530029773712
ELNKSHE,1.7621599435806274,-4.523982048034668,0.7142857142857143,0.1428571428571428,0.9534348845481871,0.8449238318949938
DQMRSNA,1.2659343481063843,-3.6351935863494873,0.7142857142857143,0.4285714285714285,1.0012634992599487,0.9012634992599488
HHGKLPD,1.2258131504058838,-3.0826799869537354,0.4285714285714285,0.2857142857142857,1.0622230768203735,0.8622230470180512
LGHTSPI,0.3153957724571228,-3.8819949626922607,0.5714285714285714,0.5714285714285714,0.8613396883010864,0.711339658498764
YFIRIGH,-3.4972026348114014,-0.23678569495677948,0.7142857142857143,0.4285714285714285,0.8506730794906616,0.750673109292984
VHVRLGD,1.0864284038543701,-2.6572682857513428,0.5714285714285714,0.2857142857142857,1.0965347290039062,0.9465346693992616
CSEPNTT,-4.200581073760986,-0.744176983833313,0.7142857142857143,0.7142857142857143,0.7085566520690918,0.6085566818714142
YHRNPRE,-0.4765123426914215,-0.15616711974143982,0.5714285714285714,0.4285714285714285,1.2117486000061035,1.0
MHERWIM,-3.073744535446167,-0.9416609406471252,0.7142857142857143,0.2857142857142857,0.8162224292755127,0.7162224292755127
YAIKSVQ,1.8666322231292725,-1.8995004892349243,0.5714285714285714,0.1428571428571428,1.2773308753967283,1.0
CFSRKSA,-3.4753479957580566,1.251020908355713,0.5714285714285714,0.4285714285714285,1.0299397706985474,0.879939740896225
YHVRLIF,-3.4974775314331055,-0.6122146248817444,0.7142857142857143,0.1428571428571428,0.806047260761261,0.706047260761261
GAHRNWN,-0.3766196072101593,-0.22339054942131042,0.7142857142857143,0.2857142857142857,1.2153875827789309,1.0
VHQRANA,1.7999526262283325,-3.112853527069092,0.7142857142857143,0.1428571428571428,1.125448226928711,1.0
LKSRATC,-3.860656261444092,0.09810713678598404,0.7142857142857143,0.4285714285714285,0.8481591939926147,0.748159208893776
YAMYASN,-1.8238404989242554,-2.1251699924468994,0.5714285714285714,0.2857142857142857,0.8210874795913696,0.671087509393692
VVFRQTA,0.6480054259300232,-1.7221157550811768,0.5714285714285714,0.5714285714285714,1.1565966606140137,1.0
YMDRAWN,-2.089055299758911,-0.7229556441307068,0.5714285714285714,0.2857142857142857,0.956782877445221,0.8067828774452209
YVHHQNI,-0.33627229928970337,-2.005483627319336,0.7142857142857143,0.0,1.0084033012390137,0.908403331041336
VRVRFQN,-2.7143094539642334,-0.5012603402137756,0.5714285714285714,0.2857142857142857,0.910359025001526,0.7603590250015259
YFNREWG,-1.3257412910461426,1.1115134954452515,0.7142857142857143,0.1428571428571428,1.2635056972503662,1.0
TYYKYQF,-1.4345707893371582,0.19527697563171387,0.5714285714285714,0.5714285714285714,1.1420100927352903,0.9920100927352904
HNMPSNG,0.8397085070610046,-4.413041591644287,0.7142857142857143,0.5714285714285714,0.8592723608016968,0.7547146175056696
VYHMSNN,-0.34852513670921326,-1.2648694515228271,0.5714285714285714,0.2857142857142857,1.094948649406433,0.9449486792087556
THSRGSS,1.2779101133346558,-2.5718817710876465,0.5714285714285714,0.2857142857142857,1.1289585828781128,0.9789585828781128
TVGRHHL,0.085490882396698,-2.223939895629883,0.5714285714285714,0.4285714285714285,1.031532883644104,0.881532883644104
GMHRHND,0.839629054069519,-2.7315099239349365,0.8571428571428571,0.2857142857142857,1.058997631072998,1.0
TYFRSGN,-0.9979256987571716,0.4134158194065094,0.4285714285714285,0.2857142857142857,1.2187306880950928,1.0
IFMRLYN,-4.520476341247559,0.8686527609825134,0.7142857142857143,0.1428571428571428,0.8629063367843628,0.7629063069820404
FVYRLWW,-4.436091899871826,0.9609450101852417,0.7142857142857143,0.4285714285714285,0.88368821144104,0.7836882263422013
YHHVYQS,-1.897747278213501,-0.3609117567539215,0.7142857142857143,0.4285714285714285,1.0220482349395752,0.9220482051372528
MHKMSNV,2.022287130355835,-1.5936347246170044,0.5714285714285714,0.2857142857142857,1.3317747116088867,1.0
YWWHPPL,-4.472606658935547,0.6502451300621033,0.7142857142857143,0.4285714285714285,0.8425338864326477,0.7425338715314865
FHTYVEN,-1.9352577924728394,-1.335623025894165,0.7142857142857143,0.4285714285714285,0.90190589427948,0.8019059240818024
MRLTEKD,1.0781006813049316,-3.8649673461914062,0.7142857142857143,0.4285714285714285,0.9521136283874512,0.8521135985851288
SHSCVAE,-3.899503469467163,-1.0986676216125488,0.7142857142857143,0.5714285714285714,0.7014843821525574,0.6014843672513962
LYQGMPY,-2.851639986038208,-1.3108367919921875,0.7142857142857143,0.5714285714285714,0.7982162237167358,0.6982162237167359
YYEKSNV,0.9402571320533752,-1.1287436485290527,0.4285714285714285,0.2857142857142857,1.2610856294631958,1.0
AWWRFHP,-4.425327777862549,2.300441026687622,0.5714285714285714,0.5714285714285714,1.044047713279724,0.8940477430820465
RQDRTPS,1.018743634223938,-4.351428508758545,0.5714285714285714,0.5714285714285714,0.887424111366272,0.7350618977099657
VDHLNQQ,-0.03610612452030182,-4.626458168029785,0.7142857142857143,0.1428571428571428,0.73200923204422,0.6198465529829263
NPRRKMA,-2.5723495483398438,-0.24962382018566132,0.7142857142857143,0.4285714285714285,0.9567677974700928,0.8567677676677704
YYHRFNN,-1.083543062210083,0.8916803002357483,0.5714285714285714,0.1428571428571428,1.265576720237732,1.0
YWSPQRN,-1.8584893941879272,0.5047533512115479,0.7142857142857143,0.2857142857142857,1.129441261291504,1.0
YYEEMYH,-2.9991369247436523,-1.7061890363693237,0.7142857142857143,0.5714285714285714,0.7340924739837646,0.6340924441814423
SGHRSFI,-0.6691579222679138,-1.0207442045211792,0.5714285714285714,0.4285714285714285,1.0866360664367676,0.9366360366344452
YYSSDSG,-1.6283479928970337,-2.9297091960906982,0.5714285714285714,0.2857142857142857,0.748271644115448,0.598271644115448
WYIKVPW,-3.3312346935272217,0.9160050749778748,0.7142857142857143,0.4285714285714285,1.006915807723999,0.9069157779216768
YAKQISE,2.3492302894592285,-1.708363652229309,0.5714285714285714,0.1428571428571428,1.3561913967132568,1.0
YHFVTNA,-1.241671085357666,-0.7712231874465942,0.5714285714285714,0.4285714285714285,1.049654483795166,0.8996545433998108
YWSRHFG,-3.1821486949920654,1.0578463077545166,0.7142857142857143,0.4285714285714285,1.0411120653152466,0.9411120355129242
DEPKNYN,0.14859223365783691,-3.298525094985962,0.7142857142857143,0.4285714285714285,0.911234974861145,0.8112349897623062
CHHYKVP,-3.2087419033050537,-0.07408502697944641,0.7142857142857143,0.4285714285714285,0.9035653471946716,0.8035653471946717
YHSRTGN,1.5239044427871704,-0.9024340510368347,0.5714285714285714,0.0,1.3558825254440308,1.0
TLHYHTN,-1.0862232446670532,-1.6861772537231445,0.5714285714285714,0.4285714285714285,0.9590637683868408,0.8090637385845184
YTHRELE,0.7357136011123657,-2.5105550289154053,0.7142857142857143,0.4285714285714285,1.073150873184204,0.973150873184204
EAWRWNW,-4.300131320953369,0.10384567826986313,0.7142857142857143,0.4285714285714285,0.7977017760276794,0.6977017760276795
WMHKDDW,-0.6360996961593628,-0.0954151302576065,0.7142857142857143,0.4285714285714285,1.200394630432129,1.0
MGEDHPW,-0.7575953006744385,-2.4211578369140625,0.5714285714285714,0.5714285714285714,0.9100022315979004,0.7600022614002228
FHHKDPP,0.840817391872406,-2.610175132751465,0.7142857142857143,0.4285714285714285,1.0735481977462769,0.9735481977462768
YAHMVDV,-1.7636946439743042,-1.5337167978286743,0.7142857142857143,0.5714285714285714,0.8983398675918579,0.7983398973941803
YHRRSQF,-3.4621996879577637,1.1917577981948853,0.4285714285714285,0.2857142857142857,1.0244303941726685,0.8244303643703461
YMSARGP,2.2044293880462646,-3.1162495613098145,0.7142857142857143,0.4285714285714285,1.1721113920211792,1.0
SKRTVRT,-3.2917845249176025,-0.5827639698982239,0.5714285714285714,0.4285714285714285,0.8334805965423584,0.6834806263446808
AYPRPNT,1.4204930067062378,-1.7483896017074585,0.7142857142857143,0.4285714285714285,1.2433655261993408,1.0
IHGRSDW,-0.2552962601184845,-0.7550894021987915,0.7142857142857143,0.1428571428571428,1.1663494110107422,1.0
YHDGTFN,-0.862708568572998,-0.8911446928977966,0.5714285714285714,0.2857142857142857,1.0795077085494995,0.9295077085494996
VMDEAYP,-1.0406582355499268,-3.927220582962036,0.7142857142857143,0.2857142857142857,0.6981719136238098,0.598171928524971
DYSRSTN,0.786862313747406,-0.30579572916030884,0.5714285714285714,0.0,1.3409868478775024,1.0
YYTKVIN,-1.1375386714935303,-0.23119427263736725,0.7142857142857143,0.2857142857142857,1.1259170770645142,1.0
YLHRKNN,-2.603459596633911,0.6860142946243286,0.5714285714285714,0.1428571428571428,1.0642839670181274,0.914283937215805
TKHMENG,1.031530499458313,-4.124599933624268,0.7142857142857143,0.2857142857142857,0.9158550500869752,0.8158550351858139
LYMYSCG,-3.9790523052215576,0.37163054943084717,0.7142857142857143,0.5714285714285714,0.8668716549873352,0.7668716549873352
YMHRMYE,-1.44764244556427,-0.9617791175842285,0.7142857142857143,0.2857142857142857,1.0030524730682373,0.9030524730682372
YHHRQWN,-0.8498727679252625,0.19157525897026062,0.5714285714285714,0.2857142857142857,1.2096081972122192,1.0
SCHRSMM,-4.006758213043213,1.1046464443206787,0.5714285714285714,0.4285714285714285,0.9507162570953368,0.8007162421941757
YWGRFNN,-2.432079315185547,0.9851110577583313,0.5714285714285714,0.1428571428571428,1.11975359916687,0.9697535395622252
AFKDYRI,-1.2250629663467407,-0.9184242486953735,0.7142857142857143,0.4285714285714285,1.034102439880371,0.9341024398803712
IHRITDN,0.9067456126213074,0.20916737616062164,0.5714285714285714,0.1428571428571428,1.416104793548584,1.0
RYHCYQG,-3.539039373397827,1.2847429513931274,0.5714285714285714,0.4285714285714285,1.026533842086792,0.8765339016914367
YAEKPGW,-0.9904101490974426,-1.6532161235809326,0.7142857142857143,0.2857142857142857,0.9741280674934388,0.8741280674934387
YHHRTLP,-0.4613856375217438,0.4769812226295471,0.7142857142857143,0.2857142857142857,1.28871488571167,1.0
ILNRLHP,0.1578599065542221,-2.946107864379883,0.5714285714285714,0.5714285714285714,0.954173982143402,0.8041739821434021
AYQVYEK,-0.22614775598049164,-0.8614326119422913,0.8571428571428571,0.2857142857142857,1.1571097373962402,1.0
LIHPWLP,-4.089543342590332,-1.0331889390945435,0.5714285714285714,0.4285714285714285,0.6871482133865356,0.5371482282876968
VDEHHKV,1.4280425310134888,-3.7436418533325195,0.7142857142857143,0.5714285714285714,1.007245421409607,0.907245436310768
FHANNQA,0.5038330554962158,-4.800137519836426,0.8571428571428571,0.5714285714285714,0.7742088437080383,0.705857178941369
TMHRSQK,-3.873929262161255,0.3425125181674957,0.5714285714285714,0.4285714285714285,0.8756455183029175,0.7256455034017563
WHRMSYA,-2.872443199157715,0.4050433933734894,0.5714285714285714,0.4285714285714285,0.9996099472045898,0.8496099174022674
HLRPGAR,-3.6935927867889404,-0.8046097755432129,0.7142857142857143,0.4285714285714285,0.7603735327720642,0.6603735327720642
HRMRVVD,-0.6739344596862793,-0.6746655702590942,0.7142857142857143,0.4285714285714285,1.127187967300415,1.0
YFQKNIT,-0.37729406356811523,-1.446309208869934,0.7142857142857143,0.4285714285714285,1.0700494050979614,0.9700493752956392
YHKRTTI,-3.1739344596862793,0.5361638069152832,0.5714285714285714,0.4285714285714285,0.9801018238067628,0.8301018238067627
YWCRVPN,-4.7107954025268555,1.8354071378707886,0.5714285714285714,0.2857142857142857,0.9555923342704772,0.8055923119187355
YHDFSFE,-1.9990322589874268,-1.673742651939392,0.5714285714285714,0.4285714285714285,0.854322612285614,0.704322612285614
PHHNSFM,-0.39016780257225037,-2.4525856971740723,0.7142857142857143,0.4285714285714285,0.9490245580673218,0.8490245282649994
ALSKHNW,1.1341631412506104,-1.2136147022247314,0.7142857142857143,0.4285714285714285,1.2735681533813477,1.0
QIHPHNT,0.2198716253042221,-3.5251963138580322,0.8571428571428571,0.2857142857142857,0.8926051259040833,0.842605111002922
AYHGCEE,-4.358914375305176,-0.9244621396064758,0.7142857142857143,0.4285714285714285,0.6687178015708923,0.5687178015708924
EYEPVTD,-0.5420135259628296,-3.494763135910034,0.7142857142857143,0.2857142857142857,0.8075640201568604,0.707563990354538
MHSWPTV,-3.149219512939453,-0.1595565378665924,0.7142857142857143,0.4285714285714285,0.9003391861915588,0.8003391861915589
NSSDDNR,-0.7236228585243225,-4.158809185028076,0.7142857142857143,0.4285714285714285,0.7075549960136414,0.6075549960136414
MHSKAIL,1.2713942527770996,-2.9961986541748047,0.7142857142857143,0.4285714285714285,1.0777994394302368,0.9777994394302368
VHYMQSN,-0.7026206851005554,-2.0585010051727295,0.5714285714285714,0.4285714285714285,0.959476113319397,0.8094761431217193
IGDRKVN,1.4090276956558228,-2.6831421852111816,0.5714285714285714,0.4285714285714285,1.131000280380249,0.981000280380249
QSVSSGK,0.14019683003425598,-4.211335182189941,0.5714285714285714,0.2857142857142857,0.8018333911895752,0.6518334060907364
YHLPQAT,0.6210019588470459,-2.743706226348877,0.7142857142857143,0.2857142857142857,1.0321085453033447,0.9321086049079896
YYKNIQP,-0.3175293803215027,-0.0950194001197815,0.5714285714285714,0.5714285714285714,1.2375117540359497,1.0
YQTRCFW,-4.051095008850098,0.47793468832969666,0.7142857142857143,0.4285714285714285,0.8711154460906982,0.7711154162883759
MYHRRTE,-0.5010564923286438,0.07600507140159607,0.5714285714285714,0.2857142857142857,1.2364702224731443,1.0
KYHRNVW,-4.4777607917785645,0.9433110356330872,0.5714285714285714,0.4285714285714285,0.8767448663711548,0.7267448961734772
YSHGNQM,1.2462807893753052,-2.1770718097686768,0.5714285714285714,0.4285714285714285,1.172174096107483,1.0
RMGRHNN,-3.6610801219940186,-0.8023640513420105,0.7142857142857143,0.4285714285714285,0.7644236087799072,0.6644235789775849
CNKKIIG,-3.3174657821655273,-1.1879019737243652,0.5714285714285714,0.5714285714285714,0.7586132287979126,0.6086132287979126
YYILKNN,-1.4436618089675903,-0.5459025502204895,0.4285714285714285,0.4285714285714285,1.0529139041900637,0.8529139637947083
SDHNGYN,-0.6990339159965515,-3.103301763534546,0.7142857142857143,0.4285714285714285,0.835790753364563,0.735790753364563
YHMRATR,-3.9273111820220947,0.5914157032966614,0.7142857142857143,0.2857142857142857,0.8989987969398499,0.7989988118410111
YHKMDHT,0.756281852722168,-1.2939460277557373,0.5714285714285714,0.2857142857142857,1.2200546264648438,1.0
FYHRGDD,-0.31103384494781494,0.48100021481513977,0.5714285714285714,0.2857142857142857,1.3066879510879517,1.0
YMTRDSQ,0.46820199489593506,-2.434739112854004,0.7142857142857143,0.4285714285714285,1.0510276556015017,0.951027685403824
KMLNFSY,-2.899388074874878,-1.0594676733016968,0.7142857142857143,0.5714285714285714,0.822517991065979,0.722517991065979
AFYWPEE,-3.9107205867767334,1.0738965272903442,0.7142857142857143,0.4285714285714285,0.958238959312439,0.8582389891147614
RPDRSQE,0.5642115473747253,-4.244488716125488,0.5714285714285714,0.4285714285714285,0.847235381603241,0.6972353965044021
WHIRAAQ,-1.7323663234710693,-0.475546658039093,0.7142857142857143,0.4285714285714285,1.0276761054992676,0.92767613530159
AHHRANS,0.5206286311149597,-0.5559853911399841,0.5714285714285714,0.0,1.2802889347076416,1.0
IYHEINI,-1.742920160293579,-2.1750264167785645,0.5714285714285714,0.4285714285714285,0.8245817422866821,0.6745817422866821
DRDRSFM,-0.43761155009269714,-2.2964730262756348,0.7142857142857143,0.5714285714285714,0.9620469808578492,0.8620470106601715
YNCLANA,-2.87009859085083,-0.8996549248695374,0.5714285714285714,0.4285714285714285,0.8449090123176575,0.6949090123176574
VIHRDTC,-3.2623612880706787,-0.736320436000824,0.7142857142857143,0.2857142857142857,0.8186647891998291,0.7186648190021515
LGMRPAA,2.038104772567749,-4.143350124359131,0.5714285714285714,0.4285714285714285,1.0307568311691284,0.8807568460702896
SFIKDLV,-1.2155299186706543,-0.9489424824714661,0.7142857142857143,0.5714285714285714,1.0315866470336914,0.9315867066383362
YIYCQMS,-4.486117362976074,-0.04391071945428848,0.7142857142857143,0.4285714285714285,0.7585090398788452,0.6585090547800064
MQYRSVT,0.6684090495109558,-1.0781444311141968,0.7142857142857143,0.2857142857142857,1.2354625463485718,1.0
TYIKDQP,0.6854081153869629,-2.390517473220825,0.5714285714285714,0.5714285714285714,1.0815553665161133,0.9315553665161131
MQHKVSR,-3.747241497039795,-0.34116607904434204,0.7142857142857143,0.4285714285714285,0.8091791868209839,0.7091791719198227
MTSHYAC,-3.592372179031372,-0.5719308853149414,0.7142857142857143,0.4285714285714285,0.7997899055480957,0.6997898757457733
VHHRAIN,0.8603863716125488,0.40277352929115295,0.5714285714285714,0.0,1.4337071180343628,1.0
IRIFLNN,-2.022042751312256,-2.340510129928589,0.7142857142857143,0.2857142857142857,0.772445559501648,0.6724455296993256
GLKRKPE,-1.2952150106430054,-0.5786468386650085,0.7142857142857143,0.4285714285714285,1.066298484802246,0.9662984251976012
HFGRSKW,-4.719627380371094,0.7225810885429382,0.7142857142857143,0.2857142857142857,0.8223816752433777,0.7223816901445389
HHHRHNN,-0.5538091063499451,0.5094547271728516,0.5714285714285714,0.1428571428571428,1.2818174362182615,1.0
IRCVYVT,-3.6750926971435547,0.001697732601314783,0.7142857142857143,0.5714285714285714,0.8583004474639893,0.7583004623651505
NDHWTLP,-2.9883222579956055,-0.7927780747413635,0.7142857142857143,0.2857142857142857,0.8438469767570496,0.7438469767570496
YAEKKGW,0.49132785201072693,-1.633677363395691,0.7142857142857143,0.1428571428571428,1.1488697528839111,1.0
YCKRSGV,-3.7223281860351562,0.9902102947235107,0.5714285714285714,0.1428571428571428,0.9702207446098328,0.8202207446098327
YWWSSVT,-4.2765045166015625,1.4260469675064087,0.5714285714285714,0.4285714285714285,0.9575037956237792,0.8075037807226181
YDSFSDD,-1.3766043186187744,-1.4783402681350708,0.5714285714285714,0.4285714285714285,0.949961006641388,0.7999610066413879
GYHRVES,0.649429440498352,-1.3796395063400269,0.5714285714285714,0.2857142857142857,1.1974420547485352,1.0
YNNPNIS,0.815772533416748,-3.40065860748291,0.7142857142857143,0.4285714285714285,0.976739227771759,0.8767392128705979
YKSAAHG,1.9727888107299805,-2.2152884006500244,0.7142857142857143,0.4285714285714285,1.2521740198135376,1.0
YQRRIEG,0.8525833487510681,-1.5323600769042969,0.7142857142857143,0.4285714285714285,1.2029415369033811,1.0
IIHKKQQ,-2.273902177810669,-0.5744143128395081,0.7142857142857143,0.4285714285714285,0.9529173374176024,0.8529173076152802
PYKQRSN,-1.7518866062164307,-0.6619674563407898,0.7142857142857143,0.2857142857142857,1.0032613277435305,0.9032613873481752
YYCRQWE,-3.7913265228271484,1.5404483079910278,0.7142857142857143,0.4285714285714285,1.0275497436523438,0.9275497436523438
IVGRYDS,0.3736231029033661,-2.6300418376922607,0.7142857142857143,0.5714285714285714,1.0168237686157229,0.9168237984180452
YYHRMEV,-2.3724868297576904,0.21407005190849304,0.5714285714285714,0.4285714285714285,1.0351027250289917,0.8851027250289917
YSRPDEQ,0.2394474446773529,0.092173732817173,0.5714285714285714,0.4285714285714285,1.3245587348937988,1.0
QHSRLAN,1.095552921295166,-2.239729404449463,0.5714285714285714,0.2857142857142857,1.1471922397613523,0.99719220995903
QTRCHGN,-4.172328948974609,-0.389650821685791,0.7142857142857143,0.5714285714285714,0.7539552450180054,0.6539552450180054
YHSEMVQ,-0.13983164727687836,-3.1219868659973145,0.7142857142857143,0.4285714285714285,0.8986423015594482,0.7986423015594483
THHENVE,-0.3772140145301819,-4.318613052368164,0.7142857142857143,0.1428571428571428,0.7288827896118164,0.6276899490505456
YKARHAE,-0.17014139890670776,-0.48310980200767517,0.5714285714285714,0.4285714285714285,1.208564519882202,1.0
SRLLEYT,-1.086444616317749,-2.5405328273773193,0.7142857142857143,0.4285714285714285,0.8575564622879028,0.7575564920902252
FTDHQNG,0.4833686649799347,-5.116220474243164,0.7142857142857143,0.4285714285714285,0.7342828512191772,0.6046677622012794
YSNAANI,1.1605770587921143,-2.9652230739593506,0.5714285714285714,0.4285714285714285,1.068583607673645,0.918583607673645
ASLPCPY,-3.571761131286621,-1.0937076807022095,0.5714285714285714,0.4285714285714285,0.7402108907699585,0.5902109205722809
YFIYLNM,-3.9337210655212402,0.17779268324375153,0.7142857142857143,0.1428571428571428,0.8491222858428955,0.7491222560405731
YTFSNQF,-2.695401430130005,-0.6489477753639221,0.5714285714285714,0.4285714285714285,0.8950167894363403,0.7450167596340179
VYWRYMG,-4.374863147735596,1.8815290927886963,0.4285714285714285,0.4285714285714285,1.000161051750183,0.8001610964536667
MHHPAEN,-0.07975238561630249,-4.301833152770996,0.7142857142857143,0.2857142857142857,0.7654897570610046,0.6648948717862367
YRSFSHV,-2.1350090503692627,-0.009392498061060905,0.5714285714285714,0.4285714285714285,1.0361933708190918,0.8861934304237366
YKKRHVV,-3.032475709915161,0.8686462640762329,0.7142857142857143,0.4285714285714285,1.0360552072525024,0.9360552072525024
VYHWIKD,-2.5507285594940186,0.4365282952785492,0.7142857142857143,0.2857142857142857,1.0407856702804563,0.9407856702804566
YAHRDVW,-1.1464977264404297,-0.5369192361831665,0.7142857142857143,0.0,1.0885603427886963,0.9885602831840516
MHHFEKK,-1.1409989595413208,-0.27214309573173523,0.7142857142857143,0.5714285714285714,1.1206505298614502,1.0
WSHRSTN,0.3478044867515564,-0.6359958052635193,0.5714285714285714,0.2857142857142857,1.2506747245788574,1.0
WRHIATY,-3.1227705478668213,0.21350032091140747,0.7142857142857143,0.4285714285714285,0.9477291107177734,0.8477290809154511
PDHDRVQ,0.8495123386383057,-4.178299903869629,0.8571428571428571,0.5714285714285714,0.8882961273193359,0.8382960975170135
AYRGLGC,-3.662445068359375,-0.9787724018096924,0.7142857142857143,0.1428571428571428,0.743310809135437,0.6433107942342758
FHVQTGA,0.9100522994995117,-4.5053935050964355,0.7142857142857143,0.5714285714285714,0.8564881682395935,0.7486395444720984
YPIINNM,-1.7518839836120605,-3.241931915283203,0.7142857142857143,0.4285714285714285,0.6968103051185608,0.5968102902173996
THSRPVE,1.3880760669708252,-3.1865925788879395,0.5714285714285714,0.1428571428571428,1.068761706352234,0.9187617361545564
LKSKSAM,-3.073265552520752,-1.2784368991851807,0.5714285714285714,0.2857142857142857,0.7762755155563354,0.626275485754013
MRHRGEC,-3.7392172813415527,-0.302863746881485,0.7142857142857143,0.4285714285714285,0.814662516117096,0.714662516117096
YWTMKTS,-1.910069465637207,0.6264994740486145,0.5714285714285714,0.4285714285714285,1.1379003524780271,0.9879003822803496
YMTRNFE,-0.23590102791786194,-1.3623462915420532,0.7142857142857143,0.4285714285714285,1.096475601196289,0.996475660800934
KERPLEN,0.41216614842414856,-4.517431259155273,0.7142857142857143,0.4285714285714285,0.7971222996711731,0.6888447191566229
YRDGIEQ,0.4474300444126129,-2.893200159072876,0.7142857142857143,0.5714285714285714,0.9941539764404296,0.8941540062427521
PHHRAVR,-3.8760945796966553,0.0920059084892273,0.5714285714285714,0.2857142857142857,0.8456380367279053,0.6956380069255829
YYHMLMI,-3.843229055404663,-0.5338958501815796,0.7142857142857143,0.4285714285714285,0.7751169800758362,0.675116965174675
YGYQNQE,-1.828400731086731,-1.1918810606002808,0.7142857142857143,0.4285714285714285,0.9314141273498536,0.8314140975475312
LPHRSMK,-4.074684143066406,-0.6494086980819702,0.5714285714285714,0.4285714285714285,0.7344631552696228,0.584463170170784
SYKQGAQ,1.1151549816131592,-2.643406867980957,0.7142857142857143,0.5714285714285714,1.1015238761901855,1.0
RNRRWVN,-4.671070575714111,0.08974353969097137,0.5714285714285714,0.1428571428571428,0.7528627514839172,0.6028627440333366
FGHRENQ,1.5471324920654297,-2.5163300037384033,0.8571428571428571,0.2857142857142857,1.1668848991394043,1.0
IDHRDVN,1.1026777029037476,-3.6012284755706787,0.5714285714285714,0.2857142857142857,0.9863007068634032,0.8363007217645645
EHRAYFG,-2.7694618701934814,-0.1861632764339447,0.5714285714285714,0.2857142857142857,0.9413688778877258,0.7913688778877258
YRSRWDW,-1.1331675052642822,0.3581355810165405,0.7142857142857143,0.2857142857142857,1.1964271068572998,1.0
WSHFHVE,-2.17187762260437,-1.4112528562545776,0.5714285714285714,0.2857142857142857,0.8653885126113892,0.7153884828090668
CYGRPTG,-3.154059886932373,-0.014242745004594326,0.4285714285714285,0.2857142857142857,0.9170365333557128,0.7170365035533905
HLHPGNN,0.23952123522758484,-3.5302882194519043,0.7142857142857143,0.4285714285714285,0.8942867517471313,0.7942867815494538
GHHRRTL,-3.71216082572937,0.6519855260848999,0.7142857142857143,0.2857142857142857,0.9312291145324708,0.8312291443347931
YHRRHVA,-3.3336989879608154,0.4980669915676117,0.5714285714285714,0.0,0.9569857120513916,0.806985741853714
FHHRSWS,-2.795098304748535,0.509301483631134,0.7142857142857143,0.2857142857142857,1.020993947982788,0.920993947982788
YYHIWLG,-4.0797624588012695,1.0041011571884155,0.5714285714285714,0.4285714285714285,0.9302782416343688,0.7802782565355301
AHMRQLG,0.5863330364227295,-1.2617321014404297,0.4285714285714285,0.5714285714285714,1.2041051387786863,1.0
FGHRWNA,-1.6588454246520996,0.19930820167064667,0.7142857142857143,0.2857142857142857,1.11639142036438,1.0
IKKQAPK,-3.1354424953460693,-0.13476072251796722,0.7142857142857143,0.4285714285714285,0.904887557029724,0.8048875868320465
YHFMCEF,-4.14903450012207,0.34682074189186096,0.7142857142857143,0.2857142857142857,0.844144880771637,0.744144880771637
ARHYLSE,0.6245892643928528,-1.4560271501541138,0.7142857142857143,0.4285714285714285,1.1854782104492188,1.0
QQDWMMG,-2.649744749069214,-0.7060549855232239,0.7142857142857143,0.5714285714285714,0.8935462236404419,0.7935462534427643
YFIQRAW,-3.8897883892059326,0.25786393880844116,0.7142857142857143,0.5714285714285714,0.8637453317642212,0.7637453615665436
MAHKDAI,1.2487764358520508,-3.739792823791504,0.7142857142857143,0.2857142857142857,0.9868425130844116,0.8868424981832504
YVIRRHS,-3.552738666534424,0.9481032490730286,0.5714285714285714,0.4285714285714285,0.9849534034729004,0.834953373670578
LYHRHRE,-1.3702348470687866,0.6364455223083496,0.7142857142857143,0.1428571428571428,1.2018990516662598,1.0
YPFWGNC,-4.414234638214111,0.36855998635292053,0.5714285714285714,0.2857142857142857,0.8158673048019409,0.6658673197031021
YIDRLND,0.3705027997493744,-2.5430355072021484,0.7142857142857143,0.4285714285714285,1.0267953872680664,0.9267954468727112
NFFRSNE,-1.0874687433242798,-0.23156867921352386,0.7142857142857143,0.4285714285714285,1.1316990852355957,1.0
VQKRDVY,1.0438592433929443,-1.9711194038391113,0.7142857142857143,0.2857142857142857,1.1730828285217283,1.0
KVMYNPN,-0.47941550612449646,-1.745788335800171,0.7142857142857143,0.2857142857142857,1.02259361743927,0.9225935876369477
YFFWGQT,-4.416905879974365,1.176694393157959,0.7142857142857143,0.2857142857142857,0.9115477204322816,0.8115477353334427
QFHGRTY,-2.114255666732788,-0.7906586527824402,0.7142857142857143,0.2857142857142857,0.9458086490631104,0.845808619260788
YQKRWSN,-2.6309926509857178,-0.3684769570827484,0.5714285714285714,0.2857142857142857,0.935826301574707,0.7858263313770294
YVFVMYN,-3.62894344329834,0.7079723477363586,0.5714285714285714,0.0,0.94756281375885,0.7975627988576889
GPPSDNQ,-1.1274460554122925,-4.226261615753174,0.7142857142857143,0.1428571428571428,0.6525523662567139,0.5525523960590363
KIHRVSI,-3.9045329093933105,0.03496205806732178,0.5714285714285714,0.2857142857142857,0.8355531692504883,0.6855531394481659
NRLRFDD,-0.16139520704746246,-2.8726391792297363,0.5714285714285714,0.4285714285714285,0.925750970840454,0.7757509708404541
QKILVSA,0.3206629157066345,-4.193123817443848,0.7142857142857143,0.7142857142857143,0.824996292591095,0.7249963000416756
WGKLEFN,-1.8943367004394531,-0.5881322622299194,0.7142857142857143,0.5714285714285714,0.99545556306839,0.8954555630683899
TFHSGVW,-3.282329559326172,-0.528579592704773,0.7142857142857143,0.4285714285714285,0.8410170078277588,0.7410169780254364
HEHKFAM,0.15043114125728607,-3.1645686626434326,0.7142857142857143,0.4285714285714285,0.9273605346679688,0.82736054956913
YHPMMLM,-2.6371729373931885,-1.9680739641189575,0.5714285714285714,0.4285714285714285,0.7451050281524658,0.5951049983501434
ILKSHDI,0.45149311423301697,-3.2080578804016113,0.5714285714285714,0.7142857142857143,0.95722758769989,0.8072275876998901
YYHRHGT,-2.1259641647338867,0.8307803869247437,0.7142857142857143,0.1428571428571428,1.137042760848999,1.0
PYTRMAN,0.10697045177221298,-1.9045562744140625,0.5714285714285714,0.2857142857142857,1.0719691514968872,0.9219691216945648
AMFDWNS,-3.426199197769165,0.21074526011943817,0.7142857142857143,0.5714285714285714,0.912093698978424,0.8120936989784241
DYAPSEC,-4.028173923492432,-1.0758541822433472,0.7142857142857143,0.1428571428571428,0.6892215609550476,0.5892215609550476
HTIMMWG,-3.5202434062957764,0.37659069895744324,0.7142857142857143,0.1428571428571428,0.920849621295929,0.820849621295929
DHKMQVG,1.464779257774353,-3.622586727142334,0.5714285714285714,0.2857142857142857,1.0258994102478027,0.8758993655443191
AHHRDVN,0.029193907976150513,-1.2258405685424805,0.4285714285714285,0.2857142857142857,1.143537521362305,0.94353746175766
MHKRIRY,-4.108501434326172,0.3314572870731354,0.7142857142857143,0.4285714285714285,0.8470365405082703,0.7470365405082703
WCTRVHI,-4.183032512664795,0.45882928371429443,0.7142857142857143,0.5714285714285714,0.8534932732582092,0.7534932583570481
VHTPFFN,-2.9843358993530273,-0.9850673079490662,0.7142857142857143,0.5714285714285714,0.8214704990386963,0.7214704692363739
YLSRSEC,-3.980848789215088,0.5436968803405762,0.5714285714285714,0.2857142857142857,0.887100875377655,0.7371008604764938
YHRSKCL,-4.634230136871338,0.7299008369445801,0.5714285714285714,0.4285714285714285,0.8331882953643799,0.683188310265541
YSKQGVT,2.3669168949127197,-2.4737462997436523,0.5714285714285714,0.0,1.267336368560791,1.0
YMHRHYN,-1.4550127983093262,-0.5594828128814697,0.7142857142857143,0.2857142857142857,1.0499801635742188,0.949980103969574
QYKRPNE,0.9962198734283447,-0.7056910395622253,0.7142857142857143,0.0,1.3178484439849854,1.0
KSWRPPW,-4.156961917877197,0.834851861000061,0.5714285714285714,0.4285714285714285,0.9011913537979126,0.7511913239955902
YFYRSWE,-2.6512444019317627,0.682913064956665,0.7142857142857143,0.2857142857142857,1.0583550930023191,0.958355152606964
YQYHSPD,-0.9470239877700806,-1.2782174348831177,0.5714285714285714,0.4285714285714285,1.0237194299697876,0.87371945977211
EYGKNPW,-1.0220803022384644,-1.625772476196289,0.7142857142857143,0.4285714285714285,0.9737025499343872,0.8737025797367096
GPLNDFC,-4.550323009490967,0.20350368320941925,0.7142857142857143,0.5714285714285714,0.7804259657859802,0.6804259657859802
YRYRLHN,-4.4443888664245605,-0.1171727329492569,0.7142857142857143,0.4285714285714285,0.7546625137329102,0.6546625286340714
DYPVFPE,-2.9324071407318115,-2.6708977222442627,0.8571428571428571,0.4285714285714285,0.6272680759429932,0.5772680759429931
YMKRPNM,-2.0893123149871826,-0.9888744354248047,0.7142857142857143,0.2857142857142857,0.9251667857170104,0.8251667857170105
MKGFNNG,2.1091415882110596,-3.1794257164001465,0.7142857142857143,0.4285714285714285,1.1535190343856812,1.0
YMHKNDI,0.814216673374176,-0.8466488122940063,0.7142857142857143,0.2857142857142857,1.2799267768859863,1.0
KTTKMDE,-0.007753219921141863,-4.364331245422363,0.7142857142857143,0.4285714285714285,0.7664442658424377,0.6636222776025533
VYKRSFE,0.15170274674892426,0.23799709975719452,0.4285714285714285,0.2857142857142857,1.331669569015503,1.0
PLHKHYV,-0.40063875913619995,0.21856056153774261,0.5714285714285714,0.4285714285714285,1.2650882005691528,1.0
QYHTKCP,-2.448443651199341,-1.40768563747406,0.7142857142857143,0.2857142857142857,0.8336299061775208,0.7336299061775208
SNFKQTD,1.495218276977539,-3.812047243118286,0.7142857142857143,0.5714285714285714,1.006937026977539,0.906937012076378
EHQHEME,-0.6020397543907166,-4.426394939422607,0.7142857142857143,0.4285714285714285,0.6899186968803406,0.5848851311951876
YKSKHQS,-2.501744270324707,0.5507848858833313,0.7142857142857143,0.4285714285714285,1.060057282447815,0.9600572526454926
GMKNDLQ,0.8265712261199951,-4.119159698486328,0.7142857142857143,0.2857142857142857,0.892651379108429,0.7926513940095902
VHKTPVG,2.109736919403076,-4.270255088806152,0.7142857142857143,0.5714285714285714,1.0240182876586914,0.9240183174610138
VAHKFDR,-1.2195395231246948,-1.352669358253479,0.7142857142857143,0.4285714285714285,0.9831650257110596,0.8831649959087372
KHADEQI,-0.10313209891319275,-4.332917213439941,0.7142857142857143,0.5714285714285714,0.7590769529342651,0.6573744144290685
GIHQENG,0.6485805511474609,-5.051848888397217,0.7142857142857143,0.4285714285714285,0.7611536979675293,0.6338324435055256
HGKNWNN,-0.3187812566757202,-0.7989547848701477,0.7142857142857143,0.4285714285714285,1.1537516117095947,1.0
YYSRDNT,0.06617920100688934,-1.2145875692367554,0.7142857142857143,0.0,1.1491777896881104,1.0
NFSMLLV,-2.869452714920044,-3.0204215049743652,0.7142857142857143,0.5714285714285714,0.5930768251419067,0.4930768251419067
YYNKANI,1.194636344909668,-2.0782692432403564,0.5714285714285714,0.2857142857142857,1.177900314331055,1.0
YETRCIG,-3.372215509414673,-1.3420449495315552,0.7142857142857143,0.5714285714285714,0.7339330315589905,0.6339330315589905
MFVSTME,-2.301328659057617,-3.5580782890319824,0.7142857142857143,0.5714285714285714,0.5953224301338196,0.4953224450349808
SLVRPTE,1.0591384172439575,-3.789292812347412,0.5714285714285714,0.5714285714285714,0.9588958024978638,0.8088958173990249
YCKISVM,-3.2171413898468018,-0.5775023698806763,0.5714285714285714,0.2857142857142857,0.8427914381027222,0.6927914381027221
FKSSQSA,2.0997493267059326,-3.6982457637786865,0.7142857142857143,0.2857142857142857,1.090800166130066,0.9908001363277436
YYWKHHW,-1.7969005107879639,0.9305159449577332,0.7142857142857143,0.4285714285714285,1.187180519104004,1.0
DGHRSLL,-0.2755741477012634,-1.9207465648651123,0.5714285714285714,0.4285714285714285,1.0255316495895386,0.8755316197872162
LKSISTM,0.8542395830154419,-4.20894718170166,0.5714285714285714,0.2857142857142857,0.885205864906311,0.7352058723568916
AYLPNVY,-2.689581871032715,0.09397237002849579,0.7142857142857143,0.2857142857142857,0.9839389324188232,0.8839389324188233
IHHRSIE,1.4692564010620117,-0.5402870178222656,0.7142857142857143,0.2857142857142857,1.3925397396087646,1.0
WVQKRED,0.8823525905609131,-1.6005107164382935,0.7142857142857143,0.4285714285714285,1.198310613632202,1.0
TVSRAHR,-4.315275192260742,-0.08781566470861435,0.5714285714285714,0.4285714285714285,0.7731737494468689,0.6231737643480301
HFKDFER,-0.6080905199050903,-2.163334369659424,0.7142857142857143,0.4285714285714285,0.9580238461494446,0.8580238461494446
YFSRGAK,-3.7968087196350098,-0.6595751643180847,0.5714285714285714,0.2857142857142857,0.7655903100967407,0.6155903398990631
YHGKCYK,-4.493086338043213,0.18504300713539124,0.7142857142857143,0.4285714285714285,0.7848934531211853,0.6848934531211853
QYQRGNF,-0.5504698157310486,-0.6412265300750732,0.7142857142857143,0.0,1.145526647567749,1.0
IRGQSNY,1.5281373262405396,-1.3739686012268066,0.7142857142857143,0.4285714285714285,1.300365686416626,1.0
SFYRGTA,-1.2034488916397095,-0.18861345946788788,0.7142857142857143,0.4285714285714285,1.123305320739746,1.0
ASHHHHI,-0.9572192430496216,-0.7363607883453369,0.7142857142857143,0.4285714285714285,1.0868955850601196,0.9868955850601197
YQPFCYN,-3.6784512996673584,0.48482275009155273,0.7142857142857143,0.2857142857142857,0.9152958393096924,0.8152958542108536
NRHKAYD,-0.824613094329834,-0.28407618403434753,0.7142857142857143,0.5714285714285714,1.1560490131378174,1.0
VHFSWTD,-3.603745222091675,-0.5234583020210266,0.5714285714285714,0.2857142857142857,0.8042240142822266,0.6542240291833877
YHPYQPA,-0.26601070165634155,-2.5812361240386963,0.5714285714285714,0.5714285714285714,0.948190689086914,0.7981906592845917
IHTYYQF,-3.6056582927703857,-0.14944539964199066,0.7142857142857143,0.5714285714285714,0.8484271764755249,0.7484271466732025
YVHHDNI,-0.308611124753952,-1.3569202423095703,0.7142857142857143,0.1428571428571428,1.0886592864990234,0.9886593461036682
SHSREFS,0.28335922956466675,-2.3517417907714844,0.7142857142857143,0.2857142857142857,1.039377212524414,0.9393771529197692
WHFAPNK,-1.9023245573043823,-0.4299502968788147,0.7142857142857143,0.5714285714285714,1.0133150815963743,0.9133151113986968
YCHRSHS,-3.783296823501587,1.2199809551239014,0.7142857142857143,0.2857142857142857,0.9904186725616456,0.8904186874628067
YWKRYED,-1.626973032951355,0.2597704529762268,0.7142857142857143,0.1428571428571428,1.1272820234298706,1.0
VSVRQWM,-2.4613606929779053,-0.7522147297859192,0.5714285714285714,0.0,0.9099844694137572,0.7599844694137573
FSHQRIG,0.6155827641487122,-1.2198498249053955,0.7142857142857143,0.4285714285714285,1.2124836444854736,1.0
RHHRSVG,-3.8995516300201416,0.5217325091362,0.5714285714285714,0.1428571428571428,0.8939518928527832,0.7439519077539444
YSHDPNN,0.24829664826393127,-2.1295456886291504,0.5714285714285714,0.2857142857142857,1.061689853668213,0.9116898834705351
YQERTTA,1.0883055925369263,-3.80609130859375,0.7142857142857143,0.4285714285714285,0.9602944850921632,0.8602944701910019
SHTRSNR,-4.098822116851807,-0.2572725713253021,0.5714285714285714,0.2857142857142857,0.7782328128814697,0.6282327979803085
KAPIQGL,-0.10016297549009323,-3.5220389366149902,0.8571428571428571,0.7142857142857143,0.8557396531105042,0.8057396382093429
WNKRVLH,-3.374321222305298,-1.300809621810913,0.5714285714285714,0.5714285714285714,0.7385860085487366,0.5885860085487366
MHHHQHI,-1.189662218093872,-1.4097613096237183,0.7142857142857143,0.4285714285714285,0.9798601865768432,0.8798601865768433
IAEWSSF,-3.097580909729004,-1.1309465169906616,0.7142857142857143,0.5714285714285714,0.7909651398658752,0.6909651398658753
VTDRKCA,-2.7469675540924072,-0.1461058109998703,0.7142857142857143,0.5714285714285714,0.948744535446167,0.848744535446167
MYKGTYD,-0.07816675305366516,-1.7027382850646973,0.7142857142857143,0.2857142857142857,1.0743980407714844,0.974398010969162
ESPRKCG,-3.759014129638672,-0.5303387641906738,0.7142857142857143,0.5714285714285714,0.7853391170501709,0.6853390872478485
TYAKNAN,1.97977876663208,-1.2492852210998535,0.5714285714285714,0.4285714285714285,1.3677303791046145,1.0
IDQDQWP,-1.6217745542526245,0.7855926156044006,0.7142857142857143,0.4285714285714285,1.1903448104858398,1.0
YHCFSNT,-3.3781991004943848,-0.21224255859851837,0.4285714285714285,0.2857142857142857,0.8674360513687134,0.6674360811710358
ARYKSAP,-2.207498550415039,-0.6665617227554321,0.5714285714285714,0.4285714285714285,0.9496989250183104,0.7996988952159881
YYQRHNP,-1.1691064834594727,-0.2118222862482071,0.5714285714285714,0.2857142857142857,1.1245448589324951,0.9745447993278504
YAIRNNN,2.090827703475952,-3.4490997791290283,0.5714285714285714,0.2857142857142857,1.1193559169769287,0.9693558722734452
MLHKNAV,1.7714213132858276,-2.6343791484832764,0.5714285714285714,0.1428571428571428,1.178961992263794,1.0
PNHLPIK,0.08342350274324417,-3.4528443813323975,0.7142857142857143,0.5714285714285714,0.8853214979171753,0.7853214979171753
YAEKSIN,1.587570309638977,-1.421938180923462,0.4285714285714285,0.2857142857142857,1.3015835285186768,1.0
YYHTDTQ,-1.5850350856781006,-0.4902624189853668,0.5714285714285714,0.4285714285714285,1.04307222366333,0.8930722236633301
PNGRCNF,-3.71919846534729,-0.0389866903424263,0.7142857142857143,0.4285714285714285,0.8483356237411499,0.7483356237411499
IHHHSKE,0.2159402221441269,-0.9953079223632812,0.7142857142857143,0.4285714285714285,1.1926509141921997,1.0
AFRRFGN,-3.5929453372955322,-0.36872756481170654,0.7142857142857143,0.2857142857142857,0.8238599300384521,0.7238599002361298
PIYQFVN,-3.1279983520507812,1.1005350351333618,0.7142857142857143,0.5714285714285714,1.0524837970733645,0.9524838268756868
GPPWQIN,-1.838820457458496,-0.6547711491584778,0.7142857142857143,0.0,0.9940001964569092,0.8940002262592316
MWHQKVW,-2.518908739089966,0.351408988237381,0.7142857142857143,0.4285714285714285,1.0343778133392334,0.9343778133392334
LHERMIV,-0.7713775634765625,-3.024726390838623,0.5714285714285714,0.4285714285714285,0.8367058038711548,0.6867058336734772
NQMDRGH,0.3452027142047882,-3.444981336593628,0.7142857142857143,0.4285714285714285,0.9167171716690063,0.8167172014713288
YWHRMNE,-1.6341021060943604,0.8311589360237122,0.7142857142857143,0.2857142857142857,1.1943228244781494,1.0
KHEYPYE,-0.3019965589046478,-1.7870948314666748,0.7142857142857143,0.4285714285714285,1.038332223892212,0.9383322834968568
ASHYQRI,-1.214952826499939,-1.7071524858474731,0.7142857142857143,0.4285714285714285,0.9415927529335022,0.8415927529335022
DAFYAEP,-2.119691848754883,-2.7745611667633057,0.7142857142857143,0.2857142857142857,0.7095255851745605,0.6095255851745606
IHSRFNE,1.8797070980072021,-1.0989876985549927,0.7142857142857143,0.2857142857142857,1.3739383220672607,1.0
AFHRSAY,-1.3052200078964233,0.3310830295085907,0.7142857142857143,0.2857142857142857,1.1731929779052734,1.0
FAHHVYW,-3.123239040374756,0.9243358373641968,0.7142857142857143,0.2857142857142857,1.0321085453033447,0.9321084856987
YYSRAQH,-1.1549824476242065,0.33378857374191284,0.5714285714285714,0.4285714285714285,1.1909966468811035,1.0
DCVRWWE,-5.259454250335693,0.3963854908943176,0.7142857142857143,0.5714285714285714,0.7208194136619568,0.6208194099366665
SKEPSFG,0.40101632475852966,-4.963794231414795,0.7142857142857143,0.2857142857142857,0.7428053617477417,0.6186218805611133
EHQYSYI,-3.3608806133270264,-1.5784591436386108,0.5714285714285714,0.4285714285714285,0.7071704268455505,0.5571704268455505
YYMMTYL,-4.002587795257568,0.39446204900741577,0.7142857142857143,0.5714285714285714,0.866844892501831,0.7668449223041535
LPWGSWE,-4.596955299377441,1.1730467081069946,0.7142857142857143,0.1428571428571428,0.8901631832122803,0.7901632130146027
AKYNEDS,0.4099613130092621,-3.7878479957580566,0.8571428571428571,0.2857142857142857,0.8835265636444092,0.8335265934467315
YVHCMLC,-4.724170684814453,-0.4753141403198242,0.7142857142857143,0.5714285714285714,0.6795655488967896,0.5795655190944672
YYQRDNF,-0.8617446422576904,-0.24865953624248505,0.7142857142857143,0.2857142857142857,1.1559350490570068,1.0
IIHKPYN,0.5677570700645447,-1.9354090690612793,0.7142857142857143,0.4285714285714285,1.121923327445984,1.0
WKPNKYS,-2.3781144618988037,0.5852908492088318,0.7142857142857143,0.4285714285714285,1.0785419940948486,0.9785419642925264
IVHMSHE,-0.24719679355621338,-4.295732021331787,0.7142857142857143,0.4285714285714285,0.7467299699783325,0.6463524658232928
VQHDSHI,-0.10429421067237854,-4.599100589752197,0.7142857142857143,0.4285714285714285,0.7273241877555847,0.6161363553255796
KSTRSSP,-2.015507221221924,-1.4561927318572998,0.4285714285714285,0.2857142857142857,0.8782464265823364,0.6782463967800141
WANMKEW,-1.8872580528259277,0.1198878362774849,0.8571428571428571,0.5714285714285714,1.080378770828247,1.0
YHSKYTG,1.2527260780334473,-0.2693651020526886,0.7142857142857143,0.4285714285714285,1.3995238542556765,1.0
YTEYPEE,-1.1829967498779297,-2.7398130893707275,0.7142857142857143,0.4285714285714285,0.8226505517959595,0.7226505517959595
EHGCANF,-4.109391689300537,-1.4393633604049683,0.7142857142857143,0.2857142857142857,0.6365926265716553,0.5365926563739777
RKVFCSN,-4.625950813293457,0.06453350186347961,0.7142857142857143,0.4285714285714285,0.7551186084747314,0.6551185786724091
SYSAPNT,0.7776671051979065,-2.678068161010742,0.7142857142857143,0.0,1.0581352710723877,0.95813530087471
YNMRNWR,-4.005819797515869,0.022733746096491814,0.7142857142857143,0.2857142857142857,0.822314441204071,0.7223144263029099
HFHKDLP,0.07943461090326309,-1.8713334798812866,0.7142857142857143,0.1428571428571428,1.0727111101150513,0.9727111399173736
MHNKANK,-3.474575996398926,-0.3756113648414612,0.7142857142857143,0.1428571428571428,0.8368161916732788,0.7368161618709564
KYEWDAN,-1.2527941465377808,-0.02946692891418934,0.7142857142857143,0.5714285714285714,1.1364669799804688,1.0
LLKRSNN,-1.9806691408157349,-0.0012833373621106148,0.5714285714285714,0.2857142857142857,1.0551162958145142,0.9051162660121918
YELWWPN,-4.6551337242126465,3.2223520278930664,0.5714285714285714,0.4285714285714285,1.1268123388290403,0.976812383532524
YLCRVGY,-4.516501426696777,0.34825199842453003,0.5714285714285714,0.1428571428571428,0.8015549182891846,0.6515549480915069
RPSRPDS,-0.0760643482208252,-3.8941493034362793,0.7142857142857143,0.4285714285714285,0.8143441081047058,0.714344123005867
QYFRPNH,-2.138371467590332,0.15410184860229492,0.7142857142857143,0.2857142857142857,1.0552222728729248,0.95522221326828
YYHRNRY,-3.684241771697998,0.8115091919898987,0.7142857142857143,0.2857142857142857,0.9534263014793396,0.8534262865781784
YPSRDSG,1.938733696937561,-3.585615634918213,0.5714285714285714,0.1428571428571428,1.085442066192627,0.9354420065879822
QYHPNSE,0.006711550988256931,-2.8258464336395264,0.5714285714285714,0.4285714285714285,0.9508706331253052,0.8008706033229828
YHGRGQE,1.0733815431594849,-0.8706821799278259,0.5714285714285714,0.2857142857142857,1.3072293996810913,1.0
MWFEANI,-3.3978142738342285,-0.2746804654598236,0.8571428571428571,0.4285714285714285,0.8577371835708618,0.8077371537685394
VWSRHNS,-1.2720961570739746,0.3910749852657318,0.5714285714285714,0.2857142857142857,1.1841734647750854,1.0
KDHWEVN,0.21609364449977875,-1.4277095794677734,0.7142857142857143,0.4285714285714285,1.1413075923919678,1.0
RLRRVTT,-4.3159074783325195,0.026175299659371376,0.5714285714285714,0.4285714285714285,0.7866402268409729,0.6366402119398117
VWHRHAE,0.999321699142456,-0.15284357964992523,0.5714285714285714,0.2857142857142857,1.3838772773742676,1.0
PTIMMWA,-3.3450326919555664,-0.2804981768131256,0.7142857142857143,0.2857142857142857,0.8631880283355713,0.7631879985332489
YSHAHNF,-0.2277958244085312,-1.1131036281585693,0.7142857142857143,0.4285714285714285,1.1270241737365725,1.0
YTSRWNN,-1.6276087760925293,-0.33996081352233887,0.5714285714285714,0.2857142857142857,1.0559711456298828,0.9059711754322052
FHHDAAW,-1.845626950263977,-1.7734688520431519,0.7142857142857143,0.1428571428571428,0.8603278398513794,0.7603278696537018
AKAKRCN,-5.205857276916504,0.35443416237831116,0.7142857142857143,0.5714285714285714,0.7220730781555176,0.6220731005072594
YHIALQE,-0.5408934950828552,-2.655714511871338,0.7142857142857143,0.4285714285714285,0.9073575735092164,0.8073576033115387
AHSRANQ,0.5649939179420471,-2.1582560539245605,0.7142857142857143,0.2857142857142857,1.095131754875183,0.9951317548751832
NDHRGGE,0.7595977187156677,-3.442528247833252,0.7142857142857143,0.2857142857142857,0.9652291536331176,0.8652291685342789
YWGKQNI,-0.6686632037162781,0.4262464940547943,0.7142857142857143,0.2857142857142857,1.2585690021514893,1.0
VYHRSGT,0.7988210916519165,1.32998526096344,0.4285714285714285,0.2857142857142857,1.5366785526275637,1.0
YDHRPNT,0.4138779044151306,-2.536341905593872,0.7142857142857143,0.2857142857142857,1.0326378345489502,0.9326378047466278
MKSKSKT,-3.0364739894866943,0.37368685007095337,0.5714285714285714,0.4285714285714285,0.9767979979515076,0.8267979979515075
LSHRSEG,1.2887027263641357,-2.328932046890259,0.5714285714285714,0.4285714285714285,1.1590722799301147,1.0
ARSPVGG,2.466703414916992,-4.126578330993652,0.7142857142857143,0.5714285714285714,1.0826224088668823,0.9826224237680437
YNGRIAP,1.9163281917572021,-3.3561205863952637,0.5714285714285714,0.4285714285714285,1.1100945472717283,0.9600946068763732
VYHRRNN,-2.833184003829956,1.1789964437484741,0.5714285714285714,0.2857142857142857,1.096109390258789,0.946109390258789
YFSKRVN,-2.4404146671295166,0.05749524384737015,0.5714285714285714,0.4285714285714285,1.0086002349853516,0.8586002349853515
QHWRSQP,-1.8985966444015503,0.8259148597717285,0.4285714285714285,0.4285714285714285,1.1629221439361572,0.9629221737384795
YHHRSQW,-1.293791651725769,1.2494277954101562,0.5714285714285714,0.1428571428571428,1.2836050987243652,1.0
YWQRHRD,-0.8603319525718689,0.30474185943603516,0.7142857142857143,0.2857142857142857,1.2218332290649414,1.0
YYHKVGT,0.7502323985099792,-0.47723788022994995,0.5714285714285714,0.2857142857142857,1.3163602352142334,1.0
QHKKSAH,-2.9679477214813232,0.8989141583442688,0.5714285714285714,0.2857142857142857,1.047159194946289,0.8971592247486114
YHSKSES,1.4532420635223389,-1.4992281198501587,0.5714285714285714,0.2857142857142857,1.2767720222473145,1.0
MSKRPYD,1.2856234312057495,-2.6665754318237305,0.5714285714285714,0.4285714285714285,1.1186082363128662,0.9686082661151886
NAHRENN,1.4535106420516968,-3.3961679935455322,0.7142857142857143,0.2857142857142857,1.051482319831848,0.9514823645353316
YTARAVN,2.346219062805176,-2.8086206912994385,0.5714285714285714,0.4285714285714285,1.2251510620117188,1.0
LGSKSGD,1.4022589921951294,-3.9372613430023193,0.5714285714285714,0.4285714285714285,0.9812467694282532,0.831246754527092
LARKDWG,-0.368054062128067,-0.032835714519023895,0.5714285714285714,0.5714285714285714,1.2390186786651611,1.0
THHQSQN,0.018541323021054268,-2.499643325805664,0.5714285714285714,0.4285714285714285,0.9909939765930176,0.8409939765930176
HYHKSQE,1.189935326576233,-0.3601618707180023,0.4285714285714285,0.2857142857142857,1.381432294845581,1.0
FYHRDMG,-0.6515500545501709,0.1146693229675293,0.5714285714285714,0.4285714285714285,1.223550796508789,1.0
YHHKKNS,-1.8082481622695923,0.5026190876960754,0.5714285714285714,0.2857142857142857,1.1350340843200684,0.9850340247154236
IQHRSVE,2.2789385318756104,-2.5691850185394287,0.5714285714285714,0.4285714285714285,1.245762586593628,1.0
MHARMES,1.3445464372634888,-2.54069447517395,0.7142857142857143,0.4285714285714285,1.1404170989990234,1.0
YQYKNSE,0.9388143420219421,-0.7036287784576416,0.7142857142857143,0.4285714285714285,1.3114135265350342,1.0
YHSRPAI,0.6565321087837219,-1.3536888360977173,0.7142857142857143,0.2857142857142857,1.2013510465621948,1.0
YYTRSPQ,-0.16330593824386597,-0.38867947459220886,0.4285714285714285,0.2857142857142857,1.220576524734497,1.0
GHHRNVE,0.9024978280067444,-1.873741865158081,0.5714285714285714,0.2857142857142857,1.1682000160217283,1.0
MYSITSN,-0.07739227265119553,-2.538585901260376,0.7142857142857143,0.4285714285714285,0.9752051830291748,0.8752051532268524
HDHRSNG,1.3414628505706787,-2.4721481800079346,0.7142857142857143,0.2857142857142857,1.148200273513794,1.0
QYHRLYQ,-2.8483071327209473,0.6701849699020386,0.7142857142857143,0.4285714285714285,1.0339123010635376,0.93391233086586
IYHRDSE,0.8315993547439575,-0.26692014932632446,0.5714285714285714,0.2857142857142857,1.3508102893829346,1.0
YPKRRTN,-2.75942063331604,0.13975483179092407,0.5714285714285714,0.2857142857142857,0.9812502861022948,0.8312503159046173
YNHKIEE,1.7207551002502441,-3.107379198074341,0.7142857142857143,0.4285714285714285,1.1168826818466189,1.0
GHHRDVH,-0.7757169008255005,-0.1330733299255371,0.5714285714285714,0.2857142857142857,1.1796751022338867,1.0
EYHQQAN,0.5266047716140747,-2.8989362716674805,0.7142857142857143,0.4285714285714285,1.002685785293579,0.9026857554912568
VHSRPIG,1.7460029125213623,-2.2909064292907715,0.5714285714285714,0.4285714285714285,1.2168023586273191,1.0
EYHKDWN,-0.6073675155639648,-0.1197071522474289,0.5714285714285714,0.2857142857142857,1.200852632522583,1.0
QMPRAGN,1.3228670358657837,-3.741446018218994,0.7142857142857143,0.4285714285714285,0.9952675700187684,0.8952675849199295
YYMDATN,-2.005028009414673,-1.3551970720291138,0.5714285714285714,0.4285714285714285,0.8914622068405151,0.7414621770381927
RHHRKEP,-1.9986934661865234,0.9582414627075195,0.7142857142857143,0.2857142857142857,1.166992425918579,1.0
MSSKSSE,1.5031445026397705,-3.9221322536468506,0.5714285714285714,0.4285714285714285,0.9947832226753236,0.8447832375764847
VKHRSHP,-2.2976608276367188,0.33137890696525574,0.4285714285714285,0.4285714285714285,1.057743787765503,0.8577438473701477
YGHKHED,1.6220061779022217,-2.020965814590454,0.7142857142857143,0.4285714285714285,1.2344374656677246,1.0
YYKRNAG,-2.1628012657165527,0.6511316895484924,0.5714285714285714,0.4285714285714285,1.111417293548584,0.9614173233509063
DHSRKEW,0.19087094068527222,-0.9227700233459473,0.7142857142857143,0.4285714285714285,1.198349952697754,1.0
GTSKSNE,1.2807685136795044,-3.958357095718384,0.5714285714285714,0.4285714285714285,0.9646039009094238,0.8146038860082626
YHHRTSG,0.7415800094604492,0.49502095580101013,0.5714285714285714,0.1428571428571428,1.4308395385742188,1.0
YSSRSII,0.9656398296356201,-0.4244781732559204,0.5714285714285714,0.4285714285714285,1.347692847251892,1.0
WYLWGVN,-4.449425220489502,2.0495662689208984,0.4285714285714285,0.5714285714285714,1.0114444494247437,0.8114444494247437
YQFLLYK,-3.0646119117736816,-1.6054258346557617,0.7142857142857143,0.5714285714285714,0.7384423017501831,0.6384423017501831
YHHRFSE,0.5469614863395691,-0.13532394170761108,0.7142857142857143,0.2857142857142857,1.333319902420044,1.0
SHHHINP,-0.7170300483703613,-1.493139624595642,0.7142857142857143,0.4285714285714285,1.0249537229537964,0.9249537527561188
VHHREHN,-0.20506878197193146,-0.5062878131866455,0.5714285714285714,0.2857142857142857,1.201747179031372,1.0
TYSRPNE,0.8065268993377686,1.0266841650009155,0.7142857142857143,0.2857142857142857,1.5015487670898438,1.0
YSHTYEN,-0.9298768639564514,-0.9654535055160522,0.5714285714285714,0.4285714285714285,1.0628652572631836,0.9128652572631836
YHHHSPN,-0.5170389413833618,0.15796563029289246,0.4285714285714285,0.1428571428571428,1.2443459033966064,1.0
YWHAVNV,-3.225937604904175,0.7249082922935486,0.7142857142857143,0.2857142857142857,0.996469795703888,0.896469795703888
YHHRSEN,0.5042349100112915,0.9122361540794373,0.4285714285714285,0.0,1.4527785778045654,1.0
YHHNNQH,-1.1193701028823853,-0.8424239158630371,0.7142857142857143,0.4285714285714285,1.0554287433624268,0.955428683757782
YHHRVNP,0.09012432396411896,0.10928633064031601,0.5714285714285714,0.1428571428571428,1.3092155456542969,1.0
SIHRLKW,-4.20236349105835,-0.7496432065963745,0.7142857142857143,0.4285714285714285,0.7076999545097351,0.6076999396085739
YYHLSHT,-2.141225576400757,-0.33628520369529724,0.5714285714285714,0.4285714285714285,0.9966413378715516,0.8466413378715515
YKVRHTE,0.05996745452284813,-0.8444122672080994,0.7142857142857143,0.4285714285714285,1.1924248933792114,1.0
YYPKFNN,-0.09488583356142044,-1.1509193181991577,0.5714285714285714,0.2857142857142857,1.1379982233047483,0.9879982531070708
YHHRYGN,-1.2066131830215454,0.6946237683296204,0.5714285714285714,0.2857142857142857,1.2278492450714111,1.0
YHHRSNT,-0.07876000553369522,1.2416898012161255,0.4285714285714285,0.1428571428571428,1.4240717887878418,1.0
YWHRDNH,-1.0969667434692383,1.011958360671997,0.7142857142857143,0.2857142857142857,1.278301477432251,1.0
YYKRVAE,-0.09926224499940872,0.13066500425338745,0.7142857142857143,0.2857142857142857,1.289717197418213,1.0
MWQRTLS,-2.7615277767181396,-0.676958441734314,0.5714285714285714,0.5714285714285714,0.8839948177337646,0.733994847536087
VHSRPND,1.402024269104004,-2.8195462226867676,0.7142857142857143,0.2857142857142857,1.1139830350875854,1.0
YFSRTNE,0.7454545497894287,-1.3296875953674316,0.7142857142857143,0.2857142857142857,1.2145493030548096,1.0
QWHESNW,-2.1434831619262695,-0.662436306476593,0.7142857142857143,0.4285714285714285,0.957637906074524,0.8576379358768463
YHKRHHE,-0.8005529642105103,0.2883082628250122,0.7142857142857143,0.2857142857142857,1.2268372774124146,1.0
YHRNVNM,-0.0655508041381836,-0.4229864776134491,0.4285714285714285,0.4285714285714285,1.2278766632080078,1.0
MYHKSRN,-3.026366949081421,0.7904647588729858,0.4285714285714285,0.4285714285714285,1.027479648590088,0.8274795889854432
IGSRPQT,1.5658985376358032,-3.8304731845855713,0.7142857142857143,0.4285714285714285,1.0129729509353638,0.912972965836525
MHTRSVT,1.3672716617584229,-1.4336965084075928,0.5714285714285714,0.4285714285714285,1.2745521068572998,1.0
YKTRTKL,-2.850898027420044,0.03236699476838112,0.5714285714285714,0.4285714285714285,0.9578499794006348,0.8078500092029571
VYTVAHE,-0.15284283459186554,-2.766594171524048,0.5714285714285714,0.4285714285714285,0.9393422603607178,0.7893422901630401
LNHRGAG,2.0956599712371826,-2.48289155960083,0.5714285714285714,0.4285714285714285,1.2346855401992798,1.0
DYRRVNW,-2.0802013874053955,0.48674559593200684,0.7142857142857143,0.4285714285714285,1.1015028953552246,1.0
HHNRTET,0.26980507373809814,-2.8531477451324463,0.7142857142857143,0.5714285714285714,0.97824227809906,0.8782423079013825
YTYRPNW,-2.503732681274414,0.5652976036071777,0.7142857142857143,0.2857142857142857,1.0615496635437012,0.9615496933460236
ACHRANG,-3.094670295715332,-0.043308719992637634,0.7142857142857143,0.2857142857142857,0.920494794845581,0.8204948246479035
YVSRETG,1.1787958145141602,-2.1659843921661377,0.5714285714285714,0.2857142857142857,1.1656382083892822,1.0
TITKVYY,-0.34787675738334656,-0.16205838322639465,0.7142857142857143,0.4285714285714285,1.2260174751281738,1.0
YGHRSNN,2.0381150245666504,0.39692482352256775,0.4285714285714285,0.1428571428571428,1.5700576305389404,1.0
YDHKSNE,0.7034145593643188,-2.582500696182251,0.5714285714285714,0.2857142857142857,1.0608465671539309,0.9108466267585754
YQKKSAE,1.4527208805084229,-1.5488404035568237,0.5714285714285714,0.1428571428571428,1.2708183526992798,1.0
MIHRETM,0.209148570895195,-2.580940008163452,0.7142857142857143,0.4285714285714285,1.0035172700881958,0.9035172402858734
YFHRPYE,-0.5271434187889099,0.10209731757640839,0.7142857142857143,0.2857142857142857,1.2365339994430542,1.0
PANRHVN,0.4710615873336792,-3.236391305923462,0.5714285714285714,0.4285714285714285,0.9561392068862916,0.8061391919851303
DYHRPAH,0.054892610758543015,-2.0987930297851562,0.7142857142857143,0.2857142857142857,1.042837381362915,0.9428374409675598
YHRRIYE,-0.6112897992134094,0.2436336725950241,0.5714285714285714,0.2857142857142857,1.2435541152954102,1.0
YGHLNTV,-0.0994328185915947,-1.991501808166504,0.5714285714285714,0.4285714285714285,1.037623643875122,0.8876237034797668
YYSRAAP,0.8295776844024658,-0.3588854670524597,0.5714285714285714,0.2857142857142857,1.339651346206665,1.0
VGGKLVR,-3.185718059539795,-1.905349850654602,0.7142857142857143,0.5714285714285714,0.6887245774269104,0.5887245774269104
AHHRMKH,-3.200650930404663,0.35726049542427063,0.7142857142857143,0.4285714285714285,0.955742597579956,0.8557426273822785
YHSYDVW,-3.141889810562134,0.96538245677948,0.7142857142857143,0.4285714285714285,1.0348137617111206,0.934813791513443
YWRRLSN,-4.118873596191406,1.2077291011810303,0.5714285714285714,0.2857142857142857,0.9499143362045288,0.7999143362045288
VYRKQDE,0.3316355049610138,-0.6326525211334229,0.7142857142857143,0.5714285714285714,1.249190330505371,1.0
YTHKGNE,1.5404928922653198,-2.5425736904144287,0.7142857142857143,0.4285714285714285,1.1629949808120728,1.0
KWTRTLK,-4.201704978942871,0.4296129643917084,0.5714285714285714,0.5714285714285714,0.8478500843048096,0.6978500992059707
VIHRPVD,0.5798096656799316,-1.5058716535568237,0.7142857142857143,0.4285714285714285,1.1743468046188354,1.0
VPKRHSW,-2.614617347717285,-0.3853585422039032,0.5714285714285714,0.5714285714285714,0.9357266426086426,0.7857266128063202
YWHREHW,-0.8037405610084534,1.406003475189209,0.7142857142857143,0.2857142857142857,1.3592276573181152,1.0
YYMRSNE,-0.773698091506958,0.6261866092681885,0.5714285714285714,0.1428571428571428,1.2700958251953125,1.0
FYHKAGL,-0.35421210527420044,-0.3527384400367737,0.5714285714285714,0.4285714285714285,1.2026309967041016,1.0
QHHRGFE,0.9921562671661377,-1.6843523979187012,0.5714285714285714,0.2857142857142857,1.2011289596557615,1.0
YKSRSVG,-2.2840723991394043,-0.7897193431854248,0.5714285714285714,0.2857142857142857,0.9261596202850342,0.7761595904827118
VKHRETN,-0.07724310457706451,-0.621844470500946,0.7142857142857143,0.2857142857142857,1.2028954029083252,1.0
RFSRWHE,-1.755659580230713,0.2770368754863739,0.7142857142857143,0.4285714285714285,1.1143584251403809,1.0
YYHRANT,-1.566522240638733,0.9011633992195129,0.7142857142857143,0.1428571428571428,1.210501790046692,1.0
VYHKHND,1.1762235164642334,-0.6442815065383911,0.5714285714285714,0.2857142857142857,1.3460886478424072,1.0
YHDFGNE,-1.0747112035751343,-2.4103024005889893,0.5714285714285714,0.4285714285714285,0.8743908405303955,0.7243908107280731
QIIIGVE,-2.054561138153076,-3.740166187286377,0.7142857142857143,0.5714285714285714,0.6024087071418762,0.502408692240715
THFRQNN,-0.14787134528160095,-0.667976975440979,0.5714285714285714,0.4285714285714285,1.189197063446045,1.0
AYHRQNN,0.09005483239889145,0.341764897108078,0.7142857142857143,0.2857142857142857,1.336821675300598,1.0
YNSRMAP,2.3324878215789795,-3.0527212619781494,0.7142857142857143,0.4285714285714285,1.1945587396621704,1.0
YLTSTTE,-0.7251139879226685,-4.2995924949646,0.4285714285714285,0.4285714285714285,0.6906590461730957,0.490144020691514
YVKRSNE,1.4384326934814453,0.4685125946998596,0.5714285714285714,0.2857142857142857,1.508779525756836,1.0
MYHRGNN,0.47429201006889343,1.2256087064743042,0.5714285714285714,0.2857142857142857,1.486517071723938,1.0
YFHRHFN,-1.878342866897583,0.3290146291255951,0.7142857142857143,0.2857142857142857,1.1062566041946411,1.0
SMSRAPF,1.0092933177947998,-1.7470660209655762,0.5714285714285714,0.5714285714285714,1.195673942565918,1.0
YYQRWDE,-2.5115811824798584,0.5536147952079773,0.7142857142857143,0.4285714285714285,1.059248685836792,0.959248685836792
YHHRSAN,0.43314868211746216,0.8247827291488647,0.4285714285714285,0.1428571428571428,1.4341188669204712,1.0
YHIRHAN,-0.20238865911960602,-0.7612040638923645,0.5714285714285714,0.2857142857142857,1.1717796325683594,1.0
YYHRKHN,-2.7436764240264893,0.8738920092582703,0.7142857142857143,0.2857142857142857,1.070284128189087,0.9702840685844422
HYTRIDG,0.4496857821941376,-2.1159913539886475,0.5714285714285714,0.4285714285714285,1.0867342948913574,0.9367342948913574
MNHREGT,0.9606077075004578,-3.8764829635620117,0.7142857142857143,0.4285714285714285,0.9370737671852112,0.8370737671852112
HHRRANE,-1.4955044984817505,1.2725385427474976,0.5714285714285714,0.1428571428571428,1.262878179550171,1.0
YYHRTYG,-2.372488498687744,1.1298476457595825,0.5714285714285714,0.2857142857142857,1.143879771232605,0.993879771232605
YHWRADY,-2.1500449180603027,0.046794597059488297,0.5714285714285714,0.2857142857142857,1.041117787361145,0.8911177575588226
YHHRSTN,0.32852768898010254,1.0035626888275146,0.4285714285714285,0.1428571428571428,1.4431804418563845,1.0
WTHPIKN,0.8264098167419434,-1.6888811588287354,0.7142857142857143,0.4285714285714285,1.181304097175598,1.0
VYEKSQQ,0.8043305277824402,-1.863348364830017,0.4285714285714285,0.4285714285714285,1.1580114364624023,0.95801140666008
YQPREDN,0.6725699305534363,-3.673243522644043,0.7142857142857143,0.4285714285714285,0.9276976585388184,0.827697628736496
VQSKYPI,1.1043823957443237,-2.4105679988861084,0.5714285714285714,0.5714285714285714,1.127927303314209,0.9779272437095642
FNSRALM,0.6175220608711243,-3.0693912506103516,0.7142857142857143,0.4285714285714285,0.993018388748169,0.8930184185504914
YAKRDSG,2.0212409496307373,-2.5215530395507812,0.5714285714285714,0.2857142857142857,1.2214336395263672,1.0
HYAHHVE,-0.5260692238807678,-1.345960259437561,0.7142857142857143,0.5714285714285714,1.0646568536758425,0.9646568834781648
YSHRPAN,1.7941733598709106,-0.6192870140075684,0.5714285714285714,0.2857142857142857,1.420964598655701,1.0
YDHRDIN,0.9647619128227234,-2.8845388889312744,0.7142857142857143,0.2857142857142857,1.0553815364837646,0.9553815960884094
VKHRNWN,-3.606252431869507,0.1754475086927414,0.5714285714285714,0.2857142857142857,0.8869491815567017,0.736949211359024
YDSRHIE,1.0918829441070557,-2.9657232761383057,0.7142857142857143,0.4285714285714285,1.060530662536621,0.9605306625366212
VYQKSED,0.8627224564552307,-1.1514652967453003,0.5714285714285714,0.4285714285714285,1.2493644952774048,1.0
IFHRSEP,0.5793389081954956,0.04302511364221573,0.5714285714285714,0.2857142857142857,1.3582719564437866,1.0
VYSRSDD,0.8245725631713867,1.293540596961975,0.4285714285714285,0.2857142857142857,1.5353460311889648,1.0
AYQKSHD,1.668720006942749,-1.8706656694412231,0.5714285714285714,0.4285714285714285,1.2577260732650757,1.0
RHHRSEN,-2.066331148147583,1.489723801612854,0.5714285714285714,0.1428571428571428,1.2222520112991333,1.0
YYKKDDW,-0.7869094610214233,0.17804951965808868,0.7142857142857143,0.4285714285714285,1.2153282165527344,1.0
YPSRTGG,2.8488008975982666,-3.7580392360687256,0.7142857142857143,0.2857142857142857,1.1708602905273438,1.0
HSGKSEE,0.774584174156189,-3.485750198364258,0.5714285714285714,0.4285714285714285,0.9618391394615172,0.8118391245603561
YHHPSGN,0.3236076831817627,-1.8011305332183838,0.4285714285714285,0.2857142857142857,1.109462857246399,0.9094628870487214
YQHRSNN,0.7530984282493591,-0.3311164677143097,0.4285714285714285,0.1428571428571428,1.3340502977371216,1.0
YIHRRQF,-3.2140605449676514,0.8883880376815796,0.7142857142857143,0.4285714285714285,1.0172702074050903,0.9172702372074129
KKYRPME,-1.9109547138214111,-0.3651796579360962,0.7142857142857143,0.4285714285714285,1.0200045108795166,0.9200044810771942
YYQRTNN,-0.38373684883117676,-0.34593716263771057,0.5714285714285714,0.2857142857142857,1.200003147125244,1.0
YHHRSAP,0.441443532705307,0.12018474191427231,0.5714285714285714,0.1428571428571428,1.351391077041626,1.0
YHERSMN,1.6234182119369507,-1.6238932609558105,0.4285714285714285,0.1428571428571428,1.2817665338516235,1.0
YHHIPEN,-0.16720806062221527,-1.5989230871200562,0.5714285714285714,0.2857142857142857,1.0763680934906006,0.9263680934906006
QHTLETI,-1.1035534143447876,-4.858717918395996,0.7142857142857143,0.5714285714285714,0.5802087783813477,0.4597696300595999
VAHKYNG,1.8991557359695435,-2.1125051975250244,0.7142857142857143,0.4285714285714285,1.255814552307129,1.0
YLHREAD,0.6708834171295166,-1.043817162513733,0.7142857142857143,0.2857142857142857,1.2398278713226318,1.0
WHHRGAD,0.28012391924858093,-0.9628846049308777,0.5714285714285714,0.4285714285714285,1.2039709091186523,1.0
YEHKHLN,0.6394047141075134,-2.187626361846924,0.7142857142857143,0.4285714285714285,1.1003018617630005,1.0
QHSRSSH,-0.15186625719070435,-0.6216316819190979,0.5714285714285714,0.4285714285714285,1.194237232208252,1.0
YHSKAPQ,1.6544550657272339,-1.7140617370605469,0.5714285714285714,0.2857142857142857,1.274667739868164,1.0
QVGRATV,1.58690345287323,-4.463644027709961,0.7142857142857143,0.5714285714285714,0.9402083158493042,0.8338474158197642
HHQRLNS,-0.027961373329162598,-0.9658359885215759,0.7142857142857143,0.4285714285714285,1.1677703857421875,1.0
YYSKFPV,-0.6891130805015564,-1.024295449256897,0.5714285714285714,0.4285714285714285,1.0838921070098877,0.9338921666145324
YFHKGEN,0.44987767934799194,0.21666884422302246,0.5714285714285714,0.2857142857142857,1.363832950592041,1.0
YNNRHHN,-0.1480318158864975,-0.19568470120429993,0.7142857142857143,0.2857142857142857,1.245278000831604,1.0
YHARKQE,0.46497976779937744,-0.008177553303539753,0.7142857142857143,0.2857142857142857,1.3388826847076416,1.0
YIEREEN,0.263644278049469,-3.1782925128936768,0.7142857142857143,0.2857142857142857,0.9389042854309082,0.8389042854309082
YEPRDFD,-0.6909688115119934,-2.3477325439453125,0.7142857142857143,0.4285714285714285,0.9264767169952391,0.8264766871929169
YYSRATT,0.42564883828163147,0.14925232529640198,0.7142857142857143,0.2857142857142857,1.3530057668685913,1.0
NYYRSTE,-1.0424219369888306,-0.05551820620894432,0.5714285714285714,0.2857142857142857,1.1578524112701416,1.0
VYHVEPG,-0.15641732513904572,-1.6581724882125854,0.5714285714285714,0.4285714285714285,1.070586085319519,0.9205860555171966
MWHRANW,-2.7181284427642822,1.1017404794692993,0.7142857142857143,0.4285714285714285,1.1003210544586182,1.0
YHYRMNK,-2.545387029647827,-0.30758410692214966,0.5714285714285714,0.2857142857142857,0.9530205726623536,0.8030206024646759
YHHRGTT,0.08743052184581757,0.8071193695068359,0.5714285714285714,0.2857142857142857,1.391791582107544,1.0
VYYRQVT,-2.7390875816345215,1.3305110931396484,0.5714285714285714,0.4285714285714285,1.125055909156799,0.9750559091567992
QYHRSNE,1.0959885120391846,0.5912761688232422,0.5714285714285714,0.1428571428571428,1.483513355255127,1.0
IASRRAE,1.4571064710617065,-2.8305673599243164,0.7142857142857143,0.4285714285714285,1.1190835237503052,1.0
YAHRAHG,-0.10487602651119232,-0.10999009013175964,0.5714285714285714,0.2857142857142857,1.2604787349700928,1.0
YVHKNNV,1.6056371927261353,-0.6376831531524658,0.5714285714285714,0.2857142857142857,1.3968408107757568,1.0
YHHNDTA,0.4103776216506958,-2.5862481594085693,0.7142857142857143,0.2857142857142857,1.0263025760650637,0.9263025164604188
YAHKSQS,2.2808656692504883,0.5931134223937988,0.5714285714285714,0.2857142857142857,1.6216084957122805,1.0
YMKRSEG,1.5528783798217773,-0.7982964515686035,0.5714285714285714,0.4285714285714285,1.3716236352920532,1.0
YHHRPKI,-2.5254290103912354,0.1150001734495163,0.7142857142857143,0.2857142857142857,1.0055381059646606,0.905538135766983
YQKRNSE,1.3518290519714355,-1.5578875541687012,0.5714285714285714,0.4285714285714285,1.25800359249115,1.0
VSSRRGN,-2.291938066482544,-1.1680707931518555,0.5714285714285714,0.4285714285714285,0.8803032636642456,0.730303293466568
MHSRRES,-0.4736938774585724,-1.7764226198196411,0.7142857142857143,0.2857142857142857,1.019620656967163,0.9196205973625184
FHHRFNN,-1.0421422719955444,0.30304160714149475,0.5714285714285714,0.1428571428571428,1.200474977493286,1.0
KYYKSHE,-0.8820506930351257,0.3981114625930786,0.5714285714285714,0.2857142857142857,1.2303965091705322,1.0
YWSRNYD,-1.5250073671340942,0.6094484329223633,0.5714285714285714,0.2857142857142857,1.1806824207305908,1.0
YSQRGSD,1.8168760538101196,-2.3433244228363037,0.5714285714285714,0.2857142857142857,1.2188230752944946,1.0
YGHAYSN,-1.2925221920013428,-1.659130573272705,0.5714285714285714,0.4285714285714285,0.9382705688476562,0.7882705390453338
WYFRIPE,-3.287903308868408,1.2875388860702515,0.7142857142857143,0.4285714285714285,1.056089162826538,0.9560892224311828
QHHSSMG,0.9816321134567261,-3.0166304111480713,0.7142857142857143,0.4285714285714285,1.0416547060012815,0.9416546761989594
YHHKNKN,-2.336226224899292,0.9799903035163879,0.5714285714285714,0.1428571428571428,1.1302992105484009,0.9802991807460784
HFHGEHL,-0.7006783485412598,-3.097418785095215,0.7142857142857143,0.5714285714285714,0.8362982273101807,0.7362982124090195
YHHKDTE,1.1093920469284058,-2.070697784423828,0.5714285714285714,0.1428571428571428,1.1688803434371948,1.0
TSHEVKN,0.923724353313446,-3.901707649230957,0.7142857142857143,0.4285714285714285,0.9297856688499452,0.8297856539487839
YYHRRTN,-3.7423670291900635,0.8919826149940491,0.5714285714285714,0.2857142857142857,0.956221342086792,0.806221342086792
YIVRLGI,-2.3976569175720215,-1.5394607782363892,0.7142857142857143,0.4285714285714285,0.8238872289657593,0.7238872587680817
YHGRRNS,-3.145402669906616,0.09136731922626495,0.5714285714285714,0.1428571428571428,0.9305883646011353,0.7805883944034576
YLSKDEA,1.3441702127456665,-4.359713554382324,0.7142857142857143,0.4285714285714285,0.924307942390442,0.821650518104434
YHHRTED,1.1567472219467163,-0.9238156080245972,0.5714285714285714,0.2857142857142857,1.310618877410889,1.0
THPKNHN,0.3112536072731018,-1.7732772827148438,0.7142857142857143,0.4285714285714285,1.1113338470458984,1.0
YAHKKLV,-1.885327696800232,0.16328036785125732,0.5714285714285714,0.4285714285714285,1.0857577323913574,0.9357576727867126
YSHRSNA,2.1649112701416016,0.09439630061388016,0.5714285714285714,0.1428571428571428,1.548877477645874,1.0
VYHREPG,1.8313497304916382,-0.19573673605918884,0.5714285714285714,0.2857142857142857,1.4756004810333252,1.0
STEPGPN,-1.0753661394119263,-5.14371919631958,0.5714285714285714,0.5714285714285714,0.5496359467506409,0.3690409591887146
YHVLQGG,-0.12412115931510925,-2.4045283794403076,0.4285714285714285,0.4285714285714285,0.9856910705566406,0.7856910705566407
YHQRGND,1.9908260107040405,-1.3789832592010498,0.4285714285714285,0.2857142857142857,1.353610277175903,1.0
YLHIQHG,-0.6654000282287598,-1.7172167301177979,0.5714285714285714,0.2857142857142857,1.004345417022705,0.8543454468250274
YHHKYEL,0.07466161996126175,-0.8122244477272034,0.7142857142857143,0.4285714285714285,1.1979581117630005,1.0
HHGRLPN,0.3940829336643219,-0.17923606932163239,0.5714285714285714,0.4285714285714285,1.310314416885376,1.0
YQHKSDP,1.0820494890213013,-2.5781774520874023,0.5714285714285714,0.4285714285714285,1.105419635772705,0.9554196059703828
YHHFSTE,-0.7039302587509155,-0.7591385245323181,0.5714285714285714,0.1428571428571428,1.113663673400879,0.9636636734008788
YHSRSES,1.214199423789978,-0.04795508831739426,0.5714285714285714,0.2857142857142857,1.4213402271270752,1.0
YAHKVFG,0.3371034264564514,-0.5570808053016663,0.7142857142857143,0.4285714285714285,1.258803129196167,1.0
YNHKMPE,1.9850109815597534,-3.5481173992156982,0.7142857142857143,0.4285714285714285,1.0952811241149902,0.9952811241149904
YWNRNVN,-1.5664712190628052,0.3124605119228363,0.5714285714285714,0.4285714285714285,1.1405808925628662,0.9905808329582214
YHSKTVW,-1.2783737182617188,0.011323177255690098,0.5714285714285714,0.2857142857142857,1.1383354663848877,0.9883355259895324
SHRKSVW,-3.6853013038635254,0.5764669179916382,0.5714285714285714,0.4285714285714285,0.9253844022750854,0.7753844171762466
YLQRIAN,0.5220934748649597,-2.0430850982666016,0.7142857142857143,0.4285714285714285,1.1038198471069336,1.0
SYGIRAN,0.15471787750720978,-1.5097943544387817,0.7142857142857143,0.5714285714285714,1.124415636062622,1.0
DYSVSAD,-0.4566318988800049,-3.1270740032196045,0.5714285714285714,0.2857142857142857,0.8611739277839661,0.7111739426851272
IDYKTNN,0.6087744832038879,-3.036320686340332,0.7142857142857143,0.2857142857142857,0.9959286451339722,0.8959286451339722
YKHFSAM,-0.07335066795349121,0.10314684361219406,0.5714285714285714,0.4285714285714285,1.289463758468628,1.0
QSARERG,1.7327923774719238,-2.726156711578369,0.7142857142857143,0.5714285714285714,1.1635655164718628,1.0
YWFRHNN,-2.446772336959839,1.6589466333389282,0.5714285714285714,0.2857142857142857,1.1980828046798706,1.0
YSHRRFN,-3.1616358757019043,0.3380447030067444,0.5714285714285714,0.2857142857142857,0.9580000638961792,0.8080000638961792
FNHRSKE,0.30121541023254395,-1.2458378076553345,0.7142857142857143,0.2857142857142857,1.1728156805038452,1.0
YYTKLDE,-0.778538167476654,-0.8473808765411377,0.7142857142857143,0.2857142857142857,1.0945005416870115,0.994500482082367
GNHKRTW,-3.380730390548706,-0.5895799398422241,0.5714285714285714,0.4285714285714285,0.8223209381103516,0.6723209381103515
NYSRSNT,1.5294620990753174,1.27878737449646,0.5714285714285714,0.2857142857142857,1.6156175136566162,1.0
YSHRSWI,-2.3699753284454346,0.8190339803695679,0.7142857142857143,0.2857142857142857,1.1072533130645752,1.0
YHHRSNN,0.15554393827915192,1.2076259851455688,0.2857142857142857,0.1428571428571428,1.4472901821136477,1.0
EHSTSTI,-0.7011449337005615,-5.196484565734863,0.5714285714285714,0.5714285714285714,0.5869141817092896,0.4044389437884093
YHYRAVN,-1.1680114269256592,-0.12295529991388321,0.4285714285714285,0.2857142857142857,1.135227918624878,0.9352279782295227
YFHKHYI,-1.7744014263153076,-0.2359999120235443,0.7142857142857143,0.4285714285714285,1.0512384176254272,0.9512384474277495
YHHKNNG,1.034421443939209,-0.3534788489341736,0.5714285714285714,0.2857142857142857,1.3641300201416016,1.0
VHHQWTN,-0.8565740585327148,-1.026698350906372,0.7142857142857143,0.4285714285714285,1.0641202926635742,0.964120352268219
YVSKNAE,1.9062292575836182,-2.954902410507202,0.5714285714285714,0.2857142857142857,1.1565766334533691,1.0
YYPRRFE,-0.9682385325431824,-0.6023909449577332,0.7142857142857143,0.4285714285714285,1.1015264987945557,1.0
YHNRSRT,-3.709301233291626,0.30599889159202576,0.5714285714285714,0.4285714285714285,0.8904650807380676,0.7404650807380676
YHRRENI,-0.013104469515383244,0.08364352583885193,0.4285714285714285,0.2857142857142857,1.2941575050354004,1.0
VHHRKNL,-2.920111656188965,0.5267846584320068,0.7142857142857143,0.2857142857142857,1.0085235834121704,0.9085235834121704
EHKRSIE,0.3794657588005066,-1.7629103660583496,0.7142857142857143,0.2857142857142857,1.1205025911331177,1.0
YKRRTGP,-3.4212234020233154,0.4726945459842682,0.7142857142857143,0.2857142857142857,0.9437873363494872,0.8437873363494873
KATRSYD,-0.029743313789367676,-2.726557731628418,0.5714285714285714,0.4285714285714285,0.9584221839904784,0.8084222137928009
NYHFPGD,-1.9311519861221313,-1.402477502822876,0.7142857142857143,0.4285714285714285,0.8944426774978638,0.7944426476955414
YWHKHVY,-2.1102964878082275,1.0155856609344482,0.7142857142857143,0.2857142857142857,1.160817265510559,1.0
YWRRSVE,-2.181945562362671,0.6562917232513428,0.5714285714285714,0.4285714285714285,1.109802484512329,0.959802544116974
YLHNHHE,-0.2822072207927704,-2.16037917137146,0.7142857142857143,0.2857142857142857,0.996295928955078,0.8962959289550781
YYWRTYE,-2.8527324199676514,0.756810188293457,0.5714285714285714,0.4285714285714285,1.043686866760254,0.8936868071556091
MHHHNNF,-0.6413339972496033,-1.374261736869812,0.7142857142857143,0.2857142857142857,1.0478824377059937,0.947882467508316
YVHRNEA,1.1095153093338013,-0.3886967599391937,0.5714285714285714,0.2857142857142857,1.3686848878860474,1.0
TVQRDTI,1.1798447370529175,-4.216561317443848,0.5714285714285714,0.4285714285714285,0.9221901893615724,0.7721902191638946
LYSRNNW,-1.736279845237732,-0.14949585497379303,0.7142857142857143,0.2857142857142857,1.0659494400024414,0.9659494698047638
TWHRLAD,-1.4202016592025757,0.06698942929506302,0.5714285714285714,0.2857142857142857,1.128443956375122,0.978443956375122
YWHRNVN,-1.9009093046188354,1.4688509702682495,0.5714285714285714,0.2857142857142857,1.2390217781066897,1.0
YFSKGQN,1.5298514366149902,-1.50719153881073,0.5714285714285714,0.4285714285714285,1.284740686416626,1.0
YPKRDYT,0.05500936880707741,-1.294565200805664,0.7142857142857143,0.4285714285714285,1.1383782625198364,1.0
YYHRFAN,-1.8535128831863403,0.7399290800094604,0.7142857142857143,0.2857142857142857,1.1579548120498655,1.0
RHEKSDN,0.9879919290542603,-3.2696540355682373,0.5714285714285714,0.4285714285714285,1.0123403072357178,0.8623402625322342
YTHQTEN,-0.6290568709373474,-4.068719387054443,0.7142857142857143,0.4285714285714285,0.7292600870132446,0.6292600721120835
YYVGAAN,-1.409119963645935,-1.3596101999282837,0.5714285714285714,0.4285714285714285,0.960280179977417,0.8102802097797394
YYERNNT,-0.46567872166633606,-0.838512122631073,0.7142857142857143,0.2857142857142857,1.1319594383239746,1.0
IYNRATP,1.6187708377838135,-2.1649229526519775,0.5714285714285714,0.4285714285714285,1.2169615030288696,1.0
YYHRDDV,-0.7855382561683655,0.4439038336277008,0.5714285714285714,0.2857142857142857,1.2470662593841553,1.0
YYHRIAP,-1.8166104555130005,0.5459681153297424,0.5714285714285714,0.2857142857142857,1.1392099857330322,0.9892100155353546
MVHRDTV,0.7111714482307434,-2.9333972930908203,0.5714285714285714,0.4285714285714285,1.0200693607330322,0.8700693607330322
SHARVNG,1.008084774017334,-3.388657569885254,0.7142857142857143,0.4285714285714285,1.0005429983139038,0.9005429834127426
FYHRIHN,-1.264838457107544,-0.4608737826347351,0.7142857142857143,0.2857142857142857,1.08382248878479,0.98382248878479
AYTKVEW,-1.2148791551589966,-0.30806827545166016,0.7142857142857143,0.4285714285714285,1.1077862977981567,1.0
AHHRAEE,1.4847444295883179,-2.742102861404419,0.7142857142857143,0.2857142857142857,1.1328074932098389,1.0
YHHRSNS,-0.0952514037489891,1.3407269716262817,0.4285714285714285,0.1428571428571428,1.4339165687561035,1.0
YRHRSNE,-1.2070415019989014,0.6919264793395996,0.5714285714285714,0.1428571428571428,1.2274789810180664,1.0
YYNRAHA,-0.2686263918876648,-0.36943554878234863,0.7142857142857143,0.4285714285714285,1.210606813430786,1.0
YMYRVPE,-1.8024978637695312,-0.4703114628791809,0.7142857142857143,0.4285714285714285,1.0201371908187866,0.9201371610164644
EILKERN,1.8203339576721191,-3.837812900543213,0.7142857142857143,0.5714285714285714,1.04170823097229,0.9417082607746124
WYPRNTP,-1.7137887477874756,0.10708949714899063,0.5714285714285714,0.4285714285714285,1.0990440845489502,0.949044144153595
YYSRRHN,-3.698446273803711,0.7597222328186035,0.7142857142857143,0.2857142857142857,0.9456220865249634,0.8456220716238022
SAHNKNS,1.4143990278244019,-3.7424726486206055,0.7142857142857143,0.5714285714285714,1.0057966709136963,0.9057966858148576
YYHAGEW,-2.373997688293457,0.6129670143127441,0.5714285714285714,0.4285714285714285,1.0823084115982056,0.9323083817958832
HGARSNA,1.483040690422058,-2.2521305084228516,0.7142857142857143,0.4285714285714285,1.1908087730407717,1.0
YHGRNQI,0.4721927046775818,-0.704500675201416,0.7142857142857143,0.4285714285714285,1.257011890411377,1.0
IPPNANN,0.3039163649082184,-4.125234603881836,0.5714285714285714,0.5714285714285714,0.8311115503311157,0.6811115503311157
YLRRPTI,-2.5103917121887207,-0.16471871733665466,0.5714285714285714,0.2857142857142857,0.9740625619888306,0.8240625917911529
YHHRSNA,0.37932655215263367,1.0933818817138672,0.4285714285714285,0.0,1.4597604274749756,1.0
YHHKSNN,0.6080607175827026,1.0224573612213135,0.2857142857142857,0.0,1.477952241897583,1.0
YQTRVTP,2.2815628051757812,-2.7018308639526367,0.5714285714285714,0.0,1.2303121089935305,1.0
YHHENSG,0.7310478091239929,-2.0673727989196777,0.5714285714285714,0.0,1.1252496242523191,0.975249683856964
NTARVNT,1.6051934957504272,-3.780285358428955,0.7142857142857143,0.0,1.0235068798065186,0.9235068500041962
HFAKSNH,0.5775665044784546,-1.3807194232940674,0.5714285714285714,0.0,1.18895161151886,1.0
VYHRIEN,0.3696853518486023,0.2556760907173157,0.5714285714285714,0.0,1.3591347932815552,1.0
YHRRHVD,-1.6313105821609497,0.8631389141082764,0.4285714285714285,0.0,1.1984461545944214,0.9984461843967438
YYDRSNP,0.0899660661816597,-0.9642382860183716,0.4285714285714285,0.0,1.181682586669922,0.981682586669922
YTHRVNS,0.6474592089653015,-0.3157423436641693,0.7142857142857143,0.0,1.3235838413238523,1.0
YHHKHKE,0.26405248045921326,0.2423630803823471,0.7142857142857143,0.0,1.345261573791504,1.0
YWHRSHL,-1.958825945854187,0.9861344695091248,0.7142857142857143,0.0,1.1749447584152222,1.0
YNHRPPS,1.371269702911377,-1.5159378051757812,0.5714285714285714,0.0,1.2652485370635986,1.0
KLSRSEQ,0.24458417296409607,-1.042992353439331,0.5714285714285714,0.0,1.1903200149536133,1.0
VHHKDAS,1.2051092386245728,-2.4642128944396973,0.7142857142857143,0.0,1.1332762241363523,1.0
FYHKHIG,-0.7026600241661072,-0.1199929341673851,0.5714285714285714,0.0,1.189729928970337,1.0
YAHRDVW,-1.1464977264404297,-0.5369192361831665,0.7142857142857143,0.0,1.0885603427886963,0.9885602831840516
KSTRLVE,1.0157850980758667,-3.243283271789551,0.7142857142857143,0.0,1.0187067985534668,0.9187067538499832
HNHRAVN,0.23649579286575317,-0.7883276343345642,0.5714285714285714,0.0,1.2196283340454102,1.0
LYTRPEE,0.581706702709198,-1.7448416948318481,0.5714285714285714,0.0,1.146182417869568,0.9961824178695678
VWSRVQE,-0.5078771710395813,1.7348661422729492,0.5714285714285714,0.0,1.4327181577682495,1.0
WNEKREI,1.080374836921692,-2.560171604156494,0.7142857142857143,0.0,1.10736346244812,1.0
YYKKSAE,0.6320050358772278,-0.18699432909488678,0.5714285714285714,0.0,1.337078332901001,1.0
YHQKSYE,1.1657778024673462,-1.545218825340271,0.5714285714285714,0.0,1.237858772277832,1.0
FWHRGNE,-0.6550276875495911,0.332226425409317,0.7142857142857143,0.0,1.2489877939224243,1.0
IHSRPVE,2.2769439220428467,-2.6034204959869385,0.5714285714285714,0.0,1.2414638996124268,1.0
AYHRAAN,0.08407989889383316,-0.22885200381278992,0.7142857142857143,0.0,1.2683477401733398,1.0
MYVKGEG,1.7741378545761108,-0.3672272562980652,0.7142857142857143,0.0,1.4485732316970823,1.0
YLSRGVG,1.9634759426116943,-3.0602481365203857,0.5714285714285714,0.0,1.1507248878479004,1.0
YAHRNYA,-0.9453186988830566,-0.14851617813110352,0.7142857142857143,0.0,1.1581051349639893,1.0
YMHRSNP,0.1879536658525467,0.30592215061187744,0.5714285714285714,0.0,1.3439559936523438,1.0
YSHRGND,2.0381076335906982,-0.5432944297790527,0.5714285714285714,0.0,1.458376407623291,1.0
HHGRANF,-0.6833805441856384,-0.16812899708747864,0.7142857142857143,0.0,1.186255693435669,1.0
YHHKNYN,-0.05736454203724861,0.1583259105682373,0.5714285714285714,0.0,1.2978782653808594,1.0
YYHRDNE,-0.7809069752693176,0.2676658630371094,0.7142857142857143,0.0,1.2266714572906494,1.0
MAYRDVS,0.503399670124054,-1.8639737367630005,0.7142857142857143,0.0,1.122919678688049,1.0
YTSRSMM,0.4801340103149414,-0.09081800282001495,0.5714285714285714,0.0,1.3308300971984863,1.0
HNFKAQE,1.4020240306854248,-3.005901336669922,0.7142857142857143,0.0,1.091847538948059,0.9918475687503816
YYTRSDN,-0.30931055545806885,0.23649302124977112,0.4285714285714285,0.0,1.2778456211090088,1.0
YHRRLGD,-0.27541565895080566,1.0642439126968384,0.4285714285714285,0.0,1.3801109790802002,1.0
YYHRPYN,-0.833321750164032,0.524406373500824,0.7142857142857143,0.0,1.2510682344436646,1.0
YHHRSTK,-3.0440514087677,1.7245830297470093,0.5714285714285714,0.0,1.136377453804016,0.986377453804016
YYKHSTD,0.11885393410921097,-0.7976744771003723,0.5714285714285714,0.0,1.2048287391662598,1.0
GAHRVNT,0.8062381744384766,-2.343759775161743,0.7142857142857143,0.0,1.1011695861816406,1.0
TLYRMSE,-0.3798329532146454,-1.4489905834197998,0.7142857142857143,0.0,1.069435477256775,0.9694354474544524
IHHRSDN,0.737773597240448,-0.5050641298294067,0.5714285714285714,0.0,1.3116053342819214,1.0
YHSRMFE,0.20383287966251373,-0.582711398601532,0.7142857142857143,0.0,1.240250825881958,1.0
VVHRSNN,1.353846549987793,-0.4713662266731262,0.5714285714285714,0.0,1.3872966766357422,1.0
WMHRNNN,-0.7329708337783813,-0.9020015597343445,0.7142857142857143,0.0,1.0933150053024292,0.9933150053024292
YHRRGVD,-0.07777506858110428,0.5204679369926453,0.2857142857142857,0.0,1.3385188579559326,1.0
AYRRLEN,-0.8053464293479919,-0.34756627678871155,0.7142857142857143,0.0,1.1507495641708374,1.0
EYSRGNE,0.24456167221069336,-0.6806556582450867,0.7142857142857143,0.0,1.233356237411499,1.0
YHHRHHI,-0.7019621133804321,0.6731675863265991,0.7142857142857143,0.0,1.2840238809585571,1.0
YQSRNNN,1.8825347423553467,-2.058286666870117,0.5714285714285714,0.0,1.2603206634521484,1.0
VYERVTD,0.14759114384651184,-1.2259013652801514,0.5714285714285714,0.0,1.1573073863983154,1.0
YHHLSPN,0.33372607827186584,-0.4956085681915283,0.2857142857142857,0.0,1.2657119035720823,1.0
YSARSAQ,2.252809762954712,-1.4567179679870605,0.7142857142857143,0.0,1.3748623132705688,1.0
GHHRSIN,-0.1374104768037796,0.015233354642987251,0.5714285714285714,0.0,1.2715671062469482,1.0
IYQRKEW,-0.7625145316123962,0.027860382571816444,0.7142857142857143,0.0,1.2003271579742432,1.0
HGRASAN,0.7066795825958252,-1.623524785041809,0.5714285714285714,0.0,1.1751348972320557,1.0
YVHRWPP,-2.282994508743286,1.8535747528076172,0.7142857142857143,0.0,1.240258812904358,1.0
YVVKSNN,1.966429591178894,-0.24672716856002808,0.4285714285714285,0.0,1.485262155532837,1.0
YYHRHGN,-1.9443162679672241,0.7371870875358582,0.7142857142857143,0.0,1.1470627784729004,1.0
YPRMSNG,2.3954882621765137,-2.38360595703125,0.4285714285714285,0.0,1.2813681364059448,1.0
TYHHATY,-1.2526391744613647,0.7235721349716187,0.4285714285714285,0.0,1.225932002067566,1.0
YHHRSVN,0.14893944561481476,0.8620687127113342,0.4285714285714285,0.0,1.4054760932922363,1.0
YHERSIE,1.2923312187194824,-1.9370249509811401,0.5714285714285714,0.0,1.2060457468032837,1.0
VYYRSHE,-0.3299960196018219,1.6262779235839844,0.4285714285714285,0.0,1.440518856048584,1.0
YGHRSEP,1.036440372467041,0.14046378433704376,0.5714285714285714,0.0,1.423035979270935,1.0
YVTRSEW,-1.3807802200317383,1.2592806816101074,0.5714285714285714,0.0,1.274653077125549,1.0
FHHRSAE,1.021007776260376,-0.9628694653511047,0.7142857142857143,0.0,1.290184736251831,1.0
HYSRAAN,-0.09326701611280441,0.31380191445350647,0.7142857142857143,0.0,1.3121681213378906,1.0
YFHRLET,-1.7286250591278076,0.5163503289222717,0.8571428571428571,0.0,1.145930290222168,1.0
YYHKNTI,-0.19885525107383728,-0.6123947501182556,0.4285714285714285,0.0,1.189866542816162,0.9898665428161622
VYKRIED,0.5474162697792053,-0.7343136072158813,0.5714285714285714,0.0,1.2622239589691162,1.0
YWHKYSE,-0.7667052149772644,0.6936454176902771,0.7142857142857143,0.0,1.278922438621521,1.0
MHVRSKE,1.3098981380462646,-1.69061279296875,0.7142857142857143,0.0,1.2373590469360352,1.0
YSARSED,1.4339817762374878,-1.7340742349624634,0.5714285714285714,0.0,1.2466355562210083,1.0
YYTRSNN,0.32029980421066284,-0.027679502964019775,0.4285714285714285,0.0,1.3197307586669922,1.0
YYSRSGN,0.733134388923645,0.07231447100639343,0.5714285714285714,0.0,1.3796472549438477,1.0
YISRVYE,-1.1678797006607056,-0.475605309009552,0.7142857142857143,0.0,1.0933551788330078,0.9933551192283632
YHHKQAN,0.49264949560165405,-0.12290739268064499,0.5714285714285714,0.0,1.328474760055542,1.0
YYKRSDD,-0.2697092890739441,-0.3171125054359436,0.5714285714285714,0.0,1.216695785522461,1.0
IFLRGNN,-0.5483765006065369,-0.194773867726326,0.4285714285714285,0.0,1.198800563812256,0.9988005042076112
WYHQHRN,-1.4819327592849731,0.40207400918006897,0.7142857142857143,0.0,1.161062479019165,1.0
YSHKVNN,2.174858808517456,-0.7967798113822937,0.5714285714285714,0.0,1.4441800117492676,1.0
MHYSSTG,1.2685483694076538,-2.0919864177703857,0.7142857142857143,0.0,1.184871792793274,1.0
NPHRSAY,0.9600921273231506,-0.9562223553657532,0.5714285714285714,0.0,1.2838859558105469,1.0
KHYVETE,0.10641519725322723,-2.0479276180267334,0.7142857142857143,0.0,1.0548746585845947,0.9548746883869172
QWWRPPA,-3.567166566848755,1.883499026298523,0.7142857142857143,0.0,1.0943819284439087,0.9943819582462312
YAIKSVN,2.1502647399902344,-1.527574062347412,0.4285714285714285,0.0,1.35451340675354,1.0
YHRYPHN,-0.3737843930721283,0.40617215633392334,0.4285714285714285,0.0,1.2904977798461914,1.0
IHYRGGP,0.8866507411003113,-0.7821267247200012,0.5714285714285714,0.0,1.2960193157196045,1.0
WWTRSNV,-2.600489854812622,1.96320378780365,0.5714285714285714,0.0,1.2163357734680176,1.0
YYDRRRA,-1.6805063486099243,0.37918511033058167,0.7142857142857143,0.0,1.1352369785308838,1.0
YLHKMNG,1.8984936475753784,-0.613198459148407,0.5714285714285714,0.0,1.4338270425796509,1.0
YAHKSVN,2.4649813175201416,0.6026248931884766,0.4285714285714285,0.0,1.644162654876709,1.0
YGHRITN,0.8456722497940063,0.708120584487915,0.5714285714285714,0.0,1.46826434135437,1.0
YLSRSNV,1.4793357849121094,-0.12014307826757431,0.5714285714285714,0.0,1.443617820739746,1.0
YHDRTGN,1.774897575378418,-2.4568839073181152,0.5714285714285714,0.0,1.2004495859146118,1.0
VYYRHEP,-1.2392925024032593,1.7904906272888184,0.4285714285714285,0.0,1.3542149066925049,1.0
QSKWHNE,1.4711923599243164,-2.943803310394287,0.7142857142857143,0.0,1.107272386550903,1.0
KSWSWPE,-3.05787992477417,1.4200583696365356,0.7142857142857143,0.0,1.098596453666687,0.998596453666687
DHHKAGK,-1.116172194480896,-0.3899114727973938,0.7142857142857143,0.0,1.109550714492798,1.0
YHNIVKN,1.3253769874572754,-2.9279327392578125,0.5714285714285714,0.0,1.0921897888183594,0.942189848423004
TVHRQNL,1.057328224182129,-1.56015944480896,0.5714285714285714,0.0,1.2234644889831543,1.0
YWGKYSE,-1.155983567237854,0.9949251413345337,0.8571428571428571,0.0,1.2694108486175537,1.0
YSRVIED,1.4255996942520142,1.7871551513671875,0.4285714285714285,0.0,1.6639161109924316,1.0
KYSNTPN,0.9058104157447815,-2.37385892868042,0.5714285714285714,0.0,1.109180927276611,0.9591809570789336
VHHRSND,1.1757926940917969,-0.096942238509655,0.5714285714285714,0.0,1.4110522270202637,1.0
LHYRMNE,0.12922002375125885,-0.8334171175956726,0.5714285714285714,0.0,1.201789379119873,1.0
HYRLGAN,-0.3186849057674408,0.3383149206638336,0.5714285714285714,0.0,1.2888492345809937,1.0
VYHRSSG,1.0233803987503052,1.6833652257919312,0.4285714285714285,0.0,1.6047840118408203,1.0
YAFKRTE,1.3695793151855469,-1.2332419157028198,0.5714285714285714,0.0,1.2986308336257937,1.0
QYHRAED,1.1108325719833374,-0.7077698707580566,0.7142857142857143,0.0,1.3309383392333984,1.0
YMSKNAN,2.095940589904785,-3.0277099609375,0.5714285714285714,0.0,1.1700040102005005,1.0
YVQRDGN,1.4410338401794434,-2.3112332820892334,0.5714285714285714,0.0,1.1789004802703855,1.0
YYQKNHE,0.7973652482032776,-1.2886476516723633,0.7142857142857143,0.0,1.2254645824432373,1.0
YTHRSQD,1.0649290084838867,-1.1742771863937378,0.5714285714285714,0.0,1.2701843976974487,1.0
YYHKSNW,-1.265158772468567,1.1910135746002197,0.4285714285714285,0.0,1.2799983024597168,1.0
YYIKQPH,-0.514846682548523,-0.2983185648918152,0.7142857142857143,0.0,1.1904029846191406,1.0
IFHRGLE,-0.3157965838909149,-0.3722967505455017,0.7142857142857143,0.0,1.2047779560089111,1.0
YYHRPNQ,-0.9708237648010254,0.5376481413841248,0.7142857142857143,0.0,1.2366409301757812,1.0
YKHLGPN,1.55038583278656,-0.13767631351947784,0.4285714285714285,0.0,1.4498028755187988,1.0
YHKESYL,0.1649695783853531,-0.590633749961853,0.5714285714285714,0.0,1.2347874641418457,1.0
YFHKAWN,-1.4431730508804321,0.8882099390029907,0.5714285714285714,0.0,1.2233165502548218,1.0
YDHKTLP,1.4736535549163818,-2.578812837600708,0.7142857142857143,0.0,1.1509127616882324,1.0
YYHRNFN,-0.8031430840492249,0.6711839437484741,0.5714285714285714,0.0,1.2720143795013428,1.0
HWPRDVN,-2.3607711791992188,1.0548524856567383,0.5714285714285714,0.0,1.1363351345062256,0.9863351941108705
THHHATA,0.26545581221580505,-1.215816617012024,0.5714285714285714,0.0,1.1722204685211182,1.0
YTHKMGT,2.0049967765808105,-1.0712095499038696,0.7142857142857143,0.0,1.3918169736862185,1.0
HHGKHPW,-0.4131738841533661,-0.3321840465068817,0.7142857142857143,0.0,1.198211431503296,1.0
KYTRDQW,0.021008748561143875,-0.7567324638366699,0.4285714285714285,0.0,1.1983063220977783,0.9983063220977784
YWHAHTT,-1.8153365850448608,0.5106778144836426,0.7142857142857143,0.0,1.1351664066314695,1.0
SHHRREG,-0.6610540747642517,-0.4011211693286896,0.5714285714285714,0.0,1.1611785888671875,1.0
YYAHKHI,-0.20949620008468628,-0.129923477768898,0.7142857142857143,0.0,1.2459369897842407,1.0
FRINRHD,-0.6626420617103577,-0.6767017841339111,0.8571428571428571,0.0,1.1282601356506348,1.0
YPRSPTV,2.1637346744537354,-3.1851296424865723,0.4285714285714285,0.0,1.1591942310333252,0.9591942310333252
LYHRMNE,0.049016449600458145,-0.7262980937957764,0.5714285714285714,0.0,1.2051804065704346,1.0
YHQRNAV,0.8439763188362122,-1.106256365776062,0.5714285714285714,0.0,1.252553105354309,1.0
