seq,fitness_pred,htfr1_pred,ref_dist,div_prev,reward_signal,final_score
HHWRWYS,-4.452919006347656,1.4284707307815552,0.5714285714285714,0.4285714285714285,0.9372438192367554,0.787243789434433
PFHNYNE,-1.7582478523254395,-1.5765187740325928,0.7142857142857143,0.4285714285714285,0.908468782901764,0.8084687829017639
LPRINNE,0.853196918964386,-4.010049343109131,0.5714285714285714,0.4285714285714285,0.9372562170028688,0.7872562170028686
LYTRMNN,0.020661698654294014,-0.5571017861366272,0.5714285714285714,0.4285714285714285,1.245060920715332,1.0
YRRRSNF,-3.3025848865509033,0.8839541077613831,0.4285714285714285,0.2857142857142857,1.0123761892318726,0.812376219034195
PHHRDNM,0.4184822738170624,-1.9665565490722656,0.7142857142857143,0.2857142857142857,1.1264560222625732,1.0
IYARSHT,-0.3098018765449524,1.0911256074905396,0.5714285714285714,0.4285714285714285,1.4001116752624512,1.0
VSNMAPD,-0.22927284240722656,-4.529282093048096,0.5714285714285714,0.2857142857142857,0.7444080114364624,0.5920199375599623
VAQWGHN,-0.7326387763023376,-2.422788619995117,0.5714285714285714,0.4285714285714285,0.932735800743103,0.7827358305454254
YWGRYNH,-2.493767261505127,0.5362414717674255,0.7142857142857143,0.4285714285714285,1.069364309310913,0.9693642795085908
DYSCDMM,-3.7799391746520996,-1.1457747220993042,0.7142857142857143,0.5714285714285714,0.7141168713569641,0.6141168862581253
MKHRKSE,-2.1539790630340576,0.5097272992134094,0.7142857142857143,0.4285714285714285,1.1074618101119995,1.0
TFKESYL,-0.37049540877342224,-2.13360857963562,0.7142857142857143,0.2857142857142857,1.0109257698059082,0.9109257102012634
NHHHPSN,-0.6504574418067932,-1.24560546875,0.5714285714285714,0.2857142857142857,1.0820921659469604,0.9320921957492828
IYTYAKA,-0.5122303366661072,-0.9852120280265808,0.7142857142857143,0.7142857142857143,1.1296989917755127,1.0
HQKKQEW,0.7371010184288025,-1.281406044960022,0.7142857142857143,0.2857142857142857,1.2462481260299685,1.0
QGCMSEL,-4.41059684753418,-1.1367019414901733,0.7142857142857143,0.2857142857142857,0.6386541724205017,0.5386541873216629
RNVKDLA,1.5466705560684204,-3.632145404815674,0.7142857142857143,0.2857142857142857,1.0661617517471311,0.9661617517471314
YWVRETF,-3.0121047496795654,1.1204407215118408,0.5714285714285714,0.4285714285714285,1.0756298303604126,0.925629860162735
YSRKVAN,-2.2866899967193604,0.08155406266450882,0.4285714285714285,0.4285714285714285,1.040658712387085,0.8406586527824402
THFHGKN,0.5957561135292053,-1.2485582828521729,0.5714285714285714,0.4285714285714285,1.2329837083816528,1.0
GYHLATD,-0.42003968358039856,-3.2152342796325684,0.5714285714285714,0.2857142857142857,0.8768445253372192,0.7268445253372192
EHVRQKN,1.0801541805267334,-1.3325624465942383,0.4285714285714285,0.4285714285714285,1.2818241119384766,1.0
THKRTTT,-2.863370418548584,0.1815175712108612,0.7142857142857143,0.4285714285714285,0.982508420944214,0.8825084507465363
MPRWYQG,-2.678196430206299,1.5123084783554077,0.7142857142857143,0.5714285714285714,1.162551760673523,1.0
QHHKFND,1.131516456604004,-1.7557259798049927,0.7142857142857143,0.2857142857142857,1.2379533052444458,1.0
YHHRKAN,-2.589369058609009,1.3158648014068604,0.5714285714285714,0.0,1.15007221698761,1.0
LPEDLWW,-3.940948009490967,-0.05824897810816765,0.7142857142857143,0.5714285714285714,0.8233438730239868,0.7233438432216645
RHHCSAN,-4.380049228668213,0.24007336795330048,0.5714285714285714,0.4285714285714285,0.8053767085075378,0.6553767085075378
DLSFHNE,-0.9110233187675476,-4.768099308013916,0.5714285714285714,0.2857142857142857,0.6333936452865601,0.4725224923342466
MYHRPNE,1.2626234292984009,-0.6903191804885864,0.7142857142857143,0.1428571428571428,1.3800126314163208,1.0
DHCTYHE,-3.7423622608184814,-2.42988920211792,0.7142857142857143,0.2857142857142857,0.566633403301239,0.4666334182024002
IHMRQDR,-0.7800605893135071,-1.4445444345474243,0.7142857142857143,0.2857142857142857,1.0428082942962646,0.9428083240985872
YQPKKRN,-2.6122708320617676,0.5112470984458923,0.7142857142857143,0.1428571428571428,1.0520232915878296,0.9520232617855072
SFQSQGE,-0.8822293281555176,-3.673797130584717,0.7142857142857143,0.5714285714285714,0.7664574384689331,0.6664574682712555
YHKRNEM,-0.2234717309474945,-0.6495558619499207,0.5714285714285714,0.1428571428571428,1.2044858932495115,1.0
YNAKGEN,0.8961367011070251,-2.8833940029144287,0.5714285714285714,0.2857142857142857,1.0758675336837769,0.9258675038814544
APITQYT,0.8616140484809875,-3.161914348602295,0.7142857142857143,0.4285714285714285,1.038699984550476,0.938699984550476
QDEKAGQ,-0.26540571451187134,-4.288890361785889,0.4285714285714285,0.5714285714285714,0.7684862017631531,0.5684861868619919
ELFKSVN,0.6462727785110474,-0.40524110198020935,0.5714285714285714,0.2857142857142857,1.3389662504196167,1.0
NLGESPT,-0.7546467781066895,-5.013873100280762,0.5714285714285714,0.5714285714285714,0.6232710480690002,0.4536697678267956
VNRMEAC,-3.5944528579711914,-0.8365796208381653,0.7142857142857143,0.5714285714285714,0.7732374668121338,0.6732374370098114
APHSSSD,-0.373100221157074,-4.672832489013672,0.7142857142857143,0.4285714285714285,0.709956169128418,0.6024689983576537
SSRRSSI,-2.710686683654785,-0.35463666915893555,0.5714285714285714,0.2857142857142857,0.9375555515289308,0.787555581331253
YGFKNKA,-2.3974101543426514,-0.7988258004188538,0.5714285714285714,0.4285714285714285,0.9229813814163208,0.7729814112186432
VHHRSND,1.1757926940917969,-0.096942238509655,0.5714285714285714,0.2857142857142857,1.439732789993286,1.0
AFICQPN,-4.244368076324463,0.16473832726478577,0.7142857142857143,0.5714285714285714,0.8129230737686157,0.7129230886697769
YTHKMGT,2.0049967765808105,-1.0712095499038696,0.7142857142857143,0.4285714285714285,1.4250085353851318,1.0
YYAHKHI,-0.20949620008468628,-0.129923477768898,0.7142857142857143,0.2857142857142857,1.2677083015441897,1.0
EWCFISV,-5.1152024269104,1.93550443649292,0.7142857142857143,0.7142857142857143,0.9169033765792848,0.8169033505022526
YMHKSEN,1.0398482084274292,-1.0074026584625244,0.5714285714285714,0.0,1.3154326677322388,1.0
KNSFSVE,-0.34353986382484436,-4.067102909088135,0.5714285714285714,0.2857142857142857,0.785264253616333,0.635264253616333
YHHRPEW,0.3970745801925659,0.24526706337928772,0.7142857142857143,0.1428571428571428,1.3857460021972656,1.0
NWHNPLH,-0.9310842752456665,-1.429888367652893,0.7142857142857143,0.1428571428571428,1.026215434074402,0.9262154042720796
NFSRNDA,1.356295108795166,-3.461756706237793,0.7142857142857143,0.4285714285714285,1.0632323026657104,0.9632323175668716
YSGRSTF,0.28608939051628113,-2.343139886856079,0.5714285714285714,0.2857142857142857,1.0657999515533447,0.9157999217510224
AYSRSTQ,-0.2471923530101776,1.0511837005615234,0.5714285714285714,0.2857142857142857,1.4029808044433594,1.0
YQHSVNF,-0.999876856803894,-1.8215205669403076,0.5714285714285714,0.2857142857142857,0.9714959859848022,0.8214959561824798
YYHRAVD,-0.6111077070236206,0.8381252884864807,0.7142857142857143,0.1428571428571428,1.33358895778656,1.0
RHHHGNN,-0.15895505249500275,0.5898117423057556,0.5714285714285714,0.1428571428571428,1.3590612411499023,1.0
FDRTENT,0.156577005982399,-5.199723720550537,0.7142857142857143,0.4285714285714285,0.7118522524833679,0.5856493391096592
AYWRLCN,-4.990208148956299,2.2179861068725586,0.7142857142857143,0.4285714285714285,0.9655196070671082,0.86551962941885
YETDSDQ,-1.0645322799682617,-3.1340675354003906,0.7142857142857143,0.2857142857142857,0.8082389831542969,0.7082390129566193
ASDRTEN,0.1066586896777153,-4.291421890258789,0.5714285714285714,0.2857142857142857,0.8133403658866882,0.6633403658866882
YTAYSVV,-2.2999520301818848,-0.4791899025440216,0.7142857142857143,0.4285714285714285,0.9726550579071044,0.8726550579071045
MGSRAFK,-3.765373706817627,-1.4898874759674072,0.7142857142857143,0.1428571428571428,0.675140380859375,0.5751403957605362
HHKRPDY,-0.8500908613204956,0.6954338550567627,0.7142857142857143,0.4285714285714285,1.2876906394958496,1.0
PMTRGRN,-3.3063085079193115,-1.2987024784088135,0.5714285714285714,0.5714285714285714,0.7534898519515991,0.6034898221492767
DYEVTSE,-0.17304402589797974,-3.994365930557251,0.7142857142857143,0.4285714285714285,0.814568042755127,0.7145680278539658
YSAPQDL,-0.5215199589729309,-3.498979330062866,0.7142857142857143,0.4285714285714285,0.8309323787689209,0.7309323936700821
MHRRSTN,-2.7896170616149902,0.7809833884239197,0.4285714285714285,0.1428571428571428,1.0624381303787231,0.8624381303787232
AGREYPP,0.5574191212654114,-3.7892913818359375,0.5714285714285714,0.5714285714285714,0.9274990558624268,0.7774990558624267
WHHMNND,-0.9428004026412964,-2.0606329441070557,0.7142857142857143,0.4285714285714285,0.9501110315322876,0.8501110017299652
ISHRSFL,-1.586305856704712,-1.3687875270843506,0.5714285714285714,0.4285714285714285,0.9539318680763244,0.8039318680763244
YKHGNSQ,1.338173270225525,-1.558092713356018,0.5714285714285714,0.4285714285714285,1.2864339351654053,1.0
HHGISEE,-0.5656185150146484,-4.4955644607543945,0.5714285714285714,0.4285714285714285,0.7075812220573425,0.55639080516994
VMTFYGF,-3.581113576889038,0.30495452880859375,0.7142857142857143,0.5714285714285714,0.9100182056427002,0.8100181758403778
YKSLVFG,-1.2388925552368164,-0.8233036994934082,0.7142857142857143,0.2857142857142857,1.0606814622879028,0.9606814622879029
RRKVGGT,-3.209942579269409,0.24702726304531097,0.7142857142857143,0.4285714285714285,0.9482048749923706,0.8482048451900482
HYSRAAN,-0.09326701611280441,0.31380191445350647,0.7142857142857143,0.2857142857142857,1.3343526124954224,1.0
EHHWDNN,-1.5825586318969727,-2.254477024078369,0.5714285714285714,0.2857142857142857,0.849517822265625,0.6995177924633026
YQREPQN,1.4316837787628174,-3.5269105434417725,0.5714285714285714,0.1428571428571428,1.0646671056747437,0.9146671205759048
YRSRKHG,-2.8334240913391113,1.4001230001449585,0.7142857142857143,0.4285714285714285,1.1304301023483276,1.0
YLHRPGH,-0.679399847984314,-0.3676498532295227,0.7142857142857143,0.2857142857142857,1.182532787322998,1.0
ISSHEVD,-1.0135711431503296,-4.499249458312988,0.5714285714285714,0.4285714285714285,0.6527811288833618,0.5014598105102778
YHRRWYN,-3.88071870803833,1.0032572746276855,0.4285714285714285,0.2857142857142857,0.9563395380973816,0.7563395231962204
YMSKNAN,2.095940589904785,-3.0277099609375,0.5714285714285714,0.2857142857142857,1.2043888568878174,1.0
RVHNSKN,-3.5979409217834473,-0.18860192596912384,0.7142857142857143,0.4285714285714285,0.8495371341705322,0.7495371043682099
YVERNQN,1.3672306537628174,-2.759488582611084,0.5714285714285714,0.4285714285714285,1.1477105617523191,0.9977105915546416
YVQRDGN,1.4410338401794434,-2.3112332820892334,0.5714285714285714,0.4285714285714285,1.2097424268722534,1.0
LNGSGSA,0.42294445633888245,-5.238786697387695,0.5714285714285714,0.1428571428571428,0.7395535707473755,0.5619630994275212
YYHKDNN,0.05397184565663338,-0.25634172558784485,0.5714285714285714,0.2857142857142857,1.2847144603729248,1.0
GSWGNNE,-1.483299970626831,-2.8860769271850586,0.7142857142857143,0.4285714285714285,0.7867801189422607,0.6867801487445832
MAYRDVS,0.503399670124054,-1.8639737367630005,0.7142857142857143,0.4285714285714285,1.1489078998565674,1.0
MHSRACW,-3.64113187789917,0.23123502731323242,0.7142857142857143,0.2857142857142857,0.8940056562423706,0.7940056413412094
IHKRGML,-2.991703510284424,-0.22205093502998352,0.5714285714285714,0.1428571428571428,0.9191498756408693,0.7691498458385467
YTSRSMM,0.4801340103149414,-0.09081800282001495,0.5714285714285714,0.4285714285714285,1.356032371520996,1.0
SWDHMSE,-1.7420690059661865,-1.1707056760787964,0.7142857142857143,0.5714285714285714,0.958482027053833,0.8584819972515106
VLHMSKD,1.0980359315872192,-3.4329135417938232,0.7142857142857143,0.2857142857142857,1.0353049039840698,0.9353049486875534
RGHADHT,0.02032625861465931,-2.7946314811706543,0.7142857142857143,0.4285714285714285,0.980088472366333,0.8800885021686554
QNHSSDY,-0.182806134223938,-3.47294282913208,0.7142857142857143,0.1428571428571428,0.8751217126846313,0.7751217275857926
YYKKFNN,-2.4137792587280273,0.0942489355802536,0.5714285714285714,0.2857142857142857,1.026738166809082,0.8767381370067596
EHHRHNN,-0.316823810338974,-0.5119243264198303,0.5714285714285714,0.1428571428571428,1.2094526290893557,1.0
RTHRPAW,-5.121921062469482,-0.3388362526893616,0.5714285714285714,0.2857142857142857,0.646797776222229,0.4967977650463581
YSRSHLV,-0.3601170778274536,0.2389163225889206,0.4285714285714285,0.1428571428571428,1.2931008338928225,1.0
EIHRYAS,-0.4277617335319519,-0.9943336248397827,0.5714285714285714,0.4285714285714285,1.1388702392578125,0.9888701796531676
YQHRTVE,1.5223296880722046,-2.401951789855957,0.7142857142857143,0.2857142857142857,1.2088671922683716,1.0
MHDIGTG,0.9352071285247803,-4.60655403137207,0.7142857142857143,0.0,0.8765806555747986,0.7714477766305208
AYHHEYS,-1.7941598892211914,-0.10009247064590454,0.7142857142857143,0.4285714285714285,1.0789247751235962,0.9789247453212738
YTHQSGF,-0.5401341915130615,-2.909710645675659,0.7142857142857143,0.4285714285714285,0.8984448909759521,0.7984449207782746
IYCRSSE,-3.4676008224487305,0.8847691416740417,0.5714285714285714,0.4285714285714285,0.99244624376297,0.84244624376297
YQHRSNN,0.7530984282493591,-0.3311164677143097,0.4285714285714285,0.0,1.3607072830200195,1.0
YQHRRWM,-4.319529056549072,0.5355684161186218,0.7142857142857143,0.4285714285714285,0.8477091789245605,0.7477091640233994
NYIKDAN,0.09316790103912354,-2.216520309448242,0.7142857142857143,0.4285714285714285,1.0573790073394775,0.9573790669441224
YYKTGLA,1.0850309133529663,-1.2237515449523926,0.5714285714285714,0.2857142857142857,1.2952995300292969,1.0
VVDRVEQ,0.7117105722427368,-4.052534103393555,0.5714285714285714,0.2857142857142857,0.9150550365447998,0.7650550067424774
PHSQANW,-0.4788239598274231,-1.154347538948059,0.7142857142857143,0.4285714285714285,1.1137269735336304,1.0
GHHEPNN,-0.36451900005340576,-4.234127521514893,0.5714285714285714,0.4285714285714285,0.762941837310791,0.6129418522119522
AMHQSPC,-3.425445795059204,-0.24598048627376556,0.7142857142857143,0.2857142857142857,0.8636773824691772,0.7636774122714997
DHHSTEI,-0.48632290959358215,-4.715149402618408,0.7142857142857143,0.4285714285714285,0.6912049651145935,0.5822146583348513
GCSRIEH,-3.7374484539031982,0.1674499213695526,0.7142857142857143,0.4285714285714285,0.8747642040252686,0.7747642189264298
ELLRKRN,-2.178419828414917,-0.3481976389884949,0.5714285714285714,0.4285714285714285,1.0029141902923584,0.8529142498970032
FRRLTVD,-1.176031470298767,-1.6618462800979614,0.5714285714285714,0.7142857142857143,0.9690237641334534,0.8190237641334533
YDHSMLD,-0.7377573847770691,-2.6507201194763184,0.5714285714285714,0.4285714285714285,0.905126690864563,0.755126690864563
YKHNVGK,-3.0317509174346924,-0.6245342493057251,0.7142857142857143,0.4285714285714285,0.8666342496871948,0.7666342794895172
DHSEIDW,-0.9184085130691528,-2.467930316925049,0.7142857142857143,0.4285714285714285,0.9048457741737366,0.8048457741737366
EHHKDTV,0.9879857301712036,-3.3701720237731934,0.4285714285714285,0.4285714285714285,1.029378056526184,0.8293780416250229
HVTKMGV,1.088070034980774,-3.452360153198242,0.7142857142857143,0.4285714285714285,1.0317929983139038,0.9317929536104202
HKHSPNY,-0.4598083198070526,-0.5033668875694275,0.8571428571428571,0.2857142857142857,1.1931132078170776,1.0
SHHRQLS,-0.26644301414489746,-0.11621639877557755,0.5714285714285714,0.4285714285714285,1.2624201774597168,1.0
YFRASYK,-4.031851291656494,0.2992108166217804,0.5714285714285714,0.1428571428571428,0.8546363115310669,0.7046363115310669
GHPPKNH,-0.17871250212192535,-2.326206922531128,0.7142857142857143,0.4285714285714285,1.0113962888717651,0.9113962590694428
CHKRSNF,-4.638068675994873,1.1852914094924927,0.5714285714285714,0.4285714285714285,0.8859806060791016,0.7359805911779403
FLHRSWA,-3.09633207321167,0.12495238333940506,0.7142857142857143,0.2857142857142857,0.9475385546684264,0.8475385546684265
PHLKSPY,0.930773138999939,-1.9096940755844116,0.5714285714285714,0.4285714285714285,1.1953606605529783,1.0
YHHWWEP,-2.6650424003601074,0.6807482242584229,0.7142857142857143,0.2857142857142857,1.0656883716583252,0.9656883418560028
PYRWFFK,-5.3842668533325195,0.7787883877754211,0.7142857142857143,0.1428571428571428,0.7472901940345764,0.647290175408125
YSHWLLQ,-4.10178804397583,0.07259783148765564,0.5714285714285714,0.0,0.8193169236183167,0.6693169385194778
ESRREKC,-3.743272304534912,-1.1691886186599731,0.5714285714285714,0.4285714285714285,0.715794563293457,0.5657945483922958
MLHRPEY,0.1360446661710739,-1.444896936416626,0.7142857142857143,0.4285714285714285,1.1539456844329834,1.0
VHKDVEN,1.1848689317703247,-3.9356372356414795,0.5714285714285714,0.4285714285714285,0.9863187074661256,0.8363187223672867
NWHHRKI,-3.78122878074646,0.2562237083911896,0.7142857142857143,0.2857142857142857,0.8799622058868408,0.7799621760845185
YAHRDGD,1.369925856590271,-1.9423410892486572,0.7142857142857143,0.1428571428571428,1.2447909116744995,1.0
SNPGQRG,2.077374219894409,-4.193889617919922,0.7142857142857143,0.5714285714285714,1.0640556812286377,0.964055636525154
NWHTVQN,-1.397284984588623,-1.2107422351837158,0.7142857142857143,0.4285714285714285,0.9955847263336182,0.8955847263336182
SSFHAQS,0.08988571912050247,-3.8248403072357178,0.5714285714285714,0.5714285714285714,0.8665497303009033,0.7165497601032257
FQESVEN,-0.941210925579071,-4.778484344482422,0.7142857142857143,0.4285714285714285,0.6285004019737244,0.5172603849321604
GNHKDWN,0.21230366826057434,-2.0807993412017822,0.7142857142857143,0.4285714285714285,1.087907314300537,0.9879072844982149
HWHDHTG,-0.33085906505584717,-1.064097285270691,0.7142857142857143,0.2857142857142857,1.1423699855804443,1.0
NTHTIWM,-3.2957420349121094,-1.0653654336929321,0.8571428571428571,0.5714285714285714,0.7824001312255859,0.7324001312255859
YHHRNGQ,-0.01411273144185543,0.6318833231925964,0.5714285714285714,0.2857142857142857,1.3816207647323608,1.0
LYCFCNF,-4.826769828796387,1.5137003660202026,0.7142857142857143,0.5714285714285714,0.9019646048545836,0.8019645974040032
AMPHSEN,-0.43375417590141296,-5.039802551269531,0.7142857142857143,0.4285714285714285,0.6591446399688721,0.5386222910135985
FFHKSCT,-4.053532123565674,0.2748655080795288,0.5714285714285714,0.2857142857142857,0.8491225242614746,0.6991225093603134
VNHRSSH,0.1394508332014084,-1.0213793516159058,0.5714285714285714,0.2857142857142857,1.2045050859451294,1.0
YISRIYQ,-2.6612796783447266,-0.1984991580247879,0.7142857142857143,0.2857142857142857,0.9620389342308044,0.8620389342308045
STRTSWQ,-0.928452730178833,-1.671634316444397,0.7142857142857143,0.4285714285714285,0.9979110956192015,0.8979111254215241
WQFWFDA,-3.9883577823638916,0.07739830017089844,0.8571428571428571,0.7142857142857143,0.8336513042449951,0.7836512893438339
PFSKSNN,1.3150105476379395,-1.0430762767791748,0.5714285714285714,0.2857142857142857,1.3446025848388672,1.0
VYWGHWM,-5.0202789306640625,1.2975107431411743,0.7142857142857143,0.4285714285714285,0.8528825044631958,0.7528825342655182
YHHISTH,-0.5692227482795715,-0.11687414348125458,0.5714285714285714,0.1428571428571428,1.2255967855453491,1.0
YVVKSTA,1.9790440797805786,-1.8636528253555298,0.5714285714285714,0.4285714285714285,1.3280308246612549,1.0
DMNREEA,0.9354232549667358,-5.202661991119385,0.7142857142857143,0.5714285714285714,0.8060255646705627,0.67971829213202
FAHQHEG,0.3927175998687744,-3.5436835289001465,0.7142857142857143,0.5714285714285714,0.936591625213623,0.8365916252136231
PLQACTV,-3.7346832752227783,-1.178122639656067,0.7142857142857143,0.4285714285714285,0.7157791256904602,0.6157791256904602
KYHRAEG,0.10610521584749222,0.6140159964561462,0.4285714285714285,0.2857142857142857,1.394094944000244,1.0
YSTLVTN,-0.09157423675060272,-3.2957510948181152,0.4285714285714285,0.4285714285714285,0.9071738123893738,0.7071737974882126
YHERSCS,-3.3255770206451416,-0.5717373490333557,0.5714285714285714,0.2857142857142857,0.8372267484664917,0.6872267186641693
CHSIITQ,-3.6675844192504883,-0.36466121673583984,0.7142857142857143,0.1428571428571428,0.8202390670776367,0.7202390521764755
SHIPSVF,-1.5005772113800049,-2.7386634349823,0.7142857142857143,0.5714285714285714,0.8021376132965088,0.7021376132965088
YYMRECN,-4.065799713134766,0.4212494194507599,0.7142857142857143,0.4285714285714285,0.864966094493866,0.764966094493866
YHRPVWG,-2.429405450820923,0.9857407808303833,0.5714285714285714,0.2857142857142857,1.1303975582122805,0.980397617816925
GHMPSIT,0.14448320865631104,-3.9960997104644775,0.5714285714285714,0.4285714285714285,0.8528980016708374,0.7028980314731598
RYLVGTH,-1.1201882362365723,-1.5897510051727295,0.7142857142857143,0.5714285714285714,0.984337329864502,0.884337329864502
MFHNYTA,-2.1538124084472656,-1.571038842201233,0.7142857142857143,0.2857142857142857,0.8611117005348206,0.7611117005348206
YHNDVKP,1.7167394161224365,-4.032142639160156,0.7142857142857143,0.2857142857142857,1.0394401550292969,0.9394402146339416
RSHMSRD,-1.1498836278915405,-1.0177333354949951,0.7142857142857143,0.1428571428571428,1.0484623908996582,0.9484623908996582
YASRWHD,-1.2900876998901367,-0.1682460457086563,0.7142857142857143,0.4285714285714285,1.1320295333862305,1.0
WHHSNFV,-2.4731552600860596,-0.5542998313903809,0.7142857142857143,0.4285714285714285,0.9427417516708374,0.842741721868515
YSQGENI,-0.1891138106584549,-3.518678903579712,0.5714285714285714,0.4285714285714285,0.8689408898353577,0.7189409047365188
NYERAER,-0.08722396194934845,-2.1770730018615723,0.5714285714285714,0.2857142857142857,1.0401573181152344,0.8901573479175567
APKYGNN,1.2207956314086914,-2.811532735824585,0.5714285714285714,0.4285714285714285,1.123776912689209,0.9737769424915312
HHNTSSE,-0.485480934381485,-4.0017242431640625,0.5714285714285714,0.4285714285714285,0.7757792472839355,0.6257792770862579
ELSMSCS,-3.3208696842193604,-1.6206059455871582,0.5714285714285714,0.2857142857142857,0.7136080861091614,0.5636080861091614
ERSRSTG,1.0647413730621338,-3.051692008972168,0.5714285714285714,0.4285714285714285,1.0764024257659912,0.9264023661613464
MYWRTNH,-2.0709848403930664,1.158703327178955,0.5714285714285714,0.4285714285714285,1.1943751573562622,1.0
HWHIHPD,-2.211885452270508,-1.1938047409057617,0.7142857142857143,0.2857142857142857,0.8987298011779785,0.7987298309803009
YHHRHTD,0.0721595361828804,-0.12151586264371872,0.5714285714285714,0.1428571428571428,1.3028857707977295,1.0
NYNGHNQ,0.759171724319458,-3.865665912628174,0.8571428571428571,0.4285714285714285,0.9429408311843872,0.8929408460855484
IMLRDSY,-2.1893410682678223,-2.176462173461914,0.7142857142857143,0.5714285714285714,0.7851155996322632,0.6851155996322632
WYERVVG,-2.4446630477905273,0.7883667945861816,0.7142857142857143,0.4285714285714285,1.1051762104034424,1.0
YHHRWRQ,-3.154836416244507,-0.03141416236758232,0.7142857142857143,0.2857142857142857,0.9219241142272948,0.8219241142272949
YHFAMHG,-1.0634174346923828,-1.0354808568954468,0.5714285714285714,0.4285714285714285,1.0568546056747437,0.9068546056747436
HAFMTNI,-1.7999323606491089,-2.2495131492614746,0.8571428571428571,0.4285714285714285,0.8237249851226807,0.7737249553203582
YHGRSYE,0.4166643023490906,0.0864134132862091,0.5714285714285714,0.1428571428571428,1.369314432144165,1.0
LQTPKTN,1.031693458557129,-4.078588962554932,0.5714285714285714,0.5714285714285714,0.950803279876709,0.800803279876709
YMWISGN,-3.325195789337158,-0.06668321788311005,0.5714285714285714,0.4285714285714285,0.8970731496810913,0.7470731794834137
YLHKEYV,-0.6133924722671509,0.032087601721286774,0.5714285714285714,0.4285714285714285,1.237873911857605,1.0
YNHRQNT,0.8255748748779297,-1.5380723476409912,0.7142857142857143,0.2857142857142857,1.226595163345337,1.0
YYNFPLC,-4.116544246673584,0.6451034545898438,0.7142857142857143,0.5714285714285714,0.8853129148483276,0.7853128850460053
YEIRTHN,-0.08100154995918274,-2.9626247882843018,0.5714285714285714,0.1428571428571428,0.9479002952575684,0.797900265455246
YHPFKWN,-0.7637467384338379,0.3314637243747711,0.5714285714285714,0.2857142857142857,1.2550740242004397,1.0
NSSWTKG,-1.1629806756973267,-0.8703820109367371,0.7142857142857143,0.5714285714285714,1.0643198490142822,0.964319908618927
ESQCQFH,-4.266275405883789,-1.2841217517852783,0.7142857142857143,0.4285714285714285,0.6387141346931458,0.5387141346931458
YGRVPMW,-3.378572463989258,-0.7740048170089722,0.5714285714285714,0.4285714285714285,0.8068459033966064,0.656845873594284
YVHFSAD,-1.4787559509277344,-0.5655179023742676,0.7142857142857143,0.2857142857142857,1.0620942115783691,0.9620942413806916
YYERANM,-0.5287520289421082,-0.772084653377533,0.7142857142857143,0.2857142857142857,1.1529290676116943,1.0
MHDRVGN,1.1324092149734497,-3.489417552947998,0.5714285714285714,0.1428571428571428,1.032786250114441,0.8827862799167633
HFNDPKN,0.6608452796936035,-4.034965515136719,0.7142857142857143,0.5714285714285714,0.9109621047973632,0.8109621196985245
ESSRDNW,-0.18741105496883392,-2.050910472869873,0.7142857142857143,0.1428571428571428,1.0429366827011108,0.9429366827011108
WGHSRFE,-0.6014693975448608,-1.3212511539459229,0.7142857142857143,0.4285714285714285,1.079080581665039,0.979080641269684
DYRRSEE,-0.20566928386688232,-1.693615436553955,0.5714285714285714,0.1428571428571428,1.0830259323120115,0.9330258727073668
FYHRGKK,-3.987164258956909,1.4082045555114746,0.7142857142857143,0.2857142857142857,0.9913684725761414,0.8913684725761414
KEHRLGD,1.3705898523330688,-2.186948537826538,0.7142857142857143,0.2857142857142857,1.2159090042114258,1.0
YVHRGGN,1.2894569635391235,-0.6034041047096252,0.5714285714285714,0.2857142857142857,1.3935601711273191,1.0
KHSTPSD,-0.2578964829444885,-4.97894811630249,0.7142857142857143,0.2857142857142857,0.6876921653747559,0.5693314507603645
EGHNTNN,0.21687725186347961,-5.1092529296875,0.7142857142857143,0.4285714285714285,0.7298824191093445,0.6068931125104428
LGHMNNN,1.1343716382980347,-3.96590518951416,0.5714285714285714,0.1428571428571428,0.9766066074371338,0.8266065776348114
YHPMDYW,-2.7520594596862793,0.13077236711978912,0.7142857142857143,0.4285714285714285,0.99000883102417,0.8900088310241699
MVHHCIN,-4.07710075378418,-2.0554707050323486,0.7142857142857143,0.5714285714285714,0.570341944694519,0.4703419148921967
SKDPELI,-0.04875490069389343,-5.240635395050049,0.7142857142857143,0.5714285714285714,0.6820890307426453,0.5544328674674034
DCDTYNN,-4.344912528991699,-0.3609295189380646,0.7142857142857143,0.4285714285714285,0.7384799718856812,0.6384800016880036
QRDSWNG,-0.33511069416999817,-2.4264168739318848,0.7142857142857143,0.2857142857142857,0.9805504679679872,0.8805504679679871
YKHNPNH,-0.054164543747901917,-0.7231281399726868,0.7142857142857143,0.0,1.21632182598114,1.0
MHSRVYY,-2.5357751846313477,0.25002235174179077,0.7142857142857143,0.2857142857142857,1.0303767919540403,0.9303768217563628
YHGPSPY,-0.9093160033226013,-2.3034398555755615,0.5714285714285714,0.4285714285714285,0.9254255294799804,0.7754255294799804
GHKKSLH,-2.872952938079834,0.009165347553789616,0.5714285714285714,0.4285714285714285,0.9609383344650269,0.8109383642673492
YCHRRKK,-5.166840076446533,1.3072948455810547,0.7142857142857143,0.4285714285714285,0.8362542986869812,0.7362542726099491
YHDRTGN,1.774897575378418,-2.4568839073181152,0.5714285714285714,0.1428571428571428,1.233014702796936,1.0
TTHCWEP,-3.7506418228149414,-0.9708834290504456,0.5714285714285714,0.4285714285714285,0.7383801937103271,0.5883802086114883
YYMCSYM,-4.82301664352417,0.07749395817518234,0.5714285714285714,0.2857142857142857,0.732367992401123,0.5823679700493812
YYAYGYD,-3.3683667182922363,0.1353144347667694,0.5714285714285714,0.2857142857142857,0.9157512187957764,0.765751188993454
PYHFDNE,-2.551090717315674,-1.4388858079910278,0.7142857142857143,0.2857142857142857,0.8285452127456665,0.7285452127456665
YWHRSAI,-2.002601146697998,1.4321190118789673,0.7142857142857143,0.2857142857142857,1.2350475788116455,1.0
QWHTKEN,0.2303503304719925,-1.158658504486084,0.7142857142857143,0.2857142857142857,1.1992822885513306,1.0
VKPASDN,0.4543364942073822,-4.451964378356934,0.7142857142857143,0.4285714285714285,0.8365259766578674,0.7365259692072869
QKARSHD,-0.6484931707382202,-0.6704407930374146,0.7142857142857143,0.2857142857142857,1.1504321098327637,1.0
TMLRREE,1.0025861263275146,-2.96164608001709,0.7142857142857143,0.5714285714285714,1.0795209407806396,0.9795209407806396
TWHVGRN,-2.620143175125122,-0.0458507239818573,0.7142857142857143,0.4285714285714285,0.9851053953170776,0.8851054251194
EHLRRSW,-2.6580324172973633,0.006150896195322275,0.5714285714285714,0.4285714285714285,0.9866642951965332,0.8366643249988556
MMQRPHN,0.8049409985542297,-2.9559011459350586,0.7142857142857143,0.5714285714285714,1.0562148094177246,0.9562148690223694
SYPRPDH,0.41073474287986755,-1.6467424631118774,0.7142857142857143,0.2857142857142857,1.163382887840271,1.0
HYHFRPN,-2.195220708847046,-0.3705695569515228,0.7142857142857143,0.4285714285714285,0.998226284980774,0.8982263147830963
LKSSNKS,-2.1285462379455566,-1.0599850416183472,0.5714285714285714,0.5714285714285714,0.9246886372566224,0.7746886372566223
YHLREVW,-2.3206253051757812,-0.29318323731422424,0.4285714285714285,0.1428571428571428,0.992169976234436,0.7921699464321137
QSHRMNE,0.45590826869010925,-2.422475814819336,0.7142857142857143,0.4285714285714285,1.0770156383514404,0.9770155787467956
YTPRKIP,-1.4700372219085693,-1.7427384853363037,0.7142857142857143,0.4285714285714285,0.9237651824951172,0.8237652122974396
ALHRCRQ,-5.317462921142578,0.231777161359787,0.7142857142857143,0.4285714285714285,0.6906294226646423,0.5906294003129006
SHTQAMF,-0.07328327745199203,-3.8002641201019287,0.7142857142857143,0.5714285714285714,0.849657416343689,0.7496574014425278
ESQSSVN,-1.1126558780670166,-3.835212469100952,0.5714285714285714,0.2857142857142857,0.7193806171417236,0.5693805873394012
SCRVPNE,-3.6018779277801514,0.01789230667054653,0.7142857142857143,0.4285714285714285,0.8735089302062988,0.77350894510746
TYLHFFN,-4.408764839172363,0.228299081325531,0.5714285714285714,0.4285714285714285,0.8004976511001587,0.6504976809024811
SSHRGDF,0.6911664605140686,-2.672971487045288,0.5714285714285714,0.4285714285714285,1.0759069919586182,0.925906991958618
HYNRPNA,1.4780726432800293,-1.5760283470153809,0.7142857142857143,0.2857142857142857,1.301288366317749,1.0
YHVKYKN,-2.633410930633545,-0.02100050449371338,0.5714285714285714,0.4285714285714285,0.9864375591278076,0.8364375591278076
VWTYHGE,-2.7008891105651855,0.606279730796814,0.7142857142857143,0.4285714285714285,1.0525206327438354,0.952520662546158
IHERINS,1.3892176151275635,-3.236010789871216,0.7142857142857143,0.2857142857142857,1.0939569473266602,0.993957006931305
MFRRLID,-2.7283365726470947,-1.01089608669281,0.5714285714285714,0.4285714285714285,0.8577101230621338,0.7077101230621338
CFSIQSP,-3.2848055362701416,-0.8146526217460632,0.7142857142857143,0.4285714285714285,0.8134127259254456,0.7134127259254456
YYKSGKE,0.9978771805763245,-0.786579966545105,0.5714285714285714,0.2857142857142857,1.3364851474761963,1.0
YLHKVKN,-2.263428211212158,0.0725264772772789,0.7142857142857143,0.2857142857142857,1.0424127578735352,0.94241281747818
SSLRKAG,-1.9326425790786743,-1.222588062286377,0.5714285714285714,0.2857142857142857,0.9292108416557312,0.7792108416557312
YGGFPNI,-1.7444533109664917,-0.7878151535987854,0.5714285714285714,0.2857142857142857,1.003528356552124,0.8535282969474792
HYHAAEF,-1.404313325881958,-1.7785558700561523,0.5714285714285714,0.1428571428571428,0.9275004863739014,0.7775004863739013
YKINHMR,-3.392174243927002,-0.5615005493164062,0.7142857142857143,0.5714285714285714,0.8303564786911011,0.7303565084934235
YYRGDNG,0.36918702721595764,0.28156614303588867,0.5714285714285714,0.2857142857142857,1.3866593837738037,1.0
YGGRNVN,2.13616681098938,-3.0078465938568115,0.5714285714285714,0.4285714285714285,1.2116225957870483,1.0
YHTASAL,0.8324604034423828,-3.5390708446502686,0.5714285714285714,0.1428571428571428,0.9905052185058594,0.8405052185058594
MCKAPQR,-3.8316001892089844,-0.3322392404079437,0.5714285714285714,0.5714285714285714,0.804172933101654,0.6541729182004928
SLINKLR,-3.28055739402771,-1.2447726726531982,0.5714285714285714,0.7142857142857143,0.7630004286766052,0.6130004286766052
WNFRGKN,-2.357933759689331,-0.8830650448799133,0.5714285714285714,0.4285714285714285,0.9177980422973632,0.7677980422973633
GKHNSTE,0.8779246807098389,-4.686206817626953,0.5714285714285714,0.4285714285714285,0.8601976633071899,0.7022354293614625
IDRCSNN,-3.493237018585205,-0.7567856907844543,0.4285714285714285,0.1428571428571428,0.7949689626693726,0.5949689775705338
HNDRCEM,-3.637693405151367,-2.0906577110290527,0.5714285714285714,0.4285714285714285,0.6195023655891418,0.4695023506879806
VRWRLWN,-4.561972618103027,0.3242131173610687,0.7142857142857143,0.5714285714285714,0.7932608127593994,0.6932608276605606
HMHRSKW,-3.327260971069336,0.42724016308784485,0.7142857142857143,0.4285714285714285,0.9553048610687256,0.855304890871048
TWHRNYL,-2.6349339485168457,0.7586987018585205,0.7142857142857143,0.4285714285714285,1.078571915626526,0.978571915626526
CFCDWNT,-4.727352619171143,1.625180959701538,0.8571428571428571,0.7142857142857143,0.9272295832633972,0.877229605615139
YSRRLVD,1.0194035768508911,0.3563620150089264,0.4285714285714285,0.2857142857142857,1.4744261503219604,1.0
YRRRIKI,-3.8246469497680664,0.5289357900619507,0.5714285714285714,0.2857142857142857,0.9069830179214478,0.7569830179214477
YSARSCF,-3.2059664726257324,-1.0311065912246704,0.5714285714285714,0.2857142857142857,0.7973517179489136,0.6473516881465912
THHRDWW,-1.8226577043533325,0.12309316545724869,0.7142857142857143,0.4285714285714285,1.1018922328948977,1.0
HHKGCVA,-3.408435344696045,-0.8911398649215698,0.7142857142857143,0.5714285714285714,0.7893524765968323,0.6893524765968323
VKARSTG,-2.005167245864868,-0.7936582565307617,0.5714285714285714,0.2857142857142857,0.9711960554122924,0.8211960554122925
RYLWWRQ,-5.536744594573975,1.0808225870132446,0.5714285714285714,0.4285714285714285,0.7645473480224609,0.6145473480224609
PTKIIVS,0.44806450605392456,-3.8356359004974365,0.7142857142857143,0.5714285714285714,0.9087402820587158,0.808740296959877
QNFGNVE,-0.5433385968208313,-3.8138208389282227,0.7142857142857143,0.4285714285714285,0.7910060882568359,0.6910060584545136
NPHRHFN,-0.4575706422328949,-0.9266842603683472,0.7142857142857143,0.2857142857142857,1.1432623863220217,1.0
KIHKNTH,-3.2023816108703613,0.6135365962982178,0.5714285714285714,0.4285714285714285,0.9925185441970824,0.8425185143947601
RIHDLWP,-3.8135874271392822,2.771246910095215,0.5714285714285714,0.4285714285714285,1.173822999000549,1.0
RHMRQSV,-4.731710910797119,-0.18053609132766724,0.7142857142857143,0.4285714285714285,0.7128971815109253,0.6128971517086029
YFMHRHA,-1.9178493022918701,-0.18190355598926544,0.7142857142857143,0.4285714285714285,1.054226994514465,0.9542270243167876
GFQWQHN,-2.1437151432037354,0.11230482906103134,0.8571428571428571,0.1428571428571428,1.0616511106491089,1.0
LYQMRSH,-1.5787168741226196,-1.2290691137313843,0.7142857142857143,0.2857142857142857,0.9713960886001588,0.8713960886001587
DFHKDVQ,1.3708070516586304,-2.916260242462158,0.7142857142857143,0.4285714285714285,1.1295822858810425,1.0
VYLASNN,-0.328191339969635,-2.4683949947357178,0.5714285714285714,0.4285714285714285,0.9764198064804076,0.8264198064804077
WNDRHYC,-3.652103900909424,-0.9109066128730774,0.5714285714285714,0.2857142857142857,0.7574403285980225,0.6074402987957
AHRSEKM,-0.44579198956489563,-1.1053308248519897,0.5714285714285714,0.4285714285714285,1.1235394477844238,0.9735395073890686
NHHRPVV,0.2681769132614136,-1.4596186876296997,0.5714285714285714,0.4285714285714285,1.1682381629943848,1.0
QLRESHL,1.2025953531265259,-3.3526554107666016,0.7142857142857143,0.5714285714285714,1.057497262954712,0.9574972182512284
KPNGSNK,-2.2649388313293457,-0.9461244940757751,0.7142857142857143,0.5714285714285714,0.9216174483299256,0.8216174483299256
NILRVPA,0.9904907941818237,-4.157332897186279,0.7142857142857143,0.4285714285714285,0.9364793300628662,0.8364793598651886
YWHKQSG,-0.9821252822875977,0.823624849319458,0.5714285714285714,0.4285714285714285,1.2868452072143557,1.0
FHHVWWM,-3.8231303691864014,0.05745767802000046,0.8571428571428571,0.2857142857142857,0.8513423204421997,0.8013423204421997
SRYRGGF,-2.6597843170166016,0.25014081597328186,0.5714285714285714,0.5714285714285714,1.01534104347229,0.8653410136699676
HDHNLRA,0.9793049693107605,-3.628941297531128,0.7142857142857143,0.4285714285714285,0.9976853132247924,0.8976852983236313
DSYFITW,-4.581789016723633,0.7527523636817932,0.7142857142857143,0.4285714285714285,0.8415965437889099,0.7415965586900711
QHTEHFS,-0.5574193000793457,-3.9082086086273193,0.7142857142857143,0.0,0.7781214118003845,0.6781213968992233
HYSRSCY,-4.656574726104736,1.7266432046890259,0.5714285714285714,0.2857142857142857,0.9478327631950378,0.7978327482938766
QHHNQAN,0.1624930202960968,-3.4131531715393066,0.7142857142857143,0.2857142857142857,0.9241067171096802,0.8241067469120026
DAPKCLY,-4.089202404022217,-0.8270149827003479,0.8571428571428571,0.4285714285714285,0.7143269181251526,0.6643269181251525
YSSKACN,-3.2572786808013916,-0.8427541255950928,0.4285714285714285,0.4285714285714285,0.8134260177612305,0.6134260177612305
THHRMYN,-1.3199107646942139,0.4092833399772644,0.5714285714285714,0.2857142857142857,1.1967918872833252,1.0
FYWFHRE,-3.357525587081909,0.3638467490673065,0.7142857142857143,0.4285714285714285,0.9441259503364564,0.8441259503364563
RGHRNKV,-3.2525007724761963,0.31793320178985596,0.7142857142857143,0.4285714285714285,0.9514354467391968,0.8514354765415192
YKTRPQA,-1.058603048324585,-1.2985399961471558,0.5714285714285714,0.4285714285714285,1.0262917280197144,0.8762917578220367
YNRWDTN,-1.5619752407073975,-0.189038947224617,0.4285714285714285,0.1428571428571428,1.0965712070465088,0.8965712368488312
YNHKSAC,-2.7995331287384033,-0.44048088788986206,0.5714285714285714,0.1428571428571428,0.9166089296340942,0.7666089296340942
FHHRHNL,-0.8952861428260803,0.06393484026193619,0.7142857142857143,0.1428571428571428,1.2074339389801023,1.0
WNHRRHD,-1.9511610269546509,-0.8402240872383118,0.7142857142857143,0.4285714285714285,0.9722367525100708,0.8722367525100708
KWHMINN,-2.2615244388580322,-1.4546350240707397,0.7142857142857143,0.4285714285714285,0.8618223667144775,0.7618223369121552
AYEVSDN,-0.829347550868988,-3.3020498752593994,0.7142857142857143,0.1428571428571428,0.8168914318084717,0.7168914467096329
VSTEWSM,-3.1126034259796143,-2.2347137928009033,0.7142857142857143,0.5714285714285714,0.6661707758903503,0.5661707758903504
TYHRNIC,-3.6126816272735596,1.668367862701416,0.5714285714285714,0.4285714285714285,1.0676201581954956,0.9176201581954956
YHHRVQN,0.03576464205980301,0.3730674982070923,0.5714285714285714,0.0,1.3570291996002195,1.0
WTIREVN,-1.1692698001861572,-1.6172720193862915,0.5714285714285714,0.4285714285714285,0.975122094154358,0.8251220941543579
GFHDSIT,-0.4113874137401581,-3.1959609985351562,0.7142857142857143,0.4285714285714285,0.8801766037940979,0.7801766037940979
GGWKTNN,1.3297884464263916,-2.27494740486145,0.7142857142857143,0.1428571428571428,1.2005380392074585,1.0
EERHLFK,-1.4690386056900024,-1.4218776226043701,0.7142857142857143,0.4285714285714285,0.961877465248108,0.8618774652481079
NLARRDE,0.44356077909469604,-3.8666255474090576,0.7142857142857143,0.4285714285714285,0.9045244455337524,0.8045244455337525
YHYRNYY,-1.6142418384552002,-0.05315335839986801,0.7142857142857143,0.4285714285714285,1.1063175201416016,1.0
PYHFAEN,-2.4768269062042236,-1.6008377075195312,0.7142857142857143,0.4285714285714285,0.818382203578949,0.718382203578949
EYPYSML,-3.566232681274414,-0.9902940392494202,0.7142857142857143,0.4285714285714285,0.7584619522094727,0.6584619671106339
WHKVSFN,-1.6051263809204102,1.1357260942459106,0.5714285714285714,0.4285714285714285,1.2481913566589355,1.0
AWKLSVW,-4.061867713928223,0.10267837345600128,0.7142857142857143,0.2857142857142857,0.8277233242988586,0.7277233093976975
YCHHSFV,-4.056824207305908,0.7584791779518127,0.5714285714285714,0.4285714285714285,0.90598464012146,0.7559846401214599
FAADMGD,-1.0545654296875,-4.427113056182861,0.8571428571428571,0.2857142857142857,0.6563473343849182,0.6063473120331764
DFHKAME,1.2833962440490723,-3.1302857398986816,0.5714285714285714,0.4285714285714285,1.093632698059082,0.9436326384544372
NRYRANI,-3.3606786727905273,-0.30362290143966675,0.7142857142857143,0.4285714285714285,0.8647124767303467,0.7647124767303467
HAGRFDY,-0.9526307582855225,-1.4407793283462524,0.7142857142857143,0.4285714285714285,1.0223109722137451,0.9223109722137453
YRNVIGQ,0.7400193214416504,-2.5541293621063232,0.7142857142857143,0.1428571428571428,1.095907211303711,0.9959071516990662
YRVQADK,0.9213290214538574,-3.2490053176879883,0.7142857142857143,0.5714285714285714,1.0356351137161257,0.935635143518448
YRFTENS,-1.0959597826004028,-0.9586812257766724,0.7142857142857143,0.5714285714285714,1.0619986057281494,0.9619986653327942
YHHDPHE,0.24686667323112488,-3.226675271987915,0.7142857142857143,0.1428571428571428,0.9564260244369508,0.8564259946346283
FPSGTNW,-0.2742500603199005,-1.1994764804840088,0.7142857142857143,0.2857142857142857,1.1332107782363892,1.0
ISYNDHN,0.012493381276726723,-3.504235029220581,0.5714285714285714,0.4285714285714285,0.8951182961463928,0.7451182812452316
ALYFNEN,-3.3102214336395264,-1.1095129251480103,0.7142857142857143,0.4285714285714285,0.7754156589508057,0.6754156291484833
YIKNSNP,2.543846845626831,-2.0822935104370117,0.5714285714285714,0.4285714285714285,1.37068772315979,1.0
HPDSIYK,-0.2028045505285263,-3.3075597286224365,0.7142857142857143,0.2857142857142857,0.8922766447067261,0.7922766447067261
HYYRDVA,-1.5809530019760132,0.12896160781383514,0.7142857142857143,0.4285714285714285,1.1319204568862915,1.0
YWHVSRQ,-2.4139111042022705,1.1368610858917236,0.7142857142857143,0.2857142857142857,1.1501712799072266,1.0
YKVRPAS,-2.0184309482574463,-1.4850375652313232,0.7142857142857143,0.4285714285714285,0.8877245187759399,0.7877245485782624
VNHKVCW,-3.7066569328308105,-1.271856427192688,0.7142857142857143,0.4285714285714285,0.7080819606781006,0.6080819606781006
NHHRHTD,-0.3376089036464691,-0.3703547716140747,0.7142857142857143,0.0,1.223692536354065,1.0
GYRRDVQ,-0.09950572997331619,-2.0036919116973877,0.7142857142857143,0.2857142857142857,1.0591957569122314,0.9591957569122316
APRTSMN,1.6141643524169922,-4.178689002990723,0.5714285714285714,0.4285714285714285,1.009640097618103,0.859640097618103
YNHNKCD,-2.9135167598724365,-2.2438297271728516,0.7142857142857143,0.1428571428571428,0.6892527341842651,0.5892527043819428
MHHLSNC,-3.4407808780670166,-0.7200835347175598,0.4285714285714285,0.4285714285714285,0.8056807518005371,0.6056807219982148
PMHHAWN,-1.2428117990493774,-0.05388205498456955,0.7142857142857143,0.4285714285714285,1.1513080596923828,1.0
WHFRHNN,-1.3671785593032837,-0.6223130822181702,0.5714285714285714,0.2857142857142857,1.0689105987548828,0.9189106583595276
GYDRWSD,-2.2695608139038086,-1.2088027000427246,0.5714285714285714,0.4285714285714285,0.8899545073509216,0.7399545073509216
EHHQSHT,0.3118065595626831,-2.4273223876953125,0.7142857142857143,0.4285714285714285,1.0589535236358645,0.9589534640312196
THLHALN,-0.3462492823600769,-2.8692235946655273,0.5714285714285714,0.4285714285714285,0.9267687797546388,0.7767687499523163
PKHRWNQ,-4.166616916656494,-0.4014701843261719,0.8571428571428571,0.4285714285714285,0.7553178668022156,0.7053178519010543
MGCRDAE,-3.753418207168579,-1.7616536617279053,0.7142857142857143,0.4285714285714285,0.6444131731987,0.5444131880998612
YFDRHIE,-0.6046068072319031,-1.565892219543457,0.7142857142857143,0.4285714285714285,1.0497335195541382,0.9497335195541382
YNWKSKD,0.8189160227775574,-0.4423333704471588,0.5714285714285714,0.4285714285714285,1.3555264472961426,1.0
KHKNADG,0.5943519473075867,-1.3373143672943115,0.5714285714285714,0.5714285714285714,1.222304105758667,1.0
IAHFEHL,-1.5125514268875122,-3.295118808746338,0.7142857142857143,0.4285714285714285,0.7347981333732605,0.6347981482744217
YAQRLVD,0.869098424911499,-2.5916523933410645,0.7142857142857143,0.2857142857142857,1.1071293354034424,1.0
YPKRRHI,-3.512545108795166,0.5666579008102417,0.7142857142857143,0.2857142857142857,0.9493262767791748,0.849326291680336
YVCKGDN,-3.9178683757781982,-0.011823526583611965,0.5714285714285714,0.1428571428571428,0.8316417336463928,0.6816417187452316
QYFHKYI,-2.2358036041259766,0.1765913963317871,0.7142857142857143,0.4285714285714285,1.0580869913101196,0.9580869913101197
EYRPDRG,1.360032558441162,-3.2696146965026855,0.7142857142857143,0.4285714285714285,1.0864362716674805,0.9864362269639968
ATRGNYR,-4.041174411773682,-0.9236093759536743,0.7142857142857143,0.7142857142857143,0.708718478679657,0.6087184935808182
SWDKEDW,-1.2050403356552124,-0.17251800000667572,0.7142857142857143,0.5714285714285714,1.1418452262878418,1.0
YLHYEEN,-2.4902801513671875,-0.04724164679646492,0.7142857142857143,0.2857142857142857,1.0007009506225586,0.900700980424881
YHMSVEN,-0.2710360884666443,-2.773960828781128,0.5714285714285714,0.2857142857142857,0.9471760988235474,0.797176069021225
YYLRSVE,-1.6296240091323853,0.5001013875007629,0.5714285714285714,0.2857142857142857,1.1699581146240234,1.0
YPRISET,0.565118134021759,-3.2965900897979736,0.5714285714285714,0.2857142857142857,0.9867709875106812,0.8367709875106811
YNHKHAQ,0.8000238537788391,-1.2540850639343262,0.7142857142857143,0.1428571428571428,1.2571194171905518,1.0
AYKRMEH,-0.9872247576713562,-0.7582676410675049,0.7142857142857143,0.4285714285714285,1.0989246368408203,0.9989245772361756
YKQRKHV,-3.185023546218872,0.7037293910980225,0.7142857142857143,0.4285714285714285,1.0053043365478516,0.9053042769432068
YHNHRFG,-0.7831104397773743,-0.12481692433357239,0.7142857142857143,0.4285714285714285,1.1986987590789795,1.0
SNYEQGI,-0.65824955701828,-3.983140468597412,0.7142857142857143,0.4285714285714285,0.7570123672485352,0.6570123672485352
YCHRWGN,-4.355967998504639,1.3973641395568848,0.7142857142857143,0.2857142857142857,0.9453266859054564,0.8453266710042954
KVTFRSN,-3.650848627090454,-0.3286340534687042,0.7142857142857143,0.5714285714285714,0.8265358209609985,0.726535850763321
FPSGINF,-1.4192922115325928,-1.6143587827682495,0.7142857142857143,0.1428571428571428,0.9451242685317992,0.8451242685317993
ANLRGNS,2.0791969299316406,-3.8306877613067627,0.5714285714285714,0.2857142857142857,1.1072813272476196,0.9572813123464584
NYWHAEH,-2.950662136077881,0.1429533064365387,0.7142857142857143,0.5714285714285714,0.967348575592041,0.8673485457897187
DDGDHEL,-1.0858705043792725,-4.311335563659668,0.7142857142857143,0.5714285714285714,0.6662566065788269,0.5662565916776657
YFHRSWP,-3.333491802215576,2.5903031826019287,0.5714285714285714,0.2857142857142857,1.2106633186340332,1.0
INHTQAM,0.7916994690895081,-5.002291202545166,0.8571428571428571,0.5714285714285714,0.8123077750205994,0.7431178517639637
ELWRSSK,-1.8026833534240723,0.36569246649742126,0.7142857142857143,0.1428571428571428,1.1330410242080688,1.0
GLHRWNN,-1.777695894241333,0.010466779582202435,0.7142857142857143,0.2857142857142857,1.0940134525299072,0.9940134227275848
QKEVREH,0.806850254535675,-2.8067848682403564,0.7142857142857143,0.4285714285714285,1.0741024017333984,0.9741024613380432
YHSINPT,0.7056592702865601,-2.8980796337127686,0.5714285714285714,0.4285714285714285,1.0510122776031494,0.901012247800827
YHTRKNF,-2.997826337814331,0.05541977286338806,0.5714285714285714,0.2857142857142857,0.9512603878974916,0.8012603878974914
YHTQNSW,-1.3658337593078613,-0.8668478727340698,0.7142857142857143,0.4285714285714285,1.040120005607605,0.940120005607605
YPNHSSL,0.8812439441680908,-3.2320687770843506,0.7142857142857143,0.2857142857142857,1.0327757596969604,0.9327757894992827
FHPRTPP,0.24808219075202942,-2.936044931411743,0.7142857142857143,0.4285714285714285,0.9909852147102356,0.8909852147102356
MHDEKVQ,1.3143622875213623,-4.589977741241455,0.7142857142857143,0.2857142857142857,0.9245578646659852,0.8200137633830309
IHMKSNN,1.6958298683166504,-1.0642647743225098,0.4285714285714285,0.2857142857142857,1.388310194015503,1.0
DTKVIVI,-0.4634053409099579,-4.6834611892700195,0.7142857142857143,0.4285714285714285,0.6977382302284241,0.589873531088233
YFCEPQN,-4.645883560180664,0.30375728011131287,0.7142857142857143,0.2857142857142857,0.7806553244590759,0.6806553170084954
YHHQSWQ,-1.2323005199432373,-0.1363593190908432,0.5714285714285714,0.4285714285714285,1.1428182125091553,0.9928182125091553
QPRRHVI,-3.209617853164673,-0.5411571264266968,0.7142857142857143,0.4285714285714285,0.8549203276634216,0.7549203276634217
CSHRKNS,-4.053247928619385,0.17456352710723877,0.7142857142857143,0.4285714285714285,0.8372808694839478,0.7372808992862702
EHRPRQT,-1.6312060356140137,-1.4587652683258057,0.7142857142857143,0.4285714285714285,0.9378291368484496,0.8378291070461273
EYHENEN,-0.3610207736492157,-3.111910104751587,0.7142857142857143,0.2857142857142857,0.8962411284446716,0.7962411284446717
IWALKVR,-4.4402642250061035,0.14879179000854492,0.7142857142857143,0.4285714285714285,0.7872609496116638,0.6872609347105026
VSHRKEN,0.276653915643692,-1.6880682706832886,0.7142857142857143,0.2857142857142857,1.1422176361083984,1.0
CPSHDEQ,-4.3913493156433105,-0.8911008834838867,0.7142857142857143,0.2857142857142857,0.6700701713562012,0.5700701713562012
VFKQQVT,0.7155347466468811,-2.895390272140503,0.7142857142857143,0.4285714285714285,1.0525290966033936,0.9525291562080384
SPYLIEQ,-1.8409662246704102,-4.222494602203369,0.7142857142857143,0.5714285714285714,0.5851368308067322,0.4851368457078934
YISGEDR,0.21529366075992584,-3.65570330619812,0.7142857142857143,0.2857142857142857,0.9017958641052246,0.8017958343029022
YFRAEWE,-1.7836021184921265,0.26151829957962036,0.7142857142857143,0.4285714285714285,1.1230220794677734,1.0
NPKMSCS,-3.467329740524292,-0.19773490726947784,0.7142857142857143,0.4285714285714285,0.8643067479133606,0.7643067479133606
YQHHKII,-0.012828415259718895,-0.6064013838768005,0.7142857142857143,0.5714285714285714,1.2351592779159546,1.0
YYHKNSF,-0.1812019795179367,0.061506569385528564,0.5714285714285714,0.2857142857142857,1.2938082218170166,1.0
LQVTNCM,-3.298555374145508,-1.311653971672058,0.7142857142857143,0.5714285714285714,0.7528972029685974,0.6528972029685974
LSERMEH,0.39430004358291626,-3.4936537742614746,0.5714285714285714,0.1428571428571428,0.942707359790802,0.7927073746919632
MQSRRGE,1.0528287887573242,-2.871882200241089,0.7142857142857143,0.2857142857142857,1.0962468385696411,0.9962468087673187
TVHRFKE,0.294503778219223,-1.1269354820251465,0.5714285714285714,0.4285714285714285,1.2108240127563477,1.0
CYWGRNN,-3.8024914264678955,0.7083913087844849,0.7142857142857143,0.4285714285714285,0.9309200048446656,0.8309199899435044
QGMHRRN,-3.848515748977661,-0.10365951806306839,0.5714285714285714,0.2857142857142857,0.8291846513748169,0.6791846513748169
YATRYKY,-3.6853201389312744,-0.34591028094291687,0.7142857142857143,0.2857142857142857,0.8203068375587463,0.7203068524599076
SYQVSKS,2.061323881149292,-2.3063645362854004,0.7142857142857143,0.5714285714285714,1.285597562789917,1.0
YGTPYTN,-0.9641209840774536,-2.7264015674591064,0.5714285714285714,0.4285714285714285,0.8686941266059875,0.7186941266059875
IMWKEYD,-2.4660444259643555,0.2579626142978668,0.7142857142857143,0.2857142857142857,1.039779543876648,0.9397795140743256
VYWRSRN,-4.514020919799805,2.703829765319824,0.4285714285714285,0.2857142857142857,1.0808355808258057,0.8808356031775475
CYATHGV,-4.047668933868408,-0.36068791151046753,0.7142857142857143,0.5714285714285714,0.7745822668075562,0.674582251906395
QEVRVWG,-2.431530237197876,-1.1293673515319824,0.7142857142857143,0.2857142857142857,0.8797032833099365,0.7797032535076142
NYAYAQT,-2.0344960689544678,-2.2357354164123535,0.7142857142857143,0.2857142857142857,0.7968895435333252,0.6968895137310028
THHRSNN,0.5270255208015442,0.2075803577899933,0.4285714285714285,0.1428571428571428,1.397054672241211,1.0
GYHKENT,0.8981130123138428,-2.9430720806121826,0.5714285714285714,0.4285714285714285,1.0690412521362305,0.9190412521362304
YNHKIAH,0.7294059991836548,-1.3613858222961426,0.7142857142857143,0.2857142857142857,1.2358442544937134,1.0
AHYHTFN,-2.4393699169158936,-0.630915105342865,0.7142857142857143,0.2857142857142857,0.9377703666687012,0.8377703964710236
ENKPSNW,0.8227263689041138,-3.348688840866089,0.5714285714285714,0.2857142857142857,1.011865735054016,0.8618657797574997
YYKPSND,0.7138760685920715,-1.4970086812973022,0.5714285714285714,0.2857142857142857,1.217901349067688,1.0
HYYRWNL,-3.616332530975342,0.9523385763168335,0.7142857142857143,0.4285714285714285,0.9823966026306152,0.8823966324329376
QNIEKIN,0.8470129370689392,-4.251042366027832,0.7142857142857143,0.4285714285714285,0.9079712629318236,0.807971277832985
YMLKDHR,-0.5860681533813477,-1.2483881711959839,0.7142857142857143,0.5714285714285714,1.0895769596099854,0.9895769894123078
ESEDDNY,-1.0484157800674438,-3.184359073638916,0.7142857142857143,0.4285714285714285,0.8042402267456055,0.7042402267456055
YHHPQPT,-0.3327907919883728,-2.134800910949707,0.7142857142857143,0.2857142857142857,1.0153603553771973,0.9153603851795196
ESHWALQ,-2.8632140159606934,-1.7498724460601807,0.7142857142857143,0.2857142857142857,0.7538437843322754,0.6538438141345978
YYGCQAK,-3.404417037963867,-0.3848446011543274,0.7142857142857143,0.1428571428571428,0.8497874140739441,0.7497874140739441
HGRALNR,-4.75349760055542,-0.49944010376930237,0.7142857142857143,0.4285714285714285,0.6724937558174133,0.5724937483668328
HTYVTNS,0.22868165373802185,-2.598222255706787,0.7142857142857143,0.5714285714285714,1.0286301374435425,0.9286301672458648
WWKNLHA,-2.241309881210327,0.8894529938697815,0.7142857142857143,0.2857142857142857,1.1418242454528809,1.0
FHHRNNL,-0.9608136415481567,0.16936883330345154,0.7142857142857143,0.2857142857142857,1.2119653224945068,1.0
AGGREFE,-0.3908582925796509,-4.248234272003174,0.7142857142857143,0.0,0.7580751180648804,0.658075088262558
TYKHATN,2.38558030128479,-0.779231071472168,0.5714285714285714,0.2857142857142857,1.505767822265625,1.0
YYYRGND,-1.4622294902801514,1.4286500215530396,0.5714285714285714,0.2857142857142857,1.3002166748046875,1.0
YERMYCN,-4.053596019744873,-0.04536258801817894,0.5714285714285714,0.4285714285714285,0.8111986517906189,0.6611986368894577
YGHIMCL,-4.204124450683594,-0.8807855248451233,0.7142857142857143,0.4285714285714285,0.694013237953186,0.5940132379531861
LAHRIHG,0.12416002154350281,-1.7541810274124146,0.7142857142857143,0.4285714285714285,1.1158828735351562,1.0
FGNKDAG,1.3996785879135132,-4.3110198974609375,0.8571428571428571,0.5714285714285714,0.9679415225982666,0.9179415076971054
QHTRDCN,-4.2051100730896,-0.7245455384254456,0.5714285714285714,0.4285714285714285,0.712393045425415,0.5623930603265762
MNHKGEC,-3.5706117153167725,-1.4494093656539917,0.7142857142857143,0.4285714285714285,0.7035695314407349,0.6035695463418961
MHKRNEQ,-0.681982159614563,-1.3769690990447998,0.5714285714285714,0.1428571428571428,1.0627124309539795,0.9127124309539796
YSHRGKN,-2.3622536659240723,0.3029879927635193,0.4285714285714285,0.2857142857142857,1.0577068328857422,0.8577067732810975
QIRLKRS,-3.0150034427642822,0.1133752390742302,0.7142857142857143,0.5714285714285714,0.9560378789901732,0.856037849187851
DISKVYN,1.036423683166504,-2.385496139526367,0.7142857142857143,0.4285714285714285,1.1518458127975464,1.0
DHHFYIK,-2.4326682090759277,-1.5151994228363037,0.8571428571428571,0.4285714285714285,0.8338811993598938,0.7838811993598938
WHQPSQN,-0.57571941614151,-2.3427815437316895,0.5714285714285714,0.2857142857142857,0.961252748966217,0.811252748966217
YKYNPPN,0.6647000908851624,-0.734686017036438,0.4285714285714285,0.4285714285714285,1.3021950721740725,1.0
CHHKSSF,-3.619957447052002,1.3535667657852173,0.5714285714285714,0.1428571428571428,1.029463529586792,0.8794635146856308
QLIFGCD,-4.558840274810791,-0.09730054438114166,0.7142857142857143,0.7142857142857143,0.743732213973999,0.643732213973999
SQHQGAG,1.3581748008728027,-4.666417121887207,0.7142857142857143,0.4285714285714285,0.9208242297172546,0.8135649394243956
FRIATTP,1.581150770187378,-3.8983843326568604,0.7142857142857143,0.5714285714285714,1.0388225317001345,0.9388225615024568
LTRRWPP,-3.1789774894714355,0.4825173318386078,0.5714285714285714,0.2857142857142857,0.979845643043518,0.8298456728458404
YVYRWAD,-3.269357204437256,1.3217531442642212,0.7142857142857143,0.4285714285714285,1.0682456493377686,0.9682457089424134
VYHQYRC,-4.14493989944458,0.8671318292617798,0.7142857142857143,0.5714285714285714,0.9081556797027588,0.80815569460392
NWHIQNG,-0.4731290936470032,-0.8916501402854919,0.7142857142857143,0.1428571428571428,1.1455223560333252,1.0
DRSRNNN,0.17327411472797394,-2.219841241836548,0.7142857142857143,0.2857142857142857,1.0667076110839844,0.9667076110839844
HKPASTQ,0.48971691727638245,-4.3857741355896,0.7142857142857143,0.4285714285714285,0.848656952381134,0.7486569374799729
VMHRLEW,-1.378976583480835,0.6087861061096191,0.7142857142857143,0.2857142857142857,1.2132453918457031,1.0
QGGRSEY,0.5718756318092346,-2.811959981918335,0.7142857142857143,0.4285714285714285,1.0449731349945068,0.944973075389862
SYHYSNM,-2.3660356998443604,0.10837342590093613,0.5714285714285714,0.2857142857142857,1.0342047214508057,0.884204751253128
VFKRSEE,0.945943295955658,-1.187039852142334,0.5714285714285714,0.2857142857142857,1.282766580581665,1.0
HIHCTEF,-4.0964579582214355,-1.9802038669586182,0.8571428571428571,0.4285714285714285,0.5769045948982239,0.5269045948982238
YVHRKAN,-2.747664213180542,1.0965131521224976,0.7142857142857143,0.1428571428571428,1.1048893928527832,1.0
LGQSLSE,-0.34457820653915405,-4.440331935882568,0.5714285714285714,0.4285714285714285,0.7409465312957764,0.5909465610980987
MTPPIAL,-0.7593703269958496,-3.899418830871582,0.7142857142857143,0.4285714285714285,0.7546532154083252,0.6546532452106476
CFSRMSF,-4.129293918609619,1.3545544147491455,0.5714285714285714,0.4285714285714285,0.9677671194076538,0.8177671194076538
VNHLSGF,-0.9979003071784973,-3.1166019439697266,0.7142857142857143,0.4285714285714285,0.8183934688568115,0.7183934986591339
MHHRDHN,-0.03565426170825958,-1.1405123472213745,0.5714285714285714,0.2857142857142857,1.1691484451293943,1.0
THHRTQD,1.1950793266296387,-1.3306231498718262,0.7142857142857143,0.2857142857142857,1.2960010766983032,1.0
YLLISQT,-2.3389015197753906,-2.6986968517303467,0.7142857142857143,0.1428571428571428,0.7051303386688232,0.6051303684711457
YFKFPGN,-0.9618769288063049,-1.1878156661987305,0.5714285714285714,0.4285714285714285,1.0511406660079956,0.9011406660079956
YAHRSSD,1.72563898563385,-0.4002540409564972,0.5714285714285714,0.2857142857142857,1.4705491065979004,1.0
TWSRCYE,-4.00710391998291,1.541337490081787,0.7142857142857143,0.4285714285714285,1.0047119855880735,0.9047119855880738
TWDERGW,-1.8198766708374023,-1.1343692541122437,0.7142857142857143,0.4285714285714285,0.9533416032791138,0.8533415734767914
GHHVRNN,0.1104579046368599,-1.709256649017334,0.5714285714285714,0.2857142857142857,1.1195392608642578,0.9695392608642578
YYSKATV,1.4125734567642212,-1.2040235996246338,0.4285714285714285,0.1428571428571428,1.337386131286621,1.0
YHMCANQ,-3.4450273513793945,-1.365402340888977,0.5714285714285714,0.2857142857142857,0.7287572622299194,0.5787572920322418
FYFRNEN,-2.5633885860443115,1.136886715888977,0.7142857142857143,0.2857142857142857,1.1320335865020752,1.0
YSTRFTE,0.9425689578056335,-2.291471481323242,0.7142857142857143,0.4285714285714285,1.1515883207321167,1.0
FYRYQTF,-3.028259515762329,-0.23205077648162842,0.5714285714285714,0.5714285714285714,0.9135293960571288,0.7635293960571289
YYLEIAL,-3.295574426651001,-0.3046775758266449,0.7142857142857143,0.4285714285714285,0.8724887371063232,0.7724887073040009
YQSHSNN,0.6074989438056946,-3.017268419265747,0.4285714285714285,0.2857142857142857,1.0249871015548706,0.8249871015548706
NRRPNNK,-3.35972261428833,0.22353550791740417,0.7142857142857143,0.2857142857142857,0.9272459745407104,0.8272459745407105
SFWRNET,-2.763899326324463,1.6370632648468018,0.7142857142857143,0.4285714285714285,1.1669222116470337,1.0
DKHNNKS,0.20401737093925476,-1.8389266729354858,0.7142857142857143,0.4285714285714285,1.1155402660369873,1.0
YLHKSQP,1.7578761577606201,-0.9592939615249634,0.5714285714285714,0.2857142857142857,1.4082691669464111,1.0
PYPADSL,-0.7797845005989075,-3.34149432182312,0.5714285714285714,0.4285714285714285,0.8182359933853149,0.6682360231876373
YVHLATN,-0.17565716803073883,-1.6463853120803833,0.5714285714285714,0.2857142857142857,1.0922603607177734,0.9422603607177734
CYHRSQW,-4.4275641441345215,2.2749011516571045,0.4285714285714285,0.2857142857142857,1.040541410446167,0.8405413657426835
YHFEPGI,-1.8053820133209229,-1.3179941177368164,0.7142857142857143,0.4285714285714285,0.9333587884902954,0.8333588182926178
HNCKGNE,-3.6826658248901367,-1.0007253885269165,0.7142857142857143,0.4285714285714285,0.7430964708328247,0.6430964559316635
YEGIVNN,-0.1601756066083908,-3.8874690532684326,0.5714285714285714,0.4285714285714285,0.8287867307662964,0.6787867158651352
YLHKSTS,1.1830722093582153,-0.7965959310531616,0.4285714285714285,0.0,1.3577746152877808,1.0
YSPRQKN,-2.03117299079895,-0.22611930966377258,0.5714285714285714,0.2857142857142857,1.0352387428283691,0.8852386832237243
YHMTEAN,-0.08215745538473129,-2.3147523403167725,0.5714285714285714,0.2857142857142857,1.0244704484939575,0.8744704186916351
EGSRAVF,0.3917643427848816,-4.343366622924805,0.7142857142857143,0.4285714285714285,0.8417905569076538,0.741790534555912
LWKISWK,-4.524407386779785,0.6411116123199463,0.5714285714285714,0.2857142857142857,0.83534175157547,0.6853417292237282
GPSFSIS,-0.9525099992752075,-1.9278169870376587,0.5714285714285714,0.5714285714285714,0.9646586179733276,0.8146585881710052
VEATSND,-0.7722789645195007,-5.0383524894714355,0.7142857142857143,0.2857142857142857,0.6182327270507812,0.4977619152516127
HHIRHCL,-4.836305618286133,0.21663567423820496,0.7142857142857143,0.4285714285714285,0.7472301125526428,0.6472301200032234
VYHNNYD,-1.4064604043960571,-0.6327850222587585,0.7142857142857143,0.2857142857142857,1.0629034042358398,0.9629034638404846
YAHRYVK,-3.936951160430908,0.5877020359039307,0.7142857142857143,0.1428571428571428,0.9003118276596069,0.8003117978572846
YGTMWAP,-2.853302240371704,-1.552196741104126,0.7142857142857143,0.4285714285714285,0.7784522175788879,0.678452217578888
THHRELS,-0.15474455058574677,-1.7890899181365967,0.7142857142857143,0.2857142857142857,1.0779016017913818,0.9779015719890596
THCRMVP,-2.9859042167663574,-0.8928980827331543,0.5714285714285714,0.4285714285714285,0.8404229879379272,0.6904229581356048
HYHQSSE,0.15343929827213287,-1.5945223569869995,0.5714285714285714,0.4285714285714285,1.1383404731750488,0.9883405029773712
YHTNGEN,0.0501413494348526,-2.8129825592041016,0.5714285714285714,0.2857142857142857,0.9815340042114258,0.8315340340137481
MFHNNEC,-4.218196868896484,-2.169529914855957,0.7142857142857143,0.5714285714285714,0.5397133827209473,0.4397133678197861
EYHPPAG,0.26162615418434143,-3.5859391689300537,0.5714285714285714,0.4285714285714285,0.915679097175598,0.7656790822744369
MMTSGKE,1.229090690612793,-4.721872806549072,0.7142857142857143,0.4285714285714285,0.8985923528671265,0.7893632318824529
DLCESLY,-4.685295581817627,-1.3378576040267944,0.7142857142857143,0.5714285714285714,0.5814990401268005,0.4814990624785423
YAHRFTS,-1.747572898864746,-0.606758713722229,0.5714285714285714,0.4285714285714285,1.0245873928070068,0.8745874226093292
YFRISNV,-2.651679754257202,0.2920116186141968,0.4285714285714285,0.2857142857142857,1.021282196044922,0.8212822556495667
STHRSLY,-0.5754992961883545,-0.643729567527771,0.7142857142857143,0.4285714285714285,1.1624534130096436,1.0
MADRQGM,1.0677152872085571,-4.131898880004883,0.7142857142857143,0.2857142857142857,0.948862850666046,0.848862835764885
DTSGNHA,0.26113906502723694,-4.675445556640625,0.5714285714285714,0.5714285714285714,0.7866184115409851,0.6290384378284216
KRSMSES,-0.4682559072971344,-1.8057225942611694,0.7142857142857143,0.2857142857142857,1.03788423538208,0.9378842651844024
HHCREWM,-4.569805145263672,0.5457400679588318,0.7142857142857143,0.5714285714285714,0.8185398578643799,0.7185398876667023
PMWKGSN,-0.7728010416030884,0.2502397894859314,0.7142857142857143,0.5714285714285714,1.2443580627441406,1.0
VFSRVGD,0.33204948902130127,-0.8577476739883423,0.5714285714285714,0.4285714285714285,1.2472535371780396,1.0
SYVASRQ,0.6870683431625366,-1.243686556816101,0.7142857142857143,0.2857142857142857,1.2446422576904297,1.0
YMHWYTS,-4.123661041259766,0.5304316282272339,0.7142857142857143,0.2857142857142857,0.8708716034889221,0.7708716034889221
YETRMHV,0.41222795844078064,-2.081939697265625,0.7142857142857143,0.2857142857142857,1.1120352745056152,1.0
YWRRPYR,-4.02094030380249,0.896622896194458,0.5714285714285714,0.4285714285714285,0.926696240901947,0.7766962260007858
YYHRSLE,-0.6363729238510132,1.157677173614502,0.5714285714285714,0.2857142857142857,1.368358850479126,1.0
MNSRYTN,1.1513792276382446,-2.45559024810791,0.7142857142857143,0.1428571428571428,1.1574974060058594,1.0
IHGYSGH,-0.77420574426651,-1.4996137619018555,0.5714285714285714,0.4285714285714285,1.0369985103607178,0.8869985103607178
AMRAYSN,0.2940550148487091,-2.654475688934326,0.5714285714285714,0.5714285714285714,1.0299034118652344,0.8799033522605896
ESACWPP,-4.784853935241699,1.148779034614563,0.7142857142857143,0.5714285714285714,0.8638434410095215,0.7638434708118439
YHPGVGH,0.2772147059440613,-3.375797986984253,0.7142857142857143,0.2857142857142857,0.9424523711204528,0.8424523562192917
VCSAHHA,-3.065796136856079,-1.1608545780181885,0.7142857142857143,0.5714285714285714,0.7990002036094666,0.6990002036094666
LNHWFKG,-2.4614031314849854,-0.11915118992328644,0.5714285714285714,0.5714285714285714,0.995691180229187,0.845691180229187
WKHPPWW,-2.9584555625915527,0.2530035674571991,0.7142857142857143,0.4285714285714285,0.9794330596923828,0.8794330894947052
YHMQNNN,0.5476362705230713,-2.463552951812744,0.4285714285714285,0.2857142857142857,1.0832840204238892,0.8832840502262116
QYIRNGR,-3.9165542125701904,0.15688323974609375,0.5714285714285714,0.2857142857142857,0.8517767190933228,0.7017766892910003
YTNRQNP,1.8414976596832275,-3.184053659439087,0.7142857142857143,0.2857142857142857,1.1549978256225586,1.0
YYQRSHN,-1.0942811965942383,-0.09315381944179535,0.5714285714285714,0.2857142857142857,1.1646840572357178,1.0
ISYQGGN,0.9825478196144104,-3.192678689956665,0.5714285714285714,0.5714285714285714,1.0497339963912964,0.899733966588974
MGHRSPW,-1.2748867273330688,0.5021101832389832,0.7142857142857143,0.2857142857142857,1.2132470607757568,1.0
SANDHAG,0.12511275708675385,-4.906875133514404,0.7142857142857143,0.4285714285714285,0.7427080273628235,0.6269074130803347
YHRRSNE,-0.6694927215576172,1.5847716331481934,0.2857142857142857,0.1428571428571428,1.4149090051651,1.0
EGQSSSD,-1.2566038370132446,-4.745838165283203,0.7142857142857143,0.4285714285714285,0.5940895676612854,0.48400917686522
YHHRPTN,-0.18242627382278442,0.6517876386642456,0.5714285714285714,0.2857142857142857,1.363550901412964,1.0
YHGHENN,0.09123378247022629,-2.8325612545013428,0.4285714285714285,0.4285714285714285,0.9842028617858888,0.7842028319835663
VHSRNKN,-3.3386359214782715,0.717020571231842,0.5714285714285714,0.4285714285714285,0.9882354736328124,0.8382354736328125
IFSRQFN,-1.6348789930343628,1.874829888343811,0.7142857142857143,0.4285714285714285,1.3320931196212769,1.0
YWSPHNM,-2.48065447807312,0.01041386742144823,0.7142857142857143,0.4285714285714285,1.0086957216262815,0.908695751428604
YYSRDQN,0.34324008226394653,-0.8503867387771606,0.5714285714285714,0.2857142857142857,1.2494831085205078,1.0
YKHRTWS,-4.383285999298096,0.4381338059902191,0.5714285714285714,0.2857142857142857,0.8284350037574768,0.6784349888563156
MHRSSVP,1.5467076301574707,-1.2665098905563354,0.5714285714285714,0.5714285714285714,1.3462661504745483,1.0
YYWKVNN,-1.9438254833221436,0.8217945694923401,0.5714285714285714,0.2857142857142857,1.169916033744812,1.0
KFHKKGL,-3.191149950027466,0.7847964763641357,0.7142857142857143,0.4285714285714285,1.0141594409942627,0.914159381389618
MSHRKAN,-2.7498135566711426,0.023780403658747673,0.7142857142857143,0.2857142857142857,0.977613091468811,0.8776131212711334
LSHKSKQ,-3.6333014965057373,-0.1760525107383728,0.5714285714285714,0.4285714285714285,0.8467316031455994,0.6967316031455993
YYHRSTR,-4.49379301071167,1.0956716537475586,0.4285714285714285,0.2857142857142857,0.8928786516189575,0.6928786665201188
NLYRSTH,-0.8955953121185303,-0.7581858038902283,0.7142857142857143,0.4285714285714285,1.1100544929504397,1.0
FIQRSRE,1.5019197463989258,-1.7076133489608765,0.7142857142857143,0.5714285714285714,1.288602352142334,1.0
YSTKSNN,2.7031662464141846,-1.4968774318695068,0.4285714285714285,0.1428571428571428,1.4593381881713867,1.0
YHQRMHT,-0.6020669341087341,-1.2518937587738037,0.7142857142857143,0.2857142857142857,1.087220311164856,0.9872202813625336
YHRAIMG,-0.02888425439596176,0.9009454846382141,0.5714285714285714,0.4285714285714285,1.4116860628128052,1.0
YHHKTGE,1.5638502836227417,-0.9886242747306824,0.7142857142857143,0.2857142857142857,1.3812493085861206,1.0
AIHRSEN,0.5927761197090149,-2.0541770458221436,0.7142857142857143,0.2857142857142857,1.137233853340149,1.0
YHSRNKN,-2.4368395805358887,0.5013936758041382,0.5714285714285714,0.2857142857142857,1.072147011756897,0.9221469819545746
IYRHSNV,-0.3651007115840912,0.8225194811820984,0.5714285714285714,0.4285714285714285,1.3615968227386477,1.0
YFHENIN,-2.2776739597320557,-0.9031118154525757,0.5714285714285714,0.2857142857142857,0.925164759159088,0.7751647591590881
YYQKAAP,0.8724861741065979,-1.0742238759994507,0.7142857142857143,0.4285714285714285,1.2872096300125122,1.0
THHRVNE,1.0480109453201294,-0.9304972887039185,0.5714285714285714,0.2857142857142857,1.3255290985107422,1.0
AHSRFYM,-3.4875121116638184,-0.1988324373960495,0.5714285714285714,0.4285714285714285,0.8617274761199951,0.7117274463176727
YFFRQVN,-3.860071897506714,0.5003077983856201,0.5714285714285714,0.2857142857142857,0.8992941975593567,0.7492941826581955
YYHRSHE,-0.14902658760547638,-0.3709912896156311,0.5714285714285714,0.1428571428571428,1.2465035915374756,1.0
YHRRSNW,-3.379744529724121,1.7432329654693604,0.2857142857142857,0.2857142857142857,1.104753851890564,0.8547538220882416
YHKRVGG,-2.449276924133301,-0.16974294185638428,0.5714285714285714,0.2857142857142857,0.9911725521087646,0.8411725521087646
YHHKQMG,0.8393703699111938,-0.5488746166229248,0.5714285714285714,0.2857142857142857,1.3453938961029053,1.0
LHHKSKG,-1.7919758558273315,0.6990565061569214,0.5714285714285714,0.4285714285714285,1.173811912536621,1.0
MWHHHTN,-1.3703442811965942,-0.6757883429527283,0.5714285714285714,0.4285714285714285,1.06219482421875,0.9121947646141052
VHWQGHN,-0.544969379901886,-1.0582259893417358,0.5714285714285714,0.2857142857142857,1.1170806884765625,0.9670806884765624
YPSFLTA,-1.7188539505004883,-2.0698156356811523,0.5714285714285714,0.4285714285714285,0.8548414707183838,0.7048415005207062
YYHRSAG,-0.3416285514831543,1.138561725616455,0.5714285714285714,0.2857142857142857,1.4018659591674805,1.0
YFGKAVN,0.6614278554916382,-2.459446907043457,0.5714285714285714,0.2857142857142857,1.097580075263977,0.9475800454616546
HYHRSSK,-3.1768290996551514,1.518653392791748,0.5714285714285714,0.2857142857142857,1.1027886867523191,0.952788746356964
TYHKSVN,1.863258957862854,1.2265218496322632,0.2857142857142857,0.2857142857142857,1.6798670291900637,1.0
YHIHKHP,0.3323104977607727,-0.8431647419929504,0.7142857142857143,0.4285714285714285,1.2490118741989136,1.0
TMHRQNS,1.1023149490356445,-1.7517707347869873,0.7142857142857143,0.4285714285714285,1.2348777055740356,1.0
YLHGSMG,-0.052778542041778564,-2.6596434116363525,0.5714285714285714,0.2857142857142857,0.9871994853019714,0.8371994853019714
YHHRKNT,-2.366706609725952,0.8272461295127869,0.5714285714285714,0.2857142857142857,1.119240403175354,0.9692404329776764
YKSREAW,-0.11611106991767883,0.12922507524490356,0.5714285714285714,0.4285714285714285,1.309725642204285,1.0
YWHRSVT,-2.8072152137756348,1.0191549062728882,0.7142857142857143,0.2857142857142857,1.0885027647018433,0.9885027945041656
YHAMPNN,0.9869540333747864,-1.4328255653381348,0.4285714285714285,0.2857142857142857,1.2586417198181152,1.0
YAHKSPS,2.448721408843994,-0.6965238451957703,0.4285714285714285,0.2857142857142857,1.5232234001159668,1.0
MHYSTNN,1.18434739112854,-2.4184343814849854,0.5714285714285714,0.4285714285714285,1.1658978462219238,1.0
YHHIQNP,-0.26332980394363403,-1.09140145778656,0.5714285714285714,0.2857142857142857,1.1473324298858645,0.997332489490509
YYHKHKN,-2.67798113822937,0.6468685269355774,0.5714285714285714,0.2857142857142857,1.060106635093689,0.9101066350936888
GHKRVSL,-3.792487144470215,0.1941320151090622,0.7142857142857143,0.4285714285714285,0.871243953704834,0.7712439239025116
YMDSHHY,-1.8807705640792847,-2.855214834213257,0.7142857142857143,0.5714285714285714,0.7421970963478088,0.6421970963478089
YHELVNG,0.42114290595054626,-3.4442341327667236,0.4285714285714285,0.4285714285714285,0.9518165588378906,0.7518165290355683
YNSRSEG,1.6629520654678345,-1.6684842109680176,0.5714285714285714,0.2857142857142857,1.3127784729003906,1.0
LHHKNVN,0.941596508026123,-1.417109727859497,0.4285714285714285,0.2857142857142857,1.254997968673706,1.0
YWHKGHI,-1.9320507049560547,0.7796918749809265,0.7142857142857143,0.4285714285714285,1.1663599014282229,1.0
HLHRSET,0.08670635521411896,-0.6084228157997131,0.7142857142857143,0.4285714285714285,1.2469995021820068,1.0
YHHPMWI,-3.1368062496185303,-0.020509125664830208,0.7142857142857143,0.4285714285714285,0.9254034161567688,0.8254034161567688
QYHESND,-0.6822777390480042,-2.6609532833099365,0.5714285714285714,0.2857142857142857,0.9106481075286864,0.7606481075286865
VSHIENN,-0.06048405542969704,-5.069713592529297,0.5714285714285714,0.4285714285714285,0.7009032964706421,0.5293184854090214
YHRRSEG,-0.22984367609024048,1.324759840965271,0.4285714285714285,0.1428571428571428,1.43747878074646,1.0
AWERTYQ,-2.137035369873047,-1.1138728857040405,0.5714285714285714,0.5714285714285714,0.9172779321670532,0.7672779023647308
AYSRRGQ,-3.9624643325805664,0.31780871748924255,0.7142857142857143,0.4285714285714285,0.8652591705322266,0.7652591854333878
HNSGHQT,0.3460051417350769,-4.032521724700928,0.7142857142857143,0.5714285714285714,0.8730423450469971,0.7730423450469971
YYHRYTN,-1.403059482574463,0.8962811231613159,0.5714285714285714,0.1428571428571428,1.2443631887435913,1.0
YWSRDNE,-1.1699862480163574,0.16884489357471466,0.7142857142857143,0.1428571428571428,1.1865179538726809,1.0
YYHRDTD,-0.9848762154579163,-0.24576182663440704,0.5714285714285714,0.2857142857142857,1.1598920822143557,1.0
YHHRSED,1.2895323038101196,-0.40937650203704834,0.5714285714285714,0.2857142857142857,1.416542887687683,1.0
HAHRSGT,0.09238652884960175,-0.3370036780834198,0.7142857142857143,0.4285714285714285,1.2798259258270264,1.0
YSKKSNL,-1.63103449344635,-0.20415019989013672,0.5714285714285714,0.2857142857142857,1.0864009857177734,0.9364009261131286
YSHKTGE,2.100142002105713,-2.224684953689575,0.5714285714285714,0.4285714285714285,1.29997980594635,1.0
YHHRDKN,0.033315010368824005,0.6044650673866272,0.5714285714285714,0.2857142857142857,1.3841302394866943,1.0
YYHRHEN,-1.0367989540100098,-0.31573882699012756,0.7142857142857143,0.1428571428571428,1.1453051567077637,1.0
YYQRLNN,-1.3489134311676025,0.3017759919166565,0.5714285714285714,0.2857142857142857,1.1805427074432373,1.0
AHHRNVM,0.18148396909236908,-0.5380433201789856,0.5714285714285714,0.2857142857142857,1.2668349742889404,1.0
VHHRLNE,1.510542869567871,0.04120481759309769,0.7142857142857143,0.2857142857142857,1.4967153072357178,1.0
HYSRSVS,0.16287948191165924,1.4908137321472168,0.4285714285714285,0.2857142857142857,1.5048012733459473,1.0
YSHRSQE,1.6300535202026367,0.18755756318569183,0.5714285714285714,0.1428571428571428,1.528548002243042,1.0
YHSREEE,0.7008838653564453,-2.8583385944366455,0.7142857142857143,0.2857142857142857,1.0551382303237915,0.9551382005214692
YFHRSQQ,-1.472591757774353,1.777303695678711,0.5714285714285714,0.2857142857142857,1.3402409553527832,1.0
NYHRAPN,0.8011359572410583,0.7430928945541382,0.5714285714285714,0.2857142857142857,1.493727445602417,1.0
TMHMPTE,-0.6474593281745911,-4.537901401519775,0.5714285714285714,0.4285714285714285,0.6926361322402954,0.5399418834596872
YQHRSNP,0.6169947385787964,-0.35865518450737,0.5714285714285714,0.1428571428571428,1.3409290313720703,1.0
HYHRSSE,0.3900476396083832,0.30213087797164917,0.5714285714285714,0.2857142857142857,1.391626000404358,1.0
YHQVSFE,-1.3656619787216187,-0.8863753080368042,0.5714285714285714,0.4285714285714285,1.0378286838531494,0.8878286838531494
NPSRGGP,1.9008926153182983,-3.7405238151550293,0.7142857142857143,0.4285714285714285,1.096318006515503,0.9963179469108582
YHHRQYI,-1.2963755130767822,0.22524134814739227,0.7142857142857143,0.1428571428571428,1.1778568029403689,1.0
YHAKSVE,2.189884901046753,-2.402379035949707,0.5714285714285714,0.2857142857142857,1.2898313999176023,1.0
YLDKQTG,1.1551328897476196,-3.733876943588257,0.4285714285714285,0.4285714285714285,1.0065990686416626,0.8065991133451462
FYHRQNN,-1.4003747701644897,0.6406002044677734,0.7142857142857143,0.2857142857142857,1.214415431022644,1.0
YHHRSKY,-3.0859525203704834,1.1482166051864624,0.5714285714285714,0.0,1.0699565410614014,0.9199564814567566
VHQRSTG,1.8227843046188354,-1.9904292821884155,0.5714285714285714,0.1428571428571428,1.2940561771392822,1.0
HSHRHGN,0.46298038959503174,-0.28505000472068787,0.7142857142857143,0.2857142857142857,1.3309528827667236,1.0
YHHKSYT,-0.6036368608474731,0.44708794355392456,0.5714285714285714,0.1428571428571428,1.2881953716278076,1.0
YKYWLAA,-2.7729201316833496,0.12363187968730927,0.5714285714285714,0.4285714285714285,0.9866316318511964,0.8366316616535187
YHYRVQR,-3.2955663204193115,0.43376994132995605,0.5714285714285714,0.2857142857142857,0.959924578666687,0.809924578666687
YHKRTYA,-2.7155473232269287,0.34646737575531006,0.5714285714285714,0.2857142857142857,1.0199790000915527,0.8699790000915527
IMHRKYN,-2.9823176860809326,0.03222193941473961,0.7142857142857143,0.2857142857142857,0.9503957629203796,0.8503957629203797
YLYEAGN,-2.185969114303589,-2.0987696647644043,0.5714285714285714,0.2857142857142857,0.7947238683700562,0.6447238683700561
YHQRANN,1.1244114637374878,-0.16926512122154236,0.4285714285714285,0.1428571428571428,1.424933910369873,1.0
YHHESHD,0.21190498769283295,-2.4425995349884033,0.5714285714285714,0.2857142857142857,1.0450204610824585,0.8950204908847809
QSRPSVM,1.378612995147705,-3.568182945251465,0.5714285714285714,0.4285714285714285,1.053339600563049,0.9033395558595656
IHHRFAN,-0.3500288724899292,0.3658546209335327,0.5714285714285714,0.2857142857142857,1.3093550205230713,1.0
YYSSSED,-1.2909682989120483,-2.1409213542938232,0.5714285714285714,0.4285714285714285,0.898350715637207,0.748350715637207
QYHRDTT,0.6719287633895874,-1.2294012308120728,0.5714285714285714,0.4285714285714285,1.2444963455200195,1.0
EFYWFQN,-5.030099391937256,0.8942752480506897,0.8571428571428571,0.5714285714285714,0.8039461374282837,0.7539461486041545
YHIRDTE,0.5010720491409302,-2.412440061569214,0.7142857142857143,0.4285714285714285,1.0836849212646484,0.983684891462326
IFHIKEN,-0.17072567343711853,-1.7885175943374634,0.7142857142857143,0.4285714285714285,1.076029896736145,0.9760298669338228
YIHNVVV,-2.096795082092285,-2.4182381629943848,0.7142857142857143,0.4285714285714285,0.7677198648452759,0.6677198946475983
DSLKTAT,0.9353412389755249,-4.258064270019531,0.5714285714285714,0.5714285714285714,0.917859435081482,0.7678594499826431
YSSEPAY,-1.8189806938171387,-3.0007076263427734,0.5714285714285714,0.4285714285714285,0.7324690818786621,0.5824690520763397
LHSRNWK,-3.903005599975586,0.3489948809146881,0.5714285714285714,0.5714285714285714,0.8761677145957947,0.7261676996946335
YHLRYQG,-1.7617993354797363,-0.25267064571380615,0.5714285714285714,0.2857142857142857,1.0647861957550049,0.9147862255573272
IHVRGMQ,0.33901339769363403,-1.0208191871643066,0.5714285714285714,0.2857142857142857,1.2287904024124146,1.0
TYHKLGF,-0.5805968642234802,0.41586819291114807,0.4285714285714285,0.4285714285714285,1.28729510307312,1.0
YHHRSEN,0.5042349100112915,0.9122361540794373,0.4285714285714285,0.1428571428571428,1.4777226448059082,1.0
YEHRQAF,-0.8090905547142029,-1.4690991640090942,0.5714285714285714,0.4285714285714285,1.0363779067993164,0.8863779067993164
TGYRINN,0.7659904956817627,-2.653913974761963,0.7142857142857143,0.4285714285714285,1.087244153022766,0.9872441828250884
YSHRSGP,1.5673824548721313,-0.03418844938278198,0.5714285714285714,0.2857142857142857,1.4946866035461426,1.0
LHHKGEG,1.610119104385376,-2.5973331928253174,0.5714285714285714,0.1428571428571428,1.196387529373169,1.0
HVSRSNN,0.7305461764335632,-2.379173755645752,0.5714285714285714,0.2857142857142857,1.1154727935791016,0.965472823381424
YFHRKNI,-2.8943285942077637,1.7402944564819336,0.7142857142857143,0.2857142857142857,1.163316249847412,1.0
MYSRGNT,1.4157518148422241,0.583223819732666,0.7142857142857143,0.4285714285714285,1.5493885278701782,1.0
ILTRGHN,1.1898688077926636,-2.155484676361084,0.5714285714285714,0.4285714285714285,1.197702169418335,1.0
HGHWANG,-0.5955628752708435,-1.15338933467865,0.7142857142857143,0.4285714285714285,1.0996729135513306,0.9996729135513306
GFETSMP,0.0296478308737278,-5.376303672790527,0.5714285714285714,0.5714285714285714,0.6755403280258179,0.4930650901049376
YHSRYYN,-1.4621553421020508,-0.05655256286263466,0.5714285714285714,0.2857142857142857,1.1243722438812256,0.9743723034858705
MFHRSHN,-0.7195367813110352,-0.6798251867294312,0.7142857142857143,0.2857142857142857,1.1406991481781006,1.0
QYYRNWV,-3.627736806869507,1.4553165435791016,0.7142857142857143,0.4285714285714285,1.0405670404434204,0.9405669957399369
YNHWHNP,-0.7946039438247681,-0.9844895601272583,0.7142857142857143,0.4285714285714285,1.095515489578247,0.995515549182892
HKSRSPN,-2.714595317840576,0.6314927935600281,0.5714285714285714,0.2857142857142857,1.053842544555664,0.903842544555664
EKKRVAP,-2.4456374645233154,-1.2587471008300781,0.5714285714285714,0.4285714285714285,0.8626721501350403,0.7126721501350403
YYRRDHI,-1.5794594287872314,0.4971170723438263,0.7142857142857143,0.4285714285714285,1.1756926774978638,1.0
YHHRNSI,-0.7068536281585693,0.4245675206184387,0.7142857142857143,0.2857142857142857,1.2730025053024292,1.0
YHNRAFD,0.5641867518424988,-1.0662401914596558,0.5714285714285714,0.2857142857142857,1.2507394552230835,1.0
LASHQMD,0.36545494198799133,-4.215636253356934,0.7142857142857143,0.5714285714285714,0.8537213802337646,0.7537213653326035
HSHRSTI,-0.5437362194061279,0.3631901443004608,0.5714285714285714,0.2857142857142857,1.2855312824249268,1.0
HNRKNNN,-2.6486918926239014,-0.18834328651428223,0.5714285714285714,0.4285714285714285,0.9647691249847412,0.8147690951824188
RWHRFEE,-1.6466625928878784,0.07404804229736328,0.8571428571428571,0.4285714285714285,1.1174440383911133,1.0
YASRSQD,2.0830111503601074,-1.6297069787979126,0.5714285714285714,0.4285714285714285,1.3683483600616455,1.0
YGRKVNT,-2.3693430423736572,-0.7393249273300171,0.5714285714285714,0.2857142857142857,0.9334326982498168,0.7834327280521393
YSRRVQN,-2.287517547607422,0.902904748916626,0.4285714285714285,0.2857142857142857,1.1378090381622314,0.9378090977668764
YHHRPMP,-0.5384076833724976,-0.4152291715145111,0.7142857142857143,0.2857142857142857,1.1940101385116575,1.0
YYYRLSN,-3.197242021560669,0.7789958119392395,0.7142857142857143,0.2857142857142857,1.0127332210540771,0.9127332210540772
YPHREGG,1.653084635734558,-2.3835902214050293,0.7142857142857143,0.4285714285714285,1.2269097566604614,1.0
YGSAHHH,-0.359692245721817,-1.237816572189331,0.7142857142857143,0.4285714285714285,1.1183018684387207,1.0
HFSRKNN,-3.3499186038970947,0.835701584815979,0.7142857142857143,0.4285714285714285,1.0009185075759888,0.9009184777736664
NYSRSEN,0.6697148680686951,1.8687682151794434,0.5714285714285714,0.2857142857142857,1.6110622882843018,1.0
EAHRSST,1.0632034540176392,-2.3644492626190186,0.7142857142857143,0.4285714285714285,1.1575877666473389,1.0
AHHKQTN,0.32138609886169434,-1.3205351829528809,0.5714285714285714,0.2857142857142857,1.1911636590957642,1.0
YHHRNNT,-0.3118196427822113,0.32769525051116943,0.5714285714285714,0.1428571428571428,1.309473991394043,1.0
YAQRANN,2.3029820919036865,-2.313638687133789,0.5714285714285714,0.2857142857142857,1.3140640258789062,1.0
YHHNSHE,0.6074472665786743,-2.1594603061676025,0.5714285714285714,0.2857142857142857,1.126548409461975,0.9765484094619752
YLKRQNN,-2.2484347820281982,-0.1013016328215599,0.4285714285714285,0.2857142857142857,1.0236505270004272,0.8236505270004273
YHSRSNP,1.3603625297546387,0.781374990940094,0.4285714285714285,0.2857142857142857,1.5661282539367676,1.0
YYDKEYN,0.03538499027490616,-1.917600154876709,0.7142857142857143,0.4285714285714285,1.0857597589492798,0.9857597589492798
YHHRSNE,1.427198052406311,0.960679292678833,0.4285714285714285,0.1428571428571428,1.5954697132110596,1.0
YNTMKTT,2.0824739933013916,-3.560309648513794,0.5714285714285714,0.5714285714285714,1.139692783355713,0.9896928131580351
YFHKLNN,-0.45772725343704224,-0.1499171108007431,0.5714285714285714,0.2857142857142857,1.235215425491333,1.0
YHYRQEH,-0.4517478346824646,-1.1374903917312622,0.5714285714285714,0.2857142857142857,1.1190088987350464,0.9690088987350464
AMYMINN,-2.374129295349121,-2.6208417415618896,0.7142857142857143,0.4285714285714285,0.7100734710693359,0.6100734412670136
QMSRLLH,-1.243401288986206,-1.5745999813079834,0.7142857142857143,0.5714285714285714,0.9711780548095704,0.8711780846118927
YYHRSTE,-0.581886351108551,0.48129597306251526,0.4285714285714285,0.2857142857142857,1.2948853969573977,1.0
YQKQHMQ,0.3587788939476013,-2.182769536972046,0.5714285714285714,0.4285714285714285,1.0936100482940674,0.943610018491745
EYQRGEY,-1.3792920112609863,-1.3634159564971924,0.7142857142857143,0.4285714285714285,0.9796912670135498,0.8796912372112274
THYREKF,-0.11122959107160568,-0.7548735737800598,0.5714285714285714,0.4285714285714285,1.2056375741958618,1.0
GHHRAQH,-0.12828555703163147,0.1073371097445488,0.7142857142857143,0.2857142857142857,1.305656671524048,1.0
KSHKWKG,-2.1105527877807617,0.10895366966724396,0.5714285714285714,0.4285714285714285,1.0652790069580078,0.9152789771556854
YHDRSTI,1.5691901445388794,-2.337066650390625,0.5714285714285714,0.2857142857142857,1.2222367525100708,1.0
YENKRNE,0.8004667162895203,-2.4145443439483643,0.7142857142857143,0.4285714285714285,1.1197704076766968,1.0
PNHKWEN,0.176624596118927,-1.7708934545516968,0.7142857142857143,0.4285714285714285,1.1202712059020996,1.0
YHSRGEA,2.051950216293335,-1.667742133140564,0.5714285714285714,0.4285714285714285,1.3600752353668213,1.0
YYHRDEN,-0.62348872423172,0.5355005264282227,0.7142857142857143,0.1428571428571428,1.2962545156478882,1.0
GRELDDN,-0.4168260991573334,-3.8942174911499023,0.7142857142857143,0.5714285714285714,0.7968404293060303,0.6968404293060303
AFLPDED,-0.8080837726593018,-4.776105880737305,0.7142857142857143,0.5714285714285714,0.6449383497238159,0.5337828028947115
YHHRPYQ,-0.8814295530319214,0.12996329367160797,0.7142857142857143,0.2857142857142857,1.2169337272644043,1.0
YHIRSGL,-0.05184423550963402,-0.427013099193573,0.5714285714285714,0.2857142857142857,1.2516645193099976,1.0
ELHKSEF,1.4981390237808228,-2.1732611656188965,0.5714285714285714,0.2857142857142857,1.2330090999603271,1.0
YFHRPWN,-2.3342018127441406,1.5233755111694336,0.7142857142857143,0.2857142857142857,1.2056095600128174,1.0
YHHRDIN,0.35299286246299744,-0.6655476093292236,0.5714285714285714,0.1428571428571428,1.272552490234375,1.0
YHHEDNG,0.31111422181129456,-2.62619948387146,0.5714285714285714,0.2857142857142857,1.0353217124938965,0.8853216528892517
FWSRDNN,-0.7815061211585999,-0.7493705749511719,0.7142857142857143,0.4285714285714285,1.124944090843201,1.0
FAHRIAD,1.3349467515945435,-1.5174624919891357,0.7142857142857143,0.4285714285714285,1.2908530235290527,1.0
MLHKLVD,-0.41928830742836,-2.481684923171997,0.7142857142857143,0.5714285714285714,0.9637906551361084,0.8637906551361084
YFQRQNE,-0.26974403858184814,-0.32783129811286926,0.7142857142857143,0.2857142857142857,1.2369635105133057,1.0
VGLESHW,-2.2731142044067383,-2.8349008560180664,0.7142857142857143,0.5714285714285714,0.6969872713088989,0.5969873011112213
YSHRWQN,-0.9738323092460632,0.4266621172428131,0.5714285714285714,0.1428571428571428,1.2408497333526611,1.0
GSHRPYK,-3.2310144901275635,0.02554132789373398,0.7142857142857143,0.4285714285714285,0.9194228649139404,0.8194228351116181
YYVRPNL,-2.7901113033294678,0.879323422908783,0.7142857142857143,0.2857142857142857,1.0740219354629517,0.974021965265274
MHKHRPN,-1.882594347000122,0.5750862956047058,0.5714285714285714,0.4285714285714285,1.1481359004974363,0.9981359302997588
YFEFSKN,0.23314730823040009,-1.060224175453186,0.5714285714285714,0.4285714285714285,1.2112767696380615,1.0
YWHKSKN,-3.524925947189331,1.4342678785324097,0.5714285714285714,0.2857142857142857,1.0505518913269043,0.9005519211292267
YHHWSEN,-1.5348329544067383,-0.3463696241378784,0.4285714285714285,0.2857142857142857,1.081236720085144,0.8812367200851441
YSFRHVT,-2.0651063919067383,0.057148419320583344,0.7142857142857143,0.2857142857142857,1.0646604299545288,0.9646604597568512
YHHRKNN,-2.309262752532959,1.411696434020996,0.4285714285714285,0.1428571428571428,1.1954128742218018,0.9954129040241242
YWHKYAA,-1.765974760055542,0.6739583611488342,0.7142857142857143,0.4285714285714285,1.1739957332611084,1.0
YHVWSDN,-3.012144088745117,-0.20163503289222717,0.4285714285714285,0.4285714285714285,0.9190865755081176,0.7190865457057953
AYHHQND,-0.20222945511341095,-2.109354019165039,0.7142857142857143,0.2857142857142857,1.0342183113098145,0.9342183709144593
YHVRNAN,1.4882102012634277,-0.876466691493988,0.5714285714285714,0.2857142857142857,1.3853493928909302,1.0
YHSRGKE,0.670918345451355,-1.060543417930603,0.5714285714285714,0.4285714285714285,1.2643671035766602,1.0
YHGHSAS,0.8624624609947205,-1.302001953125,0.5714285714285714,0.4285714285714285,1.2590234279632568,1.0
GYHSRSK,-4.385412693023682,0.6142021417617798,0.5714285714285714,0.5714285714285714,0.8490240573883057,0.6990240275859833
YYSRGSD,0.2979663610458374,-1.4608205556869507,0.5714285714285714,0.2857142857142857,1.1717112064361572,1.0
AHHKWAN,-1.4085826873779297,-0.6821911931037903,0.7142857142857143,0.2857142857142857,1.056795954704285,0.9567959547042848
YYHKKSN,-2.68032169342041,0.5518748164176941,0.5714285714285714,0.2857142857142857,1.048574924468994,0.8985749542713165
NHSRYAN,0.30257734656333923,-0.7389095425605774,0.5714285714285714,0.4285714285714285,1.2577476501464844,1.0
YIHRSEN,0.7449334263801575,0.538710355758667,0.5714285714285714,0.2857142857142857,1.4627070426940918,1.0
YGHRSED,1.2002322673797607,-0.6654348373413086,0.7142857142857143,0.1428571428571428,1.375387191772461,1.0
VYHRLAQ,-0.5043019652366638,1.611281394958496,0.5714285714285714,0.4285714285714285,1.4380955696105957,1.0
VQASSPE,-0.7785900235176086,-5.250991344451904,0.5714285714285714,0.5714285714285714,0.5922895669937134,0.4142655537463725
FYHRGKE,0.12917056679725647,0.3528079688549042,0.7142857142857143,0.2857142857142857,1.3659663200378418,1.0
YESRMFE,-0.7221986055374146,-1.513383388519287,0.7142857142857143,0.4285714285714285,1.0416797399520874,0.9416797399520874
YWYQGAI,-3.4291906356811523,-0.3510572612285614,0.7142857142857143,0.4285714285714285,0.8507814407348633,0.7507814109325409
YHYQSAF,-1.8391406536102295,-0.5437589287757874,0.5714285714285714,0.4285714285714285,1.0209341049194336,0.870934134721756
YYHRTQE,-0.26794853806495667,0.3816089928150177,0.5714285714285714,0.2857142857142857,1.3211817741394043,1.0
YFHKSTN,0.42402830719947815,0.3372649550437927,0.4285714285714285,0.1428571428571428,1.3999099731445312,1.0
YHHMGNH,0.07536248862743378,-0.6688356995582581,0.5714285714285714,0.1428571428571428,1.2384697198867798,1.0
YQHQAEN,0.2768562436103821,-3.0049021244049072,0.5714285714285714,0.4285714285714285,0.9863243103027344,0.8363243401050567
GVSKYHG,1.347739338874817,-1.7575721740722656,0.7142857142857143,0.5714285714285714,1.2639756202697754,1.0
VYSKWNW,-3.0734732151031494,1.9228068590164185,0.5714285714285714,0.4285714285714285,1.1631853580474854,1.0
YASKSKM,-2.8161535263061523,-1.0578675270080566,0.5714285714285714,0.4285714285714285,0.8414909839630127,0.6914910137653351
YVGESSN,-0.6481986045837402,-2.9743638038635254,0.5714285714285714,0.4285714285714285,0.8776750564575195,0.7276750266551971
YLHRSTQ,-0.23338451981544495,1.121468424797058,0.5714285714285714,0.1428571428571428,1.4129785299301147,1.0
YKHMSYG,-0.04370776563882828,-0.04295649379491806,0.7142857142857143,0.2857142857142857,1.2981256246566772,1.0
YHSWSAN,-1.4356769323349,-0.5071148872375488,0.4285714285714285,0.2857142857142857,1.0742374658584597,0.8742374956607819
YYHKLTD,-0.4686109125614166,-0.2341996133327484,0.4285714285714285,0.4285714285714285,1.2239153385162354,1.0
MAWRNTN,-0.783257782459259,-0.02113996632397175,0.5714285714285714,0.4285714285714285,1.210956573486328,1.0
YYHQLNN,-1.9794249534606934,-0.6132581233978271,0.5714285714285714,0.2857142857142857,0.9956802129745485,0.8456801831722259
YHKRSTK,-3.2763450145721436,1.8169177770614624,0.5714285714285714,0.4285714285714285,1.12602698802948,0.97602698802948
YHKRESN,0.23635990917682648,0.015417342074215412,0.5714285714285714,0.2857142857142857,1.3390265703201294,1.0
VYSRSFN,-1.957152009010315,3.0693817138671875,0.4285714285714285,0.2857142857142857,1.4344213008880615,1.0
MNRRWKN,-3.5488083362579346,-0.3658234775066376,0.7142857142857143,0.4285714285714285,0.834516167640686,0.7345161527395249
YHARYEN,-0.5694997906684875,-0.46525654196739197,0.5714285714285714,0.2857142857142857,1.1843132972717283,1.0
YYKRNHN,-2.8816773891448975,0.6848739385604858,0.5714285714285714,0.2857142857142857,1.0398859977722168,0.8898859977722168
HFKHSGN,0.5268226265907288,-0.9806084632873535,0.5714285714285714,0.4285714285714285,1.2563440799713137,1.0
YHARWPE,-1.2886656522750854,0.9036210775375366,0.7142857142857143,0.4285714285714285,1.259115219116211,1.0
YARRPNN,-1.3961217403411865,-0.3012198805809021,0.4285714285714285,0.2857142857142857,1.1034166812896729,0.9034166812896728
YFHEQEN,-2.15124773979187,-0.5697382688522339,0.7142857142857143,0.2857142857142857,0.9799805879592896,0.8799805581569672
YRYRKVY,-3.8135125637054443,0.9212379455566406,0.7142857142857143,0.4285714285714285,0.954784333705902,0.8547843188047409
YVSRADG,1.7001774311065674,-2.3865439891815186,0.7142857142857143,0.4285714285714285,1.2322752475738523,1.0
YKRRQAE,-1.755217432975769,0.6150314807891846,0.7142857142857143,0.4285714285714285,1.1683241128921509,1.0
YHYRQND,-0.21668417751789093,-0.5589926838874817,0.5714285714285714,0.2857142857142857,1.2160325050354004,1.0
YVHREAW,-1.098264455795288,-0.291301429271698,0.5714285714285714,0.2857142857142857,1.1407392024993896,0.9907392024993896
YYHKMNG,0.6855542063713074,0.057406723499298096,0.4285714285714285,0.2857142857142857,1.398512601852417,1.0
YYHKKTA,-2.3670992851257324,0.3392978310585022,0.4285714285714285,0.2857142857142857,1.0614179372787476,0.8614179372787476
THKRSNN,-2.9111502170562744,0.2833901643753052,0.4285714285714285,0.2857142857142857,0.988771915435791,0.7887719452381134
HARKSTM,-4.069886207580566,0.0036897961981594563,0.5714285714285714,0.4285714285714285,0.8150296211242676,0.6650295913219452
YVVKSNN,1.966429591178894,-0.24672716856002808,0.4285714285714285,0.1428571428571428,1.5179498195648191,1.0
MVVRNLK,-3.5178160667419434,-1.554731845855713,0.5714285714285714,0.5714285714285714,0.697506308555603,0.547506308555603
VGSRHQN,0.8458936214447021,-2.2616400718688965,0.5714285714285714,0.2857142857142857,1.1433879137039185,0.993387883901596
YNVKSQV,2.4221689701080322,-1.407604455947876,0.5714285714285714,0.4285714285714285,1.4358065128326416,1.0
IATRHHN,0.761039137840271,-1.4889895915985107,0.7142857142857143,0.4285714285714285,1.2245745658874512,1.0
YYQKNHE,0.7973652482032776,-1.2886476516723633,0.7142857142857143,0.4285714285714285,1.252704381942749,1.0
YTHRSQD,1.0649290084838867,-1.1742771863937378,0.5714285714285714,0.2857142857142857,1.2987178564071655,1.0
YHHRGSG,0.7501958608627319,0.21658189594745636,0.5714285714285714,0.1428571428571428,1.425204515457153,1.0
HMKRKHT,-2.7507526874542236,0.9864287972450256,0.7142857142857143,0.4285714285714285,1.0914802551269531,0.9914802253246308
YHLRFSN,-2.555661678314209,-0.06984300166368484,0.4285714285714285,0.2857142857142857,0.9900901317596436,0.790090161561966
YHHRQSE,0.6831933259963989,0.16453805565834045,0.7142857142857143,0.2857142857142857,1.4109108448028564,1.0
YWHRRNE,-1.4461121559143066,1.7621068954467773,0.7142857142857143,0.2857142857142857,1.3416552543640137,1.0
YAFRQEN,-0.28017887473106384,-1.1062971353530884,0.5714285714285714,0.2857142857142857,1.143523931503296,0.993523931503296
IYQRHSP,-0.1847427636384964,-1.2241973876953125,0.5714285714285714,0.4285714285714285,1.1411463022232056,0.991146332025528
QASRHTS,0.8066243529319763,-2.243405818939209,0.7142857142857143,0.5714285714285714,1.1407811641693115,1.0
YHHKSVG,1.6253286600112915,0.4000474214553833,0.5714285714285714,0.2857142857142857,1.5531340837478638,1.0
GWGRDEN,-0.8267539739608765,-1.927159070968628,0.7142857142857143,0.2857142857142857,0.9799982309341432,0.8799982607364655
YHFRSDD,-0.34485265612602234,-0.2773967683315277,0.4285714285714285,0.4285714285714285,1.2338199615478516,1.0
YFRESNN,-0.055670663714408875,-0.5115037560462952,0.2857142857142857,0.1428571428571428,1.2411961555480957,0.9911961555480956
LNHRYNQ,-0.3490009009838104,-0.783112645149231,0.7142857142857143,0.4285714285714285,1.1734379529953003,1.0
YYHKGET,-0.07574042677879333,0.8807306289672852,0.5714285714285714,0.2857142857142857,1.4036060571670532,1.0
YSHRGNN,2.081707000732422,0.43517470359802246,0.4285714285714285,0.1428571428571428,1.6126796007156372,1.0
IHKRVNS,-2.4899799823760986,0.16781190037727356,0.5714285714285714,0.2857142857142857,1.026200532913208,0.8762005031108856
VHSKKVP,-1.0667805671691895,-0.4816895127296448,0.5714285714285714,0.4285714285714285,1.1220173835754397,0.9720173835754394
YHSRSTP,1.2915514707565308,-0.3475185036659241,0.5714285714285714,0.2857142857142857,1.4241122007369995,1.0
YYGGLSP,-1.11277174949646,-2.2890543937683105,0.7142857142857143,0.5714285714285714,0.9024373292922974,0.8024373292922974
QYSRSSP,1.8145134449005127,1.818493366241455,0.4285714285714285,0.4285714285714285,1.7440428733825684,1.0
YLSQSVD,-0.5847802758216858,-3.072235345840454,0.5714285714285714,0.4285714285714285,0.8737831115722656,0.7237831115722656
EHKRKNP,-1.7930437326431274,0.31273555755615234,0.7142857142857143,0.4285714285714285,1.1279405355453491,1.0
YWHHTKN,-1.2405482530593872,0.5737096667289734,0.7142857142857143,0.4285714285714285,1.2258920669555664,1.0
YHSKTVT,1.8041568994522095,-1.284924864768982,0.5714285714285714,0.4285714285714285,1.3753299713134766,1.0
YSHRIIH,-0.9872645139694214,-0.25663769245147705,0.7142857142857143,0.4285714285714285,1.1583144664764404,1.0
YHFKMVN,-0.6504584550857544,-1.2142314910888672,0.5714285714285714,0.4285714285714285,1.0858068466186523,0.9358068764209748
MHHSPEN,-0.006183619145303965,-3.9533729553222656,0.7142857142857143,0.4285714285714285,0.8396719694137573,0.7396719992160797
YHDHENG,0.4195278286933899,-3.852156400680542,0.5714285714285714,0.4285714285714285,0.9033210277557372,0.7533210128545761
YHHRSNA,0.37932655215263367,1.0933818817138672,0.4285714285714285,0.1428571428571428,1.4840118885040283,1.0
YHSRMFE,0.20383287966251373,-0.582711398601532,0.7142857142857143,0.4285714285714285,1.2642583847045898,1.0
YSHKVNN,2.174858808517456,-0.7967798113822937,0.5714285714285714,0.1428571428571428,1.478116750717163,1.0
HLGREET,1.0104707479476929,-4.875710487365723,0.5714285714285714,0.5714285714285714,0.8538455963134766,0.6891519881784915
YYHGAHT,-1.05465829372406,-1.3548002243041992,0.5714285714285714,0.4285714285714285,1.0201090574264526,0.8701090574264526
VHRRKTW,-3.240171432495117,1.1808671951293945,0.7142857142857143,0.4285714285714285,1.0551064014434814,0.9551063418388368
FHHRSAE,1.021007776260376,-0.9628694653511047,0.7142857142857143,0.2857142857142857,1.318419098854065,1.0
YHHKQAN,0.49264949560165405,-0.12290739268064499,0.5714285714285714,0.1428571428571428,1.3537517786026,1.0
YHRRRQG,-3.0050911903381348,0.9611464142799377,0.5714285714285714,0.2857142857142857,1.0576200485229492,0.9076200485229492
THHSLIN,-0.7923644185066223,-2.920625925064087,0.5714285714285714,0.4285714285714285,0.8665417432785034,0.716541713476181
YTFRFQN,-2.317761182785034,-0.3287273645401001,0.7142857142857143,0.2857142857142857,0.9883090257644652,0.8883090257644654
VPHDHIE,-0.3731909394264221,-5.318315029144287,0.7142857142857143,0.4285714285714285,0.6335176825523376,0.5031022941228003
YYKRSDD,-0.2697092890739441,-0.3171125054359436,0.5714285714285714,0.2857142857142857,1.238236904144287,1.0
YAYSSKR,-3.65191388130188,-0.19613918662071228,0.4285714285714285,0.4285714285714285,0.8420944213867188,0.6420944511890412
HAHRRTY,-4.408730983734131,1.1292921304702759,0.7142857142857143,0.4285714285714285,0.9071826338768004,0.8071826487779618
YFDRSSD,-0.7203885316848755,-1.3261055946350098,0.5714285714285714,0.4285714285714285,1.0640738010406494,0.9140738308429718
YWHRVNP,-2.000894069671631,2.4037117958068848,0.7142857142857143,0.0,1.3502949476242063,1.0
YKHLGPN,1.55038583278656,-0.13767631351947784,0.4285714285714285,0.0,1.4803705215454102,1.0
YHKESYL,0.1649695783853531,-0.590633749961853,0.5714285714285714,0.0,1.258603811264038,1.0
YFHKAWN,-1.4431730508804321,0.8882099390029907,0.5714285714285714,0.0,1.2385393381118774,1.0
YDHKTLP,1.4736535549163818,-2.578812837600708,0.7142857142857143,0.0,1.182018756866455,1.0
YLKHPPH,0.23463578522205353,-1.4475042819976807,0.5714285714285714,0.0,1.1656019687652588,1.0
YISRVYE,-1.1678797006607056,-0.475605309009552,0.7142857142857143,0.0,1.1104683876037598,1.0
AHHRANS,0.5206286311149597,-0.5559853911399841,0.5714285714285714,0.0,1.3058693408966064,1.0
FHHRHNN,-0.6470497250556946,0.06617496907711029,0.5714285714285714,0.0,1.2378253936767578,1.0
EYSRKQE,0.054314691573381424,-0.9265724420547485,0.5714285714285714,0.0,1.2053983211517334,1.0
YHHRLGE,1.3607558012008667,0.6345211863517761,0.7142857142857143,0.0,1.5487879514694214,1.0
WKHSPNN,0.43371641635894775,-1.329357385635376,0.7142857142857143,0.0,1.203751564025879,1.0
YHHKSTE,1.6949121952056885,-0.17604248225688934,0.4285714285714285,0.0,1.4933676719665527,1.0
YWHRPAP,-2.288184881210327,1.312571406364441,0.7142857142857143,0.0,1.1862342357635498,1.0
AFSRPDT,0.4830489754676819,-1.9683343172073364,0.7142857142857143,0.0,1.1340813636779783,1.0
VYSRFPN,-1.9838740825653076,2.627894163131714,0.5714285714285714,0.0,1.3789045810699463,1.0
LPHKHNN,0.7092324495315552,-1.3130749464035034,0.7142857142857143,0.0,1.2391161918640137,1.0
YHHMANH,0.13979579508304596,-0.8265200853347778,0.5714285714285714,0.0,1.227618932723999,1.0
YMHRSNP,0.1879536658525467,0.30592215061187744,0.5714285714285714,0.0,1.3675487041473389,1.0
YSHRGND,2.0381076335906982,-0.5432944297790527,0.5714285714285714,0.0,1.4915339946746826,1.0
HHGRANF,-0.6833805441856384,-0.16812899708747864,0.7142857142857143,0.0,1.2056736946105957,1.0
YHHKNYN,-0.05736454203724861,0.1583259105682373,0.5714285714285714,0.0,1.320300817489624,1.0
YYHRDNE,-0.7809069752693176,0.2676658630371094,0.7142857142857143,0.0,1.2454376220703125,1.0
YYHRHGN,-1.9443162679672241,0.7371870875358582,0.7142857142857143,0.0,1.1598386764526367,1.0
YPRMSNG,2.3954882621765137,-2.38360595703125,0.4285714285714285,0.0,1.3170063495635986,1.0
TYHHATY,-1.2526391744613647,0.7235721349716187,0.4285714285714285,0.0,1.24216890335083,1.0
YYVKSNN,0.9613909125328064,0.9277310371398926,0.4285714285714285,0.0,1.5350379943847656,1.0
IHKRSKD,-1.3461016416549683,1.1969846487045288,0.7142857142857143,0.0,1.2868800163269043,1.0
YHKNDHN,1.1180521249771118,-1.8020862340927124,0.5714285714285714,0.0,1.2308300733566284,1.0
NYHRSGM,0.03001442365348339,0.7684586048126221,0.5714285714285714,0.0,1.4031471014022827,1.0
YYHRGNF,-1.6086708307266235,0.8875570893287659,0.7142857142857143,0.0,1.2183771133422852,1.0
YYIKQPH,-0.514846682548523,-0.2983185648918152,0.7142857142857143,0.0,1.210712194442749,1.0
IFHRGLE,-0.3157965838909149,-0.3722967505455017,0.7142857142857143,0.0,1.226109743118286,1.0
YYHRPNQ,-0.9708237648010254,0.5376481413841248,0.7142857142857143,0.0,1.2543561458587646,1.0
VHKISNN,2.261230230331421,-1.6209715604782104,0.4285714285714285,0.0,1.391011357307434,1.0
GMHRSPY,0.4510968327522278,-0.2568720877170563,0.7142857142857143,0.0,1.3328471183776855,1.0
YHHRRSD,-1.6557443141937256,0.7697545289993286,0.5714285714285714,0.0,1.1987159252166748,1.0
AYHRNAN,0.21339139342308044,0.47937825322151184,0.5714285714285714,0.0,1.3911736011505127,1.0
LYKRSTE,0.9129363298416138,-0.6840280294418335,0.5714285714285714,0.0,1.3383193016052246,1.0
YGHKTMT,1.649303674697876,-0.9105823636054993,0.5714285714285714,0.0,1.40086030960083,1.0
YAFKRTE,1.3695793151855469,-1.2332419157028198,0.5714285714285714,0.0,1.3287087678909302,1.0
QYHRAED,1.1108325719833374,-0.7077698707580566,0.7142857142857143,0.0,1.3595249652862549,1.0
YYKASNI,0.496013879776001,-0.9000185132026672,0.5714285714285714,0.0,1.262147307395935,1.0
YHHRGIN,-0.04735391587018967,1.7764136791229248,0.4285714285714285,0.0,1.5131032466888428,1.0
YHHRMSP,-0.1855550855398178,-0.11194658279418945,0.5714285714285714,0.0,1.2727422714233398,1.0
YYAKTSE,1.0362155437469482,-1.6356301307678223,0.7142857142857143,0.0,1.2406072616577148,1.0
YHHRVHN,-0.2264164835214615,0.21993257105350494,0.5714285714285714,0.0,1.3070790767669678,1.0
YHHKSSF,-0.09489810466766357,0.5404143929481506,0.5714285714285714,0.0,1.3609864711761477,1.0
YSTRMVN,1.4725977182388306,-2.0028269290924072,0.5714285714285714,0.0,1.2500895261764526,1.0
YQSRSGE,1.622597098350525,-2.5747551918029785,0.7142857142857143,0.0,1.2005751132965088,1.0
GHHRSIN,-0.1374104768037796,0.015233354642987251,0.5714285714285714,0.0,1.2936437129974363,1.0
IYQRKEW,-0.7625145316123962,0.027860382571816444,0.7142857142857143,0.0,1.2192758321762085,1.0
HGRASAN,0.7066795825958252,-1.623524785041809,0.5714285714285714,0.0,1.2020480632781982,1.0
YVHRWPP,-2.282994508743286,1.8535747528076172,0.7142857142857143,0.0,1.2509207725524902,1.0
YSARSED,1.4339817762374878,-1.7340742349624634,0.5714285714285714,0.0,1.2772244215011597,1.0
QYIRNAN,0.975783109664917,-1.4310251474380493,0.5714285714285714,0.0,1.2574992179870603,1.0
MKYKIEN,0.24730819463729858,-1.6799207925796509,0.8571428571428571,0.0,1.139621019363403,1.0
MHARSFD,0.8507554531097412,-0.9928346872329712,0.7142857142857143,0.0,1.294209122657776,1.0
YHHRSVN,0.14893944561481476,0.8620687127113342,0.4285714285714285,0.0,1.428663730621338,1.0
YHERSIE,1.2923312187194824,-1.9370249509811401,0.5714285714285714,0.0,1.2360033988952637,1.0
VYYRSHE,-0.3299960196018219,1.6262779235839844,0.4285714285714285,0.0,1.4610249996185305,1.0
YGHRSEP,1.036440372467041,0.14046378433704376,0.5714285714285714,0.0,1.4509305953979492,1.0
YYHKSNW,-1.265158772468567,1.1910135746002197,0.4285714285714285,0.0,1.2959961891174316,1.0
YYHRYNN,-0.99025958776474,0.5018534660339355,0.5714285714285714,0.0,1.2477591037750244,1.0
VYHRHNN,-0.30981335043907166,0.47588595747947693,0.5714285714285714,0.0,1.3272638320922852,1.0
YVHSTNN,0.6348530054092407,-1.110283613204956,0.5714285714285714,0.0,1.254100680351257,1.0
VYRMGSN,1.061421275138855,-0.3107742369174957,0.5714285714285714,0.0,1.4005341529846191,1.0
HNYRGME,0.9188940525054932,-1.4502272605895996,0.7142857142857143,0.0,1.248321533203125,1.0
YLHRTNT,0.3116801381111145,0.5150387287139893,0.7142857142857143,0.0,1.4073243141174316,1.0
NLHRSNN,1.5973751544952393,-0.5063968896865845,0.5714285714285714,0.0,1.4424153566360474,1.0
DYSRSTN,0.786862313747406,-0.30579572916030884,0.5714285714285714,0.0,1.367802977561951,1.0
YHRQTMN,0.8695489764213562,-0.010728222317993641,0.4285714285714285,0.0,1.412774920463562,1.0
MYSRYTN,-1.8185310363769531,1.2055435180664062,0.7142857142857143,0.0,1.2305591106414795,1.0
YLHKSTS,1.1830722093582153,-0.7965959310531616,0.4285714285714285,0.0,1.3577746152877808,1.0
YSSKQDG,1.7081758975982666,-2.80679988861084,0.7142857142857143,0.0,1.1834861040115356,1.0
YHQRSNL,0.07104755192995071,0.07258843630552292,0.4285714285714285,0.0,1.3257334232330322,1.0
VHQRSTF,0.4711640775203705,-0.6707220077514648,0.5714285714285714,0.0,1.2862811088562012,1.0
MADRRGA,1.9326010942459106,-2.5608811378479004,0.7142857142857143,0.0,1.239840030670166,1.0
YYHRAVN,-1.2347815036773682,0.7308207750320435,0.5714285714285714,0.0,1.245194435119629,1.0
HHSKSNN,0.33208245038986206,-0.53141850233078,0.4285714285714285,0.0,1.285896062850952,1.0
YFHRVNG,-1.4183919429779053,0.9713191390037537,0.7142857142857143,0.0,1.2513872385025024,1.0
YYSRAEN,-0.03797340765595436,0.4993138313293457,0.5714285714285714,0.0,1.3630282878875732,1.0
HHDRHNN,0.3029792308807373,-0.8000828623771667,0.5714285714285714,0.0,1.2505532503128052,1.0
YISREYR,-0.6598708033561707,-0.3622312545776367,0.5714285714285714,0.0,1.185544490814209,1.0
YYHRHFN,-1.5051926374435425,0.2507201135158539,0.7142857142857143,0.0,1.155531406402588,1.0
YPKNLHA,1.9848641157150269,-1.6994824409484863,0.7142857142857143,0.0,1.3481755256652832,1.0
EHHRSQD,0.8314977884292603,-1.6872458457946777,0.5714285714285714,0.0,1.209651231765747,1.0
YAHRINE,1.8232085704803467,-1.3618485927581787,0.7142857142857143,0.0,1.3685338497161863,1.0
YHSRANN,2.113611936569214,-0.0932694599032402,0.4285714285714285,0.0,1.5539817810058594,1.0
HWHRGTG,-1.6123121976852417,1.0709812641143799,0.7142857142857143,0.0,1.23965322971344,1.0
MAYRSHE,1.6247806549072266,-1.5741242170333862,0.7142857142857143,0.0,1.319318413734436,1.0
YHHRYAE,0.6819239258766174,-0.30957743525505066,0.7142857142857143,0.0,1.3546197414398191,1.0
YPHKVSN,2.1962153911590576,-1.8259962797164917,0.7142857142857143,0.0,1.3588454723358154,1.0
YSRMPVN,1.8472946882247925,2.0354695320129395,0.4285714285714285,0.0,1.773711919784546,1.0
RHHHGPN,-0.15059489011764526,-0.22436489164829254,0.5714285714285714,0.0,1.2636743783950806,1.0
YGHSSGN,1.0569019317626953,-1.3301739692687988,0.4285714285714285,0.0,1.279284954071045,1.0
YRHEISN,0.36280617117881775,-1.3673570156097412,0.7142857142857143,0.0,1.1906465291976929,1.0
YHRRANE,-0.19002537429332733,1.141502857208252,0.4285714285714285,0.0,1.4206128120422363,1.0
HKHHGNL,0.29209020733833313,0.3786236345767975,0.7142857142857143,0.0,1.3887948989868164,1.0
YHKQGHN,0.7502400875091553,-0.9277759194374084,0.4285714285714285,0.0,1.289713740348816,1.0
IWVKNHN,0.018840553238987923,-0.11158260703086853,0.7142857142857143,0.0,1.297590970993042,1.0
YVHRLNN,0.23185445368289948,0.750756025314331,0.5714285714285714,0.0,1.4255465269088743,1.0
YVKNGAN,2.4589667320251465,-1.9834336042404175,0.5714285714285714,0.0,1.3720920085906982,1.0
YATRVNI,1.3445847034454346,-2.377840280532837,0.7142857142857143,0.0,1.1901508569717407,1.0
VHRKNDY,-0.5729201436042786,0.45456886291503906,0.5714285714285714,0.0,1.292809009552002,1.0
VYSRGAN,1.7486071586608887,1.742592453956604,0.5714285714285714,0.0,1.7270574569702148,1.0
YHHRLST,-0.4931986629962921,0.5611154437065125,0.7142857142857143,0.0,1.3150994777679443,1.0
YHRISNN,1.5243713855743408,2.274240732192993,0.1428571428571428,0.0,1.7627931833267212,1.0
AHKPQYS,2.0148394107818604,-2.0516793727874756,0.4285714285714285,0.0,1.3101119995117188,1.0
YSHKSNN,2.3222482204437256,0.21443131566047668,0.4285714285714285,0.0,1.6157350540161133,1.0
YSRSHLE,1.7480971813201904,0.6459025144577026,0.4285714285714285,0.0,1.5971434116363523,1.0
GYHRPLD,0.8233031630516052,-0.726442277431488,0.7142857142857143,0.0,1.3224194049835205,1.0
YTHRHVI,-0.7473456263542175,0.27211645245552063,0.7142857142857143,0.0,1.250037670135498,1.0
YYSEFKG,0.5394202470779419,-1.088478446006775,0.7142857142857143,0.0,1.245100736618042,1.0
QWHKDHN,0.4381858706474304,-0.9698421359062195,0.7142857142857143,0.0,1.2468619346618652,1.0
VYSMRSH,-1.5740963220596313,0.707636833190918,0.7142857142857143,0.0,1.2012698650360107,1.0
VFRQQTN,1.7715935707092285,-2.465390682220459,0.5714285714285714,0.0,1.2316064834594729,1.0
IHHRERV,-0.49025771021842957,-0.0072625987231731415,0.7142857142857143,0.0,1.2481584548950195,1.0
YKHLGPN,1.55038583278656,-0.13767631351947784,0.4285714285714285,0.0,1.4803705215454102,1.0
YHRPDNN,1.295119285583496,-1.03633713722229,0.2857142857142857,0.0,1.3429865837097168,1.0
VYSKASP,2.375335931777954,0.05619910731911659,0.5714285714285714,0.0,1.6034424304962158,1.0
QSRSHFM,-0.3882468640804291,-0.6509813070297241,0.7142857142857143,0.0,1.1843197345733645,1.0
FHHRENN,0.11781211197376251,-1.2445021867752075,0.5714285714285714,0.0,1.1754604578018188,1.0
YKHNPNH,-0.054164543747901917,-0.7231281399726868,0.7142857142857143,0.0,1.21632182598114,1.0
KEYRSNN,0.942439615726471,-1.8601419925689697,0.5714285714285714,0.0,1.202643632888794,1.0
NWHTQNG,0.1242990493774414,-1.672796607017517,0.7142857142857143,0.0,1.1255359649658203,1.0
TFSRAGQ,0.8400091528892517,-1.119323492050171,0.5714285714285714,0.0,1.2779282331466677,1.0
INHRLLS,0.08548486232757568,-1.680712103843689,0.7142857142857143,0.0,1.1198883056640625,1.0
YQNRSRD,1.4332059621810913,-1.532417893409729,0.7142857142857143,0.0,1.3010070323944092,1.0
YYVHSRQ,-1.6929584741592407,0.7633312940597534,0.7142857142857143,0.0,1.193439245223999,1.0
EFHKLQG,1.2992786169052124,-2.3314571380615234,0.7142857142857143,0.0,1.190144419670105,1.0
YSHRWQG,-1.1472926139831543,0.4630272090435028,0.7142857142857143,0.0,1.224104404449463,1.0
QYHKGVE,1.7334203720092773,-1.5156793594360352,0.5714285714285714,0.0,1.3394231796264648,1.0
NNHRLNV,1.4825937747955322,-1.616627812385559,0.7142857142857143,0.0,1.297029972076416,1.0
AWARKVE,-0.4858168363571167,0.1973562091588974,0.7142857142857143,0.0,1.2729249000549316,1.0
QNHRSTG,1.6583608388900757,-2.142469644546509,0.5714285714285714,0.0,1.2560995817184448,1.0
YSVRSES,1.041563630104065,0.6920775175094604,0.5714285714285714,0.0,1.5168654918670654,1.0
AYSPNHS,0.9562498331069946,-1.5116760730743408,0.7142857142857143,0.0,1.2455792427062988,1.0
YHSRTGN,1.5239044427871704,-0.9024340510368347,0.5714285714285714,0.0,1.3866066932678225,1.0
YYTKVTS,0.7678014039993286,-1.1403895616531372,0.5714285714285714,0.0,1.2666707038879397,1.0
