iAAs,plasmid_mean,virus_mean,hutfr1_mean,V_mean__P_mean_enr,V_mean__P_mean_log2_enr,hT_mean__V_mean_enr,hT_mean__V_mean_log2_enr
KKLLSNA,115.38214897582117,80.69522056230112,36.84223430807895,0.6993735276954424,-0.515864906,0.4565603024733631,-1.131122671
KNPIPMR,120.35488439637928,271.7873397973855,71.170097782279,2.2582161177794453,1.1751835627842884,0.2618595032253361,-1.933135132
KTKLTPG,123.16694667632316,91.70701135598362,27.982569082670977,0.7445748541366805,-0.425511201,0.3051300949504248,-1.712503615
KTARPQG,107.99655841351904,67.58341741137176,28.52500337296196,0.6257923252757251,-0.676244129,0.4220710414706296,-1.244442246
KTYRPDN,88.3150699371243,94.7579880581444,104.03217203400244,1.0729537792995818,0.1015879290193829,1.0978723183756005,0.1347102798828205
KTWSGTS,145.98515690971445,103.73069207573492,31.32342218207067,0.7105564310205037,-0.492978865,0.3019686994780782,-1.72752908
KTLMSKA,59.966142128349446,136.24001000442524,35.704371887898915,2.271948889305266,1.183930379747862,0.2620696511013115,-1.931977802
KSDRYHG,114.19892213576544,123.27064090950088,124.0947886044058,1.0794378668736515,0.1102802033112736,1.006685677050304,0.0096132931277784
KMPSIRQ,136.21916613466067,70.26438929484944,41.07662448995802,0.5158186714003883,-0.955064099,0.5846008896140658,-0.77447607
KMGKVTN,134.2761619459425,72.72962666070093,32.57163386106458,0.5416421322049758,-0.88458813,0.4478454703613169,-1.15892708
KMYSPMA,94.74988572999467,210.1213654579085,97.11640429123372,2.2176424154925503,1.1490267563988927,0.4621919531104897,-1.113435953
KMWTKGD,121.87998488830712,123.2232909553801,551.5830888323181,1.0110215476995998,0.0158137454388306,4.4762892189922905,2.1623032537687137
KIQMRPS,150.01409196778414,257.55099663639186,76.86670804394439,1.716845352713274,0.779760092385027,0.2984523804909367,-1.744427334
KIAQNWP,108.56618675134511,54.551686076703085,862.4660118906941,0.5024739995855773,-0.992879149,15.810070667256973,3.982771911101884
KQGWSGD,125.36686634200775,85.06450733525566,24.504035106955545,0.6785246358730461,-0.559526897,0.2880641512491268,-1.795537962
KHSQQWP,100.52085710121789,164.78238009274105,69.42159149670637,1.6392854661676437,0.7130671081062132,0.4212925645183378,-1.247105641
KHDKVHS,97.47736368266632,120.23104880063715,216.986334778616,1.233425323155482,0.3026703713538154,1.8047445892151783,0.8517946786939434
KPNLKYT,99.60874282620254,97.13482767871216,60.072457754731225,0.9751636746203404,-0.036283709,0.6184440657415874,-0.693284976
KPMLKLP,130.21553064357167,298.0054774896419,82.45322991669936,2.288555566427387,1.194437321187432,0.276683605319185,-1.853690934
KPPPYRG,126.77057044908132,68.19289097919794,47.79238046375423,0.5379236737487768,-0.894526612,0.7008410961537496,-0.51284072
KPPPHRV,96.57194313359598,90.015650061825,45.21689436828505,0.9321097530086858,-0.101428257,0.5023225887634978,-0.993313942
KPRMVTG,92.70535407204996,71.70712820412871,18.296696223318644,0.7734950038419401,-0.370536122,0.2551586806158717,-1.970533371
KPEAKRI,104.3660883344764,80.89741752103971,80.45319069846694,0.7751312597035983,-0.36748746,0.994508763861872,-0.00794401
KLFSKTD,123.81813537729072,332.9122782278843,84.43435927045782,2.688719848780272,1.4269194414022828,0.253623446151965,-1.979239974
KLPLYLT,133.6783751270764,96.81271886518644,117.9229112717921,0.7242212420158085,-0.465497602,1.218051849530246,0.2845755466006025
KLAPPSR,99.2594493042838,60.2475778905288,19.74747090095536,0.6069707046816011,-0.720301208,0.3277720298870264,-1.609235346
KLYSLHG,112.72335114647368,101.43315760987696,34.10273436259677,0.8998415730035727,-0.152257073,0.3362089396226786,-1.572570009
KEKSFLY,131.09415938302556,120.36680706071095,54.92375736272057,0.9181706311493874,-0.123165809,0.4563031844403579,-1.131935373
KESSRKE,141.52740378582806,109.61362653725044,49.93404844881633,0.774504609037608,-0.36865427,0.4555459939266496,-1.134331373
KDPRLRP,104.91130679625304,116.8296217913617,34.339305138771884,1.1136037226021316,0.155235939009999,0.2939263571365161,-1.76647336
KAPYGMP,113.48946035924376,440.0946211236909,159.3934158650665,3.877845746473717,1.955255416847624,0.3621798772684116,-1.465221703
KATSPSR,85.60355847963889,117.32175175252269,55.25844705144096,1.3705242379664402,0.4547278427093101,0.4709991644857346,-1.086203594
KGTNSKG,85.79415195720685,92.02838559951935,24.37920526195544,1.0726650185367188,0.1011996086676773,0.2649096265585557,-1.916427824
KVMEKRV,153.11340590922472,93.79686570186652,25.3657820895624,0.6125973434192641,-0.706988984,0.2704331525339831,-1.886656072
KVYRSNE,76.57122886574814,57.77548988869782,23.66212690407754,0.7545326194254401,-0.406344823,0.4095530293150553,-1.287877829
KYMTPHG,103.53712587889628,285.1310429,121.85856729443562,2.7539014675016933,1.461476941865871,0.4273774123489115,-1.226417434
KYHAMSG,83.40900410893501,346.45636330925873,2185.512168989529,4.153704591134728,2.0543986162645047,6.308188852743532,2.6572258517641467
KYHASIN,107.33410877152151,100.89041894802632,70.01403676108548,0.9399660564824583,-0.089319435,0.6939612055447326,-0.527073081
KYLTKVD,111.1209374848782,230.9727913963588,139.81734227289883,2.0785712992008416,1.0555922361697665,0.6053411807842186,-0.724179595
KYYNSHD,76.42939849431878,44.98992535305726,88.70378412886454,0.5886468589230294,-0.764525703,1.9716366149257625,0.9793936784129772
KYSSTLG,95.10296582622878,312.16769062662377,109.8375276057734,3.282418039380744,1.7147589880701224,0.3518542466239641,-1.506950169
KWTAPGG,150.848421035041,113.23019152862253,157.19215968055337,0.7506223184286428,-0.413840908,1.388253058291596,0.4732705741592554
KWTKMDS,130.49921573293872,225.0523247400437,235.78206282488176,1.724549250936527,0.7862193309253365,1.0476766374096864,0.0671935016156909
KWTHSAT,125.29781325823828,75.85446870481604,669.9939926564202,0.6053933961998227,-0.724055157,8.832623892781704,3.1428420805436885
KWSNPQG,119.7652288105224,60.57815452855965,176.50538051308027,0.5058075296996163,-0.983339581,2.9136803834106,1.54284262944144
KWQSHQS,92.95492338914028,112.43115157289216,110.49548465089448,1.2095233632996276,0.2744386368589489,0.9827835355689412,-0.025054406
KWSKTTD,119.76537539826695,173.16306499496136,64.66042685447204,1.4458524796430194,0.5319203615943955,0.3734077290463385,-1.421176305
KLKVNFG,90.44181471246604,76.35595308025897,32.90140866665402,0.844254986733857,-0.244249299,0.4308951344248276,-1.214591287
KLALSRN,95.06264513457856,96.5049466503578,24.21941435125776,1.0151721163842788,0.0217243484971522,0.2509655224100159,-1.994438914
KLWDARP,102.17284173075956,59.803187923773486,43.68903984153163,0.5853139338275788,-0.772717471,0.7305470052402337,-0.452950992
KFMHKDV,130.9757103776018,115.31017706438338,59.8786169992082,0.8803935991791544,-0.183779439,0.5192830201429228,-0.945407043
KFMHSKE,84.87322010337361,172.0358476559161,57.42261252207047,2.026974438419803,1.019327895515462,0.333782832499653,-1.583018341
KFVKFDQ,145.21415215698343,80.42041008578782,91.5905117134758,0.5538055960196601,-0.852548463,1.1388963525027087,0.1876364577270164
KFYDKSA,127.30379196462782,396.7723205412335,268.6940443441093,3.116736072178268,1.640035991510936,0.6771995687037498,-0.56234704
KFYSNGA,84.3630364729015,89.82481132152161,49.68513958524375,1.0647413260234475,0.0905029769378587,0.5531338040599861,-0.854299582
NKHREVM,121.22123980718956,97.1112377646624,55.85025421395826,0.8011074455196489,-0.319932343,0.5751162841658423,-0.798074407
NKAVPRL,124.50210010442026,150.36622854737195,59.6918270993416,1.2077404993269942,0.2723105038751509,0.3969762870027432,-1.332875263
NNKHTDR,139.77011967734097,73.220555848483,85.11398291249947,0.5238641564986315,-0.932735341,1.1624328977866245,0.2171474380920069
NNYITKQ,95.41569580589032,345.103898865455,103.3092221718682,3.616846221689981,1.854732259889864,0.2993568676317539,-1.740061727
NNFSKYA,84.79872478960199,458.4246674798137,255.28914292334127,5.406032562603178,2.4345702018031736,0.5568835209649418,-0.844552493
NTSSRYG,79.9653073961836,108.39452395715404,50.88997260031487,1.3555193806749155,0.4388457404007854,0.4694884090309816,-1.090838555
NTWDKRT,108.08779395586434,60.13625422483714,175.22519318283844,0.5563648958308157,-0.8458967,2.91380292040983,1.542903301780398
NTFHGNR,112.99173585199397,74.90168639283083,44.77527299010003,0.6628952624547987,-0.593147153,0.597787248143797,-0.742295973
NRSGHHG,118.97293440358015,126.01955202693344,296.68963335320854,1.0592287452493163,0.0830141795103362,2.354314299496944,1.2353069321254568
NSRFLHA,104.00504065718776,388.17834029992673,151.88687189332057,3.732303144608211,1.9000661693251115,0.3912811615814651,-1.353722442
NSYERRT,116.561624095219,108.2832513422631,32.01969773376734,0.9289785740614482,-0.106282772,0.2957031427931459,-1.757778518
NMKVPLR,78.28529432140841,47.74307009958855,18.97647517627908,0.609860006447372,-0.713449985,0.3974707771556279,-1.3310793
NMNLKWQ,68.95001616322186,72.79087183573567,24.065916374036263,1.0557049278048254,0.0782066541289982,0.3306172294287789,-1.596766185
NIPHHSK,75.17845105890517,42.42340853799208,18.35715974842392,0.5643027748038029,-0.825458651,0.4327129851431964,-1.20851768
NIWTKTS,75.37780732289366,72.77127639767129,152.95954893179527,0.965420446444444,-0.050770713,2.101922028904938,1.0717091533160088
NHRKEGA,134.86896239587534,293.4357599779685,91.14813085767696,2.175710072690101,1.1214863210367834,0.3106238001275662,-1.686759721
NPYITKH,129.2668117113101,254.578947178305,222.9035882429575,1.9694068710138288,0.9777611966406172,0.8755774611906054,-0.191693277
NPYSKSF,110.17080412995644,395.1042974617214,553.8750055314766,3.586288586907836,1.8424915858495932,1.4018450548114765,0.4873268978446545
NPSRKLP,90.81562989911318,46.92658053537232,14.27639638206652,0.5167236145089003,-0.952535278,0.3042283545741258,-1.716773474
NPRHKVD,125.64119885258242,80.13155934783138,38.74155276065981,0.6377809196317166,-0.648867157,0.4834743398976208,-1.048488773
NRYVTPS,105.3663065902533,109.88421451164191,51.35487999349972,1.042878108454136,0.0605705455804492,0.4673544805478754,-1.09741087
NRTHPYH,136.5135015467578,122.77082377071216,689.1481215472191,0.899330999349258,-0.153075897,5.613289056643279,2.488846352876971
NRFVRGE,109.13851011237224,160.60993489750106,43.78205738328564,1.4716156078375298,0.5574008826129748,0.2725986870689333,-1.875149481
NLRKYDV,142.77329460812652,258.7086432685464,124.5079210151386,1.8120240481851355,0.8576021021651719,0.4812669551434201,-1.055090727
NEYKPKS,108.23445432657054,289.19449151092505,94.87137077887908,2.671926359404489,1.4178802464399651,0.3280538653527399,-1.607995375
NEWLRHG,95.85310185297315,96.49785843024472,30.21871716121396,1.0067265071740772,0.0096718061511483,0.3131542777507142,-1.675054508
NEFRKGS,129.14324108895406,197.4952517643006,82.62485110657774,1.5292728454001363,0.6128458282739985,0.4183637346642936,-1.257170296
NDQKEKR,113.33587553671514,157.53070226609807,273.5075350077288,1.3899456065442053,0.4750284263269286,1.736217328262301,0.795947546159184
NDHAKKL,110.88285357336372,106.25153201997574,150.6543622116442,0.9582323018921608,-0.061552648,1.4179029642915697,0.5037588035749496
NDHVKRL,95.87090514951886,195.89856755812207,51.27821743140751,2.043357859744847,1.0309418899583116,0.2617590218784704,-1.933688832
NDPLHRR,134.01744070496434,75.03788345194833,48.05162143887679,0.5599113298778936,-0.836729721,0.6403648294484131,-0.643034022
NDVHKVY,66.45512405052638,80.84843968778085,48.93326811370425,1.2165869952527832,0.2828394876682764,0.6052469077037717,-0.724404292
NDYRKGS,146.77422384768656,439.5226616444297,484.1219217020577,2.9945493842334323,1.5823389245357662,1.1014720376209144,0.1394328707104328
NDYSKRI,101.87618114023944,651.2570330120137,496.86532870064434,6.392632956230608,2.676410261458292,0.7629327646607982,-0.390372173
NAAWRAT,110.95213805365618,76.13821519484397,20.04962760036984,0.6862257594173058,-0.543244812,0.2633319883984828,-1.925045311
NAWTKVQ,110.28239451997126,167.85930959444408,218.40844195074172,1.5220861890521076,0.6060500546347871,1.3011398800485163,0.3797760684387706
NAFDKRG,111.88332948032674,434.49730747722106,370.28252990992087,3.8834856765111008,1.95735214486622,0.8522090322258977,-0.230720753
NAHDKRG,108.77524039175336,277.4690891182235,112.57960620748224,2.5508478594845694,1.3509768546782903,0.4057374699475606,-1.301381553
NAWNARS,120.26474642534224,74.08173799975096,38.67477199899652,0.615988809702761,-0.699023952,0.5220554085694714,-0.937725159
NVKIPVR,131.42019157629076,194.7148771518009,56.64815685117757,1.4816207069578569,0.5671761667889825,0.2909287553154673,-1.781262196
NVYRVHG,91.99017021712416,150.08407001265826,55.77807079478402,1.631522907919566,0.7062192441934517,0.3716455103468318,-1.428000915
NVSWKVS,107.78063726297808,184.00719567082373,145.4279951886301,1.707237963548662,0.7716641625861467,0.7903386313695624,-0.339457167
NYKFARD,98.82676654621288,336.7246130931742,175.55513258228893,3.407220785026056,1.7685954358821256,0.5213611531679495,-0.939645004
NYSRTNY,123.70673997230772,99.03291404228465,55.6733300007862,0.8005458236507856,-0.320944109,0.5621699668154271,-0.830921713
NYMRPSG,128.3969492242653,594.0568299666846,234.60033636307423,4.626720755873036,2.2099900281717875,0.3949122786387808,-1.34039587
NYPLNRS,94.94356898351188,124.6592443947502,43.013608214417,1.3129824982290146,0.3928476855480174,0.3450494860871179,-1.535124811
NYRKDFT,122.09348798951925,72.79888231859809,33.989954143662466,0.5962552427435548,-0.745998048,0.4669021427404384,-1.098807885
NYYVKMA,98.12346062113188,142.554970112899,142.0305616346523,1.4528122959637886,0.5388483181289323,0.9963213595581312,-0.005316942
NSQWVKP,96.08882925298748,149.45728873182827,61.0574564921453,1.5554075316947575,0.6372926298252191,0.4085277941961124,-1.291493859
NWNKITH,109.78178035480984,293.7784785995479,201.54470208965063,2.676022174627419,1.4200900707971855,0.6860431133363517,-0.543628852
NWNLKTS,123.1074804178038,454.6798559996397,917.3654656475765,3.69335684928764,1.88493266135908,2.017607451798576,1.0126455092150304
NWSGKTT,101.58530661097382,288.8945389679636,72.97940250352276,2.843861465854508,1.5078511880963552,0.2526160680095641,-1.984981688
NWINKIE,66.90857352781684,109.97143373750056,84.22166551580045,1.6436075070675449,0.7168658250465259,0.7658503909009293,-0.384865506
NWDSKIR,116.56323135361856,121.73742173575228,71.8307445703231,1.0443895585430087,0.0626599392537005,0.5900465407115452,-0.761099341
NWAKPSA,107.75601211283582,113.98781461748916,146.75361769459684,1.0578325272294575,0.0811112425179321,1.2874500505783046,0.3645164608932511
NWVKSLT,105.05329197950512,62.46840069204546,639.7752259973718,0.594635346641326,-0.749922872,10.241581646236044,3.3563666282893414
NWSKITV,124.33221258807242,114.74859607705736,57.90055992594975,0.9229192796337764,-0.115723622,0.5045862163495898,-0.986827298
NWSKLPL,114.50602183237012,64.59318148276718,25.22664824899091,0.5641029218299775,-0.825969685,0.3905466129690659,-1.356433346
NLTWSKN,105.86230793838554,265.8672243901469,370.3762209423021,2.5114436815876724,1.3285169233453282,1.3930871764726949,0.4782855415928449
NFKNKTG,127.58350755963062,202.9073712795442,87.55165478436182,1.5903887199895983,0.6693794295727095,0.4314858264254109,-1.212614925
NFKYSPH,121.26469491035834,88.29765430461224,297.45561928987416,0.7281398297326679,-0.457712567,3.368782802130866,1.7522274155805075
NFTKKPV,90.7702291350276,54.75644371118712,33.4098726426716,0.6032423211109531,-0.729190449,0.6101541732493072,-0.712754267
NFIQKYP,87.95609521580776,139.068262645791,48.44096530679708,1.5811100106772042,0.6609377512110732,0.34832509147092,-1.521493694
NFYSKNA,86.60355984889752,221.64527895705643,145.86627563168176,2.559309101655572,1.3557544000132626,0.6581068467510341,-0.603606264
TKKLLWD,130.41350126377176,280.1095170457091,78.42641757299299,2.147856735163985,1.1028977668980646,0.2799848373598643,-1.836579395
TKRLMTG,124.16166468484964,100.8983184675411,45.08931007307127,0.81263664371482,-0.299317674,0.4468787067801973,-1.162044791
TKLHKSP,101.69082004731597,78.58559109433543,45.9622325321204,0.7727894322985118,-0.371852729,0.5848684458827393,-0.773815938
TKYTQRP,101.98709442949036,68.48754104761353,29.179265530306875,0.6715314465102541,-0.574473135,0.4260521707155616,-1.230897993
TKWPSRD,118.61522340514011,98.79663658159816,53.15807786,0.8329170046255367,-0.263755348,0.5380555422087234,-0.894172988
TKFPTRV,113.81897866903688,157.0963900266946,78.67741275394641,1.3802301853674146,0.4649088898982917,0.5008225379372317,-0.997628607
TNMPAYR,71.75903660682359,93.28483682937518,42.174200997176136,1.2999733725592506,0.3784820727382303,0.4521013535599129,-1.145281858
TNYRKLE,88.78133126361324,340.03392897054954,590.5765805747143,3.830016109590727,1.9373504603428628,1.7368166240430212,0.796445439972677
TNYRKSE,103.49019825742111,361.7337282247279,235.0064385660905,3.495342885757672,1.8054339878805057,0.6496669241196448,-0.622227838
TNFTYRD,103.29091479181992,59.53472823903371,16.252877869457915,0.5763791361420738,-0.794909981,0.27299827092856,-1.873036281
TTRYTSS,128.75410582085797,307.75195547732375,81.52129395585081,2.3902302261763557,1.2571495848027994,0.2648928544723986,-1.916519168
TTWRPSA,119.2402357520675,395.53282162758586,341.41983400436675,3.317108685108648,1.729926282821886,0.8631896402413622,-0.212250545
TRSSPNW,116.87956587473462,256.3230230789079,71.43560248679482,2.1930524909172013,1.1329403434659742,0.278693664067795,-1.843247891
TSRYQQS,126.04144745299716,225.8393136868501,76.8428709075755,1.7917861009258016,0.8413984222435673,0.3402546246404477,-1.555313324
TSFHKTL,85.77351785259414,257.2076174458278,173.2254145375425,2.9986833219065505,1.5843291734109994,0.6734847756755363,-0.570282761
TIYHRAS,94.02206160617388,194.9885794253508,429.74701797951457,2.073859858998742,1.0523184073823038,2.203959940864324,1.1400980017486335
TIYGKSF,99.46029477666144,169.52650197895022,44.28196869348156,1.7044641015756363,0.7693182146000702,0.2612097116177149,-1.936719558
TIWRSSP,123.9975062334748,72.93079469781617,18.437527949186777,0.588163398709768,-0.765711086,0.2528085430246774,-1.983882878
THTKFSH,107.58973104609731,83.28951870464907,29.35868699153831,0.7741400400839676,-0.369333525,0.3524895742962141,-1.504347508
THLSKHF,90.94565102704595,179.80714056369206,86.94769580001442,1.9770834397592023,0.9833737590724784,0.4835608615288302,-1.048230614
THYGKLM,90.12379505614912,123.87496515518332,36.454401458392105,1.3744978790341271,0.4589046806527523,0.2942838483362975,-1.764719732
THSERWP,108.78113883314552,121.97237406750465,310.1880198147816,1.1212639927827246,0.1651259893294024,2.543100617547302,1.3465885432568243
THWDKAM,102.96821648206036,91.6751916379268,114.92171470858224,0.8903251388635921,-0.167595803,1.2535748511164078,0.3260481422511609
THWLKEQ,107.00498776868206,78.99176833539468,38.34033664130902,0.7382064143229946,-0.437903822,0.4853712918353476,-1.042839315
THFRPSV,77.83988369032112,139.69904880652118,59.27180275439917,1.794697553278742,0.8437407381156133,0.4242820782301014,-1.236904355
THFAKVL,116.42943122939802,113.86431502101064,29.638350025399,0.9779684897426544,-0.032140113,0.2602953350216003,-1.941778639
TLYKHAH,80.6547625094649,136.53182843203115,122.18419303650032,1.6927931368716016,0.7594056834262393,0.8949136215320413,-0.160179657
TLYRPMT,143.93117227863573,113.19345708426276,188.8251177389608,0.7864415698993408,-0.346588513,1.6681628302808775,0.7382601179032555
TEWLRHS,96.16538833227806,100.18950421852732,96.4873214952135,1.041845782105562,0.059141740325093,0.9630481979904916,-0.054320092
TDLWRRE,114.22652497744872,68.15361824298971,19.73823991333393,0.5966531701497967,-0.745035547,0.289613969473502,-1.787796903
TALHKLD,92.95008801572006,186.26167841142225,71.9462191109998,2.003889209657564,1.0028027475071597,0.386264204878913,-1.372340106
TGPHWSK,92.1715254041922,50.84794706363081,41.63057054016609,0.5516665460471821,-0.858131599,0.8187266732336282,-0.288546197
TGWSKTS,98.84461412800674,77.23924799685572,275.86943842608514,0.7814209067256672,-0.35582824,3.571622531039081,1.8365796164687311
TGRWQEI,152.0059083851655,89.60476744805709,43.74404508964559,0.589482135266801,-0.762480003,0.4881888133352228,-1.034488858
TVRFKSP,102.90032774779252,85.21013796005188,54.54105305802821,0.8280842231027769,-0.272150586,0.6400770420486596,-0.643682531
TYTLKVH,92.95194599332866,85.9780082060408,37.47790394418279,0.9249726542810798,-0.11251738,0.4359010487236386,-1.19792742
TYHKNSI,117.30603076126104,352.847918995146,291.63254150881914,3.007926503908868,1.5887693164365622,0.8265105894328117,-0.274894791
TYHKSTV,109.16535510196054,556.4892259319894,9726.842057242526,5.097672475046941,2.3498386833238536,17.478940478950584,4.127545830521565
TYHRSVS,104.51350655727752,101.55385838016882,1249.2787088488983,0.9716816680006168,-0.041444344,12.301637069979158,3.620778413344798
TYHQKTM,139.98052668668058,247.9097911545961,147.7834243139896,1.7710305641976498,0.8245891101338051,0.5961177395443495,-0.746330789
TYAKSQS,114.4548736224054,448.0673929574702,1909.2477607161263,3.9147952269439896,1.9689368457541836,4.26107275540434,2.091216684927288
TYVKYSV,127.7936650872704,93.30537449210084,1432.8218221093766,0.7301251938300894,-0.453784232,15.356262486580322,3.940755220568506
TYVRTQM,115.92569751304391,230.9724428756888,4453.954125640273,1.9924179697059825,0.994520327912336,19.283487112951505,4.269294058574576
TYYGKAT,105.8064750547843,156.74288447996312,150.00718197400104,1.481411079981684,0.5669720327659871,0.9570270604097304,-0.063368377
TYSKSTP,146.28425320523218,639.4134711291613,468.1253022323877,4.3710341825519965,2.127974660394326,0.7321167341152663,-0.449854394
TYSRASN,127.64921345740235,412.37678572594297,470.55401128420846,3.230547016755075,1.691778471898058,1.1410778384526448,0.1903972082079858
TSRHQTS,110.96130513359924,72.13750016339468,28.778138673681763,0.6501140201671198,-0.621235328,0.3989345154530998,-1.325776145
TSMQKVY,108.32303601529568,203.21988866096208,123.07608456481712,1.8760542183498856,0.907701522636978,0.6056301151219933,-0.723491149
TSGRPMW,103.41717817890094,111.72873331981032,34.76165497233148,1.0803691928871937,0.1115244065824812,0.3111254727360986,-1.684431578
TSLFTRQ,106.27000905862012,62.953717082701225,55.01355698296275,0.5923940125757872,-0.755371036,0.8738730536068645,-0.194504378
TSFHRVQ,87.14591294467907,405.1374891927162,263.5982615368837,4.648955705471819,2.216906680147998,0.6506390264256562,-0.620070735
TWKSPSG,124.35075188981835,247.77545657045744,170.43054464040907,1.992552942422095,0.9946180573425172,0.6878427225980933,-0.539849369
TWNEKRG,131.33372903694067,366.40066969127855,696.311922890943,2.789844409186157,1.4801846645796173,1.9004111632155056,0.9263115864290375
TWTSKNI,89.68325680143197,107.4858533809404,324.55516864341683,1.1985052418304258,0.2612362188295348,3.019515205346712,1.5943169379656923
TWAQKLT,94.19089715315768,117.84211538897208,186.40659502481287,1.2510987680407877,0.323195687615619,1.581833408281274,0.6615976695314099
TWGAKSN,152.05810289462147,560.8419970256808,315.635071885672,3.688340090724088,1.8829716884624377,0.5627878681689009,-0.829336866
TWSMTKG,92.20666342518128,70.64077542788719,42.89192137701824,0.7661135627709469,-0.384369833,0.60718361480621,-0.719795236
TWSHTKG,135.36195692327365,94.92658725557872,88.78609261903175,0.7012796609418506,-0.511938208,0.9353132266304442,-0.096478505
TWSSPKS,106.16109275669476,171.55803775619748,43.6278095159214,1.616016125129596,0.6924415938375018,0.2543035003578278,-1.975376775
TLVRSVT,115.230760237689,350.36713555222667,285.06562170167985,3.0405695044406262,1.6043415684984144,0.8136197513284952,-0.297573393
TFQQKHF,145.0452833687676,300.1593400606416,283.8400530348228,2.069418136800128,1.0492251787598148,0.9456312536450746,-0.080650377
TFAKQFH,87.4887027810492,118.73116984214738,31.340237761909265,1.3571028723478291,0.4405300853852348,0.2639596476946701,-1.921610698
TFSLKLN,85.31114561945957,143.7389269002007,75.63027344654076,1.6848786387345582,0.752644678290577,0.5261641719299294,-0.92641508
TKYSYNT,75.39717412945772,40.14200326571279,28.74416298396113,0.5324072649830158,-0.909397837,0.7160619960517242,-0.481843595
TKFHTYA,135.2596934488469,641.421185691232,163.3293504519962,4.742145788862131,2.2455400166021406,0.2546366632339765,-1.973487938
TTKYQRD,123.95687245219057,239.6256997244851,148.38545086349106,1.9331376710630328,0.9509443847231472,0.6192384666340066,-0.691433001
TTRFRLE,134.39147844800254,139.2989196070315,62.88349412659377,1.036516014376073,0.0517424065413584,0.4514284411106053,-1.14743078
TTKRPNG,84.04854633117253,618.1621276100464,997.256039856458,7.354822356764282,2.8786904960538298,1.6132596859533823,0.6899786873974945
TRHSLMH,107.21379891395937,105.95706263825072,37.73679672151269,0.9882782226873876,-0.017010845,0.3561517824474838,-1.489435884
TRSGAKE,152.65920801142994,817.3750825324718,228.26887272582252,5.354246842884662,2.420683652015021,0.2792706526097878,-1.84026412
TRFHAIS,108.82510899754898,314.5506351862041,94.47088780418058,2.8904233414853606,1.5312808103497833,0.3003360261798765,-1.735350554
TMKKEYL,52.90571847171532,97.13030729008022,28.3059528187794,1.8359132074164808,0.8764978571234256,0.2914224571970467,-1.778816038
TMHQKHM,99.84879841215935,230.0605283644268,94.5013521150134,2.3040891029531965,1.204196509272883,0.4107673436501839,-1.283606604
TMAWKRD,99.03712067,75.75730679777321,326.1646076859313,0.764938502697396,-0.386584328,4.305388106741916,2.106143294401288
TMYRPSG,127.6692884566698,552.0817259969743,1290.2315275343378,4.324311137555588,2.112470329839349,2.3370299482461205,1.224676221886816
TMWKTPA,102.6594981327188,104.48843310720684,29.50987171664222,1.0178155456412186,0.0254761316490283,0.2824223776651393,-1.82407369
TMWKGVT,128.8657355514855,97.17686745596735,33.22504929534236,0.7540939182948477,-0.40718388,0.3419028639752897,-1.548341587
TMWTRSE,135.92741027455455,68.31983230097772,46.52200313089801,0.502619980495333,-0.992460072,0.6809443402312366,-0.554391216
TMFQKLE,109.44609544528925,162.55572146159864,62.67658629382365,1.4852582981624798,0.5707138489204546,0.3855698570943875,-1.374935825
TMFRPHA,87.972112982811,60.17611479158315,67.9734066055937,0.6840362559364813,-0.547855301,1.1295745303766462,0.175779464230261
TITSKLT,114.79544171117466,251.80570287184085,73.6692019098219,2.193516564058214,1.1332456007243263,0.2925636753640826,-1.773177439
TIIRKMP,108.35472019461388,149.82290504327625,51.24640763248726,1.3827076916832248,0.4674961989096575,0.3420465490085429,-1.54773542
TIYHKAG,137.25326459956048,957.1775724587892,407.0275417156728,6.97380550656756,2.8019461291528733,0.4252372322829337,-1.233660175
TIYAKTY,122.10843672294838,246.05880703670607,325.2720465568295,2.0150844089093405,1.0108402723831988,1.3219280808278755,0.4026436895117422
TQSQKYW,94.65549930337949,205.14437203339835,405.39603827877545,2.167273677104507,1.1158813443274165,1.9761499389940629,0.982692414552419
TQLHKTF,151.97074851728166,401.4492634420888,110.13812679310638,2.6416219394776306,1.4014240074368467,0.2743512987139765,-1.86590369
TQFRKQP,103.2215505265713,154.70197103180797,119.13843026862016,1.4987371362144437,0.583747370921051,0.7701157876270648,-0.376852722
THKVERY,108.592785779814,107.08275948009404,41.02808588220635,0.98609459837616,-0.020202041,0.3831437112884002,-1.384042469
THRLAPV,100.07331393907656,389.3830736234575,176.26532391956573,3.8909781069157887,1.9601328628260912,0.4526784440815689,-1.143441486
THRFSTP,86.73845496562592,190.07883473634865,128.99853047046244,2.191402127368721,1.1318542465044152,0.6786580454861876,-0.559243266
THHLKHV,91.08390598621376,83.92690094360599,91.45980163059724,0.921424043412334,-0.118062851,1.0897554967751393,0.1240044807281427
THYLKGM,89.9637103097898,85.69965390262483,29.45721586821698,0.9526024839073256,-0.070053784,0.3437261940600994,-1.540668297
THSVKHQ,92.90293090587674,90.29992805125538,28.153059609748784,0.971981477556843,-0.040999273,0.3117727800820478,-1.681433119
TPKVPAR,94.28146854691018,101.10695891841196,58.45228206920178,1.0723948245259431,0.1008361618736439,0.5781232339939105,-0.790551041
TPWEKKV,81.84525446233626,134.34500983941516,66.45597875873464,1.6414514283322117,0.714972060211834,0.4946665219509871,-1.015471831
TRSSRPP,83.64147294803962,42.924053949801696,13.09599773917845,0.5131910335494366,-0.962432131,0.3050969452813986,-1.71266036
TRVAKLE,117.51680971007924,460.252104335884,115.31163725147768,3.916478889031727,1.9695571818440616,0.2505401630218843,-1.996886201
TLRLKWE,111.72831561594973,69.45670368627292,50.853188940608455,0.6216571269634146,-0.685809009,0.7321566708709044,-0.449775698
TLYRPSS,97.80340189612542,213.2053409638589,739.0964063189217,2.1799378838611263,1.1242870267809812,3.4665942371687968,1.793518979810745
TLYLKNV,92.12727412928244,118.16782835150076,73.62609899628508,1.2826584686058935,0.3591370774880831,0.6230638239138802,-0.682548141
TLKRTAG,109.33878102762009,115.56223360218752,42.1893145621301,1.056918986256078,0.0798647971502176,0.3650787393688061,-1.45372044
TLTTKYY,82.49460703258994,101.5851277695266,59.20555130274159,1.2314153788185795,0.3003174912121344,0.5828171170593538,-0.778884846
TLHNKIY,93.5109728898117,199.6526294952993,483.42510656390704,2.135071674749436,1.0942845021970016,2.421331027725277,1.2758003281641863
TLSRKTP,97.44179863407192,49.47646774634518,26.85997133894721,0.5077540484668869,-0.977798257,0.5428837700510937,-0.881284741
TAYGQRH,107.5475431863854,169.97993832944894,64.99560105444078,1.5805097289378802,0.6603899158796992,0.382372188701873,-1.3869505
TASWRTP,95.28936593634528,245.26759515141336,63.84647466650595,2.5739240967901478,1.3639695101246436,0.2603135348030423,-1.941677769
TGLTKWN,135.10509145601998,209.06002665122185,235.0791325645142,1.547388217558596,0.6298351937376434,1.124457584408044,0.1692292423355777
TVKWKTP,120.2322087822721,97.55996346211788,65.36396801728348,0.8114295200114698,-0.301462306,0.6699876229726556,-0.577793651
TVAHYRQ,90.38177897523089,54.70840681321982,38.57990389240262,0.6053034962745384,-0.724269411,0.7051915078448258,-0.503912994
TYKNKLP,107.80255699195384,78.02378135781086,36.090972435902906,0.723765590862881,-0.466405574,0.4625637441281213,-1.112275903
TYTRSET,124.376579413379,252.95898268440632,2828.6303700125995,2.0338152397942206,1.0241886247511467,11.182170089376196,3.483128289631213
TYVKTHQ,110.5402660589154,355.44279726571204,609.2397973382313,3.215505172352935,1.6850454101490262,1.7140305051189226,0.7773927857585593
TYSQKQW,107.27484389314412,311.0371694667944,641.4369272330443,2.89944182791463,1.535775193479488,2.0622516862941125,1.044220416318975
TYSRTVH,101.25795525638422,114.27693930880255,590.6922522336879,1.1285724565487658,0.1744990453333919,5.168954084756345,2.369872387041508
TYSRLTV,114.85115708163252,145.38584019751,2898.62712650035,1.2658630865527494,0.3401213739345547,19.9374789357925,4.317411089539477
TYFKHAP,95.37015132858994,226.70190367304937,333.8909664954315,2.3770739640746377,1.2491867942957162,1.472819420947478,0.5585805556461153
TSRRPTG,128.71660336001992,113.8054233034145,188.92873449146447,0.8841549600644845,-0.177628851,1.6601030865441726,0.7312728306254501
TSWKGHD,121.29437549069831,115.30119528040268,38.289556894057405,0.9505897929227952,-0.073105184,0.3320829138062313,-1.590384599
TSWTRVN,133.46113325737744,93.34419786859614,171.5750272915648,0.6994110988746327,-0.515787405,1.8380898996325077,0.8782073295117316
TWNGKLQ,100.54318577262217,217.94155990589604,161.15693074375062,2.167641280024383,1.1161260268257065,0.7394502031339769,-0.4354751
TWNVKFS,98.09755742465416,121.02280287594472,110.21391421206896,1.233698433000218,0.3029897831540908,0.9106871729375208,-0.134972531
TWSQSRV,149.7802568075772,144.2136159578677,252.2057254822131,0.962834615400206,-0.054640085,1.748834351091339,0.8063936442185229
TWHKHPE,114.96126089665036,369.04057737628176,113.41296089068958,3.2101298689481803,1.6826316641692332,0.307318403024964,-1.702193933
TWPLTKP,107.71904588948156,92.60282603682153,26.539775788600394,0.8596699429721175,-0.218145229,0.286597903373353,-1.802900039
TWDVKRS,106.3338753596894,444.4233516810611,248.6492334033841,4.179508648375093,2.0633333460814947,0.5594873277087078,-0.83782264
TWAKSQL,115.25864454019973,186.8089951021336,1423.3720364814965,1.620780773948618,0.6966889657932133,7.619397747433416,2.929676968699075
TWVKTIP,111.58837904216136,144.7808743420827,93.98545590414018,1.297454767107785,0.3756842430865891,0.6491565707917673,-0.623361609
TWSGSKS,148.64795019236,291.9818857528103,239.44824624891896,1.9642510063204164,0.973979299527956,0.820079114262705,-0.286164999
TWSGGKS,100.89799249396226,1698.7158089358984,433.95492735193307,16.835972321625224,4.073475137887162,0.2554605809100988,-1.968827403
TLYRVGA,133.82217932224054,211.12682544080693,54.99206433267415,1.5776669197145468,0.657792652754376,0.260469337412986,-1.940814547
TFTKSVF,110.44491784585796,63.63179045346692,38.63951703929887,0.5761405023839521,-0.795507413,0.6072360492127821,-0.719670654
TFSRLQS,123.03754409503892,284.2954802742892,5266.967600049408,2.3106400762899533,1.2082925516309302,18.52638527692322,4.211509516361911
TFHIRAS,83.93173113454087,102.84737191689165,37.822982457528376,1.2253693630127729,0.2932166862613352,0.3677583758590562,-1.443169895
RKMLPMG,125.35651526955256,314.5158243919286,339.03553317884604,2.50897070420017,1.3270956253298338,1.0779601752449903,0.1083038793539918
RKQMTNG,120.27773517439572,61.61327485097445,15.904922214458836,0.5122583557267585,-0.965056483,0.2581411595622609,-1.953767903
RNEHRTG,116.62378913865724,307.5303453361912,85.82783671495167,2.636943522479448,1.3988666721841283,0.279087374682082,-1.841211233
RNSWQAE,173.5966309628171,140.58406729090743,42.14241541890183,0.809831772144353,-0.304305849,0.2997666537254003,-1.738088189
RTKLHEG,81.4169449006934,188.127641304062,89.39750153261743,2.3106693764243635,1.2083108456486946,0.4751959941289456,-1.073405421
RTGPAWP,103.40498810120204,80.01731605499823,1200.146986573346,0.7738245274655959,-0.369921637,14.99859087686033,3.906755060244512
RQFHKGE,98.4082971078296,161.41088837901103,55.95875836581538,1.6402162533322486,0.7138860386495766,0.3466851519608632,-1.528302046
RHLKPPD,133.94845219550402,139.14839663982931,38.38853273628965,1.0388204892187611,0.0549463744647161,0.2758819624465687,-1.857876961
RPLAKFA,119.95232225301643,140.18297433586477,82.24391588872942,1.1686557767524972,0.2248500519378746,0.586689762279412,-0.769330278
RPYARTE,115.56147554675704,165.50149311598548,54.94988992977464,1.432151089564639,0.5181837025652758,0.3320205086685537,-1.590655736
RRDYIQG,91.91824263149827,118.80333629225102,76.28771848402857,1.292489204439379,0.370152230430488,0.6421344792570818,-0.639052629
RLFMAKE,119.75546245202504,61.01208499630562,20.18091177940414,0.5094722507605658,-0.972924525,0.3307690891177728,-1.596103676
REAWKGQ,82.43864911240941,87.30438137947753,75.42283342003617,1.0590224648202744,0.0827331932405892,0.8639066244820294,-0.211052708
REGQDWP,92.69992449848948,56.64493166339418,701.9337108216865,0.6110569341867932,-0.710621288,12.391818477120683,3.631316010809543
REWNKTL,75.41276140286709,43.81841559154983,64.18185296608179,0.5810477534095961,-0.783271358,1.4647232698769457,0.5506281220620254
RGGYMNT,99.14697656246176,80.08022447572229,21.974879434006123,0.807692047223169,-0.308122761,0.2744108121308799,-1.865590768
RVWEKSQ,122.14210708671362,73.99680835463035,238.1607862118097,0.6058255430463224,-0.723025688,3.218527819070548,1.6864009387129868
RYKNETQ,87.7796763879603,100.5060488637424,25.883060158187146,1.1449808543327875,0.1953234746627656,0.257527387165296,-1.957202229
RYNRIEQ,85.28227840884922,69.78455021878789,23.43673815582265,0.8182772730840498,-0.289338312,0.3358442245789935,-1.574135875
RYTMTRE,89.0940096211366,294.9246678999584,108.1876975581966,3.3102637220403053,1.726946158217889,0.3668316330694149,-1.446810042
RYLNSSI,106.94363572005724,93.38123792150937,43.64079676564952,0.8731818148201945,-0.19564601,0.467340096758316,-1.097455272
RYGNKFD,127.7284280027386,74.75231670280724,66.78455661358454,0.5852441611604622,-0.772889459,0.8934111952556586,-0.162603762
RYVLSQE,91.56455156664316,89.38484679753248,1728.8302833144132,0.9761948840264428,-0.034758904,19.341424696183942,4.273622163043206
RSPYLGS,104.73399236869794,220.35832214104423,2399.179010650629,2.103980924982892,1.0731216249926991,10.8876260598635,3.4446175177195
RWHEQQG,93.24904221044848,105.6507909587122,29.84077507271661,1.1329959906748952,0.1801427559124618,0.282447247218227,-1.823946655
RWAESGK,140.018265381318,111.1998342708004,31.568965877256577,0.7941809160966601,-0.332460401,0.2838940011401273,-1.816575731
RLTRENW,99.54831198589795,54.85063792858049,18.672477417059945,0.5509951583744649,-0.859888453,0.3404240702063094,-1.554595046
RLAKPSG,77.84996601298225,214.7177479552172,116.97088882148827,2.758096874691132,1.4636731305944592,0.5447658143558977,-0.876291922
RLVSEWP,89.02828534245873,51.50804630576581,151.11588647030734,0.5785582200941364,-0.78946595,2.9338306790601654,1.5527856107764233
RFSKWPE,93.6889163165728,146.5547413507072,67.20661169929504,1.564269788920409,0.6454893550820041,0.4585768503965958,-1.124764567
RFSKLET,103.52933143597888,305.13918452156577,297.35586372670576,2.9473694100908947,1.55942789273414,0.9744925555625914,-0.037276931
SKAHSHT,100.78658061622798,76.83302555163802,46.02524503492327,0.7623338849464536,-0.391505091,0.5990294499595175,-0.739301163
SKYTRYE,94.07273922852244,247.59224721079863,226.5377124002207,2.6319234375576657,1.3961175218001909,0.9149628671827827,-0.128214901
SNRITVY,127.11999032427543,180.7793641586673,55.328614483279885,1.4221159370568708,0.5080390845064585,0.3060560299057075,-1.708132303
SNYRPSY,121.22111447488092,86.13470655866058,72.12372006431052,0.7105586096266188,-0.492974441,0.8373363414803286,-0.256120854
SNWKKDT,119.17348355480448,159.9046480680785,106.93929580622904,1.34178043049772,0.4241486076416785,0.6687691514802011,-0.580419794
STWMTKP,131.6563019597998,70.37186937172724,132.13472230926038,0.5345119703667108,-0.903705838,1.8776639513621776,0.9089388845652592
STWASKG,143.72587769577532,275.59663410463594,79.37254926922417,1.9175157495854125,0.9392384274051094,0.2880026076047385,-1.795846221
SSYVKTY,145.44401465256695,259.6730946878548,221.927010252458,1.7853817863055792,0.8362326133657666,0.8546399869390772,-0.226611275
SSFRKDW,150.49618902841547,263.67140232590395,578.1474638141012,1.7520138152875064,0.8090141511766383,2.1926817194209693,1.1326964115838596
SMAHPKH,151.828893799344,288.5829354239133,390.6810211852971,1.9007115721023595,0.9265396234814474,1.3537911401843876,0.4370051803733304
SMYEKKS,109.59942256203996,366.18920287993257,142.6068893526476,3.3411599652602835,1.7403490564720647,0.3894349921600667,-1.360545574
SMWKPSA,89.34470658050803,58.71131759243303,403.6761087949967,0.6571325805354633,-0.605743622,6.875609769095426,2.781487665792291
SMFTKVV,125.861400087508,164.5535070213903,89.97111395874869,1.3074183737586005,0.3867208772946136,0.5467590183116143,-0.871022983
SIFTKTQ,113.63635247679407,171.7351723661923,48.83208152469308,1.511269665235539,0.5957611125120845,0.2843452558487438,-1.814284361
SIFRQNG,91.64141043307562,96.84458664575124,24.30501151525281,1.0567775658197167,0.0796717452551168,0.250969231808055,-1.994417591
SQGPVNW,83.54015067526468,55.7196796755394,50.49775486648008,0.6669808376589077,-0.584282781,0.9062822177107432,-0.141967717
SQWGRKD,147.7905940429072,240.8918864440295,883.0026327358067,1.6299541117893654,0.7048313487349949,3.6655557219897057,1.8740319368533032
SHFSKMN,68.60247315523733,201.858204849044,270.25455036479923,2.9424333491923607,1.5570097362905009,1.338833616235239,0.4209766806418677
SPLKKHV,121.0061202571248,126.568677849781,118.13646468760078,1.0459692251998194,0.064840404830788,0.9333783578573204,-0.099466079
SPHKKGL,98.52994039558324,68.37915939296035,35.168141185922586,0.6939937151938596,-0.527005497,0.5143108148466528,-0.959287604
SLFRKDI,131.5742917557834,93.533490869451,30.739980356473072,0.7108796834191562,-0.492322691,0.3286521231136158,-1.60536679
SEKWRQV,125.47088675365104,193.9751982352915,103.29471742225722,1.5459777423597991,0.6285195487464011,0.5325150759581179,-0.909105725
SETRKTS,138.10661640099147,144.60325158116646,37.03828409007554,1.047040723677655,0.06631755564526,0.2561372838098719,-1.965010825
SEMRKNW,114.17300945310528,202.39147357599245,372.5774853035553,1.7726735464490098,0.8259268756142938,1.840875402113532,0.8803919825617424
SEVYVKK,101.91398411345664,188.8267421873977,82.77545869953275,1.852805027985018,0.8897110735084448,0.4383672447061748,-1.189788092
SEYRKGV,129.3011275470327,120.4788968216459,147.05638274751553,0.9317698855937836,-0.101954391,1.220598682649081,0.2875889384727668
SAIARNW,107.20120204312438,90.05616934187822,27.634027726772672,0.8400667868038537,-0.251424066,0.3068532442443363,-1.704379258
SAMTKWS,121.54178416850836,219.7253667373552,77.2153950660692,1.8078175192222192,0.8542490597223312,0.3514177548665432,-1.508741012
SAYSKYS,105.950018078182,1299.2047668138496,1226.7235210220324,12.262430817662988,3.61617309193974,0.9442110684603096,-0.0828187
SGGKRPP,121.41618654244566,72.75606289713765,19.592221601101,0.5992286940399252,-0.738821386,0.2692864459804598,-1.892786479
SGWSKGD,104.39760504553028,174.46335217836554,68.48854099939895,1.6711432422446657,0.7408353994787228,0.392566921042412,-1.348989483
SGQKDKY,128.47172570313504,138.60431288713264,55.17203644082851,1.0788701726277998,0.1095212665171467,0.3980542545292645,-1.328963012
SVYMRGS,151.23201744051136,215.82578142737472,57.86211048136573,1.4271169893787337,0.5131036060669281,0.2680963789343967,-1.899176361
SVFRPSH,72.60962056207124,57.6239156159753,28.52004362124512,0.7936126806600617,-0.333493017,0.4949341487189461,-1.014691508
SVTRKLG,158.03018687559086,226.16283917024217,63.51443816851984,1.4311369469447548,0.5171617316206927,0.2808349877528283,-1.83220541
SYSKSTS,135.51667887426586,533.9043504232528,1252.6212948336497,3.939768557334675,1.978110880698688,2.346153002575525,1.2302971006891965
SYSRLDE,138.02158636947834,88.488851430004,677.2404936639509,0.6411232746819968,-0.641326311,7.653399074793713,2.9361006287501272
SYPQRHQ,98.63863760710608,71.12595334771811,56.68666635440431,0.7210759908406732,-0.471776788,0.796989898712169,-0.327366656
SYRQKVD,121.49816541338494,70.46544995002863,61.81321510657876,0.5799713082932341,-0.785946564,0.8772130902508152,-0.189000754
SYRKDTM,93.21751445537843,154.8942030554086,86.05261429580213,1.6616427069566817,0.7326102014124526,0.5555573584959759,-0.847992225
SYLHKNA,109.00595258937088,621.7013979505095,218.52195437804355,5.703371083710262,2.511814903163844,0.351490209123575,-1.508443592
SYAKSLH,108.95121219866388,270.17608184474085,127.65229661680443,2.4797895901524822,1.310217713305053,0.4724781547841122,-1.081680468
SYSKVHY,91.98209627612592,433.454685481028,128.9037480286735,4.712381028801707,2.2364561958190925,0.2973869065127813,-1.749586966
SYSRLSE,144.39331556026912,297.2969517456192,4247.831072063966,2.058938466729291,1.0419007143455772,14.288175667870968,3.836749817973717
SWNRTSS,99.30385348286144,221.56449794299547,110.23977389985843,2.231177242091966,1.157805124129048,0.497551615549081,-1.007081898
SWTNKGL,85.19610934071771,171.1751482452917,57.2889871326949,2.0091897337791,1.006613808499933,0.3346805171192289,-1.579143526
SWTSKQT,84.54688180704329,149.0658134538121,96.25654113730916,1.7631142659290122,0.8181259775208799,0.6457318341950629,-0.630992942
SWSKLDI,156.18168173476317,246.2444195955108,290.9869866248839,1.5766536565645222,0.6568657781792738,1.1816998212705438,0.2408636045813667
SWSSKTS,104.95859275898528,601.7246857456294,1383.0084953955648,5.732972117179201,2.519283262377688,2.298407441406205,1.200634568911742
SWSSKHG,136.96377888434247,199.93383769347875,930.22158079884,1.4597570198637015,0.5457282489609814,4.652647053296577,2.2180517493621243
SWHKSMP,119.7685022317579,283.20750687460526,4322.554641906266,2.364624267627434,1.2416109614526931,15.262853338912896,3.931952789241519
SWHVKNS,135.11078160988816,79.15699568762503,197.58623647574328,0.5858673508097881,-0.771354041,2.496131071667653,1.319693692004695
SWEPRRG,112.7040539926328,229.9001447257868,96.06136892033211,2.039856922456532,1.0284679637156884,0.4178395321799786,-1.258979101
SWDKVTR,125.4737172659887,195.65476892492111,80.95322968353969,1.5593287039560428,0.6409250778634297,0.4137554639141149,-1.273149731
SWAKSVV,122.76989354115584,327.3528035173828,3678.795620577666,2.666393152875425,1.4148895178183176,11.238014707829796,3.490315288440504
SWSLKQA,137.34121699335026,185.6921586770085,123.41501084008338,1.3520497541972365,0.4351482424580249,0.6646215527859229,-0.589395016
SWSVKGS,133.0220556733152,216.23514411024823,129.23496585685942,1.6255585813625786,0.7009355483496464,0.5976593970819495,-0.742604561
SLKKYDH,75.23204545459704,42.55634442855568,56.41613828447584,0.5656677838732788,-0.821973086,1.325681024581146,0.4067336867525014
SLHRKLD,101.45050740163174,84.63820771400209,43.36789100301956,0.83428077278045,-0.261395098,0.5123914148745025,-0.964681791
SLVHKLT,111.8875652248715,385.1421987512993,136.33118617187876,3.4422252193730465,1.7833414937298826,0.353976236864953,-1.498275582
SFLRKTE,121.75244917935528,214.345225242962,200.0195809857681,1.760500315909103,0.8159854860823026,0.933165554581607,-0.09979504
SFARKLD,109.22882063008764,208.07315201406087,107.46546720609145,1.9049290362542477,0.9297372544372304,0.5164792582121757,-0.953217683
SFVRSAP,30.859539351806458,61.28530980954657,706.4527245857711,1.985943766395173,0.9898247723670892,11.527276712497342,3.5269798153851792
MKIYHSG,75.3336332787347,122.5521984227914,220.6586349753468,1.626792616909208,0.7020303483514329,1.8005277572753051,0.848419840558328
MKQTPIR,126.8401797090745,127.8633868795481,55.05646896967691,1.0080669009837455,0.011591387364298,0.4305882263352063,-1.215619223
MKPYSHS,105.70882439738664,631.4243146910454,172.44444444875796,5.973241290787221,2.57851400103473,0.2731039024576281,-1.872478166
MKSSKPG,90.91296297992156,70.71614485973201,21.573139310268328,0.7778444628996408,-0.362446391,0.3050666768254889,-1.712803495
MTRDSWK,133.1248471611477,94.45954545171568,57.82829657160598,0.7095560856296973,-0.495011371,0.6122017239768078,-0.707920987
MTRFSAG,95.76532929,399.4621010943778,263.11279977404337,4.17126014251345,2.060483289357506,0.6586677410778445,-0.6023772
MTWRPSG,106.0099170887712,143.19097903047057,199.9636187119112,1.3507319217178944,0.4337413729722089,1.3964819576333758,0.481796934304577
MTERKTW,124.41279463742852,247.19697671289785,180.8386942632788,1.986909605505564,0.9905262386392476,0.7315570629866981,-0.450957693
MRGWKAE,160.2249710303923,87.92554929687354,150.41322776090922,0.5487630843771247,-0.865744661,1.710688519591172,0.7745770993076335
MMTNRHG,71.15285738318185,281.65062690403744,314.09822178730286,3.9583881415647855,1.984913083445488,1.1152051221754276,0.157309092682063
MMYRNSS,108.46829521124204,211.9932866800517,91.02431062190708,1.9544262797455676,0.966745167716838,0.4293735525657678,-1.219694764
MQYFKQG,68.17771554653586,59.6219668604966,89.72854984072642,0.8745081348435708,-0.19345629,1.5049578966536472,0.5897231260955048
MPYTSKG,113.23266078299528,895.086813844869,237.95032042386785,7.904846602167709,2.982737466576157,0.2658404936184301,-1.911367218
MPYRPAN,137.06166505030214,470.5292701064359,149.29784298759185,3.432975003869608,1.7794593528021183,0.3172976740720508,-1.656091149
MPWNKLA,136.0394476855063,231.81027867362604,153.35875724055083,1.7039930888981638,0.76891948425356,0.6615701344998169,-0.596033987
MPWAKGN,97.94238689489131,59.296110146808495,144.68867101458184,0.605418267072082,-0.723995889,2.440103923450524,1.2869425931381286
MRMSKAP,136.44509423067498,120.32130858453532,75.6862323748302,0.8818294953215343,-0.181428362,0.6290343187354431,-0.668789365
MREPHHR,102.50129130270795,201.6215571800413,90.63990188044006,1.9670148016439155,0.9760078138329804,0.4495546168185859,-1.153431694
MREWKLS,123.54291801529526,67.35694359473693,38.99826034015185,0.5452108844183022,-0.875113731,0.5789790667283047,-0.788416907
MLYRKDT,121.3212799761818,358.8157391601823,265.11222747747496,2.957566382671088,1.564410550264334,0.7388533961692347,-0.436639963
MEWRPHS,126.93898117234409,68.2588034587949,27.86642814711971,0.5377292524990448,-0.895048138,0.4082466544251915,-1.292487032
MAGWKIN,131.86374428436122,104.5537319477118,36.30108256350395,0.7928921821167463,-0.334803394,0.3472002566265011,-1.526160081
MAWSKSQ,158.37453103152632,146.66105104684402,83.57351736186281,0.9260393706715976,-0.110854564,0.5698412548207442,-0.811368023
MAFRKLD,149.7491997739019,199.5605746945345,235.7640968579802,1.3326319939995677,0.4142784355417637,1.1814162051741035,0.2405173062758784
MGSKMWS,107.3845393026004,57.80698218061188,29.62733429903789,0.5383175507017521,-0.893470633,0.5125217262937265,-0.964314932
MGFQKYS,120.46344547271497,85.90934851736559,139.76945316226684,0.7131569928142567,-0.487708392,1.6269411370756008,0.7021620550760002
MVMRDKW,102.15061845292408,58.858350205518285,21.18424739133861,0.5761918145668696,-0.795378929,0.3599191502542739,-1.474255229
MVSYGRA,103.8178240862693,200.89134291809947,63.76170234438619,1.9350371160848563,0.9523612390714996,0.3173939773521297,-1.655653342
MVFRPTA,124.31699510484924,107.40045740248767,37.27943847455848,0.8639241747430099,-0.2110234,0.3471068874022783,-1.526548103
MVFAKRD,145.32874214002567,330.99958901457734,220.3245203636808,2.2775920588073078,1.187509368012236,0.6656338185180575,-0.587199361
MVFRPTQ,61.41938151711541,32.82503715923406,11.710661218846314,0.5344410241266737,-0.90389734,0.3567600293043985,-1.486974107
MYITKSS,113.94240748633295,200.94807595340595,81.55341674127745,1.763593383591698,0.818517969570635,0.4058432326577106,-1.301005538
MYIRNVP,114.07713860078556,97.90640888933238,120.8442326444093,0.8582474112710448,-0.220534494,1.234283169153967,0.3036734154504509
MYISKLT,107.0901966627968,80.70159360802843,63.08850943488153,0.7535852591824048,-0.40815735,0.7817504786994107,-0.355219897
MYHKNSL,88.38520094919163,253.340807470773,196.77035872659096,2.866326090228684,1.5192027484675643,0.7767021850567506,-0.36456657
MYHKNLL,109.31930589836566,98.41014348799716,53.45261290025861,0.9002082722651865,-0.151669273,0.5431616193789829,-0.880546555
MYRPSAT,102.47950550503522,234.66399665986344,64.0047105442333,2.2898626950179173,1.1952610938874837,0.2727504493883043,-1.874346521
MYDFKRP,87.16491007024051,164.9661025123353,52.37991078728893,1.892574688362552,0.9203502356953244,0.3175192357070582,-1.6550841
MYGRLLA,129.11386919047968,142.37500373215127,2012.040143519932,1.1027088307771773,0.1410518989544306,14.131976054625175,3.8208913047123767
MYVKSLS,90.30564345755708,269.28254963544015,5649.830766401203,2.9819016766322117,1.576232687878319,20.981050476720647,4.391015007293269
MYSKRPE,86.91420959028875,390.0725093335664,634.0695175889233,4.488017680565212,2.1660783594613022,1.6255170575138005,0.7008986951617365
MSRFAVG,110.04845993179764,70.92016977990345,32.100915850900435,0.6444449093050109,-0.633871061,0.4526345037035829,-1.143581531
MSRFATS,119.4559732573221,378.8221279819471,132.8607348518162,3.171228006873462,1.6650416089334037,0.3507206285957712,-1.511605806
MSAGWRA,84.38516384335065,401.0054384856098,120.50521958552854,4.7520846108685735,2.248560523553196,0.3005076939619933,-1.734526166
MSYRPTS,94.38926860089173,287.88698062487566,114.15454021826385,3.049996942365924,1.6088077963687273,0.3965255391907084,-1.334514306
MSYVSRS,122.53981958778915,76.79651115148498,57.487087506771694,0.6267065792149868,-0.674137956,0.7485637907869997,-0.41780283
MWTNAKV,104.65313165385736,103.2179592857779,176.89662190152723,0.9862863887071596,-0.019921471,1.7138163079910969,0.7772124853243
MWASKSI,119.05035613707572,63.56990281568205,174.98347655929638,0.5339749067401953,-0.905156148,2.7526151340305294,1.460802908865401
MWAKKTE,115.09831162883675,346.7253832902479,141.20235529053036,3.0124280572277247,1.5909267873276107,0.4072455092574754,-1.296029305
MWSKVSG,104.35228909022308,60.29361085439964,89.07687217689414,0.5777890583911363,-0.791385211,1.4773849320784904,0.5630457687213026
MWSQKVA,108.4482790618192,209.02816999763388,146.51855589416803,1.9274457078150653,0.946690222957892,0.7009512444941108,-0.512613996
IKPNRFP,106.04958180131496,126.12912587991694,105.12081014451876,1.1893410962828803,0.2501625311841444,0.8334380295682104,-0.262853164
IKLKAQT,108.58858292618012,104.73874853729455,31.50332067939497,0.9645466007093698,-0.052077153,0.300779998991276,-1.73321946
IKWDKAG,82.23172507393362,52.36967253641209,32.62742366128736,0.6368548451261008,-0.650963511,0.6230213419532431,-0.68264651
INWEKKL,129.56169757516636,158.62688195327684,57.40049875011079,1.2243346986191506,0.2919980041341315,0.3618585831310608,-1.466502103
ITARKSP,98.57201044642238,121.96745406086713,51.31805396953325,1.237343679087899,0.3072462725458434,0.4207520306517449,-1.248957861
ITYASRS,90.151911105504,290.32623054769573,76.35193454627012,3.2204112701274794,1.6872449428383398,0.2629866905316596,-1.926938307
ITGHRYA,75.80457170083254,179.16833979919136,346.0610661872274,2.3635558618587065,1.240958962718202,1.931485588218803,0.9497109129398504
IRKIELM,132.99180620571818,100.64714596758552,102.18962052366004,0.7567920824528064,-0.4020311,1.0153255667733618,0.0219424054962912
ISRHSNP,97.21136980543672,230.85110920064383,60.39963732852086,2.3747336310832754,1.2477656984259629,0.2616389305542588,-1.934350872
ISLRLHG,84.79216786948975,107.00799541871385,47.21507392125992,1.2620032970901065,0.3357156794879202,0.4412294028732251,-1.180399162
ISDRRGG,91.30515000005028,588.1167470573879,198.8719755005048,6.441222067507299,2.6873344311149894,0.3381505058231219,-1.564262583
IMGYQRQ,126.77993192259744,342.4874344849925,88.87451255105914,2.701432547653443,1.4337246596145123,0.2594971482229767,-1.946209411
IHIVKKA,88.95143596220875,46.14257282717736,26.468220826595687,0.5187389312835956,-0.946919447,0.5736182272655213,-0.801837227
IHRSTLN,137.29308670272735,247.03323707005765,497.7128225634689,1.7993130098745918,0.8474461807601205,2.014760557998596,1.0106083934361123
IRHVEYP,88.03673146610247,151.95872718695966,225.1789718037984,1.7260832456674022,0.7875020445953383,1.4818429712612262,0.5673925754537458
IRSLAAL,125.75632413132855,66.46646775766835,25.40881591386737,0.5285337991293128,-0.919932362,0.3822802199525024,-1.387297541
IAKMTWS,168.51396588634495,151.6545949240497,40.24797812377073,0.8999526782624881,-0.152078952,0.265392407951288,-1.913800995
IAKQNYG,97.8811174511607,58.96795800574012,37.12882994531859,0.6024446751454702,-0.731099336,0.6296441525362699,-0.667391384
IALYVKP,104.94771235642834,327.2964096015036,118.3954029350124,3.1186616864017407,1.6409270570970442,0.361737554894548,-1.466984711
IGNHKTW,107.62236395050326,189.5173047998233,150.350719019171,1.7609472403615336,0.8163516853139153,0.7933350422958906,-0.333997819
IGLWKDP,109.89013182692548,74.10395758070815,182.97771301727724,0.6743458793681333,-0.56843934,2.469202981743484,1.30404543863454
IVVRSYA,119.98364392444672,63.6740308793246,19.22134383801156,0.5306892572742657,-0.91406075,0.3018710072625992,-1.727995893
IYTEKRY,104.22044131775884,141.05570407043908,649.4480112207647,1.353436065774974,0.4366267384816286,4.604195310644434,2.202949034104729
IYSMKAS,87.52844980275773,55.8057062667033,14.4226410545013,0.6375721995815016,-0.649339371,0.2584438405917394,-1.952077275
IYMTKQT,85.21320855659904,177.12158480471138,45.57171805902947,2.078569599771218,1.055591056628947,0.2572905956621572,-1.958529369
IYRRPEA,101.67632370896716,265.4648766226318,226.1286205513317,2.610881933364193,1.3845372190443768,0.8518212406411186,-0.23137739
IYLSKLS,115.47849597827076,58.7178490708971,25.056231402571697,0.5084743144034874,-0.975753197,0.4267225690150588,-1.228629679
IYSKSVI,113.44090016648576,508.858483743777,4282.355192931572,4.485670362250095,2.16532360521674,8.4156112745245,3.0730680666468726
IYSRPQI,98.67412322106549,85.02789083350117,1658.5997338459686,0.8617040421327905,-0.214735644,19.5065374148088,4.285885804262967
IYSRASV,118.90777328769478,337.24909115355854,4629.228611709738,2.8362240905612763,1.503971524668175,13.726437618780496,3.778885350629343
ISQRLQF,112.60744426058302,157.58871821447298,56.66023079293253,1.399452045548601,0.4848620515163639,0.3595449689223302,-1.475755873
IWKEVRT,129.86091831580458,286.8216445106653,120.22066545255878,2.2086833223614897,1.1431865821111675,0.4191478145160988,-1.254468988
IWTAKTT,114.58954588701336,120.6461850054157,37.31010157937968,1.052855075666102,0.0743068646569962,0.3092522285533095,-1.693144103
IWVKSET,126.8646865680688,143.10648107519285,2518.566675884698,1.1280245507752826,0.1737984674674758,17.599249572500913,4.137442008913977
IFNHKLH,81.6158994499598,90.73314334461558,34.592228415497665,1.1117091639754058,0.1527794116494472,0.3812523973087998,-1.391181686
IFIKSHP,95.48963177317913,383.92948562424175,101.08055787529442,4.020640550130165,2.0074253633144394,0.2632789656958613,-1.925335831
QKNPVKY,128.83747071050183,127.42665243522409,46.03605705368752,0.9890496276626862,-0.015885182,0.3612749465979218,-1.468830883
QKSPTRA,119.40369901750172,175.37506444523407,65.33825437512344,1.468757382629564,0.5545961033244748,0.3725629671573247,-1.424443818
QKHKDMM,104.03119583497885,163.61442342943582,44.38929717429516,1.5727438497291892,0.6532837204563784,0.2713043033974295,-1.882016163
QTWSKNT,90.83732164296266,263.6575450431933,87.04792419985921,2.902524428004415,1.5373082090417554,0.3301552556957879,-1.598783483
QTFITKG,72.97740528417806,60.19436928652076,21.36221962589204,0.8248357015725696,-0.277821316,0.354887340445573,-1.494566983
QSYKSYQ,80.83621868233325,42.72968549786524,24.05588525223896,0.5285957977052657,-0.919763139,0.5629782894948006,-0.828848807
QMLSKHH,124.66313965065297,262.9795110299438,97.48559765138532,2.1095210000879066,1.076915449525446,0.3706965507297078,-1.431689404
QMYRPLA,157.42175833298907,93.10718241326242,36.91532209968042,0.5914505300869265,-0.757670591,0.3964820021706736,-1.334672717
QIYSPRS,105.6713947349359,134.21340605704327,38.10313903322653,1.2701015860886629,0.3449438921825928,0.2838996502110375,-1.816547023
QIWNKGH,136.8064103620283,154.02037322974385,118.93557204768216,1.125827165716596,0.1709853653380605,0.7722067513125189,-0.372940927
QIFRPAP,88.70650316260537,98.40213429450444,25.630179650339,1.1093001165216294,0.1496497334366396,0.2604636559368854,-1.940846016
QQRTNLW,98.54284242770348,62.63752853053268,15.781316886411718,0.635637525642586,-0.653723796,0.25194667249234,-1.988809692
QQLNWKS,140.4399572648491,415.0010984451762,130.31334482229238,2.9550072965526835,1.563161692733561,0.3140072286808837,-1.671130323
QHTWTKP,106.59658227205377,202.1628456611517,140.38797992103255,1.8965227716700663,0.9233566942676608,0.694430173170094,-0.52609846
QHAHPLR,109.69775413651116,361.86022131941,131.58483341586847,3.298702185544294,1.721898533940155,0.3636344247402645,-1.459439311
QHSGTRH,125.52948718770628,109.56828051722611,37.31436331024904,0.872848945470373,-0.196196091,0.3405580806242784,-1.554027231
QPHGWKP,99.87926280352804,265.7962611354072,181.818766203244,2.661175640215262,1.4120637327972572,0.6840531368897559,-0.547819698
QPYRPSA,114.62367055401384,665.6134850949853,491.2704269578835,5.806946173315309,2.5377796612403647,0.7380716255888018,-0.438167267
QPWNKTT,94.31629251189035,323.18528430536577,307.8411226500827,3.426611412493999,1.7767825954012282,0.9525220905764232,-0.070175543
QRSLWQE,118.40038883648316,75.00889251635164,75.32352862982756,0.6335189711238419,-0.658540272,1.0041946508329973,0.0060389451579868
QLVRSER,103.99203382295752,425.94449008452176,1522.321004638529,4.095933836717493,2.034192411087301,3.57398919360701,1.8375352722212763
QLFAKRD,111.4843632794241,280.71332148527364,185.39953266442907,2.5179613824558924,1.3322561568589126,0.6604586190760998,-0.598459922
QEWVKHG,139.42433699337462,280.1215903085868,127.5787679492886,2.009129800071404,1.006570772568045,0.4554406813439322,-1.134664932
QGERKHT,111.20647153360984,102.43923880424389,40.14540438399667,0.9211625671738336,-0.118472309,0.3918947939540284,-1.351461687
QGLFHKP,73.25485543779057,119.20521772643396,46.953836253232176,1.6272671212581304,0.7024510935933799,0.3938907805276386,-1.344132445
QVYRPSG,95.57903750073385,536.5414843675616,792.2205080316722,5.613589531736413,2.488923577178181,1.4765316962685329,0.5622123267113581
QVSWKSA,74.03833608222459,142.5198037918847,45.081061647526575,1.9249460662325903,0.9448180244730868,0.3163143678850164,-1.660569006
QVLKSQV,124.08860784451716,279.81931008992973,1047.5307489708828,2.254995965790372,1.1731248524875608,3.7435970685304816,1.9044251628819344
QYTNQFR,113.22095443345388,60.95422449237473,38.21495980452786,0.5383652239762812,-0.893342874,0.626945221972408,-0.673588699
QYTSKGW,113.7615841289803,104.556985413946,45.84672216605424,0.9190886907429284,-0.121724009,0.4384855013229859,-1.189398955
QYTRSES,94.52698283562046,257.0254347890966,5042.854164186934,2.7190694876621206,1.4431130208825558,19.62005887987261,4.29425746598441
QYSKQHM,126.28169426226786,320.2443452375923,99.5630464507313,2.5359522384336524,1.3425275743322946,0.3108971256834044,-1.685490816
QYSRLQE,116.36138964605408,265.762662677852,4803.715932518575,2.2839419801211034,1.1915260018151412,18.07520997914394,4.1759405019038685
QYHKDAP,108.60203672675556,171.1024983582936,1254.5700076206772,1.575499903273363,0.6558096657822733,7.332271706480704,2.8742602477339587
QYHTKMS,117.39590565237678,547.0452083864794,293.7969863849766,4.659832089939706,2.2202779704641733,0.5370616210158143,-0.896840466
QYRKDIT,159.8989917213696,192.5281946080247,59.73873279404783,1.204061342322363,0.2679088937669732,0.3102856333103426,-1.688331195
QYLKSTP,97.99076535051786,235.3868949819771,4712.991392579809,2.402133447371152,1.2643163002994904,20.02231854471197,4.323537139954431
QYVRSLD,137.57075022227784,169.457228651183,3261.5767397066634,1.2317823983469238,0.3007474179214542,19.24719745311316,4.266576487975735
QYSKSSP,86.95608274794124,307.1931204365175,4047.577872339357,3.532738719693426,1.8207870518773888,13.176004288728212,3.719841024654881
QYFHKTP,80.68017499121625,41.49979841460178,128.24064685649088,0.5143741745617174,-0.959109885,3.090151079176548,1.627677374003624
QSDRNWG,123.5439630526822,185.98151739785507,85.41418203274452,1.505387335830792,0.5901347398657445,0.4592616687282153,-1.122611718
QSGSWRG,96.35344917649536,96.94389624,61.86965525777024,1.0061279286481286,0.008813754738134,0.6382006259150816,-0.647918071
QWTKSIT,88.04868823912352,276.37339515998104,5885.691295765088,3.138870103429632,1.6502453267806598,21.296157296031,4.41252122721176
QWTHSIP,108.39516431041794,183.78119874819023,3791.702939539964,1.6954741470005492,0.7616887859684971,20.631615014848208,4.366784852743679
QWTVTKA,136.77654363678843,247.9399892765216,89.54675670660413,1.8127376426101895,0.8581701390400628,0.3611630256494637,-1.469277892
QWSNKQH,95.7291555294206,186.1359408513141,100.47031295818022,1.944401784617317,0.9593263633789036,0.5397684751191398,-0.889587375
QWHTKQG,129.1215509029383,239.7013935941799,465.3932199525993,1.8564011345740832,0.8925084843509208,1.941554085165316,0.9572118964366932
QWPSSKS,87.62863685522393,75.38322665278496,29.64489572186712,0.8602578946575389,-0.217158868,0.3932558612595806,-1.346459827
QWLQKTG,139.30477990949348,106.63010277380052,391.3471623928581,0.7654446806712466,-0.385629978,3.670137721080897,1.875834200886608
QWVKSLE,90.35216046958652,106.56686934891876,1831.528073737566,1.1794612192454466,0.238127983459049,17.186655523686444,4.103216922493727
QWVKHTS,112.5767401940214,101.703573036262,774.9669145663994,0.9034155089317746,-0.146538414,7.61985927760953,2.92976435449425
QLTRLQS,92.39102382055772,328.37342252535694,1455.1363657035,3.554170188254709,1.829512765179902,4.431346345001884,2.147745089335604
QLTHKHH,123.95936773227012,73.07146297016595,200.9276995539094,0.5894791519749208,-0.762487304,2.749742394454937,1.4592964682189742
QLLRSVP,108.4659794644097,500.2546770381571,1315.985718232827,4.612088320304181,2.2054201404928984,2.630631513580931,1.3954091767589745
QFTKHAT,108.90587380500324,256.49672366592125,93.7221506638415,2.355214780473462,1.2358586303666224,0.3653931688652351,-1.452478432
QFTKSTM,153.4472460890371,600.5654563085521,268.55226667818164,3.913823620921008,1.9685787414127944,0.4471656900296438,-1.161118597
QFTKSMM,104.56570834903177,260.90666164686075,529.0796659385941,2.495145547869056,1.3191239739049907,2.027850353068821,1.019951191369176
QFHKLST,131.40055978165051,419.2679865689201,892.8630624601604,3.190762560415431,1.673901254917339,2.129576049359041,1.0905662509373664
QFVYKNG,102.76065610748856,105.78641430256152,28.19863632211218,1.02944471463775,0.0418663534673705,0.2665619825383322,-1.907457059
HKPWASA,134.37847572581134,220.846386307086,92.40620874242536,1.6434654814637546,0.7167411550832424,0.4184184776015981,-1.256981532
HKERRWE,128.1548172163479,68.96358701935428,129.66698552407507,0.5381271536826555,-0.893980988,1.8802239142184511,0.9109044814223324
HNKWSQS,75.7353587268263,94.86606181220228,56.72375170544802,1.2525993592290157,0.3249250460405055,0.5979351374123538,-0.741939102
HNKLEYR,68.44447969116446,53.03304979077696,20.948943578812404,0.7748331206559383,-0.368042471,0.3950167614621262,-1.340014223
HNFKSQN,98.2662900776828,312.66218646156995,114.3069911229962,3.181784783107208,1.6698362546367145,0.3655926302333523,-1.451691107
HNFQKRE,114.13233359045712,291.5272597559095,230.2030477787112,2.554291589287935,1.3529232276277088,0.7896450162892351,-0.340723857
HTYITKA,105.69527116884456,708.6739701334376,663.6421849532018,6.704878679022029,2.745211227617178,0.93645627315512,-0.094716464
HTYGGRV,81.83452035179452,58.41803556506813,15.119501915086955,0.7138556603489288,-0.4862957,0.2588156511741362,-1.950003232
HTFSKGN,126.30843635790102,319.35535595048736,141.05433243083382,2.528377083582752,1.3382116439127008,0.4416845679979853,-1.178911668
HTFSKHT,104.51981848264528,140.27515050389204,102.94811215634672,1.3420914094601462,0.4244829364290979,0.7339012775002537,-0.446342086
HRHPMMG,124.06992327172271,99.44681539650274,51.09724834253272,0.801538461329637,-0.319156346,0.5138148279439994,-0.96067957
HREWTKG,137.9156256164699,761.0040125780365,1607.4319144998854,5.517895518919049,2.4641181395899863,2.1122515623201825,1.0787816652357538
HRYSKAD,131.3479825298374,69.1795561328213,107.57239818136414,0.5266891413205093,-0.924976379,1.5549738129980262,0.6368902844227569
HMFKKTE,145.10873247873516,286.6795189215632,82.30407765266888,1.9756186552285848,0.982304496869436,0.2870943761949999,-1.800403025
HQHIKHS,100.99097583766282,141.9898283250511,64.31296880106989,1.4059655048119504,0.4915611985020339,0.4529406758196863,-1.14260599
HHSPTRL,116.08775739983412,93.49698174963258,27.335558187625697,0.8053991552925476,-0.312224136,0.29236834896794,-1.774140958
HHDRPLR,94.09442672655427,135.0631959126945,214.57753128830817,1.435400592908639,0.5214534217442486,1.5887194867431695,0.6678644168135236
HHYMKAT,106.86603380726392,55.59632496283567,148.01969339882743,0.5202431772017038,-0.942741955,2.662400680220748,1.4127277071880122
HHSNMSR,115.02703650173704,201.82515270241177,158.25712560275016,1.7545888239880367,0.8111329843222281,0.7841298444901859,-0.350835524
HPYQKSA,132.6247204858617,1197.421904074052,361.02805300935137,9.028647899783524,3.174509950681483,0.3015044670395677,-1.729748718
HPNWKTT,117.3549426590284,282.6447028599465,474.41713900344615,2.408460150512476,1.268111053825808,1.678492942563742,0.7471664710541132
HPSMKVF,117.09692770259882,217.7824826968368,210.7265699045876,1.8598479650120092,0.8951846917160746,0.9676011003967138,-0.047515685
HPYAKSS,109.43352101280772,564.4104975847971,960.9930984080112,5.157564998011354,2.366690097734206,1.7026492287444237,0.7677812488303828
HENSKKN,115.11867281702456,92.43770307823448,97.34901736733086,0.802977491107456,-0.316568548,1.0531310723389535,0.0746850048777965
HAWAMKA,132.5725770070851,85.8061871975688,21.58948860490853,0.6472393396485236,-0.627628796,0.2516075974241661,-1.990752609
HGESKRS,100.08387617358552,111.19864405809072,35.0380202193393,1.1110545305542296,0.1519296259345181,0.3150939520542649,-1.666146032
HGYSTTK,91.85222232739646,53.80989012746208,44.93849136719242,0.5858311183333491,-0.771443266,0.8351344197273856,-0.259919668
HGYVKSG,148.4636502592536,528.247107145874,228.83440623387875,3.558090523999822,1.831103215738373,0.4331957584590932,-1.206908978
HVYSKVF,71.11648697239337,38.112900820363,85.42153043754291,0.5359221531170122,-0.899904642,2.241276014128628,1.1643203283191086
HVYLKQN,128.7415983003484,381.7311135748658,236.4664649239025,2.965095343032049,1.5680784955665616,0.6194581906342991,-0.690921182
HYTSKSG,125.65534407738058,510.1199329990518,129.70985055510243,4.059675589164849,2.021364445488608,0.2542732447103641,-1.975548429
HYRPAMQ,99.6122299091054,76.02667689522339,23.05739869733523,0.7632263323950939,-0.389817148,0.3032803699826565,-1.721275973
HYSGKYV,96.56416169744136,72.20070535773716,36.08718118964845,0.7476967032961903,-0.419474923,0.4998175711836211,-1.000526474
HYMNSNK,115.4450462627417,256.3166411982457,81.52227331201706,2.220248070366692,1.150720879230061,0.3180529868482649,-1.65266096
HYERKVF,111.87847572600036,111.92168566818812,208.89304778658527,1.0003862221209876,0.0005570931647022,1.866421565574755,0.9002748821561425
HYAAKTL,136.77862924920214,237.846871059665,74.651988749641,1.7389183702544848,0.7981902100492416,0.3138657591628111,-1.671780447
HYAHKVS,89.08636939858316,105.21363054124431,178.94540218924897,1.1810295026224027,0.2400450043247438,1.7007815552862364,0.7661978562611896
HSFQKST,91.04929412506723,296.8735630465153,224.35016249422685,3.2605806107483217,1.705128887665959,0.7557094683404827,-0.404096396
HSHRMIG,103.1940657348984,92.77002381227446,87.74653676248066,0.8989860332724664,-0.153629393,0.9458501049869392,-0.080316526
HSHLKFQ,83.65891408701852,94.60699633562508,33.18214181761908,1.1308656987493146,0.1774276054965406,0.3507366590511241,-1.511539866
HSRLEVR,136.70894872406032,104.66788197387854,33.1380189359678,0.7656256810601699,-0.385288873,0.3166016003289136,-1.659259547
HWKNERP,137.36526471183296,247.7181217192867,70.38725364741528,1.8033534331910888,0.8506821734437824,0.2841425292541894,-1.815313311
HWKDGTR,88.81566577597135,123.07453490444848,112.86881848326745,1.3857300266699764,0.4706462133749572,0.9170769450471256,-0.12488531
HWTTKAG,124.9220394039116,416.1133199059097,307.6712166478734,3.3309840432598654,1.735948442945017,0.7393928574971912,-0.435586988
HWEQKLN,117.88654552183802,61.13921285141824,18.53321021659002,0.5186275717960744,-0.947229189,0.3031313187107888,-1.72198518
HWAVKAG,97.88533105308136,79.52150093776015,167.95850455672215,0.8123944628091123,-0.299747688,2.1121143662539748,1.0786879555109037
HFPRSQS,92.08916916503914,195.57433573527933,75.51045156741088,2.1237495951861347,1.086613672413375,0.3860959122449402,-1.372968815
PNVTRSW,104.89061921593908,87.9859199920568,23.620221320683147,0.8388349754225355,-0.253541079,0.2684545586704729,-1.897250191
PTYMKIG,110.48399373240478,214.70366776995024,56.25345886208145,1.943301111018564,0.9585094612505192,0.2620051135891896,-1.932333126
PTWSKSA,90.09672213602636,132.32524241274305,54.84422677199987,1.4687020712358532,0.5545417723798788,0.4144653413967093,-1.27067663
PRLPSIR,95.01578972003188,82.87203957628992,33.36490390440954,0.8721922937279789,-0.197281851,0.4026074907169944,-1.31255408
PQKSPPR,90.0019475929106,51.68636770381312,22.99195890216116,0.57428054710101,-0.800172401,0.4448360355658141,-1.168654431
PRTPPMR,136.5193688962104,163.74957827785434,59.696988598604094,1.199460410649465,0.2623855408724878,0.3645627013298853,-1.455761129
PDIARKL,121.5072403476596,106.34512970183953,35.49307963281962,0.8752164018996904,-0.19228832,0.3337536917048461,-1.5831443
PGTKVLV,85.4457014464826,109.28471471388872,28.3656508590675,1.278996050870239,0.3550118096466664,0.2595573491986485,-1.945874758
PGTKWAM,103.53455653832512,141.36247917559527,83.82345693183699,1.36536518725772,0.4492868730366819,0.592968214908813,-0.753973321
PVRLRPP,68.15467199158873,46.46873229106938,14.510956059300112,0.6818128667218044,-0.55255227,0.3122735513507629,-1.679117712
PYVNEKR,139.54713734833172,203.7161708077831,54.52064456408477,1.459837691254643,0.5458079752430156,0.2676304210308756,-1.901685981
PWSKHAG,131.4696995823533,178.58715623778895,423.494400951377,1.358390235963999,0.4418979940264511,2.371359787976543,1.2457145683242403
PKANKPS,132.96012584270966,74.29252670218544,49.339884019444575,0.5587579451456948,-0.839704654,0.6641298419857506,-0.590462769
PPAKPWQ,83.84309435768903,269.0394570084574,79.386699004604,3.2088445574383138,1.6820539044079723,0.2950745585325368,-1.760848559
PRAGRTP,100.88581160671647,88.0996740013532,37.12175579269374,0.8732612901484351,-0.195514705,0.4213608757749042,-1.246871732
PLERRQW,76.74617622006211,158.83662463052556,42.894406628323885,2.069635680285584,1.0493768312493954,0.2700536272922054,-1.888682169
PLVKSIS,108.7960254918791,183.42008543511412,187.4743302903132,1.685907960385972,0.7535257766600315,1.0221036035698132,0.031541439701019
PAHFRPT,124.7688882998278,158.69110965629275,49.3108574828107,1.2718804488739823,0.346963070054371,0.3107348457617601,-1.686244061
PYVRSDS,85.74335104448308,282.3140041584023,2042.589123373812,3.2925468939502927,1.7192039881470154,7.235167555583763,2.855026427788192
PSPYRGA,94.90505596402818,48.92363095886633,60.510229523109736,0.5155007861478933,-0.955953467,1.2368303075048763,0.3066475768586339
PWRKLES,95.8557940262394,106.92043179309326,245.7779009713988,1.115430036120978,0.1576000252747511,2.298699105957738,1.200817633192863
PWLHKTP,78.09724422547788,128.45671657221837,108.00646471568956,1.6448303374360498,0.7179387791196913,0.8408004470125805,-0.250164659
PWAKVVL,100.50303762765026,50.528678159542125,13.626317823162667,0.5027577210824595,-0.992064762,0.2696749315336957,-1.890706677
PWLKSQS,107.50098535509638,346.3528364951728,5465.436441623268,3.221857319271102,1.6878926053610903,15.779967321559502,3.980022312591531
PLPNRAW,87.66905374998987,107.36862599114627,557.8090524571031,1.224703831038654,0.2924329058383167,5.195270474105728,2.3771988601002905
PFARHQG,103.4690402514418,145.24670125729722,78.94592748556805,1.4037696774255453,0.4893062458317762,0.5435299170458908,-0.879568648
RKYEREG,120.63879932443562,143.85567855542007,41.149691254216656,1.1924495217210092,0.2539281959547744,0.2860484317854983,-1.80566866
RTGTDWP,122.519091483945,110.02150197390954,1655.556667813183,0.897994758541993,-0.155221071,15.04757377522242,3.911458984887053
RTWDKQP,89.11783830380857,131.20795307330468,34.83055877348165,1.4722973040033596,0.5580690271708237,0.2654607282381894,-1.913429648
RTDHKYF,85.19630276791582,150.7481342108696,144.30184900737717,1.7694210818223444,0.8232774173706429,0.9572380431954453,-0.06305036
RSYLSKE,110.83049129991402,466.15785434757873,373.7561539035064,4.206043381023435,2.072463730066037,0.8017802347803511,-0.318721242
RMRDGWS,120.62672103541564,135.61942636296664,75.4219859255559,1.1242900843101686,0.1690143213247754,0.5561296633396707,-0.846506804
RIYDKIG,152.70847131847736,446.4401632413114,285.1099887077441,2.9234800098957785,1.5476867265237912,0.6386297922609518,-0.646948238
RHMVDMR,115.8590997772825,64.1667686329353,16.16634550369053,0.5538345175845829,-0.852473123,0.2519426464525552,-1.988832746
RHDHKFG,112.04500501233429,375.5645223353884,123.52029486306984,3.351907765045349,1.7449824507250733,0.3288923407753705,-1.604312684
RPWGKSE,114.35233758187486,241.1508422466288,90.88708865067744,2.1088405129800494,1.0764499913700134,0.3768889538346533,-1.407788583
RRQIEPL,104.10406747219136,91.70713627784652,24.4072456385919,0.8809178978750628,-0.18292053,0.2661433627656292,-1.909724507
REVSRYS,87.60211570355636,115.78636207325668,33.87007462777984,1.3217302018717811,0.4024277168264256,0.2925221418248778,-1.773382264
REYSKMS,130.7494011516558,388.6151617279104,187.9187135240388,2.9722137027393107,1.5715378496578902,0.4835599123011325,-1.048233446
REWSKVG,106.46316644802408,89.27746297561384,691.3993616644826,0.8385760630104836,-0.253986446,7.744388545778216,2.953151336265055
RAYERPN,117.83362766362342,383.9487661824531,134.65425960062407,3.2583972317181105,1.7041624937639794,0.3507089264525365,-1.511653943
RASTGWG,196.40252041205744,148.66207824964215,64.06287772758319,0.7569255116367415,-0.401776762,0.4309295180173992,-1.214476171
RALLSKP,99.61909551108322,82.93205647046857,156.53286087231524,0.8324915624358573,-0.264492445,1.887483170371584,0.9164637807928416
RGPKFAG,121.9558342170606,94.79072346924627,47.27834541635098,0.7772545206860292,-0.363540992,0.4987655298536663,-1.003566332
RGYPTHG,125.8982228933768,144.59370435054493,89.81593997742243,1.1484967859554407,0.1997468193691802,0.621160792448319,-0.686961325
RGYLSTG,138.57937794704046,140.2787846091684,47.29801709789289,1.0122630559272492,0.0175842506706084,0.3371715632529194,-1.568445229
RYTHSTA,98.29227969536436,267.59507427590427,3169.3100356311625,2.7224424451773555,1.4449015494252275,11.843678528863506,3.566045332198296
RYGGTHA,108.92004689689004,265.31855320734684,96.9935607676472,2.435901936936481,1.2844560552708857,0.3655739849140764,-1.451764686
RSTSPIR,109.35549588871878,77.76676203119581,46.9471300798836,0.7111372080497173,-0.491800152,0.6036914596116392,-0.728116703
RWNNTTS,87.08820596103902,139.60772615376126,54.91935199550443,1.6030612252618694,0.680829526986463,0.3933833284772313,-1.345992277
RWTEKGI,135.82749549246273,176.94228025550683,188.78303182737383,1.3026985413665793,0.381503267180509,1.0669187237486075,0.0934502780265022
RWEPVRG,137.7477429612046,220.6378444032161,72.03194019968659,1.6017528829155243,0.6796515871397172,0.3264713739137519,-1.614971598
RWDSKTA,111.08247388364845,219.12739856378093,103.24888133820276,1.972655009405916,0.9801386703348582,0.471181979135988,-1.085643732
RLYNPQS,112.10336862113134,61.383938304641134,42.58791496661288,0.5475655108286401,-0.868896516,0.6937957410822055,-0.52741711
RLYNPSP,85.14879013675342,101.59580203240806,39.81863765806918,1.1931561431376756,0.2547828545921521,0.3919319190508228,-1.351325024
RLYSPVN,109.51602574786018,60.41639769847749,49.654666623224735,0.5516671855640083,-0.858129927,0.8218740029989581,-0.283010856
RFPNSYP,146.0108568178954,204.73294622694343,76.19022601138043,1.4021761853112482,0.4876676372979033,0.3721444321273269,-1.426065444
RKHATDS,117.2356626282062,88.07661787874777,64.6830389422206,0.7512783730157981,-0.412580523,0.7343951266528836,-0.44537161
RKPNMSP,129.59680060871938,83.23922630312529,37.283573789017616,0.642293836824278,-0.638694642,0.4479087017609361,-1.1587234
RTYSQLS,82.84453468672046,107.8274351326527,45.9531257913724,1.301563652212013,0.380245867627628,0.4261728541983719,-1.230489394
RTFHSTT,95.74350492970363,177.50196469067245,68.98962998530342,1.853932178699716,0.8905884676725723,0.3886696696880491,-1.363383565
RMVTPRP,87.47104069810469,58.26528576121323,22.372110047319627,0.6661094380059859,-0.586168871,0.3839697987409953,-1.380935255
RMSLRPG,102.2927932470646,54.55976628290841,22.51161350503688,0.5333686230576568,-0.906795138,0.4126046542851292,-1.277168
RIQLPAK,104.76358746961394,80.915307217939,31.45422519542412,0.7723609812560878,-0.372652812,0.3887302202376201,-1.363158826
RIHSKLD,126.46185400789464,83.09311522972733,46.96296270563522,0.6570607072116788,-0.605901425,0.5651847638134259,-0.823205521
RIGQEWP,102.36656741596182,113.26313915166824,1893.1836766279127,1.1064465871110898,0.1459338077861079,16.714914409115845,4.063064062354777
RQHGYVS,113.71824111021978,111.18578816271496,28.946979921626586,0.9777304597505138,-0.032491296,0.260347841212081,-1.941487651
RQAWKVE,123.99877347693162,120.45218377350264,107.61909277575388,0.9713981872240957,-0.041865301,0.893459042453892,-0.162526499
RPNAKWE,143.97120393143086,850.9983260672694,370.2673372636463,5.910892614835493,2.563376010903206,0.4350976093863403,-1.200589005
RPNMKYA,94.44122246877988,114.24790844938208,258.60410300128063,1.209725006335553,0.2746791325536314,2.263534680950908,1.1785774111373697
RPGSLTR,140.67948478280857,70.56206052570029,21.367522731621605,0.5015803166654984,-0.995447361,0.3028188600563765,-1.723473033
RRGETWP,141.2409401019909,95.49237320509975,1571.2115767171774,0.676095565040449,-0.564700911,16.45379127129356,4.040348141953604
RLYSPGP,64.31641395776103,77.02385844529913,25.26732028484319,1.1975770057062505,0.2601184260480131,0.3280453718478354,-1.608032728
RENHKHL,112.06146031409205,61.38910174205453,144.50659586295532,0.5478163640736946,-0.868235733,2.353945435952865,1.2350808793429862
RERYMAQ,117.99239007839915,125.99004370720394,50.10070333549991,1.0677810969291393,0.0946159141188257,0.3976560517109751,-1.330406968
REYSKLG,86.20942681753087,315.92194151911883,176.2868930770205,3.664586962024383,1.873650600427488,0.558007754160222,-0.841642925
REFAKFN,156.75314590757375,246.48831677571283,74.50829848757225,1.572461690313058,0.6530248693343755,0.3022792295481071,-1.726046244
RDILRKG,111.95366466787895,72.08821144124776,18.09710585835126,0.6439111364072289,-0.635066493,0.2510411272042792,-1.99400436
RASKIPP,98.69098878194788,124.80176357873748,35.231784789877885,1.2645710121972724,0.3386480540579129,0.2823019785906321,-1.824688855
RAWAPGG,110.46448350835529,149.10034972842288,112.81553941346284,1.3497582661231131,0.4327010520961574,0.756641682054733,-0.402317841
RANSPLR,94.75948652838254,111.9174209502006,56.75068821408423,1.1810682502662029,0.2400923360098897,0.5070764473686035,-0.979724829
RGTWTSG,126.8942461692768,73.4179677168085,48.48245025759945,0.5785760184813188,-0.789421569,0.6603621942330031,-0.598670567
RGMVMKP,83.9516808014997,168.56503179825316,103.10895926516588,2.0078815598322355,1.005674170642134,0.6116865293186768,-0.70913559
RGHVSRE,138.7765150422285,73.3633007933761,20.30153792229789,0.5286434867675721,-0.919632987,0.2767260701570136,-1.853469529
RGGISKG,160.82398110319647,88.06149764488059,113.07064219039752,0.5475644679407226,-0.868899263,1.2839963572544446,0.3606411094863821
RGLYEKG,146.19123154188563,423.95804234488895,213.12617747385752,2.9000237420082176,1.536064711391005,0.5027058250742649,-0.992213689
RGDWGKS,149.29061543177875,218.5845461070443,213.43967956180143,1.4641546320567669,0.5500679273383057,0.976462807472568,-0.034363001
RVNQDWP,115.31431914598971,215.5883639785852,3252.5327900073585,1.8695714944615596,0.9027076424894408,15.08677337674142,3.915212383115988
RVSSPKK,106.26347589355744,143.48485316603578,59.36148918823673,1.3502744189335802,0.4332526388330096,0.4137125827458989,-1.273299258
RYTMSVP,94.857863704798,86.09562506981216,1595.2664836445783,0.9076277043065788,-0.139827449,18.52900751171768,4.211713701764122
RSLYAKE,148.28558966967023,320.8834768528929,150.35212137259808,2.163955901363794,1.113671099196144,0.4685567572602876,-1.09370428
RWPSKDS,102.19990390259557,177.09170627666572,111.1424975758195,1.7327971897649517,0.7931028083108078,0.6275985471741093,-0.672086082
RWEKNLH,121.50260538800636,89.14340589943258,73.31711179421269,0.7336748509611137,-0.446787262,0.8224625372394412,-0.281978129
RWGKVAE,149.2705682450081,95.82711315576756,107.39109327085328,0.6419692393645873,-0.639423924,1.1206754511772508,0.1643685325859868
RWVDKPT,101.32160819151552,261.6674637645917,83.11847400489567,2.582543530793496,1.3687926670499142,0.3176492514930054,-1.654493475
RWSDKQT,116.35242894548016,208.96482048582428,149.54916021590105,1.7959644021160914,0.8447587546450114,0.7156666843165889,-0.482640274
RWSVAKE,111.21227944175904,152.22081382597216,75.83200008100064,1.3687410651958534,0.4528495471870855,0.4981710330868173,-1.005286959
RLNKEWM,121.48424113255236,237.304792966799,75.21698587715349,1.9533792264288332,0.9659720593001776,0.3169636185463688,-1.657610839
RLTNKSG,110.9565802321618,56.44714387005346,22.79472495019924,0.5087318278190024,-0.975022738,0.4038242395872996,-1.308200584
LKNVVKP,106.27944585473216,93.71896495743086,27.132656888235697,0.8818164622868887,-0.181449685,0.2895108466099676,-1.788310695
LKNSVRV,98.71783949600074,56.43106858562505,21.570643782514303,0.5716400285270747,-0.806821152,0.3822476575963527,-1.387420434
LKHWAPA,103.41934293022024,114.34727138452342,103.4428442855048,1.1056661949755042,0.1449158959329857,0.9046376274047716,-0.14458809
LKPNRQG,136.94629125623118,171.94912585227834,110.05271394723484,1.2555953452624409,0.3283715856898487,0.6400306683837476,-0.643787058
LKWAKTE,160.75929422928616,1153.6462331333605,288.58058405616373,7.176233502791755,2.843226833935963,0.2501465143888733,-1.999154745
LKLFHTP,83.93789074769948,43.16197397120353,19.717931041000416,0.5142132306009427,-0.959561364,0.4568357103907173,-1.130252666
LNYKQHQ,81.99994037675349,229.9214175248101,103.73026069225294,2.803921764679618,1.4874460956811415,0.4511552764807556,-1.148304036
LTRSQYS,102.09256543414745,219.11216510133536,66.0288276078516,2.146210785962361,1.1017917745701138,0.301347155130864,-1.73050165
LTWNKTS,129.08383279309123,113.7710822671284,44.43657504769416,0.8813735988881918,-0.182174413,0.3905788198741,-1.356314377
LTRLSRD,110.07090009615142,520.007403363701,847.6131934156737,4.724295003579087,2.2400990551059934,1.6300021652246368,0.7048738808715499
LMERKAW,158.66734179011803,245.7809755277007,68.36306664071613,1.5490331706244551,0.6313680379835321,0.2781462905903849,-1.846084229
LMERKYG,132.15975021247095,342.8647281723911,512.8982645891384,2.5943203405058908,1.3753566311413674,1.495920176225462,0.581033193650564
LQYTNRG,112.52511368463436,430.2832255008538,245.4443658313359,3.8238861655965626,1.9350395759405812,0.5704251322966083,-0.809890548
LHRPEKW,101.38577081373812,99.45804397904811,70.27524357455343,0.980986219079682,-0.027695225,0.706581798344613,-0.501071509
LHRLGGQ,85.47060961528608,164.10331473588312,217.8703137282387,1.9199970080303943,0.9411040627677462,1.3276411514227555,0.4088652528426713
LHRLVLG,108.105520613118,127.05308083943362,1777.074290201034,1.1752691270423097,0.2329911600164748,13.986865005240244,3.806000730140089
LHRQTVD,131.44849694080463,532.477515512954,1976.329524851801,4.050845220031275,2.018222961706816,3.711573667008144,1.8920310036182488
LHLRGAN,97.72783050761907,335.5997586396214,2119.548927746586,3.434024442131224,1.7799003079527471,6.315704565278399,2.6589436866863587
LHLRGVN,127.63903366952115,629.4050253178012,5334.423604711745,4.931132798665934,2.301919106093333,8.475343205304517,3.08327179073458
LPWNKQS,124.73782618773846,289.33901107440835,230.12338827986173,2.31957714766437,1.2138618301075117,0.795341725353038,-0.330353235
LRYTVTN,101.4150695935008,58.59243123461204,22.483081224432425,0.5777487652423496,-0.791485824,0.3837198892533938,-1.381874549
LLKRDKE,104.84215458024627,89.64886692423643,33.06572427783283,0.8550841718501608,-0.225861653,0.368835941962068,-1.438948846
LLMNKYH,91.54576815734087,83.08463970290252,31.777998792000645,0.907574881671252,-0.139911414,0.3824774218872913,-1.386553509
LEYKRKD,112.55949600282094,66.72224638708069,113.42298624502938,0.592773144483594,-0.754448007,1.6999275711884796,0.7654732787669616
LYTRAPH,77.57346713866283,61.726630551358646,24.256475791229875,0.7957183406669459,-0.329670243,0.3929661407817759,-1.347523084
LYRNQPT,122.0934987923978,267.3800865878603,111.9187774659834,2.1899617033868544,1.1309056411429073,0.418575589881138,-1.256439915
LYRETMR,82.9550544307357,57.15144456002604,14.78310981947171,0.6889446936322043,-0.537539922,0.2586655496335712,-1.950840173
LYSRKVD,127.93034949525918,66.8552609926766,115.78894917226334,0.5225910916092207,-0.936245563,1.7319347416046582,0.7923845710940624
LYRLPRE,118.76924767057808,80.44478605699275,20.973274187190217,0.6773199934726942,-0.562090512,0.2607163896530381,-1.939446816
LYLRQTS,122.40520241130793,107.98904834151855,40.65710771348652,0.8822259692741818,-0.180779867,0.3764928790270214,-1.409305517
LYSRSAT,82.42007656943147,280.8989182030745,1703.8158565876215,3.4081370692059787,1.7689833593569182,6.065583546875236,2.6006464482616427
LSPVSGW,120.05825132262662,83.92684989280525,941.7598345897233,0.6990510770248749,-0.516530223,11.22119841019384,3.488154857118913
LSRFVAH,57.14092709707631,62.06072876233839,25.29602050487625,1.0860994372195585,0.1191561943174563,0.4076010870215105,-1.294770196
LSRFGAS,105.67436132786897,139.4424166618414,101.78686495340598,1.319548232037121,0.4000440849188489,0.7299562600112344,-0.454118077
LWQDKRT,125.72878204764476,272.0852548953767,191.33490801313235,2.164064985472224,1.1137438230144523,0.7032167475841541,-0.507958665
LWRTEDR,129.81867698039142,111.42317083807208,850.1713526143944,0.8582984623614837,-0.220448681,7.630112715513389,2.931704369367943
LWLTKNG,109.01455489409597,83.61419689891206,43.66535296281604,0.7670003054192212,-0.382700943,0.5222241507097963,-0.937258917
LWAKTDK,95.75418526881477,171.42022979156113,92.1054794137117,1.790211355360874,0.8401299245456924,0.537308108417003,-0.896178485
LWSKSAV,145.92605442118733,182.2129945064256,327.285792729951,1.248666629336136,0.3203883557285378,1.796171527812796,0.8449251287587067
LWSKQHG,115.196300984481,118.18129489767573,145.0748821387418,1.0259122375257246,0.0369073197345117,1.227562130406095,0.2957960452816195
LLRKHDV,119.31337393518984,125.64995136380485,64.66519149255704,1.0531086936830485,0.0746543478021697,0.5146455751926755,-0.958348872
LLYSPRS,107.56100432385084,75.58174430208872,37.76680496637428,0.7026872310946713,-0.509045412,0.4996815741037427,-1.000919076
LFRSKFE,106.7855573926142,348.3072471544136,123.80440041783125,3.2617448993950204,1.7056439534877996,0.3554459501755516,-1.492297897
LKNPSLR,114.67602769445772,371.0056387818916,102.34002814659593,3.235250176003631,1.6938772775112876,0.2758449399383927,-1.858070579
LKALKLV,78.85215965032765,50.21841628168068,22.364871161176623,0.6368679881993823,-0.650933737,0.4453519807500414,-1.166982084
LKWTTSS,126.58278563695632,138.11051512300978,65.29393474197083,1.0910686980701734,0.1257419423992826,0.4727658475809463,-1.080802275
LTKWQPH,132.1393313819511,81.7252055478986,24.307195075221188,0.6184775168240441,-0.693206944,0.2974259276836557,-1.749397677
LRMLTKP,119.12285548448848,106.99879073217684,113.33219846012476,0.8982221782461354,-0.15485575,1.0591913953850258,0.0829633071994456
LMRKENW,98.93699598926874,163.6122811544577,52.08415326426705,1.65370172723057,0.725699043789503,0.3183388978917613,-1.651364644
LQYLRKE,107.93089142685204,344.1380988,150.52788246836235,3.188504183104357,1.672879773918268,0.4374054572653906,-1.192956875
LHKMGLN,133.7946005313362,1208.669277552312,24134.49711340736,9.033767227917604,3.175327740490572,19.967825410671782,4.31960532000449
LHKLAYS,105.65206458100062,454.1336029008521,4815.899329073117,4.298388343870744,2.1037958309431986,10.604587060527514,3.40661653873291
LHRLGST,95.28228129855675,187.8772778114661,956.0786695162624,1.9717965948230491,0.9795107348926024,5.088846722995862,2.347338737728162
LHRDSAN,126.28919106733588,475.0645861297798,208.80259847234515,3.761720081621879,1.911392498547228,0.4395246553177166,-1.185983999
LHRLSEH,138.47056263091542,835.2849768585838,6987.266583641479,6.032220574455117,2.592689183224352,8.36512900054761,3.064387788561929
LPSKRPV,122.55980249598,172.52259954573478,54.01979890596553,1.4076605545394345,0.4932994821830664,0.3131172324565234,-1.675225185
LERFTRT,120.75920449792534,65.72211412097465,31.75688198815404,0.5442410323438639,-0.877682364,0.4831993372839341,-1.049309619
LEAWRKN,120.44345689465132,231.62597427013625,92.91432656313737,1.923109650304485,0.943441023437351,0.401139495930517,-1.317824075
LASFHRG,82.53219819770288,96.14078337799954,24.17032627261388,1.1648881948799883,0.2201914927055635,0.251405547400032,-1.991911611
LAPWTKS,92.15771667375644,67.8063245808424,36.99307208124944,0.7357639384760437,-0.442685127,0.5455696398518737,-0.874164732
LGRQFHP,120.74874545310094,136.58952465658297,34.39262449834294,1.131187940247666,0.1778386445689747,0.2517954768845839,-1.989675727
LGRYTST,118.22285787273093,60.45019896673379,19.311138152635014,0.5113241217008097,-0.967690008,0.3194553282324527,-1.646313892
LVRSQPN,101.44849901996884,367.2412890675175,280.71571734632835,3.619977551321196,1.8559807507068216,0.7643904040831275,-0.387618428
LVYRPAG,70.08627475091315,85.26052306193439,54.86043320170643,1.2165081303714682,0.2827459623703832,0.6434447178075025,-0.636111892
LVYHKIS,89.47417784814047,70.88593326720384,35.908059781884795,0.792250177336243,-0.335972017,0.506561148691232,-0.981191663
LYRQLTH,127.2819020108956,67.04513826946885,25.3720125425059,0.5267452576543807,-0.924822675,0.378431802773384,-1.401894759
LYSQKVT,115.49768075197404,315.5594272204259,280.59143790850527,2.7321711151765484,1.4500478420781706,0.8891873089644866,-0.169440737
LYMKKNP,73.44270726924655,125.65621287987685,123.52561159081527,1.7109420057080904,0.7747908588949282,0.9830442025887064,-0.024671806
LYMMHKG,79.3977409157216,54.51115566967295,61.45219850858564,0.6865580184143396,-0.542546453,1.1273325203555409,0.1729131186250968
LYHRPLA,135.4197063385988,91.87062252236048,23.84828592488465,0.6784139842442896,-0.559762186,0.2595855483517617,-1.945718027
LYVKHTS,96.8996699482445,535.6391864007106,190.6870611459144,5.527771009816681,2.4666978527296983,0.3559990866748531,-1.490054555
LYVQKTS,101.44500435903838,242.6239712214442,107.0497907438768,2.391679834353788,1.2580242740238028,0.4412168764898002,-1.18044012
LYSRTHG,109.73550422548588,125.50253983741165,126.7733866405868,1.1436821721758117,0.1936861846930737,1.0101260644192662,0.0145353535346237
LSKWMIS,116.625062402308,67.57498410041265,17.922928620237375,0.579420775504557,-0.787316681,0.2652302306664979,-1.914682873
LSRTSYS,112.97421879896037,335.2490396594844,373.5582884331672,2.967482698473588,1.5692396184437212,1.1142710171894716,0.1561001730744747
LSRISIN,105.05527278980878,1035.2134637551223,18337.26877952133,9.853988631549644,3.3007078072278917,17.713514576022725,4.146778583563584
LWKTGLN,120.81533209025442,475.6651763306831,8752.093678054413,3.937125926826407,1.977142857049296,18.3996939729091,4.201609866200195
LWKVREM,110.26111650123497,91.16758534985208,42.97510946208472,0.826833504346303,-0.274331245,0.4713858472522816,-1.085019651
LWKSHSA,91.69104699629771,681.0785033089435,508.7698629344888,7.427971711746775,2.8929683210083423,0.7470061974687022,-0.420807883
LWASSKN,128.96573167636717,184.3746053002153,1148.8301664785824,1.4296402843112916,0.5156521922321755,6.230956614702735,2.6394536716507684
LFHTKVN,103.67735818237918,183.3738324270366,58.83072626828693,1.7686970004044962,0.8226869177541598,0.3208239992022599,-1.640146028
EKSRWNA,106.22125353050916,57.52224898482629,19.359612110317205,0.541532387097132,-0.884880472,0.3365586786327504,-1.571070036
EKMRTYG,118.05680747727808,209.5868136879484,160.27230394748494,1.775304772054646,0.8280667177936241,0.7647060477101995,-0.387022811
EKAESKR,103.45695115954328,262.9895944739947,83.73615643726954,2.542019569747736,1.3459751369791162,0.3184010249711596,-1.651083115
EKVWKVG,130.98898942761463,116.00487419259912,89.56825635760212,0.8856078262723308,-0.175260123,0.7721076978963389,-0.373125998
EKYATHK,114.86789002790802,170.6143727107251,85.82697775538497,1.485309538368582,0.5707636198701943,0.5030465862386854,-0.991236083
ENLLPRR,89.31177353863912,56.37195041087225,28.278986841099705,0.6311816256395799,-0.663872887,0.5016499630576139,-0.995247051
ERVYRTA,108.63668153340468,222.5404413375371,93.22509514577456,2.0484834237974043,1.0345562186654005,0.4189130505244926,-1.255277265
EMMRKYG,74.07955414795869,77.76846906173064,365.4690473330438,1.049796667328803,0.070109922707203,4.699450198035192,2.2324919816912443
EMHKKMT,28.28263021047645,71.50283762603885,31.96388357324155,2.5281537499844258,1.338084203861178,0.447029581405052,-1.161557792
EMHRGAK,141.94776444305194,91.66652074283412,67.95218564593159,0.6457764312280511,-0.630893307,0.7412977507520775,-0.431874961
EMLHRRP,93.3102176549476,57.57191376193163,24.447937455927768,0.6169947430068928,-0.696669898,0.4246504216799809,-1.235652412
EQKKANH,162.04528856098716,90.69421557447696,55.19403454727245,0.5596843720657969,-0.837314631,0.6085728201921301,-0.716498193
EHKKAPA,115.021785440457,62.80180083220184,21.69367206084841,0.5459991826045186,-0.873029304,0.345430732453215,-1.533531652
EHEWRKP,141.86327801050768,196.3708432458035,158.0445913836428,1.3842260379127749,0.4690795478508807,0.8048271768422028,-0.313249073
ERFAKHA,120.8259146138244,113.4757452548663,315.9465225975153,0.9391672772976708,-0.090545952,2.7842647949823998,1.4772964239171105
ERMHPRT,115.89499057195252,291.6156775930484,77.14084650026743,2.516206059933204,1.3312500738351545,0.2645291471877516,-1.9185014
ERFLKGT,87.16049033008831,132.2480250575535,86.11483093367417,1.5172932662117058,0.6014999602180064,0.6511615647658825,-0.618912549
ELHKPSK,91.89356967552747,217.76321383190995,600.5085567959036,2.369732883386978,1.244724447506874,2.7576216672639315,1.463424539447142
ELSRQRY,92.34867230889115,183.55297568515485,62.1828041644845,1.9876081712490707,0.9910333780714394,0.3387730650095564,-1.561608921
ELSLTRR,104.2942120206675,54.212444390221854,21.365314476561167,0.519803000951566,-0.943963132,0.3941035073566018,-1.343353506
EETRKYW,102.95116507200748,128.11658201295356,102.77077790921273,1.2444403317179027,0.315497057801151,0.802166091964753,-0.318027111
EDTRWRT,125.19339959708866,185.26276986889977,48.244587892511895,1.4798125976699494,0.565414485630669,0.2604116732501189,-1.941133974
EAVRASR,138.65649739378057,74.44096658389437,45.47026350436219,0.5368732658267293,-0.897346529,0.6108231205342769,-0.711173424
EYKKSER,120.06752070506607,174.8818520896639,360.97981117932846,1.456529218415726,0.5425346426664964,2.064135339750691,1.0455375674597525
EYTMRKT,134.16068364549085,86.72574195656584,138.80787870075213,0.6464318725874404,-0.629429762,1.600538381905919,0.6785572740227501
ESFRKSS,132.99122657017438,487.1941465815592,594.7356418507068,3.6633555396564863,1.873165725727742,1.2207364271999612,0.2877517374100152
EWKIPGR,98.8684668614576,182.31923916643527,146.3701034285116,1.844058524968487,0.8828844433713466,0.8028231364814633,-0.316845901
EWLKTKP,109.1198232811018,456.1433643091359,283.1234142497788,4.1802062227875165,2.063574116768845,0.6206895384274436,-0.688056265
EWARKAS,127.67377784954516,142.72079170861707,421.6988377519453,1.1178551626850408,0.1607332743954456,2.954712012899269,1.563017522007175
EWVKVKT,137.989703684548,151.4968318468908,63.881073507777394,1.097885043606013,0.134727001791287,0.4216660687158022,-1.245827162
EWSKKAA,123.71619544505532,385.07922758648994,152.82194129951404,3.1126015975613384,1.638120928556056,0.3968584393848919,-1.333303609
EWLSHKA,103.19013163105858,130.08358733698097,35.22309011297157,1.2606204225233093,0.33413394023444,0.2707727456940921,-1.884845561
EFIRTKP,92.51037761614218,145.18276162290792,111.37389866338464,1.5693673008807922,0.6501830458331537,0.767128944362299,-0.382458999
EFRVSHG,145.39465035971924,612.3808515378638,238.25973284995905,4.211852705878651,2.074454984271015,0.3890711674795523,-1.361894023
EFWSKTP,88.61996847091852,55.44081097628333,33.243516254022204,0.6256017908026762,-0.676683452,0.5996217527958463,-0.737875373
EFLRKAP,116.209558965399,347.175097985503,164.34614428532714,2.9874917440214466,1.5789347261893611,0.4733811417896964,-1.078925861
DKMHKTW,89.89500863530033,292.6752125479334,385.11621273305417,3.255744862713152,1.702987646864401,1.3158484088227358,0.395993294212394
DKPNHKA,121.14517711249812,107.456277036791,52.00521779704493,0.8870041680405047,-0.172987211,0.4839663091923362,-1.047021476
DKRYEWG,118.15422394280976,115.97719197862506,69.04986045907184,0.9815746581752468,-0.026830092,0.5953744808013453,-0.748130709
DKRWTGG,124.21646362967188,675.1066699953797,648.6357197576189,5.434921026314867,2.442259071909129,0.960789973771194,-0.057706999
DNMSKRG,81.16237083376369,105.4623461927901,35.03823466522329,1.299399526029094,0.3778450840574702,0.3322345455995428,-1.589726003
DNSWRKA,110.84869029098786,216.25017280318323,131.8539447263335,1.9508590695614616,0.9641095611409228,0.6097287369399623,-0.713760552
DTYRRIS,123.85406825332468,237.85097976690085,61.76839287578488,1.920413137180224,0.9414167103446862,0.2596936659092985,-1.945117269
DTLKRWT,100.20614690271144,55.44215078679475,49.51969658700336,0.5532809363543602,-0.853915879,0.8931777696978883,-0.162980751
DRLYRAS,116.6334064097964,159.33160974900858,59.52225067686476,1.3660889675912429,0.4500514433081262,0.3735746520770661,-1.420531527
DMTFRKL,112.24624558778136,93.205754010914,131.91785745936832,0.8303685662076165,-0.268176264,1.4153402744204109,0.5011489457793293
DINRKMW,150.26656526624495,171.01584756736847,304.9755808458537,1.138083160843928,0.1866059806266148,1.7833176584743955,0.8345637099661005
DIYWKHG,51.704052724255256,35.93902082911995,417.52856627527785,0.6950909829213511,-0.524726265,11.617694546006415,3.538251898824329
DIWGKKL,138.10525736218736,99.8687851336984,25.894837309605965,0.7231352885559449,-0.467662514,0.2592885982836328,-1.947369327
DQPWRKS,119.00647215273854,167.17085245140865,296.2968410293728,1.404720679702644,0.4902832876920061,1.772419274559224,0.8257199209230729
DHPRRPY,110.77280645889806,59.14063837612184,35.48102797687408,0.5338913066002874,-0.905382037,0.5999432699935079,-0.737102007
DHFRTKP,115.60959444304262,741.3364899541021,1439.015687100322,6.41241320433259,2.680867393152222,1.9411100176512488,0.9568818890056132
DRAWRAA,113.59806010554657,85.05814013617062,52.70237753506765,0.748764019888554,-0.417416984,0.6196041607622241,-0.690581263
DRYVKNV,145.91864809477048,399.93779738602205,168.6949182428386,2.7408271842422263,1.454611365632973,0.4218028887127499,-1.245359119
DRYSKNQ,132.1732002513285,332.6304981701141,378.9883156964723,2.516625893430849,1.3314907700126026,1.1393673093158458,0.1882329181629622
DRFVKTF,113.58970822430122,93.36506937041452,53.38334439557116,0.8219500765513906,-0.282877324,0.5717699858796147,-0.806493205
DLYSKSR,95.16013751416492,101.29096641834012,51.61001401700443,1.064426440149507,0.0900762521871749,0.5095223773840876,-0.972782586
DLYLRKT,143.1908741712667,227.1129447195541,73.49933789246975,1.5860853286495793,0.6654703876296367,0.3236246088184403,-1.627606779
DLFMRKN,139.5595930055655,117.69812675858356,63.416110495112186,0.8433538979573398,-0.245789936,0.5388030569525385,-0.892170059
DDRGRKP,97.01260075501963,243.861042083529,98.36137046989496,2.5137048196381966,1.329815246318916,0.4033500785098898,-1.309895558
DGYRKLN,137.30162091256295,102.6535941538425,42.889904510619225,0.7476502715085559,-0.419564517,0.4178120100338813,-1.259074132
DVKWRTT,125.81615539734943,220.98170759698223,69.76010381790827,1.7563857908317364,0.8126097682154949,0.3156827077521458,-1.663452859
DSMRPRL,106.26636716389451,197.8949943481626,58.76047737105955,1.8622542543771103,0.89705005812086,0.2969275577919898,-1.751817099
DSGWKKI,175.08644499244815,98.93481704659251,81.31313586205464,0.5650626868965201,-0.823517169,0.8218859476311651,-0.282989889
DSVWRKA,99.04244294314688,156.29017386451935,115.83176107552885,1.5780121049137918,0.6581082722918757,0.7411327162252567,-0.432196183
DSFRKRE,94.59549871553118,116.22365797325664,30.158663208231847,1.2286383554334437,0.2970603269379036,0.2594881604498409,-1.94625938
DWKRQSA,129.7049958995489,289.77797235538515,102.21839270404632,2.234131155439888,1.1597138822171855,0.3527472839746604,-1.50329312
DWKDARR,116.29174045398946,302.7196240265386,162.52501793608891,2.6031051117195108,1.3802335680212374,0.5368829934918286,-0.897320389
DWKGPAR,91.6849810866412,76.43800060007688,41.82848568504917,0.8337025289653917,-0.262395383,0.547221085803847,-0.869804273
DWNSKQR,129.49147095144212,138.08565571491036,196.2028624607964,1.0663687322440794,0.0927063838724675,1.4208779430781282,0.5067826288389649
DWRHKNP,125.93364232060158,376.8775791267595,769.0495332698711,2.992667981184133,1.5814322292304797,2.040581811875861,1.028980552900112
DWSKRMP,135.7046986034942,191.0319620144035,340.7803606331557,1.4077033734297295,0.4933433661016433,1.7838918526495655,0.8350281554064909
DWAFKKP,132.4420021479505,347.9234525111321,91.28844350537388,2.6269872613558656,1.393409204649969,0.2623808278703288,-1.930265789
DWSRTKS,106.43794333602357,75.36228769285434,52.40224267288183,0.7080396833198507,-0.498097874,0.695337738239208,-0.524214203
DFKRSER,141.1151272018354,450.1176789261417,628.6948837711162,3.1897195421320306,1.6734295798011842,1.3967344834599946,0.4820577932579987
DFRHKSG,101.737762529117,109.65655334064697,50.93013628367574,1.0778353151737894,0.1081367623834545,0.4644513686789133,-1.106400551
DFIRSKS,108.56206494477172,178.87659238429808,113.69120146745786,1.6476896646659875,0.7204445426377862,0.6355845667229837,-0.653844001
AKHKDTS,113.5400548925984,145.96596387834344,68.22924114166437,1.285590041474067,0.3624306586654517,0.4674325392632669,-1.097169927
AKPNNFG,108.08124276021664,671.6841173628976,254.35273001432623,6.214622447051804,2.6356667468189645,0.3786790895293784,-1.400952336
AKSFKQP,96.4041633722859,140.63204201109713,40.717170779493614,1.4587756077298817,0.5447579816023015,0.2895298268959265,-1.788216115
ATFMHKS,113.27969506014354,142.26337814244974,36.483428848874986,1.2558594730231036,0.3286750399340581,0.256449898246784,-1.963251096
AMYRPMN,131.02190951731257,68.94464900522739,35.8481729144823,0.5262070233842638,-0.92629759,0.5199558403983504,-0.943538994
APHRHAP,106.00039381686352,108.76703312044728,85.96446808428094,1.0261002738193945,0.0371717226342444,0.7903540771318542,-0.339428972
APWRPQG,94.79119411242918,47.45180784732395,81.73761364870954,0.5005929959173495,-0.998289989,1.72253950601208,0.7845370711583758
ARATSRP,92.84130277056788,47.38804361929059,12.63875516,0.5104198476878045,-0.970243665,0.2667076796686971,-1.906668728
ALWKSQV,91.76009279776896,92.6927273056881,554.181687810436,1.010163835709872,0.0145892987170924,5.978696537677865,2.5798309854928902
ALTSYRT,98.9207408055486,135.85198814499492,35.366395555230405,1.373341799087849,0.4576907299866672,0.2603303495086419,-1.941584583
AEWTNKK,136.7877314591066,110.23390513646328,97.28241608001116,0.8058756729174815,-0.311370812,0.8825090244202188,-0.180317064
AEWVKRD,135.96176125966397,308.89634205854804,232.1310100604316,2.271935426524876,1.1839218308125654,0.7514851374200916,-0.412183524
ADVKSRH,120.45259581177642,115.21572885554497,72.27394035834446,0.956523419682754,-0.064127803,0.6272923070161713,-0.672790225
AAWSKQT,104.21644865980376,240.54585998388995,65.27968916717266,2.3081371806202067,1.2067289709154263,0.271381470342265,-1.881605877
AGNWLKP,103.68852601136577,155.67151258377535,91.74198463495084,1.5013378873445602,0.5862487028333865,0.5893305917842834,-0.762850937
AGAWMKG,138.11389417024873,172.49495655933364,90.269480992557,1.2489326841128991,0.3206957196090657,0.5233166394723356,-0.934243963
AVTFHKH,104.97523229748806,101.94286109871454,57.98217483443182,0.9711134604572236,-0.042288232,0.5687713117869609,-0.814079396
AVSSRYY,121.3984804699824,120.86038720261216,34.61578691775183,0.9955675452832106,-0.006408895,0.286411352130797,-1.803839419
AVSEWRK,105.26231584466991,60.08727937987103,17.381920904019413,0.5708337204792139,-0.808857534,0.2892778818313794,-1.789472076
AYSKLNS,134.81594922173315,360.5399489640779,900.8611092745548,2.6743122831193675,1.419167940749956,2.4986443578941966,1.3211455714465323
AYHATRT,114.63710221196516,225.1630916640864,56.923032581740905,1.9641380261667605,0.973896315940488,0.252808007569298,-1.983885934
AYPSAHR,88.0149608790767,87.8872551277388,43.04704680940205,0.9985490449571028,-0.002094806,0.4897985122738874,-1.029739703
AYSKTQT,96.6291097431181,337.59535901231834,871.1882628181797,3.493723163856033,1.8047652963041605,2.5805694289369403,1.3676894461366167
ASGKAWL,163.7872931115555,209.6523308469259,134.810799914856,1.280028058734274,0.3561754350323974,0.6430207542661943,-0.637062792
ASMTHRH,137.3365952815974,121.64288026024742,49.16826119169671,0.8857280902502985,-0.175064221,0.4042017180660656,-1.306852641
AWNKISP,100.37658844599048,281.34418038445057,276.0306027957013,2.802886457292112,1.486913303121955,0.981113604050781,-0.027507898
AWNDKKY,115.27964271053406,159.13837404603112,107.02692128910222,1.380455128973863,0.4651439945837368,0.6725399950243582,-0.57230803
AWTKVDR,115.2566340092444,105.32404964086784,58.76212002888607,0.913822015940706,-0.130014894,0.5579174009094044,-0.841876547
AWTSSRS,112.60917685129122,108.03105646357731,59.85937794701203,0.9593450505924606,-0.059878288,0.5540941642757481,-0.851796922
AWPLKNG,115.13184013295027,98.31687907891846,39.33109659291095,0.8539503838849924,-0.227775846,0.4000441934425123,-1.32176871
AWAKHMT,106.1030729791501,81.018437448847,29.52781264105531,0.7635823843176306,-0.389144274,0.3644579378576442,-1.456175772
AWVKTTH,106.3034828249281,101.1442394138083,139.278386716802,0.9514668449798904,-0.07177471,1.3770273771794028,0.4615572424999861
ALYRPSG,82.106919857894,150.76043977754628,1313.0310291765968,1.836147794101568,0.8766821879651813,8.709387098591861,3.122571196328838
AFVKSEI,162.57979379274184,134.69038114084785,475.7000859498633,0.8284570794360359,-0.271501138,3.531804438599192,1.8204054609721867
AFYNTKG,138.1630323861251,305.9591106606918,89.56298206394526,2.214478832555049,1.1469672070612018,0.2927285998136871,-1.77236439
AKMPMAR,81.81542957732275,198.48094203539404,102.0634093399683,2.4259597860793747,1.2785556358233396,0.5142227172711015,-0.959534748
AKWRPLD,120.74122835897192,368.1258728737682,244.81388068188852,3.04888295304819,1.608280766189504,0.6650276406022573,-0.58851379
AKLPFPR,113.26568376664837,62.2481246447252,31.2010413583692,0.5495762050310817,-0.863608554,0.5012366482756861,-0.996436193
ARYVSPP,106.85559822175968,138.44171068046725,42.69368226759578,1.2955962343980916,0.3736161801127532,0.3083874220980674,-1.69718417
ARFLKLE,142.0607873954955,225.5600442566968,327.7453787038749,1.587771322347668,0.6670031442998117,1.45302941300582,0.5390639070782182
ASRYLTS,132.07307556928723,84.8554316399415,23.14574003509559,0.6424884956618221,-0.638257473,0.2727667467806607,-1.87426032
AIHAHHR,91.02902540287228,80.89589988218728,116.11850421374275,0.888682478189366,-0.170260051,1.4354065457316367,0.5214594048060172
AQHSKSW,105.05569003550228,221.8438529374956,76.03968003250176,2.111678604581305,1.078390274629884,0.3427621681901004,-1.544720212
AHKWSVA,112.43682987489622,74.09970983633978,55.4332103824643,0.659034143160986,-0.601574885,0.7480894392825125,-0.41871733
APPWFKA,88.20796541940456,171.3783935212579,49.31551025017888,1.9428902220610225,0.9582043875097777,0.2877580378535976,-1.797071868
APYRPRE,108.192358612527,627.9642084628153,187.9364306371897,5.804145657936575,2.537083725012162,0.2992788889947034,-1.74043758
APDWKKF,145.11366120533629,168.7006351801906,63.19729463013599,1.1625413746640896,0.2172820624232418,0.3746120728154604,-1.4165307
ARHMSPG,49.93494039990667,306.91482671508817,96.42967863843232,6.146294042951572,2.619716788108963,0.3141903559059689,-1.670289197
ARTYSSA,113.6547148240932,71.72359352884196,23.77066104403808,0.6310657119667293,-0.664137856,0.3314203858801255,-1.593265749
ALRKWSE,125.77735745104974,68.96225591383468,23.99832433529238,0.5482883192284711,-0.866993356,0.3479921591497418,-1.522873295
AERAKRE,128.58536499834295,69.68333294735179,24.703966264388622,0.5419227370723704,-0.883840916,0.3545175757171853,-1.496070942
AEYMKKN,52.300613814164734,264.1595294959173,66.32972294620289,5.05079214623623,2.336509672185992,0.2510972179303039,-1.993682051
AASKWNS,131.6869265917264,216.01747255033013,64.37888280582928,1.640386621065709,0.7140358822568781,0.2980262755867101,-1.746488563
AAQRIHH,122.66945421164688,140.6341415039019,73.02566950922493,1.1464479271364474,0.1971708276896437,0.5192598947048631,-0.945471292
AGNRQHF,112.13195001773757,213.6863016619026,78.94621515027187,1.9056682919373176,0.930297019969738,0.3694491155318961,-1.43655242
AVFSKLN,112.90155579959298,147.5966130658496,38.933801873802594,1.307303624122261,0.3865942491241763,0.2637851984884805,-1.922564481
AYTRANP,131.6814441339234,374.6516017227645,320.6643171445772,2.84513588218044,1.5084975565271086,0.8559000299746832,-0.224485797
AYHKLMT,106.38590299233978,143.4526696526127,2087.643376128805,1.348418029247182,0.4312678223573429,14.552837400546643,3.863228561052657
AYVKSIE,123.2783129521132,158.25609094749538,2961.600893504388,1.2837301805790375,0.3603420030470261,18.713977299533816,4.226044303413458
ASYRPSA,101.57632030178723,809.7430307696419,477.06384285376765,7.971769683759597,2.9949000291812617,0.5891546141500342,-0.763281799
ASWTKVS,94.61249312930254,113.48678730407885,209.6751855017685,1.199490506491375,0.2624217392970298,1.8475735412260852,0.8856317908670045
ASFRPRE,114.51412931032974,68.8371689283496,36.31231888260943,0.6011238031754406,-0.734265946,0.5275103472138106,-0.922728702
AWNTKTN,119.46455658968225,222.9771951774654,71.80016255148747,1.8664715422107312,0.9003135122710725,0.3220067527279748,-1.634837152
AWHAKGG,127.66298894660608,202.79487494106968,260.71044999280554,1.5885173660307048,0.667680862005721,1.285586975847223,0.3624272184008449
AWHSPAG,96.22429040703815,50.42592627563442,25.31543288455561,0.524045706778692,-0.932235447,0.5020320845705102,-0.994148526
AWPSSKA,77.04361906377726,151.31637345420003,47.531603787913504,1.964035117936753,0.9738207259969256,0.3141206909925066,-1.670609119
AWRPGGG,126.85085725284266,139.47273571466496,50.21541232153092,1.0995017198556571,0.1368498608779988,0.3600374801872548,-1.473780995
AWVKSQM,116.26250624853591,136.13191628845547,2766.379830952193,1.170901270590576,0.2276194341360903,20.321317045816045,4.344922002602388
AWSKRGE,130.04870503608444,262.713165519586,194.4508489259239,2.020113660083669,1.0144364673463555,0.7401640817708736,-0.434082968
AWSHPTS,91.97904511555208,52.49848460179809,18.27022403982961,0.5707657057740154,-0.809029441,0.348014312763684,-1.522781454
ALVRSAI,130.15704420207956,259.2270517296581,139.7005468693982,1.9916482685884196,0.9939628853736469,0.5389119150075767,-0.891878611
ALFRPTQ,62.30001990033649,52.79246768827911,49.53969833533117,0.8473908639633352,-0.23890052,0.9383857300978162,-0.09174702
GNTQWRG,133.23260228383057,369.8397388292178,132.49217984587958,2.775895182481942,1.4729530929275263,0.358242140948139,-1.48099304
GNMYKIT,87.66297518389173,183.87631164692127,48.781211199028,2.0975367452587776,1.068696084437814,0.2652936137456222,-1.914338148
GNWNKGS,118.55126119668454,535.3338749221248,180.45171062837755,4.515632052483776,2.1749279356938525,0.3370825555446644,-1.568826127
GTAAARW,84.52001467483088,51.34082913470864,29.848300852150302,0.6074398984930296,-0.719186423,0.5813755125347508,-0.782457788
GTWQRNS,128.73981975737482,174.19225037444167,169.181934506982,1.3530565034402506,0.4362220873048013,0.971236861245609,-0.042104918
GRAQKPA,78.03084660775409,50.98160055056524,14.316639134140567,0.6533518828373073,-0.614067886,0.2808197267157364,-1.832283811
GMKKILG,96.90471140530444,158.80089927582048,236.06909637187115,1.6387324927023923,0.7125803675857899,1.4865727930283563,0.5719901094411622
GMYHKTT,109.88506822724143,253.89845987124605,174.6150210353126,2.3105819923248,1.2082562852722731,0.6877356448867837,-0.540073973
GMSKPWS,75.84322432149197,107.81570328124415,44.01794035784047,1.4215601228162975,0.5074751169926782,0.4082702149891548,-1.292403774
GMWKPSG,146.0533476350083,330.90486558982343,637.3089481768536,2.265643827738647,1.1799210790123698,1.9259582268180864,0.945576412103514
GIKKTFP,119.8084113475874,170.97406476985108,69.65856397783891,1.4270622809096618,0.5130482993538172,0.407421816119343,-1.295404861
GIPCCRA,142.45260682932226,144.65485399368256,39.98542044676808,1.0154595076452262,0.0221327120278148,0.2764194864039221,-1.855068772
GHWARKE,122.6696052071599,243.0389631087556,393.069257477262,1.9812484331250628,0.9864097942937632,1.6173096381314402,0.6935959129685008
GHFPSRG,134.18474246258145,229.8959674278233,109.29494546711176,1.713279492204054,0.776760521606141,0.4754104506049038,-1.072754478
GRMYDKP,108.64502994866154,88.71134916358557,40.24246103399594,0.81652468783436,-0.292431588,0.453633739238798,-1.140400149
GRVATKP,104.47907422937824,190.32569674785057,52.27728438159176,1.8216633153735708,0.8652563410689548,0.2746727597737385,-1.864214254
GLWRPAP,83.19615470375832,51.97126747101964,45.51687452104788,0.6246835284163905,-0.678802605,0.8758084367757459,-0.191312747
GLWTKMN,106.18391375525086,67.14065532375447,223.58462209298452,0.632305336555127,-0.661306699,3.3300929372055137,1.7355624410126091
GEKYRQH,83.60636978070801,85.51480401440618,36.688187321804016,1.022826421464104,0.0325613336066516,0.4290273215807565,-1.22085857
GALWKGG,96.51052489823655,128.42605484536705,182.39029059925087,1.3306948126205214,0.4121797351834326,1.4201969438277935,0.5060910073230019
GAWPSRQ,105.34009979032405,76.05033483369304,19.98053404842773,0.7219504726601617,-0.470028226,0.2627277590837856,-1.928359455
GGHRRPE,95.2497493253594,48.292726855530894,50.65359149249581,0.5070115900312756,-0.979909368,1.0488865464985548,0.0688586362985934
GGPKRPP,92.93138285813524,139.24492793416098,105.66385497045808,1.4983628097596038,0.5833869966041355,0.7588344978742708,-0.398142827
GGYRTMS,109.55178930206677,155.53605351930509,44.03001225710836,1.41974909319323,0.5056359903005112,0.2830855692994896,-1.820689887
GVYRKME,139.2134722148113,788.2230710155391,211.88779610540016,5.661974078193259,2.501305144272335,0.2688170441806606,-1.895303481
GYDLWKG,115.36764696759958,59.11555606546617,16.602407485061892,0.5124101740765197,-0.964628974,0.2808466770857392,-1.832145362
GSWQKNQ,101.67383858571564,279.6775377355246,113.76112156897324,2.750732554468707,1.4598158775318963,0.406758163312174,-1.297756795
GWKNSLT,132.57557307953223,249.34500188529205,69.29773923034598,1.8807763458484896,0.9113282997279468,0.2779191028750819,-1.847263093
GWQNKML,119.67845288580894,85.77284641600231,30.44319180486788,0.7166941445829215,-0.480570527,0.3549280812859699,-1.494401372
GWYKKEG,151.3787566543938,842.3334980918434,1087.989753503184,5.564410203308367,2.476228777979502,1.2916377610148844,0.3692015238537683
GWSSHKV,158.26279722402612,158.12075095824568,115.64612782402794,0.9991024658462256,-0.00129545,0.7313785643135868,-0.451309751
GLNWKGS,124.78298953510716,247.29387695298715,135.2656188716725,1.9817915717062704,0.986805239881784,0.5469832918563841,-0.87043133
GFNYGTR,107.62145002448123,70.80093845601284,28.907726283107213,0.6578701405705588,-0.604125262,0.4082958067154291,-1.292313344
GFMGKYG,133.26712646166885,220.29762657164645,198.87575363119603,1.653053025308607,0.725133002986436,0.902759402024318,-0.147586554
GFLRKGD,121.08237578755563,193.5767984502336,74.27393719970947,1.5987198565534644,0.6769171577240787,0.3836923525667486,-1.381978084
GNNQMRW,89.80569470309285,89.42869284857443,54.78331168991426,0.9958020273016668,-0.006069142,0.6125921104837836,-0.707001308
GTLFSKP,100.79253444147622,130.20945752127167,33.17949937777929,1.2918561701301,0.3694454553330405,0.2548163551972322,-1.972470216
GTYFQKP,88.79213502687816,150.3835920252034,391.5986810717459,1.6936589257559915,0.7601433695556046,2.6039987195286325,1.3807287390833691
GTSRAYM,75.489668075128,85.06145222558204,33.912997365388485,1.126795949624896,0.1722262829303991,0.3986882010367232,-1.326667185
GTWDKKI,100.35106925397427,259.0273050764361,218.27534343687464,2.581211211819526,1.3680481971379646,0.8426731049549544,-0.246955015
GRHYAQG,98.27160888353114,57.00541804830268,22.09905075129741,0.5800802357460532,-0.78567563,0.3876657957770279,-1.367114645
GRLGWSP,128.63974478931686,83.01387467478025,20.75546177197652,0.6453205796601853,-0.63191206,0.2500240092790424,-1.999861454
GMVRSYG,121.31364703592658,147.2939027531406,46.890924940080176,1.214157733709218,0.2799558572261577,0.3183493957565081,-1.651317069
GIRHHQP,110.5775228789584,232.4386092485049,66.377220723369,2.1020421076256106,1.0717915693258755,0.2855688258416817,-1.808089599
GIYSKYA,88.91122007266854,613.8487566232224,226.48161786587568,6.904064032880373,2.7874458450919795,0.3689534521691457,-1.43848928
GQLFSKA,97.48225003217418,228.28477649692647,2321.556865216788,2.3418086515399543,1.2276231984896968,10.169564965485312,3.3461860596716644
GHHRMQG,135.9456481767332,161.04072226924163,251.11748081747825,1.1845963767805507,0.244395578609448,1.5593414962312366,0.640936913261724
GHHRSVA,88.91034470743016,74.8642058151397,52.51758915927883,0.8420190705759728,-0.248075186,0.7015046588346798,-0.51147541
GPWQKNV,93.96976331557458,337.1303720634093,569.6099230584013,3.587647347064598,1.8430380854507613,1.6895835269071098,0.7566676738967908
GPGRAWS,99.85004859140616,75.4674107308819,76.65993721360722,0.7558074512281928,-0.403909353,1.0158018735660337,0.0226190400064436
GRPHSYG,102.82183405160129,154.38135690693005,69.53286809012685,1.501445275032281,0.5863518922255042,0.4503967932607643,-1.150731539
GRWIKET,154.67520417044213,78.8302232808919,151.40341980103778,0.5096500353995076,-0.972421172,1.920626550321307,0.9415770263558014
GLMHKVT,126.4243081489966,433.3841673083388,150.34773938478622,3.428012964069984,1.7773725654492778,0.3469156252720664,-1.527343273
GEWKKLV,160.03613962304664,261.62197043880747,199.310448660513,1.6347680658571169,0.7090859666266072,0.7618261124102766,-0.392466356
GANVRWT,93.51867010864667,72.91425892669793,20.101508781124384,0.779675960340205,-0.359053442,0.2756869380148649,-1.85889718
GAWRKQE,117.05612650764203,268.5458045912851,414.3370498278607,2.2941627457128697,1.1979677383915368,1.5428915393352112,0.6256366483227896
GGWTKNA,88.6965750603082,164.68482858177782,141.18528649846837,1.8567213950460013,0.8927573520853352,0.8573059687059137,-0.222117907
GGFHKNS,94.2415157372913,198.04989127096576,76.96913846955336,2.101514281912144,1.0714292610931755,0.3886350958115223,-1.363511905
GVGRKYD,158.9495740825871,123.7367394860305,36.41648675648222,0.7784653730606368,-0.361295227,0.2943061770315479,-1.764610272
GYIHKGS,86.66780889232395,184.0437969246932,51.803175596878695,2.12355428476736,1.08648098900726,0.2814719999396418,-1.828936681
GYHKLAN,121.53397677341997,191.4131437985236,118.28386984102224,1.5749763883344474,0.655330200239131,0.6179506145383866,-0.69443655
GYAERHG,118.87260930777194,137.7122625137686,96.0796971436663,1.1584860744262715,0.2122407024013477,0.6976843992673504,-0.519353521
GYYKHMP,99.57145085677269,138.39519726799463,179.2120540943164,1.389908413276688,0.4749898210316703,1.2949297203376369,0.3728738007135729
GYYGKTN,82.52188227463452,317.302976901961,155.43426270189198,3.845076822726488,1.943012422805917,0.4898607136292875,-1.029556501
GSSTSVW,76.33890785189739,78.2266622721032,25.663751143383703,1.024728601355788,0.0352418635611576,0.3280691058262853,-1.607928353
GWNKLPT,155.32365797072902,437.7485218150635,517.9118302240167,2.8182990764842653,1.4948247178455158,1.1831263942972718,0.2426042061251341
GWTKQHV,110.24448806134008,140.79529123778522,80.17782982489918,1.2771186452373624,0.3528925586698185,0.5694638586278364,-0.812323812
GWTMKQV,115.39264728207148,78.28678654821789,44.993506904362086,0.6784382574814304,-0.559710568,0.574726705338071,-0.799052008
GWQPNRA,121.88574939839631,183.7881315238592,48.67833786762492,1.5078721871178595,0.5925141455654565,0.264861160859593,-1.916691792
GWGEKRQ,133.64280655790165,129.685430982699,53.09143785526476,0.9703884131355166,-0.043365771,0.4093862930705574,-1.288465296
GWSTKVS,90.19353985987068,302.5011177538384,256.035206307442,3.353911136250109,1.7458444643972872,0.8463942487504849,-0.240598271
GLYDKRT,112.1442081357342,234.5003086341317,213.0484665934169,2.091060363548185,1.064234709433292,0.908521049862736,-0.138408154
GFGHTGR,94.00017135671226,111.89970081301496,40.97611286457176,1.190420179005605,0.2514708871235792,0.366186080631646,-1.449351142
GFYSKRE,84.09721382565415,107.24555051213416,430.51140762689823,1.275256879906508,0.3507878839775352,4.014258918631674,2.0051336731477187
GFYAKSM,68.73970239970423,55.94856158182518,15.765514261370862,0.81391917085265,-0.297042565,0.2817858728738482,-1.82732881
VYHTKSS,109.31087863993255,155.65950734531748,56.1458113177296,1.4240074664302738,0.5099567107380814,0.3606963190059111,-1.471143395
VKNQRNP,118.72592142029828,73.00767293357839,30.522737977655662,0.6149261430039864,-0.701514952,0.4180757549336619,-1.258163714
VKNFRPP,113.9455526461383,225.22883999424752,57.89652829285998,1.9766356366158773,0.9830469561993088,0.2570564599735038,-1.959842827
VKLYIGS,121.70758502766968,91.74697389438786,216.55797120257685,0.7538311919797734,-0.407686603,2.360382713568972,1.239020797808973
VKVFAKP,106.22648747298732,61.79720904614808,23.407798864642064,0.5817495289191662,-0.781529958,0.3787840782123656,-1.400552405
VKVPSPR,95.86405948628094,181.9821310499403,88.32360339258575,1.8983353305206492,0.9247348590335064,0.4853421755367158,-1.042925861
VMTRLQI,125.01592724204345,141.29579462416953,2887.6530548389983,1.1302223463943648,0.1766066190877438,20.43693559684364,4.353106983400062
VMIGRHH,130.32915693201684,116.39610959443984,31.944788594016263,0.8930933977817039,-0.163117038,0.2744489373856378,-1.865390341
VHKAPWT,138.76189522513417,88.25660937179885,30.92759392218424,0.6360291435095129,-0.652835222,0.3504280771981108,-1.512809723
VHMAKYS,99.22370628027583,531.491390563725,256.8140825482153,5.356496048055578,2.421289570246232,0.4831951883093084,-1.049322007
VHHSSQR,122.10290455116208,71.75281620192995,148.79942329354867,0.5876421733429359,-0.766990157,2.073778161888319,1.0522615730995222
VHFRPTS,88.79351465047263,72.89717468255809,38.39711181750874,0.820974087685469,-0.284591408,0.5267297667531676,-0.924865103
VPWSKLS,93.47742756262568,140.46224433232578,305.965709342115,1.502632753112749,0.5874924543620627,2.178277235968246,1.1231875819257835
VPHRLYA,104.08714456470628,110.79427594916773,154.85248051431165,1.0644376537805005,0.0900914507617303,1.397657768758359,0.4830111448633
VPYRHAA,97.89538424654955,84.36291678888706,83.68178648972452,0.861766031546687,-0.214631862,0.9919261883646456,-0.011695325
VRHSSSA,98.55699875110952,61.16753680508035,37.00296946374542,0.620631082319679,-0.688192143,0.6049445734861125,-0.72512513
VDQHKRT,125.74066344347813,164.16516015780223,61.07094750293806,1.305585286907575,0.3846967042839628,0.3720091854095849,-1.426589851
VAKLKYP,121.29850457956996,224.4312296910377,87.81464797443896,1.850239048444445,0.8877116770798257,0.3912764194863995,-1.353739927
VASWTRS,104.04270397463748,58.61481738699015,41.82142260550052,0.5633726839825184,-0.827838481,0.7134957416890801,-0.487023276
VGMAKWS,127.11988963420448,86.40506222925309,125.87090921396177,0.6797131627307821,-0.557002034,1.4567538749060378,0.54275714820045
VGKHSYP,130.15237218488468,623.3240368119076,158.21855363159807,4.78918690722333,2.259780740619295,0.2538303423061184,-1.978063559
VVSYTRG,113.56678051548025,87.22656220842374,23.08661420074056,0.7680640572225601,-0.380701457,0.2646741269657766,-1.917710923
VYNTKYF,76.7556263186663,81.94303427799497,23.064637513649703,1.067583422976605,0.0943488091546004,0.2814716066700924,-1.828938696
VYTRSQP,103.7311953407592,440.7705972936937,6108.816521216547,4.2491614585733135,2.087178163857709,13.859401145912026,3.792793015963624
VYRPNRD,134.5201218604957,236.3879865494956,65.70454815050216,1.757268602496823,0.8133347274149414,0.2779521460019067,-1.847091574
VYHNALR,91.71369133613636,75.17068927025763,59.17118543037114,0.819623419089658,-0.286966888,0.7871576808034282,-0.345275434
VYARPLV,76.32853810280665,72.84633666636223,1488.4704222439325,0.9543787746628364,-0.067366137,20.43301681814363,4.352830320361321
VYGRIVS,121.53385740671348,221.32303682309723,2495.618954560836,1.8210813146696967,0.8647953427714115,11.275911402551266,3.4951721423636317
VYVRMEK,129.03500922468257,197.1581236858937,2255.73857972075,1.5279428805448572,0.6115906117670161,11.441266215915729,3.5161748202845877
VYVRHES,112.1889615197076,301.86288957199054,5821.416824814973,2.6906647987731303,1.427962672186316,19.284970183215044,4.269405010283073
VYVRSLA,128.62366083557902,82.65032733355588,1672.0332128886268,0.6425748326290345,-0.638063618,20.230206786002466,4.338439161576221
VYVKYTA,90.00653826731566,50.10071658196898,809.4884951363914,0.556634190653705,-0.845198568,16.15722389543072,4.014107433054578
VYVRTMT,126.27395622417323,80.49915023022125,1688.5947462058425,0.6374960652005841,-0.649511658,20.976553682574217,4.390705766440757
VYYRGET,95.17068709223226,73.48534964280674,1108.6295739282184,0.7721426826685645,-0.37306063,15.08640265463769,3.9151769318303775
VYSRQAV,97.46512896939812,317.2138916465231,3827.1158092409655,3.254639838891725,1.7024979024097753,12.064779979767048,3.592729700868436
VYSRHEM,138.9229766115932,452.4757829069192,4153.23622651747,3.25702625975234,1.7035553514997823,9.178913841167606,3.198323446812253
VSQRYGS,106.7807809236304,299.2879571158363,269.80936620026984,2.8028260753204925,1.4868822231225756,0.901504252962116,-0.149593797
VWKVTVG,123.8768889561514,72.9859790053814,39.241933309611376,0.5891815626013677,-0.76321581,0.5376639985430351,-0.895223221
VWQKLPH,125.58881502796736,102.63961022353467,158.9229711960057,0.8172671284515096,-0.291120386,1.5483590677117125,0.6307400742838878
VWVKSSP,192.66210068376915,479.5104906041584,6582.655485156652,2.4888677581234058,1.3154895771377573,13.727865425556898,3.779035410148552
VWSKSNL,101.6405218351146,93.68901840496534,32.26843545200085,0.9217683726275184,-0.117523828,0.3444206802607581,-1.537756325
VWSERKI,140.7816548494626,214.05494727447,69.18174442,1.5204747202564022,0.6045218300063898,0.3231961947328988,-1.629517883
VWSAKQH,137.119423360351,193.1516016216656,152.41830572974314,1.4086377909719003,0.4943006930197845,0.7891123058264433,-0.341697457
VFTRMQV,124.24649621075064,104.92388636419666,2143.935422639149,0.8444816519109047,-0.243862017,20.43324448731749,4.352846395097673
VFSRITH,128.66139982594584,101.88103563870727,515.421010487065,0.7918539342532628,-0.33669376,5.059047616230189,2.3388658179899897
VFHRLQE,94.515644072381,166.3295127503925,1416.615652223947,1.759809335087594,0.8154191298715298,8.51692299700195,3.090332306182942
VFSKLSF,103.9321567138548,69.6441476311677,1251.6967970813,0.6700923932802764,-0.577568065,17.972749177866753,4.167739200558546
VKLYISP,81.34251953537431,78.62454467302824,29.197853460121184,0.966586050224765,-0.049029921,0.371357997449076,-1.429117447
VNRNSYP,103.90386209762764,427.1444025147236,118.7791184868045,4.110957897920873,2.0394745967201917,0.2780771977521354,-1.846442646
VNLYQRG,104.14997219890368,58.25315547094928,51.867157039742416,0.5593199329875814,-0.838254349,0.8903750641561117,-0.167514906
VNASWRS,125.14940919821596,353.4960693299584,234.96590923204644,2.8245923939607187,1.4980426927882968,0.6646917168765626,-0.589242719
VTYLHKS,106.10269625698686,253.79346945740107,63.8843293097731,2.391960604306404,1.2581936284825788,0.2517177823619926,-1.990120957
VTTWNKP,86.60644192878154,85.53581099875667,22.383380104713627,0.9876379758112536,-0.017945784,0.261684314947794,-1.934100641
VTVRPQW,101.75378537453425,54.59995471216166,20.927866660114688,0.5365889289640747,-0.898110806,0.383294579097026,-1.383474501
VTFRKTD,102.316213524175,54.17659697200339,18.42214634874817,0.5295015824564568,-0.917293099,0.3400388244811335,-1.556228617
VQWQKRD,109.32742764519236,161.78425633790627,421.711586739761,1.4798139846750586,0.5654158378454414,2.6066293240484697,1.382185438884623
VHSRIMQ,124.26595134667342,318.40385585531976,4918.829691439612,2.562277537851428,1.3574267523368435,15.44839863269335,3.949385392278576
VPRICPA,129.86587335166067,114.9449737434249,45.68736552257179,0.8851053073209477,-0.176078982,0.3974716252017518,-1.331076222
VPWNRTS,80.07383558160842,42.74743672393967,27.102731367229165,0.5338502447578273,-0.905493,0.6340200359206786,-0.657399663
VPHRVKE,128.95806740303482,637.4628970526655,182.26075672412867,4.943179669872006,2.3054393451025184,0.2859158667379989,-1.806337411
VRSSHGH,129.93806401720786,74.42855420158928,98.95931132225992,0.5728002395951706,-0.803895999,1.3295879838566962,0.4109792489321691
VLNHKTW,114.0671319510415,154.64780451888922,69.76791103274955,1.355761312428415,0.4391032082039689,0.4511406498773014,-1.148350809
VLTRYGS,80.6539770860107,60.52379563566576,17.819067029128615,0.7504130338312048,-0.414243209,0.2944142356238495,-1.764080664
VLPFKKA,79.3739910762259,75.76119844909505,31.368981996679214,0.9544839237873102,-0.067207196,0.4140507626441053,-1.272120442
VENTRRN,96.4942972312839,135.43021606810893,40.48812406244682,1.4035048697593069,0.4890340695970805,0.2989593108386169,-1.741978952
VALKTKP,105.47119126852702,73.67943543639439,22.04608621082551,0.6985740328731889,-0.517515078,0.2992162749381725,-1.740739447
VGGRFYA,83.72059188171895,60.78729538994417,43.200351690264085,0.7260734070755842,-0.461812681,0.7106806021412587,-0.492726773
VGYNKHA,113.82954090354583,353.0188829337501,200.096867932663,3.101294094060195,1.632870342436849,0.566816330814277,-0.81904677
VGAYKYG,83.60112062758284,89.2612269664068,24.127748918897684,1.0677037137341492,0.0945113567357418,0.2703049211723035,-1.887340317
VGYHKID,119.24068306873382,337.0854273405899,243.7542090619708,2.826933045546913,1.4992377140847852,0.7231229513095576,-0.467687128
VVWSKKE,126.02393260384775,189.4813752419153,145.55058218643225,1.5035348550623635,0.5883583129686232,0.7681524477041841,-0.380535438
VYNKLKP,68.80277790317592,43.36672277075255,19.505582278225265,0.6303048233282271,-0.665878392,0.4497822531192108,-1.152701356
VYTRTMS,122.96581340259972,503.4943634947188,10172.41544061352,4.094588158793687,2.0337183502433542,20.203633204565595,4.336542849987401
VYTRSIV,92.10067002239954,193.96828771357625,3679.002085023405,2.1060464344765544,1.074537245504434,18.96702872613905,4.245421786403854
VYMSKGY,127.25121095109677,155.07475700680772,128.6476085381339,1.2186505405155137,0.2852844789153399,0.8295844599162346,-0.269539226
VYHRGEI,123.29507591476975,275.4512099750844,1741.293193323662,2.234081190440206,1.1596816168494355,6.321602992708468,2.660290434414276
VYARTQH,101.0755351477812,201.33450032633613,4331.512268801957,1.991921190740842,0.9941605691045244,21.514009083297488,4.42720448741458
VYARSER,89.22067031517126,112.11041252615132,1966.528802332936,1.2565520089696955,0.3294703859259476,17.54100050139603,4.132659133276446
VYVKSDP,134.43707234355685,320.33922284423176,2859.0040382211955,2.382819093423858,1.2526694244918977,8.924926560152816,3.157840297798404
VYVKHLA,89.40245223411523,106.13484954860284,1911.774277829964,1.1871581471912094,0.2475121363031356,18.01269126927528,4.170941844747197
VYVRAQT,96.98023845397086,127.66601081413836,966.0517326946832,1.3164126305456725,0.3966117738251184,7.5670237249059396,2.9197259684221573
VYYKPDQ,101.93173070945016,83.37491182475226,1101.3838330139577,0.8179485548264365,-0.289917988,13.21001496624048,3.723560195969354
VYSKTMM,143.24181438943685,325.2543192297144,6532.595817040606,2.2706660105926426,1.183115517450814,20.084578223316043,4.328016259954114
VYSRLLD,107.0083352504092,95.20010598408857,1360.836138743102,0.8896513132487455,-0.168688093,14.294481341969806,3.837386369354949
VYLSKLS,102.16735927295656,116.21259951673262,34.037794660738136,1.1374728714114255,0.1858321376217333,0.292892464347958,-1.771557019
VWTKSTN,98.8990841564942,166.57811872796034,637.4048266514835,1.6843241790224608,0.7521698382007961,3.826461911797869,1.936011039297289
VWVNSKN,90.7406913807143,213.7511963468531,56.98404224477823,2.355626710513284,1.236110937487673,0.2665905184095928,-1.907302625
VLTRLQT,127.64441323336897,173.4456469508906,2870.4072488128986,1.3588189452035353,0.442353238107975,16.549318471080603,4.048699900521809
VFNFKIN,70.00245848715565,43.61081817757196,11.474874140930991,0.6229898080732958,-0.682719534,0.2631199005303747,-1.926207727
VFSRLTN,122.53760512248653,144.82189104435687,1168.5802069875224,1.181856711656763,0.241055133727669,8.069085402493487,3.012405159244897
VFVRSST,73.50658222390194,118.25012929645602,2131.700763499092,1.6087012308131086,0.6858964125450826,18.027048056369264,4.172091268523659
YHRLSNN,85.91513515381492,708.9167266292857,14611.22935404305,8.25136019817816,3.044631960499685,20.61064269637936,4.365317587655002
YSRIGPN,118.418567538496,655.9345740441895,13818.41174295547,5.539119309401843,2.469656613646314,21.06675313325463,4.396896073992397
YSRLNKD,89.70511415998271,1637.858777586148,32973.60855363392,18.25825420237628,4.190476920779967,20.13214387276413,4.331428907976959
YKKYVYE,125.9588433445698,376.6017944639672,175.49873963913743,2.989879745352575,1.5800874595831176,0.4660061163248889,-1.101579205
YKTHEHR,115.79340712741116,138.42650887321815,146.86296451480715,1.1954610569572677,0.2575671339393629,1.0609453760718317,0.0853503794393453
YKMWSSE,114.9708180012488,68.2690875514483,18.26754615400328,0.5937949189046108,-0.751963347,0.2675815190914434,-1.901949617
YKLYVSH,136.1597043630966,123.28816923301906,85.23271580411155,0.9054673687029088,-0.143265445,0.6913292356788806,-0.532555158
YKDYRIH,114.30145626814114,306.0967385049453,190.4901993028168,2.677977591001722,1.4211438884120553,0.6223202515427627,-0.6842709
YKATYKA,114.45483876874792,93.68891985796432,42.06690538819469,0.8185667016425542,-0.288828114,0.4490061946702939,-1.155192746
YKANYHL,85.20128884111968,89.12153128454503,41.63487254819458,1.046011539223728,0.064898766966329,0.4671696272280576,-1.097981614
YKAMIKS,123.1329806374551,494.9761519503063,161.3545676339219,4.019850322698535,2.007141784309503,0.3259845287457834,-1.617124599
YKVISKP,95.5711009570271,277.99680792207414,116.09068556126752,2.9087957043319355,1.5404219740947436,0.4175971890792686,-1.259816094
YNYLKTT,100.38671475817044,182.98609863623287,109.04978829943376,1.822811903716968,0.8661656971009146,0.595945752776659,-0.746747083
YTRDSLR,129.17640587766715,279.7583270182129,90.27995914973644,2.165707623752515,1.114838488452355,0.3227069596532831,-1.631703403
YTPMHRP,99.37972275035474,132.42016522354095,46.22785087227223,1.332466639660335,0.4140994133603754,0.349099782455596,-1.518288637
YRSLIPG,68.10682506994816,116.96382019671734,709.1504633001438,1.71735828349936,0.7801910526805116,6.062989923785394,2.600029424794582
YRIYKAE,79.77246656240217,58.67266676394413,82.23360644239179,0.7355002207189785,-0.44320232,1.401565856436007,0.4870395349672187
YSKLSPV,94.0549959647389,258.01484485975647,387.8017768711569,2.743233809254385,1.455877590132416,1.5030211811337673,0.5878653403928861
YSRMNDL,102.49450645206126,269.5981657348991,1175.8919883943342,2.6303669832392003,1.3952640953213988,4.361646842770476,2.1248729614482063
YSRMQKE,121.01653214217124,607.1523091220752,1447.2301170402998,5.017102195663544,2.326854325320742,2.3836360255846727,1.2531639572040554
YSRVQWE,43.4772342514864,148.32327409964606,2688.4228929829187,3.411515857740541,1.7704129223901384,18.125428455528773,4.179943193372769
YSRLETK,101.51790351301835,318.5832232785528,928.9606130723532,3.1381974238435557,1.6499361150341116,2.9159119036852665,1.543947133232649
YMTHEKR,109.53650533637956,91.38918137571504,100.11020711922052,0.8343262467162408,-0.261316464,1.095427331903237,0.1314937824750044
YMMHRRE,110.96367376467408,173.5601958522772,103.38610493469456,1.564117246337342,0.6453486612191226,0.5956786602308854,-0.747393818
YMFTKTT,76.694976442551,57.70170668643302,39.98885158091201,0.7523531444025536,-0.410518092,0.6930271889222004,-0.529016141
YQKRDFL,101.1539867080167,115.90581629970356,66.49869811092812,1.1458353750729404,0.1963997835133055,0.5737304669765584,-0.801554963
YQEKKYW,102.3040215383213,162.5710394857188,165.97460475345804,1.589097251908348,0.6682074195590009,1.0209358645826845,0.0298922386400475
YHRGSRD,85.55811528386823,120.6240469978404,337.1028148025763,1.409849277273453,0.49554093669994,2.794656813401491,1.4826711295791122
YHPSRKD,140.40340726622165,373.5477026364538,151.86889272162804,2.660531606103851,1.4117145422911932,0.4065582297783016,-1.298466096
YHRLNER,119.3509891510817,89.2813434999588,1538.4208155802328,0.748057005098978,-0.418779881,17.23115664787171,4.106947641147936
YHRLHSD,83.77283449273277,502.15488355269713,364.6539800845133,5.994244871781898,2.583578020803348,0.7261783008155208,-0.461604274
YHRLGSQ,130.54975547389606,272.7677026581079,4347.792235951145,2.0893773540054537,1.063073075261802,15.939541938367784,3.994538265449085
YHRLSLS,90.69291435293452,260.5334461441168,5082.6057878021575,2.872699019575467,1.5224068457376696,19.50845798504757,4.286027841812017
YHRLGDD,108.92775868032147,893.0457441260756,16283.445375014977,8.198513904494854,3.035362424740811,18.233607272771643,4.188528102216964
YHYKPTG,86.44871154462994,386.7537938377506,906.6629108828312,4.4737947729629886,2.161499076955925,2.344289636789421,1.229150825624308
YPGMKRD,134.45155059672888,922.7365398826408,412.1528340027396,6.862966888721702,2.7788323942280173,0.4466636100215124,-1.162739373
YPYKKFD,123.0095442421314,157.18723223085271,219.1862143933433,1.2778458224464773,0.3537137794695862,1.3944275962021897,0.4796730262902978
YPYAKHH,131.1509242778256,78.3953149423233,138.44276511801516,0.5977488559383185,-0.742388631,1.7659571266455112,0.8204503181128074
YRTLAKV,96.5868278841747,52.85591873538253,28.34810056653564,0.5472373396377244,-0.869761422,0.5363278369723806,-0.89881296
YRLGVKL,113.1206404362536,332.161436024843,87.1887703317637,2.936346848319203,1.5540223928387835,0.2624891419521762,-1.929670349
YRLTKHE,99.61622286278988,87.35883652733058,58.7277096925473,0.8769539138987184,-0.189427067,0.6722583773671721,-0.572912266
YRDYMPR,88.75565062352659,69.98880744275824,17.94032374150748,0.7885560744704428,-0.342714746,0.2563313249219218,-1.963918301
YLKSQTF,116.66419845539556,967.277305862779,19808.03553292077,8.291123743781602,3.0515676517462813,20.47813529053353,4.356012446476279
YLKADHW,92.290268526885,95.09468089210792,48.80130561287019,1.030386869709952,0.0431861143211522,0.5131864911375953,-0.962444901
YESRKTT,158.74262921818334,81.24945349142673,27.07268690496789,0.5118313454400056,-0.966259592,0.3332045415890033,-1.58552003
YEWKSKM,116.98654570619624,82.7483909483173,63.822877120344565,0.7073325436596295,-0.499539455,0.7712884370187553,-0.374657612
YDKKRDY,91.60516535459578,178.96629542654725,72.94574907064349,1.9536703496334948,0.9661870563183896,0.4075948987868638,-1.294792099
YDYRKNS,93.39360939071338,120.71173554532386,115.31745564057952,1.2925053045152666,0.3701702014548448,0.955312713545412,-0.06595503
YAKSSPN,108.39849531939376,1466.8211386028504,12060.892981305093,13.531748150939682,3.758276326350675,8.222470118472055,3.039571860128417
YARSGTN,133.32937093974206,1637.776667092144,24978.473278418805,12.283690049301544,3.618672109678073,15.251452643276348,3.930874755362429
YARYDKS,98.9675322918366,121.42013680384817,66.950968090047,1.2268683879658944,0.2949804925109925,0.5513992147629101,-0.858830882
YAPWRKE,90.612730147399,128.76538165983058,350.7256464542113,1.4210517821322564,0.506959126335994,2.723757285795574,1.445598150420424
YAGHKYQ,118.30836244194847,422.69324107637885,306.3541748357806,3.572809498430729,1.8370589917300029,0.7247671480519929,-0.464410532
YGKRHDT,121.2647366959929,65.90316562453789,54.23347344517308,0.5434652102511481,-0.87974041,0.8229266823713882,-0.281164194
YGYNKTN,92.14531860426295,410.0992099272078,235.04245507789565,4.450570209523756,2.153990186809708,0.5731355959442483,-0.803051594
YGLHKVS,112.99747792372972,443.0166808005147,193.0955873304026,3.920589104648328,1.971070448855529,0.4358652748277695,-1.198045825
YVKSQPS,119.34015625862384,588.5515200433678,205.50164769934932,4.9317140055348085,2.30208913900271,0.3491650954944553,-1.518018749
YVKSNTQ,102.65766611404398,838.2908766501072,11646.090858384949,8.165886761139076,3.029609561406337,13.892660868413447,3.796251040788045
YVSWRNA,81.62173522519764,68.07619379943652,65.35246366269338,0.8340449221229073,-0.261803005,0.9599899761615978,-0.058908753
YVYHAKA,133.74281378139128,395.52638570783,120.9266190398663,2.9573655176294995,1.564312565366322,0.3057359089292039,-1.709642087
YVKWAHA,97.46258720018618,280.12183088101307,125.1945704005197,2.874147290032928,1.523133996783134,0.4469290023086362,-1.161882427
YVRSNNY,101.21421713455427,279.04032964036514,3664.309892054276,2.7569282017901564,1.4630616959770226,13.131828996822572,3.714995963203435
YVRSQSN,142.67828485217805,546.7656971213413,9290.000154640671,3.832157764496667,1.9381569560041023,16.99082477842238,4.086683981244624
YYERKQN,122.65893596665671,320.15880195337974,679.59598486018,2.610154730515605,1.384135332592431,2.122684057766871,1.0858896551751225
YYSKAGP,96.3180132765193,288.44509935868086,76.62018839538088,2.99471604060794,1.582419212954476,0.2656317911648894,-1.912500274
YYSSKSV,121.28863532711745,236.6050514763905,66.0118675378172,1.9507602739387973,0.9640364981676488,0.278996019425241,-1.841683556
YYSKRDP,92.95101148251628,238.53957836905388,206.8057266792383,2.566293519182653,1.3596861877509805,0.8669660946548714,-0.205952521
YSKWTMS,112.12631274811184,287.5718027581527,135.59812284349502,2.5647129180478228,1.358797346343795,0.4715278811863649,-1.084585016
YSRVQNL,104.57098913096344,469.0501234826888,944.0138922275974,4.485470849809559,2.165259435987475,2.0126077043074013,1.0090659908359063
YSRNAPN,88.62829630138499,636.409813728597,5053.658578325486,7.180661710617265,2.844116797062045,7.940887254263283,2.9893002121304715
YSRNSPT,114.42195544086232,491.6418012584756,510.45527191716366,4.296743569572843,2.1032436793821003,1.0382666213705394,0.0541769677192764
YSRAGAT,111.65150323864964,295.20223315792646,784.6648482889955,2.643961116465634,1.4027009599414075,2.6580586464236458,1.410372936055458
YSRLNYQ,79.62911124173804,53.84429619987535,977.6035999331228,0.6761885868148754,-0.564502429,18.156121798011096,4.18238416644265
YSRLNMN,117.1692175003833,912.299134790916,19369.364361518,7.7861673420148225,2.9609133517363824,21.23137425309204,4.408125851149691
YSRLNLD,107.77751806210657,2080.455012394848,37028.24261041714,19.3032373523019,4.27077091753321,17.798146265990766,4.153655082588605
YSRGGPN,110.10866851144054,469.45083626186494,7125.445599732001,4.263522959712186,2.0920460257710234,15.178257336743451,3.9239342548133176
YSLYSKS,66.87333261287257,79.55122986800404,28.78589369704605,1.1895807605181483,0.2504532195090935,0.3618535344432669,-1.466522232
YSALGPN,101.03542024404132,395.66497032837896,5611.534250678455,3.9161015945961166,1.9694181929596783,14.182539955511368,3.82604402330916
YSWKKVE,151.86384626689198,196.13322883295515,621.1466130837781,1.2915070548671754,0.3690555242101441,3.1669626650199234,1.663099859690669
YWKHAQN,102.14191008398468,272.24618345243795,1281.3423566609397,2.6653719636590654,1.414336881082053,4.706557647243541,2.234672265579264
YWNAKLQ,125.90235389040328,74.79154423485703,77.07527624153101,0.5940440502007001,-0.75135818,1.0305346283465242,0.0433929835811388
YWTKTEK,117.88067494753447,63.09789224642262,63.29616882087858,0.5352691802494837,-0.901663507,1.0031423644657038,0.0045263656048942
YWTGSKN,104.55741023921696,293.7758804219636,255.8190056702804,2.809708845598161,1.4904206397791284,0.8707964905179961,-0.199592502
YWSTVKQ,97.3490713837238,95.03676349073407,193.08235508980508,0.9762472526946332,-0.034681512,2.0316596230534545,1.0226587184163085
YWSQKMD,108.83855145837887,140.33571587109233,205.8599655238304,1.2893934547149717,0.366692565135694,1.4669107165343884,0.5527810641040339
YWSGIEA,77.51163644029457,126.19087205858416,1245.6002554508425,1.6280248728303666,0.7031227411489424,9.87076351190102,3.303161682678695
YWSSKSP,156.57450890729754,273.77800648453973,166.34675348273467,1.74854775783863,0.8061572007002096,0.6075972121308009,-0.718812845
YWQKQTG,119.39242101226176,159.3441042710032,130.1093131948909,1.3346249529075078,0.4164343826630899,0.8165304501860233,-0.292421407
YWPGQKE,93.22109524178342,197.17261915369207,62.465129824286144,2.1151073010062174,1.0807308542212808,0.3168042809006652,-1.658336265
YWRTSNP,102.9434443938523,52.205137408362845,624.4053760716043,0.5071244479505729,-0.979588268,11.960611676727044,3.580219267066805
YWDKTRT,80.96078457350114,129.48973441353567,59.90501799375713,1.599413037999613,0.6775425535305871,0.4626236841481637,-1.112088968
YLKEHRP,42.89306776508187,149.9045290316591,68.00092532990458,3.494842799602515,1.8052275636595283,0.4536282243716806,-1.140417689
YLHRLGG,112.52224831863926,140.68429257625124,166.26206144997263,1.2502797862504758,0.3222509757425169,1.1818096989033668,0.2409977440165917
YLYSKSH,120.35372762490522,178.13425380867773,83.13372294702047,1.480089211394029,0.5656841359602245,0.4666913924163565,-1.099459236
YFTKQRD,96.10943578624092,214.4901917441732,614.1173162624904,2.231728757842523,1.1581616940601027,2.863148712156314,1.5176026059707144
YFEGRRE,156.65627978644224,359.3017470787683,444.7964029591489,2.293567468655437,1.1975933470374671,1.2379466745583008,0.3079491707660491
YFVSKSQ,77.17886118201723,68.99868588225632,25.6357909988838,0.8940101580344788,-0.161636871,0.3715402789356063,-1.428409472
SWVRSAP,132.33385162646883,183.3742330279907,2916.993838637642,1.3856940667425794,0.4706087747100827,15.907326729990384,3.991619502056429
SKPNRPP,123.41337553710596,475.98952437039696,232.18718459802844,3.85687144767614,1.94743106069551,0.4877989382332481,-1.035641477
SKLQQTR,108.1215288939388,156.42845699742284,100.33177057335809,1.44678362022489,0.5328491697125656,0.641390783359904,-0.640724472
SKGWSIS,99.73725201166332,56.2839990370087,22.94115977804353,0.5643227370093055,-0.825407617,0.4075964780498081,-1.294786509
SKYRPDH,129.9936524975234,287.1093120151697,289.67240542622585,2.208641010534261,1.143158944084745,1.0089272388731187,0.0128221348982009
SNKWTRE,107.8785915238273,914.1256085876844,383.1595216413209,8.47365168264901,3.082983826596189,0.4191541272247026,-1.25444726
SNTNKRE,156.82553126242345,498.90537737800486,132.44398452231212,3.181276501102128,1.6696057693728108,0.2654691461101721,-1.9133839
SNWNKLP,120.3923656809682,290.26292680635214,207.6851009233819,2.41097452620484,1.2696164078412686,0.7155068103545248,-0.482962596
SNFMKIT,111.48703712637594,190.96509105958816,52.718834640665214,1.7128905385037725,0.7764329595926316,0.2760652973176913,-1.856918549
STWTKSQ,89.82557310490306,89.47159155137486,185.2461841734477,0.9960592341212808,-0.005696555,2.0704469537359103,1.0499422403496643
SMYRPSA,103.61908857281362,422.967011504292,655.5371865012411,4.081941052850229,2.0292553486188694,1.5498541698791306,0.6321324746673215
SMYSRLS,98.2684215877701,137.21258384580474,82.8214746751557,1.396303935982639,0.4816130097483668,0.6035997016733385,-0.728336002
SMWTTKA,96.08548744113313,50.66520022281731,36.36940105576513,0.5272929510177841,-0.923323384,0.7178379024620137,-0.478269994
SIWTRTP,109.19323749631644,54.79079873279967,17.54448971416357,0.5017783151145052,-0.99487797,0.320208686858599,-1.642915648
SQSYRSS,94.3971934545318,168.03735119249214,54.213167918407066,1.7801096096509534,0.8319660773890112,0.3226256991893674,-1.632066732
SQWTKVI,110.00514316770028,181.39516270971285,259.8165078151874,1.648969834375654,0.7215650069047226,1.4323232435419042,0.5183571135724532
SHQQKSW,93.6521137451732,380.957625251416,101.8059970484938,4.067795269287774,2.024247070686095,0.2672370633907278,-1.903807984
SHRGYTT,94.36422746716023,47.42586089442398,22.60975259107596,0.5025830462176855,-0.99256609,0.4767388965570526,-1.068728757
SHYNPGR,94.0106437040288,286.6992823503616,236.9236421158648,3.0496470511676246,1.6086422830050864,0.8263837989881385,-0.275116124
SPLAKKI,140.18791988871735,396.8745322207469,112.87349621068816,2.8310180544499848,1.5013209498732618,0.2844059949604083,-1.813976219
SPHVRHT,96.61947570349824,121.802732399485,31.24390848910481,1.2606436902355802,0.3341605683159148,0.2565123776257495,-1.962899652
SPLHKYS,126.2984255961179,455.8077028187807,260.1009540227574,3.608973751394025,1.8515886503364525,0.5706374692973715,-0.809353614
SRYSPSF,121.5820408773082,62.04782709649656,42.30037508440444,0.510337107756817,-0.970477548,0.681738218142902,-0.552710232
SLMYKHT,153.04737832282467,165.91941333543025,46.9619608937422,1.084104903681881,0.1165043661926734,0.2830407843764597,-1.820918144
SLHRLQQ,143.70832226850396,95.73159965608232,105.14125440663048,0.66615209296799,-0.58607649,1.0982920455142555,0.1352617306565367
SLRKHSE,94.12840606791448,50.31178508440271,65.27928862563861,0.5345016152520665,-0.903733787,1.2974949808703176,0.3757289577835354
SAWTKAM,90.40587640769692,125.80870413501412,223.0248889826806,1.3915987448389262,0.4767432828233344,1.7727301979307966,0.8259729808354378
SYNHKSY,159.69195785696152,473.5536293191617,330.43134929567174,2.9654193966569737,1.568236158291855,0.6977696481193483,-0.519177251
SYTRSTP,124.69665711075038,278.2370842860753,2683.5799876801307,2.2313114940920724,1.1578919298136294,9.644940014,3.269772265603835
SYSRSQI,131.86169220890892,427.7357163201265,8848.410137466097,3.2438209244460734,1.6976941775870529,20.68662914939691,4.370626674563545
SYHKLIS,120.34475397216032,226.80078615958905,3976.83273626124,1.884592212570026,0.9142523873942876,17.53447509420417,4.132122338120045
SYHRPTP,125.15217226171464,369.0958602308481,880.612477688233,2.9491766188365105,1.5603122243967766,2.3858638705334188,1.2545117299949915
SYARPSH,133.462606584474,149.30498586570124,76.5047582614513,1.118702756424886,0.1618267576746003,0.5124059174438206,-0.964640958
SYYKSNS,75.02700054180683,134.51562708621557,186.7755629358328,1.7928962388848302,0.8422919968633364,1.3885045699271956,0.473531925446606
SSMRKGE,134.06930248177585,471.28260426455176,129.87203868763197,3.5152163511003094,1.8136134856147423,0.2755714671249122,-1.859501577
SSWRPTG,85.36270129320593,434.15417882663377,129.9869139053936,5.085993908925049,2.346529734232328,0.2994026551965999,-1.739841079
SWKMPER,134.77310162119684,191.01990515883725,129.1473560384892,1.4173444319455657,0.5031903933139976,0.6760937083028092,-0.564704873
SWTKMQV,135.4858092475948,115.14408151530834,463.4030141363714,0.8498608242054873,-0.234701494,4.024549139112827,2.008827170506966
SWQEKKY,133.86951123723824,157.80145096526817,72.10461147567669,1.1787706514115728,0.2372830463430674,0.4569324998890333,-1.129947035
SWPHKGG,94.767696604568,106.6630839077201,156.6071110099114,1.125521540876817,0.170593668181473,1.4682409815320971,0.5540887763070729
SWPSKTG,105.4569779488394,136.6426933367672,39.69088128123146,1.2957197901409332,0.3737537575104291,0.2904720355841494,-1.783528816
SLYKPRE,129.1094672397749,531.7820809563988,160.82317664881285,4.118846528650009,2.042240371294663,0.302423083454741,-1.725359833
SLYRVNN,200.5336448840624,153.2122271344775,43.120386060915,0.7640225520413618,-0.388312871,0.2814421986247048,-1.829089437
SFHARPH,101.0543935599614,125.8122790508056,61.70473821136074,1.244995636692965,0.3161406861227121,0.4904508421347577,-1.027819552
SFVHRAN,111.4004343397996,94.96141458710883,28.445598806641243,0.8524330730834713,-0.230341526,0.2995490213611748,-1.739135975
SFVKSLE,93.59812207069986,122.31168962504806,471.0582929454663,1.30677503906178,0.3860108029818873,3.85129413541352,1.94534331048822
SFSRLMP,100.48719270305476,91.1761541433433,839.7596902843417,0.907341042084576,-0.140283177,9.210299536917372,3.203248076338126
SKKSPYG,97.03652534507796,209.64389995795185,185.84087003305208,2.1604637966211526,1.1113410555641925,0.8864597065324872,-0.173873039
SKVYKFP,104.87808154526988,87.04260575929634,375.1044454197825,0.8299408654011755,-0.268919549,4.309434927270896,2.107498708973338
SKYKPTS,115.647202968095,107.62788626968369,97.57024167947957,0.9306570630971188,-0.103678446,0.9065516852667472,-0.14153882
SKWRESA,108.54671890438895,217.77740083280528,126.66424794192098,2.0063010934916403,1.0045381331138967,0.5816225533849823,-0.781844882
SKWMTRE,81.75161454807048,277.3081611274699,102.07505976540254,3.392081766952882,1.7621709468337876,0.3680925197094428,-1.441859663
SNPYRRE,129.4623877415016,251.8157130111373,117.62178939575983,1.9450878158831688,0.9598352907791854,0.4670947177571785,-1.098212965
STLHKHT,122.71411765383613,271.800055366259,94.97048259977797,2.214904532280295,1.1472445164895464,0.3494130362549127,-1.51699466
STYKMRD,191.40304069198191,871.0418605981495,281.6383103537954,4.550825616192201,2.186128304505426,0.3233349889296856,-1.628898461
SMYTTRH,93.78812672227087,195.1672175589285,66.98386624472896,2.0809373678703,1.0572335434381106,0.3432126925952815,-1.542825188
SQFTKSN,117.79235061426613,460.9440491046301,218.4875706842406,3.913191703034102,1.9683457880414423,0.4740001983074651,-1.077040432
SHLHRVN,127.94686716744184,174.8630408530773,44.21379788471929,1.3666848178801994,0.450680569857263,0.2528481585875452,-1.983656823
SHYSKST,104.82316102985692,267.8588907657131,226.5378192681013,2.55534071033613,1.353515662333785,0.8457356730646888,-0.241721262
SPEYKRF,110.65711508823784,193.40321936042605,48.60274425921372,1.7477703011343335,0.8055155926248786,0.2513026640401352,-1.99250213
SPWRPSG,107.8325711921264,96.71065335881754,203.0899666879852,0.8968593838545051,-0.157046288,2.099975128225815,1.0703722409400804
SRWNPNG,109.48855742893863,1310.3534679090374,459.1701302307809,11.967948968178671,3.5811040235283134,0.3504169992875966,-1.512855331
SRFHTGT,77.0867848323616,375.5998987062479,140.84861830507074,4.872429165687143,2.28464121204967,0.3749964224969792,-1.415051263
SLWNKDK,126.95622756742873,102.27976570825744,81.20252349397191,0.8056301582680128,-0.311810404,0.7939255915543822,-0.332924294
SDTRKVY,116.29618897301344,134.94538311434766,422.42695170010376,1.1603594606669507,0.2145717982731632,3.1303549773329777,1.6463262657840236
SDYHKMY,115.5067997303592,107.14612539921518,108.2043551654806,0.9276174705674358,-0.108398103,1.0098765098814593,0.0141788875572655
SALTKSW,94.14637683272451,201.08822627531524,61.43493425549545,2.135910409304446,1.0948511344960266,0.3055123385064984,-1.710697449
SAWAKVN,120.11525745045326,361.09448992374206,606.3399895035883,3.0062333261258765,1.5879569870923358,1.6791726443448045,0.7477505687713131
SGNYKID,96.91362239189506,178.2822895348322,58.05402074948668,1.839599894573149,0.8793920201501197,0.3256297689521442,-1.618695499
SGVSWSK,67.15163246851903,56.80590313257201,24.159249241750786,0.8459348052216432,-0.241381613,0.425294694908179,-1.233465236
SGWHKDT,116.7553371239796,151.6608413221799,134.29566734144487,1.298962814531853,0.3773601312797408,0.8854999495628182,-0.17543587
SVYMRKE,96.923614772772,253.81129398823,92.6975879453846,2.6186734221919594,1.3888361507301772,0.3652224709499462,-1.453152563
SVFVKHS,99.5040696057119,150.34509421917346,63.03487110681544,1.510944173589289,0.5954503567477645,0.4192678945341778,-1.254055735
SVFRKSD,102.36792650935772,217.09410470519808,434.3586904064944,2.1207238644748063,1.0845567824489473,2.000785286161178,1.0005663530451776
SYKNKSD,103.6004166564608,107.59599268056468,45.84763634048375,1.038567181031262,0.0545945417538877,0.4261091440142949,-1.230705084
SYSLKVV,114.24358366979985,158.01369214048475,61.84852607776702,1.383129687153323,0.4679364350431126,0.3914124481236698,-1.353238456
SYQTKLL,124.92107385575144,254.52505989907783,117.0573100307308,2.0374869671147917,1.026790831103718,0.4599048521082576,-1.120592676
SYHREVY,109.15421132375292,89.3197403370026,1374.758416604176,0.8182894572164422,-0.28931683,15.391428719085216,3.944055251847165
SYGLRIS,121.63862056898826,132.98842486514775,100.10298272154976,1.0933075715843257,0.128699320111155,0.7527195154244114,-0.409815719
SYYNTKV,102.4782734109652,102.59793238596826,31.3965062360944,1.0011676521375723,0.0016835832197597,0.3060149995809108,-1.708325725
SSTHHRM,129.34255623795357,148.28811133323222,159.0587812389445,1.1464758053832198,0.1972059093696829,1.072633401348733,0.1011570840847155
SSWAKHV,120.05406523747342,113.6106957701388,230.14179148693492,0.9463294353707284,-0.079585594,2.025705325778182,1.0184243242091762
SWTAKAS,155.6645938869378,589.3441711123668,193.8368155890628,3.7859872717133016,1.9206695607862123,0.3289025752527636,-1.604267791
SWHKNAT,102.03608355800856,239.2552408320621,332.881423570212,2.3448101151005374,1.229471096687477,1.39132343522568,0.4764578362392508
SWPPHRG,60.05902736077943,32.19627775286181,16.74612780506261,0.5360772421347447,-0.899487205,0.5201262063150797,-0.943066366
SWRKPTE,144.37713032500156,139.42923519600035,43.41372866772232,0.9657293705875494,-0.05030914,0.3113674733042477,-1.683309852
SWDPNKS,141.23478777113056,146.33637813291566,139.40466987345425,1.0361213440561978,0.0511929723455157,0.952631680871824,-0.070009567
SWSKARE,141.02730873934863,231.31610784283748,165.52792634140033,1.6402220953557558,0.7138911771447695,0.7155918707306996,-0.482791097
SLMSKSW,90.36446292742302,128.08912568982848,158.45410701381306,1.417472328615557,0.5033205716692515,1.237061352089437,0.3069170525861147
SFSRLEP,75.51694522532743,188.72443680485333,731.9315811104494,2.4991005163375903,1.3214089292379092,3.8783084665781167,1.9554275547351367
SFMHKGV,100.6721767780856,138.18811953019147,184.57572796255283,1.3726545303058588,0.4569685736795925,1.335684490027571,0.4175792604846596
SFVKYVA,121.4941249496014,84.36794474376832,857.6122745851584,0.6944199546995883,-0.52611969,10.165143612183398,3.345558692472489
SFVRSTS,127.80332634792836,369.7233642584403,4013.282967298828,2.892908774939983,1.5325208300021254,10.85482648722601,3.4402647597608005
SFSHKVH,81.82287666840746,60.96671901436935,161.15101402351203,0.7451060326495358,-0.424482351,2.643262039171405,1.4023194533086172
WKKYSHE,112.14669105510148,124.30859871936764,119.8190913081984,1.1084464244985222,0.1485390408608785,0.9638841764976812,-0.053068297
WKKWLPE,116.26328218580768,77.24127717319871,81.88146280701046,0.6643651866782374,-0.589951618,1.0600739113027229,0.0841648570078101
WKTLTKG,105.4634535261618,60.941339930095246,29.280905301560512,0.5778432043757966,-0.791250019,0.4804768870383902,-1.057461062
WKITTQR,91.03165071875831,45.83855379284572,27.914083884233094,0.5035452332339181,-0.989806714,0.6089651957691082,-0.715568319
WKATNHH,138.3345658308397,313.84692219682614,125.18138225709492,2.268752717817534,1.1818993713638284,0.3988612709051471,-1.326041049
WKSYGSS,122.01570756444544,311.9649962456643,126.0139717776668,2.556760948838433,1.3543172782770792,0.4039362534072062,-1.307800461
WKWAGKE,153.94622899961178,96.11124682773078,114.45066656180366,0.6243169933572921,-0.67964936,1.1908145023541763,0.2519486966810697
WKFRQTD,135.64058945697286,136.73732336491153,74.20606893613349,1.0080855878931916,0.0116181308886464,0.5426906649188927,-0.881798002
WNYSKVA,124.75999031999994,229.1844458935552,113.7478654871327,1.8370027546949497,0.8773537898579523,0.4963158169117766,-1.010669663
WTNWKVD,116.08910569035145,125.3398954148805,139.4431095606499,1.07968697553071,0.1106131046967955,1.112519753579554,0.1538309523830858
WTQSEKR,99.32436440445792,97.4273189348949,31.24754908569575,0.9809005022993345,-0.027821291,0.3207267676797787,-1.64058333
WRMARGE,140.66500300905622,73.42561553692009,40.41294454775701,0.5219892223810129,-0.937908075,0.5503929963983271,-0.861465983
WRHMASG,113.15479041613726,391.8686257494783,317.31843757568936,3.463120070377445,1.7920724083076245,0.8097571908666938,-0.30443872
WRHQSAS,122.1360839044716,209.153256983119,126.65317744992848,1.7124608084430448,0.7760709707815638,0.6055520209286093,-0.723677193
WRLDRKP,111.15171246626728,204.80755198553,149.6873251862402,1.8425946613074968,0.8817387381213372,0.7308681917980049,-0.452316848
WMDRKTV,153.9453128151138,185.23858627766995,83.98287907923793,1.2032752598329444,0.2669667094887082,0.4533768086166929,-1.141217499
WMGTKHN,107.13817971962456,200.5259594767581,166.9898314872364,1.871657330762244,0.904316325699945,0.8327591695507698,-0.26402876
WQLKPHT,137.63496661593106,148.3898964732942,37.31365906010532,1.0781409704364926,0.108545827490173,0.2514568710331345,-1.991617119
WHKVETK,125.92364265742638,247.480352428302,314.0267711704301,1.9653207865148008,0.9747648134214656,1.2688957652159778,0.3435735623371362
WHRSSHA,99.38926625673167,50.77289207527448,49.09410000725188,0.5108488470387074,-0.969031614,0.9669352680258264,-0.048508784
WHQTNVR,123.09757064182104,71.89623696369263,32.055272066577594,0.5840589427462404,-0.775814123,0.4458546569379619,-1.165354609
WHQLKSQ,102.84461452662714,54.76299744360498,21.710827649132227,0.5324828888286268,-0.909192929,0.3964506813472011,-1.33478669
WHHLGKP,81.90946459465793,167.9462150730651,46.322688908326846,2.05038838801076,1.0358972133330715,0.2758185939955487,-1.858208377
WHLSKGP,82.24930801797248,42.77469538675499,11.114768833638612,0.5200614621269299,-0.94324596,0.2598444882691147,-1.944279638
WHAIRKE,112.97774670112284,499.3450708069866,316.13169165091864,4.419853337383156,2.143998497910707,0.6330926450120382,-0.65951146
WHVINKS,119.32349678138122,86.08219844746098,27.165117904581013,0.7214186708354403,-0.471091333,0.3155718417340473,-1.663959615
WPNRHGG,87.54199574900157,237.833007930312,164.8084079802056,2.7167875931481094,1.4419017756111543,0.6929585149446392,-0.529159109
WPEKFRN,117.90306348975008,92.6038660854218,23.293415411191376,0.7854237484971909,-0.348456874,0.2515382607212589,-1.991150234
WPAKTPT,128.73561152959755,237.5922909115897,87.73428101953535,1.845583270150272,0.8840768314457184,0.3692640055067362,-1.437275454
WPHSKVL,123.9047365514416,219.5623884757314,125.22346032673084,1.7720257884134685,0.8253995996861028,0.5703320190496652,-0.810126065
WPGHKGS,94.66301448935369,241.2885311360445,87.14124514064854,2.548920847678912,1.3498865736605783,0.3611495529040132,-1.469331711
WRDTRSH,129.18650496880895,116.27413404976372,92.57800604847245,0.9000486086208245,-0.151925176,0.7962046486525571,-0.3287888
WRLSRVD,117.22297963189672,65.52952371228567,27.920084169568465,0.5590160215860516,-0.839038463,0.4260687791987404,-1.230841755
WLSPKSV,129.970488984411,153.43387706949073,63.418333168816325,1.1805285820529152,0.2394329714156176,0.4133267983581875,-1.27464519
WLMRKQE,164.24183639843633,216.1031965212333,264.99364282624373,1.3157621788701013,0.3958987486700799,1.2262365716566654,0.2942373377815894
WLNLKHG,90.89923500081692,77.35956457350501,19.716602842678054,0.8510474766130846,-0.232688478,0.2548696202128162,-1.972168677
WLHSKHS,125.78363481848938,150.93387169153723,216.17903219058027,1.1999484027420628,0.2629723719100013,1.4322764649699322,0.5183099954961584
WELRKNG,139.71391294610626,393.1670310622994,122.91099504477344,2.8140864626271043,1.492666655968555,0.3126177561548836,-1.677528372
WEVRKGQ,114.0080563878231,113.4998467064066,31.82347011529665,0.9955423353619176,-0.006445427,0.2803833752975487,-1.834527284
WAPVSNH,135.78206369102938,141.44677292767014,287.0412353688327,1.0417191275685038,0.0589663449036241,2.02932332373262,1.0209987420705688
WGKRFVD,148.36573652193465,256.95066258903233,71.54221892012748,1.731873332836819,0.792333416917541,0.2784278436929051,-1.844624602
WGLRSLG,100.44143676797124,97.98646074368116,26.603756055433404,0.9755581351353896,-0.035700247,0.2715044084001064,-1.880952472
WGYSKTT,111.21089444402116,352.2589408741798,1192.7700065270928,3.167485907160759,1.6633382005138306,3.3860602759068863,1.759607655152619
WGFLKTA,93.66255505514196,62.30492856280112,32.69220282904434,0.6652063733059634,-0.588126104,0.5247129494112457,-0.9303997
WGERRHN,124.6635679949544,331.49882118117785,169.53280678416587,2.6591475481801936,1.410963830268943,0.5114130004447562,-0.96743926
WGVYRRD,159.55970167893574,105.2893918690514,78.36040289764271,0.6598745846298556,-0.599736242,0.7442383463958049,-0.426163369
WVGLKGL,121.96645183542569,103.22241295908334,27.118592033640365,0.8463180768623618,-0.240728113,0.2627199971036328,-1.928402079
WVHSKLN,119.40533443871928,322.2468337481076,269.42930605572263,2.698764131961707,1.432298892877773,0.8360960538291243,-0.258259401
WVDKPSK,106.48955146450446,254.44830130484388,70.78720974660536,2.389420349748188,1.2566606767961273,0.2781987908097612,-1.845811946
WVGAKTY,126.91534562114084,211.30252640731632,82.94845925544415,1.6649091989087152,0.7354434975029988,0.3925578206081121,-1.349022928
WVSTKHV,138.50891038601898,324.8695826216579,137.72468067899922,2.345477859267385,1.229881882212744,0.4239383680293422,-1.238073553
WYLKSSA,137.57390648069108,102.21257260763392,45.30258009342117,0.7429648195821187,-0.428634196,0.4432192531473146,-1.173907542
WYDLKRA,145.79218370246377,158.2421416606768,109.21193647698594,1.0853952361645205,0.1182204817707397,0.6901570929896301,-0.535003311
WYATRPS,106.22728781135916,90.88190537213266,24.394370316801787,0.85554199155986,-0.225089428,0.2684183415490086,-1.897444838
WSIYHKA,105.81458253274393,53.57956159503649,26.26728451170208,0.5063532862160703,-0.98178378,0.4902482164791627,-1.028415713
WSDRYRG,120.13704104424176,206.7228292789276,266.6688333793647,1.7207251608835588,0.7830166844237753,1.289982506090573,0.3673515008830188
WSKRTDM,168.44931606997628,308.4961649264936,105.9693257403771,1.8313886462937008,0.8729379836979941,0.3435028949731896,-1.541605837
WSKHMGS,124.203624263706,663.6440481647946,198.09628673130123,5.343193905161433,2.41770237369049,0.298497797545395,-1.744207808
WSRHQTQ,103.8595465441381,54.07702754161727,32.919545893337016,0.5206745970014002,-0.941546074,0.6087528732603208,-0.716071418
WWSGIAA,128.3832522825085,98.23116038834988,1266.7093235553996,0.7651399901615775,-0.386204367,12.895188436617818,3.6887609501849217
WLNIHKG,94.39221657178102,149.17245400074893,97.43989014067056,1.5803469758262323,0.6602413465966204,0.6532029709733229,-0.614396742
WLNVRKD,103.32532086505609,553.0893012868702,362.1429559406181,5.352892172570269,2.4203185916282592,0.6547639867522692,-0.610953122
WFKRVGE,132.35773730542235,98.23850316621564,64.86846908762047,0.7422195722455212,-0.43008205,0.6603161387533114,-0.598771188
WFNDKHH,106.49970056535898,54.75516309016056,15.95647950050254,0.5141344322987768,-0.95978246,0.2914150666345089,-1.778852626
CTRRPAG,121.78730764767174,70.89844705485952,39.570099575065726,0.5821497200674418,-0.780537855,0.5581236433069872,-0.841343332
CPPMSRP,103.87747708114728,82.85537589501605,44.49948596883593,0.797625993845527,-0.326215668,0.5370742150179862,-0.896806636
CLRMRCD,123.2837643725684,71.45885008906811,24.01074934596142,0.5796290407966181,-0.786798216,0.3360080566092767,-1.573432269
LRSREYP,91.3045171845346,208.2428194906348,206.31424497662863,2.280750459144945,1.1895086075233068,0.9907388186602376,-0.013423315
LKAWSQG,122.9481364593294,256.19624776224146,212.85814684886668,2.0837749569875736,1.0591994782070575,0.8308402199801382,-0.267357038
LKYQSRE,144.3376004309489,1095.2413478153014,345.96901422735954,7.588052901982841,2.9237297368888524,0.315883814026443,-1.66253408
LNYISKG,142.4904227547105,353.3512517302981,716.4078813310575,2.4798245727614483,1.3102380653868142,2.0274666576754314,1.019678189065563
LTKNWNP,111.51866586724633,280.6482314320553,72.30830793841291,2.5166032004556405,1.3314777608520076,0.2576474740975472,-1.956529646
LTRSSHG,86.26045566078908,55.45103345746679,24.546405420114706,0.6428326054237719,-0.637484988,0.4426681323972582,-1.175702577
LRLNFKP,112.07933767112934,201.36712905175287,117.93146813703028,1.7966480997828318,0.8453078632642459,0.5856540175766274,-0.771879469
LSQRWLQ,86.86424190684767,44.42721689710684,24.073063435906576,0.511455760412324,-0.967318639,0.5418539606399303,-0.884024023
LSYKATY,126.51091313945714,289.0899873923241,120.46913933472418,2.2850992077944348,1.1922568013822843,0.4167184772512909,-1.262855024
LHKERWN,109.45725217566788,79.25455889187282,50.69717859509928,0.724068595881406,-0.465801715,0.6396752351402972,-0.644588464
LHRLLSS,103.76017786062872,110.33800739155164,1947.6714387252875,1.0633945475667776,0.0886769742994841,17.651863440071665,4.141748586250367
LHRLSSN,65.5037037545455,416.9055226446792,7921.731615965979,6.364609918958191,2.6700720953945085,19.001263321516426,4.248023435922375
LHHRMPS,131.17554214566965,151.44742404952328,86.7618348027954,1.1545401038353766,0.2073182871003718,0.5728841896605934,-0.803684572
LHRLQLG,105.1991504540058,730.8499788125417,11271.058167783902,6.947299247745135,2.7964522412693698,15.421849209186137,3.946903861759474
LHRSLPD,84.12524882794854,1963.2024328711632,37418.0805113113,23.33666123099701,4.544526264757057,19.059715842236272,4.252454705423124
LPYTAKY,108.80929731418549,257.40495072906424,71.32252549013171,2.3656521738745417,1.2422379672046326,0.2770829593141873,-1.851610108
LRMLQKP,114.76895667526894,69.59254764063665,150.85817668691206,0.6063708310736334,-0.721727739,2.16773464690381,1.1161881667352431
LDHKSKW,111.48241511889373,177.0705919103792,88.58737640368787,1.5883275557094545,0.6675084655455541,0.500294122518801,-0.999151591
LATQTRW,106.75228594822804,227.65291448468028,58.59567554093437,2.132534329008053,1.0925689658769977,0.25739040360442,-1.957969829
LARSGTN,132.09319490839462,1249.0842266574605,6929.565177617761,9.45608308984947,3.241242712417636,5.547716502802396,2.4718940655181867
LAYFNKP,84.16539506476558,77.94171145409597,87.80761614146031,0.9260541270449636,-0.110831575,1.126580549789119,0.1719504690343093
LAWQKHP,117.41099052099314,472.197967740259,375.36486355155375,4.021752696616845,2.0078243709685237,0.7949311288820073,-0.331098221
LAWGRKD,174.30481410154457,154.3026190545385,351.26820707847656,0.8852458829085844,-0.175849866,2.2764889489939266,1.1868104559438213
LAFHKMG,101.42121619989663,84.4033058667428,59.35494637549734,0.8322056176134557,-0.264988068,0.7032301136309497,-0.507931244
LGRFSQA,92.3675411730224,965.8952020243192,244.91744013242865,10.457084704842464,3.386408798471854,0.2535652311132012,-1.979571158
LGYSARS,116.9163706500184,261.7250720028117,135.57574169476774,2.238566511667291,1.162575183833165,0.5180082315282016,-0.948953071
LGFRKTD,120.62665138269244,158.0778183082069,332.47110882963216,1.31047174481118,0.3900862479355096,2.1032116484642254,1.072594037338202
LYKTKIA,97.84646315832912,88.1983166117174,49.00111337727884,0.9013950404012082,-0.149768583,0.5555787826767762,-0.84793659
LYHATRP,84.65024887297228,118.0129672316133,45.21329536454103,1.3941242796427655,0.4793591764375359,0.3831214181387797,-1.384126414
LYLKHTT,107.02309496440864,233.6013795241921,60.27889636135302,2.182719342978056,1.126126638563202,0.2580416968604008,-1.954323886
LYDRKSS,163.36293060592345,241.57079705269425,233.9313113875077,1.478736921262938,0.5643654086580191,0.9683757897958164,-0.046361084
LYSKLDM,90.2585927076575,72.37424751201368,221.1395853804078,0.8018543757537833,-0.318587841,3.05550099631364,1.6114089514476415
LYLKSQQ,74.71570718202135,125.12113687646948,307.31772464067586,1.6746296273640446,0.7438420544662915,2.4561615432258,1.2964054507514202
LSRTGVN,61.57925797595076,845.0093273993597,9769.128700900224,13.722304476766684,3.778450878003171,11.560971440358124,3.5311907239805858
LSRLSIS,103.7214806,530.1815254971749,342.64276388652587,5.111588481071913,2.3537716938329294,0.6462744313189986,-0.62978118
LWKNMTS,103.43953001389598,324.62521624977427,84.52107063612267,3.1383090797702238,1.649987444687515,0.2603650807307901,-1.941392123
LWKTAPS,113.55730856998132,441.6380681889007,664.5282830844759,3.8891206013106143,1.9594439733205908,1.5046897696333523,0.5894660690799186
LWKTLQS,110.21207736300408,67.48430318734084,20.44047009775959,0.6123131402837882,-0.707658451,0.3028922154091968,-1.723123595
LWKSGRE,182.46953777505715,916.3789985031476,326.81356591570403,5.022093055515006,2.328288760884649,0.3566358094735204,-1.487476525
LWQRPQG,112.41679349100416,65.95854759241284,56.476993769757485,0.5867321557938849,-0.769226034,0.856249808876234,-0.223896334
LWAKSNI,97.08501808899696,140.8527082286454,61.35987781164837,1.450818169488592,0.5368667182916227,0.4356315088528026,-1.198819788
LWATQRD,114.92828762698056,172.38803023581207,388.3821765692296,1.4999617047747804,0.5849256680299728,2.25295327081559,1.1718173905099785
LWSKSSP,85.80159875256216,260.38339548683217,74.81163686523355,3.034714961870763,1.601561016511552,0.2873133931038887,-1.799302849
LWSQKNH,102.7839408954623,67.9050944051114,74.25944875896484,0.6606585991305308,-0.598023155,1.0935769902025956,0.1290547928354674
LWSTKAL,119.326358626796,63.32356061029801,43.961117891164896,0.5306753791787797,-0.914098479,0.6942300380376227,-0.526514306
LLKTGRS,150.38642493261096,252.0744536,103.8733633059786,1.6761782436576709,0.7451755724071111,0.412074138481503,-1.279024171
LFTKKSP,93.85860186131994,115.18712510188358,179.49016367585511,1.2272410074047069,0.2954185954102836,1.5582484892916215,0.6399253140691616
LFSKKTP,71.36362875397246,62.11905559960139,109.84434042665592,0.8704581967623602,-0.20015308,1.7682873534761334,0.8223527372571167
FKLLKTN,93.93138105713469,57.21651179298294,28.003577291539745,0.6091309544163993,-0.715175675,0.4894317464311782,-1.030820412
FKAWKME,145.988044714063,373.88466414343975,411.7309973654514,2.5610635780193003,1.356743068067998,1.1012246204553926,0.1391087702330279
FKAYLAP,98.76251559463158,174.36272387008262,43.820270108783575,1.765474712954359,0.8200561574007662,0.2513167329356129,-1.992421364
FNTHKLL,134.44003928681107,185.70449476626632,90.72880423661496,1.3813183613409166,0.4660458651390212,0.4885654725310185,-1.033376185
FNLHKHN,89.03958202433422,187.0114044027592,176.4100596860827,2.100317635719018,1.0706075263788708,0.9433117742175507,-0.08419342
FNYVKKD,109.60794763601426,408.6254316403279,130.60272537229525,3.728063890013615,1.898426584513648,0.3196147749493276,-1.645593993
FTKPYHT,125.4440307200466,209.2340861896312,89.19645130451993,1.667947729267237,0.7380740778062259,0.4262998105561069,-1.230059681
FTYRKDG,79.80784009195334,277.204476576898,121.04815109801356,3.473399057755571,1.7963481710343308,0.4366745897930482,-1.195369512
FTKFRHE,125.99569342606846,75.75398358138489,80.18329262348873,0.6012426418831187,-0.733980762,1.0584696517952128,0.0819799053094026
FRNRILD,107.8366132683354,58.600906761436846,16.345901178669408,0.5434231007943211,-0.879852199,0.278935976967272,-1.841994071
FRFTKEG,124.57327741597884,319.1657831496332,157.19179340897517,2.5620726191851344,1.357311367894038,0.4925082878802191,-1.021780093
FSKWNTD,98.3152424989804,66.10988428100181,38.44554051459479,0.6724276175353727,-0.572549116,0.5815399759464258,-0.782049727
FMNLYKG,122.24431576874308,179.3017639706196,65.5655410485226,1.4667492949922964,0.5526222985636586,0.3656714780523084,-1.451379992
FMRREVL,120.65684165012368,63.39965863554735,17.215274738350587,0.525454319609918,-0.928362746,0.2715357638960253,-1.880785867
FQLYSKP,101.98324328086584,107.59184932983965,40.87460114759785,1.0549953685384126,0.0772366654714833,0.3799042529912314,-1.396292232
FHKAGPH,99.16906722569036,194.8392408242161,60.73080575391528,1.9647178931389784,0.9743221758999524,0.3116969943888592,-1.681783851
FHRLATG,119.16050458766286,250.8492242768017,193.64388241187748,2.105137311601927,1.0739143389003796,0.7719532837709696,-0.373414552
FHYGTQK,131.85653455540162,158.83232640166418,82.82244360260923,1.204584413940655,0.268535497193102,0.5214457628301883,-0.939410893
FPGWKHT,99.58212576714864,296.05278110008,138.79160060765938,2.972951007215247,1.5718956885297826,0.468806947504206,-1.092934145
FPYTRQN,129.99882186569235,96.15330072025564,49.307410304760914,0.7396474778794223,-0.435090261,0.5127999760321678,-0.9635319
FPFRPSG,144.09772341186434,152.88979803082103,93.68005166190598,1.0610146670660918,0.0854445996619706,0.6127292524974167,-0.706678366
FRPKQQP,117.93724480271096,136.54747375235084,40.872247618321126,1.1577977252289693,0.2113832271621474,0.2993262818794365,-1.740209137
FRDYKIS,101.01410043967044,464.5005748179266,218.42187827833905,4.598373621070302,2.2011236907987586,0.4702295112636951,-1.088563011
FRLRTPE,79.09310355369387,134.25878844629105,35.61779224426302,1.6974778130326735,0.7633927177766809,0.265292072544745,-1.914346529
FLERKSV,93.77906885220632,143.17474245495592,59.14672801357286,1.5267238650086838,0.6104391488359305,0.4131086740538818,-1.275406742
FETKHYK,84.1988983351827,74.64860976833835,106.43752120764024,0.8865746612405052,-0.173685965,1.4258473337675597,0.5118195199254069
FELRKWD,131.42034638811347,146.51105131041697,54.41719496698914,1.1148277670623186,0.1568208412682297,0.3714204114998393,-1.428874994
FEYKKTH,109.4535368665012,59.28457652201735,72.7286866280084,0.5416414875137917,-0.884589847,1.226772474304478,0.2948677016247003
FDYRKTV,139.28399671752257,200.75288494514768,418.2431173145571,1.441320537005326,0.527391213877141,2.0833728861671648,1.058921078878633
FALLKYN,121.73728458037452,63.74671185521154,40.445235132955226,0.5236416441761857,-0.933348258,0.6344677859592012,-0.656381179
FAFSRKD,127.97769436242788,231.20262835320577,164.5124447449218,1.8065853546200703,0.85326541850026,0.7115509279314849,-0.490961076
FAYRPHP,91.99201142625208,63.22785758898721,36.76235514016269,0.6873190031253481,-0.540948247,0.581426550605849,-0.782331142
FGNHKAL,113.41395169148348,216.6505454334488,99.45439296489845,1.9102636157392408,0.9337717434320596,0.4590544314851451,-1.123262866
FGQWNKQ,114.15390000199795,305.0478765503832,270.1655971580499,2.672251027297746,1.4180555388100424,0.8856498206550473,-0.175191714
FVATHRT,101.24301321379458,580.0259467618496,147.96693464044594,5.729046660602746,2.5182950879439723,0.2551039922722613,-1.970842618
FVYKPGG,89.63400459299248,306.7783075101625,135.59806245006325,3.422566122122655,1.7750784138387514,0.442006684079419,-1.177859908
FYTTMRS,134.1517289651108,73.86492706430109,23.827530479007805,0.5506073431488261,-0.860904244,0.3225824681078396,-1.632260063
FYHGKSG,108.16616452363117,229.4839514987888,63.1814685558623,2.1215872126875057,1.0851439851220008,0.2753197691743415,-1.860819889
FYPSKHT,83.89484595824712,70.53219897127381,63.14322085882395,0.8407214789616082,-0.250300163,0.8952396462860994,-0.159654166
FSRFKLE,124.75982123931014,170.10169911025298,60.20851036664947,1.3634333347109366,0.4472441611749185,0.3539559609432517,-1.498358223
FSLHKTY,81.3447782859251,68.62839827528123,61.99251513483697,0.8436730632426573,-0.245244055,0.9033070375061576,-0.146711646
FSFRPAG,121.41242718916844,227.10413007330192,56.95371541082451,1.8705179966418013,0.9034378464238784,0.2507823851219336,-1.995492078
FWKSNDS,138.29336982854284,212.02011594506607,58.37945313023143,1.5331184438410186,0.6164691593196738,0.275348652037137,-1.860668549
FWTKAVA,81.2361396285175,108.4599448611724,32.2796211476703,1.3351193859918244,0.4169687530569564,0.2976179011430245,-1.748466791
FWQTVKP,156.83546640588122,94.79476528467757,117.20459399092486,0.6044217386350236,-0.726372545,1.2364036520260215,0.3061498206740677
FWAGTRE,102.5072888217456,63.50537535075497,62.19377580628019,0.6195205831771362,-0.690775879,0.9793466373951732,-0.030108506
FLYDKRG,97.2816496091328,178.89308879790016,803.9805513948262,1.838919153989199,0.8788580546804058,4.494195705364015,2.1680629498428217
FFAMNKA,70.16440247322792,35.2683829365788,9.928908246010012,0.5026535065275569,-0.992363843,0.2815243404798179,-1.828668432
