seq,fitness_pred,htfr1_pred,ref_dist,div_prev,reward_signal,final_score
YSHWANR,-1.8269109725952148,-0.5454524755477905,0.5714285714285714,0.4285714285714285,1.0131410360336304,0.8631410658359527
EMSAPQE,-1.041904330253601,-5.061439514160156,0.7142857142857143,0.4285714285714285,0.5628793239593506,0.4422968756407499
YYTKVTS,0.7678014039993286,-1.1403895616531372,0.5714285714285714,0.2857142857142857,1.2622395753860474,1.0
YGHRMVA,0.8037096858024597,0.46246305108070374,0.7142857142857143,0.4285714285714285,1.4609882831573486,1.0
MHDRVGK,-0.2602229714393616,-2.2425787448883057,0.5714285714285714,0.4285714285714285,1.001361608505249,0.851361608505249
SDSPALL,-1.8480110168457031,-4.153818607330322,0.5714285714285714,0.5714285714285714,0.5731103420257568,0.4231103271245956
YNRRAFN,-2.4749300479888916,-1.1081013679504395,0.4285714285714285,0.2857142857142857,0.8647117018699646,0.6647117018699646
YRQLDKW,-1.0987305641174316,-0.8366982936859131,0.5714285714285714,0.4285714285714285,1.067982196807861,0.9179821968078612
MCRIVYY,-4.824576377868652,0.3958508372306824,0.7142857142857143,0.0,0.756145715713501,0.6561456970870495
YQGEPEY,-1.7876739501953125,-1.75486159324646,0.7142857142857143,0.4285714285714285,0.8713897466659546,0.7713897466659546
RFYRDGS,-1.363778829574585,0.9551966190338135,0.7142857142857143,0.2857142857142857,1.2523895502090454,1.0
LYTSVAN,-0.4892733097076416,-3.399132490158081,0.5714285714285714,0.5714285714285714,0.8328043222427368,0.6828043222427368
YYHRAVI,-2.1721630096435547,0.31638145446777344,0.5714285714285714,0.1428571428571428,1.0748741626739502,0.924874222278595
HYYRLSM,-3.198878765106201,-0.11731047183275223,0.7142857142857143,0.4285714285714285,0.8951957821846008,0.7951957821846009
YRHRSHQ,-3.8152520656585693,0.4941369295120239,0.7142857142857143,0.2857142857142857,0.8930120468139648,0.7930120468139649
YWHACCN,-4.645627021789551,1.2287355661392212,0.7142857142857143,0.4285714285714285,0.8792642951011658,0.7792643174529076
YHGKHPK,-2.771667242050171,0.494462251663208,0.7142857142857143,0.2857142857142857,1.0222446918487549,0.9222447216510772
KCMVIEY,-3.9563276767730713,-1.8882536888122559,0.7142857142857143,0.5714285714285714,0.5867456793785095,0.4867456644773483
YDGDKGN,0.8702318072319031,-3.333857536315918,0.7142857142857143,0.5714285714285714,1.009020447731018,0.9090204328298568
VHSFHNE,0.45140209794044495,-3.1409387588500977,0.7142857142857143,0.4285714285714285,0.9805567264556884,0.8805566966533661
YSHFAIV,-2.6170759201049805,-0.049436066299676895,0.5714285714285714,0.1428571428571428,0.9754494428634644,0.8254494726657867
FHHFGNI,-2.3035547733306885,-0.802775502204895,0.7142857142857143,0.2857142857142857,0.9229402542114258,0.8229402244091034
NNFSQQS,0.12549345195293427,-3.473806858062744,0.7142857142857143,0.5714285714285714,0.8998585939407349,0.7998585790395737
IDRCSPN,-3.657376289367676,-0.27862247824668884,0.5714285714285714,0.4285714285714285,0.8188800811767578,0.6688801109790802
NHHRHTD,-0.3376089036464691,-0.3703547716140747,0.7142857142857143,0.2857142857142857,1.2187387943267822,1.0
YAFNARM,-2.1764938831329346,-1.4873181581497192,0.5714285714285714,0.5714285714285714,0.8556873798370361,0.7056873798370361
TKCRRKN,-4.951468467712402,1.021153450012207,0.7142857142857143,0.5714285714285714,0.8162381649017334,0.7162381500005722
NNDRHYN,0.4637906849384308,-1.8877345323562622,0.5714285714285714,0.4285714285714285,1.1340081691741943,0.984008139371872
SYEDNEH,-0.4104001224040985,-3.965466022491455,0.7142857142857143,0.5714285714285714,0.773915708065033,0.6739157229661942
EHHRSMM,0.30447959899902344,-1.0764816999435425,0.7142857142857143,0.2857142857142857,1.2126286029815674,1.0
IHHCSHE,-3.038860559463501,-2.2542669773101807,0.7142857142857143,0.2857142857142857,0.6559563875198364,0.5559563875198364
YSHKSSD,1.997295618057251,-1.1227574348449707,0.5714285714285714,0.2857142857142857,1.4165852069854736,1.0
YYAPGTG,-0.33255237340927124,-2.6220576763153076,0.5714285714285714,0.4285714285714285,0.9464056491851808,0.7964056193828583
TTGSESA,-0.7409303784370422,-4.763877868652344,0.5714285714285714,0.4285714285714285,0.636210560798645,0.4764495771378279
YYVHSRQ,-1.6929584741592407,0.7633312940597534,0.7142857142857143,0.4285714285714285,1.1883792877197266,1.0
EFHKLQG,1.2992786169052124,-2.3314571380615234,0.7142857142857143,0.4285714285714285,1.1836497783660889,1.0
YSHRWQG,-1.1472926139831543,0.4630272090435028,0.7142857142857143,0.2857142857142857,1.2195274829864502,1.0
QYHKGVE,1.7334203720092773,-1.5156793594360352,0.5714285714285714,0.2857142857142857,1.3362867832183838,1.0
HTHEIAL,-1.3267213106155396,-4.715993404388428,0.7142857142857143,0.5714285714285714,0.5694959163665771,0.4614763278514147
IHKRGMT,-2.435121774673462,0.24229566752910614,0.5714285714285714,0.2857142857142857,1.0333397388458252,0.8833396792411804
YAADYGD,-2.16093111038208,-2.554588794708252,0.7142857142857143,0.5714285714285714,0.7282357811927795,0.6282357811927796
NNHRLNV,1.4825937747955322,-1.616627812385559,0.7142857142857143,0.1428571428571428,1.2929978370666504,1.0
NHHNPLH,0.09946111589670181,-2.2199347019195557,0.7142857142857143,0.1428571428571428,1.0486345291137695,0.9486345291137696
YHDGSGH,0.4796474874019623,-3.200514078140259,0.5714285714285714,0.2857142857142857,0.9768314361572266,0.8268314659595489
WQACPCF,-3.9271841049194336,-0.11234195530414581,0.7142857142857143,0.7142857142857143,0.8056357502937317,0.7056357353925705
RGHAWYN,-3.893256425857544,0.6981261372566223,0.7142857142857143,0.4285714285714285,0.90808367729187,0.808083662390709
YKVRNGT,-2.524704694747925,-0.6053037643432617,0.7142857142857143,0.2857142857142857,0.9195005893707277,0.8195005893707276
INHRLLS,0.08548486232757568,-1.680712103843689,0.7142857142857143,0.1428571428571428,1.112270712852478,1.0
YHHSWWM,-3.5417888164520264,0.4112946391105652,0.7142857142857143,0.4285714285714285,0.91682368516922,0.81682368516922
YQNRSRD,1.4332059621810913,-1.532417893409729,0.7142857142857143,0.4285714285714285,1.2970919609069824,1.0
YPRKASA,-2.3142623901367188,-0.8202184438705444,0.5714285714285714,0.1428571428571428,0.9195001125335692,0.7695001125335693
GIKRHQK,-3.8427343368530273,1.0328809022903442,0.7142857142857143,0.2857142857142857,0.9549182653427124,0.8549182653427124
TFSRAGQ,0.8400091528892517,-1.119323492050171,0.5714285714285714,0.4285714285714285,1.2737324237823486,1.0
EQRMCWY,-5.268458366394043,0.6037578582763672,0.7142857142857143,0.4285714285714285,0.7263974547386169,0.626397454738617
YYKCGYA,-3.3172292709350586,0.3290238678455353,0.7142857142857143,0.2857142857142857,0.9346504807472228,0.8346504807472229
YTQKPKT,-1.6667087078094482,-0.7657220959663391,0.7142857142857143,0.5714285714285714,1.0062718391418457,0.9062718391418456
AFRAPHQ,-0.06356730312108994,-2.495626211166382,0.7142857142857143,0.4285714285714285,0.9950317740440368,0.8950317740440369
IHHYQED,-0.4543655812740326,-2.6530909538269043,0.5714285714285714,0.2857142857142857,0.9275635480880736,0.7775635182857513
QSRSHFM,-0.3882468640804291,-0.6509813070297241,0.7142857142857143,0.4285714285714285,1.1784515380859375,1.0
YHLHCHN,-4.227521896362305,-0.4056319296360016,0.5714285714285714,0.4285714285714285,0.7329010367393494,0.5829010367393493
FHHRENN,0.11781211197376251,-1.2445021867752075,0.5714285714285714,0.1428571428571428,1.1691516637802124,1.0
YKHNPNH,-0.054164543747901917,-0.7231281399726868,0.7142857142857143,0.2857142857142857,1.211064100265503,1.0
GHLSSNG,0.9033371210098267,-3.966716766357422,0.5714285714285714,0.4285714285714285,0.9364013671875,0.7864013969898224
YESQPNK,0.05111778900027275,-3.0531084537506104,0.7142857142857143,0.4285714285714285,0.9416495561599731,0.8416495561599732
KEYRSNN,0.942439615726471,-1.8601419925689697,0.5714285714285714,0.4285714285714285,1.1966084241867063,1.0
NWHTQNG,0.1242990493774414,-1.672796607017517,0.7142857142857143,0.2857142857142857,1.1180353164672852,1.0
HVKRNKN,-2.648340940475464,1.1426805257797241,0.5714285714285714,0.2857142857142857,1.11609148979187,0.9660914599895476
ELWRSSM,-3.5035202503204346,-0.031328558921813965,0.5714285714285714,0.1428571428571428,0.8679049611091614,0.7179049462080002
YDHKTLP,1.4736535549163818,-2.578812837600708,0.7142857142857143,0.4285714285714285,1.1752517223358154,1.0
PHNKDEW,1.2420672178268433,-3.350635290145874,0.7142857142857143,0.4285714285714285,1.0530189275741575,0.9530188828706742
YLKHPPH,0.23463578522205353,-1.4475042819976807,0.5714285714285714,0.4285714285714285,1.1590055227279663,1.0
YHRIFYP,-2.9612717628479004,1.132147192955017,0.5714285714285714,0.1428571428571428,1.076074481010437,0.9260745108127594
PHHEQGI,-0.2441195547580719,-4.900938034057617,0.7142857142857143,0.4285714285714285,0.6810996532440186,0.5663541454821825
YISRVYE,-1.1678797006607056,-0.475605309009552,0.7142857142857143,0.2857142857142857,1.1031945943832395,1.0
PMSPQWR,-2.408217191696167,-0.8294801712036133,0.5714285714285714,0.4285714285714285,0.9067460298538208,0.7567460298538208
YLREKGW,-0.8600109219551086,-0.9117095470428467,0.7142857142857143,0.1428571428571428,1.0884418487548828,0.9884419083595276
SSEMWWR,-3.759398937225342,0.37190207839012146,0.5714285714285714,0.5714285714285714,0.8851088285446167,0.7351088136434555
EEHRNKS,0.8765032887458801,-2.6736576557159424,0.7142857142857143,0.2857142857142857,1.0898284912109375,0.9898285508155824
YLHRSRS,-3.948073387145996,1.3445613384246826,0.7142857142857143,0.2857142857142857,0.9796605110168456,0.8796605259180069
YWFIFCP,-4.96074104309082,2.8607678413391113,0.7142857142857143,0.4285714285714285,1.0380946397781372,0.9380946286022664
MQKGNNP,2.007958173751831,-4.226707935333252,0.7142857142857143,0.2857142857142857,1.0416337251663208,0.9416336953639984
QNGGESD,-1.1118649244308472,-4.8694963455200195,0.7142857142857143,0.2857142857142857,0.5774863958358765,0.4638843815773725
MKYESNN,0.6706003546714783,-2.1461141109466553,0.5714285714285714,0.4285714285714285,1.128288984298706,0.9782889246940611
YKHLGPN,1.55038583278656,-0.13767631351947784,0.4285714285714285,0.0,1.4806740283966064,1.0
YHTGCEN,-3.6920042037963867,-1.4591984748840332,0.5714285714285714,0.4285714285714285,0.6714798212051392,0.5214797914028168
YHKESYL,0.1649695783853531,-0.590633749961853,0.5714285714285714,0.2857142857142857,1.2542537450790403,1.0
YHMSVNC,-3.2506957054138184,-0.9039267301559448,0.5714285714285714,0.4285714285714285,0.7934246063232422,0.6434246361255646
AHRRYEK,-3.4758923053741455,0.9342100620269775,0.5714285714285714,0.2857142857142857,0.9883711338043212,0.8383711636066437
KFNRQER,-2.5942773818969727,-0.006008592899888754,0.7142857142857143,0.5714285714285714,0.9835363626480104,0.8835363328456879
YFHKAWN,-1.4431730508804321,0.8882099390029907,0.5714285714285714,0.1428571428571428,1.2344403266906738,1.0
HHAEYSN,-1.2115579843521118,-2.53444766998291,0.5714285714285714,0.4285714285714285,0.8482073545455933,0.6982073545455932
HGYIAVN,-1.4474444389343262,-0.41837990283966064,0.7142857142857143,0.5714285714285714,1.0755221843719482,0.975522243976593
YHHRSQH,-0.752924919128418,1.002577304840088,0.5714285714285714,0.1428571428571428,1.333755373954773,1.0
FYRIDKN,-0.6899896860122681,-1.3307238817214966,0.5714285714285714,0.4285714285714285,1.0586957931518557,0.9086957633495332
TYHLATN,0.23636256158351898,-2.107830047607422,0.4285714285714285,0.2857142857142857,1.0791722536087036,0.879172283411026
YWHRVNP,-2.000894069671631,2.4037117958068848,0.7142857142857143,0.2857142857142857,1.3491103649139404,1.0
PSNNSRG,1.7383886575698853,-4.065977573394775,0.5714285714285714,0.5714285714285714,1.0277459621429443,0.8777459472417831
FHEEKRQ,0.6470674872398376,-2.3956778049468994,0.5714285714285714,0.2857142857142857,1.0951225757598877,0.9451226353645324
DQFAWWN,-5.032719612121582,0.5274146795272827,0.7142857142857143,0.2857142857142857,0.746326744556427,0.6463267426937819
VRQMYNN,0.08082477748394012,-2.597538471221924,0.7142857142857143,0.4285714285714285,1.000553011894226,0.9005529820919037
YPQDSNQ,-0.8379428386688232,-3.890794277191162,0.5714285714285714,0.2857142857142857,0.7300388813018799,0.5800388813018799
WYKNWIG,-3.8659141063690186,0.6182708740234375,0.7142857142857143,0.5714285714285714,0.9017881751060486,0.8017881900072098
YAYRAAN,0.7596194744110107,-0.8749303817749023,0.5714285714285714,0.4285714285714285,1.2934064865112305,1.0
YRSMSCS,-2.9441564083099365,0.6064203381538391,0.7142857142857143,0.4285714285714285,1.014462947845459,0.9144629180431366
NFSIQYN,-2.3175904750823975,-1.2586663961410522,0.7142857142857143,0.5714285714285714,0.8659379482269287,0.7659379184246063
IGHLEDW,-3.1626994609832764,-2.0949597358703613,0.7142857142857143,0.5714285714285714,0.6599372029304504,0.5599372029304505
HGRVFMP,-0.8754799365997314,-1.0831396579742432,0.7142857142857143,0.5714285714285714,1.0657455921173096,0.9657455325126648
YQHGYWL,-3.4089813232421875,-1.1868948936462402,0.7142857142857143,0.4285714285714285,0.7395268678665161,0.6395268678665161
YHRPRKF,-3.00034499168396,0.11449363827705383,0.5714285714285714,0.4285714285714285,0.9478739500045776,0.7978739202022552
QVHRVAR,-4.471803188323975,-0.5737090110778809,0.5714285714285714,0.5714285714285714,0.6822847127914429,0.5322847425937652
NWDLNNE,-1.5262951850891113,-0.6679040789604187,0.7142857142857143,0.2857142857142857,1.0355125665664673,0.9355125665664672
YMQKNWS,-0.8978930115699768,-0.028032202273607254,0.7142857142857143,0.4285714285714285,1.1908745765686035,1.0
YYREKAI,-0.22114768624305725,-0.13842694461345673,0.7142857142857143,0.2857142857142857,1.261271595954895,1.0
MHDCSQQ,-3.4061739444732666,-0.7997235655784607,0.7142857142857143,0.2857142857142857,0.7868086695671082,0.686808654665947
YQHSVLN,0.06188540533185005,-3.670783758163452,0.5714285714285714,0.4285714285714285,0.8681058287620544,0.7181058138608932
YCYHTFN,-4.27400541305542,1.0242820978164673,0.7142857142857143,0.4285714285714285,0.9004855751991272,0.8004855677485466
KEHKCLY,-3.7330167293548584,-0.47574859857559204,0.7142857142857143,0.5714285714285714,0.7856197357177734,0.6856197357177735
AYLSVHQ,-1.498611569404602,-2.588897228240967,0.7142857142857143,0.5714285714285714,0.8060702681541443,0.7060702681541443
YYIRFAH,-3.045938491821289,-0.3204955458641052,0.7142857142857143,0.4285714285714285,0.8894985914230347,0.7894985616207123
HHDRSHG,0.8974577784538269,-1.114535927772522,0.5714285714285714,0.2857142857142857,1.2814247608184814,1.0
YVKDIVI,-0.5587839484214783,-2.765805721282959,0.5714285714285714,0.4285714285714285,0.9009730815887452,0.7509730815887451
YYPGITW,-2.9183526039123535,1.281045913696289,0.7142857142857143,0.2857142857142857,1.0994378328323364,0.999437803030014
HHFRSIG,-1.3747674226760864,0.5076059103012085,0.7142857142857143,0.2857142857142857,1.1967706680297852,1.0
PLSQFTK,-0.36908820271492004,-3.254478931427002,0.7142857142857143,0.5714285714285714,0.8652182817459106,0.7652182817459107
YKKQSNN,-2.5088448524475098,-0.6236386299133301,0.4285714285714285,0.2857142857142857,0.919241428375244,0.7192413985729218
QPKRENM,0.6785930395126343,-2.92012095451355,0.7142857142857143,0.4285714285714285,1.0354506969451904,0.9354506373405456
YSCRGCW,-3.984907388687134,0.31637513637542725,0.5714285714285714,0.2857142857142857,0.8504602909088135,0.7004602760076523
YHIRTHN,-0.461232453584671,-0.6133702397346497,0.5714285714285714,0.2857142857142857,1.1739753484725952,1.0
PHQAHTD,0.03377657011151314,-4.37948751449585,0.7142857142857143,0.5714285714285714,0.7787145376205444,0.6787145152688027
YFHNSTA,-0.9018164873123169,-1.1472119092941284,0.5714285714285714,0.1428571428571428,1.054718017578125,0.9047180771827698
GHKPMWN,-0.49241843819618225,-0.602658748626709,0.5714285714285714,0.4285714285714285,1.1714131832122805,1.0
PMHRYLE,-1.0117069482803345,-1.2160496711730957,0.7142857142857143,0.4285714285714285,1.0327692031860352,0.9327692031860352
YHHKGEG,1.729640245437622,-1.3214168548583984,0.5714285714285714,0.1428571428571428,1.3593679666519165,1.0
YHHQGAN,0.6923267841339111,-1.1123528480529785,0.5714285714285714,0.2857142857142857,1.2562947273254397,1.0
THDNGRN,1.2555526494979858,-4.504065036773682,0.5714285714285714,0.2857142857142857,0.9148656129837036,0.7645532164722681
YSHRTPS,1.663032054901123,-0.43895819783210754,0.5714285714285714,0.2857142857142857,1.4580967426300049,1.0
YVHRKNW,-2.5004825592041016,1.0461863279342651,0.7142857142857143,0.2857142857142857,1.1226985454559326,1.0
YHTASAN,0.8656778931617737,-3.5378663539886475,0.4285714285714285,0.4285714285714285,0.9837260246276855,0.7837260246276856
NYERANQ,1.2358803749084473,-3.052621364593506,0.7142857142857143,0.2857142857142857,1.0883792638778689,0.9883792340755464
QLRMMPI,-2.35579252243042,-2.3670899868011475,0.5714285714285714,0.5714285714285714,0.7268416881561279,0.5768416881561279
YSHRHVG,0.060485608875751495,0.28795382380485535,0.7142857142857143,0.2857142857142857,1.3478243350982666,1.0
LHSKGNN,1.802700400352478,-2.1923069953918457,0.4285714285714285,0.2857142857142857,1.2628403902053833,1.0
MHDIGTG,0.9352071285247803,-4.60655403137207,0.7142857142857143,0.4285714285714285,0.8627835512161255,0.7587439697235823
RYQRRMA,-3.7980592250823975,0.07209058105945587,0.5714285714285714,0.4285714285714285,0.8439785838127136,0.6939785987138748
YHHRDVM,0.4419310390949249,-0.9721380472183228,0.5714285714285714,0.1428571428571428,1.2422937154769895,1.0
YYKRMIG,-3.1121881008148193,0.3979615271091461,0.5714285714285714,0.2857142857142857,0.968390941619873,0.8183909118175506
YHGIAND,0.765887439250946,-3.026663303375244,0.5714285714285714,0.4285714285714285,1.0333420038223269,0.8833420038223266
SNIDLNP,-0.8244781494140625,-4.1034088134765625,0.5714285714285714,0.4285714285714285,0.7059319615364075,0.5559319764375686
VHDHARA,1.188416600227356,-3.7101895809173584,0.7142857142857143,0.5714285714285714,1.0027905702590942,0.9027906000614166
PHPADNW,-0.8535037636756897,-1.9523082971572876,0.7142857142857143,0.5714285714285714,0.9631025195121764,0.8631025195121765
NSHRDGD,1.190204381942749,-3.3030452728271484,0.7142857142857143,0.2857142857142857,1.0523674488067627,0.9523674190044404
QEVRVIE,0.7835872769355774,-3.888183832168579,0.7142857142857143,0.2857142857142857,0.9310967326164246,0.8310967475175858
GTSHIEN,-0.9658486843109131,-4.058531284332275,0.7142857142857143,0.4285714285714285,0.6938708424568176,0.5938708275556565
SFHKGVK,-3.6350979804992676,-0.3303731083869934,0.7142857142857143,0.4285714285714285,0.8153647184371948,0.7153647184371948
YSDKSQP,1.3464375734329224,-2.4976401329040527,0.5714285714285714,0.2857142857142857,1.1693426370620728,1.0
YHHSASE,0.834953784942627,-2.122807025909424,0.7142857142857143,0.4285714285714285,1.1514607667922974,1.0
YTTTWWE,-3.259917736053467,-0.7113266587257385,0.7142857142857143,0.5714285714285714,0.8156306147575378,0.7156305998563767
AWKISWW,-4.617188930511475,0.3369649648666382,0.5714285714285714,0.2857142857142857,0.7746814489364624,0.6246814265847206
YHERAHN,1.1917428970336914,-1.954505443572998,0.5714285714285714,0.1428571428571428,1.2160325050354004,1.0
YGSTNSH,1.230137825012207,-4.037027835845947,0.7142857142857143,0.4285714285714285,0.9683351516723632,0.8683351814746857
YWHVPRS,-3.2543296813964844,1.1856690645217896,0.7142857142857143,0.4285714285714285,1.0462827682495115,0.9462827682495116
YYHRSVV,-2.2311346530914307,0.6647423505783081,0.4285714285714285,0.2857142857142857,1.1098031997680664,0.9098032295703888
YHLREVN,0.6798732876777649,-1.3382827043533325,0.2857142857142857,0.2857142857142857,1.227365016937256,0.9773650467395782
EWIRANM,-3.0853137969970703,-0.8560919761657715,0.7142857142857143,0.4285714285714285,0.8196972012519836,0.7196972012519837
IYGKIDY,-1.0476558208465576,-0.690183162689209,0.5714285714285714,0.4285714285714285,1.0920660495758057,0.9420661091804504
IHHRAPT,0.19503188133239746,-0.9805314540863037,0.7142857142857143,0.1428571428571428,1.2107107639312744,1.0
YAFRSEL,-0.9649239778518677,0.8701574802398682,0.5714285714285714,0.1428571428571428,1.2914581298828125,1.0
MYFINQN,-3.04142165184021,-0.731911301612854,0.7142857142857143,0.4285714285714285,0.8401845693588257,0.7401845693588257
YHHLPQE,0.5680448412895203,-1.8525314331054688,0.5714285714285714,0.4285714285714285,1.151181936264038,1.0
YEHDSNQ,-0.8235204815864563,-3.24884033203125,0.5714285714285714,0.2857142857142857,0.8096442222595215,0.6596442222595215
NHERINN,1.2968920469284058,-4.336946964263916,0.5714285714285714,0.4285714285714285,0.9402419328689576,0.7902419477701187
TFSRDAL,0.6418071985244751,-2.6087958812713623,0.5714285714285714,0.1428571428571428,1.0686365365982056,0.9186365067958832
AKCVTMW,-4.702856540679932,-0.5992995500564575,0.7142857142857143,0.7142857142857143,0.6505787372589111,0.5505787372589112
QGNSIEH,-0.4225434362888336,-4.824299335479736,0.7142857142857143,0.5714285714285714,0.6683016419410706,0.5563432727009058
APDVIIL,-2.1299643516540527,-4.647786617279053,0.7142857142857143,0.4285714285714285,0.4783247113227844,0.3727855931967497
DYERKAG,1.498730182647705,-2.952223300933838,0.7142857142857143,0.1428571428571428,1.1330900192260742,1.0
VYWRSTT,-2.9490067958831787,2.027986526489258,0.4285714285714285,0.2857142857142857,1.1861896514892578,0.9861896216869356
NLQRQNN,1.1362396478652954,-3.436235189437866,0.7142857142857143,0.2857142857142857,1.0295408964157104,0.929540941119194
YHKRNEQ,-0.4833184778690338,-0.13732556998729706,0.4285714285714285,0.1428571428571428,1.2289490699768066,1.0
EHHRSKP,-0.7430788278579712,0.32822760939598083,0.5714285714285714,0.1428571428571428,1.2532272338867188,1.0
YVHQSAM,-0.06531786173582077,-2.511369466781616,0.7142857142857143,0.2857142857142857,0.9929065704345704,0.8929066002368927
YQHGGTN,1.3234190940856934,-3.660254716873169,0.4285714285714285,0.2857142857142857,1.0255569219589231,0.825556892156601
KLGRFSN,-3.5355169773101807,-0.1552390605211258,0.5714285714285714,0.4285714285714285,0.8489229679107666,0.6989229828119278
YDTRLTN,0.22934146225452423,-2.33854603767395,0.5714285714285714,0.2857142857142857,1.050334930419922,0.9003349602222442
IKNWWRQ,-3.7475175857543945,-0.06170666590332985,0.7142857142857143,0.5714285714285714,0.8340162038803101,0.7340162038803101
LPRRGWV,-3.9674296379089355,-0.7206527590751648,0.5714285714285714,0.5714285714285714,0.7269119024276733,0.5769118875265121
YHDRVEM,1.014707088470459,-2.59993052482605,0.7142857142857143,0.4285714285714285,1.115875244140625,1.0
VLTMSLS,-1.423010230064392,-3.9002766609191895,0.5714285714285714,0.4285714285714285,0.6564595699310303,0.5064595550298691
LDVKNNE,0.8152968287467957,-4.421893119812012,0.7142857142857143,0.2857142857142857,0.8703241348266602,0.770324157178402
IYHRHFN,-1.90719735622406,0.6120257377624512,0.7142857142857143,0.1428571428571428,1.1435153484344482,1.0
IYHTINS,-0.6037511825561523,-2.0312721729278564,0.7142857142857143,0.5714285714285714,0.9844489097595216,0.8844489395618439
YGGQFDQ,-1.9639359712600708,-2.5425190925598145,0.7142857142857143,0.5714285714285714,0.7540863752365112,0.6540864050388336
LRQKSRS,-3.0791547298431396,0.33164775371551514,0.7142857142857143,0.5714285714285714,0.9644415974617004,0.8644415974617005
ELQRMNN,1.5446455478668213,-2.747504711151123,0.7142857142857143,0.2857142857142857,1.1635907888412476,1.0
VFIRQNF,-3.2128782272338867,-0.4538206160068512,0.7142857142857143,0.5714285714285714,0.8526697158813477,0.7526697456836701
LGGSGSA,0.3338735103607178,-4.257796287536621,0.5714285714285714,0.4285714285714285,0.8306176066398621,0.6806176215410232
YYSWKQL,-2.0993142127990723,0.4701961874961853,0.7142857142857143,0.4285714285714285,1.1025387048721311,1.0
YKEDLAI,0.6436813473701477,-4.736670970916748,0.5714285714285714,0.4285714285714285,0.8109201788902283,0.6521485861390829
YYKRLGD,-0.7472707629203796,0.8676522970199585,0.7142857142857143,0.2857142857142857,1.3180992603302002,1.0
YQHRSNN,0.7530984282493591,-0.3311164677143097,0.4285714285714285,0.1428571428571428,1.3585221767425537,1.0
MYRMYHK,-4.311557769775391,-0.17537082731723785,0.7142857142857143,0.4285714285714285,0.7504106760025024,0.6504106462001801
TIWRIET,-2.6022377014160156,-0.4229516088962555,0.7142857142857143,0.5714285714285714,0.9320075511932372,0.8320075511932373
AMHHSPE,-0.14898569881916046,-3.7419679164886475,0.7142857142857143,0.2857142857142857,0.8333713412284851,0.7333713412284851
YHDLRDE,0.4572485089302063,-3.7465457916259766,0.4285714285714285,0.5714285714285714,0.9078667163848876,0.7078666865825654
EHCRVTF,-4.207278728485107,-0.7890585660934448,0.5714285714285714,0.4285714285714285,0.6889268159866333,0.5389268010854721
ECIMKHE,-3.827988624572754,-2.6664445400238037,0.7142857142857143,0.5714285714285714,0.5082987546920776,0.4082987248897552
YVRRVSS,-2.775304079055786,0.06423212587833405,0.5714285714285714,0.2857142857142857,0.9696404933929444,0.8196404933929443
TVLRSQR,-3.639305591583252,-0.7017200589179993,0.5714285714285714,0.5714285714285714,0.7698279023170471,0.6198278874158859
ITYREAN,0.6564522981643677,-2.684246063232422,0.7142857142857143,0.1428571428571428,1.0613032579421997,0.9613032281398772
AGGREFE,-0.3908582925796509,-4.248234272003174,0.7142857142857143,0.5714285714285714,0.7420567274093628,0.6420567572116852
KYWGQNQ,-2.757420301437378,-0.07711782306432724,0.7142857142857143,0.4285714285714285,0.9547194838523864,0.8547194838523865
FSHRQKS,-2.774466037750244,0.31609392166137695,0.7142857142857143,0.4285714285714285,1.000275731086731,0.9002757608890534
YDCRTAW,-4.161162376403809,-0.6810000538825989,0.5714285714285714,0.4285714285714285,0.7077350616455078,0.557735076546669
AYNLQND,0.08957111835479736,-2.4833316802978516,0.7142857142857143,0.5714285714285714,1.0154802799224854,0.9154803097248078
YPSKNKN,-1.8934803009033203,-1.5378963947296143,0.5714285714285714,0.4285714285714285,0.8845924735069275,0.7345924735069275
YFSRGPM,-1.0170401334762573,-1.408320665359497,0.5714285714285714,0.4285714285714285,1.0088012218475342,0.8588011920452118
YNHRDHN,0.566207766532898,-2.4899821281433105,0.7142857142857143,0.1428571428571428,1.0736805200576782,0.9736805200576782
QYFRNVN,-2.261535406112671,0.2035524547100067,0.5714285714285714,0.2857142857142857,1.0501326322555542,0.9001326024532318
YLHGREN,0.9513077735900879,-2.1066172122955322,0.5714285714285714,0.2857142857142857,1.1678277254104614,1.0
YVHSGKE,1.6378576755523682,-2.6410651206970215,0.5714285714285714,0.2857142857142857,1.1880332231521606,1.0
YARRSEG,1.741400122642517,-0.9364640712738037,0.5714285714285714,0.2857142857142857,1.40748929977417,1.0
FHIVLAE,-1.8039984703063965,-3.6042754650115967,0.7142857142857143,0.5714285714285714,0.6451764702796936,0.5451764851808548
NALEVSK,-0.5928723812103271,-4.347653388977051,0.7142857142857143,0.4285714285714285,0.7049959897994995,0.6049959599971771
GNSRSVE,0.9173763990402222,-3.7613956928253174,0.5714285714285714,0.4285714285714285,0.9630292057991028,0.8130292057991028
YHHRLYI,-2.3712522983551025,0.6463733911514282,0.7142857142857143,0.2857142857142857,1.0902302265167236,0.990230256319046
MFSKHQN,1.2212399244308472,-2.1331241130828857,0.7142857142857143,0.2857142857142857,1.1980314254760742,1.0
YMHWRTG,-2.722593307495117,1.3398663997650146,0.7142857142857143,0.2857142857142857,1.1308026313781738,1.0
GYPRAAN,1.2610070705413818,-1.969518780708313,0.5714285714285714,0.4285714285714285,1.222787380218506,1.0
YGTWHPH,-1.8159383535385132,-1.1223357915878296,0.7142857142857143,0.4285714285714285,0.9445676803588868,0.8445676505565644
YHRNLRA,-2.8695054054260254,0.2310270071029663,0.5714285714285714,0.4285714285714285,0.9781980514526368,0.8281980514526367
PKSSSGN,1.1552969217300415,-3.671618938446045,0.5714285714285714,0.2857142857142857,1.003366231918335,0.8533661872148514
VYWGPHY,-4.327538967132568,0.551007866859436,0.7142857142857143,0.4285714285714285,0.8364863395690918,0.7364863321185112
MHSRAYN,-0.08223221451044083,-1.029647707939148,0.5714285714285714,0.2857142857142857,1.1704320907592771,1.0
EHHLSGL,-0.686191201210022,-3.9962894916534424,0.5714285714285714,0.4285714285714285,0.7360369563102722,0.586036941409111
YFRMGIM,-3.344156503677368,-0.36431124806404114,0.5714285714285714,0.4285714285714285,0.8472685217857361,0.6972685068845749
RSHMSKD,0.08526463806629181,-1.1896940469741821,0.5714285714285714,0.1428571428571428,1.1717664003372192,1.0
APRWSET,-1.289315104484558,-1.9254525899887085,0.5714285714285714,0.4285714285714285,0.9124056696891784,0.7624056696891784
MNHSSDY,-0.03986320272088051,-4.1739115715026855,0.7142857142857143,0.4285714285714285,0.7945187091827393,0.6945187240839005
CAHRSFN,-3.526214122772217,0.8834830522537231,0.5714285714285714,0.2857142857142857,0.9759921431541444,0.8259921580553055
YRHNGRN,-3.7197256088256836,-0.008555591106414795,0.5714285714285714,0.1428571428571428,0.8438999056816101,0.6938999205827713
VYMRPRV,-4.061779022216797,0.4464258849620819,0.5714285714285714,0.4285714285714285,0.8567089438438416,0.7067089587450027
VKHASYE,1.8212515115737915,-2.982103109359741,0.7142857142857143,0.2857142857142857,1.1693952083587646,1.0
YQSRFGE,0.9186610579490662,-1.9484692811965942,0.7142857142857143,0.1428571428571428,1.182957410812378,1.0
YHRQNAP,0.9231680631637573,-0.10373248904943466,0.5714285714285714,0.4285714285714285,1.4071407318115234,1.0
SESKSGL,-0.17229479551315308,-3.6799819469451904,0.5714285714285714,0.5714285714285714,0.8379999399185181,0.6879999101161957
YYEISHL,-2.5500879287719727,-0.7918317914009094,0.7142857142857143,0.4285714285714285,0.8937466144561768,0.7937466144561768
WNRLSGG,0.01435516495257616,-2.4918465614318848,0.5714285714285714,0.5714285714285714,1.005136489868164,0.8551365494728088
HHHFWHL,-3.8580408096313477,0.9098871350288391,0.7142857142857143,0.4285714285714285,0.9381136894226074,0.8381136745214463
YSSLTFH,-2.1714019775390625,-1.1697046756744385,0.5714285714285714,0.1428571428571428,0.8948199152946472,0.7448199152946472
VSRRDAD,0.8915765285491943,-3.4554624557495117,0.5714285714285714,0.2857142857142857,0.9969215393066406,0.8469215095043182
MYFVTSN,-2.8646187782287598,-0.13940730690956116,0.7142857142857143,0.2857142857142857,0.9338977336883544,0.8338977038860321
SHIVGNG,0.4996485114097595,-4.476380825042725,0.5714285714285714,0.5714285714285714,0.824642539024353,0.6746425241231918
QPNLGNS,0.4000765085220337,-3.4467437267303467,0.7142857142857143,0.1428571428571428,0.9371318817138672,0.8371319115161896
LYHRVMA,-1.8904731273651123,0.503823459148407,0.5714285714285714,0.2857142857142857,1.1324690580368042,0.9824690878391266
QYLVINY,-3.746368169784546,-0.6833620667457581,0.7142857142857143,0.4285714285714285,0.7587992548942566,0.6587992697954178
QPSDSTN,-0.8907535076141357,-4.23737907409668,0.7142857142857143,0.2857142857142857,0.6814869046211243,0.5814868897199631
QYRRIVS,-4.103359699249268,0.32788270711898804,0.5714285714285714,0.4285714285714285,0.8371911644935608,0.6871911644935608
KNNRGMN,-3.4426767826080322,-1.3005750179290771,0.5714285714285714,0.4285714285714285,0.7215747833251953,0.5715747982263565
DAWIDCD,-4.06923770904541,0.39104020595550537,0.8571428571428571,0.5714285714285714,0.8490716218948364,0.7990716069936752
VMHFVAD,-1.95880126953125,-2.918456792831421,0.7142857142857143,0.4285714285714285,0.7091495990753174,0.6091495990753174
DSPNQSC,-4.083517551422119,-0.36975494027137756,0.7142857142857143,0.5714285714285714,0.7550775408744812,0.65507752597332
LGRSKSF,-3.3137216567993164,-0.2793290615081787,0.5714285714285714,0.4285714285714285,0.8613380789756775,0.7113380938768387
YLFRFTN,-4.050336837768555,0.4819185435771942,0.5714285714285714,0.2857142857142857,0.8624280095100403,0.7124280244112015
LKTHCFG,-3.4698925018310547,-0.9149656295776367,0.7142857142857143,0.4285714285714285,0.7649504542350769,0.6649504542350769
YAHANTA,0.639896810054779,-2.257556200027466,0.5714285714285714,0.4285714285714285,1.110978603363037,0.9609785437583924
YMSRNKA,-1.8164969682693481,-0.9496716856956482,0.5714285714285714,0.2857142857142857,0.965429425239563,0.8154294550418854
HYKRVEN,-0.5426927208900452,0.02615400031208992,0.7142857142857143,0.2857142857142857,1.2414162158966064,1.0
YDSEFNG,-1.50417160987854,-2.7415080070495605,0.7142857142857143,0.1428571428571428,0.7868819236755371,0.6868819534778595
QQHKKKN,-2.5543041229248047,0.5725587010383606,0.7142857142857143,0.1428571428571428,1.0586209297180176,0.9586208701133728
QSERMEH,-0.16306965053081512,-3.031519651412964,0.5714285714285714,0.4285714285714285,0.9177507758140564,0.7677507758140564
TMSMMEQ,-1.2326371669769287,-3.9938509464263916,0.7142857142857143,0.4285714285714285,0.6686838269233704,0.5686838418245316
YSSRESS,1.45801842212677,-3.0144224166870117,0.7142857142857143,0.2857142857142857,1.1205099821090698,1.0
YVMKGDN,0.8096057772636414,-1.3070636987686157,0.5714285714285714,0.2857142857142857,1.2472100257873535,1.0
YLVRSEN,0.5923872590065002,-0.5501574277877808,0.5714285714285714,0.1428571428571428,1.3120737075805664,1.0
TASYQET,-0.8324844241142273,-4.532665252685547,0.7142857142857143,0.5714285714285714,0.6529048681259155,0.551552364602685
FEDGQGA,-0.7167719602584839,-4.594817161560059,0.5714285714285714,0.5714285714285714,0.6596955060958862,0.5060827229171991
IGHESTH,-0.08520019799470901,-5.388460636138916,0.5714285714285714,0.5714285714285714,0.641674280166626,0.4591990422457457
YHHRQER,-1.0706353187561035,0.5130288004875183,0.7142857142857143,0.2857142857142857,1.2350788116455078,1.0
ITLRHTK,-4.258756160736084,-0.3021945655345917,0.7142857142857143,0.5714285714285714,0.7415733337402344,0.6415733486413956
QYYRSHE,-1.4936535358428955,1.0384385585784912,0.5714285714285714,0.1428571428571428,1.2464022636413574,1.0
MPAKFKN,-1.3750879764556885,-2.062406301498413,0.8571428571428571,0.1428571428571428,0.8851852416992188,0.8351852118968963
PYDMRQP,-0.08620576560497284,-3.7082338333129883,0.5714285714285714,0.5714285714285714,0.8452326655387878,0.6952326655387878
YPTNGMI,-0.16900192201137543,-3.5986666679382324,0.7142857142857143,0.4285714285714285,0.8482648134231567,0.7482648134231568
YVTRDNK,1.2675228118896484,-2.011732816696167,0.7142857142857143,0.2857142857142857,1.2184765338897705,1.0
GYDKSVN,1.153417944908142,-2.0789475440979004,0.4285714285714285,0.4285714285714285,1.1962026357650757,0.996202665567398
CKKKIWM,-4.344895362854004,0.20301982760429382,0.7142857142857143,0.2857142857142857,0.7921533584594727,0.6921533659100533
WTVRNAE,-0.3961781859397888,-1.388640284538269,0.5714285714285714,0.2857142857142857,1.088047981262207,0.9380480408668518
YKYHEQI,-0.21098361909389496,-1.4620563983917236,0.7142857142857143,0.4285714285714285,1.1020748615264893,1.0
WMVHEFN,-3.3243749141693115,-0.7561747431755066,0.8571428571428571,0.4285714285714285,0.8022143840789795,0.7522143542766571
YSIKPRF,-2.766594171524048,-1.1194705963134766,0.5714285714285714,0.5714285714285714,0.8272261619567871,0.6772261917591095
HPDHGNT,-0.10308574140071869,-4.917832851409912,0.7142857142857143,0.4285714285714285,0.6965112090110779,0.5811513125896454
NIARSNI,2.091600179672241,-3.22489595413208,0.7142857142857143,0.4285714285714285,1.1734315156936646,1.0
VVEQNAS,-0.9594604969024658,-5.088930606842041,0.5714285714285714,0.5714285714285714,0.5697531700134277,0.3981709405779838
VHRMCSL,-3.7315921783447266,0.08582083135843277,0.5714285714285714,0.4285714285714285,0.8538714647293091,0.7038714498281479
YHHRVNF,-0.7671419978141785,-0.10163018852472305,0.5714285714285714,0.1428571428571428,1.1981394290924072,1.0
RHFHDHG,-0.951686680316925,0.10376463085412979,0.7142857142857143,0.4285714285714285,1.2001919746398926,1.0
IYHKWTH,-1.16923987865448,-0.19912365078926086,0.4285714285714285,0.4285714285714285,1.1365422010421753,0.9365422010421752
MAKISNN,2.037515163421631,-2.5827815532684326,0.4285714285714285,0.2857142857142857,1.244575262069702,1.0
YWKRHGT,-4.082158088684082,1.3781697750091553,0.7142857142857143,0.4285714285714285,0.96713525056839,0.8671352654695511
YKSRREI,-1.277098298072815,-0.49537184834480286,0.7142857142857143,0.2857142857142857,1.0872774124145508,0.9872774720191956
YHHRMSP,-0.1855550855398178,-0.11194658279418945,0.5714285714285714,0.0,1.2688878774642944,1.0
QCRHPMW,-4.397001266479492,0.006166049744933844,0.7142857142857143,0.5714285714285714,0.7618394494056702,0.661839471757412
VNFASGN,0.6318798065185547,-4.109355449676514,0.7142857142857143,0.2857142857142857,0.8855045437812805,0.7855045437812805
CHSEITQ,-3.5781545639038086,-0.2851843535900116,0.7142857142857143,0.4285714285714285,0.8278921246528625,0.7278921246528626
NHVFSQI,-1.122266411781311,-3.244723081588745,0.5714285714285714,0.5714285714285714,0.773159384727478,0.6231593549251556
KVEFSKW,-0.8625566363334656,-1.041208267211914,0.7142857142857143,0.4285714285714285,1.0724284648895264,0.9724285244941712
QHTEHFS,-0.5574193000793457,-3.9082086086273193,0.7142857142857143,0.5714285714285714,0.762656033039093,0.662656033039093
MYSRAFK,-4.019659042358398,0.4314355254173279,0.7142857142857143,0.4285714285714285,0.8601061105728149,0.7601061403751374
QFHKAVN,1.6279100179672241,-0.43776482343673706,0.7142857142857143,0.1428571428571428,1.453893542289734,1.0
YYCQMEN,-4.6077799797058105,1.0376577377319336,0.7142857142857143,0.4285714285714285,0.8607866168022156,0.7607866019010544
SWWEEED,-2.733471155166626,-0.1500837802886963,0.8571428571428571,0.5714285714285714,0.9488391280174256,0.8988391280174255
KKAGDHL,-0.5827270150184631,-1.7132031917572021,0.7142857142857143,0.5714285714285714,1.0256091356277466,0.9256091058254242
ESHHALN,-0.8724969029426575,-3.9176392555236816,0.5714285714285714,0.2857142857142857,0.7225069403648376,0.5725069403648376
SPYDHAN,-0.46911755204200745,-3.1255555152893066,0.7142857142857143,0.5714285714285714,0.868463397026062,0.7684634268283844
FHWCIGN,-4.6035685539245605,0.6075971722602844,0.7142857142857143,0.2857142857142857,0.8091745972633362,0.7091745898127556
YHHRWHN,-1.3163858652114868,0.10123254358768463,0.5714285714285714,0.1428571428571428,1.1547362804412842,1.0
RYPHPEM,-0.2788885235786438,-3.2708702087402344,0.8571428571428571,0.2857142857142857,0.8743977546691895,0.8243977546691894
EYHFSNP,-2.257012128829956,-0.8857144713401794,0.5714285714285714,0.2857142857142857,0.9186478853225708,0.7686479151248932
DSHEISY,-1.5219545364379883,-3.8561248779296875,0.7142857142857143,0.4285714285714285,0.6495627164840698,0.5495627462863922
FARMGWA,-2.617530345916748,-0.7443318963050842,0.5714285714285714,0.2857142857142857,0.8911556005477905,0.7411555707454681
ISEQVKI,0.8586641550064087,-4.335821628570557,0.4285714285714285,0.4285714285714285,0.8861268162727356,0.6861268162727356
MHDEKGW,1.2244337797164917,-2.530238628387451,0.8571428571428571,0.4285714285714285,1.1502872705459597,1.0
YGYDPEN,-2.187189817428589,-0.8002182841300964,0.7142857142857143,0.4285714285714285,0.9376559257507324,0.8376559257507324
YHVMDNN,-0.3581047058105469,-2.1916608810424805,0.4285714285714285,0.2857142857142857,0.9954164624214172,0.7954164624214173
VHHKSCN,-3.8233566284179688,0.9278120994567871,0.5714285714285714,0.4285714285714285,0.944580376148224,0.7945803761482239
VTPMNKA,2.011293888092041,-4.87639045715332,0.5714285714285714,0.5714285714285714,0.9632898569107056,0.7994371131062508
AFQNSKN,1.4549535512924194,-2.831709384918213,0.7142857142857143,0.4285714285714285,1.1422796249389648,1.0
YFHAWRD,-2.5440127849578857,0.384673535823822,0.7142857142857143,0.2857142857142857,1.0371187925338743,0.937118762731552
HDHRPTR,-1.6147351264953613,-0.27125367522239685,0.7142857142857143,0.4285714285714285,1.072647213935852,0.972647213935852
YHHRLHI,-1.0604164600372314,0.19846142828464508,0.7142857142857143,0.2857142857142857,1.1982109546661377,1.0
YHRPAAW,-1.3450260162353516,0.002711085369810462,0.5714285714285714,0.4285714285714285,1.1392475366592407,0.9892475068569184
VHEKINN,1.4469985961914062,-3.701258897781372,0.5714285714285714,0.4285714285714285,1.035884976387024,0.8858850210905075
YKTRYHN,-2.9231410026550293,0.3365182876586914,0.7142857142857143,0.2857142857142857,0.984346091747284,0.884346091747284
IDHKSIE,1.6771804094314575,-3.6731345653533936,0.5714285714285714,0.4285714285714285,1.0677902698516846,0.917790314555168
KVKSGNM,-2.220946788787842,-1.4077465534210205,0.5714285714285714,0.4285714285714285,0.8598301410675049,0.7098301708698272
YDHRLQP,-0.0056479573249816895,-2.0633668899536133,0.5714285714285714,0.4285714285714285,1.054602026939392,0.9046019971370696
PQHRTAW,-1.6029927730560303,-1.577880620956421,0.5714285714285714,0.0,0.9157070517539978,0.7657070517539978
TSTSTTW,-1.0930290222167969,-1.8459213972091675,0.5714285714285714,0.5714285714285714,0.9463464617729188,0.7963464617729187
LDPRGHA,0.5117484331130981,-3.519364595413208,0.5714285714285714,0.2857142857142857,0.94215327501297,0.7921532601118088
ICYTNIQ,-3.9735734462738037,-0.8949482440948486,0.7142857142857143,0.5714285714285714,0.7050225734710693,0.6050225883722306
GKRRWPP,-3.9070544242858887,1.2274069786071777,0.7142857142857143,0.4285714285714285,0.970536768436432,0.8705367535352707
SMWREYD,-3.5595245361328125,1.5310184955596924,0.7142857142857143,0.5714285714285714,1.050364971160889,0.9503649264574052
ESSRDNP,-0.07063551992177963,-3.954293966293335,0.7142857142857143,0.2857142857142857,0.8173320293426514,0.7173320293426514
WHHSAEG,-0.152560755610466,-2.67042875289917,0.7142857142857143,0.2857142857142857,0.9628244638442992,0.8628244638442993
VYRSLYY,-3.3046786785125732,0.32568100094795227,0.5714285714285714,0.4285714285714285,0.9357990026474,0.7857990175485611
VHCQSNN,-3.5475988388061523,-0.29948920011520386,0.4285714285714285,0.1428571428571428,0.8299407958984375,0.6299407660961152
YGHIHTS,0.27171027660369873,-2.1713647842407227,0.7142857142857143,0.4285714285714285,1.0758464336395264,0.9758463740348816
WQKHSTY,-0.7534441947937012,-0.13699042797088623,0.7142857142857143,0.5714285714285714,1.1955487728118896,1.0
RFRRDGI,-2.5690383911132812,-0.3654845356941223,0.7142857142857143,0.0,0.943083882331848,0.8430838823318482
AHICLGC,-4.6997504234313965,0.8525117635726929,0.7142857142857143,0.2857142857142857,0.8269568681716919,0.7269568830728531
VMHRKEI,0.017623338848352432,-0.2963745892047882,0.7142857142857143,0.2857142857142857,1.2716838121414185,1.0
MGKRDTH,-0.607829749584198,-2.2386603355407715,0.7142857142857143,0.2857142857142857,0.9588037729263306,0.8588037729263306
GEYHRGK,-2.2468605041503906,-0.038894519209861755,0.8571428571428571,0.4285714285714285,1.0225590467453003,0.9725590467453002
EESRPAF,0.18573904037475586,-4.63739013671875,0.5714285714285714,0.4285714285714285,0.7662631869316101,0.6111021723598242
APIDAPT,-0.8701644539833069,-4.8957014083862305,0.7142857142857143,0.5714285714285714,0.6042316555976868,0.4896765992045402
KLKPKAI,-2.2466728687286377,-0.21779249608516693,0.5714285714285714,0.4285714285714285,1.0008957386016846,0.8508956789970398
SYHRSSC,-3.4027748107910156,2.43410325050354,0.5714285714285714,0.2857142857142857,1.179245114326477,1.0
HHHRHQN,-0.7930583953857422,0.4728175699710846,0.5714285714285714,0.2857142857142857,1.2645676136016846,1.0
QNHRSHG,0.7413623929023743,-1.270007848739624,0.5714285714285714,0.1428571428571428,1.2432538270950315,1.0
YMFHSMN,-3.2273311614990234,-0.3753199279308319,0.5714285714285714,0.4285714285714285,0.8603966236114502,0.7103966236114502
YGGFPVL,-3.042339563369751,-0.3272041380405426,0.5714285714285714,0.5714285714285714,0.8891308307647705,0.7391308605670929
RRRPNNF,-3.78771710395813,0.3814227283000946,0.7142857142857143,0.5714285714285714,0.8827571868896484,0.7827572166919708
YNVSHGE,0.10947560518980026,-3.716655969619751,0.7142857142857143,0.4285714285714285,0.8684365749359131,0.7684365898370743
TYQRAYF,-3.3855457305908203,0.05664282292127609,0.5714285714285714,0.2857142857142857,0.8931741118431091,0.7431741267442703
HCGKKDY,-3.9865076541900635,-0.7640636563301086,0.7142857142857143,0.2857142857142857,0.719287633895874,0.619287633895874
DHIMRYI,-3.6691479682922363,-2.05492901802063,0.5714285714285714,0.5714285714285714,0.6020928025245667,0.4520928174257278
YTCKSNN,-3.316967248916626,0.00011745239316951483,0.4285714285714285,0.2857142857142857,0.8948116898536682,0.6948116898536683
TDQYAHQ,-0.8014437556266785,-3.3024353981018066,0.7142857142857143,0.1428571428571428,0.8058803081512451,0.7058803379535675
MHSKSNN,1.273198127746582,-2.4296023845672607,0.4285714285714285,0.1428571428571428,1.1685235500335691,0.9685235798358918
YNHDDWP,-1.9384114742279053,0.3894210755825043,0.7142857142857143,0.4285714285714285,1.112666130065918,1.0
YHHRVWG,-2.444720983505249,0.8351248502731323,0.7142857142857143,0.2857142857142857,1.1040160655975342,1.0
YATRYNN,0.7391573190689087,-1.895341157913208,0.5714285714285714,0.1428571428571428,1.1671756505966189,1.0
GKRQARN,-3.920848846435547,-0.5249440670013428,0.5714285714285714,0.4285714285714285,0.7564029693603516,0.6064029693603515
DHHRMSE,0.6617581844329834,-1.918285608291626,0.5714285714285714,0.2857142857142857,1.1548124551773071,1.0
AAHFPSK,-0.8649521470069885,-2.6200618743896484,0.7142857142857143,0.5714285714285714,0.8807377815246582,0.7807378113269806
MHSTDSD,-0.6674608588218689,-4.5709147453308105,0.7142857142857143,0.4285714285714285,0.6686975955963135,0.5659541014581919
DEHHQNS,-0.5001853704452515,-4.388388156890869,0.7142857142857143,0.4285714285714285,0.7115323543548584,0.6115323841571808
YHTKSMI,1.1143752336502075,-0.33909544348716736,0.5714285714285714,0.4285714285714285,1.40228009223938,1.0
YLVRSGK,-3.881256341934204,-1.1527624130249023,0.7142857142857143,0.4285714285714285,0.6851981282234192,0.585198113322258
YAHRDAA,1.4925107955932617,-1.7831571102142334,0.7142857142857143,0.2857142857142857,1.274038314819336,1.0
YGVGENG,-0.11557094007730484,-3.7342169284820557,0.7142857142857143,0.4285714285714285,0.8384475708007812,0.7384475558996201
YSIIKFE,-0.7967655062675476,-1.639471173286438,0.5714285714285714,0.4285714285714285,1.008049726486206,0.8580497562885284
HYHSGYN,-0.9433280825614929,-0.7593750357627869,0.5714285714285714,0.2857142857142857,1.096593976020813,0.946593976020813
ESLRQFT,-0.5301836729049683,-2.9700987339019775,0.5714285714285714,0.2857142857142857,0.8797485828399658,0.7297486126422882
GRSRQNN,-4.304084300994873,-0.1652826964855194,0.7142857142857143,0.2857142857142857,0.7525587677955627,0.6525587528944016
YHKRNEN,-0.295415461063385,0.29164230823516846,0.5714285714285714,0.0,1.3042118549346924,1.0
RYKAVGD,0.26104095578193665,-2.4679462909698486,0.5714285714285714,0.5714285714285714,1.038572907447815,0.8885729074478149
YYHRSDK,-1.101852536201477,0.46331435441970825,0.5714285714285714,0.2857142857142857,1.2251877784729004,1.0
THHRCKP,-3.8775482177734375,0.3290810286998749,0.7142857142857143,0.2857142857142857,0.8652912974357605,0.7652913123369217
IAMCANQ,-3.759978771209717,-1.4017033576965332,0.7142857142857143,0.2857142857142857,0.6700344681739807,0.5700344681739807
YSMFIAW,-4.1915106773376465,0.8692598342895508,0.5714285714285714,0.4285714285714285,0.8919059038162231,0.7419059336185455
YISREYE,-0.3639541268348694,-1.7607486248016357,0.7142857142857143,0.1428571428571428,1.0469290018081665,0.9469290018081664
QAPRNGE,0.9197072386741638,-4.3902716636657715,0.5714285714285714,0.4285714285714285,0.8870832324028015,0.7370832249522209
YYGCQHK,-3.2882230281829834,-0.3386420011520386,0.7142857142857143,0.4285714285714285,0.857304573059082,0.7573045879602432
YHREPQN,1.8227335214614868,-1.2259516716003418,0.4285714285714285,0.4285714285714285,1.382465362548828,1.0
YIVRSYH,-3.177154302597046,-0.13366912305355072,0.7142857142857143,0.2857142857142857,0.895902156829834,0.7959021866321564
VDGSKYA,1.208958387374878,-3.276782751083374,0.7142857142857143,0.5714285714285714,1.0578727722167969,0.9578727722167968
YHTMSAI,-0.4463253617286682,-1.255944848060608,0.5714285714285714,0.2857142857142857,1.0979256629943848,0.9479257225990296
WLHRRWE,-2.098970651626587,0.6017947196960449,0.7142857142857143,0.4285714285714285,1.1185340881347656,1.0
EKSLTFS,-1.1091312170028687,-4.095609188079834,0.7142857142857143,0.2857142857142857,0.6716380715370178,0.5716380715370178
YPSKATV,2.2183151245117188,-4.089021682739258,0.5714285714285714,0.4285714285714285,1.0843660831451416,0.9343661278486252
WYDQVSP,-2.6392791271209717,-0.46688851714134216,0.7142857142857143,0.5714285714285714,0.922095775604248,0.8220957458019257
FHHRLID,-0.2532927393913269,-0.9092618823051453,0.5714285714285714,0.2857142857142857,1.163848876953125,1.0
YKRQGAN,-2.8506338596343994,-0.7527486085891724,0.4285714285714285,0.2857142857142857,0.8612776398658752,0.6612776398658753
GSHCSHT,-3.885636329650879,-0.6655787229537964,0.7142857142857143,0.4285714285714285,0.7437139749526978,0.6437139451503754
MTSGSTN,0.719327986240387,-4.648488998413086,0.5714285714285714,0.4285714285714285,0.8309746980667114,0.6754100661724806
YFNPCIE,-4.345029830932617,0.01269863173365593,0.7142857142857143,0.4285714285714285,0.7690653204917908,0.6690653055906296
YHGRSIE,1.6401606798171997,-0.260000079870224,0.5714285714285714,0.1428571428571428,1.476959228515625,1.0
VSYMAPP,-0.20785333216190338,-2.719153642654419,0.5714285714285714,0.5714285714285714,0.9500727653503418,0.8000727355480194
GHCLPVA,-3.889909267425537,0.05356335639953613,0.7142857142857143,0.4285714285714285,0.8303619027137756,0.7303618878126145
FPSGINN,0.65666663646698,-3.940734386444092,0.7142857142857143,0.2857142857142857,0.9090138673782348,0.8090138822793961
APYSIYK,-0.8123148679733276,-1.3193690776824951,0.7142857142857143,0.1428571428571428,1.0449286699295044,0.9449286699295044
ESRRNVL,0.6758397817611694,-3.1446287631988525,0.5714285714285714,0.4285714285714285,1.0078941583633425,0.8578941881656647
HKHHRKI,-3.6166532039642334,1.1823196411132812,0.7142857142857143,0.4285714285714285,1.0010219812393188,0.90102199614048
EGLSSGK,-0.3031488358974457,-4.448648452758789,0.7142857142857143,0.2857142857142857,0.7286201119422913,0.6286200895905495
CEFRSTP,-3.337378740310669,-0.6233274936676025,0.5714285714285714,0.2857142857142857,0.8167086839675903,0.6667086839675903
YHHRDQT,0.28031599521636963,-0.7912790179252625,0.7142857142857143,0.2857142857142857,1.2442104816436768,1.0
WKTVPSW,-2.440934181213379,-0.3630203902721405,0.7142857142857143,0.4285714285714285,0.9592416286468506,0.8592415988445282
YKHCSNG,-2.3817970752716064,-0.13301041722297668,0.5714285714285714,0.2857142857142857,0.9944452047348022,0.8444452047348022
AYETSDN,-0.8923625946044922,-3.217923641204834,0.7142857142857143,0.2857142857142857,0.8048695921897888,0.7048695921897888
YDHTKGP,1.2259869575500488,-3.91514253616333,0.8571428571428571,0.4285714285714285,0.9825966358184814,0.9325966209173202
ALSISEH,-0.021770505234599113,-4.055551528930664,0.5714285714285714,0.4285714285714285,0.8111065626144409,0.6611065626144409
WMRQSWS,-3.0218849182128906,0.6509652733802795,0.7142857142857143,0.5714285714285714,1.0102401971817017,0.910240226984024
YYSELMR,-2.4576334953308105,-0.752221941947937,0.5714285714285714,0.1428571428571428,0.9099938869476318,0.7599939167499542
SHHRRGH,-3.433823823928833,0.6689597964286804,0.5714285714285714,0.2857142857142857,0.9614245891571044,0.8114245742559433
ETWNDNY,-2.9083123207092285,-1.3332029581069946,0.7142857142857143,0.1428571428571428,0.7837724685668945,0.6837724983692169
YHHISFI,-3.175781488418579,0.013389536179602146,0.5714285714285714,0.2857142857142857,0.913899064064026,0.7638990938663482
YSMYQRA,-1.947792649269104,-1.450189471244812,0.7142857142857143,0.1428571428571428,0.8885008692741394,0.7885008692741394
YNAMWDR,-2.765906810760498,-0.4182949662208557,0.7142857142857143,0.4285714285714285,0.9123102426528932,0.8123102426528931
FYIACNQ,-4.443528175354004,0.13172215223312378,0.7142857142857143,0.5714285714285714,0.7712998986244202,0.6712998986244202
YSMFPHN,-1.945746660232544,-2.1597211360931396,0.5714285714285714,0.2857142857142857,0.8027422428131104,0.6527422726154327
YTARYYH,-2.994910955429077,-0.0861140787601471,0.7142857142857143,0.4285714285714285,0.9242281913757324,0.8242282211780548
IIQSCVY,-4.139113903045654,-0.6952550411224365,0.7142857142857143,0.5714285714285714,0.7087366580963135,0.6087366282939911
EERSNFH,0.6054559350013733,-3.447330951690674,0.7142857142857143,0.5714285714285714,0.962486207485199,0.8624862223863602
YGWKTNN,0.14036396145820618,-0.06500092148780823,0.5714285714285714,0.4285714285714285,1.3149267435073853,1.0
LYKSTEN,1.4026827812194824,-2.1947405338287354,0.5714285714285714,0.4285714285714285,1.2130242586135864,1.0
FYYRHIE,-2.543517827987671,-0.4136844873428345,0.7142857142857143,0.2857142857142857,0.9404003620147704,0.8404003620147705
YAHRHFN,-1.2867234945297241,-0.442632257938385,0.5714285714285714,0.1428571428571428,1.0924791097640991,0.9424791395664216
VFQRSNQ,1.4689531326293945,-1.681681752204895,0.5714285714285714,0.4285714285714285,1.2834231853485107,1.0
EHHKAWN,0.15503758192062378,-1.1877750158309937,0.7142857142857143,0.2857142857142857,1.180636644363403,1.0
YYSRREI,-0.10681725293397903,0.17576758563518524,0.5714285714285714,0.2857142857142857,1.3135130405426023,1.0
LLFRSVN,-2.1565277576446533,0.15742653608322144,0.4285714285714285,0.2857142857142857,1.0575406551361084,0.8575407147407532
YDSQSNN,-0.8263636827468872,-2.51251482963562,0.4285714285714285,0.2857142857142857,0.8985522389411926,0.6985522389411927
SGHRSHC,-4.1827392578125,0.0682312473654747,0.7142857142857143,0.0,0.7958883047103882,0.6958883345127106
NVVCRMM,-4.280457973480225,-1.412147879600525,0.7142857142857143,0.7142857142857143,0.6043343544006348,0.504334332048893
YFARVQV,-2.332533836364746,0.0751790776848793,0.7142857142857143,0.1428571428571428,1.0257813930511477,0.9257813632488252
AHHRLGQ,-0.8204305171966553,-0.2121686488389969,0.7142857142857143,0.1428571428571428,1.178142547607422,1.0
YYWRING,-3.1126980781555176,1.4999983310699463,0.7142857142857143,0.2857142857142857,1.101920485496521,1.0
HHHCQGM,-3.914133310317993,-0.22254301607608795,0.7142857142857143,0.4285714285714285,0.7938923835754395,0.6938923835754395
MWMQLCF,-5.190375328063965,0.7870165705680847,0.7142857142857143,0.5714285714285714,0.7582792043685913,0.6582791848108173
LQQPSAQ,0.3084893822669983,-4.935009479522705,0.7142857142857143,0.5714285714285714,0.7453809380531311,0.6293963972479105
YHYRSEN,-0.19482789933681488,0.6997256875038147,0.4285714285714285,0.2857142857142857,1.3661335706710815,1.0
YCSPKQF,-3.915238380432129,-0.6051191687583923,0.7142857142857143,0.2857142857142857,0.747378408908844,0.6473783940076828
TFLRVPY,-3.4312751293182373,-0.6221163868904114,0.5714285714285714,0.5714285714285714,0.8052313327789307,0.6552313476800918
PFKRRHI,-4.114529132843018,0.37274646759033203,0.7142857142857143,0.5714285714285714,0.8412469625473022,0.7412469923496247
CHTRSLY,-3.9279043674468994,0.47979700565338135,0.5714285714285714,0.1428571428571428,0.8773276805877686,0.7273276656866073
YYFRPKD,-0.9613282680511475,0.29918548464775085,0.5714285714285714,0.4285714285714285,1.2226879596710205,1.0
YVHHSYS,-1.885483741760254,-0.15676933526992798,0.7142857142857143,0.2857142857142857,1.0530074834823608,0.9530074536800384
DNHKDLA,1.2842671871185303,-3.8354456424713135,0.7142857142857143,0.2857142857142857,0.9994727969169616,0.8994727820158005
QNHTDEN,-0.9961928129196167,-4.352192401885986,0.7142857142857143,0.4285714285714285,0.6545156836509705,0.5545156985521317
SGHRLTH,-0.858051061630249,-1.0655303001403809,0.7142857142857143,0.4285714285714285,1.070037841796875,0.970037841796875
YHRKNPY,-2.87373685836792,1.1295740604400635,0.5714285714285714,0.2857142857142857,1.0865992307662964,0.936599200963974
VFFNSWG,-4.323782920837402,-0.14304916560649872,0.7142857142857143,0.4285714285714285,0.752815306186676,0.6528153136372566
TQNASLF,-0.3462456166744232,-4.004321575164795,0.7142857142857143,0.1428571428571428,0.7771475911140442,0.6771476060152054
HWTVNGE,-1.6680970191955566,-1.1746593713760376,0.8571428571428571,0.4285714285714285,0.9565272331237792,0.9065272033214568
LTQKSKE,1.5045061111450195,-3.108927011489868,0.7142857142857143,0.4285714285714285,1.1148087978363037,1.0
MYLHQNN,-0.8528003692626953,-1.9220843315124512,0.7142857142857143,0.2857142857142857,0.9668534398078918,0.8668534398078919
YNHNKCY,-2.9740750789642334,-1.6337473392486572,0.7142857142857143,0.2857142857142857,0.7391982078552246,0.6391982078552246
YHLRGRT,-3.3587806224823,0.22203686833381653,0.4285714285714285,0.1428571428571428,0.9165372252464294,0.7165372103452683
VLRISWD,-2.203097105026245,-0.2921784818172455,0.5714285714285714,0.5714285714285714,0.9972729086875916,0.8472729086875915
GLHSSII,-0.8541725277900696,-2.7309839725494385,0.5714285714285714,0.1428571428571428,0.8686259388923645,0.7186259388923645
EYPKEKI,0.9799578785896301,-4.087428092956543,0.5714285714285714,0.4285714285714285,0.9312538504600524,0.7812538355588913
YLHRSTN,0.30199217796325684,1.3531224727630615,0.5714285714285714,0.0,1.5068457126617432,1.0
YYLSPTT,-1.9795608520507812,-2.037121295928955,0.5714285714285714,0.2857142857142857,0.8134181499481201,0.6634181499481201
CYGQKTV,-3.721463203430176,-0.11198171973228455,0.5714285714285714,0.4285714285714285,0.8311470746994019,0.681147089600563
PRKVGQI,-2.5309574604034424,-1.3748993873596191,0.7142857142857143,0.5714285714285714,0.8254334926605225,0.7254334926605225
VEKWHLF,-2.942735433578491,-1.2504760026931763,0.7142857142857143,0.5714285714285714,0.7895394563674927,0.6895394563674927
CVMKGDY,-3.62103271484375,-0.5429983735084534,0.7142857142857143,0.4285714285714285,0.7913308143615723,0.6913308292627335
YEHRNWN,-1.6620821952819824,0.818892776966095,0.5714285714285714,0.2857142857142857,1.198937177658081,1.0
YFRHSNN,-0.39257511496543884,0.5092987418174744,0.2857142857142857,0.2857142857142857,1.3185688257217407,1.0
PYRKFFK,-4.455628871917725,0.02305251732468605,0.7142857142857143,0.5714285714285714,0.7566285729408264,0.656628580391407
YWFRNEH,-1.639181137084961,1.1715359687805176,0.7142857142857143,0.4285714285714285,1.244520902633667,1.0
YLLISQD,-2.3988144397735596,-2.4919843673706055,0.7142857142857143,0.4285714285714285,0.7063755393028259,0.606375539302826
HWHIHMN,-3.0941760540008545,-0.7343142628669739,0.7142857142857143,0.4285714285714285,0.833362340927124,0.7333623707294464
YSSRQTN,2.246927499771118,-2.7758922576904297,0.5714285714285714,0.1428571428571428,1.2470903396606443,1.0
GFSRMEQ,0.2104477435350418,-0.9475323557853699,0.8571428571428571,0.1428571428571428,1.2166194915771484,1.0
RHKVKGN,-3.2937843799591064,1.198715090751648,0.5714285714285714,0.4285714285714285,1.0429798364639282,0.8929798662662506
YYHNKMY,-0.3531365990638733,-1.2083629369735718,0.7142857142857143,0.2857142857142857,1.1152303218841553,1.0
YGMHRRH,-4.081266403198242,0.5123022794723511,0.5714285714285714,0.2857142857142857,0.8622822165489197,0.7122822314500808
NFSHGNI,0.5361045598983765,-3.4210011959075928,0.7142857142857143,0.4285714285714285,0.9570925235748292,0.8570924937725067
YYAHKYD,0.1535680741071701,-0.5418859720230103,0.7142857142857143,0.2857142857142857,1.2587517499923706,1.0
MCMRHCN,-4.031693935394287,0.01960165798664093,0.7142857142857143,0.4285714285714285,0.8086923360824585,0.7086923509836197
YCSLANW,-3.9272477626800537,1.5364243984222412,0.5714285714285714,0.4285714285714285,1.0054969787597656,0.8554969489574432
HMKSKMN,-2.831799030303955,-0.33604976534843445,0.5714285714285714,0.4285714285714285,0.9141230583190918,0.7641230285167694
EHVKSNN,1.077545166015625,-2.7368764877319336,0.4285714285714285,0.2857142857142857,1.1070533990859983,0.9070533990859986
CAGRVNI,-3.37813138961792,-0.379790335893631,0.5714285714285714,0.2857142857142857,0.8411860466003418,0.6911860167980194
YFHKSYT,-1.0765780210494995,0.5434317588806152,0.5714285714285714,0.2857142857142857,1.2380287647247314,1.0
YHRSEAN,1.379152536392212,-0.5373066663742065,0.4285714285714285,0.4285714285714285,1.4110310077667236,1.0
HEKPSED,0.7230302691459656,-4.124815464019775,0.7142857142857143,0.4285714285714285,0.8949146270751953,0.794914597272873
QLHRSAA,1.172236442565918,-1.7591477632522583,0.7142857142857143,0.2857142857142857,1.2372996807098389,1.0
YPAKKRN,-2.468364715576172,-0.7079715132713318,0.7142857142857143,0.1428571428571428,0.914029598236084,0.814029598236084
HDRDFDQ,-0.5888988971710205,-4.252397060394287,0.7142857142857143,0.5714285714285714,0.7170352339744568,0.617035248875618
DHDTYHK,-0.5037500858306885,-2.095935106277466,0.7142857142857143,0.0,0.9889901876449584,0.8889902174472809
SCRQANI,-3.9400062561035156,-0.5004489421844482,0.7142857142857143,0.5714285714285714,0.7570006847381592,0.6570007145404816
VYTVDVT,-1.803548812866211,-0.7805536985397339,0.5714285714285714,0.4285714285714285,0.987533450126648,0.8375334799289703
LYHQLST,-1.0193911790847778,-2.0912535190582275,0.5714285714285714,0.4285714285714285,0.9257226586341858,0.7757226586341858
IPNVEGE,-1.2160173654556274,-3.8847551345825195,0.8571428571428571,0.4285714285714285,0.6839663982391357,0.6339663684368133
VNKDLNI,1.6890801191329956,-4.180483341217041,0.7142857142857143,0.2857142857142857,1.0077608823776243,0.9077608674764632
YVEQTNE,-0.7627938985824585,-2.957098960876465,0.7142857142857143,0.4285714285714285,0.8525279760360718,0.7525279462337494
QTGRSNK,-3.7631032466888428,-1.2520774602890015,0.7142857142857143,0.2857142857142857,0.687785804271698,0.587785804271698
YKFSSNF,-0.40124353766441345,-1.768011212348938,0.5714285714285714,0.4285714285714285,1.0414323806762695,0.8914323210716247
ESPKSNL,-0.02228924073278904,-3.6147561073303223,0.5714285714285714,0.4285714285714285,0.8644770383834839,0.7144770532846451
KVTRMPI,-2.7283458709716797,-1.236829161643982,0.7142857142857143,0.2857142857142857,0.8177345991134644,0.7177345991134644
MSHRSTN,1.5581649541854858,-1.812596082687378,0.5714285714285714,0.2857142857142857,1.278597354888916,1.0
SFCESKM,-3.8602728843688965,-1.055319905281067,0.5714285714285714,0.7142857142857143,0.6996081471443176,0.5496081322431564
EHWRTPS,-1.7639474868774414,-0.39719268679618835,0.5714285714285714,0.2857142857142857,1.0389083623886108,0.8889083921909332
ENRRKIN,-2.430791139602661,-0.8903172016143799,0.5714285714285714,0.4285714285714285,0.8965765237808228,0.7465764939785003
YADRSHN,1.5575891733169556,-3.2586512565612793,0.4285714285714285,0.1428571428571428,1.1032302379608154,0.903230267763138
QGHWIEN,-2.1332411766052246,-1.3861256837844849,0.8571428571428571,0.4285714285714285,0.8733088970184326,0.8233088672161102
WHHVIPH,-2.2303717136383057,-1.4160231351852417,0.7142857142857143,0.4285714285714285,0.8576600551605225,0.7576600551605225
HPIRSTM,0.9509506821632385,-3.3190691471099854,0.7142857142857143,0.5714285714285714,1.020805835723877,0.9208058953285218
YDCNAHF,-3.485360622406006,-0.37647783756256104,0.5714285714285714,0.2857142857142857,0.828312873840332,0.678312873840332
EHNRPGL,0.8349528908729553,-3.929581880569458,0.5714285714285714,0.2857142857142857,0.9324372410774232,0.7824372559785843
YWGDQQG,-1.8221830129623413,0.09947211295366287,0.7142857142857143,0.5714285714285714,1.0919063091278076,0.99190633893013
YQPHHMV,-0.1434827744960785,-2.517653465270996,0.7142857142857143,0.5714285714285714,0.9824681878089904,0.8824681878089905
PAKGQGR,-2.382326126098633,-1.3323804140090942,0.7142857142857143,0.2857142857142857,0.8489879369735718,0.7489879667758942
HHFCDNS,-3.8695318698883057,-0.4633094072341919,0.7142857142857143,0.2857142857142857,0.7702274322509766,0.6702274322509766
NYHRANR,-4.34720516204834,0.4758184254169464,0.7142857142857143,0.2857142857142857,0.8249370455741882,0.7249370306730271
YYKKSQS,-1.5708683729171753,0.9520169496536255,0.5714285714285714,0.4285714285714285,1.2263668775558472,1.0
YNRTEWT,-2.0855872631073,-0.2246348112821579,0.7142857142857143,0.5714285714285714,1.0200083255767822,0.9200082659721376
ESPRQQN,0.2133822739124298,-4.098336696624756,0.7142857142857143,0.2857142857142857,0.8350313305854797,0.7350313305854798
YHPKKRN,-2.8582077026367188,0.5113303661346436,0.5714285714285714,0.4285714285714285,1.0135760307312012,0.8635759711265564
CGCASEL,-3.8026578426361084,-1.3249870538711548,0.7142857142857143,0.4285714285714285,0.6740507483482361,0.5740507483482361
YVAKNEG,1.2243965864181519,-2.596668004989624,0.5714285714285714,0.1428571428571428,1.1422297954559326,0.9922297954559326
YHSRHVI,-0.39503657817840576,0.13650314509868622,0.5714285714285714,0.2857142857142857,1.2730724811553955,1.0
YASRPSN,2.3007171154022217,-1.9609870910644531,0.5714285714285714,0.2857142857142857,1.3525350093841553,1.0
FGERKAT,0.8394840359687805,-2.6693806648254395,0.5714285714285714,0.4285714285714285,1.0857641696929932,0.9357641398906708
WYHNGYE,-2.126290798187256,-0.23018527030944824,0.7142857142857143,0.4285714285714285,1.0142964124679563,0.9142963826656342
YFQWQHN,-1.97590172290802,0.5991947650909424,0.7142857142857143,0.4285714285714285,1.1334545612335205,1.0
YSQRDSH,0.9002469778060913,-3.0378854274749756,0.7142857142857143,0.2857142857142857,1.0486149787902832,0.9486150085926056
YMWIIEH,-3.96431303024292,-0.12863536179065704,0.7142857142857143,0.5714285714285714,0.7990640997886658,0.6990640848875046
HAFMGHN,-0.30272379517555237,-1.6857151985168457,0.5714285714285714,0.4285714285714285,1.0636049509048462,0.9136049807071686
VFFRHEQ,-2.003103017807007,0.9664723873138428,0.7142857142857143,0.4285714285714285,1.174609661102295,1.0
YMHKIKN,-2.3678486347198486,-0.012845518998801708,0.7142857142857143,0.2857142857142857,1.0107388496398926,0.9107388198375702
QHHVVAN,0.17321868240833282,-3.810133457183838,0.7142857142857143,0.4285714285714285,0.8649961948394775,0.7649961650371552
RTHRSEN,-2.162433624267578,-0.4334440529346466,0.7142857142857143,0.2857142857142857,0.985182285308838,0.8851822853088379
PTHREGL,0.5614437460899353,-3.4810285568237305,0.7142857142857143,0.4285714285714285,0.9529526829719543,0.8529526978731156
HHNRKNG,-1.6092087030410767,-0.3699403405189514,0.7142857142857143,0.4285714285714285,1.0613682270050049,0.9613682568073272
VYHNNNM,-0.3598562479019165,-2.4405837059020996,0.7142857142857143,0.4285714285714285,0.9650244116783142,0.8650244116783142
YFRASYM,-3.1029436588287354,-0.15640734136104584,0.5714285714285714,0.4285714285714285,0.902332842350006,0.7523328423500061
YSHRVHN,0.09144534915685654,-0.6114770770072937,0.5714285714285714,0.1428571428571428,1.2426249980926514,1.0
VLHGSIE,-0.4477229714393616,-3.9659743309020996,0.7142857142857143,0.4285714285714285,0.7692335844039917,0.6692336142063141
IGLRKAG,-1.4852062463760376,-1.4125556945800781,0.7142857142857143,0.4285714285714285,0.9503300189971924,0.8503300189971924
YHCKCTW,-4.2312140464782715,-0.18582874536514282,0.7142857142857143,0.4285714285714285,0.7590892314910889,0.6590892612934113
YMHQVLW,-3.6232171058654785,-0.7691657543182373,0.7142857142857143,0.4285714285714285,0.7636436223983765,0.6636436372995377
RHHHGPF,-0.934791088104248,-0.7555132508277893,0.7142857142857143,0.1428571428571428,1.098119020462036,0.9981189608573914
EYHPIGI,-0.8258118033409119,-3.0276377201080322,0.5714285714285714,0.4285714285714285,0.8361755013465881,0.6861755013465881
YYMCSKD,-3.5117619037628174,-0.6348316669464111,0.5714285714285714,0.4285714285714285,0.7937259078025818,0.6437259078025818
VYKKASP,-0.4051859974861145,-0.7860487103462219,0.5714285714285714,0.1428571428571428,1.1599810123443604,1.0
SYHRPDY,-1.38643217086792,0.6465795040130615,0.7142857142857143,0.4285714285714285,1.2121734619140625,1.0
RGHRSSH,-4.371401786804199,1.1377650499343872,0.5714285714285714,0.2857142857142857,0.9021849632263184,0.7521849557757377
YVKRSNN,-1.8365933895111084,1.3773767948150635,0.4285714285714285,0.0,1.2450344562530518,1.0
HHSRWEW,-0.8484292030334473,0.49489864706993103,0.7142857142857143,0.4285714285714285,1.2603895664215088,1.0
GHHKSSN,0.49659886956214905,-0.5809023380279541,0.4285714285714285,0.2857142857142857,1.2964882850646973,1.0
GHHKNNE,1.1887129545211792,-2.600775957107544,0.7142857142857143,0.4285714285714285,1.1373143196105957,1.0
YVHRQNG,0.8703634142875671,0.13372625410556793,0.7142857142857143,0.2857142857142857,1.429389238357544,1.0
YHSQFSN,-0.43836715817451477,-2.181431770324707,0.5714285714285714,0.4285714285714285,0.9867202043533324,0.8367202043533325
YYHRGNN,-0.6420488953590393,1.3694806098937988,0.5714285714285714,0.0,1.3919588327407837,1.0
HYHRSFR,-4.612462997436523,1.3275909423828125,0.5714285714285714,0.4285714285714285,0.8953535556793213,0.7453535705804825
YYHKKNY,-2.5641560554504395,0.8097468614578247,0.5714285714285714,0.2857142857142857,1.086153864860535,0.936153894662857
GHRRKNE,-1.76631760597229,0.4192099869251251,0.5714285714285714,0.2857142857142857,1.1375820636749268,0.9875820934772492
YWHRNED,-1.683815836906433,0.3898605406284332,0.5714285714285714,0.2857142857142857,1.144237756729126,0.9942377269268036
WKYVTRQ,-3.9647533893585205,-0.24464170634746552,0.7142857142857143,0.7142857142857143,0.784946858882904,0.6849468737840653
YMHKSTN,1.5168319940567017,-0.44110867381095886,0.4285714285714285,0.1428571428571428,1.4397368431091309,1.0
YYYFNNN,-3.5460939407348633,0.6010808944702148,0.5714285714285714,0.4285714285714285,0.9392972588539124,0.7892972737550735
IGKRSQD,1.419368028640747,-3.3589935302734375,0.5714285714285714,0.2857142857142857,1.0739550590515137,0.92395501434803
VTHKSAN,1.740926742553711,-2.2422306537628174,0.5714285714285714,0.4285714285714285,1.249140977859497,1.0
YSHSRTN,1.2166054248809814,-1.0091447830200195,0.4285714285714285,0.2857142857142857,1.3337103128433228,1.0
IYHRKTN,-2.824946165084839,1.5689423084259033,0.5714285714285714,0.4285714285714285,1.145901083946228,0.9959011137485504
IHSPSQN,0.48756343126296997,-4.097152233123779,0.5714285714285714,0.4285714285714285,0.8691178560256958,0.7191178411245346
YMHKSEN,1.0398482084274292,-1.0074026584625244,0.5714285714285714,0.1428571428571428,1.3120393753051758,1.0
YHHRKAN,-2.589369058609009,1.3158648014068604,0.5714285714285714,0.2857142857142857,1.1443860530853271,0.9943860530853272
YSHRSNN,1.822951078414917,1.5215983390808105,0.4285714285714285,0.1428571428571428,1.715559959411621,1.0
MGHRSEM,0.8287457823753357,-2.0423929691314697,0.7142857142857143,0.2857142857142857,1.160440444946289,1.0
GYRRGNN,-2.6920981407165527,-0.710247814655304,0.5714285714285714,0.2857142857142857,0.8860560059547424,0.7360560059547424
YHHKNEQ,0.2431815266609192,-0.5498672127723694,0.5714285714285714,0.2857142857142857,1.2688782215118408,1.0
YYHRSSI,-1.5517349243164062,0.8866682648658752,0.5714285714285714,0.1428571428571428,1.2208137512207031,1.0
ESHRVWA,-1.6613980531692505,-1.24386727809906,0.7142857142857143,0.4285714285714285,0.9489668607711792,0.8489668905735016
YAHRANE,1.542074203491211,-0.4728253185749054,0.7142857142857143,0.1428571428571428,1.4390170574188232,1.0
MHHKFNN,-0.16205145418643951,-0.9289769530296326,0.5714285714285714,0.2857142857142857,1.1727542877197266,1.0
TYRHDTG,1.5529838800430298,-1.6161459684371948,0.5714285714285714,0.4285714285714285,1.3017703294754028,1.0
EHGNLTD,-1.0569286346435547,-4.593728542327881,0.5714285714285714,0.5714285714285714,0.617716908454895,0.4641437146812677
YHHGSME,0.9572926163673401,-3.0326671600341797,0.5714285714285714,0.2857142857142857,1.056309700012207,0.9063096404075622
YYHRSNW,-2.1079447269439697,1.6727596521377563,0.5714285714285714,0.1428571428571428,1.2472491264343262,1.0
YSRGSSD,1.7272299528121948,0.6183224320411682,0.4285714285714285,0.2857142857142857,1.5942115783691406,1.0
DYRFSEE,-1.1039049625396729,-1.154862880706787,0.5714285714285714,0.5714285714285714,1.0287725925445557,0.8787725925445556
YYKRSAA,-2.1815829277038574,0.49929869174957275,0.5714285714285714,0.2857142857142857,1.0958819389343262,0.9458818793296814
YYHSSGT,-1.4643079042434692,-1.110963225364685,0.5714285714285714,0.2857142857142857,0.9894772171974182,0.8394772171974182
HHKKALT,-1.845143437385559,0.13721734285354614,0.5714285714285714,0.5714285714285714,1.093639612197876,0.9436395823955536
AATSGSN,0.24728840589523315,-4.2705793380737305,0.4285714285714285,0.4285714285714285,0.8183489441871643,0.6183489590883255
YYHKSRH,-3.19708514213562,1.2935737371444702,0.4285714285714285,0.2857142857142857,1.066450119018555,0.8664500892162323
YYVKSMN,-0.2733950614929199,0.5654351711273193,0.5714285714285714,0.1428571428571428,1.340127944946289,1.0
YKHRHPN,-2.0208871364593506,0.5267758965492249,0.5714285714285714,0.2857142857142857,1.1191065311431885,0.969106501340866
YYHQQEV,-1.3207447528839111,-0.7691951394081116,0.5714285714285714,0.2857142857142857,1.048680305480957,0.8986803352832794
YAYRSNV,0.13044396042823792,0.3951714336872101,0.5714285714285714,0.4285714285714285,1.369482398033142,1.0
YSRRSSF,-3.1086959838867188,0.5703874826431274,0.5714285714285714,0.2857142857142857,0.9897252321243286,0.839725261926651
VYKREAP,0.9563339948654175,-1.5834805965423584,0.4285714285714285,0.4285714285714285,1.231866478919983,1.0
FKHRDTN,0.12061430513858795,-1.0920311212539673,0.7142857142857143,0.4285714285714285,1.1879816055297852,1.0
PQYRYVG,-2.3642630577087402,0.4508628249168396,0.7142857142857143,0.5714285714285714,1.0673949718475342,0.967395031452179
YSSHEQN,0.035393357276916504,-3.8443515300750732,0.5714285714285714,0.4285714285714285,0.8437857031822205,0.6937857031822204
DKHMGDN,0.3037661910057068,-4.009264945983887,0.5714285714285714,0.4285714285714285,0.8570181727409363,0.7070181876420975
YNSGKNW,0.800987184047699,-1.2596237659454346,0.7142857142857143,0.4285714285714285,1.2518938779830933,1.0
ANYRGNN,1.5695085525512695,-2.3994600772857666,0.5714285714285714,0.4285714285714285,1.2088600397109983,1.0
NHHRANW,-1.6914016008377075,-0.4910997450351715,0.7142857142857143,0.2857142857142857,1.0365056991577148,0.93650563955307
YYRKDSD,-0.37968531250953674,-0.31473681330680847,0.5714285714285714,0.2857142857142857,1.2202720642089844,1.0
MHSRSTW,-1.8549143075942993,0.012522190809249878,0.7142857142857143,0.4285714285714285,1.0773138999938965,0.9773139297962188
YYHKQFN,0.16264136135578156,-0.36115431785583496,0.5714285714285714,0.2857142857142857,1.281783938407898,1.0
MHHNVSI,-0.15870842337608337,-2.8749279975891113,0.7142857142857143,0.5714285714285714,0.9372732639312744,0.8372732639312744
VVGRWEQ,-1.949120044708252,-0.2710537016391754,0.7142857142857143,0.5714285714285714,1.031275510787964,0.9312754809856416
YHHALAS,0.752062976360321,-1.195925235748291,0.7142857142857143,0.2857142857142857,1.2535589933395386,1.0
YLARQHG,0.6447265148162842,-1.4769078493118286,0.5714285714285714,0.4285714285714285,1.2062093019485474,1.0
VDSRAHS,1.0579034090042114,-2.8718879222869873,0.5714285714285714,0.5714285714285714,1.0882551670074463,0.938255226612091
YQHRGHS,-0.357350617647171,-0.9232785105705261,0.7142857142857143,0.4285714285714285,1.149267554283142,1.0
YSHRSVE,1.9441591501235962,-0.5101712346076965,0.7142857142857143,0.2857142857142857,1.4842668771743774,1.0
YHMRNGN,0.6424455642700195,-0.19185060262680054,0.5714285714285714,0.1428571428571428,1.361706018447876,1.0
YSHWLLQ,-4.10178804397583,0.07259783148765564,0.5714285714285714,0.4285714285714285,0.8064392805099487,0.6564392507076263
AYWKSKV,-3.0168333053588867,0.851787269115448,0.4285714285714285,0.4285714285714285,1.035209894180298,0.8352099239826203
YHHRSNN,0.15554393827915192,1.2076259851455688,0.2857142857142857,0.0,1.4710781574249268,1.0
WYGRDAN,-0.7032595276832581,-1.0003890991210938,0.5714285714285714,0.4285714285714285,1.0970972776412964,0.9470972776412964
YHRRNNI,-2.897062301635742,0.666005551815033,0.4285714285714285,0.1428571428571428,1.0275161266326904,0.8275161862373352
YLHKSAF,0.43408626317977905,-1.1710765361785889,0.5714285714285714,0.2857142857142857,1.2172064781188965,1.0
NHAAAEN,-0.5722445249557495,-5.362491607666016,0.7142857142857143,0.4285714285714285,0.5845274925231934,0.4529966477071866
YSTATTV,0.6330925822257996,-4.338461875915527,0.7142857142857143,0.5714285714285714,0.8578815460205078,0.757881560921669
YVHKDIF,-0.9654613733291626,-1.467454433441162,0.7142857142857143,0.4285714285714285,1.008018136024475,0.9080181062221528
YAHRPAW,-1.9477272033691406,-0.45319363474845886,0.7142857142857143,0.2857142857142857,1.0093681812286377,0.9093682408332824
YHHRSKY,-3.0859525203704834,1.1482166051864624,0.5714285714285714,0.1428571428571428,1.0625873804092407,0.9125873506069184
YHHSRNN,-0.44050878286361694,0.21950574219226837,0.4285714285714285,0.2857142857142857,1.2775050401687622,1.0
KMHDTRD,1.2999868392944336,-3.6820056438446045,0.7142857142857143,0.4285714285714285,1.020019292831421,0.9200192779302596
VWVRSVV,-2.4371044635772705,2.246654987335205,0.5714285714285714,0.4285714285714285,1.2760696411132812,1.0
IHKRMNN,-2.4325437545776367,0.1515989601612091,0.5714285714285714,0.2857142857142857,1.0226643085479736,0.8726642787456512
QHHRYNF,-2.1280105113983154,-0.4992181956768036,0.7142857142857143,0.2857142857142857,0.9814704060554504,0.8814704060554505
YQHGETQ,0.12867723405361176,-4.522485256195068,0.5714285714285714,0.4285714285714285,0.77312833070755,0.6221460435539484
YTPRSND,1.1952170133590698,-2.548372507095337,0.5714285714285714,0.2857142857142857,1.1444720029830933,0.9944720029830932
NHFSSNG,0.9091066122055054,-3.9856982231140137,0.5714285714285714,0.4285714285714285,0.9348146319389344,0.7848146468400955
YHHRPAG,0.29556113481521606,0.12025158107280731,0.5714285714285714,0.2857142857142857,1.3565967082977295,1.0
IHMRQTT,1.06353759765625,-1.820321798324585,0.5714285714285714,0.4285714285714285,1.216427206993103,1.0
ASKRLEN,0.41861534118652344,-2.9510421752929688,0.7142857142857143,0.4285714285714285,0.9995176792144777,0.8995176494121552
MHDRNEW,0.43027463555336,-2.735633611679077,0.7142857142857143,0.4285714285714285,1.027073621749878,0.9270735919475556
YHHRFEW,-0.19984112679958344,0.6000276803970337,0.7142857142857143,0.2857142857142857,1.3534272909164429,1.0
YTNRSNN,2.0228383541107178,-1.914968729019165,0.4285714285714285,0.2857142857142857,1.3237128257751465,1.0
GMKFSGN,1.4738152027130127,-3.279524564743042,0.5714285714285714,0.4285714285714285,1.0903289318084717,0.9403289020061492
YHKKGNG,-1.6016123294830322,-0.08684488385915756,0.5714285714285714,0.4285714285714285,1.0966265201568604,0.9466264605522156
YYHPAAN,-1.1844611167907715,-1.9375009536743164,0.5714285714285714,0.2857142857142857,0.923925757408142,0.7739257872104645
YYYRGHT,-2.657465934753418,0.94149249792099,0.7142857142857143,0.4285714285714285,1.0905730724334717,0.9905730724334716
YAHKANQ,2.2627694606781006,-0.8540405631065369,0.7142857142857143,0.2857142857142857,1.482025146484375,1.0
YYHKAVH,-0.3099563419818878,-0.1838078498840332,0.5714285714285714,0.2857142857142857,1.2447760105133057,1.0
THHHLNG,-0.20704559981822968,-1.82654869556427,0.7142857142857143,0.4285714285714285,1.058377385139465,0.9583774149417876
YGHRSEW,-1.179021954536438,0.8857247829437256,0.7142857142857143,0.1428571428571428,1.2668403387069702,1.0
HNSRSIY,-0.9031475186347961,-1.0451288223266602,0.7142857142857143,0.5714285714285714,1.066928148269653,0.9669281482696532
YFQRSNG,0.08450166136026382,0.011353511363267899,0.5714285714285714,0.2857142857142857,1.3172671794891355,1.0
IYHGSND,-0.2917194962501526,-2.534045696258545,0.5714285714285714,0.4285714285714285,0.9621297121047974,0.8121297419071197
YHYMTEE,-2.2851574420928955,-1.0904463529586792,0.7142857142857143,0.4285714285714285,0.8903452157974243,0.7903452455997467
TYYKSMW,-2.2494733333587646,1.5573405027389526,0.4285714285714285,0.4285714285714285,1.215736746788025,1.0
GWRRYEN,-2.7380471229553223,0.5092018246650696,0.7142857142857143,0.4285714285714285,1.0281935930252075,0.9281935930252077
YYDRVGK,0.7068564295768738,-1.3511743545532227,0.5714285714285714,0.4285714285714285,1.229142665863037,1.0
YNKRSSL,-2.573300838470459,-0.8179029226303101,0.5714285714285714,0.4285714285714285,0.8877124786376953,0.7377124786376953
MHSRAAD,1.7528489828109741,-3.2671313285827637,0.7142857142857143,0.4285714285714285,1.1263749599456787,1.0
SHYRASN,0.0644666850566864,-0.6375072598457336,0.5714285714285714,0.4285714285714285,1.2361295223236084,1.0
NHHHSHN,-0.7549777030944824,-0.6077656149864197,0.5714285714285714,0.2857142857142857,1.1382899284362793,0.9882898688316344
YHHIDNN,0.007463462650775909,-1.20077383518219,0.4285714285714285,0.1428571428571428,1.1607916355133057,0.9607916951179504
VHHRAEN,0.8292733430862427,-0.6468449234962463,0.5714285714285714,0.1428571428571428,1.3296787738800049,1.0
YWKKSLD,-0.7314555644989014,0.6064165830612183,0.5714285714285714,0.2857142857142857,1.2883892059326172,1.0
YSHKKRV,-2.872157573699951,0.5873557329177856,0.5714285714285714,0.4285714285714285,1.02106511592865,0.8710650861263275
AHHISTH,-0.5501196980476379,-1.824952483177185,0.5714285714285714,0.4285714285714285,1.0160990953445437,0.8660991251468658
VWHNQVN,-1.7697855234146118,-1.8106062412261963,0.7142857142857143,0.4285714285714285,0.8668467402458191,0.7668467402458191
YHYRYNG,-1.8056951761245728,-0.09361743927001953,0.5714285714285714,0.2857142857142857,1.0705405473709106,0.9205405175685882
FYHRGNP,-0.5966395139694214,1.3720917701721191,0.5714285714285714,0.2857142857142857,1.3978968858718872,1.0
YGRKYNN,-2.3898141384124756,-0.5133779644966125,0.4285714285714285,0.2857142857142857,0.9473432302474976,0.7473432302474976
YSATSND,0.28772780299186707,-3.8960561752319336,0.5714285714285714,0.2857142857142857,0.8687562942504883,0.7187562644481659
YYHTSHN,-1.2458748817443848,-1.0922527313232422,0.5714285714285714,0.1428571428571428,1.018786907196045,0.8687868773937225
YSHKQEN,1.3851677179336548,-2.163461208343506,0.5714285714285714,0.2857142857142857,1.214647650718689,1.0
EHHRNNI,0.9466923475265503,-2.4707155227661133,0.7142857142857143,0.1428571428571428,1.1231191158294678,1.0
GHNASTQ,0.504606306552887,-4.8143391609191895,0.7142857142857143,0.5714285714285714,0.7842878103256226,0.6726916547864675
YHHNPNE,0.5140798687934875,-1.76750648021698,0.5714285714285714,0.2857142857142857,1.1548082828521729,1.0
THHRENT,0.4577324688434601,-1.847211241722107,0.7142857142857143,0.2857142857142857,1.1381704807281494,1.0
YWPRSNN,-1.8525794744491577,0.9219908118247986,0.4285714285714285,0.1428571428571428,1.187851905822754,0.9878519356250764
YVRSSST,1.9983257055282593,-0.41160234808921814,0.5714285714285714,0.4285714285714285,1.502921462059021,1.0
YYPNGNN,-0.6664617657661438,-1.5010218620300293,0.5714285714285714,0.2857142857142857,1.0409643650054932,0.8909643352031708
YRRPSEN,-0.01109966542571783,-1.1654616594314575,0.4285714285714285,0.2857142857142857,1.1627743244171145,0.9627742648124696
YYHKSMS,0.43043312430381775,0.37388312816619873,0.4285714285714285,0.2857142857142857,1.4040396213531494,1.0
YHHKQQT,-0.32553809881210327,-0.039888788014650345,0.7142857142857143,0.4285714285714285,1.2602933645248413,1.0
YHFRQSN,-1.3968473672866821,0.08215592056512833,0.5714285714285714,0.2857142857142857,1.1424627304077148,0.99246267080307
YHKRHEE,-0.42293015122413635,-0.5683258771896362,0.7142857142857143,0.2857142857142857,1.1841775178909302,1.0
THHRNGT,0.23488189280033112,-1.1180269718170166,0.5714285714285714,0.1428571428571428,1.1989762783050537,1.0
YHHRGHN,-0.031043026596307755,0.6489031910896301,0.4285714285714285,0.1428571428571428,1.3802489042282104,1.0
YYHDPHE,-1.418576955795288,-1.6042691469192505,0.7142857142857143,0.2857142857142857,0.9353383779525756,0.8353383779525757
YLHRPNT,0.06493449956178665,-0.3501608669757843,0.7142857142857143,0.1428571428571428,1.2710206508636477,1.0
GARRSSH,-3.428941249847412,-0.21305614709854126,0.5714285714285714,0.4285714285714285,0.8551080226898193,0.7051080077886581
YHRRSQE,-0.6253789067268372,1.3729463815689087,0.4285714285714285,0.1428571428571428,1.3944425582885742,1.0
YHHRSSG,0.6122789978981018,1.0777634382247925,0.5714285714285714,0.1428571428571428,1.511878490447998,1.0
HYHRPNM,-0.8548111319541931,0.23840631544589996,0.7142857142857143,0.2857142857142857,1.228506565093994,1.0
YYHENTN,-1.341220736503601,-0.49707257747650146,0.5714285714285714,0.4285714285714285,1.0791330337524414,0.9291330337524414
YLNRHHP,-0.7132292985916138,-0.7979179620742798,0.7142857142857143,0.4285714285714285,1.1204073429107666,1.0
YYHRSSN,-1.4665004014968872,1.0760574340820312,0.5714285714285714,0.1428571428571428,1.2543240785598757,1.0
ETRRSEQ,-0.2053653597831726,-2.589029550552368,0.5714285714285714,0.4285714285714285,0.9661548733711244,0.8161548733711242
YYKRLNQ,-3.759312152862549,1.0749385356903076,0.5714285714285714,0.2857142857142857,0.970344066619873,0.820344066619873
IHSNQQN,0.41424664855003357,-4.194110870361328,0.7142857142857143,0.4285714285714285,0.8482877016067505,0.7482877165079117
THHRHFN,-1.7642805576324463,0.21531790494918823,0.5714285714285714,0.2857142857142857,1.1131176948547363,0.9631177246570588
YYSHDEQ,-1.6163549423217773,-1.397193431854248,0.7142857142857143,0.4285714285714285,0.9359563589096068,0.8359563887119293
YSQQWKP,-0.30880817770957947,-1.4480173587799072,0.5714285714285714,0.5714285714285714,1.091666340827942,0.9416663110256196
YHTRSEN,1.1074413061141968,-0.6256154179573059,0.4285714285714285,0.2857142857142857,1.366688847541809,1.0
YYHRYIK,-4.755817890167236,0.3524353504180908,0.7142857142857143,0.2857142857142857,0.7593948841094971,0.6593949139118195
YTHSNGM,0.5500132441520691,-3.723449468612671,0.5714285714285714,0.4285714285714285,0.922150492668152,0.7721504628658294
NSHELED,-0.7711977958679199,-4.214117050170898,0.7142857142857143,0.5714285714285714,0.6991075277328491,0.599107512831688
YHSMSGN,1.3133457899093628,-1.1215908527374268,0.4285714285714285,0.2857142857142857,1.3320554494857788,1.0
VVRVYTW,-4.314957141876221,-0.38866135478019714,0.5714285714285714,0.4285714285714285,0.7241339683532715,0.5741339758038521
YWSSGNE,-1.6034564971923828,-0.71648108959198,0.5714285714285714,0.4285714285714285,1.020071506500244,0.8700714766979217
KKSKGNN,-3.047822952270508,0.5629372000694275,0.7142857142857143,0.4285714285714285,0.996358036994934,0.8963580667972565
YHHSMGE,0.6482877731323242,-2.684417486190796,0.7142857142857143,0.2857142857142857,1.0602716207504272,0.9602716505527495
YLIKRGW,-4.807676315307617,0.5824867486953735,0.7142857142857143,0.5714285714285714,0.78086256980896,0.6808625511825085
YYHRSHD,-0.5832008123397827,-0.7188376784324646,0.5714285714285714,0.1428571428571428,1.1460908651351929,0.9960908651351928
AHTHAAP,0.11925914883613586,-3.9724295139312744,0.7142857142857143,0.5714285714285714,0.8386420607566833,0.7386420607566834
MHDRSTN,1.7493497133255005,-3.179697036743164,0.5714285714285714,0.2857142857142857,1.1365408897399902,0.9865408897399902
YHHRSNN,0.15554393827915192,1.2076259851455688,0.2857142857142857,0.0,1.4710781574249268,1.0
YHHKQEP,0.27442795038223267,-1.3359450101852417,0.7142857142857143,0.2857142857142857,1.177455186843872,1.0
THSRKEN,-0.49812963604927063,-1.2083253860473633,0.5714285714285714,0.4285714285714285,1.0972850322723389,0.9472850322723388
LGHRNNN,1.678712248802185,-2.7410740852355957,0.5714285714285714,0.2857142857142857,1.1809675693511963,1.0
QYHSWNG,-2.2288146018981934,0.5904952883720398,0.5714285714285714,0.4285714285714285,1.1010899543762207,0.951089894771576
GYHRDKW,-1.500944972038269,0.7092330455780029,0.7142857142857143,0.4285714285714285,1.205592155456543,1.0
YSHREKF,0.5436690449714661,-1.600282073020935,0.5714285714285714,0.2857142857142857,1.17874276638031,1.0
YNRRSHD,-1.0817334651947021,-1.1065402030944824,0.5714285714285714,0.2857142857142857,1.0373752117156982,0.8873751521110534
VFHGQSG,0.7219153046607971,-3.8254270553588867,0.5714285714285714,0.5714285714285714,0.9310694932937622,0.7810694634914398
TLHMQPT,-0.12008538842201233,-4.1215434074401855,0.5714285714285714,0.5714285714285714,0.7909356355667114,0.6409356504678726
QHGRVTN,1.0636056661605835,-2.9153943061828613,0.5714285714285714,0.2857142857142857,1.08368718624115,0.93368718624115
VHHGNTE,0.4039725065231323,-4.291732311248779,0.7142857142857143,0.4285714285714285,0.8351818323135376,0.73518186211586
YHHKSHA,0.6739934086799622,0.7684637308120728,0.5714285714285714,0.2857142857142857,1.4820241928100586,1.0
YNHRSAN,1.8628737926483154,-0.49198728799819946,0.5714285714285714,0.2857142857142857,1.4764083623886108,1.0
YMHRMGE,0.9287440180778503,-0.45946434140205383,0.7142857142857143,0.2857142857142857,1.3647079467773438,1.0
KQHRASP,-2.288158416748047,-0.15420560538768768,0.5714285714285714,0.4285714285714285,1.003468036651611,0.8534680664539337
YGSHGHT,0.2856396734714508,-2.1936581134796143,0.7142857142857143,0.4285714285714285,1.0748683214187622,0.9748683214187622
MHHKGNF,0.6895070672035217,-0.4983777701854706,0.7142857142857143,0.4285714285714285,1.330373764038086,1.0
VKARSHN,-4.0092363357543945,0.5677394866943359,0.5714285714285714,0.4285714285714285,0.8779196739196777,0.7279196888208389
NHRRTNN,-2.7750494480133057,0.08949364721775055,0.4285714285714285,0.4285714285714285,0.9727343320846558,0.7727343320846558
YTHHHEF,-0.9305266737937927,-0.9866092205047607,0.7142857142857143,0.4285714285714285,1.0706326961517334,0.9706326365470886
YHHRGNN,0.3475673794746399,1.4248273372650146,0.4285714285714285,0.1428571428571428,1.5211801528930664,1.0
YHHRHNN,-0.27577322721481323,0.7130427360534668,0.4285714285714285,0.1428571428571428,1.3577271699905396,1.0
YHNDVFN,-1.5687352418899536,-1.673006296157837,0.5714285714285714,0.4285714285714285,0.9084166288375854,0.7584166288375854
YSFRGQN,-0.4410279095172882,-0.8891670107841492,0.4285714285714285,0.4285714285714285,1.1430435180664062,0.9430435776710512
YSHHSTN,0.9455640912055969,-0.954300582408905,0.5714285714285714,0.2857142857142857,1.3068045377731323,1.0
YYTRKNE,1.1198135614395142,0.39716407656669617,0.5714285714285714,0.4285714285714285,1.4922053813934326,1.0
YLRRNND,0.47878000140190125,-0.7787306904792786,0.4285714285714285,0.2857142857142857,1.2703008651733398,1.0
YSGKSHT,1.6645379066467285,-2.1783697605133057,0.5714285714285714,0.4285714285714285,1.2474257946014404,1.0
YYLKGEY,-1.478835940361023,0.5362492203712463,0.7142857142857143,0.4285714285714285,1.1873594522476196,1.0
HLHKDNN,0.7390966415405273,-2.201098918914795,0.7142857142857143,0.2857142857142857,1.1301031112670898,1.0
DHHRSGN,0.8670883774757385,-2.097661256790161,0.5714285714285714,0.2857142857142857,1.158487319946289,1.0
QHHKSHE,0.17721189558506012,-0.07331831753253937,0.5714285714285714,0.2857142857142857,1.3184800148010254,1.0
HYHRAEF,-1.1265630722045898,-0.11527352780103683,0.7142857142857143,0.2857142857142857,1.1519901752471924,1.0
RYHRNEN,-1.6411023139953613,0.2935655117034912,0.7142857142857143,0.2857142857142857,1.137852430343628,1.0
YSRRIKW,-3.0138049125671387,0.8603366613388062,0.4285714285714285,0.4285714285714285,1.0366212129592896,0.836621242761612
YYHEAGN,-1.686461329460144,-1.1408625841140747,0.5714285714285714,0.2857142857142857,0.9583507180213928,0.8083507180213928
MMHKYTE,0.7457923889160156,-2.9102296829223633,0.5714285714285714,0.4285714285714285,1.0449687242507937,0.8949687540531158
EHSRAND,1.1191399097442627,-4.124215126037598,0.7142857142857143,0.2857142857142857,0.9440246820449828,0.8440247118473053
EHGKSAN,1.1744036674499512,-3.333758592605591,0.5714285714285714,0.4285714285714285,1.0466880798339844,0.8966881245374679
FYAYYQT,-3.622068405151367,0.6781544089317322,0.7142857142857143,0.5714285714285714,0.939234972000122,0.8392349720001221
HHSRSTN,0.49277806282043457,-0.057420335710048676,0.5714285714285714,0.2857142857142857,1.359473705291748,1.0
YFHKSGN,0.24123793840408325,-0.14033374190330505,0.5714285714285714,0.2857142857142857,1.3182826042175293,1.0
YHHRRNF,-3.4625933170318604,0.9213783144950867,0.5714285714285714,0.2857142857142857,0.988461971282959,0.838461971282959
VFGRSEH,0.5588074922561646,-0.9307395815849304,0.5714285714285714,0.4285714285714285,1.2617812156677246,1.0
YGHHARS,-0.8991134762763977,-0.26508331298828125,0.7142857142857143,0.4285714285714285,1.1619873046875,1.0
HYSRSGE,0.8909458518028259,-0.05640536546707153,0.5714285714285714,0.2857142857142857,1.408888816833496,1.0
YHHRYVK,-2.8294124603271484,0.8126596212387085,0.5714285714285714,0.2857142857142857,1.053668975830078,0.903668975830078
HVAKMNN,1.573074221611023,-2.6997528076171875,0.5714285714285714,0.4285714285714285,1.1728990077972412,1.0
YSHRSEY,-0.5098338723182678,0.9452404379844666,0.7142857142857143,0.2857142857142857,1.3568989038467407,1.0
YYHKSST,0.11569706350564957,0.12309283763170242,0.4285714285714285,0.2857142857142857,1.33467435836792,1.0
YSRTNEN,0.9677278399467468,0.25418180227279663,0.2857142857142857,0.4285714285714285,1.4560446739196775,1.0
YPSRSGN,2.809251308441162,-1.5312130451202393,0.5714285714285714,0.2857142857142857,1.4675889015197754,1.0
YNHKSIW,-1.088965654373169,-0.7323500514030457,0.5714285714285714,0.2857142857142857,1.0818405151367188,0.9318405151367188
AFYKLDE,-1.2631926536560059,-1.091867446899414,0.7142857142857143,0.5714285714285714,1.016689658164978,0.9166896283626556
YMHFWEP,-3.3570444583892822,0.40465185046195984,0.8571428571428571,0.4285714285714285,0.9388893246650696,0.8888893097639083
IHHRVEW,-0.834428071975708,-0.2924787998199463,0.7142857142857143,0.4285714285714285,1.166674256324768,1.0
RKHRHQQ,-3.568694829940796,0.5523204207420349,0.7142857142857143,0.4285714285714285,0.9305884838104248,0.8305884689092636
GYHRGFP,-1.5607548952102661,0.6576746702194214,0.5714285714285714,0.4285714285714285,1.191937804222107,1.0
VHHESTG,0.28845468163490295,-4.489615440368652,0.5714285714285714,0.4285714285714285,0.7968928813934326,0.6468928962945938
YLARNHD,1.121627926826477,-2.1436471939086914,0.5714285714285714,0.4285714285714285,1.1844240427017212,1.0
YYHRREN,-1.1936982870101929,1.0120948553085327,0.7142857142857143,0.1428571428571428,1.2803425788879397,1.0
MYHRSNE,1.4645096063613892,0.16978417336940765,0.5714285714285714,0.1428571428571428,1.5073139667510986,1.0
LYHKQQG,1.3842312097549438,-0.2529485821723938,0.5714285714285714,0.4285714285714285,1.4461307525634766,1.0
WHHKLGE,0.8565730452537537,-0.9203759431838989,0.7142857142857143,0.2857142857142857,1.2999000549316406,1.0
IHGRSSD,1.019756555557251,-1.9073024988174438,0.5714285714285714,0.2857142857142857,1.2004631757736206,1.0
YYSRDNE,-0.46211183071136475,-1.2306149005889893,0.7142857142857143,0.2857142857142857,1.0990419387817385,0.9990419387817384
YLHRPNI,-0.35459738969802856,-0.01789875328540802,0.7142857142857143,0.2857142857142857,1.259361743927002,1.0
YSHRQDN,1.0399720668792725,-1.4700720310211182,0.5714285714285714,0.2857142857142857,1.2559683322906494,1.0
LSHREVN,1.2344130277633667,-2.2758913040161133,0.4285714285714285,0.2857142857142857,1.1823554039001465,0.9823554635047912
RYTTSAF,-0.7124356627464294,-1.480098009109497,0.5714285714285714,0.5714285714285714,1.0378093719482422,0.8878093123435974
IHQDSME,-0.33057674765586853,-5.115567207336426,0.7142857142857143,0.4285714285714285,0.6443783044815063,0.5218274217098952
YHHRGSD,1.2605197429656982,0.173308864235878,0.4285714285714285,0.1428571428571428,1.4824879169464111,1.0
YNHISNR,-0.12499862909317017,-1.858476161956787,0.5714285714285714,0.2857142857142857,1.0646642446517944,0.9146642744541168
ESHQSNP,-0.4926082491874695,-4.5326247215271,0.7142857142857143,0.4285714285714285,0.694985568523407,0.593634570017457
YLLFSDT,-3.8375937938690186,-0.7135652303695679,0.5714285714285714,0.4285714285714285,0.7438443899154663,0.5938443750143051
IHHGQQA,1.0131243467330933,-3.8925297260284424,0.5714285714285714,0.4285714285714285,0.9589860439300536,0.8089860141277313
GSFRSSN,1.1453044414520264,-2.1744260787963867,0.5714285714285714,0.4285714285714285,1.183624029159546,1.0
VHSRSVI,0.854638934135437,-0.5839420557022095,0.4285714285714285,0.2857142857142857,1.3404443264007568,1.0
YHHDSTE,0.21621073782444,-2.7089200019836426,0.5714285714285714,0.1428571428571428,1.0038113594055176,0.8538113892078399
VMYNMMI,-2.450425386428833,-1.7528247833251953,0.7142857142857143,0.5714285714285714,0.7895897030830383,0.6895897030830384
VHHRSHG,0.48313236236572266,0.09108536690473557,0.5714285714285714,0.2857142857142857,1.376281976699829,1.0
YHHRVQN,0.03576464205980301,0.3730674982070923,0.5714285714285714,0.1428571428571428,1.3550817966461182,1.0
SYMRPQN,0.3156079947948456,-0.3780079782009125,0.5714285714285714,0.4285714285714285,1.298677682876587,1.0
WYRRRNN,-3.6275603771209717,0.7021193504333496,0.5714285714285714,0.2857142857142857,0.9414601922035216,0.7914602071046829
LHHGSRE,1.1704481840133667,-2.195753335952759,0.5714285714285714,0.4285714285714285,1.1841514110565186,1.0
VHHRSSN,0.36386945843696594,0.6651389598846436,0.4285714285714285,0.2857142857142857,1.4311063289642334,1.0
YSQRSVN,2.1231160163879395,-0.86962890625,0.5714285714285714,0.2857142857142857,1.4628466367721558,1.0
YYLAKTE,0.16297025978565216,-1.7290910482406616,0.5714285714285714,0.4285714285714285,1.1159985065460205,0.9659985661506651
YFKQSED,0.05060390755534172,-0.2779821753501892,0.5714285714285714,0.4285714285714285,1.277996301651001,1.0
AQQDSNM,-0.7085680961608887,-4.119082450866699,0.7142857142857143,0.4285714285714285,0.7183812856674194,0.6183813005685806
YYVRKVE,-0.8359673619270325,0.8295795917510986,0.7142857142857143,0.4285714285714285,1.3025035858154297,1.0
FYSRDTG,0.4724898934364319,-0.9191563725471497,0.7142857142857143,0.4285714285714285,1.2524993419647217,1.0
YYSKSYT,-0.0957929939031601,0.26486754417419434,0.4285714285714285,0.4285714285714285,1.325678825378418,1.0
YSKPSIK,-1.3097106218338013,-0.8390251994132996,0.5714285714285714,0.4285714285714285,1.0415812730789185,0.8915812730789184
VNKRSNW,-2.321387767791748,-0.8319728374481201,0.5714285714285714,0.2857142857142857,0.9171931743621826,0.7671931743621826
LSSSSNH,0.4659239947795868,-4.24615478515625,0.5714285714285714,0.2857142857142857,0.8483763337135315,0.6983763188123703
YYRRNEG,-0.9865706562995911,0.5912018418312073,0.5714285714285714,0.2857142857142857,1.2549622058868408,1.0
ASHRSSF,0.42653223872184753,-1.7462745904922485,0.4285714285714285,0.2857142857142857,1.1465438604354858,0.9465438306331636
YAHRRHP,-3.262287139892578,0.9045894742012024,0.7142857142857143,0.4285714285714285,1.0112242698669434,0.911224240064621
YFHRQNP,-1.5804774761199951,0.9176557660102844,0.7142857142857143,0.2857142857142857,1.221011996269226,1.0
YHHKSNN,0.6080607175827026,1.0224573612213135,0.2857142857142857,0.1428571428571428,1.50465190410614,1.0
YGGRSTM,1.6441686153411865,-2.7634406089782715,0.7142857142857143,0.4285714285714285,1.1739797592163086,1.0
HHDRFSE,0.7274872064590454,-3.1386709213256836,0.5714285714285714,0.4285714285714285,1.0150102376937866,0.8650102078914642
YHHGSPT,0.0828254371881485,-2.022942304611206,0.5714285714285714,0.2857142857142857,1.0704551935195925,0.9204552233219148
YFKKGNN,-1.9433892965316772,0.060740310698747635,0.5714285714285714,0.2857142857142857,1.0722061395645142,0.9222061097621918
YHHRNNN,-0.28031638264656067,0.6082613468170166,0.4285714285714285,0.0,1.344462752342224,1.0
YPHRRSN,-2.829113006591797,0.23743383586406708,0.7142857142857143,0.2857142857142857,0.9839751720428468,0.8839751720428467
YYKRSEE,0.12533438205718994,0.8103401064872742,0.5714285714285714,0.1428571428571428,1.4191780090332031,1.0
YHDRKEN,1.5243884325027466,-1.785431146621704,0.5714285714285714,0.2857142857142857,1.2777090072631836,1.0
YHNHSSN,0.5137346982955933,-1.3875318765640259,0.4285714285714285,0.2857142857142857,1.2008273601531982,1.0
YYRRAAN,-3.4570469856262207,0.25942420959472656,0.4285714285714285,0.2857142857142857,0.9089043140411376,0.7089042991399765
YHHKNYN,-0.05736454203724861,0.1583259105682373,0.5714285714285714,0.1428571428571428,1.3175208568572998,1.0
QFRMNEN,0.4892338812351227,-2.860008478164673,0.5714285714285714,0.4285714285714285,1.0192954540252686,0.8692954540252685
HSKKQET,-0.9771408438682556,-1.7504721879959106,0.7142857142857143,0.4285714285714285,0.9722638130187988,0.8722638428211212
YYHRDNE,-0.7809069752693176,0.2676658630371094,0.7142857142857143,0.2857142857142857,1.2412028312683103,1.0
YYHRHGN,-1.9443162679672241,0.7371870875358582,0.7142857142857143,0.1428571428571428,1.15409255027771,1.0
IKRRDIK,-2.8467042446136475,1.0064141750335693,0.7142857142857143,0.5714285714285714,1.075015902519226,0.9750158727169036
YPRMSNG,2.3954882621765137,-2.38360595703125,0.4285714285714285,0.4285714285714285,1.3130362033843994,1.0
LPHKHNN,0.7092324495315552,-1.3130749464035034,0.7142857142857143,0.4285714285714285,1.2340552806854248,1.0
GYRRDDL,0.3167077302932739,-2.6592633724212646,0.7142857142857143,0.2857142857142857,1.0222721099853516,0.9222721695899964
VASRGQN,1.7775152921676636,-3.4421772956848145,0.5714285714285714,0.2857142857142857,1.1082088947296145,0.9582089394330978
YYRKSNG,-2.283088207244873,0.9526746273040771,0.4285714285714285,0.1428571428571428,1.1382756233215332,0.9382756233215332
YHHMANH,0.13979579508304596,-0.8265200853347778,0.5714285714285714,0.2857142857142857,1.222542405128479,1.0
YMHRSNP,0.1879536658525467,0.30592215061187744,0.5714285714285714,0.2857142857142857,1.3657827377319336,1.0
YSHRGND,2.0381076335906982,-0.5432944297790527,0.5714285714285714,0.2857142857142857,1.49188232421875,1.0
HHGRANF,-0.6833805441856384,-0.16812899708747864,0.7142857142857143,0.2857142857142857,1.200447678565979,1.0
YHKRTGW,-2.903184175491333,0.2875884175300598,0.7142857142857143,0.2857142857142857,0.9808852672576904,0.8808852672576905
YSTSSEN,-0.017523620277643204,-3.400317668914795,0.4285714285714285,0.2857142857142857,0.8910620212554932,0.6910619914531708
AFSRPDT,0.4830489754676819,-1.9683343172073364,0.7142857142857143,0.4285714285714285,1.1266216039657593,1.0
VYSRFPN,-1.9838740825653076,2.627894163131714,0.5714285714285714,0.2857142857142857,1.3783934116363523,1.0
RHHRGLP,-3.928596258163452,1.1861517429351807,0.5714285714285714,0.4285714285714285,0.9628688097000122,0.812868794798851
LVDPSNE,-0.8516775965690613,-5.230501174926758,0.4285714285714285,0.4285714285714285,0.5659347176551819,0.3392039807513356
YLKRFEE,-0.8113060593605042,-0.8777880668640137,0.5714285714285714,0.4285714285714285,1.098583459854126,0.9485835194587708
THKRQHI,-2.563162326812744,-0.3968507945537567,0.7142857142857143,0.2857142857142857,0.9400089979171752,0.8400090277194977
YYIMSGF,-3.3855435848236084,-0.12609827518463135,0.7142857142857143,0.5714285714285714,0.8710218667984009,0.7710218518972397
AHHRANS,0.5206286311149597,-0.5559853911399841,0.5714285714285714,0.2857142857142857,1.3024836778640747,1.0
FHHRHNN,-0.6470497250556946,0.06617496907711029,0.5714285714285714,0.0,1.2333484888076782,1.0
EYSRKQE,0.054314691573381424,-0.9265724420547485,0.5714285714285714,0.0,1.1998313665390017,1.0
YHHRLGE,1.3607558012008667,0.6345211863517761,0.7142857142857143,0.0,1.5508066415786743,1.0
WKHSPNN,0.43371641635894775,-1.329357385635376,0.7142857142857143,0.0,1.1979732513427734,1.0
YHHKSTE,1.6949121952056885,-0.17604248225688934,0.4285714285714285,0.0,1.49391508102417,1.0
YWHRPAP,-2.288184881210327,1.312571406364441,0.7142857142857143,0.0,1.1812726259231567,1.0
YQSRSGE,1.622597098350525,-2.5747551918029785,0.7142857142857143,0.0,1.1941823959350586,1.0
GHHRSIN,-0.1374104768037796,0.015233354642987251,0.5714285714285714,0.0,1.2902653217315674,1.0
IYQRKEW,-0.7625145316123962,0.027860382571816444,0.7142857142857143,0.0,1.214409589767456,1.0
HGRASAN,0.7066795825958252,-1.623524785041809,0.5714285714285714,0.0,1.1961054801940918,1.0
YVHRWPP,-2.282994508743286,1.8535747528076172,0.7142857142857143,0.0,1.2474974393844604,1.0
YSARSED,1.4339817762374878,-1.7340742349624634,0.5714285714285714,0.0,1.272742509841919,1.0
QYIRNAN,0.975783109664917,-1.4310251474380493,0.5714285714285714,0.0,1.2527554035186768,1.0
MKYKIEN,0.24730819463729858,-1.6799207925796509,0.8571428571428571,0.0,1.1324000358581543,1.0
QYHRAED,1.1108325719833374,-0.7077698707580566,0.7142857142857143,0.0,1.357149600982666,1.0
YYKASNI,0.496013879776001,-0.9000185132026672,0.5714285714285714,0.0,1.257731556892395,1.0
YHHRGIN,-0.04735391587018967,1.7764136791229248,0.4285714285714285,0.0,1.5149104595184326,1.0
YHHRMSP,-0.1855550855398178,-0.11194658279418945,0.5714285714285714,0.0,1.2688878774642944,1.0
YYAKTSE,1.0362155437469482,-1.6356301307678223,0.7142857142857143,0.0,1.23543381690979,1.0
YHHRVHN,-0.2264164835214615,0.21993257105350494,0.5714285714285714,0.0,1.304060935974121,1.0
YHHKSSF,-0.09489810466766357,0.5404143929481506,0.5714285714285714,0.0,1.3591923713684082,1.0
YSTRMVN,1.4725977182388306,-2.0028269290924072,0.5714285714285714,0.0,1.2449438571929932,1.0
YYHRPNQ,-0.9708237648010254,0.5376481413841248,0.7142857142857143,0.0,1.2504197359085083,1.0
VHKISNN,2.261230230331421,-1.6209715604782104,0.4285714285714285,0.0,1.388864517211914,1.0
GMHRSPY,0.4510968327522278,-0.2568720877170563,0.7142857142857143,0.0,1.3301353454589844,1.0
YHHRRSD,-1.6557443141937256,0.7697545289993286,0.5714285714285714,0.0,1.1937649250030518,1.0
AYHRNAN,0.21339139342308044,0.47937825322151184,0.5714285714285714,0.0,1.3899588584899902,1.0
LYKRSTE,0.9129363298416138,-0.6840280294418335,0.5714285714285714,0.0,1.3355286121368408,1.0
YGHKTMT,1.649303674697876,-0.9105823636054993,0.5714285714285714,0.0,1.3992252349853516,1.0
YAFKRTE,1.3695793151855469,-1.2332419157028198,0.5714285714285714,0.0,1.3254822492599487,1.0
TYHHATY,-1.2526391744613647,0.7235721349716187,0.4285714285714285,0.0,1.238070011138916,1.0
YYVKSNN,0.9613909125328064,0.9277310371398926,0.4285714285714285,0.0,1.5369102954864502,1.0
IHKRSKD,-1.3461016416549683,1.1969846487045288,0.7142857142857143,0.0,1.283888339996338,1.0
YHKNDHN,1.1180521249771118,-1.8020862340927124,0.5714285714285714,0.0,1.225386619567871,1.0
NYHRSGM,0.03001442365348339,0.7684586048126221,0.5714285714285714,0.0,1.4023005962371826,1.0
YYHRGNF,-1.6086708307266235,0.8875570893287659,0.7142857142857143,0.0,1.213873028755188,1.0
YYIKQPH,-0.514846682548523,-0.2983185648918152,0.7142857142857143,0.0,1.2055296897888184,1.0
IFHRGLE,-0.3157965838909149,-0.3722967505455017,0.7142857142857143,0.0,1.2212038040161133,1.0
YYSRAEN,-0.03797340765595436,0.4993138313293457,0.5714285714285714,0.0,1.3612571954727173,1.0
HHDRHNN,0.3029792308807373,-0.8000828623771667,0.5714285714285714,0.0,1.2459490299224854,1.0
YISREYR,-0.6598708033561707,-0.3622312545776367,0.5714285714285714,0.0,1.179828405380249,1.0
YYHRHFN,-1.5051926374435425,0.2507201135158539,0.7142857142857143,0.0,1.1494836807250977,1.0
YPKNLHA,1.9848641157150269,-1.6994824409484863,0.7142857142857143,0.0,1.3451337814331057,1.0
EHHRSQD,0.8314977884292603,-1.6872458457946777,0.5714285714285714,0.0,1.2038332223892212,1.0
YAHRINE,1.8232085704803467,-1.3618485927581787,0.7142857142857143,0.0,1.366050362586975,1.0
YHSRANN,2.113611936569214,-0.0932694599032402,0.4285714285714285,0.0,1.5557830333709717,1.0
YLHKSTS,1.1830722093582153,-0.7965959310531616,0.4285714285714285,0.0,1.3553248643875122,1.0
YSSKQDG,1.7081758975982666,-2.80679988861084,0.7142857142857143,0.0,1.1766475439071655,1.0
YHQRSNL,0.07104755192995071,0.07258843630552292,0.4285714285714285,0.0,1.3230246305465698,1.0
VHQRSTF,0.4711640775203705,-0.6707220077514648,0.5714285714285714,0.0,1.2824513912200928,1.0
MADRRGA,1.9326010942459106,-2.5608811378479004,0.7142857142857143,0.0,1.234241962432861,1.0
YYHRAVN,-1.2347815036773682,0.7308207750320435,0.5714285714285714,0.0,1.241159439086914,1.0
HHSKSNN,0.33208245038986206,-0.53141850233078,0.4285714285714285,0.0,1.2821202278137207,1.0
YFHRVNG,-1.4183919429779053,0.9713191390037537,0.7142857142857143,0.0,1.247583031654358,1.0
YVHSTNN,0.6348530054092407,-1.110283613204956,0.5714285714285714,0.0,1.2494304180145264,1.0
VYRMGSN,1.061421275138855,-0.3107742369174957,0.5714285714285714,0.0,1.3991577625274658,1.0
HNYRGME,0.9188940525054932,-1.4502272605895996,0.7142857142857143,0.0,1.243384838104248,1.0
YLHRTNT,0.3116801381111145,0.5150387287139893,0.7142857142857143,0.0,1.406449794769287,1.0
NLHRSNN,1.5973751544952393,-0.5063968896865845,0.5714285714285714,0.0,1.441793441772461,1.0
DYSRSTN,0.786862313747406,-0.30579572916030884,0.5714285714285714,0.0,1.3657716512680054,1.0
YHRQTMN,0.8695489764213562,-0.010728222317993641,0.4285714285714285,0.0,1.411777138710022,1.0
MYSRYTN,-1.8185310363769531,1.2055435180664062,0.7142857142857143,0.0,1.2264403104782104,1.0
MHARSFD,0.8507554531097412,-0.9928346872329712,0.7142857142857143,0.0,1.290396213531494,1.0
YHHRSVN,0.14893944561481476,0.8620687127113342,0.4285714285714285,0.0,1.4283709526062012,1.0
YHERSIE,1.2923312187194824,-1.9370249509811401,0.5714285714285714,0.0,1.2306041717529297,1.0
VYYRSHE,-0.3299960196018219,1.6262779235839844,0.4285714285714285,0.0,1.461719989776611,1.0
YGHRSEP,1.036440372467041,0.14046378433704376,0.5714285714285714,0.0,1.45076584815979,1.0
YYHKSNW,-1.265158772468567,1.1910135746002197,0.4285714285714285,0.0,1.2931849956512451,1.0
YYHRYNN,-0.99025958776474,0.5018534660339355,0.5714285714285714,0.0,1.243674397468567,1.0
VYHRHNN,-0.30981335043907166,0.47588595747947693,0.5714285714285714,0.0,1.3247640132904053,1.0
YYSEFKG,0.5394202470779419,-1.088478446006775,0.7142857142857143,0.0,1.2402594089508057,1.0
QWHKDHN,0.4381858706474304,-0.9698421359062195,0.7142857142857143,0.0,1.2421083450317385,1.0
VYSMRSH,-1.5740963220596313,0.707636833190918,0.7142857142857143,0.0,1.196342706680298,1.0
VFRQQTN,1.7715935707092285,-2.465390682220459,0.5714285714285714,0.0,1.225885272026062,1.0
IHHRERV,-0.49025771021842957,-0.0072625987231731415,0.7142857142857143,0.0,1.24385666847229,1.0
YKHLGPN,1.55038583278656,-0.13767631351947784,0.4285714285714285,0.0,1.4806740283966064,1.0
YHRPDNN,1.295119285583496,-1.03633713722229,0.2857142857142857,0.0,1.340133786201477,1.0
VYSKASP,2.375335931777954,0.05619910731911659,0.5714285714285714,0.0,1.6063028573989868,1.0
VYSRGAN,1.7486071586608887,1.742592453956604,0.5714285714285714,0.0,1.7331459522247314,1.0
YHHRLST,-0.4931986629962921,0.5611154437065125,0.7142857142857143,0.0,1.3123931884765625,1.0
YHRISNN,1.5243713855743408,2.274240732192993,0.1428571428571428,0.0,1.769834280014038,1.0
AHKPQYS,2.0148394107818604,-2.0516793727874756,0.4285714285714285,0.0,1.306149959564209,1.0
YSHKSNN,2.3222482204437256,0.21443131566047668,0.4285714285714285,0.0,1.6189122200012207,1.0
YSRSHLE,1.7480971813201904,0.6459025144577026,0.4285714285714285,0.0,1.6001383066177368,1.0
GYHRPLD,0.8233031630516052,-0.726442277431488,0.7142857142857143,0.0,1.3192906379699707,1.0
YTHRHVI,-0.7473456263542175,0.27211645245552063,0.7142857142857143,0.0,1.2458970546722412,1.0
YHRRANE,-0.19002537429332733,1.141502857208252,0.4285714285714285,0.0,1.4202818870544434,1.0
HKHHGNL,0.29209020733833313,0.3786236345767975,0.7142857142857143,0.0,1.387487769126892,1.0
YHKQGHN,0.7502400875091553,-0.9277759194374084,0.4285714285714285,0.0,1.285839319229126,1.0
IWVKNHN,0.018840553238987923,-0.11158260703086853,0.7142857142857143,0.0,1.2942357063293457,1.0
YVHRLNN,0.23185445368289948,0.750756025314331,0.5714285714285714,0.0,1.4251418113708496,1.0
YVKNGAN,2.4589667320251465,-1.9834336042404175,0.5714285714285714,0.0,1.3694047927856443,1.0
YATRVNI,1.3445847034454346,-2.377840280532837,0.7142857142857143,0.0,1.1836358308792114,1.0
VHRKNDY,-0.5729201436042786,0.45456886291503906,0.5714285714285714,0.0,1.2896080017089844,1.0
HWHRGTG,-1.6123121976852417,1.0709812641143799,0.7142857142857143,0.0,1.2356575727462769,1.0
MAYRSHE,1.6247806549072266,-1.5741242170333862,0.7142857142857143,0.0,1.315752625465393,1.0
YHHRYAE,0.6819239258766174,-0.30957743525505066,0.7142857142857143,0.0,1.3523221015930176,1.0
YPHKVSN,2.1962153911590576,-1.8259962797164917,0.7142857142857143,0.0,1.3559620380401611,1.0
YSRMPVN,1.8472946882247925,2.0354695320129395,0.4285714285714285,0.0,1.7808667421340942,1.0
RHHHGPN,-0.15059489011764526,-0.22436489164829254,0.5714285714285714,0.0,1.2595882415771484,1.0
YGHSSGN,1.0569019317626953,-1.3301739692687988,0.4285714285714285,0.0,1.2750232219696045,1.0
YRHEISN,0.36280617117881775,-1.3673570156097412,0.7142857142857143,0.0,1.1845884323120115,1.0
YNHKSAQ,1.7942166328430176,-1.3030487298965454,0.5714285714285714,0.0,1.36958909034729,1.0
YHHRMHV,-0.7614650130271912,0.12668241560459137,0.7142857142857143,0.0,1.2265191078186035,1.0
THHRGSH,-0.23832431435585022,-0.15465505421161652,0.5714285714285714,0.0,1.2571779489517212,1.0
YHRPSNE,1.6620122194290161,-0.7572771310806274,0.2857142857142857,0.0,1.4193828105926514,1.0
YFHKSNF,-0.6774596571922302,1.0645278692245483,0.5714285714285714,0.0,1.3506076335906982,1.0
YKSLTFH,-0.42017289996147156,-0.587398886680603,0.7142857142857143,0.0,1.1822068691253662,1.0
YLHRSNG,0.8788117170333862,0.9772420525550842,0.5714285714285714,0.0,1.532689094543457,1.0
YHHRLGD,1.3855692148208618,0.143100306391716,0.5714285714285714,0.0,1.4943068027496338,1.0
YAHRDEN,1.6989624500274658,-2.4425864219665527,0.5714285714285714,0.0,1.219658136367798,1.0
YHRIQET,0.025916066020727158,-0.6268565058708191,0.5714285714285714,0.0,1.2326483726501465,1.0
IYHREED,0.29642370343208313,-1.0472056865692139,0.7142857142857143,0.0,1.2151803970336914,1.0
TWHRGST,-0.9959608912467957,0.8538522124290466,0.7142857142857143,0.0,1.2856391668319702,1.0
QIQKDSK,1.08370840549469,-2.5895965099334717,0.8571428571428571,0.0,1.1256701946258545,1.0
MNSRHMN,1.2395857572555542,-1.4924142360687256,0.7142857142857143,0.0,1.277971625328064,1.0
YHKFMTE,0.6486088633537292,-1.3568453788757324,0.5714285714285714,0.0,1.2212443351745603,1.0
YHSRLVD,1.0569053888320923,-0.30250105261802673,0.5714285714285714,0.0,1.399601697921753,1.0
YHHKGEN,1.3293917179107666,-0.6777999401092529,0.5714285714285714,0.0,1.3878397941589355,1.0
YHHRDGD,1.1043140888214111,-0.8437581658363342,0.5714285714285714,0.0,1.339857578277588,1.0
YHHRQGN,-0.05508464574813843,0.6179927587509155,0.5714285714285714,0.0,1.373525619506836,1.0
YVGSRKE,2.0855579376220703,-2.386423110961914,0.5714285714285714,0.0,1.2743260860443115,1.0
MYHKYAT,-0.11730356514453888,0.49057769775390625,0.5714285714285714,0.0,1.350377321243286,1.0
QYHKSNM,1.504835844039917,-0.17248597741127014,0.4285714285714285,0.0,1.4708153009414673,1.0
VHKHSNN,0.9577850699424744,-0.49858102202415466,0.4285714285714285,0.0,1.3635613918304443,1.0
MHHKQAN,0.3277704417705536,-1.0079621076583862,0.7142857142857143,0.0,1.223818063735962,1.0
YYAKNEG,1.087335467338562,-1.9211089611053467,0.7142857142857143,0.0,1.2071555852890017,1.0
YWHRSNN,-2.042872905731201,1.5510382652282715,0.4285714285714285,0.0,1.2405493259429932,1.0
NWKGNNE,1.2682870626449585,-2.010251760482788,0.7142857142857143,0.0,1.2187507152557373,1.0
SAMRFHA,0.32239580154418945,-1.8345143795013428,0.7142857142857143,0.0,1.122955322265625,1.0
YHNRPVD,1.9884344339370728,-2.1480138301849365,0.5714285714285714,0.0,1.2912031412124634,1.0
YHRWDTN,-1.3423218727111816,1.3392516374588013,0.4285714285714285,0.0,1.3016023635864258,1.0
VHKQSNN,1.7689390182495117,-2.456529140472412,0.4285714285714285,0.0,1.226630926132202,1.0
YRNVIGE,1.149827480316162,-2.8060801029205322,0.8571428571428571,0.0,1.1076126098632812,1.0
NNHRSNV,1.0765620470046997,-2.1675212383270264,0.5714285714285714,0.0,1.1759508848190308,1.0
AWARKVE,-0.4858168363571167,0.1973562091588974,0.7142857142857143,0.0,1.269210934638977,1.0
QNHRSTG,1.6583608388900757,-2.142469644546509,0.5714285714285714,0.0,1.2510130405426023,1.0
YSVRSES,1.041563630104065,0.6920775175094604,0.5714285714285714,0.0,1.518268585205078,1.0
AYSPNHS,0.9562498331069946,-1.5116760730743408,0.7142857142857143,0.0,1.2405602931976318,1.0
YHSRTGN,1.5239044427871704,-0.9024340510368347,0.5714285714285714,0.0,1.3846890926361084,1.0
