seq,fitness_pred,htfr1_pred,ref_dist,div_prev,reward_signal,final_score
NHVHSNI,0.36453676223754883,-3.9079408645629883,0.5714285714285714,0.2857142857142857,0.9409266710281372,0.7909266710281372
YWSIIVD,-3.57521390914917,0.47901371121406555,0.7142857142857143,0.1428571428571428,0.9424728751182556,0.8424728900194168
YIHPHNN,-0.4843410551548004,-2.8902487754821777,0.5714285714285714,0.4285714285714285,0.9496629238128662,0.7996628940105438
AEHRANP,1.5082471370697021,-3.6345901489257812,0.5714285714285714,0.2857142857142857,1.119874119758606,0.969874119758606
YNIRSWK,-3.9589881896972656,0.07422258704900742,0.7142857142857143,0.2857142857142857,0.8461193442344666,0.7461193591356278
HLSESFN,-0.9162771105766296,-2.876870632171631,0.5714285714285714,0.4285714285714285,0.8956050872802734,0.7456051170825958
YLFITCT,-4.668687343597412,0.5985772013664246,0.7142857142857143,0.4285714285714285,0.8155604004859924,0.7155603781342507
LYHRMNE,0.049016449600458145,-0.7262980937957764,0.5714285714285714,0.1428571428571428,1.2692890167236328,1.0
LHYRMNE,0.12922002375125885,-0.8334171175956726,0.5714285714285714,0.4285714285714285,1.267191767692566,1.0
YPKRLNK,-2.940594434738159,-0.3059852421283722,0.5714285714285714,0.4285714285714285,0.9331380128860474,0.7831380426883697
CMAPKKC,-3.8239338397979736,-0.700802743434906,0.7142857142857143,0.2857142857142857,0.7736250162124634,0.6736250162124634
GITQINE,-0.5586304664611816,-4.829830646514893,0.8571428571428571,0.4285714285714285,0.7151600122451782,0.665159997344017
HYRLGAN,-0.3186849057674408,0.3383149206638336,0.5714285714285714,0.4285714285714285,1.345415472984314,1.0
GYLLETG,-1.724388599395752,-2.8755123615264893,0.7142857142857143,0.7142857142857143,0.7917227745056152,0.6917227745056153
YKRRDVQ,-2.323319673538208,-0.044784191995859146,0.7142857142857143,0.1428571428571428,1.0429009199142456,0.9429009199142456
YVHHEEN,-0.6374005675315857,-2.199282169342041,0.7142857142857143,0.4285714285714285,1.0100905895233154,0.9100906193256378
YWGKYSE,-1.155983567237854,0.9949251413345337,0.8571428571428571,0.1428571428571428,1.3137667179107666,1.0
CRLRSQE,-3.8643929958343506,-0.0784381553530693,0.5714285714285714,0.4285714285714285,0.8405934572219849,0.690593472123146
LGTRSCD,-3.573854923248291,0.26468056440353394,0.5714285714285714,0.4285714285714285,0.9177910089492798,0.7677909791469574
YSRVIED,1.4255996942520142,1.7871551513671875,0.4285714285714285,0.4285714285714285,1.7380082607269287,1.0
YYSPDDP,-1.8598028421401978,-2.667276382446289,0.5714285714285714,0.5714285714285714,0.7984386682510376,0.6484386384487152
YHSFYGY,-3.890354633331299,-0.1482379287481308,0.7142857142857143,0.1428571428571428,0.829156219959259,0.7291562050580979
KYSNTPN,0.9058104157447815,-2.37385892868042,0.5714285714285714,0.4285714285714285,1.1885242462158203,1.0
MLSHATY,-0.570380449295044,-3.6597235202789307,0.7142857142857143,0.4285714285714285,0.849347710609436,0.7493477255105973
NQNRLTY,0.6956544518470764,-2.4312806129455566,0.7142857142857143,0.2857142857142857,1.154808521270752,1.0
TVHRQNL,1.057328224182129,-1.56015944480896,0.5714285714285714,0.2857142857142857,1.3023982048034668,1.0
DIHSCDN,-4.284250736236572,-0.8837271928787231,0.7142857142857143,0.4285714285714285,0.693147599697113,0.5931476071476937
YHGGVEW,-1.5684447288513184,-1.1672192811965942,0.7142857142857143,0.4285714285714285,1.009915113449097,0.9099150836467744
GQTEDRD,0.2655036449432373,-4.059806823730469,0.8571428571428571,0.4285714285714285,0.910564422607422,0.8605643928050994
HCASHLA,-3.624648094177246,-0.9702995419502258,0.5714285714285714,0.2857142857142857,0.7680277228355408,0.6180277079343796
AHWFMEN,-3.790700912475586,0.458182156085968,0.7142857142857143,0.4285714285714285,0.912314236164093,0.8123142510652542
YYHKMNG,0.6855542063713074,0.057406723499298096,0.4285714285714285,0.0,1.4421279430389404,1.0
SMFVSNN,-1.322027325630188,-3.5278310775756836,0.5714285714285714,0.5714285714285714,0.7678733468055725,0.6178733468055725
TYSSLDL,-1.5593583583831787,-2.4412901401519775,0.7142857142857143,0.4285714285714285,0.8633273839950562,0.7633274137973786
MAAKVYG,1.4430241584777832,-2.890514612197876,0.5714285714285714,0.2857142857142857,1.1977695226669312,1.0
IRYWQNE,-1.9122893810272217,-0.3781645596027374,0.5714285714285714,0.5714285714285714,1.057155728340149,0.9071557581424712
SDHRTLQ,0.15098899602890015,-2.603264331817627,0.7142857142857143,0.4285714285714285,1.0647404193878174,0.9647404789924622
FAHHVNC,-3.4526407718658447,-0.7989330291748047,0.8571428571428571,0.4285714285714285,0.8100465536117554,0.7600465387105941
ASHRNMW,-2.523540496826172,-0.6666897535324097,0.5714285714285714,0.2857142857142857,0.9449995756149292,0.7949995458126068
YAMYAEP,-2.455775022506714,-1.5072262287139893,0.7142857142857143,0.5714285714285714,0.856244683265686,0.7562446832656861
ESCRIEN,-4.306372165679932,-0.8940770030021667,0.7142857142857143,0.4285714285714285,0.6890993118286133,0.5890992820262909
LAKRDSQ,1.169424057006836,-3.499659776687622,0.7142857142857143,0.2857142857142857,1.0919008255004885,0.9919008255004884
FVMYRPN,-3.3184871673583984,-0.13209201395511627,0.7142857142857143,0.4285714285714285,0.9046534299850464,0.8046534150838852
NYMHAQE,-0.012289990670979023,-3.365471124649048,0.7142857142857143,0.1428571428571428,0.9553240537643432,0.8553240537643433
LKTRNDD,0.47123298048973083,-3.4854869842529297,0.7142857142857143,0.1428571428571428,1.0036563873291016,0.9036563277244568
FRINRHD,-0.6626420617103577,-0.6767017841339111,0.8571428571428571,0.5714285714285714,1.18341863155365,1.0
YPRSPTV,2.1637346744537354,-3.1851296424865723,0.4285714285714285,0.4285714285714285,1.256389617919922,1.0
HHGKHPW,-0.4131738841533661,-0.3321840465068817,0.7142857142857143,0.5714285714285714,1.255491018295288,1.0
YSSWGEE,-2.3200268745422363,-1.1354907751083374,0.5714285714285714,0.4285714285714285,0.916832685470581,0.7668326556682586
YYHRHSD,-1.1313995122909546,-0.7728975415229797,0.5714285714285714,0.2857142857142857,1.111912727355957,0.9619126677513122
YLLRTGT,-0.1850648671388626,-1.9788572788238525,0.7142857142857143,0.1428571428571428,1.093889594078064,0.993889594078064
YWHAHTT,-1.8153365850448608,0.5106778144836426,0.7142857142857143,0.4285714285714285,1.1727193593978882,1.0
SHHRREG,-0.6610540747642517,-0.4011211693286896,0.5714285714285714,0.2857142857142857,1.2155829668045044,1.0
QKFCSTG,-2.92726993560791,-1.0460301637649536,0.7142857142857143,0.4285714285714285,0.8490285873413086,0.7490285575389862
CGHNPLG,-3.305642604827881,-1.2651758193969727,0.5714285714285714,0.2857142857142857,0.7749001979827881,0.6249002277851105
GPPWQIN,-1.838820457458496,-0.6547711491584778,0.7142857142857143,0.4285714285714285,1.0345356464385986,0.9345356464385988
YRNVITT,0.8879130482673645,-3.1829850673675537,0.7142857142857143,0.2857142857142857,1.0923835039138794,0.9923835337162018
ACNSEHW,-4.011860370635986,-1.7011431455612183,0.7142857142857143,0.5714285714285714,0.6334183812141418,0.5334183663129807
YYKRLNT,-3.198093891143799,0.933453381061554,0.7142857142857143,0.2857142857142857,1.0437276363372805,0.9437275767326356
SFTGQKR,-3.430302858352661,-0.9041056632995605,0.7142857142857143,0.2857142857142857,0.8007252216339111,0.7007252216339112
QYHTACC,-3.6508615016937256,0.25981977581977844,0.7142857142857143,0.2857142857142857,0.907313108444214,0.8073131382465363
HYRRAMT,-4.895427703857422,0.7475607991218567,0.5714285714285714,0.2857142857142857,0.8036469221115112,0.65364690721035
YHDYTQE,-1.2814210653305054,-2.207465410232544,0.7142857142857143,0.4285714285714285,0.926227569580078,0.8262275397777558
FPHHSTY,-1.631250023841858,-1.6197820901870728,0.5714285714285714,0.4285714285714285,0.949344277381897,0.7993443071842193
KSHNPLG,1.0405515432357788,-3.6053004264831543,0.5714285714285714,0.2857142857142857,1.0630578994750977,0.9130578398704527
PDHREGA,1.1964466571807861,-4.372921943664551,0.7142857142857143,0.2857142857142857,0.994105339050293,0.8941053241491318
YMSRMKQ,-3.1496870517730713,0.09274233877658844,0.7142857142857143,0.4285714285714285,0.9524601697921752,0.8524601399898529
YYHRNFN,-0.8031430840492249,0.6711839437484741,0.5714285714285714,0.2857142857142857,1.321647882461548,1.0
HWPRDVN,-2.3607711791992188,1.0548524856567383,0.5714285714285714,0.4285714285714285,1.1656070947647097,1.0
THHHATA,0.26545581221580505,-1.215816617012024,0.5714285714285714,0.2857142857142857,1.240383505821228,1.0
GHGGHVA,-0.30963313579559326,-3.455873727798462,0.7142857142857143,0.5714285714285714,0.9065585136413574,0.8065584838390351
YMEKDYY,-0.9078484773635864,-2.0653882026672363,0.8571428571428571,0.5714285714285714,0.9908000230789183,0.9408000230789184
RHVLCHN,-4.194947242736816,-1.1164740324020386,0.5714285714285714,0.5714285714285714,0.6776525974273682,0.5276526123285293
EYHGERQ,0.6144922971725464,-3.055938720703125,0.7142857142857143,0.2857142857142857,1.0719159841537476,0.97191601395607
RYGFINF,-4.135594367980957,-0.3281101882457733,0.7142857142857143,0.5714285714285714,0.7767226696014404,0.6767226547002793
YWCGVNM,-4.1213154792785645,0.821434497833252,0.7142857142857143,0.4285714285714285,0.9118767976760864,0.8118767827749253
VWSRVQE,-0.5078771710395813,1.7348661422729492,0.5714285714285714,0.4285714285714285,1.4830198287963867,1.0
YAHRKAA,-2.38822078704834,0.03105776198208332,0.7142857142857143,0.2857142857142857,1.0433409214019775,0.9433408915996552
VYWRPTH,-2.7099850177764893,1.2905917167663574,0.5714285714285714,0.4285714285714285,1.1479871273040771,0.9979870975017548
LAHNHGN,0.2888031601905823,-3.5172574520111084,0.5714285714285714,0.4285714285714285,0.9764849543571472,0.8264849543571472
AHFMERL,-1.6517351865768433,-1.4791737794876099,0.7142857142857143,0.5714285714285714,0.9630136489868164,0.8630136489868164
GEYMPIA,-1.3748128414154053,-2.8314127922058105,0.7142857142857143,0.2857142857142857,0.8418430089950562,0.7418430387973786
HNHRAVN,0.23649579286575317,-0.7883276343345642,0.5714285714285714,0.2857142857142857,1.2862319946289062,1.0
RKHNSFE,-0.6790510416030884,-0.9819586277008057,0.5714285714285714,0.1428571428571428,1.145904541015625,0.9959046006202698
NRLMCNE,-3.3957881927490234,-2.0989766120910645,0.7142857142857143,0.5714285714285714,0.6665964126586914,0.5665963977575302
LYTRPEE,0.581706702709198,-1.7448416948318481,0.5714285714285714,0.4285714285714285,1.2197465896606443,1.0
THCDMVE,-4.225049018859863,-0.8963295221328735,0.7142857142857143,0.0,0.6993079781532288,0.59930799305439
YYHRIGA,-0.9234411120414734,0.39763113856315613,0.7142857142857143,0.1428571428571428,1.2744355201721191,1.0
YAHRDVW,-1.1464977264404297,-0.5369192361831665,0.7142857142857143,0.2857142857142857,1.137336015701294,1.0
CNEGEWN,-4.639589309692383,-0.5739951133728027,0.7142857142857143,0.5714285714285714,0.6833202242851257,0.583320201933384
DSKMMNH,0.6856518983840942,-3.3649191856384277,0.7142857142857143,0.5714285714285714,1.0452440977096558,0.9452441275119782
FNMGNWR,-3.2821907997131348,0.2731315493583679,0.7142857142857143,0.5714285714285714,0.9563211798667908,0.8563211798667908
YVWLADW,-4.631401062011719,0.8801529407501221,0.5714285714285714,0.0,0.8530158996582031,0.7030158996582031
SFWRNTI,-4.249416351318359,0.9274224638938904,0.7142857142857143,0.2857142857142857,0.9076762199401855,0.807676249742508
KSTRLVE,1.0157850980758667,-3.243283271789551,0.7142857142857143,0.4285714285714285,1.101853370666504,1.0
VYHKSAG,1.9120234251022339,-0.33265215158462524,0.4285714285714285,0.2857142857142857,1.554792881011963,1.0
YHRRWYW,-4.307399272918701,1.4428421258926392,0.5714285714285714,0.4285714285714285,0.959985852241516,0.8099858447909355
EGHRITE,0.2799566686153412,-3.770437479019165,0.7142857142857143,0.2857142857142857,0.9459841251373292,0.8459841251373291
YHHRQAT,-0.25836554169654846,-0.14179471135139465,0.7142857142857143,0.2857142857142857,1.297501564025879,1.0
RMHNPDT,0.0132200438529253,-3.860790252685547,0.8571428571428571,0.5714285714285714,0.9011647701263428,0.8511647552251815
YHRCWPT,-4.431797981262207,1.5177907943725586,0.5714285714285714,0.4285714285714285,0.952662229537964,0.8026622369885444
QYHRGLE,1.3048771619796753,0.5869714617729187,0.7142857142857143,0.2857142857142857,1.5832773447036743,1.0
YPFEGNW,-2.58573842048645,0.06529485434293747,0.7142857142857143,0.2857142857142857,1.021882176399231,0.921882176399231
ENLRSFG,0.2895815372467041,-2.160705089569092,0.5714285714285714,0.4285714285714285,1.1339082717895508,0.9839082717895508
AYSRALS,0.6991417407989502,0.652571439743042,0.5714285714285714,0.2857142857142857,1.5129001140594482,1.0
QYINGGI,-0.16368705034255981,-3.4120876789093018,0.7142857142857143,0.5714285714285714,0.9304262399673462,0.8304262399673462
TECNCNH,-3.834928512573242,-0.5782315135002136,0.7142857142857143,0.4285714285714285,0.7864245176315308,0.6864245027303696
LPWGSQE,-2.213289260864258,-3.061937093734741,0.7142857142857143,0.5714285714285714,0.7071593999862671,0.6071593701839447
YWIFDVQ,-4.326766490936279,1.1890499591827393,0.7142857142857143,0.4285714285714285,0.9280595183372498,0.828059533238411
YAHRTTN,1.7294344902038574,-0.22896763682365417,0.4285714285714285,0.1428571428571428,1.543310046195984,1.0
ARRVEGQ,0.18229921162128448,-3.255437135696411,0.7142857142857143,0.2857142857142857,0.9931372404098512,0.8931372404098511
EKYNEYS,-0.6000642776489258,-1.6160639524459839,0.7142857142857143,0.1428571428571428,1.0825347900390625,0.9825348198413848
VFYSSTM,-3.177001714706421,-1.1772288084030151,0.7142857142857143,0.4285714285714285,0.801661491394043,0.7016615211963654
ASSRHNS,0.8600860238075256,-2.9761838912963867,0.7142857142857143,0.2857142857142857,1.1127842664718628,1.0
NEKRVTE,1.1863596439361572,-3.9899659156799316,0.7142857142857143,0.4285714285714285,1.0372190475463867,0.9372190922498704
YIVREMS,-1.7535066604614258,-2.563962459564209,0.5714285714285714,0.2857142857142857,0.8241052627563477,0.6741052627563476
VSIWHIL,-3.382401704788208,-1.0688421726226807,0.7142857142857143,0.5714285714285714,0.7877872586250305,0.6877872735261917
CYSRFGQ,-4.0996599197387695,0.5826005339622498,0.7142857142857143,0.4285714285714285,0.8869665861129761,0.7869666010141373
YWGRRNN,-3.1153316497802734,0.9687793254852295,0.5714285714285714,0.2857142857142857,1.0584795475006104,0.9084794878959656
NQVRMTH,0.10158751159906387,-2.552921772003174,0.7142857142857143,0.4285714285714285,1.0642186403274536,0.9642186105251312
YDHRMAW,-2.6350905895233154,-0.7694173455238342,0.7142857142857143,0.2857142857142857,0.918724536895752,0.8187245070934296
GKWYRLN,-4.304931163787842,0.7340199947357178,0.7142857142857143,0.4285714285714285,0.8780995607376099,0.7780995607376099
ANLDNIS,-0.5645913481712341,-4.55735969543457,0.5714285714285714,0.5714285714285714,0.7459917664527893,0.5959917813539505
YAHRSNN,2.1390860080718994,1.2352080345153809,0.4285714285714285,0.1428571428571428,1.765854835510254,1.0
YYGIVVY,-2.5828123092651367,0.57089763879776,0.7142857142857143,0.5714285714285714,1.080894947052002,0.9808950066566468
DHKMQAN,0.8322370052337646,-3.675527572631836,0.4285714285714285,0.4285714285714285,1.0280940532684326,0.8280940085649491
HIHGREQ,1.1052535772323608,-3.159602642059326,0.7142857142857143,0.4285714285714285,1.1230766773223877,1.0
YTTKMCN,-3.385789632797241,-1.915988802909851,0.7142857142857143,0.4285714285714285,0.689105212688446,0.5891052275896073
YHMRPNE,1.499255657196045,-1.02596914768219,0.5714285714285714,0.2857142857142857,1.4212454557418823,1.0
YYTASNW,-2.1305642127990723,0.25024333596229553,0.5714285714285714,0.2857142857142857,1.1019322872161863,0.951932257413864
GMKNDWN,0.3432183861732483,-1.603779673576355,0.7142857142857143,0.4285714285714285,1.20540189743042,1.0
PWFTEKN,-2.0193257331848145,-0.6067805886268616,0.7142857142857143,0.5714285714285714,1.016862154006958,0.9168621838092804
YFIHLNM,-3.945786476135254,-0.1206718310713768,0.7142857142857143,0.4285714285714285,0.82521653175354,0.7252165615558624
WYKKWQS,-2.827192783355713,0.18093767762184143,0.7142857142857143,0.4285714285714285,1.0042076110839844,0.9042076706886292
TSSKVYK,-3.718256950378418,-0.4428919851779938,0.7142857142857143,0.4285714285714285,0.8171409368515015,0.7171409368515015
GDHRHNW,0.4730887711048126,-0.9530271291732788,0.8571428571428571,0.2857142857142857,1.2975914478302002,1.0
THHPNMV,0.21400552988052368,-3.2922189235687256,0.5714285714285714,0.2857142857142857,0.9929535388946532,0.8429535686969757
TYQDRWP,-2.6240315437316895,1.38931143283844,0.5714285714285714,0.4285714285714285,1.170501947402954,1.0
YHRRKNW,-2.6010818481445312,1.2835609912872314,0.4285714285714285,0.2857142857142857,1.1611924171447754,0.9611924469470978
MKHRENG,0.9798283576965332,-1.1201739311218262,0.7142857142857143,0.4285714285714285,1.3434468507766724,1.0
IKLRSVN,-2.471055746078491,-0.7462981343269348,0.4285714285714285,0.1428571428571428,0.9425243139266968,0.7425242841243744
FLHKGAM,0.27385032176971436,-1.7370966672897339,0.7142857142857143,0.4285714285714285,1.1810100078582764,1.0
YHHYAEE,-1.046471118927002,-1.4259765148162842,0.7142857142857143,0.2857142857142857,1.047107458114624,0.947107458114624
YWHAPTG,-1.5172641277313232,0.2707114517688751,0.5714285714285714,0.4285714285714285,1.183264970779419,1.0
QYKRENP,1.3397685289382935,-2.022162675857544,0.5714285714285714,0.2857142857142857,1.2851810455322266,1.0
VDVRKEN,1.0824788808822632,-3.3330163955688477,0.7142857142857143,0.4285714285714285,1.1000332832336426,1.0
YSIMAED,-1.2979038953781128,-3.7203404903411865,0.5714285714285714,0.2857142857142857,0.7486532926559448,0.5986532777547836
TYHRHNN,-0.7491103410720825,0.3185286521911621,0.5714285714285714,0.1428571428571428,1.287705898284912,1.0
HHGRANF,-0.6833805441856384,-0.16812899708747864,0.7142857142857143,0.0,1.2397291660308838,1.0
MSKYTLW,-3.0056188106536865,-0.2441808581352234,0.5714285714285714,0.5714285714285714,0.9319342374801636,0.7819342374801636
LYKKNEE,1.1604887247085571,-1.9786088466644287,0.7142857142857143,0.2857142857142857,1.26715087890625,1.0
AYRGLGN,0.5220826268196106,-2.0240671634674072,0.5714285714285714,0.2857142857142857,1.179687738418579,1.0
WDCRLSY,-4.3101277351379395,0.27135956287384033,0.5714285714285714,0.4285714285714285,0.8237745761871338,0.6737746059894562
MAVISHS,-1.1071105003356934,-4.324553489685059,0.7142857142857143,0.5714285714285714,0.7031446099281311,0.6031446099281311
VFTRVNW,-3.5864226818084717,2.3100032806396484,0.5714285714285714,0.4285714285714285,1.1533746719360352,1.0
AFHYSRL,-3.3050224781036377,-0.40659046173095703,0.7142857142857143,0.5714285714285714,0.8745525479316711,0.7745525479316712
YDHRRYL,-2.070500135421753,-0.6854548454284668,0.7142857142857143,0.4285714285714285,1.0011497735977173,0.9011497437953948
YYSRRGC,-4.099648475646973,0.21023520827293396,0.7142857142857143,0.2857142857142857,0.8437838554382324,0.7437838554382324
VYGSFPN,-2.2493505477905273,-0.5893940329551697,0.5714285714285714,0.2857142857142857,0.9892641305923462,0.8392641603946686
AFHRKNH,-3.4373247623443604,0.28198277950286865,0.8571428571428571,0.2857142857142857,0.9373751282691956,0.8873751282691955
VHKKEYF,-0.26941147446632385,-0.4227183759212494,0.5714285714285714,0.4285714285714285,1.2634999752044678,1.0
KMTRFHE,-0.07720526307821274,-1.2857861518859863,0.7142857142857143,0.2857142857142857,1.1881532669067385,1.0
YHISITL,-2.181356906890869,-1.2730474472045898,0.5714285714285714,0.4285714285714285,0.9187328815460204,0.7687328815460205
CPGRGTG,-2.6152842044830322,-0.3936459720134735,0.5714285714285714,0.4285714285714285,0.9648537635803224,0.8148537635803222
MYHQGVT,0.08168521523475647,-2.413496494293213,0.7142857142857143,0.4285714285714285,1.0778257846832275,0.9778258442878724
VWSHFNN,-2.775047540664673,-0.16288107633590698,0.7142857142857143,0.1428571428571428,0.9710475206375122,0.8710475504398346
VQKRSVP,-1.3910348415374756,-1.078093409538269,0.4285714285714285,0.1428571428571428,1.0430916547775269,0.8430916845798493
KDHYESD,-0.1632353514432907,-3.5949742794036865,0.5714285714285714,0.5714285714285714,0.9092745780944824,0.75927454829216
PRWVKLP,-2.573089838027954,0.39129438996315,0.7142857142857143,0.7142857142857143,1.0613176822662354,0.961317652463913
YSVYSMY,-3.026540517807007,-0.30676111578941345,0.5714285714285714,0.4285714285714285,0.921983003616333,0.7719830334186554
QNHKYRQ,-3.9800610542297363,0.21920685470104218,0.7142857142857143,0.5714285714285714,0.8602205514907837,0.7602205216884613
YSHKHPP,1.066882610321045,-0.7044752836227417,0.5714285714285714,0.4285714285714285,1.4028643369674685,1.0
HHGRALR,-3.845865488052368,0.12238145619630814,0.7142857142857143,0.2857142857142857,0.8662683963775635,0.7662684112787247
SNKRTNC,-3.732210874557495,0.2936725318431854,0.7142857142857143,0.4285714285714285,0.9007658362388612,0.8007658362388611
YSVRSES,1.041563630104065,0.6920775175094604,0.5714285714285714,0.0,1.5615665912628174,1.0
YYHRIKD,-0.6927154064178467,-0.2125638872385025,0.5714285714285714,0.1428571428571428,1.2333742380142212,1.0
VMYLPNE,-1.9174232482910156,-2.114720582962036,0.7142857142857143,0.1428571428571428,0.8551017045974731,0.7551017343997956
TMFMLQS,-3.0081868171691895,-1.9582687616348267,0.7142857142857143,0.5714285714285714,0.732816219329834,0.6328161895275116
RHHCQYT,-4.529471397399902,0.5359203219413757,0.7142857142857143,0.2857142857142857,0.8262171149253845,0.7262171298265457
WHRRSNN,-3.455031156539917,-0.05019627884030342,0.2857142857142857,0.2857142857142857,0.8965717554092407,0.6465717852115631
PMSKAAN,1.4676437377929688,-4.353440284729004,0.7142857142857143,0.2857142857142857,1.0312798023223877,0.9312797427177428
YLHDANN,-0.25300607085227966,-2.6922519207000732,0.5714285714285714,0.2857142857142857,1.0024082660675049,0.8524082362651825
PIHRIND,0.318634033203125,-2.157651662826538,0.7142857142857143,0.4285714285714285,1.138002634048462,1.0
YQYRSVN,-0.7077093720436096,0.23620139062404633,0.5714285714285714,0.2857142857142857,1.2834882736206057,1.0
YHKLDEN,1.0685691833496094,-0.3897249400615692,0.4285714285714285,0.2857142857142857,1.4395840167999268,1.0
DPPVFLG,-2.290010690689087,-2.8000268936157227,0.7142857142857143,0.7142857142857143,0.727656364440918,0.6276563346385956
YVHRWAP,-2.6570968627929688,0.8119440674781799,0.7142857142857143,0.1428571428571428,1.0992860794067385,0.9992861092090608
HRHRGDD,-0.7773612141609192,-0.6704473495483398,0.5714285714285714,0.4285714285714285,1.1693744659423828,1.0
AMFRTFM,-4.629341125488281,0.17025837302207947,0.7142857142857143,0.2857142857142857,0.7709527015686035,0.6709527239203453
GKPSDNQ,0.3981190323829651,-4.064182758331299,0.7142857142857143,0.5714285714285714,0.927130401134491,0.8271304160356522
LKHPMLN,0.7641940116882324,-3.198343515396118,0.5714285714285714,0.4285714285714285,1.0746742486953735,0.9246742486953736
MHHHGNN,0.2736526429653168,-1.3497475385665894,0.5714285714285714,0.1428571428571428,1.2259063720703125,1.0
MKHRGWN,-3.6473116874694824,0.6588680744171143,0.5714285714285714,0.2857142857142857,0.9540488719940186,0.8040488719940185
VDSRVLN,0.9137275218963623,-2.700047016143799,0.7142857142857143,0.4285714285714285,1.151714563369751,1.0
EHKKFQT,-0.05257831886410713,-1.4645705223083496,0.7142857142857143,0.4285714285714285,1.1705896854400637,1.0
AFYWGAQ,-3.613039255142212,0.5679020881652832,0.7142857142857143,0.5714285714285714,0.9479116201400756,0.8479116499423981
YATTNCD,-3.6522345542907715,-1.2521874904632568,0.5714285714285714,0.2857142857142857,0.7317848205566406,0.5817848056554794
HWHNPKG,-0.5855398774147034,0.23361219465732574,0.7142857142857143,0.2857142857142857,1.2989168167114258,1.0
YPHFPYG,-2.3402481079101562,-0.3644379675388336,0.7142857142857143,0.2857142857142857,1.003650426864624,0.9036503672599792
YHEITNQ,0.40438786149024963,-3.0911428928375244,0.5714285714285714,0.2857142857142857,1.0407835245132446,0.8907835245132446
QYDTAHE,-0.5520752668380737,-4.284257888793945,0.5714285714285714,0.4285714285714285,0.7792754769325256,0.6292754918336868
QHSRRDS,-1.3088792562484741,-1.1117113828659058,0.7142857142857143,0.1428571428571428,1.0497699975967407,0.9497699975967407
TYHRVLN,-1.2818892002105713,1.8072532415390015,0.5714285714285714,0.1428571428571428,1.3917651176452637,1.0
FKSSQKE,1.9628164768218994,-2.4508655071258545,0.7142857142857143,0.4285714285714285,1.3156771659851074,1.0
HYFRSEE,-1.3475382328033447,0.325403094291687,0.5714285714285714,0.4285714285714285,1.2114589214324951,1.0
SWHRDSG,-0.09142018109560013,-0.63545161485672,0.5714285714285714,0.4285714285714285,1.261744260787964,1.0
GCHRSWN,-4.29837703704834,0.8141960501670837,0.7142857142857143,0.2857142857142857,0.8882416486740112,0.7882416337728501
WEHRSHV,-0.3941391706466675,-1.4101874828338623,0.5714285714285714,0.4285714285714285,1.132922649383545,0.9829226493835448
YAGRRNS,-2.1101486682891846,-0.8234995007514954,0.7142857142857143,0.1428571428571428,0.9800357818603516,0.8800357520580292
AQDRDST,0.2347068339586258,-4.190650463104248,0.5714285714285714,0.5714285714285714,0.8914251923561096,0.7414251923561096
PHHPGAC,-3.3502681255340576,-1.2669754028320312,0.7142857142857143,0.4285714285714285,0.7689462900161743,0.6689462751150131
YYHESAG,-1.2840807437896729,-1.1792941093444824,0.5714285714285714,0.2857142857142857,1.0451250076293943,0.8951249480247497
QDSLSFE,-1.5883504152297974,-3.9119861125946045,0.7142857142857143,0.4285714285714285,0.6890342831611633,0.5890342831611634
QHSLAFY,-3.055936336517334,-0.5105313658714294,0.5714285714285714,0.4285714285714285,0.8945666551589966,0.744566684961319
RHQHENK,-1.5337311029434204,-0.023585844784975052,0.7142857142857143,0.4285714285714285,1.1470144987106323,1.0
YHNRFNE,1.0275166034698486,-1.575427532196045,0.5714285714285714,0.2857142857142857,1.296789526939392,1.0
MLSRACW,-3.7810041904449463,0.5542129874229431,0.7142857142857143,0.0,0.924699604511261,0.8246995896100998
FNHAHPE,0.43143993616104126,-4.3410563468933105,0.7142857142857143,0.4285714285714285,0.8993104696273804,0.7993104994297028
TIHSRSI,0.5159544348716736,-2.1238784790039062,0.7142857142857143,0.4285714285714285,1.167323350906372,1.0
EKHHLYW,-1.5695834159851074,0.06567885726690292,0.7142857142857143,0.4285714285714285,1.1527509689331057,1.0
FFHRSLN,-2.1404378414154053,0.7055986523628235,0.7142857142857143,0.2857142857142857,1.1534699201583862,1.0
HIKRDKY,-1.6218533515930176,0.6604664325714111,0.8571428571428571,0.4285714285714285,1.2150006294250488,1.0
DYYAQPN,-1.9201172590255737,-1.1851681470870972,0.7142857142857143,0.5714285714285714,0.9625575542449952,0.8625575542449951
HKARSDN,-1.5129958391189575,-1.1336835622787476,0.7142857142857143,0.1428571428571428,1.02094304561615,0.9209430158138276
MFLSGNV,-1.3634618520736694,-3.199028253555298,0.5714285714285714,0.4285714285714285,0.8006709814071655,0.6506710112094879
TDHLEVE,-0.55238276720047,-4.0741353034973145,0.7142857142857143,0.4285714285714285,0.8036043643951416,0.703604394197464
SHHCQNW,-3.9451510906219482,-0.4954149127006531,0.7142857142857143,0.2857142857142857,0.7818384170532227,0.6818384170532227
SRLGEVH,0.561707079410553,-3.6078195571899414,0.7142857142857143,0.2857142857142857,1.0011171102523804,0.901117080450058
IYHMKRV,-4.01765775680542,0.32275012135505676,0.5714285714285714,0.2857142857142857,0.8673883676528931,0.7173883527517319
EYDCHRH,-3.9421229362487793,-1.4030996561050415,0.8571428571428571,0.2857142857142857,0.6769616007804871,0.6269615858793258
SKENSFN,0.21843113005161285,-4.137120723724365,0.7142857142857143,0.4285714285714285,0.895537793636322,0.7955377787351608
LRGEMPV,0.4259882867336273,-3.692446231842041,0.7142857142857143,0.5714285714285714,0.9738296270370485,0.8738296568393707
YHSRYWV,-3.0525312423706055,0.5248560309410095,0.7142857142857143,0.4285714285714285,1.015081763267517,0.9150817930698396
FQSKTMV,1.7041479349136353,-3.1426379680633545,0.5714285714285714,0.5714285714285714,1.2021483182907104,1.0
NPRRSYE,0.0341646745800972,-2.184311866760254,0.7142857142857143,0.4285714285714285,1.0982871055603027,0.998287045955658
YWTPCGD,-4.688037395477295,-0.6886424422264099,0.7142857142857143,0.2857142857142857,0.6637868285179138,0.5637868359684944
EHRRYFL,-3.7401912212371826,0.034811247140169144,0.5714285714285714,0.4285714285714285,0.8697175979614258,0.7197175830602646
WFHRRHW,-3.979515314102173,1.3382161855697632,0.7142857142857143,0.4285714285714285,0.990065336227417,0.8900653511285782
LRHEINN,0.562207043170929,-3.2839736938476562,0.7142857142857143,0.2857142857142857,1.03873872756958,0.9387387871742248
YPSINSA,1.107629418373108,-3.805223226547241,0.7142857142857143,0.5714285714285714,1.0485080480575562,0.9485080778598786
FQESGQI,-0.76503586769104,-4.471645355224609,0.7142857142857143,0.4285714285714285,0.730126142501831,0.6301261723041535
DHNKELQ,0.8953929543495178,-4.5060625076293945,0.7142857142857143,0.5714285714285714,0.9399056434631348,0.839905658364296
YRKNSWL,-3.307354211807251,0.30598753690719604,0.5714285714285714,0.4285714285714285,0.9568918943405152,0.8068919241428375
AYLPNHA,0.4351283311843872,-3.1494553089141846,0.7142857142857143,0.2857142857142857,1.0379785299301147,0.9379785597324372
WWVLNNN,-4.145659446716309,-0.13440732657909393,0.5714285714285714,0.5714285714285714,0.7978910207748413,0.6478910505771637
YFKKTKH,-3.330038547515869,1.0314557552337646,0.7142857142857143,0.5714285714285714,1.0381059646606443,0.9381059795618056
YYHRAKN,-3.5853464603424072,1.0452065467834473,0.5714285714285714,0.1428571428571428,1.006831169128418,0.8568312287330627
RQNRSEN,0.1661314070224762,-3.116464138031006,0.7142857142857143,0.2857142857142857,1.0071728229522705,0.907172793149948
YHSRCKH,-4.257905006408691,0.8084935545921326,0.7142857142857143,0.2857142857142857,0.8927908539772034,0.7927908688783646
PYKEGDH,0.8220188617706299,-4.021687030792236,0.7142857142857143,0.1428571428571428,0.9866334795951844,0.8866334795951843
YHADKAC,-3.2385122776031494,-1.4783848524093628,0.7142857142857143,0.2857142857142857,0.7588164806365967,0.6588164806365967
NHIYWEV,-3.6018259525299072,-0.5182793736457825,0.7142857142857143,0.5714285714285714,0.8233879208564758,0.7233879059553147
YPHPTNN,1.1407089233398438,-4.205044269561768,0.5714285714285714,0.2857142857142857,1.0063985586166382,0.8563985586166382
NWHKQNE,1.0139669179916382,-2.008070945739746,0.7142857142857143,0.2857142857142857,1.2448701858520508,1.0
LCHRNEQ,-3.7541260719299316,-0.29278120398521423,0.7142857142857143,0.4285714285714285,0.8299317359924316,0.7299317210912705
YYHHVMA,-2.391806125640869,-1.1164565086364746,0.5714285714285714,0.4285714285714285,0.9097989797592164,0.7597989499568939
QHDHHNN,0.05608450621366501,-3.088207721710205,0.5714285714285714,0.2857142857142857,0.9962818622589112,0.8462818622589111
YKHLRIM,-4.184695243835449,-0.11022605746984482,0.7142857142857143,0.4285714285714285,0.7956697940826416,0.6956698089838028
YHPRAGG,1.9442288875579834,-2.1391167640686035,0.7142857142857143,0.2857142857142857,1.3494384288787842,1.0
TNSRNHC,-3.337839126586914,-0.956771731376648,0.7142857142857143,0.4285714285714285,0.8065215945243835,0.7065216094255448
FTHQNQQ,0.25781163573265076,-4.13084602355957,0.7142857142857143,0.5714285714285714,0.9013354778289796,0.8013354480266571
HFKDSNI,0.9923667907714844,-3.4919426441192627,0.7142857142857143,0.4285714285714285,1.0700006484985352,0.97000070810318
YVHHQNI,-0.33627229928970337,-2.005483627319336,0.7142857142857143,0.4285714285714285,1.0713346004486084,0.9713345408439636
IKHRKMF,-3.4616494178771973,0.42386260628700256,0.7142857142857143,0.4285714285714285,0.9506976008415222,0.8506976157426834
RTMPRNT,-3.1785688400268555,-1.5770819187164307,0.5714285714285714,0.5714285714285714,0.755087673664093,0.605087673664093
AHRCSNG,-3.162083387374878,-0.07868794351816177,0.4285714285714285,0.4285714285714285,0.9309828281402588,0.7309828579425812
PYHRHVV,-1.54744291305542,0.726250171661377,0.5714285714285714,0.1428571428571428,1.2322096824645996,1.0
IHSRFTN,0.3483946919441223,-0.27865055203437805,0.5714285714285714,0.4285714285714285,1.359747052192688,1.0
EWHKLSA,-0.4300776720046997,-1.5211529731750488,0.7142857142857143,0.4285714285714285,1.115426778793335,1.0
YIHRDTE,0.4113931953907013,-1.5358011722564697,0.7142857142857143,0.2857142857142857,1.222062587738037,1.0
YYSCWTN,-3.971092700958252,0.8392762541770935,0.5714285714285714,0.2857142857142857,0.9332863092422484,0.7832862943410873
VMDRYYP,-2.017235517501831,-1.6077651977539062,0.5714285714285714,0.4285714285714285,0.9010444283485411,0.7510444283485412
FRFIMQY,-3.651038408279419,-1.656319499015808,0.7142857142857143,0.5714285714285714,0.6850705146789551,0.5850704997777939
SNRWKYG,-2.039661407470703,1.227402687072754,0.7142857142857143,0.4285714285714285,1.226959228515625,1.0
YHKRGWN,-3.56317400932312,0.4998761713504791,0.4285714285714285,0.2857142857142857,0.9464423656463624,0.7464423656463623
YEYKAED,-0.04968728870153427,-0.913457453250885,0.7142857142857143,0.4285714285714285,1.2348759174346924,1.0
ACSRIRQ,-5.0578813552856445,0.03117278404533863,0.7142857142857143,0.4285714285714285,0.6996504068374634,0.5996504254639149
YDPKTNN,0.7623685002326965,-3.219557762145996,0.5714285714285714,0.4285714285714285,1.0719789266586304,0.9219789564609528
VSSQPAA,0.16642510890960693,-4.958410739898682,0.7142857142857143,0.1428571428571428,0.7935951352119446,0.6898896712809801
VQSREED,1.2876975536346436,-3.9413862228393555,0.7142857142857143,0.4285714285714285,1.0558996200561523,0.9558996349573136
SNFRSAW,-2.222162961959839,-0.07233723253011703,0.7142857142857143,0.5714285714285714,1.0527288913726809,0.9527288913726808
QISLWAT,-3.4244401454925537,-1.3345476388931274,0.7142857142857143,0.2857142857142857,0.7515605092048645,0.6515605241060257
MILIDVN,-1.8050155639648438,-3.4131534099578857,0.5714285714285714,0.2857142857142857,0.7189908027648926,0.5689908325672149
YYHRAVM,-2.8361141681671143,-0.16064733266830444,0.7142857142857143,0.1428571428571428,0.9634445309638976,0.8634445309638977
YQRKITH,-4.000091552734375,-0.3067503571510315,0.5714285714285714,0.4285714285714285,0.7966450452804565,0.6466450601816177
RDHRSNE,0.5782105922698975,-2.7240116596221924,0.7142857142857143,0.2857142857142857,1.1057393550872805,1.0
YIRSGDE,0.8634858727455139,-2.086791753768921,0.4285714285714285,0.2857142857142857,1.2163671255111694,1.0
YRARTWN,-3.4690935611724854,-0.17966583371162415,0.5714285714285714,0.4285714285714285,0.8797463774681091,0.7297463923692703
YPHFPVF,-2.9940624237060547,-1.0089107751846313,0.7142857142857143,0.4285714285714285,0.8447341918945312,0.7447342216968537
VHHRLEP,0.8199834823608398,-0.5627853870391846,0.5714285714285714,0.2857142857142857,1.38750958442688,1.0
KHMNVNN,0.47966381907463074,-2.4805076122283936,0.5714285714285714,0.4285714285714285,1.1212918758392334,0.9712919056415558
TDHRGLN,0.907099723815918,-2.6811516284942627,0.5714285714285714,0.2857142857142857,1.1530526876449585,1.0
YLHLSMN,-2.4048635959625244,-1.5600937604904175,0.4285714285714285,0.2857142857142857,0.8566680550575256,0.6566680550575257
AHHRSPY,-0.4821449816226959,0.5189915299415588,0.7142857142857143,0.2857142857142857,1.3453245162963867,1.0
YHRVSMF,-2.8520448207855225,0.2989388704299927,0.4285714285714285,0.4285714285714285,1.014693021774292,0.8146930515766144
VNSINGP,0.46811342239379883,-4.187439918518066,0.7142857142857143,0.5714285714285714,0.9218473434448242,0.821847328543663
YHANTRI,0.44109684228897095,-1.8122690916061401,0.7142857142857143,0.2857142857142857,1.193824052810669,1.0
YYQKNGE,0.7698676586151123,-0.6472517251968384,0.7142857142857143,0.1428571428571428,1.3712615966796875,1.0
DLMRFGH,-2.410048246383667,-1.8112162351608276,0.7142857142857143,0.4285714285714285,0.826877236366272,0.726877236366272
YEKKATW,-0.6154189705848694,-0.4120488464832306,0.5714285714285714,0.4285714285714285,1.2201910018920898,1.0
TQWCTNW,-4.245232105255127,0.7967196702957153,0.8571428571428571,0.4285714285714285,0.8930569291114807,0.8430569440126419
DHRTVWT,-2.7649245262145996,-1.3539916276931763,0.7142857142857143,0.4285714285714285,0.8342145085334778,0.7342145085334778
YFFQNQT,-3.1339704990386963,0.1546173244714737,0.7142857142857143,0.1428571428571428,0.96165931224823,0.8616593420505524
YFSRSFE,-1.2009012699127197,-0.09228528290987015,0.7142857142857143,0.2857142857142857,1.1818971633911133,1.0
WTQKKNM,-2.475360155105591,-0.5343239307403564,0.8571428571428571,0.5714285714285714,0.9665533304214478,0.9165533304214476
MQIHIEL,-1.8726933002471924,-3.7374253273010254,0.8571428571428571,0.5714285714285714,0.6726709604263306,0.6226709753274917
DEGGLNW,-1.9363677501678467,-2.0642826557159424,0.7142857142857143,0.4285714285714285,0.8585121631622314,0.7585121333599091
YIMWTGE,-3.761193037033081,-0.5940713286399841,0.7142857142857143,0.4285714285714285,0.7940804958343506,0.6940805107355118
GWHQHEF,-1.700616717338562,-1.2437200546264648,0.8571428571428571,0.2857142857142857,0.9840266108512878,0.9340266108512878
ECHMSNL,-3.7885289192199707,0.09187725186347961,0.7142857142857143,0.4285714285714285,0.8701125383377075,0.7701125085353852
IYEKMSQ,0.41027557849884033,-2.066938877105713,0.5714285714285714,0.5714285714285714,1.1603212356567385,1.0
YYHDPIV,-2.084413528442383,-0.2803557813167572,0.5714285714285714,0.2857142857142857,1.04633891582489,0.8963389158248901
YVTWVHE,-3.16542649269104,-0.5432592630386353,0.7142857142857143,0.4285714285714285,0.8766748905181885,0.7766749203205109
YTENPGA,-0.5913991332054138,-3.7756617069244385,0.7142857142857143,0.4285714285714285,0.8331960439682007,0.7331960588693619
YAARHEC,-3.396301031112671,-1.6696598529815674,0.7142857142857143,0.4285714285714285,0.7163193225860596,0.616319352388382
YYAKMNR,-3.333177328109741,-0.3288675546646118,0.7142857142857143,0.2857142857142857,0.8799415826797485,0.7799415528774262
MFHPYYL,-3.953096389770508,-1.1236168146133423,0.7142857142857143,0.4285714285714285,0.7079612016677856,0.607961231470108
CTKRDGM,-3.252094030380249,-1.2232730388641357,0.7142857142857143,0.5714285714285714,0.7866539359092712,0.6866539359092713
MYKRRPE,-1.7900192737579346,0.16786053776741028,0.5714285714285714,0.4285714285714285,1.136221408843994,0.9862213790416716
YNNGSWS,-1.8803811073303223,-0.7494269013404846,0.7142857142857143,0.4285714285714285,1.018207550048828,0.9182075202465058
QFNDGCN,-3.6969985961914062,-1.4579845666885376,0.7142857142857143,0.0,0.7021548748016357,0.6021548449993134
HYSRKAN,-3.3386924266815186,0.41601088643074036,0.7142857142857143,0.1428571428571428,0.965617060661316,0.8656170606613159
VKHRAED,0.9036343693733215,-1.6540857553482056,0.7142857142857143,0.2857142857142857,1.271718144416809,1.0
IFARKNP,-2.510599374771118,0.49954405426979065,0.7142857142857143,0.4285714285714285,1.0819169282913208,0.9819169282913208
YHCQSNN,-3.5422844886779785,-0.27085116505622864,0.2857142857142857,0.2857142857142857,0.8597484827041626,0.6097484678030014
YFNRTQG,0.6396561861038208,-0.7852959036827087,0.7142857142857143,0.2857142857142857,1.3384883403778076,1.0
YNWASPI,-2.678447723388672,0.323307067155838,0.5714285714285714,0.4285714285714285,1.039868712425232,0.8898687422275543
YKHYGPN,0.43368834257125854,-0.4000735878944397,0.4285714285714285,0.1428571428571428,1.3566462993621826,1.0
YAIREVH,-0.09738325327634811,-3.4489541053771973,0.7142857142857143,0.4285714285714285,0.9346870183944702,0.8346870183944702
YYRFHKK,-3.9591736793518066,0.1363772749900818,0.5714285714285714,0.5714285714285714,0.8533036708831787,0.7033037006855011
YHGRSDW,-1.2498469352722168,0.4776705801486969,0.5714285714285714,0.1428571428571428,1.2416950464248655,1.0
VSRRSGE,0.9732346534729004,-2.6515471935272217,0.5714285714285714,0.4285714285714285,1.1650004386901855,1.0
LHFSSND,-0.2055581659078598,-3.264070510864258,0.4285714285714285,0.4285714285714285,0.9422014951705932,0.7422014951705933
YWHRSRD,-1.2603098154067993,1.0604397058486938,0.7142857142857143,0.2857142857142857,1.307933330535889,1.0
ANNPNSN,-0.10340050607919693,-4.038105010986328,0.7142857142857143,0.4285714285714285,0.8655868768692017,0.7655868619680405
NQSRNGT,1.5746999979019165,-3.718116283416748,0.7142857142857143,0.4285714285714285,1.118742823600769,1.0
MHERWTN,-0.6479942202568054,-1.515758991241455,0.5714285714285714,0.2857142857142857,1.0879967212677002,0.937996780872345
SHSKQHQ,0.33986005187034607,-1.2351278066635132,0.7142857142857143,0.4285714285714285,1.24772310256958,1.0
DSHRHIE,0.2615620791912079,-3.3152029514312744,0.7142857142857143,0.1428571428571428,0.996410608291626,0.8964106380939484
PVVVSAE,-1.5940433740615845,-3.9464941024780273,0.5714285714285714,0.5714285714285714,0.6842993497848511,0.534299349784851
YHHKEDN,1.0754600763320923,-2.2673444747924805,0.5714285714285714,0.1428571428571428,1.2227184772491455,1.0
YHHMIQE,-0.21425864100456238,-2.501640796661377,0.7142857142857143,0.4285714285714285,1.0295023918151855,0.929502421617508
PFRCSRQ,-5.252807140350342,0.06510326266288757,0.7142857142857143,0.4285714285714285,0.6784898042678833,0.5784898042678833
HTIMMWH,-3.6688218116760254,-0.8069899082183838,0.7142857142857143,0.5714285714285714,0.7812800407409668,0.6812800258398056
YHPFPGS,-0.7558125853538513,-1.650438666343689,0.7142857142857143,0.2857142857142857,1.058496594429016,0.9584965646266936
FYFVINM,-3.7993760108947754,0.3956020474433899,0.7142857142857143,0.5714285714285714,0.9039397835731506,0.8039397984743119
PATSEVF,-1.477293848991394,-4.5566935539245605,0.7142857142857143,0.5714285714285714,0.6285637021064758,0.5285637021064759
KHKTEKD,-1.2283220291137695,-0.9605435132980347,0.7142857142857143,0.2857142857142857,1.0776727199554443,0.9776726603507996
RRKPCYD,-4.777223587036133,0.6574366092681885,0.7142857142857143,0.4285714285714285,0.808413028717041,0.7084130510687828
YSWRVID,-2.438084363937378,0.1253184676170349,0.5714285714285714,0.4285714285714285,1.047852873802185,0.8978529036045074
DHQRENT,0.8050978183746338,-4.873814582824707,0.7142857142857143,0.4285714285714285,0.8856314420700073,0.7848692681640387
FAHKEHN,1.2072302103042603,-2.3249199390411377,0.7142857142857143,0.4285714285714285,1.2330058813095093,1.0
VEKISVM,0.09227629750967026,-4.071197986602783,0.7142857142857143,0.4285714285714285,0.8869412541389465,0.7869412392377854
YHHRSEN,0.5042349100112915,0.9122361540794373,0.4285714285714285,0.0,1.517920970916748,1.0
YYKKSYE,0.20914313197135925,0.01869025081396103,0.5714285714285714,0.1428571428571428,1.3763025999069214,1.0
FHHWNYR,-1.4611455202102661,-0.02072732523083687,0.7142857142857143,0.4285714285714285,1.156691074371338,1.0
ELKKSHE,1.0077736377716064,-2.156803607940674,0.7142857142857143,0.4285714285714285,1.2268239259719849,1.0
SKGIIEG,0.9574213624000549,-3.9085090160369873,0.7142857142857143,0.5714285714285714,1.0171912908554075,0.91719132065773
WSLCCPQ,-4.218440532684326,-1.5332372188568115,0.7142857142857143,0.5714285714285714,0.6262948513031006,0.5262948662042618
WHWCHDH,-4.427100658416748,0.38370978832244873,0.7142857142857143,0.4285714285714285,0.8217445611953735,0.7217445760965348
YHLMGAW,-3.514226198196411,0.08375028520822525,0.5714285714285714,0.2857142857142857,0.9044849276542664,0.7544849276542663
DYSMSND,-0.4647979438304901,-1.8116586208343506,0.5714285714285714,0.4285714285714285,1.077265977859497,0.9272660076618194
YHKRELA,0.8521347045898438,-0.780942440032959,0.5714285714285714,0.2857142857142857,1.3663486242294312,1.0
HEHKDLP,1.2596641778945923,-3.4380247592926025,0.7142857142857143,0.4285714285714285,1.1106667518615725,1.0
VDHLNQF,-0.7314620018005371,-4.472980499267578,0.7142857142857143,0.4285714285714285,0.7342938184738159,0.6342938035726547
YHIINPG,-0.7513822913169861,-2.6889212131500244,0.5714285714285714,0.5714285714285714,0.9386312961578368,0.7886313259601593
IKSKSHE,-0.2039751559495926,-1.7448192834854126,0.4285714285714285,0.4285714285714285,1.1185970306396484,0.9185970306396484
MDHEPTV,-0.9555395841598511,-5.70889139175415,0.5714285714285714,0.4285714285714285,0.5621131062507629,0.3822970903478563
FGHRHNT,0.3758632242679596,-0.5711061358451843,0.7142857142857143,0.2857142857142857,1.329366683959961,1.0
DHRRSWS,-1.957260012626648,0.2500208020210266,0.5714285714285714,0.4285714285714285,1.1242183446884155,0.974218374490738
CAHETFD,-3.7393500804901123,-0.8482723236083984,0.7142857142857143,0.4285714285714285,0.7674123048782349,0.6674122750759125
LSLRLTN,0.72353595495224,-2.5535905361175537,0.4285714285714285,0.4285714285714285,1.1442134380340576,0.9442134380340576
AVGWHIN,-2.66365909576416,-0.8231021761894226,0.5714285714285714,0.4285714285714285,0.9088205099105836,0.7588205397129059
FHHDAAG,0.5903114676475525,-3.7589025497436523,0.7142857142857143,0.2857142857142857,0.9872782230377196,0.8872782528400421
VDHKLMI,-0.1614757627248764,-4.275879859924316,0.7142857142857143,0.5714285714285714,0.8305346369743347,0.7305346518754959
PIYRMAW,-4.451107025146484,1.792978048324585,0.7142857142857143,0.4285714285714285,0.9820904731750488,0.8820904806256294
VHVSSTD,-0.14336468279361725,-4.022834300994873,0.5714285714285714,0.4285714285714285,0.8622126579284668,0.7122126430273056
NYQRKFP,-2.069737195968628,-0.7140306830406189,0.5714285714285714,0.4285714285714285,0.9979339838027954,0.847933954000473
MRSKKID,-2.011953592300415,-0.6329715251922607,0.7142857142857143,0.5714285714285714,1.014773964881897,0.9147739350795746
DVHRKEN,1.3804121017456055,-2.2450287342071533,0.5714285714285714,0.2857142857142857,1.2645673751831057,1.0
QQHRDTI,0.082657091319561,-3.0376901626586914,0.7142857142857143,0.2857142857142857,1.005561590194702,0.9055615305900574
YPHRSQW,-1.296151876449585,0.5806920528411865,0.5714285714285714,0.2857142857142857,1.2476811408996582,1.0
AVWGFCA,-4.491073131561279,-0.23439010977745056,0.7142857142857143,0.7142857142857143,0.7418256998062134,0.6418257296085358
AMKIGCQ,-3.621161699295044,-0.659542977809906,0.7142857142857143,0.4285714285714285,0.8045158386230469,0.7045158535242081
MILKNVY,-0.79924076795578,-2.7535181045532227,0.7142857142857143,0.5714285714285714,0.9249783754348756,0.8249783754348755
FFKRLTM,-4.40658712387085,-0.07418713718652725,0.7142857142857143,0.5714285714285714,0.7712820172309875,0.671282009780407
YHIRTNQ,0.28799566626548767,-0.41624221205711365,0.5714285714285714,0.1428571428571428,1.3360142707824707,1.0
YVSKTVE,1.861281394958496,-2.4973294734954834,0.5714285714285714,0.2857142857142857,1.297216534614563,1.0
YLHYSEM,-3.007824420928955,-0.36910170316696167,0.5714285714285714,0.2857142857142857,0.917162835597992,0.7671628355979919
QRCKIYT,-4.612475395202637,0.520020067691803,0.8571428571428571,0.1428571428571428,0.8136868476867676,0.7636868402361869
AYRPSAA,1.9129847288131714,-3.255549907684326,0.7142857142857143,0.4285714285714285,1.215940237045288,1.0
CHERRQK,-4.474372386932373,0.8962618708610535,0.7142857142857143,0.5714285714285714,0.8751006126403809,0.7751005902886391
AYSKTQL,0.7220140099525452,-0.1468513011932373,0.5714285714285714,0.2857142857142857,1.4231336116790771,1.0
YYAPSEC,-4.259594917297363,-0.5140743851661682,0.7142857142857143,0.1428571428571428,0.7391915321350098,0.6391915321350098
YHHLAYN,-2.3199827671051025,-0.7560049295425415,0.4285714285714285,0.2857142857142857,0.9608483910560608,0.7608483910560608
IYSRVYE,-1.359583854675293,2.837395191192627,0.5714285714285714,0.2857142857142857,1.5012307167053225,1.0
HYHFSPR,-2.624563217163086,0.3454362750053406,0.5714285714285714,0.2857142857142857,1.0493724346160889,0.8993724048137665
VWHIWNG,-4.136999607086182,1.4065784215927124,0.7142857142857143,0.2857142857142857,0.9777182340621948,0.8777182638645172
YVTRSAN,1.933579444885254,-1.3273521661758423,0.5714285714285714,0.2857142857142857,1.4422099590301514,1.0
LYYTSLS,-3.258359432220459,-0.18711790442466736,0.7142857142857143,0.5714285714285714,0.9060129523277284,0.8060129523277283
YYTKYDS,-0.7283000946044922,-0.54883873462677,0.5714285714285714,0.2857142857142857,1.1897943019866943,1.0
DIHRKSI,-0.23372696340084076,-0.6890327334403992,0.7142857142857143,0.4285714285714285,1.2372090816497805,1.0
LNGMSFI,-2.043694019317627,-2.19404673576355,0.7142857142857143,0.2857142857142857,0.8296453952789307,0.7296453952789307
DKHFRQH,-1.1165680885314941,-0.4486827552318573,0.7142857142857143,0.4285714285714285,1.1514222621917725,1.0
QPIRSRH,-4.403273582458496,-0.07839132845401764,0.7142857142857143,0.4285714285714285,0.7712209820747375,0.6712209895253182
YWRTNSD,-0.8611857295036316,1.3289744853973389,0.4285714285714285,0.4285714285714285,1.390460968017578,1.0
YNHTNYN,-0.03354702889919281,-1.6593334674835205,0.5714285714285714,0.2857142857142857,1.1504526138305664,1.0
YHVERTG,1.149618148803711,-1.8088834285736084,0.5714285714285714,0.4285714285714285,1.2854348421096802,1.0
AIYRNTN,0.42480015754699707,-2.1436259746551514,0.7142857142857143,0.4285714285714285,1.1532976627349854,1.0
MRTFWVN,-3.3079984188079834,0.5086556077003479,0.7142857142857143,0.5714285714285714,0.9803129434585572,0.8803129434585572
YFHKSKN,-2.585254192352295,1.4003077745437622,0.5714285714285714,0.2857142857142857,1.176769495010376,1.0
YHSRKYA,-3.083522081375122,0.47041934728622437,0.7142857142857143,0.2857142857142857,1.0047786235809326,0.9047786831855774
MFWRTHN,-2.8887951374053955,0.8239707946777344,0.7142857142857143,0.2857142857142857,1.0708510875701904,0.9708510279655456
PYHRHRE,-1.3634394407272339,0.21208339929580688,0.7142857142857143,0.2857142857142857,1.1962697505950928,1.0
VSHFYVE,-2.398486375808716,-1.1221262216567993,0.7142857142857143,0.5714285714285714,0.90828138589859,0.8082813858985901
SNHKWQQ,-0.02424483373761177,-1.8655967712402344,0.7142857142857143,0.4285714285714285,1.127729415893555,1.0
RDSKTQL,0.438313364982605,-3.1466634273529053,0.4285714285714285,0.0,1.0387123823165894,0.8387124121189118
YEDYSQF,-2.0737156867980957,-1.016764760017395,0.7142857142857143,0.5714285714285714,0.962312877178192,0.8623128771781922
QLHKNQV,2.015885829925537,-2.1839237213134766,0.5714285714285714,0.1428571428571428,1.3534674644470217,1.0
MWHKENN,0.4635990858078003,-1.7551034688949585,0.7142857142857143,0.2857142857142857,1.2033507823944092,1.0
GHARSTV,0.5739032030105591,-2.429842233657837,0.5714285714285714,0.2857142857142857,1.1393004655838013,0.9893004655838012
QHWPQNK,-1.439833164215088,-0.5367527008056641,0.7142857142857143,0.4285714285714285,1.0995899438858032,0.9995899736881256
YYHRQYI,-2.2240536212921143,0.45472434163093567,0.7142857142857143,0.2857142857142857,1.1136102676391602,1.0
KISSLSN,0.37842726707458496,-3.879880905151367,0.7142857142857143,0.1428571428571428,0.9459691643714904,0.8459691643714905
QHCMWLN,-4.995632171630859,0.2429271787405014,0.4285714285714285,0.4285714285714285,0.7322223782539368,0.5322223708033562
IHSVHYY,-2.8817710876464844,-0.7150476574897766,0.7142857142857143,0.5714285714285714,0.8932712078094482,0.7932711780071259
VSVRQWM,-2.4613606929779053,-0.7522147297859192,0.5714285714285714,0.4285714285714285,0.9430862665176392,0.7930862963199615
IHYRGGP,0.8866507411003113,-0.7821267247200012,0.5714285714285714,0.2857142857142857,1.3706549406051636,1.0
DGSRIVL,-0.5045290589332581,-3.656238555908203,0.5714285714285714,0.2857142857142857,0.85822993516922,0.7082299202680588
WWTRSNV,-2.600489854812622,1.96320378780365,0.5714285714285714,0.4285714285714285,1.240088701248169,1.0
YTHRVPT,0.75791335105896,-0.2769295871257782,0.7142857142857143,0.4285714285714285,1.4126698970794678,1.0
YLMATTA,-1.0094541311264038,-3.19517183303833,0.5714285714285714,0.1428571428571428,0.8466947674751282,0.6966947674751282
IFMRPYN,-3.984156370162964,0.2719724476337433,0.7142857142857143,0.4285714285714285,0.8658127188682556,0.7658127039670944
HWSSSGD,-0.8094388246536255,-3.0058107376098633,0.7142857142857143,0.4285714285714285,0.8944063186645508,0.7944063484668732
STEHVGE,-1.639481544494629,-5.785323619842529,0.5714285714285714,0.5714285714285714,0.4651953876018524,0.2827201496809721
DGSRWDD,-2.199465036392212,-1.1701401472091675,0.7142857142857143,0.4285714285714285,0.928335964679718,0.828335964679718
YFQTTHN,-1.127385139465332,-1.8302799463272095,0.7142857142857143,0.4285714285714285,0.989802062511444,0.8898020625114441
PHMSSVT,0.13606837391853333,-3.6819214820861816,0.7142857142857143,0.4285714285714285,0.9377247095108032,0.8377247393131256
RNRRFVN,-4.440249443054199,0.04033403843641281,0.5714285714285714,0.5714285714285714,0.7802295088768005,0.6302295237779617
QWWRPPA,-3.567166566848755,1.883499026298523,0.7142857142857143,0.4285714285714285,1.1063908338546753,1.0
YAIKSVN,2.1502647399902344,-1.527574062347412,0.4285714285714285,0.1428571428571428,1.446886658668518,1.0
YHRYPHN,-0.3737843930721283,0.40617215633392334,0.4285714285714285,0.4285714285714285,1.3461912870407104,1.0
YAHPAEN,-0.40985286235809326,-2.43729567527771,0.5714285714285714,0.4285714285714285,1.0117831230163574,0.8617830634117126
CVVLCKK,-4.3329010009765625,0.10281986743211746,0.7142857142857143,0.7142857142857143,0.8012966513633728,0.7012966439127922
AHIRFAM,-2.21761417388916,-1.719948649406433,0.7142857142857143,0.4285714285714285,0.8622365593910217,0.7622365593910218
FRRRGQN,-3.801226854324341,0.9215385913848877,0.5714285714285714,0.4285714285714285,0.9646958112716676,0.8146957814693451
YHVRLHF,-2.4898369312286377,-0.9198536276817322,0.7142857142857143,0.4285714285714285,0.9199786186218262,0.8199785888195038
YWNAMMF,-3.433821201324463,0.39144837856292725,0.7142857142857143,0.5714285714285714,0.9505212306976318,0.8505212008953095
EWLMQQA,-2.322490930557251,-2.8186638355255127,0.5714285714285714,0.4285714285714285,0.7213133573532104,0.571313327550888
LGKASEG,1.1000027656555176,-4.316405296325684,0.5714285714285714,0.5714285714285714,0.988243043422699,0.838243043422699
WRHSCNH,-3.7267379760742188,-0.5134300589561462,0.8571428571428571,0.4285714285714285,0.8078685402870178,0.757868555188179
YWTMQVQ,-3.7347609996795654,1.0358506441116333,0.7142857142857143,0.2857142857142857,0.9865099191665648,0.8865099042654038
NPHRSAY,0.9600921273231506,-0.9562223553657532,0.5714285714285714,0.4285714285714285,1.359919786453247,1.0
YVTEWDV,-3.491607427597046,0.415504515171051,0.7142857142857143,0.5714285714285714,0.945871353149414,0.8458713382482529
KHYVETE,0.10641519725322723,-2.0479276180267334,0.7142857142857143,0.4285714285714285,1.123405694961548,1.0
AYHEHMN,-0.44970348477363586,-1.782968282699585,0.7142857142857143,0.4285714285714285,1.0825365781784058,0.9825366079807282
YHHDHAC,-2.8922805786132812,-0.7044236660003662,0.7142857142857143,0.1428571428571428,0.8931503295898438,0.7931502997875214
VLHNSHH,-0.16374461352825165,-2.105664014816284,0.7142857142857143,0.4285714285714285,1.0819283723831177,0.9819283425807952
ASRRWSD,-1.3654897212982178,-0.7884432077407837,0.5714285714285714,0.4285714285714285,1.0799720287322998,0.9299720287322998
SCHLLAV,-4.5958991050720215,-0.09818283468484879,0.7142857142857143,0.2857142857142857,0.7441263198852539,0.6441263347864151
HNYGKRL,-3.6670048236846924,-0.36627545952796936,0.7142857142857143,0.5714285714285714,0.8326247930526733,0.7326248079538346
CHFHMWS,-4.75516939163208,1.243604063987732,0.7142857142857143,0.1428571428571428,0.8792318105697632,0.7792318031191826
RASRSQW,-4.475406169891357,-0.20695148408412933,0.5714285714285714,0.1428571428571428,0.7470248937606812,0.5970248714089393
YYHPPVH,-1.7051784992218018,-1.4812995195388794,0.7142857142857143,0.4285714285714285,0.9558866024017334,0.8558866024017334
QCPRHHT,-3.3595130443573,-0.2906303107738495,0.7142857142857143,0.5714285714285714,0.8809854388237,0.7809854388237
GYRRNKY,-4.104717254638672,1.262557029724121,0.5714285714285714,0.5714285714285714,0.9651719331741332,0.8151719033718109
HQHWSSN,-1.7320201396942139,-0.6170395016670227,0.5714285714285714,0.2857142857142857,1.052661418914795,0.9026614189147948
KSWSWPE,-3.05787992477417,1.4200583696365356,0.7142857142857143,0.5714285714285714,1.1182122230529783,1.0
IHKRPAA,-1.7237144708633423,-0.898872971534729,0.7142857142857143,0.4285714285714285,1.021045804023743,0.9210458040237428
IKKQSYV,-2.6413118839263916,0.09574241191148758,0.7142857142857143,0.5714285714285714,1.0182584524154663,0.9182584524154664
GHPWANP,-1.2573145627975464,-2.261221408843994,0.7142857142857143,0.2857142857142857,0.9230968952178956,0.8230969250202179
PRHRSQD,-1.5084052085876465,-0.21760116517543793,0.5714285714285714,0.2857142857142857,1.1277744770050049,0.9777745366096496
QSKWHNE,1.4711923599243164,-2.943803310394287,0.7142857142857143,0.4285714285714285,1.1952160596847534,1.0
YYHLWAW,-4.4175705909729,1.1397327184677124,0.7142857142857143,0.4285714285714285,0.9106495380401612,0.8106495305895806
WDYRGNN,-1.2011302709579468,-0.5854707360267639,0.5714285714285714,0.4285714285714285,1.1246716976165771,0.9746716380119324
YHEQFNN,-0.7445993423461914,-1.7611833810806274,0.4285714285714285,0.2857142857142857,1.0470969676971436,0.8470969080924988
NNHCSHN,-4.153377056121826,-0.2700636088848114,0.7142857142857143,0.4285714285714285,0.7811651229858398,0.6811651080846787
IRWFLNY,-4.748841285705566,-0.07495827972888947,0.7142857142857143,0.5714285714285714,0.7271292209625244,0.6271292433142662
YSWSSND,-2.1218104362487793,-0.62461918592453,0.5714285714285714,0.2857142857142857,1.0015990734100342,0.8515991032123565
VFRWPTV,-4.488349437713623,0.9649050235748291,0.7142857142857143,0.2857142857142857,0.881261944770813,0.7812619224190712
YMPRSFN,-1.445073127746582,-0.43080759048461914,0.5714285714285714,0.2857142857142857,1.1112021207809448,0.9612020909786224
GDARTYE,0.1555008441209793,-3.765591621398926,0.5714285714285714,0.4285714285714285,0.9305230975151062,0.780523082613945
YHTTEKD,1.5963764190673828,-3.7654237747192383,0.5714285714285714,0.0,1.1160472631454468,0.9660472184419632
VYHRSSG,1.0233803987503052,1.6833652257919312,0.4285714285714285,0.2857142857142857,1.6741878986358645,1.0
YPRMEHC,-3.4714770317077637,-1.0073105096817017,0.7142857142857143,0.4285714285714285,0.7834553718566895,0.6834553718566895
VYYRHEP,-1.2392925024032593,1.7904906272888184,0.4285714285714285,0.4285714285714285,1.3953051567077637,1.0
TYYLPLQ,-3.6122231483459473,0.02615668624639511,0.7142857142857143,0.4285714285714285,0.8851890563964844,0.7851890712976456
ECHKNED,-3.9255285263061523,-0.8040302991867065,0.7142857142857143,0.4285714285714285,0.7485737204551697,0.6485737353563309
YHRMCEE,-3.0090692043304443,-0.651948094367981,0.5714285714285714,0.4285714285714285,0.8842000961303711,0.7342000961303711
DFWLMDQ,-4.469819068908691,-0.34246787428855896,0.7142857142857143,0.5714285714285714,0.732028067111969,0.6320280447602272
CKKDIDR,-3.3716256618499756,-1.139285922050476,0.7142857142857143,0.5714285714285714,0.7810050845146179,0.6810050994157791
YHAWWMN,-3.7631113529205322,0.6561936140060425,0.5714285714285714,0.4285714285714285,0.9388301372528076,0.7888301223516464
LGHRVDS,1.1611571311950684,-3.6846635341644287,0.7142857142857143,0.1428571428571428,1.0693811178207395,0.9693811476230622
WYHDHQG,-1.3939405679702759,-1.0023516416549683,0.5714285714285714,0.4285714285714285,1.0515016317367554,0.901501601934433
MHYSSTG,1.2685483694076538,-2.0919864177703857,0.7142857142857143,0.1428571428571428,1.2679142951965332,1.0
KGFRLIF,-4.508616924285889,-1.4642752408981323,0.5714285714285714,0.2857142857142857,0.5969339609146118,0.4469339832663536
YGHRITN,0.8456722497940063,0.708120584487915,0.5714285714285714,0.1428571428571428,1.5382072925567627,1.0
YLSRSNV,1.4793357849121094,-0.12014307826757431,0.5714285714285714,0.2857142857142857,1.5237319469451904,1.0
YNFTPVN,-1.4129106998443604,-1.4169995784759521,0.5714285714285714,0.5714285714285714,1.0009715557098389,0.8509715259075165
GPRNRYK,-3.624851703643799,-0.4153779447078705,0.7142857142857143,0.5714285714285714,0.8323572278022766,0.7323572129011154
VSESSVH,-0.1621484011411667,-5.12966775894165,0.7142857142857143,0.5714285714285714,0.7314319014549255,0.6217681180685759
YVHTFWW,-3.908068895339966,0.3181454837322235,0.7142857142857143,0.4285714285714285,0.8809633255004883,0.7809632956981659
YHDRTGN,1.774897575378418,-2.4568839073181152,0.5714285714285714,0.1428571428571428,1.2907856702804563,1.0
YMHTLNN,-0.6522730588912964,-2.402413845062256,0.5714285714285714,0.4285714285714285,0.9846181869506836,0.8346181571483612
WSWRNQV,-2.2632176876068115,0.6870193481445312,0.5714285714285714,0.5714285714285714,1.1355080604553225,0.9855080008506776
YSCRSWN,-3.8772056102752686,1.2280758619308472,0.5714285714285714,0.1428571428571428,0.9904638528823853,0.8404638826847076
YVHIGQD,-0.015506367199122906,-1.8337372541427612,0.5714285714285714,0.4285714285714285,1.132549285888672,0.9825492560863496
YYDRRRA,-1.6805063486099243,0.37918511033058167,0.7142857142857143,0.4285714285714285,1.1748284101486206,1.0
YLHKMNG,1.8984936475753784,-0.613198459148407,0.5714285714285714,0.1428571428571428,1.520515203475952,1.0
YVFVMYN,-3.62894344329834,0.7079723477363586,0.5714285714285714,0.2857142857142857,0.9621084332466124,0.8121084183454513
YAHKSVN,2.4649813175201416,0.6026248931884766,0.4285714285714285,0.0,1.7344496250152588,1.0
RHQCPNN,-3.5668859481811523,-1.107898473739624,0.5714285714285714,0.2857142857142857,0.7595065236091614,0.6095065385103225
YSPRVNH,0.28401750326156616,-2.0172393321990967,0.5714285714285714,0.4285714285714285,1.1498301029205322,0.9998300433158874
DHHKAGK,-1.116172194480896,-0.3899114727973938,0.7142857142857143,0.4285714285714285,1.1582889556884766,1.0
YHNIVKN,1.3253769874572754,-2.9279327392578125,0.5714285714285714,0.4285714285714285,1.17828369140625,1.0
QLSRYSW,-4.329538345336914,0.5609720349311829,0.7142857142857143,0.4285714285714285,0.8548627495765686,0.7548627570271492
MHSNGDN,-0.034598153084516525,-4.416594982147217,0.5714285714285714,0.2857142857142857,0.8305502533912659,0.6805502533912658
QHSHWPT,-2.1426401138305664,-0.4246792793273926,0.7142857142857143,0.5714285714285714,1.0221049785614014,0.9221049785614014
YIVTFDD,-3.7703049182891846,-1.1084660291671753,0.5714285714285714,0.4285714285714285,0.7332516312599182,0.5832516312599182
KSHGPGC,-3.6187832355499268,-1.2806134223937988,0.5714285714285714,0.5714285714285714,0.7327947616577148,0.5827947914600372
LIRRLDN,-0.6414153575897217,-1.5646376609802246,0.5714285714285714,0.4285714285714285,1.0831751823425293,0.933175241947174
YNHTITG,1.6340543031692505,-3.9425456523895264,0.7142857142857143,0.2857142857142857,1.1003566980361938,1.0
MFHRQYQ,-1.225750207901001,-0.5681339502334595,0.7142857142857143,0.2857142857142857,1.1235125064849854,1.0
YHHVAVN,0.06158518046140671,-0.6709405183792114,0.5714285714285714,0.2857142857142857,1.277327060699463,1.0
SQHRKII,-2.641576051712036,-0.566162645816803,0.7142857142857143,0.4285714285714285,0.9414615631103516,0.8414615631103516
YVRRDVT,0.78255695104599,-0.8273245692253113,0.7142857142857143,0.2857142857142857,1.3520119190216064,1.0
NYHKMSR,-4.261251449584961,0.3804278075695038,0.4285714285714285,0.4285714285714285,0.8427160978317261,0.6427160978317261
YEHRAHN,0.1310936063528061,-1.9748520851135254,0.5714285714285714,0.2857142857142857,1.1350576877593994,0.9850576877593994
YQHRSIL,-0.6195341944694519,-0.39821839332580566,0.7142857142857143,0.2857142857142857,1.2212650775909424,1.0
IHHHGRC,-3.2789087295532227,0.15578962862491608,0.7142857142857143,0.4285714285714285,0.9431353211402892,0.8431353211402893
LTSKQNS,1.0221617221832275,-3.799668550491333,0.7142857142857143,0.4285714285714285,1.0381488800048828,0.9381488353013993
EWVSSGK,-1.0991733074188232,-2.5720741748809814,0.7142857142857143,0.4285714285714285,0.9074063301086426,0.8074063003063202
KHGRAEM,-1.278855562210083,-0.736544668674469,0.7142857142857143,0.4285714285714285,1.097144603729248,0.9971445441246032
AYQVYVN,-2.6811306476593018,0.7160878777503967,0.7142857142857143,0.4285714285714285,1.0850751399993896,0.985075169801712
AIPRCSE,-3.69054913520813,-0.9747862219810486,0.7142857142857143,0.4285714285714285,0.7590229511260986,0.6590229660272598
LYTRCGD,-3.720174789428711,0.02515537664294243,0.5714285714285714,0.4285714285714285,0.8711748123168945,0.7211747974157333
NHAKKKC,-4.162102699279785,1.1030179262161255,0.8571428571428571,0.1428571428571428,0.939281702041626,0.8892816722393035
KHHHLFN,-2.2539169788360596,0.0233903955668211,0.7142857142857143,0.4285714285714285,1.059742450714111,0.959742510318756
AFKKSTW,-2.1169300079345703,-0.7399011850357056,0.5714285714285714,0.1428571428571428,0.9888578653335572,0.8388578653335571
VKDCPRT,-3.0917105674743652,-0.8206468820571899,0.7142857142857143,0.5714285714285714,0.8539960384368896,0.7539960384368897
RHHRGVG,-3.6120073795318604,-0.11811745911836624,0.4285714285714285,0.2857142857142857,0.8684849739074707,0.6684849888086319
YHSKAHE,1.9677705764770508,-2.434854030609131,0.7142857142857143,0.2857142857142857,1.3181718587875366,1.0
KFHTKNP,-2.345268726348877,-0.521327018737793,0.7142857142857143,0.4285714285714285,0.984809160232544,0.884809160232544
FQPRDRI,1.200632095336914,-2.8191030025482178,0.7142857142857143,0.5714285714285714,1.174844741821289,1.0
YHRSSHD,1.123195767402649,-0.41688308119773865,0.4285714285714285,0.2857142857142857,1.443467140197754,1.0
YLHKEMT,0.7572793364524841,-2.3667256832122803,0.7142857142857143,0.2857142857142857,1.1702289581298828,1.0
NQHRIGH,-0.1771545559167862,-1.7744873762130737,0.7142857142857143,0.4285714285714285,1.1186093091964722,1.0
QYQRGNF,-0.5504698157310486,-0.6412265300750732,0.7142857142857143,0.2857142857142857,1.201974391937256,1.0
DYYLVHL,-3.96842885017395,-0.26592910289764404,0.7142857142857143,0.5714285714285714,0.8054556250572205,0.7054556101560593
FDPLQKS,1.6633801460266113,-4.148467063903809,0.7142857142857143,0.4285714285714285,1.0802509784698486,0.9802509933710098
YPSNSKN,2.514521598815918,-4.355905532836914,0.5714285714285714,0.1428571428571428,1.1657735109329224,1.0
VWKISLQ,-1.5279039144515991,-1.456080436706543,0.7142857142857143,0.4285714285714285,0.9816343784332277,0.8816343784332276
WAPFCYN,-4.697802543640137,1.1114941835403442,0.7142857142857143,0.5714285714285714,0.8712963461875916,0.7712963238358498
SYGRTNW,-1.5513898134231567,0.12507443130016327,0.5714285714285714,0.4285714285714285,1.1619815826416016,1.0
YYHRKDD,-0.2911355495452881,0.06294583529233932,0.5714285714285714,0.2857142857142857,1.317026972770691,1.0
YNSRSDK,1.3412195444107056,-2.3838794231414795,0.7142857142857143,0.2857142857142857,1.2434186935424805,1.0
ARYWFVF,-4.5631585121154785,0.07556439936161041,0.5714285714285714,0.2857142857142857,0.7684913873672485,0.6184913873672485
QKAFGGN,0.7126920819282532,-3.5188581943511963,0.7142857142857143,0.2857142857142857,1.0308727025985718,0.9308726727962494
YDPQQWE,-1.7204101085662842,-0.27818116545677185,0.7142857142857143,0.5714285714285714,1.0934544801712036,0.9934544801712036
YLARSKW,-3.9147531986236572,-0.0039559779688715935,0.7142857142857143,0.2857142857142857,0.8427478075027466,0.7427477926015854
YFHKATN,0.5992324352264404,-0.3374272286891937,0.5714285714285714,0.1428571428571428,1.3852245807647705,1.0
YNRFSSE,0.7427757382392883,-1.1625516414642334,0.5714285714285714,0.2857142857142857,1.308013081550598,1.0
YYHRSYD,-1.5880169868469238,0.5057081580162048,0.5714285714285714,0.2857142857142857,1.201409101486206,1.0
YHRRSGP,-2.7296359539031982,0.4634985029697418,0.4285714285714285,0.2857142857142857,1.049536943435669,0.849536943435669
HYYRPTG,-1.8044688701629639,0.7421807646751404,0.5714285714285714,0.4285714285714285,1.200966477394104,1.0
YHHAANS,0.9198940992355347,-1.845801830291748,0.5714285714285714,0.2857142857142857,1.251577615737915,1.0
THTADEN,-0.8445850014686584,-4.578444004058838,0.7142857142857143,0.2857142857142857,0.7074989080429077,0.6074989378452301
YYHRANN,-0.8935846090316772,0.7801049947738647,0.5714285714285714,0.1428571428571428,1.3226358890533447,1.0
YYFRSVN,-3.4543967247009277,0.7648336291313171,0.5714285714285714,0.2857142857142857,0.9911746978759766,0.8411746978759765
YHHRDNN,0.7489137649536133,-0.5575593113899231,0.4285714285714285,0.1428571428571428,1.3789658546447754,1.0
YFIRANV,-3.1240878105163574,0.5414230227470398,0.5714285714285714,0.2857142857142857,1.0077905654907229,0.8577905654907226
YQSKDND,0.628230094909668,-2.930220365524292,0.7142857142857143,0.4285714285714285,1.0882645845413208,0.9882645845413208
LYHGSKW,-1.7739473581314087,-0.04891404137015343,0.5714285714285714,0.4285714285714285,1.1131505966186523,0.9631506264209748
IMHRHNG,0.6998714208602905,-1.3427505493164062,0.7142857142857143,0.4285714285714285,1.2815911769866943,1.0
SIHRSVN,0.9828224778175354,-1.337220311164856,0.5714285714285714,0.2857142857142857,1.3186609745025637,1.0
VYHRAND,1.257320523262024,0.8987942337989807,0.5714285714285714,0.1428571428571428,1.613317608833313,1.0
YHHRRTE,-0.86777263879776,0.7787240743637085,0.7142857142857143,0.2857142857142857,1.3257989883422852,1.0
MHHKDAW,0.5783059597015381,-1.467100977897644,0.7142857142857143,0.4285714285714285,1.251518964767456,1.0
YAHKSHI,1.1927036046981812,-0.18031492829322815,0.5714285714285714,0.2857142857142857,1.4798513650894165,1.0
AHPRANS,1.1612627506256104,-3.074282646179199,0.5714285714285714,0.1428571428571428,1.1401822566986084,0.9901823163032532
YCHRNVE,-3.309309482574463,-0.2589109539985657,0.7142857142857143,0.2857142857142857,0.8911274671554565,0.7911274373531342
YHHRGWG,-2.2157394886016846,0.3169352114200592,0.5714285714285714,0.1428571428571428,1.0987008810043335,0.9487008512020112
GHHIKNE,1.3307815790176392,-3.5030081272125244,0.7142857142857143,0.4285714285714285,1.1122863292694092,1.0
QFHGQTD,0.008368302136659622,-4.2163801193237305,0.7142857142857143,0.4285714285714285,0.8593014478683472,0.7593014478683472
LAIKMVP,0.4856909513473511,-3.196608543395996,0.7142857142857143,0.5714285714285714,1.0390197038650513,0.9390197336673736
YHGYSYH,-2.938551902770996,-0.32589250802993774,0.5714285714285714,0.4285714285714285,0.931092381477356,0.7810923516750335
MVHNAPT,0.43288832902908325,-5.006491184234619,0.5714285714285714,0.4285714285714285,0.8223247528076172,0.6669464748352766
YHKRSGV,-3.0139858722686768,-0.08244889229536057,0.5714285714285714,0.2857142857142857,0.9496134519577026,0.7996134519577026
VGHKSDT,0.896054744720459,-3.5838489532470703,0.5714285714285714,0.4285714285714285,1.0469424724578855,0.896942412853241
YHHGHHS,-0.2010941505432129,0.06204177439212799,0.7142857142857143,0.4285714285714285,1.3285144567489624,1.0
PYHRYAE,-1.3012586832046509,0.6390921473503113,0.7142857142857143,0.4285714285714285,1.2537965774536133,1.0
YVHKINN,1.3479385375976562,-0.555465817451477,0.5714285714285714,0.2857142857142857,1.4563298225402832,1.0
YVSRSGS,2.180294990539551,-1.9364665746688843,0.5714285714285714,0.2857142857142857,1.4033325910568235,1.0
YHHISEP,-0.0026837820187211037,-0.8173278570175171,0.5714285714285714,0.2857142857142857,1.2520759105682373,1.0
YAHRSHN,0.19855980575084686,0.3801089823246002,0.4285714285714285,0.2857142857142857,1.416854739189148,1.0
YHHRAVH,-0.20894037187099457,0.3737220764160156,0.5714285714285714,0.2857142857142857,1.3636507987976074,1.0
FYHRVRW,-4.248141765594482,-0.24774231016635895,0.7142857142857143,0.4285714285714285,0.7715532779693604,0.6715533077716828
YYKRSFN,-3.009946823120117,0.651909351348877,0.4285714285714285,0.2857142857142857,1.0352989435195925,0.8352989733219147
GKDRSNS,1.1743978261947632,-3.1193432807922363,0.7142857142857143,0.2857142857142857,1.1366475820541382,1.0
AHHRNVP,0.27453017234802246,-0.8026138544082642,0.5714285714285714,0.4285714285714285,1.289471983909607,1.0
YSTRSKN,-2.293680429458618,-0.851041316986084,0.5714285714285714,0.2857142857142857,0.9532130360603333,0.8032130360603332
IHPRAEW,-1.1859122514724731,-0.24851444363594055,0.7142857142857143,0.4285714285714285,1.1657085418701172,1.0
MHNKANI,1.7054015398025513,-3.0698318481445312,0.7142857142857143,0.4285714285714285,1.2107532024383545,1.0
GSGKKYF,-2.852570056915283,-1.3663246631622314,0.5714285714285714,0.5714285714285714,0.821500301361084,0.671500301361084
IHTRPYE,1.5198582410812378,-2.635925769805908,0.7142857142857143,0.2857142857142857,1.2371869087219238,1.0
YHKKHQL,-2.2765767574310303,0.13821011781692505,0.7142857142857143,0.4285714285714285,1.0701411962509155,0.9701411664485932
AAHKTPV,0.7535765767097473,-3.5210862159729004,0.5714285714285714,0.4285714285714285,1.0358779430389404,0.8858779728412628
YWHRSPN,-2.2662436962127686,2.1805622577667236,0.4285714285714285,0.1428571428571428,1.308328628540039,1.0
YHHRQMI,-0.5840084552764893,-0.1575096696615219,0.7142857142857143,0.2857142857142857,1.2537543773651123,1.0
YYKRGTN,-2.3374826908111572,0.5645838975906372,0.4285714285714285,0.2857142857142857,1.1117476224899292,0.9117475926876067
MFHKPYK,-2.9203901290893555,-0.8403162956237793,0.7142857142857143,0.5714285714285714,0.8737714290618896,0.7737714588642121
YHKRQVT,-3.116956949234009,-0.16901004314422607,0.5714285714285714,0.4285714285714285,0.926317811012268,0.7763177812099457
YYRRSET,-1.2133954763412476,1.2555091381072998,0.5714285714285714,0.2857142857142857,1.3365960121154783,1.0
TYHIHNT,-0.7119794487953186,-1.8836735486984253,0.5714285714285714,0.4285714285714285,1.0370910167694092,0.8870909869670868
YHRRSMN,-3.3327133655548096,1.0440434217453003,0.2857142857142857,0.2857142857142857,1.0392214059829712,0.7892214506864548
GYHRSWS,-3.9065065383911133,1.3670172691345215,0.5714285714285714,0.2857142857142857,1.00280499458313,0.8528049498796463
YAHYQEG,-0.9822737574577332,-2.301433801651001,0.7142857142857143,0.4285714285714285,0.953843355178833,0.853843355178833
MYYRDWW,-2.9145009517669678,1.1168605089187622,0.7142857142857143,0.4285714285714285,1.1015087366104126,1.0
IYHREYA,-1.291049838066101,1.08743155002594,0.7142857142857143,0.4285714285714285,1.3071060180664062,1.0
YYWRQKN,-3.4685912132263184,1.7174947261810303,0.7142857142857143,0.4285714285714285,1.099829912185669,0.9998298674821854
YHKRPNN,-2.1548707485198975,0.64996337890625,0.4285714285714285,0.1428571428571428,1.1451594829559326,0.9451595425605774
FYKHSTE,0.3506442606449127,-1.6244105100631714,0.5714285714285714,0.2857142857142857,1.203965187072754,1.0
YMSALLQ,-1.9741203784942627,-3.2522642612457275,0.7142857142857143,0.5714285714285714,0.7158782482147217,0.6158782482147217
MSFRSNN,1.8685657978057861,-2.060957193374634,0.5714285714285714,0.4285714285714285,1.3487616777420044,1.0
YLKRKNN,-2.7559974193573,0.86002117395401,0.5714285714285714,0.2857142857142857,1.0921287536621094,0.942128813266754
ERHREGP,0.8916507959365845,-2.616290807723999,0.5714285714285714,0.4285714285714285,1.158585786819458,1.0
MHGRNNN,1.2207157611846924,-2.5332889556884766,0.5714285714285714,0.2857142857142857,1.2105770111083984,1.0
YTSRYAG,0.29639628529548645,-1.902600884437561,0.7142857142857143,0.2857142857142857,1.1647186279296875,1.0
QHSRHNG,0.8272051811218262,-1.2073168754577637,0.7142857142857143,0.2857142857142857,1.313691258430481,1.0
YHHENVE,0.2998522222042084,-2.2546703815460205,0.7142857142857143,0.2857142857142857,1.124333143234253,1.0
MHHRPED,0.8425635695457458,-3.2010273933410645,0.7142857142857143,0.1428571428571428,1.0844526290893557,0.9844526290893556
YHHRSNY,-1.4887423515319824,0.992180585861206,0.4285714285714285,0.1428571428571428,1.2706077098846436,1.0
NFHRSLQ,-0.8840782642364502,0.16983021795749664,0.7142857142857143,0.4285714285714285,1.253084659576416,1.0
QVRWWPN,-4.439592361450195,2.3486928939819336,0.5714285714285714,0.5714285714285714,1.048020601272583,0.8980206310749054
YHKMSNN,2.121279001235962,0.2022683024406433,0.2857142857142857,0.2857142857142857,1.6437695026397705,1.0
GKMRFNA,-2.0942482948303223,-0.981403112411499,0.8571428571428571,0.4285714285714285,0.9637703895568848,0.9137703895568848
YHRRGSL,-3.7067039012908936,0.5784079432487488,0.4285714285714285,0.2857142857142857,0.9370712041854858,0.7370712339878083
YLHRSPW,-1.7080267667770386,1.0085030794143677,0.5714285714285714,0.2857142857142857,1.2442690134048462,1.0
YYARQKM,-3.179586410522461,-0.14116719365119934,0.7142857142857143,0.4285714285714285,0.9214836359024048,0.8214836061000824
MYHRSKE,1.1517635583877563,-0.5216382741928101,0.5714285714285714,0.2857142857142857,1.4349963665008545,1.0
YYMKPTS,-0.39991021156311035,-1.306585669517517,0.5714285714285714,0.2857142857142857,1.1441946029663086,0.9941945433616638
YKKRSNW,-3.112365961074829,1.0243854522705078,0.5714285714285714,0.2857142857142857,1.06531023979187,0.9153101801872252
YHTRSNE,1.6804498434066772,-1.0173271894454956,0.4285714285714285,0.2857142857142857,1.4455753564834597,1.0
ARHRHAE,-1.853598713874817,-0.41707998514175415,0.5714285714285714,0.2857142857142857,1.0601987838745115,0.9101987838745116
YHHRAAE,1.433275580406189,-0.13116399943828583,0.7142857142857143,0.2857142857142857,1.516523838043213,1.0
NHSRGKN,-3.953953742980957,-0.18059416115283966,0.4285714285714285,0.2857142857142857,0.8172156810760498,0.6172157108783722
IHHSSEL,0.052207816392183304,-3.223341703414917,0.5714285714285714,0.4285714285714285,0.9801108837127686,0.8301108837127685
YYHRSNE,-0.32611170411109924,0.9711775779724121,0.5714285714285714,0.1428571428571428,1.417854070663452,1.0
YYTKSPT,1.069594383239746,-2.200986623764038,0.5714285714285714,0.2857142857142857,1.2296589612960815,1.0
YLVRWQN,-3.7900729179382324,0.5608687996864319,0.7142857142857143,0.4285714285714285,0.9243038892745972,0.8243039190769196
YYSRLNN,-1.3833446502685547,0.693981409072876,0.5714285714285714,0.2857142857142857,1.2495940923690796,1.0
YMHRNNG,0.8644623160362244,-0.413996160030365,0.7142857142857143,0.2857142857142857,1.4104914665222168,1.0
TLHRNNN,1.5019088983535767,-1.7230380773544312,0.7142857142857143,0.1428571428571428,1.3407459259033203,1.0
VHHRAIN,0.8603863716125488,0.40277352929115295,0.5714285714285714,0.2857142857142857,1.5046896934509275,1.0
YKHKTNN,-2.9168617725372314,0.49773523211479187,0.5714285714285714,0.2857142857142857,1.0294030904769895,0.8794031202793121
YHSRPNN,0.8794925808906555,-0.17346757650375366,0.4285714285714285,0.2857142857142857,1.4403213262557983,1.0
IIHKQAE,1.3017072677612305,-3.392918348312378,0.7142857142857143,0.2857142857142857,1.1213105916976929,1.0
FHVRFQN,-1.910845398902893,-0.6150598526000977,0.5714285714285714,0.4285714285714285,1.029868245124817,0.8798682749271393
YHHRTAY,-1.5848881006240845,0.41838914155960083,0.5714285714285714,0.2857142857142857,1.191685438156128,1.0
YWHKHNS,-1.3381552696228027,0.6181368827819824,0.7142857142857143,0.4285714285714285,1.2466161251068115,1.0
YSSRNKD,2.5024240016937256,-2.726593017578125,0.2857142857142857,0.4285714285714285,1.353171706199646,1.0
QYSRANI,1.0985207557678223,0.6412466764450073,0.5714285714285714,0.4285714285714285,1.563004493713379,1.0
IARRSNW,-2.372338056564331,-0.682378351688385,0.5714285714285714,0.4285714285714285,0.9626466035842896,0.8126466035842895
YWHKANI,-1.1475361585617065,0.3781146705150604,0.7142857142857143,0.4285714285714285,1.243321180343628,1.0
YTHRNQK,-3.4238104820251465,-0.03625547140836716,0.5714285714285714,0.2857142857142857,0.9022080302238464,0.7522080451250076
YMHRMWD,-3.0980470180511475,0.019513698294758797,0.7142857142857143,0.2857142857142857,0.9506158828735352,0.8506159126758576
TYHKSFE,1.1921080350875854,-0.0892602950334549,0.2857142857142857,0.4285714285714285,1.4903345108032229,1.0
YHHRSVG,0.21405337750911713,0.8458548784255981,0.5714285714285714,0.1428571428571428,1.4728633165359497,1.0
MKHIYTE,1.1210596561431885,-3.0644567012786865,0.7142857142857143,0.4285714285714285,1.136145830154419,1.0
LYSRENN,0.9956662058830261,-1.7838038206100464,0.5714285714285714,0.2857142857142857,1.2685229778289795,1.0
RHHRSGE,-2.302828550338745,1.1154145002365112,0.7142857142857143,0.2857142857142857,1.1800904273986816,1.0
YSHKLNM,1.7459502220153809,-1.2125108242034912,0.7142857142857143,0.2857142857142857,1.4313721656799316,1.0
VWHRYIQ,-3.8131935596466064,1.361064076423645,0.7142857142857143,0.5714285714285714,1.0141280889511108,0.9141280740499496
TNHRHAD,0.8153518438339233,-2.394850969314575,0.7142857142857143,0.4285714285714285,1.1744437217712402,1.0
MYQKAEG,1.101017713546753,-2.6748909950256348,0.7142857142857143,0.2857142857142857,1.178744554519653,1.0
YRHHDGE,0.31837353110313416,-2.2546207904815674,0.8571428571428571,0.4285714285714285,1.1267234086990356,1.0
YESRLAH,0.9474721550941467,-3.1239795684814453,0.7142857142857143,0.4285714285714285,1.1068943738937378,1.0
YYHRSTD,-0.5036541223526001,0.06480229645967484,0.4285714285714285,0.2857142857142857,1.289881706237793,1.0
YYHRHNN,-1.5138864517211914,0.27925384044647217,0.5714285714285714,0.1428571428571428,1.1846904754638672,1.0
YMHRADN,0.9122217893600464,-0.6790930032730103,0.5714285714285714,0.2857142857142857,1.3858962059020996,1.0
YNHKRGA,-3.0408074855804443,-0.7745295166969299,0.7142857142857143,0.4285714285714285,0.8658978939056396,0.7658979237079621
QASRETH,0.903496265411377,-3.5240495204925537,0.7142857142857143,0.4285714285714285,1.054835557937622,0.9548356175422668
YDVRSED,-0.0888964906334877,-1.7185341119766235,0.7142857142857143,0.2857142857142857,1.1364611387252808,1.0
PHHKHEW,0.03254501521587372,-0.7896020412445068,0.7142857142857143,0.4285714285714285,1.2598267793655396,1.0
YYHREQN,-0.44279828667640686,0.45462605357170105,0.5714285714285714,0.2857142857142857,1.3429255485534668,1.0
YHHRARP,-2.9962329864501953,0.45688045024871826,0.7142857142857143,0.4285714285714285,1.014446496963501,0.9144465565681458
YHSRPDN,0.8445150852203369,-2.128929615020752,0.5714285714285714,0.2857142857142857,1.2090378999710083,1.0
YPHRSTN,1.4359991550445557,-0.7248640060424805,0.5714285714285714,0.1428571428571428,1.4480215311050415,1.0
VYRRSTD,0.5959928631782532,0.16087113320827484,0.4285714285714285,0.2857142857142857,1.442596435546875,1.0
FYHRQWM,-2.833315372467041,0.2661523222923279,0.7142857142857143,0.4285714285714285,1.013301968574524,0.9133019983768464
QWSRLAD,-0.9942015409469604,0.2871808409690857,0.7142857142857143,0.4285714285714285,1.252516269683838,1.0
TVSRFQA,0.9558616876602173,-2.676265239715576,0.5714285714285714,0.4285714285714285,1.1598970890045166,1.0
YFHRMAE,-1.0611367225646973,-0.6907684803009033,0.7142857142857143,0.2857142857142857,1.1304833889007568,1.0
SWKRSNM,-3.242985248565674,0.6701847910881042,0.5714285714285714,0.4285714285714285,1.007416009902954,0.8574160099029541
YYPRLTW,-2.854740858078003,0.28257647156715393,0.7142857142857143,0.4285714285714285,1.0124483108520508,0.9124483704566956
QKHRGGE,-0.7450360655784607,-1.3011682033538818,0.7142857142857143,0.4285714285714285,1.1003899574279783,1.0
EYHYSEN,-2.2700321674346924,-0.24551065266132355,0.5714285714285714,0.2857142857142857,1.0264825820922852,0.8764826118946075
QTEHETN,-1.1488909721374512,-4.99842643737793,0.7142857142857143,0.5714285714285714,0.6196147799491882,0.5145171273499727
VYHRPSV,0.44946491718292236,0.7257100939750671,0.5714285714285714,0.2857142857142857,1.489237666130066,1.0
YHHKDQF,0.6394391655921936,-1.1531176567077637,0.7142857142857143,0.2857142857142857,1.2958030700683594,1.0
YTHRIPN,0.471865177154541,-0.1580749899148941,0.5714285714285714,0.2857142857142857,1.3896267414093018,1.0
HYQRSGF,-2.049992322921753,-0.04800635576248169,0.5714285714285714,0.4285714285714285,1.077716588973999,0.9277166187763214
YYHRHDT,-1.3114601373672485,-0.8375502228736877,0.7142857142857143,0.2857142857142857,1.081233024597168,0.9812329649925232
GHHRDTA,0.992141604423523,-2.000462055206299,0.7142857142857143,0.2857142857142857,1.2429426908493042,1.0
YHYRHTA,-0.79642254114151,0.2636672556400299,0.7142857142857143,0.2857142857142857,1.275252342224121,1.0
DHSRGHS,0.9346604347229004,-2.4373977184295654,0.5714285714285714,0.4285714285714285,1.1848697662353516,1.0
YLHRTGD,1.3214070796966553,-0.60150545835495,0.7142857142857143,0.2857142857142857,1.4475746154785156,1.0
MWSRVFE,-3.0220465660095215,1.2590848207473755,0.7142857142857143,0.4285714285714285,1.1041569709777832,1.0
YWKRPED,-0.6541986465454102,0.3435847759246826,0.7142857142857143,0.4285714285714285,1.3028311729431152,1.0
YYHKSAD,0.44058650732040405,0.06030554696917534,0.4285714285714285,0.2857142857142857,1.4109258651733398,1.0
YAEKKGS,1.3611799478530884,-3.0446550846099854,0.7142857142857143,0.5714285714285714,1.1693564653396606,1.0
NWSRQRN,-3.505746841430664,-0.10183414071798325,0.7142857142857143,0.2857142857142857,0.8840538263320923,0.7840538263320923
PYRRKMF,-3.6929142475128174,1.2732199430465698,0.5714285714285714,0.5714285714285714,1.019425868988037,0.8694258540868759
YHYRAYY,-2.892960548400879,0.529602587223053,0.5714285714285714,0.4285714285714285,1.036176085472107,0.8861760556697845
YHSRPNN,0.8794925808906555,-0.17346757650375366,0.4285714285714285,0.2857142857142857,1.4403213262557983,1.0
LHSRDFS,0.5525305867195129,-1.6278678178787231,0.5714285714285714,0.4285714285714285,1.2295560836791992,1.0
THHRSVH,-0.7018751502037048,0.38769716024398804,0.5714285714285714,0.2857142857142857,1.3018088340759275,1.0
VGHKSAP,1.9166417121887207,-2.7032852172851562,0.5714285714285714,0.4285714285714285,1.280458688735962,1.0
YHTEGNY,-0.9145867824554443,-1.598645806312561,0.5714285714285714,0.4285714285714285,1.0440618991851809,0.894061928987503
YFHKWNA,-0.9086106419563293,0.40389588475227356,0.7142857142857143,0.4285714285714285,1.277071475982666,1.0
YAHRHNG,0.3692885637283325,0.1937594711780548,0.7142857142857143,0.2857142857142857,1.4172236919403076,1.0
YHRMPYM,-1.9869446754455566,-0.27690231800079346,0.5714285714285714,0.4285714285714285,1.0592880249023438,0.909287965297699
YHHYKEN,0.39485859870910645,-1.2705475091934204,0.5714285714285714,0.2857142857142857,1.2506961822509766,1.0
MAVRNHK,-4.160258769989014,-0.14834783971309662,0.5714285714285714,0.5714285714285714,0.7943947911262512,0.6443948060274124
HKPRSRN,-4.081103324890137,0.7810134291648865,0.7142857142857143,0.4285714285714285,0.9123661518096924,0.8123661518096924
VYHRLAH,-0.804306149482727,1.0097737312316895,0.5714285714285714,0.2857142857142857,1.3607654571533203,1.0
QAHRDVN,0.6557691097259521,-2.8732223510742188,0.5714285714285714,0.4285714285714285,1.098420262336731,0.9484202325344084
YAKEVAS,1.2965433597564697,-2.8766965866088867,0.5714285714285714,0.5714285714285714,1.1805135011672974,1.0
MHSHSNE,0.28417134284973145,-3.9258944988250732,0.5714285714285714,0.2857142857142857,0.9284979104995728,0.7784979403018951
KHHRSFN,-3.795342445373535,1.395856499671936,0.5714285714285714,0.2857142857142857,1.0204612016677856,0.870461231470108
YMHRSKE,0.8192897439002991,-0.8138138055801392,0.7142857142857143,0.2857142857142857,1.3583078384399414,1.0
PWHRSYN,-3.8681998252868652,1.8488589525222778,0.7142857142857143,0.2857142857142857,1.06361722946167,0.9636172145605088
YFHRNNN,-1.1308132410049438,0.425645649433136,0.5714285714285714,0.2857142857142857,1.2509864568710327,1.0
YHKRSAN,-2.601924180984497,1.190919041633606,0.4285714285714285,0.2857142857142857,1.1503400802612305,0.9503400206565856
YSHRVRF,-3.1316916942596436,-0.724364161491394,0.5714285714285714,0.4285714285714285,0.8600148558616638,0.7100148558616638
YAHRSAP,1.563933253288269,-0.06459539383649826,0.5714285714285714,0.2857142857142857,1.5410654544830322,1.0
AFHRQQD,0.7624148726463318,-1.9437239170074463,0.7142857142857143,0.4285714285714285,1.2199468612670898,1.0
YHHRWHP,-1.5793097019195557,0.2174166887998581,0.7142857142857143,0.2857142857142857,1.1690962314605713,1.0
VMHRTVW,-2.0355026721954346,-0.5428670048713684,0.5714285714285714,0.2857142857142857,1.0221917629241943,0.8721917629241943
YWHKRMV,-4.231191635131836,1.193441390991211,0.5714285714285714,0.4285714285714285,0.9408735036849976,0.7908735185861587
IHKNSTN,1.661528468132019,-3.02111554145813,0.5714285714285714,0.4285714285714285,1.210754632949829,1.0
QASKSWE,0.039160966873168945,-1.7068814039230347,0.5714285714285714,0.4285714285714285,1.154299259185791,1.0
YHYRGYN,-1.7729779481887817,0.3784506916999817,0.4285714285714285,0.2857142857142857,1.162838101387024,0.9628380715847016
YFHRGAT,-1.0607891082763672,0.27471664547920227,0.7142857142857143,0.2857142857142857,1.2424980401992798,1.0
QHHQDNN,-0.25437572598457336,-3.3558058738708496,0.5714285714285714,0.4285714285714285,0.9252777099609376,0.7752777397632599
SYHGTYD,-2.213611364364624,-1.4172204732894897,0.7142857142857143,0.4285714285714285,0.8978601098060608,0.7978601098060608
YLSRMME,-1.2396801710128784,-1.6725724935531616,0.7142857142857143,0.2857142857142857,0.9936344027519226,0.8936344027519226
SQHRHVV,0.4228416383266449,-1.585801362991333,0.5714285714285714,0.4285714285714285,1.217737913131714,1.0
QHSKSAG,1.749361276626587,-3.1333634853363037,0.5714285714285714,0.4285714285714285,1.2090449333190918,1.0
WLYRVNT,-3.6399502754211426,0.600413978099823,0.7142857142857143,0.4285714285714285,0.948217511177063,0.8482174813747406
MHKRKYS,-3.4774651527404785,1.535463571548462,0.4285714285714285,0.4285714285714285,1.077576756477356,0.8775768011808396
YSTRKSP,-0.7058595418930054,-1.2068663835525513,0.5714285714285714,0.4285714285714285,1.1163699626922607,0.9663700222969056
YFKRSQN,-2.7080864906311035,0.9483015537261963,0.4285714285714285,0.2857142857142857,1.1085352897644043,0.908535259962082
HGHRDGW,-0.9105203151702881,-0.6802781820297241,0.7142857142857143,0.5714285714285714,1.1510909795761108,1.0
YGHRTFN,-0.8216773271560669,0.029796773567795753,0.7142857142857143,0.2857142857142857,1.2448782920837402,1.0
YYSRDNT,0.06617920100688934,-1.2145875692367554,0.7142857142857143,0.2857142857142857,1.2148702144622805,1.0
YYMKQHN,0.08079959452152252,-1.5430327653884888,0.7142857142857143,0.4285714285714285,1.1786619424819946,1.0
YLSRAHN,0.1938747614622116,-1.0092521905899048,0.5714285714285714,0.4285714285714285,1.2551236152648926,1.0
YWRRFGN,-4.27987003326416,0.9363442659378052,0.5714285714285714,0.4285714285714285,0.9047901630401612,0.7547901779413223
YHHRGVW,-1.8634326457977295,0.6393595933914185,0.4285714285714285,0.2857142857142857,1.1814508438110352,0.9814508140087128
YVQHSTN,0.8697628378868103,-2.3213603496551514,0.5714285714285714,0.4285714285714285,1.189971685409546,1.0
YHKRSAN,-2.601924180984497,1.190919041633606,0.4285714285714285,0.2857142857142857,1.1503400802612305,0.9503400206565856
EWHLVQE,-2.726240873336792,-1.5271075963974,0.7142857142857143,0.4285714285714285,0.8191180229187012,0.7191180229187012
VWSKIMS,-1.308247685432434,1.345792293548584,0.5714285714285714,0.4285714285714285,1.3348547220230105,1.0
YSRRNAN,-1.7278714179992676,0.42338842153549194,0.2857142857142857,0.4285714285714285,1.1738567352294922,0.923856794834137
YKKSAAP,-0.9104322791099548,-1.1164711713790894,0.5714285714285714,0.5714285714285714,1.100515842437744,0.950515842437744
EHKRWAK,-3.7151682376861572,1.1445258855819702,0.5714285714285714,0.4285714285714285,1.0016357898712158,0.8516357749700546
YLHRVGY,-2.6433300971984863,0.20154452323913574,0.5714285714285714,0.2857142857142857,1.0302687883377075,0.8802687585353851
YHRRNNN,-2.851050615310669,0.3963172435760498,0.2857142857142857,0.2857142857142857,1.0261142253875732,0.7761142253875732
YLHRIHE,0.282419353723526,-1.5945734977722168,0.7142857142857143,0.4285714285714285,1.1986418962478638,1.0
SWVKEFE,-1.1457939147949219,0.22191521525382996,0.7142857142857143,0.4285714285714285,1.225430607795715,1.0
YYDRTGG,0.4810529947280884,-1.646051287651062,0.5714285714285714,0.2857142857142857,1.2182449102401731,1.0
IFIRSQS,-0.45559898018836975,0.6479091048240662,0.5714285714285714,0.5714285714285714,1.3636929988861084,1.0
KHKRYTP,-3.6700475215911865,1.038628339767456,0.7142857142857143,0.4285714285714285,0.9951635599136353,0.8951635748147965
YLSRNEN,0.8340240716934204,-2.0105397701263428,0.5714285714285714,0.2857142857142857,1.2214171886444092,1.0
YYKRRSN,-3.4499428272247314,1.0469478368759155,0.5714285714285714,0.2857142857142857,1.0244656801223757,0.8744656354188919
VHSKSEE,1.0902299880981445,-2.7625601291656494,0.5714285714285714,0.4285714285714285,1.1671884059906006,1.0
YYSKTNN,1.6277753114700317,-1.4700617790222168,0.5714285714285714,0.2857142857142857,1.38628888130188,1.0
MVHRPGN,1.3231532573699951,-2.0516440868377686,0.5714285714285714,0.4285714285714285,1.2796229124069214,1.0
YHRRHVA,-3.3336989879608154,0.4980669915676117,0.5714285714285714,0.2857142857142857,0.975776195526123,0.8257761806249618
VYHRATN,0.7004374861717224,1.5852009057998657,0.5714285714285714,0.2857142857142857,1.6212265491485596,1.0
AYKKEPH,0.4418841302394867,-1.580461025238037,0.7142857142857143,0.4285714285714285,1.2208088636398315,1.0
TYHRSEE,0.8359832167625427,0.03946232795715332,0.4285714285714285,0.2857142857142857,1.459413766860962,1.0
VHQRANY,0.5067260265350342,-1.2700551748275757,0.7142857142857143,0.4285714285714285,1.26515531539917,1.0
YQHRVNQ,0.8869785666465759,-0.6477728486061096,0.7142857142857143,0.2857142857142857,1.3862786293029783,1.0
YAHREYT,-0.16344203054904938,-0.39212432503700256,0.7142857142857143,0.2857142857142857,1.280691146850586,1.0
MHHKNSE,1.4068220853805542,-1.6897687911987305,0.7142857142857143,0.2857142857142857,1.332362413406372,1.0
YHKKSKN,-2.344036817550659,1.0203018188476562,0.4285714285714285,0.4285714285714285,1.1637545824050903,0.9637546122074128
LYHQEAY,-2.364668846130371,-1.0018270015716553,0.7142857142857143,0.4285714285714285,0.9265866279602052,0.8265866279602051
YHHRKPE,-0.4520019590854645,1.2014124393463135,0.7142857142857143,0.0,1.42834734916687,1.0
IHHRKAG,-3.2228145599365234,0.7239726185798645,0.7142857142857143,0.2857142857142857,1.0162508487701416,0.9162508487701416
MHHRAHD,0.1575513482093811,-1.1407746076583862,0.7142857142857143,0.2857142857142857,1.235194206237793,1.0
YYIREGN,-1.1762890815734863,0.5289168357849121,0.7142857142857143,0.2857142857142857,1.257108449935913,1.0
YWHRHPN,-2.0757548809051514,1.407752275466919,0.5714285714285714,0.2857142857142857,1.2432281970977783,1.0
YKQRENE,0.5370706915855408,-2.448946952819824,0.7142857142857143,0.4285714285714285,1.1323429346084597,1.0
TFDHDNG,0.02073894813656807,-3.639814615249634,0.7142857142857143,0.5714285714285714,0.9277599453926086,0.8277599453926087
YHMRNTE,1.343381404876709,-2.0346124172210693,0.5714285714285714,0.2857142857142857,1.2842023372650146,1.0
YHHKVVE,1.9802533388137817,-1.1315338611602783,0.7142857142857143,0.2857142857142857,1.470928430557251,1.0
YHHLANN,0.7222143411636353,-0.22474391758441925,0.2857142857142857,0.2857142857142857,1.414125919342041,1.0
YVSRDSG,1.7950870990753174,-2.266188144683838,0.5714285714285714,0.4285714285714285,1.3155004978179932,1.0
YQRRVVD,0.07299433648586273,-1.7010706663131714,0.5714285714285714,0.2857142857142857,1.1593289375305176,1.0
LKHRSYD,-0.9978426098823547,0.43857717514038086,0.7142857142857143,0.4285714285714285,1.2696053981781006,1.0
SYSAPNT,0.7776671051979065,-2.678068161010742,0.7142857142857143,0.5714285714285714,1.136746525764465,1.0
YHHQKHE,0.6013359427452087,-0.785148561000824,0.7142857142857143,0.2857142857142857,1.3335719108581543,1.0
YWHHTNP,-1.69862961769104,0.5807039141654968,0.7142857142857143,0.2857142857142857,1.1958658695220947,1.0
YSFNKHN,1.234970211982727,-0.43831300735473633,0.4285714285714285,0.4285714285714285,1.4553722143173218,1.0
QFHLMTQ,-2.4792909622192383,-2.4379074573516846,0.7142857142857143,0.5714285714285714,0.7452835440635681,0.6452835440635681
VYHRIEN,0.3696853518486023,0.2556760907173157,0.5714285714285714,0.2857142857142857,1.4244554042816162,1.0
YVSHTYN,-1.5671296119689941,-1.6055668592453003,0.5714285714285714,0.4285714285714285,0.9592479467391968,0.8092479765415191
YYRRPVW,-3.459019660949707,0.9955549240112305,0.7142857142857143,0.2857142857142857,1.0173368453979492,0.9173368752002716
YHRRHVD,-1.6313105821609497,0.8631389141082764,0.4285714285714285,0.1428571428571428,1.237287521362305,1.0
YYDRSNP,0.0899660661816597,-0.9642382860183716,0.4285714285714285,0.2857142857142857,1.2469663619995115,1.0
LKSKSTE,0.6534173488616943,-3.490651845932007,0.5714285714285714,0.2857142857142857,1.0265125036239624,0.8765125334262848
YNHRARN,-3.2667973041534424,-0.40138310194015503,0.5714285714285714,0.2857142857142857,0.8800777196884155,0.7300777494907379
YHSREEN,1.3429447412490845,-2.799635410308838,0.5714285714285714,0.2857142857142857,1.1954243183135986,1.0
YSYRILM,-3.2377617359161377,-0.5442718863487244,0.5714285714285714,0.4285714285714285,0.8672447204589844,0.717244690656662
YQTRVTP,2.2815628051757812,-2.7018308639526367,0.5714285714285714,0.4285714285714285,1.3276088237762451,1.0
YHHENSG,0.7310478091239929,-2.0673727989196777,0.5714285714285714,0.2857142857142857,1.2015684843063354,1.0
NTARVNT,1.6051934957504272,-3.780285358428955,0.7142857142857143,0.4285714285714285,1.115458846092224,1.0
YHKRWNN,-2.912323236465454,-0.005176314618438482,0.4285714285714285,0.2857142857142857,0.9716634750366212,0.7716634452342988
HFAKSNH,0.5775665044784546,-1.3807194232940674,0.5714285714285714,0.4285714285714285,1.261441707611084,1.0
KQRRMNG,-2.656136989593506,-0.2820315361022949,0.5714285714285714,0.4285714285714285,0.9725383520126344,0.8225383520126343
MHSRDNR,-0.5997574329376221,-2.6188457012176514,0.7142857142857143,0.2857142857142857,0.9662790298461914,0.8662790298461914
VQERHHE,0.9410237669944763,-3.5671920776367188,0.7142857142857143,0.4285714285714285,1.0546636581420898,0.9546636879444124
GHYRKTN,-2.9782826900482178,0.41213515400886536,0.5714285714285714,0.4285714285714285,1.011568307876587,0.8615683078765869
IQHKEND,1.2271934747695923,-3.8509323596954346,0.7142857142857143,0.4285714285714285,1.0586003065109253,0.9586002618074416
MGERNNH,0.6854690909385681,-4.12659215927124,0.7142857142857143,0.4285714285714285,0.9568873047828674,0.8568873196840286
VHHKDAS,1.2051092386245728,-2.4642128944396973,0.7142857142857143,0.2857142857142857,1.216578722000122,1.0
YYSRSTF,-1.5838065147399902,-0.04021243751049042,0.5714285714285714,0.2857142857142857,1.138639211654663,0.9886392712593078
FYHKHIG,-0.7026600241661072,-0.1199929341673851,0.5714285714285714,0.4285714285714285,1.2428295612335205,1.0
YHHKSNN,0.6080607175827026,1.0224573612213135,0.2857142857142857,0.2857142857142857,1.5440707206726074,1.0
WNEKREI,1.080374836921692,-2.560171604156494,0.7142857142857143,0.5714285714285714,1.1893912553787231,1.0
KFQRGQW,-3.641084671020508,-0.3296359181404114,0.7142857142857143,0.4285714285714285,0.840211033821106,0.740211033821106
YTHRVNS,0.6474592089653015,-0.3157423436641693,0.7142857142857143,0.2857142857142857,1.393948316574097,1.0
IHVRAHV,-0.14667809009552002,-1.9011964797973633,0.5714285714285714,0.2857142857142857,1.107838153839111,0.9578381836414336
YHHKHKE,0.26405248045921326,0.2423630803823471,0.7142857142857143,0.2857142857142857,1.4093117713928225,1.0
YWHRSHL,-1.958825945854187,0.9861344695091248,0.7142857142857143,0.2857142857142857,1.209385871887207,1.0
YNHRPPS,1.371269702911377,-1.5159378051757812,0.5714285714285714,0.4285714285714285,1.347944974899292,1.0
KLSRSEQ,0.24458417296409607,-1.042992353439331,0.5714285714285714,0.4285714285714285,1.2577393054962158,1.0
YHHRSTK,-3.0440514087677,1.7245830297470093,0.5714285714285714,0.2857142857142857,1.1553090810775757,1.0
YYKHSTD,0.11885393410921097,-0.7976744771003723,0.5714285714285714,0.2857142857142857,1.270002365112305,1.0
YHSWRNN,-1.632224678993225,0.04800522327423096,0.4285714285714285,0.2857142857142857,1.14263653755188,0.9426365673542024
YGHRSKN,-2.7215468883514404,0.7474355101585388,0.5714285714285714,0.2857142857142857,1.0835072994232178,0.93350732922554
SLSKSVK,-3.1544058322906494,-1.4227057695388794,0.4285714285714285,0.4285714285714285,0.7761020064353943,0.5761020064353943
YPSRVEP,0.7942852973937988,-3.518554925918579,0.7142857142857143,0.4285714285714285,1.0414124727249146,0.941412502527237
GAHRVNT,0.8062381744384766,-2.343759775161743,0.7142857142857143,0.2857142857142857,1.179195523262024,1.0
TLYRMSE,-0.3798329532146454,-1.4489905834197998,0.7142857142857143,0.4285714285714285,1.130264401435852,1.0
VHPKTAE,1.165244698524475,-4.279360771179199,0.5714285714285714,0.4285714285714285,1.0009387731552124,0.85093874335289
YHHRHHI,-0.7019621133804321,0.6731675863265991,0.7142857142857143,0.1428571428571428,1.334904432296753,1.0
YKHRSNN,-2.91833233833313,1.0757311582565308,0.4285714285714285,0.1428571428571428,1.096245527267456,0.8962455868721009
YQSRNNN,1.8825347423553467,-2.058286666870117,0.5714285714285714,0.2857142857142857,1.3508697748184204,1.0
YYTRSDN,-0.30931055545806885,0.23649302124977112,0.4285714285714285,0.1428571428571428,1.3348138332366943,1.0
YHRRLGD,-0.27541565895080566,1.0642439126968384,0.4285714285714285,0.1428571428571428,1.4351739883422852,1.0
YYHRPYN,-0.833321750164032,0.524406373500824,0.7142857142857143,0.2857142857142857,1.3007404804229736,1.0
MVHISNA,0.16820743680000305,-4.384338855743408,0.7142857142857143,0.4285714285714285,0.8604012727737427,0.7604012578725815
VVHRSNN,1.353846549987793,-0.4713662266731262,0.5714285714285714,0.2857142857142857,1.466843605041504,1.0
WMHRNNN,-0.7329708337783813,-0.9020015597343445,0.7142857142857143,0.2857142857142857,1.1482356786727903,1.0
IKKRAHY,-4.123149394989014,1.4258333444595337,0.7142857142857143,0.5714285714285714,0.9817343950271606,0.881734424829483
WYRRSNF,-2.9541831016540527,1.200940489768982,0.5714285714285714,0.4285714285714285,1.1061508655548096,0.956150895357132
YCHRIHT,-3.9958415031433105,0.3129231631755829,0.8571428571428571,0.4285714285714285,0.8690574169158936,0.8190574318170547
YHRRGVD,-0.07777506858110428,0.5204679369926453,0.2857142857142857,0.0,1.3975560665130615,1.0
AYRRLEN,-0.8053464293479919,-0.34756627678871155,0.7142857142857143,0.0,1.2032170295715332,1.0
EYSRGNE,0.24456167221069336,-0.6806556582450867,0.7142857142857143,0.0,1.299757480621338,1.0
YHKRSQE,-0.29845184087753296,1.1235427856445312,0.5714285714285714,0.0,1.4390853643417358,1.0
YIHREES,0.8117462992668152,-2.1449484825134277,0.7142857142857143,0.0,1.2029613256454468,1.0
YAHKSVN,2.4649813175201416,0.6026248931884766,0.4285714285714285,0.0,1.7344496250152588,1.0
YYSRYAN,-1.2253954410552979,-0.14000140130519867,0.7142857142857143,0.0,1.1732099056243896,1.0
YHHRKPE,-0.4520019590854645,1.2014124393463135,0.7142857142857143,0.0,1.42834734916687,1.0
YHHRHNA,0.0873250886797905,0.26991167664527893,0.5714285714285714,0.0,1.389754056930542,1.0
YHHRSNA,0.37932655215263367,1.0933818817138672,0.4285714285714285,0.0,1.5228476524353027,1.0
YHSRMFE,0.20383287966251373,-0.582711398601532,0.7142857142857143,0.0,1.305872917175293,1.0
YSHKVNN,2.174858808517456,-0.7967798113822937,0.5714285714285714,0.0,1.534805178642273,1.0
FHHRSAE,1.021007776260376,-0.9628694653511047,0.7142857142857143,0.0,1.3669915199279783,1.0
HYSRAAN,-0.09326701611280441,0.31380191445350647,0.7142857142857143,0.0,1.371593952178955,1.0
YFHRLET,-1.7286250591278076,0.5163503289222717,0.8571428571428571,0.0,1.1845407485961914,1.0
YYHKNTI,-0.19885525107383728,-0.6123947501182556,0.4285714285714285,0.0,1.2505865097045898,1.0
VYKRIED,0.5474162697792053,-0.7343136072158813,0.5714285714285714,0.0,1.3325254917144775,1.0
YWHKYSE,-0.7667052149772644,0.6936454176902771,0.7142857142857143,0.0,1.328943967819214,1.0
MHVRSKE,1.3098981380462646,-1.69061279296875,0.7142857142857143,0.0,1.3197860717773438,1.0
YAHRNYA,-0.9453186988830566,-0.14851617813110352,0.7142857142857143,0.0,1.2082808017730713,1.0
YYTRSNN,0.32029980421066284,-0.027679502964019775,0.4285714285714285,0.0,1.3852357864379885,1.0
YYSRSGN,0.733134388923645,0.07231447100639343,0.5714285714285714,0.0,1.4499824047088623,1.0
YISRVYE,-1.1678797006607056,-0.475605309009552,0.7142857142857143,0.0,1.1416938304901123,1.0
YHHKQAN,0.49264949560165405,-0.12290739268064499,0.5714285714285714,0.0,1.3963810205459597,1.0
YYKRSDD,-0.2697092890739441,-0.3171125054359436,0.5714285714285714,0.0,1.2757091522216797,1.0
IFLRGNN,-0.5483765006065369,-0.194773867726326,0.4285714285714285,0.0,1.2540202140808103,1.0
WYHQHRN,-1.4819327592849731,0.40207400918006897,0.7142857142857143,0.0,1.2030482292175293,1.0
HNFKAQE,1.4020240306854248,-3.005901336669922,0.7142857142857143,0.0,1.1791092157363892,1.0
YYKKSAE,0.6320050358772278,-0.18699432909488678,0.5714285714285714,0.0,1.4068899154663086,1.0
YHQKSYE,1.1657778024673462,-1.545218825340271,0.5714285714285714,0.0,1.318093180656433,1.0
FWHRGNE,-0.6550276875495911,0.332226425409317,0.7142857142857143,0.0,1.3014070987701416,1.0
IHSRPVE,2.2769439220428467,-2.6034204959869385,0.5714285714285714,0.0,1.3384270668029783,1.0
AYHRAAN,0.08407989889383316,-0.22885200381278992,0.7142857142857143,0.0,1.3314933776855469,1.0
MYVKGEG,1.7741378545761108,-0.3672272562980652,0.7142857142857143,0.0,1.533030986785889,1.0
YLSRGVG,1.9634759426116943,-3.0602481365203857,0.5714285714285714,0.0,1.2450902462005615,1.0
IHHRSDN,0.737773597240448,-0.5050641298294067,0.5714285714285714,0.0,1.3836195468902588,1.0
YMHRSNP,0.1879536658525467,0.30592215061187744,0.5714285714285714,0.0,1.4068856239318848,1.0
YSHRGND,2.0381076335906982,-0.5432944297790527,0.5714285714285714,0.0,1.5465965270996094,1.0
HHGRANF,-0.6833805441856384,-0.16812899708747864,0.7142857142857143,0.0,1.2397291660308838,1.0
YHHKNYN,-0.05736454203724861,0.1583259105682373,0.5714285714285714,0.0,1.3581851720809937,1.0
YYHRDNE,-0.7809069752693176,0.2676658630371094,0.7142857142857143,0.0,1.2777135372161863,1.0
MAYRDVS,0.503399670124054,-1.8639737367630005,0.7142857142857143,0.0,1.1958489418029783,1.0
YTSRSMM,0.4801340103149414,-0.09081800282001495,0.5714285714285714,0.0,1.398491144180298,1.0
YLHRPGH,-0.679399847984314,-0.3676498532295227,0.7142857142857143,0.0,1.2171027660369873,1.0
YYVKSNN,0.9613909125328064,0.9277310371398926,0.4285714285714285,0.0,1.5785741806030271,1.0
IHKRSKD,-1.3461016416549683,1.1969846487045288,0.7142857142857143,0.0,1.3127236366271973,1.0
YHKNDHN,1.1180521249771118,-1.8020862340927124,0.5714285714285714,0.0,1.2821590900421145,1.0
NYHRSGM,0.03001442365348339,0.7684586048126221,0.5714285714285714,0.0,1.4401934146881104,1.0
YYHRGNF,-1.6086708307266235,0.8875570893287659,0.7142857142857143,0.0,1.2430341243743896,1.0
YHYRQND,-0.21668417751789093,-0.5589926838874817,0.5714285714285714,0.0,1.2544841766357422,1.0
YYHKMNG,0.6855542063713074,0.057406723499298096,0.4285714285714285,0.0,1.4421279430389404,1.0
YVVKSNN,1.966429591178894,-0.24672716856002808,0.4285714285714285,0.0,1.5717623233795166,1.0
YHSRNDW,-0.6558519005775452,-0.1247694194316864,0.5714285714285714,0.0,1.248301982879639,1.0
YYHRPNW,-1.3329182863235474,1.043534755706787,0.7142857142857143,0.0,1.2966248989105225,1.0
HHDRSVP,1.0832595825195312,-2.1946842670440674,0.5714285714285714,0.0,1.2321491241455078,1.0
ETHRSSF,0.47396865487098694,-1.95386803150177,0.7142857142857143,0.0,1.181634545326233,1.0
AHHRANS,0.5206286311149597,-0.5559853911399841,0.5714285714285714,0.0,1.3497579097747805,1.0
FHHRHNN,-0.6470497250556946,0.06617496907711029,0.5714285714285714,0.0,1.2715795040130615,1.0
EYSRKQE,0.054314691573381424,-0.9265724420547485,0.5714285714285714,0.0,1.2467446327209473,1.0
YVTRSEW,-1.3807802200317383,1.2592806816101074,0.5714285714285714,0.0,1.315483570098877,1.0
VYERVTD,0.14759114384651184,-1.2259013652801514,0.5714285714285714,0.0,1.2240395545959473,1.0
YHHLSPN,0.33372607827186584,-0.4956085681915283,0.2857142857142857,0.0,1.3326972723007202,1.0
YSARSAQ,2.252809762954712,-1.4567179679870605,0.7142857142857143,0.0,1.4683061838150024,1.0
GHHRSIN,-0.1374104768037796,0.015233354642987251,0.5714285714285714,0.0,1.3312848806381226,1.0
IYQRKEW,-0.7625145316123962,0.027860382571816444,0.7142857142857143,0.0,1.2522705793380735,1.0
HGRASAN,0.7066795825958252,-1.623524785041809,0.5714285714285714,0.0,1.2499055862426758,1.0
YVHRWPP,-2.282994508743286,1.8535747528076172,0.7142857142857143,0.0,1.2682503461837769,1.0
YSARSED,1.4339817762374878,-1.7340742349624634,0.5714285714285714,0.0,1.3307209014892578,1.0
YYHRHGN,-1.9443162679672241,0.7371870875358582,0.7142857142857143,0.0,1.1823828220367432,1.0
YPRMSNG,2.3954882621765137,-2.38360595703125,0.4285714285714285,0.0,1.3791815042495728,1.0
TYHHATY,-1.2526391744613647,0.7235721349716187,0.4285714285714285,0.0,1.2698533535003662,1.0
YHHRSVN,0.14893944561481476,0.8620687127113342,0.4285714285714285,0.0,1.466360569000244,1.0
YHERSIE,1.2923312187194824,-1.9370249509811401,0.5714285714285714,0.0,1.288947343826294,1.0
VYYRSHE,-0.3299960196018219,1.6262779235839844,0.4285714285714285,0.0,1.4933277368545532,1.0
YGHRSEP,1.036440372467041,0.14046378433704376,0.5714285714285714,0.0,1.4969348907470703,1.0
YYHKSNW,-1.265158772468567,1.1910135746002197,0.4285714285714285,0.0,1.3224520683288574,1.0
YYIKQPH,-0.514846682548523,-0.2983185648918152,0.7142857142857143,0.0,1.246328592300415,1.0
IFHRGLE,-0.3157965838909149,-0.3722967505455017,0.7142857142857143,0.0,1.263375759124756,1.0
YYHRPNQ,-0.9708237648010254,0.5376481413841248,0.7142857142857143,0.0,1.2845734357833862,1.0
YKHLGPN,1.55038583278656,-0.13767631351947784,0.4285714285714285,0.0,1.5308458805084229,1.0
YHKESYL,0.1649695783853531,-0.590633749961853,0.5714285714285714,0.0,1.2999505996704102,1.0
YFHKAWN,-1.4431730508804321,0.8882099390029907,0.5714285714285714,0.0,1.2644166946411133,1.0
YDHKTLP,1.4736535549163818,-2.578812837600708,0.7142857142857143,0.0,1.2378617525100708,1.0
YYHKDNN,0.05397184565663338,-0.25634172558784485,0.5714285714285714,0.0,1.3244290351867676,1.0
YGHKTMT,1.649303674697876,-0.9105823636054993,0.5714285714285714,0.0,1.4539449214935305,1.0
YAFKRTE,1.3695793151855469,-1.2332419157028198,0.5714285714285714,0.0,1.380512237548828,1.0
QYHRAED,1.1108325719833374,-0.7077698707580566,0.7142857142857143,0.0,1.4081406593322754,1.0
YMSKNAN,2.095940589904785,-3.0277099609375,0.5714285714285714,0.0,1.2659180164337158,1.0
YVQRDGN,1.4410338401794434,-2.3112332820892334,0.5714285714285714,0.0,1.264694094657898,1.0
YYQKNHE,0.7973652482032776,-1.2886476516723633,0.7142857142857143,0.0,1.300417423248291,1.0
YTHRSQD,1.0649290084838867,-1.1742771863937378,0.5714285714285714,0.0,1.3481285572052002,1.0
YHHRGSG,0.7501958608627319,0.21658189594745636,0.5714285714285714,0.0,1.4689102172851562,1.0
YRSRKHG,-2.8334240913391113,1.4001230001449585,0.7142857142857143,0.0,1.144797682762146,1.0
YKHGNSQ,1.338173270225525,-1.558092713356018,0.5714285714285714,0.0,1.338795185089111,1.0
YWHRVNP,-2.000894069671631,2.4037117958068848,0.7142857142857143,0.0,1.3683701753616333,1.0
YKHILHG,0.12352370470762253,-1.145168662071228,0.7142857142857143,0.0,1.2303037643432615,1.0
MYHKENT,1.0568252801895142,-2.127284526824951,0.5714285714285714,0.0,1.2365624904632568,1.0
KDHRAQH,-0.1417664736509323,-0.4493546783924103,0.7142857142857143,0.0,1.276844501495361,1.0
THSFHHK,-1.5882378816604614,0.22594153881072998,0.7142857142857143,0.0,1.1689354181289673,1.0
FPSGTNW,-0.2742500603199005,-1.1994764804840088,0.7142857142857143,0.0,1.1727943420410156,1.0
TMKRSAE,1.08464515209198,-2.214134454727173,0.7142857142857143,0.0,1.2300719022750854,1.0
MLHKLAV,0.3572072684764862,-1.463643193244934,0.5714285714285714,0.0,1.2234549522399902,1.0
YSKQGVT,2.3669168949127197,-2.4737462997436523,0.5714285714285714,0.0,1.3650493621826172,1.0
YHSRTGN,1.5239044427871704,-0.9024340510368347,0.5714285714285714,0.0,1.4387454986572266,1.0
YHGRSDM,0.9415362477302551,-0.7245783805847168,0.5714285714285714,0.0,1.3843952417373655,1.0
YSRSHLQ,-0.30707892775535583,0.809425950050354,0.4285714285714285,0.0,1.401545763015747,1.0
KSHRFHE,-1.5371493101119995,-0.01767253503203392,0.7142857142857143,0.0,1.1472601890563965,1.0
YAKQINE,2.244816303253174,-2.891678810119629,0.5714285714285714,0.0,1.3008607625961304,1.0
YFNREEG,0.05979662388563156,-1.2694283723831177,0.7142857142857143,0.0,1.207688570022583,1.0
IHRKTDN,-0.09399838000535965,0.726747989654541,0.5714285714285714,0.0,1.4193902015686035,1.0
YHHRHVI,-0.8666692972183228,0.5261797308921814,0.5714285714285714,0.0,1.2966527938842771,1.0
HYGRSKD,-0.13186773657798767,-0.25415536761283875,0.5714285714285714,0.0,1.3007566928863523,1.0
WKHSPNN,0.43371641635894775,-1.329357385635376,0.7142857142857143,0.0,1.2488784790039062,1.0
YHHKSTE,1.6949121952056885,-0.17604248225688934,0.4285714285714285,0.0,1.5450034141540527,1.0
YWHRPAP,-2.288184881210327,1.312571406364441,0.7142857142857143,0.0,1.2048405408859253,1.0
AFSRPDT,0.4830489754676819,-1.9683343172073364,0.7142857142857143,0.0,1.1811258792877195,1.0
YHHKSSF,-0.09489810466766357,0.5404143929481506,0.5714285714285714,0.0,1.3976647853851318,1.0
YSTRMVN,1.4725977182388306,-2.0028269290924072,0.5714285714285714,0.0,1.304524540901184,1.0
YQSRSGE,1.622597098350525,-2.5747551918029785,0.7142857142857143,0.0,1.2575080394744873,1.0
VYRMGSN,1.061421275138855,-0.3107742369174957,0.5714285714285714,0.0,1.447819709777832,1.0
HNYRGME,0.9188940525054932,-1.4502272605895996,0.7142857142857143,0.0,1.297324776649475,1.0
YLHRTNT,0.3116801381111145,0.5150387287139893,0.7142857142857143,0.0,1.4470666646957395,1.0
NLHRSNN,1.5973751544952393,-0.5063968896865845,0.5714285714285714,0.0,1.4941339492797852,1.0
DYSRSTN,0.786862313747406,-0.30579572916030884,0.5714285714285714,0.0,1.4130492210388184,1.0
QYKRPNE,0.9962198734283447,-0.7056910395622253,0.7142857142857143,0.0,1.3936259746551514,1.0
YNNRYNN,0.597476601600647,-1.615256905555725,0.5714285714285714,0.0,1.236805081367493,1.0
YKHLGPN,1.55038583278656,-0.13767631351947784,0.4285714285714285,0.0,1.5308458805084229,1.0
YHHRREN,-0.8149976134300232,0.867527961730957,0.5714285714285714,0.0,1.3428921699523926,1.0
YHRRANE,-0.19002537429332733,1.141502857208252,0.4285714285714285,0.0,1.455127477645874,1.0
RCHDRWP,-4.455069541931152,2.788654088973999,0.7142857142857143,0.0,1.0970516204833984,0.9970515757799148
YYRRDTI,-1.1791353225708008,0.47146379947662354,0.5714285714285714,0.0,1.2500789165496826,1.0
YHQRNAV,0.8439763188362122,-1.106256365776062,0.5714285714285714,0.0,1.3275707960128784,1.0
YYAHKHI,-0.20949620008468628,-0.129923477768898,0.7142857142857143,0.0,1.3051700592041016,1.0
KYTRDQW,0.021008748561143875,-0.7567324638366699,0.4285714285714285,0.0,1.2621535062789917,1.0
YTHKMGT,2.0049967765808105,-1.0712095499038696,0.7142857142857143,0.0,1.4811100959777832,1.0
YYTKVTS,0.7678014039993286,-1.1403895616531372,0.5714285714285714,0.0,1.313805103302002,1.0
LYTRMNN,0.020661698654294014,-0.5571017861366272,0.5714285714285714,0.0,1.285260558128357,1.0
INHRLLS,0.08548486232757568,-1.680712103843689,0.7142857142857143,0.0,1.1632980108261108,1.0
YYMDRGK,-1.142208218574524,0.08072672039270401,0.7142857142857143,0.0,1.209518313407898,1.0
VHHRSND,1.1757926940917969,-0.096942238509655,0.5714285714285714,0.0,1.4873430728912354,1.0
