seq,fitness_pred,htfr1_pred,ref_dist,div_prev,reward_signal,final_score
YAHALYN,-2.2295703887939453,-1.3705880641937256,0.5714285714285714,0.2857142857142857,0.8506066799163818,0.7006066799163818
WYHMSYM,-4.247978210449219,0.12010905146598816,0.5714285714285714,0.2857142857142857,0.800764799118042,0.6507648140192032
MHETPNC,-3.7732391357421875,-0.6012223958969116,0.7142857142857143,0.4285714285714285,0.7691775560379028,0.6691775560379029
RMRHSGH,-3.550945281982422,0.45309481024742126,0.5714285714285714,0.5714285714285714,0.9170231819152832,0.7670232117176056
NYHRDIN,0.7570809125900269,-0.5968999862670898,0.7142857142857143,0.2857142857142857,1.2724508047103882,1.0
VSHTANF,0.400310754776001,-4.061046600341797,0.7142857142857143,0.4285714285714285,0.828140914440155,0.7281409293413162
WCRRYLN,-5.068337917327881,1.1789439916610718,0.5714285714285714,0.4285714285714285,0.8334261775016785,0.683426158875227
YHLSSMD,-0.3342767059803009,-2.7860453128814697,0.5714285714285714,0.4285714285714285,0.8955758213996887,0.7455758213996887
NHHVSYN,-0.5137158632278442,-2.1641671657562256,0.5714285714285714,0.2857142857142857,0.948315978050232,0.7983159482479095
YHRRSYK,-3.644731044769287,1.046964406967163,0.4285714285714285,0.2857142857142857,0.9759967923164368,0.7759967774152756
YLSDMNN,-1.4548536539077759,-3.1566014289855957,0.5714285714285714,0.2857142857142857,0.7279238700866699,0.5779238402843475
YLHSSWP,-3.1800596714019775,2.311431407928467,0.5714285714285714,0.4285714285714285,1.17529296875,1.0
MHHRGLR,-3.56284761428833,0.22806279361248016,0.5714285714285714,0.2857142857142857,0.8894118070602417,0.7394118219614029
MAWTASV,-2.4225656986236572,-2.527973175048828,0.7142857142857143,0.4285714285714285,0.6939711570739746,0.5939711570739746
YSRRDNP,1.6869906187057495,-1.2482444047927856,0.5714285714285714,0.1428571428571428,1.2995543479919434,1.0
CGHRSCF,-3.5927200317382812,0.07149115204811096,0.7142857142857143,0.4285714285714285,0.8678044080734253,0.7678043782711029
YYSYWEN,-3.212599039077759,1.265689492225647,0.7142857142857143,0.4285714285714285,1.049507737159729,0.949507737159729
DLRQLWS,-2.991684913635254,-0.4350930452346802,0.5714285714285714,0.5714285714285714,0.8753222227096558,0.7253221929073334
TYSPQNN,0.38736334443092346,-3.0263612270355225,0.5714285714285714,0.2857142857142857,0.9475862979888916,0.797586327791214
QYSDHRF,-1.550156593322754,-1.4890081882476807,0.7142857142857143,0.4285714285714285,0.9121720790863036,0.8121720492839813
YHHRRNN,-2.970452308654785,0.9849469065666199,0.4285714285714285,0.1428571428571428,1.04358172416687,0.8435816943645478
NYHRAAN,0.4653462767601013,0.5174335837364197,0.7142857142857143,0.2857142857142857,1.3702620267868042,1.0
IHISNNN,0.8382410407066345,-4.279768466949463,0.5714285714285714,0.2857142857142857,0.8511885404586792,0.7011885702610016
IHRRTRR,-4.487811088562012,1.4348561763763428,0.5714285714285714,0.4285714285714285,0.9277503490447998,0.7777503415942192
GASACEQ,-4.283720970153809,-1.2768081426620483,0.8571428571428571,0.2857142857142857,0.6335964202880859,0.5835963904857635
GLHNSTN,0.816931426525116,-4.376243591308594,0.5714285714285714,0.4285714285714285,0.8375524282455444,0.6875524580478668
TGIGDIH,-0.5747154355049133,-3.949148178100586,0.7142857142857143,0.5714285714285714,0.7330070734024048,0.633007088303566
YEFRSMN,-1.0222331285476685,0.13274073600769043,0.5714285714285714,0.1428571428571428,1.1602290868759155,1.0
YHEMYQN,-1.0296072959899902,-2.271712064743042,0.5714285714285714,0.4285714285714285,0.8784986138343811,0.7284986138343811
QRYRWPN,-4.446445941925049,1.8339269161224365,0.7142857142857143,0.4285714285714285,0.978964388370514,0.8789643883705139
NLVKNIP,2.1008758544921875,-3.156909942626953,0.7142857142857143,0.4285714285714285,1.1224974393844604,1.0
YWHVNNL,-3.831127882003784,0.8828076124191284,0.7142857142857143,0.2857142857142857,0.936132311820984,0.8361322820186615
NEKSYGN,-0.29716116189956665,-2.677471160888672,0.5714285714285714,0.4285714285714285,0.9123795628547668,0.7623795628547668
IHHSQFP,0.3690526783466339,-2.5876243114471436,0.7142857142857143,0.2857142857142857,0.996811866760254,0.8968118369579315
FWRSGSN,-1.2699779272079468,0.209031879901886,0.4285714285714285,0.1428571428571428,1.1416478157043457,0.941647756099701
YKHGDSC,-2.984931468963623,-0.7272388339042664,0.7142857142857143,0.4285714285714285,0.8419402837753296,0.741940313577652
YHPKQNN,0.7739881873130798,-2.2207610607147217,0.4285714285714285,0.2857142857142857,1.0846116542816162,0.8846115946769715
QHGITNT,0.6359069347381592,-4.446045398712158,0.7142857142857143,0.4285714285714285,0.8093076944351196,0.7093077093362808
MKQRHNN,-2.941734552383423,0.07249932736158371,0.7142857142857143,0.2857142857142857,0.9401675462722778,0.8401675760746002
YYHESND,-1.633087158203125,-1.033562421798706,0.5714285714285714,0.2857142857142857,0.9561781883239746,0.8061781883239746
MPWMYFN,-3.9803307056427,0.9822387099266052,0.7142857142857143,0.5714285714285714,0.9311904907226562,0.8311904907226563
YYHSCDR,-4.235893249511719,0.3375072479248047,0.7142857142857143,0.0,0.8275046348571777,0.7275046050548554
GLNCTWG,-3.332249402999878,-0.011105259880423546,0.7142857142857143,0.5714285714285714,0.887061357498169,0.7870613276958466
YCHRSNS,-3.690979242324829,0.9366004467010498,0.5714285714285714,0.1428571428571428,0.9579704403877258,0.8079704254865646
VIHIHGC,-4.5403361320495605,-0.7876906991004944,0.8571428571428571,0.5714285714285714,0.6622611880302429,0.6122611805796623
YAHKQLN,2.0769283771514893,-0.19787274301052094,0.5714285714285714,0.2857142857142857,1.4655438661575315,1.0
YYVRFTF,-2.846705436706543,0.5594868063926697,0.5714285714285714,0.4285714285714285,1.007608413696289,0.8576084733009338
YGPRSDN,0.764750063419342,-1.9009888172149658,0.5714285714285714,0.2857142857142857,1.1209453344345093,0.9709453046321868
LQNSGNN,0.4806273281574249,-5.049532890319824,0.4285714285714285,0.4285714285714285,0.7215695977210999,0.5035222254693508
MMWCLPF,-4.950161457061768,0.992987871170044,0.7142857142857143,0.4285714285714285,0.8248159289360046,0.7248159140348435
TYSFSSN,-1.4079303741455078,-0.7071726322174072,0.5714285714285714,0.1428571428571428,1.0192978382110596,0.8692978978157043
YYMRSNQ,-1.8248014450073242,0.9060758948326111,0.5714285714285714,0.2857142857142857,1.1615098714828491,1.0
YSRVMWQ,-2.9224016666412354,1.9702857732772827,0.5714285714285714,0.2857142857142857,1.1640313863754272,1.0
DRSFVND,-0.43315741419792175,-2.5059735774993896,0.7142857142857143,0.5714285714285714,0.9173229932785034,0.817322963476181
YPISELN,-0.6826974153518677,-3.4170689582824707,0.5714285714285714,0.4285714285714285,0.7831861972808838,0.6331861674785614
EYHMSNN,0.11304154992103577,-2.346060276031494,0.5714285714285714,0.2857142857142857,0.9966219663619996,0.8466219961643219
GRQSHHD,0.7069528698921204,-2.906456708908081,0.7142857142857143,0.5714285714285714,0.9970623254776,0.8970623254776001
WHHRQMN,-0.8579161763191223,-0.9052374958992004,0.5714285714285714,0.2857142857142857,1.0571976900100708,0.9071976900100708
CTKRWYK,-5.306328773498535,0.7674315571784973,0.7142857142857143,0.5714285714285714,0.7589372992515564,0.658937293663621
QSHNNAN,0.4814423620700836,-4.300128936767578,0.5714285714285714,0.0,0.8092129230499268,0.6592128932476043
HRAGQNN,1.1000877618789673,-2.3716092109680176,0.7142857142857143,0.4285714285714285,1.1031780242919922,1.0
YSKWDPN,0.21998843550682068,0.16153322160243988,0.4285714285714285,0.4285714285714285,1.3014527559280396,1.0
ACNRSTN,-3.6436679363250732,-0.23827432096004486,0.7142857142857143,0.4285714285714285,0.8259603977203369,0.7259603977203369
PADNNQE,-1.178859829902649,-4.978769779205322,0.5714285714285714,0.0,0.5456693768501282,0.3801022056490183
YSERAYD,-0.011667738668620586,-2.4404401779174805,0.5714285714285714,0.4285714285714285,0.9717555642127992,0.821755564212799
QYHSSNR,0.3428786098957062,-0.6873224973678589,0.5714285714285714,0.1428571428571428,1.2159192562103271,1.0
YHHGMVN,-0.0433528758585453,-1.1680132150650024,0.5714285714285714,0.2857142857142857,1.116896629333496,0.9668966889381408
YSLNDNN,-0.3557598292827606,-2.6686718463897705,0.4285714285714285,0.2857142857142857,0.9069044589996338,0.7069044291973114
QHHRCIN,-4.2979512214660645,0.20562385022640228,0.5714285714285714,0.2857142857142857,0.8052095770835876,0.6552095770835876
QPSPNNF,0.10631868243217468,-3.9814445972442627,0.7142857142857143,0.2857142857142857,0.8048139810562134,0.7048140108585358
YHRSVLN,0.07538416981697083,1.0840729475021362,0.4285714285714285,0.0,1.3931851387023926,1.0
PLHNANN,0.20461992919445038,-3.441274642944336,0.5714285714285714,0.1428571428571428,0.8788313865661621,0.7288314163684845
YYPRKGN,-2.6476564407348633,-0.013493889011442661,0.7142857142857143,0.2857142857142857,0.9627573490142822,0.8627573192119599
VYLRSRN,-3.4397406578063965,0.8251703381538391,0.4285714285714285,0.2857142857142857,0.9728341102600098,0.7728341400623322
ANVSWEP,-1.8824384212493896,-1.4825029373168945,0.7142857142857143,0.2857142857142857,0.876055896282196,0.7760558962821961
YQHRNGY,-1.0865325927734375,-0.5609046816825867,0.7142857142857143,0.2857142857142857,1.0720546245574951,0.9720546245574953
YDSSSQL,-0.4726966619491577,-2.4858341217041016,0.5714285714285714,0.2857142857142857,0.9152878522872924,0.7652878820896148
YYPRSFP,-1.9062095880508423,-0.02618672326207161,0.4285714285714285,0.2857142857142857,1.0435590744018557,0.8435591340065003
YHKRDNT,0.3352314531803131,-0.5316146016120911,0.5714285714285714,0.2857142857142857,1.2332618236541748,1.0
LRFTDVN,-0.5899866819381714,-3.213660478591919,0.4285714285714285,0.5714285714285714,0.8172392845153809,0.6172392547130585
YDTLNYN,-2.1685259342193604,-0.7816004157066345,0.4285714285714285,0.2857142857142857,0.9261927008628844,0.7261927008628846
SHFTYNP,-1.977090835571289,-1.271707534790039,0.7142857142857143,0.4285714285714285,0.8901787400245667,0.7901787400245667
QRHEGFN,0.12105642259120941,-2.830369710922241,0.7142857142857143,0.2857142857142857,0.940929651260376,0.8409296214580536
YYHMWSW,-4.460906982421875,0.9381499886512756,0.5714285714285714,0.4285714285714285,0.8727059960365295,0.7227059960365295
YWRRGYP,-4.202247142791748,1.3287626504898071,0.5714285714285714,0.2857142857142857,0.9470468759536744,0.7970469057559967
YSHWWNN,-2.6238112449645996,0.5318115949630737,0.5714285714285714,0.2857142857142857,1.0291117429733276,0.8791117131710052
GKRVKKL,-3.7394003868103027,0.42596185207366943,0.7142857142857143,0.5714285714285714,0.8929388523101807,0.7929388374090195
FARRFNV,-3.171923875808716,-0.39957383275032043,0.7142857142857143,0.4285714285714285,0.8594692945480347,0.7594692647457123
QYRASQG,1.9845764636993408,-2.35369610786438,0.5714285714285714,0.4285714285714285,1.2034300565719604,1.0
LYSQFEI,-3.269862651824951,-0.6156654357910156,0.5714285714285714,0.2857142857142857,0.8233541250228882,0.6733541250228882
YHRRMTS,-3.92366361618042,0.8269245624542236,0.5714285714285714,0.2857142857142857,0.9193339347839355,0.7693339347839355
RYRFPPL,-4.0719218254089355,-0.6722495555877686,0.5714285714285714,0.4285714285714285,0.7277320623397827,0.5777320921421051
QHHSNVN,0.2279270738363266,-3.318408489227295,0.5714285714285714,0.2857142857142857,0.8957724571228027,0.7457724571228027
YMRFSTN,-0.4426631033420563,-0.0954163447022438,0.4285714285714285,0.2857142857142857,1.197893142700195,0.99789320230484
GYNKSDM,1.1272261142730713,-1.5023711919784546,0.5714285714285714,0.5714285714285714,1.2077428102493286,1.0
RLMRHPD,-0.7902717590332031,-1.4320188760757446,0.7142857142857143,0.4285714285714285,1.0031609535217283,0.9031610131263732
PYNNEPN,-0.6153807044029236,-3.609351396560669,0.5714285714285714,0.2857142857142857,0.7681925296783447,0.6181925445795059
PYHIGNT,0.4646240174770355,-2.5638601779937744,0.7142857142857143,0.2857142857142857,1.0101945400238037,0.9101945400238036
NHRYMHN,-2.247892379760742,-0.8216233253479004,0.5714285714285714,0.4285714285714285,0.9127088785171508,0.7627088487148285
IYRPSGN,1.7072324752807617,-1.5987275838851929,0.5714285714285714,0.2857142857142857,1.2608537673950195,1.0
VYKCSVN,-3.246605634689331,-0.04444169998168945,0.5714285714285714,0.2857142857142857,0.8926712274551392,0.7426711976528168
YHHRINL,-0.6975357532501221,0.23486895859241486,0.5714285714285714,0.2857142857142857,1.2081952095031738,1.0
KKVRKKW,-3.909681558609009,0.5410736203193665,0.7142857142857143,0.4285714285714285,0.8874897956848145,0.7874897658824921
YQANSGQ,0.8819893598556519,-3.2711474895477295,0.7142857142857143,0.2857142857142857,0.9738808870315552,0.8738808572292328
NYSLCGY,-3.832239866256714,-0.6263404488563538,0.7142857142857143,0.2857142857142857,0.7596952319145203,0.6596952319145203
TYGHSPN,0.26112478971481323,-1.8501814603805542,0.5714285714285714,0.4285714285714285,1.0709896087646484,0.9209895491600036
SHSRNHT,-0.07808857411146164,-0.8157320618629456,0.7142857142857143,0.4285714285714285,1.1541987657546997,1.0
PYHRSLI,-2.218351125717163,1.9823461771011353,0.5714285714285714,0.2857142857142857,1.243574857711792,1.0
NHSALNN,-0.20285026729106903,-4.136992454528809,0.5714285714285714,0.2857142857142857,0.7523303031921387,0.6023303031921386
ASHRINC,-3.74534010887146,-0.24442003667354584,0.7142857142857143,0.4285714285714285,0.813959002494812,0.7139589726924896
YSNRNTN,2.3288562297821045,-2.478529691696167,0.4285714285714285,0.2857142857142857,1.2270535230636597,1.0
QSRSSNT,1.489263653755188,-2.695403814315796,0.5714285714285714,0.2857142857142857,1.108539342880249,0.9585393130779266
FDHGYVR,-1.6364059448242188,-1.399289846420288,0.7142857142857143,0.5714285714285714,0.9130820035934448,0.8130819737911225
NWTPFNK,-1.4298409223556519,-0.09850633889436722,0.7142857142857143,0.4285714285714285,1.0879766941070557,0.987976723909378
FNSWFVR,-4.4416327476501465,0.30623364448547363,0.7142857142857143,0.5714285714285714,0.801018238067627,0.7010182231664658
YCHRSGR,-4.64511775970459,1.4602274894714355,0.7142857142857143,0.2857142857142857,0.913256824016571,0.8132568165659905
YIRKFPN,-2.3344058990478516,0.3406578004360199,0.4285714285714285,0.4285714285714285,1.038896918296814,0.838896918296814
YPRQSLH,-0.39885827898979187,-1.018335223197937,0.5714285714285714,0.4285714285714285,1.0949301719665527,0.9449301719665528
YFKSHIW,-2.2158594131469727,0.23772254586219788,0.5714285714285714,0.5714285714285714,1.040027141571045,0.8900271415710449
IEFYDHY,-3.5300841331481934,-1.7734289169311523,0.7142857142857143,0.4285714285714285,0.6592137217521667,0.5592137217521668
NHHSFNN,-0.5208776593208313,-2.2337944507598877,0.5714285714285714,0.1428571428571428,0.9393866062164308,0.7893865764141083
WYHRQNN,-1.4826608896255493,0.6416475772857666,0.7142857142857143,0.2857142857142857,1.1685869693756104,1.0
PEHTGTN,-0.16920077800750732,-5.461181640625,0.5714285714285714,0.4285714285714285,0.6013597249984741,0.4188844870775938
HVPFSMI,-2.5376148223876953,-2.217731237411499,0.5714285714285714,0.5714285714285714,0.7174487113952637,0.5674487113952636
HVHHAQN,-0.42956650257110596,-1.3271801471710205,0.7142857142857143,0.4285714285714285,1.0554399490356443,0.9554399192333222
HQTRMWR,-5.58790397644043,0.34017565846443176,0.7142857142857143,0.5714285714285714,0.6777721643447876,0.5777721643447876
CYRRSLP,-3.698206663131714,0.9219720363616943,0.4285714285714285,0.4285714285714285,0.9554592967033386,0.7554592818021775
WYYRSNF,-2.9348628520965576,1.0848405361175537,0.5714285714285714,0.1428571428571428,1.059201955795288,0.909201955795288
IAHHANS,0.6533885598182678,-3.723597288131714,0.7142857142857143,0.4285714285714285,0.8956513404846191,0.7956513553857804
VVRASNH,1.0753318071365356,-2.6492300033569336,0.5714285714285714,0.4285714285714285,1.0679962635040283,0.9179962038993836
FHRSVLM,-1.8535186052322388,-0.6574383974075317,0.5714285714285714,0.2857142857142857,0.97565758228302,0.8256576120853424
YSSNSNN,0.6134230494499207,-3.1327309608459473,0.4285714285714285,0.0,0.9602468609809875,0.7602468609809876
YCHTTQK,-2.979484796524048,-1.3225704431533813,0.7142857142857143,0.0,0.7729922533035278,0.6729922235012055
FHDCMGN,-3.5894079208374023,-0.5574397444725037,0.7142857142857143,0.2857142857142857,0.7946939468383789,0.6946939766407013
WEFNVNA,-2.776557207107544,0.6192984580993652,0.7142857142857143,0.5714285714285714,1.02238130569458,0.9223812460899352
SHMVGGE,-0.045100439339876175,-5.344877243041992,0.7142857142857143,0.5714285714285714,0.6287200450897217,0.5003211605362594
YWNASNK,-0.1884431093931198,-0.465158611536026,0.5714285714285714,0.2857142857142857,1.1829092502593994,1.0
YQHRNNN,1.0030553340911865,-1.5048432350158691,0.5714285714285714,0.1428571428571428,1.193673849105835,1.0
PSLRKSN,-2.5300965309143066,-0.5838980674743652,0.5714285714285714,0.4285714285714285,0.9091637134552002,0.7591636836528778
YYRKSVF,-3.136828660964966,0.4372391402721405,0.4285714285714285,0.2857142857142857,0.961128830909729,0.7611288607120514
QPKGSNN,1.3715450763702393,-3.9158008098602295,0.5714285714285714,0.2857142857142857,0.9528961777687072,0.8028961628675461
YQFFCHS,-4.044939994812012,0.3966498076915741,0.8571428571428571,0.4285714285714285,0.8556059002876282,0.8056059151887893
PYDTGKT,0.9022611975669861,-4.670847415924072,0.5714285714285714,0.2857142857142857,0.8126037120819092,0.6578288901597261
FSANLMN,-0.4026336371898651,-4.134395122528076,0.5714285714285714,0.4285714285714285,0.7304620742797852,0.5804620742797851
NHGLEIS,-0.4935998320579529,-4.141495227813721,0.5714285714285714,0.5714285714285714,0.7195372581481934,0.5695372730493545
THHRSWN,-2.353461742401123,0.45964372158050537,0.5714285714285714,0.1428571428571428,1.0506832599639893,0.900683319568634
QPRRNMV,-2.647256851196289,-1.618085503578186,0.5714285714285714,0.4285714285714285,0.7753373384475708,0.6253373682498932
YYHQNNS,-1.1462912559509277,-1.2159854173660278,0.7142857142857143,0.1428571428571428,0.9888896942138672,0.8888896644115448
AYRWNDC,-3.8608765602111816,0.21210309863090515,0.7142857142857143,0.1428571428571428,0.8544723987579346,0.7544723987579346
YSRMWPN,-2.220432996749878,2.671774387359619,0.2857142857142857,0.1428571428571428,1.3238896131515503,1.0
YHRHVVD,0.8843234777450562,-0.07515068352222443,0.4285714285714285,0.2857142857142857,1.3475279808044434,1.0
VYSRIAR,-4.1572089195251465,1.4936461448669434,0.5714285714285714,0.2857142857142857,0.9713084697723388,0.8213084995746612
HHRFESV,0.03018788993358612,-0.839900553226471,0.5714285714285714,0.5714285714285714,1.1633915901184082,1.0
KHKTRTM,-3.2703893184661865,0.3471342623233795,0.7142857142857143,0.5714285714285714,0.9357795715332032,0.8357795417308808
TFNRPNN,0.7877058386802673,-2.5340912342071533,0.7142857142857143,0.2857142857142857,1.049527645111084,0.9495276153087616
YGHVHHD,0.34608060121536255,-1.3235032558441162,0.7142857142857143,0.2857142857142857,1.1419495344161987,1.0
RYRRSNN,-4.122206211090088,0.5254435539245605,0.4285714285714285,0.1428571428571428,0.862078070640564,0.6620780408382416
LYALNNN,-0.6287646889686584,-2.473132610321045,0.5714285714285714,0.4285714285714285,0.8994516134262085,0.7494515836238861
YARRMIE,0.33387020230293274,-1.1462129354476929,0.5714285714285714,0.2857142857142857,1.1613073348999023,1.0
YYTTSSN,-1.1798676252365112,-2.115926504135132,0.5714285714285714,0.2857142857142857,0.8800233602523804,0.730023330450058
NVYSFYN,-3.279954195022583,-0.18532031774520874,0.7142857142857143,0.5714285714285714,0.8725113868713379,0.7725114166736603
MQSSIRN,2.0040528774261475,-3.928867816925049,0.7142857142857143,0.2857142857142857,1.0215643644332886,0.9215643793344498
SAPAHLK,-0.9681218862533569,-4.520737171173096,0.7142857142857143,0.5714285714285714,0.622568666934967,0.5225686892867089
YYHSMTM,-3.5139660835266113,-0.43489348888397217,0.5714285714285714,0.2857142857142857,0.8173834681510925,0.6673834830522537
GLRDNSN,1.038416862487793,-4.509790420532227,0.5714285714285714,0.2857142857142857,0.8465303182601929,0.6965303108096123
DSHSSNV,-0.3010760247707367,-4.3645710945129395,0.5714285714285714,0.4285714285714285,0.714841365814209,0.5648413360118866
FLGMWHN,-3.3716812133789062,-0.02847963199019432,0.7142857142857143,0.4285714285714285,0.8806553483009338,0.7806553483009339
YHHKSSP,0.9272131323814392,0.3698168992996216,0.5714285714285714,0.1428571428571428,1.404273271560669,1.0
AWYRIHQ,-3.8721280097961426,1.376427412033081,0.7142857142857143,0.4285714285714285,0.9892517328262328,0.8892517179250717
ICWRPNN,-4.017880916595459,0.774495005607605,0.7142857142857143,0.4285714285714285,0.9027525782585144,0.8027525782585144
RNHGGNH,-0.7492908239364624,-2.5088953971862793,0.7142857142857143,0.2857142857142857,0.8818975687026978,0.7818975985050202
VYSRSAA,2.1236488819122314,1.8516634702682495,0.4285714285714285,0.1428571428571428,1.7101759910583496,1.0
MHNGSNV,1.3241716623306274,-4.037383556365967,0.5714285714285714,0.4285714285714285,0.933434247970581,0.7834342330694198
KLHQGNT,1.0091228485107422,-2.891195774078369,0.5714285714285714,0.4285714285714285,1.0323796272277832,0.8823796570301056
YAASSPD,-0.362009733915329,-3.564797878265381,0.2857142857142857,0.4285714285714285,0.8015164732933044,0.5515164583921432
DPGVYWC,-4.557870864868164,-0.016710322350263596,0.7142857142857143,0.5714285714285714,0.7503888010978699,0.6503887861967087
VKSRWAV,-3.620126485824585,0.14263080060482025,0.5714285714285714,0.4285714285714285,0.8730740547180176,0.7230740696191787
VYGRSSN,1.3011257648468018,0.35804763436317444,0.4285714285714285,0.2857142857142857,1.444394588470459,1.0
SSERPNN,0.7360523343086243,-4.226475715637207,0.5714285714285714,0.4285714285714285,0.8460740447044373,0.696074029803276
YKENQYN,0.2607438266277313,-2.190298557281494,0.5714285714285714,0.4285714285714285,1.0312113761901855,0.8812113761901855
RAHRPNN,-3.44681715965271,-0.07822155207395554,0.7142857142857143,0.4285714285714285,0.8665055632591248,0.7665055483579636
YYNLVGV,-2.236788749694824,-0.7271971702575684,0.5714285714285714,0.4285714285714285,0.9249728918075562,0.7749729216098785
LCHWSNN,-4.076348781585693,-0.1276770830154419,0.5714285714285714,0.4285714285714285,0.7908631563186646,0.6408631563186645
VWCNADG,-4.003654479980469,-0.1998281180858612,0.5714285714285714,0.5714285714285714,0.7905012369155884,0.6405012518167496
NYHRYCV,-4.508377552032471,1.406795859336853,0.5714285714285714,0.1428571428571428,0.9221896529197692,0.7721896454691887
YSHDGYE,-1.2085143327713013,-1.804476022720337,0.5714285714285714,0.4285714285714285,0.9132308959960938,0.7632309257984161
THHLSNN,-0.1035102903842926,-2.531527280807495,0.2857142857142857,0.2857142857142857,0.9509212970733644,0.7009212970733643
SINWALN,-2.421949863433838,-0.14101864397525787,0.7142857142857143,0.2857142857142857,0.9729071855545044,0.8729071855545044
ISHHKCN,-3.3317127227783203,-0.8770741820335388,0.7142857142857143,0.2857142857142857,0.7859497666358948,0.6859497666358948
YHRFANV,-1.4713202714920044,1.112914800643921,0.4285714285714285,0.2857142857142857,1.2249037027359009,1.0
THDKIEV,0.9324321150779724,-3.891709566116333,0.5714285714285714,0.5714285714285714,0.9069786071777344,0.7569786369800567
YHRKNIG,-2.6117141246795654,0.9253290295600891,0.5714285714285714,0.4285714285714285,1.0764288902282717,0.9264288306236268
SHSSWNN,-1.775612473487854,-1.376136064529419,0.5714285714285714,0.2857142857142857,0.9003381729125977,0.7503381729125976
MKMGMNQ,1.5040093660354614,-3.454468011856079,0.7142857142857143,0.4285714285714285,1.0214943885803225,0.9214943438768388
FYRFCAG,-4.173429012298584,0.2465432584285736,0.7142857142857143,0.5714285714285714,0.8238095045089722,0.7238095194101334
EYPRSSA,1.3653149604797363,-2.012282609939575,0.5714285714285714,0.4285714285714285,1.1745926141738892,1.0
YMRRLEW,-2.27374267578125,0.9718651175498962,0.7142857142857143,0.4285714285714285,1.1193732023239136,1.0
NYAWEIK,-2.746600866317749,-0.4025917947292328,0.8571428571428571,0.4285714285714285,0.9063183665275574,0.8563183665275573
YYAINNC,-3.8236963748931885,0.13219277560710907,0.7142857142857143,0.4285714285714285,0.8492627143859863,0.7492627292871475
RFNRLNN,-3.6620357036590576,-0.5883527994155884,0.7142857142857143,0.4285714285714285,0.7830223441123962,0.6830223441123963
IEIAVNF,-2.344066619873047,-3.0811216831207275,0.5714285714285714,0.4285714285714285,0.6380585432052612,0.4880585730075836
EFSSSNN,-0.29488179087638855,-4.741758346557617,0.5714285714285714,0.2857142857142857,0.6714619994163513,0.5142018150538206
WSCPVEN,-3.5229153633117676,-0.7220404744148254,0.7142857142857143,0.5714285714285714,0.7828428745269775,0.6828429043293
VHHRGQL,0.35374167561531067,0.6106638312339783,0.5714285714285714,0.0,1.3687684535980225,1.0
HIHNSVN,0.37840715050697327,-3.4548728466033936,0.7142857142857143,0.1428571428571428,0.8965293765068054,0.7965293616056442
KEHRCTK,-3.8602371215820312,0.8555356860160828,0.7142857142857143,0.5714285714285714,0.929715633392334,0.8297156035900116
LHSSTFN,-0.18856777250766754,-2.641225576400757,0.5714285714285714,0.2857142857142857,0.9286657571792604,0.7786657273769378
MYSVLEN,-1.6619699001312256,-2.6687686443328857,0.7142857142857143,0.4285714285714285,0.761931836605072,0.661931836605072
HHRHGNN,0.8417518734931946,1.260028600692749,0.4285714285714285,0.1428571428571428,1.4987924098968506,1.0
QDWEGWN,-3.4165141582489014,0.03925037756562233,0.7142857142857143,0.5714285714285714,0.8835927844047546,0.7835927993059159
GHSHNTN,0.3671528398990631,-3.4860644340515137,0.7142857142857143,0.4285714285714285,0.8916362524032593,0.7916362375020981
SASRGAN,1.7677834033966064,-4.080374717712402,0.5714285714285714,0.2857142857142857,0.9776428937911988,0.8276429235935211
YHRNANN,1.6893956661224365,0.661634087562561,0.2857142857142857,0.1428571428571428,1.5229521989822388,1.0
YHHCNDN,-3.8038787841796875,-0.9228250980377197,0.5714285714285714,0.2857142857142857,0.7282044291496277,0.5782044142484665
KNESYFK,-0.5079081058502197,-2.1200547218322754,0.7142857142857143,0.5714285714285714,0.9541141986846924,0.85411416888237
QYNCTIN,-3.3005471229553223,-0.74360591173172,0.7142857142857143,0.2857142857142857,0.8050014972686768,0.7050015270709992
WYRAKFN,-2.8131844997406006,-0.4079016149044037,0.7142857142857143,0.4285714285714285,0.8983086347579956,0.7983086347579956
YSTVANF,-1.085802674293518,-1.7968355417251587,0.5714285714285714,0.4285714285714285,0.9277419447898864,0.7777419447898865
YNGRSPN,2.1449568271636963,-0.9245913028717041,0.4285714285714285,0.2857142857142857,1.3881911039352417,1.0
FKFSGGN,0.38438984751701355,-2.95155668258667,0.5714285714285714,0.4285714285714285,0.9559956789016724,0.8059957087039947
PYLRGQN,-0.33427783846855164,-0.0154258469119668,0.4285714285714285,0.4285714285714285,1.2192671298980713,1.0
YDSKSEM,0.6549162864685059,-2.715390205383301,0.5714285714285714,0.4285714285714285,1.0136096477508545,0.8636096775531769
YKNTTSN,2.1322121620178223,-3.5098087787628174,0.7142857142857143,0.4285714285714285,1.0847458839416504,0.9847459435462952
HVTRLSI,-0.5750935077667236,-1.530579924583435,0.5714285714285714,0.5714285714285714,1.015526294708252,0.8655262649059295
YYHKQGN,-0.18207719922065735,0.43457725644111633,0.5714285714285714,0.0,1.288731813430786,1.0
YHDNMGG,0.6925420761108398,-3.028292417526245,0.7142857142857143,0.4285714285714285,0.9812289476394652,0.8812289476394654
MAWYASV,-3.354491949081421,-0.7137737274169922,0.7142857142857143,0.4285714285714285,0.8025001287460327,0.7025001287460327
VFHRSEN,1.185150146484375,0.2601073682308197,0.5714285714285714,0.1428571428571428,1.420081377029419,1.0
WWLSDWN,-4.509287357330322,1.8800451755523682,0.7142857142857143,0.5714285714285714,0.9773783087730408,0.8773783087730408
MHHPHGL,-0.02350383996963501,-2.561713695526123,0.7142857142857143,0.4285714285714285,0.95627361536026,0.85627361536026
QLHRGLN,1.7472097873687744,-0.24869991838932037,0.5714285714285714,0.2857142857142857,1.4230139255523682,1.0
WYCRSNY,-4.043250560760498,1.402813196182251,0.5714285714285714,0.2857142857142857,0.9733434319496156,0.8233434319496155
VHSRAAA,1.674133539199829,-1.554753065109253,0.5714285714285714,0.4285714285714285,1.2623180150985718,1.0
YHPCRSF,-4.45299768447876,0.37951305508613586,0.7142857142857143,0.4285714285714285,0.8083181977272034,0.7083182126283646
CHRRLNN,-4.477082252502441,1.3691015243530273,0.4285714285714285,0.1428571428571428,0.9212589263916016,0.7212589263916016
PYFRPND,-1.4687414169311523,-0.10196560621261597,0.5714285714285714,0.4285714285714285,1.0832555294036863,0.933255499601364
MDVRRML,-1.5745928287506104,-2.3971827030181885,0.5714285714285714,0.5714285714285714,0.8033581972122192,0.6533581972122192
HMVYFNN,-3.780397891998291,0.2796141505241394,0.7142857142857143,0.2857142857142857,0.8712911605834961,0.7712911605834961
YYHILNN,-3.1407113075256348,-0.46358442306518555,0.5714285714285714,0.1428571428571428,0.8554548025131226,0.7054548323154449
YYHLAPD,-2.169339418411255,-0.10529997199773788,0.5714285714285714,0.4285714285714285,1.0051145553588867,0.8551145851612091
ENKSSIY,0.5178987383842468,-3.6847476959228516,0.5714285714285714,0.5714285714285714,0.8851536512374878,0.7351536810398102
IRQNCVN,-3.711109161376953,-0.9029136896133423,0.7142857142857143,0.4285714285714285,0.7408261299133301,0.6408261001110077
MYDDLNQ,-1.044009804725647,-1.977624773979187,0.7142857142857143,0.2857142857142857,0.9112584590911864,0.8112584292888642
RYHSSNN,0.6425016522407532,-0.30769261717796326,0.5714285714285714,0.2857142857142857,1.2935230731964111,1.0
DSGRSKC,-4.037337779998779,-0.2648320496082306,0.7142857142857143,0.5714285714285714,0.7791687250137329,0.6791687250137329
VIDRSRG,1.934316873550415,-3.1371326446533203,0.5714285714285714,0.4285714285714285,1.106323480606079,0.9563235104084016
EEWRPVY,-3.8226749897003174,0.2141735553741455,0.7142857142857143,0.1428571428571428,0.8589538931846619,0.7589538931846619
LHGSSST,0.4335181415081024,-4.016738414764404,0.4285714285714285,0.4285714285714285,0.8370028138160706,0.6370027989149094
IKVVIQR,-2.8858108520507812,-1.0981969833374023,0.5714285714285714,0.5714285714285714,0.8096015453338623,0.6596015751361847
YIHSSAN,0.5056118965148926,-2.9513769149780273,0.4285714285714285,0.1428571428571428,0.9694697856903076,0.7694697558879853
RHKRSDG,-2.1847805976867676,0.9807644486427307,0.7142857142857143,0.4285714285714285,1.1302857398986816,1.0
YYRHQLT,-1.3507825136184692,-0.2160242348909378,0.5714285714285714,0.4285714285714285,1.0830209255218506,0.9330208957195282
YMKRTAD,1.0968375205993652,-1.4746085405349731,0.5714285714285714,0.4285714285714285,1.207613825798035,1.0
YKRDNQN,1.0215493440628052,-2.5969340801239014,0.4285714285714285,0.1428571428571428,1.068137288093567,0.8681372582912446
DYHEMNS,-0.2868109941482544,-3.3839776515960693,0.5714285714285714,0.4285714285714285,0.8309871554374695,0.6809871703386307
PHLLGAN,-0.6060121059417725,-4.045741558074951,0.4285714285714285,0.4285714285714285,0.7182487845420837,0.518248799443245
TANRHGT,0.7034903168678284,-2.800724506378174,0.5714285714285714,0.4285714285714285,1.0090306997299194,0.8590307295322418
YHRTMSN,0.8086581826210022,0.5904591679573059,0.4285714285714285,0.1428571428571428,1.4168939590454102,1.0
VHNGDQN,-0.2573922574520111,-4.655178546905518,0.7142857142857143,0.4285714285714285,0.6857376098632812,0.5815119806677103
QYRVAPN,0.815458357334137,-2.11431622505188,0.4285714285714285,0.4285714285714285,1.1016497611999512,0.9016497910022736
YYAKQFH,-0.9055286645889282,-1.0401537418365479,0.7142857142857143,0.4285714285714285,1.0361515283584597,0.9361515283584596
YHQYSNA,0.10005903244018555,-0.8415384888648987,0.4285714285714285,0.2857142857142857,1.1709544658660889,0.970954406261444
IHHKPII,0.3621169924736023,-1.4686455726623535,0.5714285714285714,0.2857142857142857,1.1267722845077517,0.9767723143100738
GALEGHH,-0.398551344871521,-4.732699394226074,0.7142857142857143,0.5714285714285714,0.6610152721405029,0.5540726091712713
SHQRADN,0.785216748714447,-3.9806697368621826,0.5714285714285714,0.1428571428571428,0.8802476525306702,0.7302476674318313
HYSTGNP,1.1073375940322876,-2.883188486099243,0.7142857142857143,0.2857142857142857,1.0442148447036743,0.944214814901352
IHRNSSN,1.4217735528945923,-0.9567777514457703,0.2857142857142857,0.0,1.3041729927062988,1.0
YSRCSNT,-2.6845920085906982,1.2353858947753906,0.4285714285714285,0.1428571428571428,1.104564905166626,0.9045648455619812
YHARMSN,0.5770056843757629,-0.5892582535743713,0.5714285714285714,0.2857142857142857,1.253359079360962,1.0
YHRSFYG,-2.7135117053985596,1.8390792608261108,0.5714285714285714,0.4285714285714285,1.1718847751617432,1.0
YNHKEPN,1.3963714838027954,-3.3988430500030518,0.5714285714285714,0.2857142857142857,1.016047477722168,0.8660475224256515
YMSFREN,-0.6419726014137268,-1.1230908632278442,0.7142857142857143,0.4285714285714285,1.055711030960083,0.9557110905647278
EHHVPGN,0.03192957490682602,-4.716523170471191,0.7142857142857143,0.2857142857142857,0.710679292678833,0.6043035756796599
VQMWEKG,-0.8498191833496094,-0.028227098286151886,0.7142857142857143,0.4285714285714285,1.1605573892593384,1.0
MGHRGNN,1.4582245349884033,-2.297872304916382,0.5714285714285714,0.2857142857142857,1.1515381336212158,1.0
NYWRIEW,-3.7032933235168457,0.969715416431427,0.7142857142857143,0.4285714285714285,0.9604726433753968,0.8604726433753968
MYNKRDN,1.5524590015411377,-2.6896426677703857,0.7142857142857143,0.4285714285714285,1.1162257194519043,1.0
LSRSELN,0.9689709544181824,-1.8374923467636108,0.4285714285714285,0.2857142857142857,1.1510276794433594,0.9510277092456818
YHRMSTV,-0.1824101060628891,1.204352855682373,0.4285714285714285,0.2857142857142857,1.3786277770996094,1.0
FYNCTKT,-2.8345537185668945,-1.3868616819381714,0.7142857142857143,0.1428571428571428,0.7815653085708618,0.6815652787685395
WLHRQNT,-0.9099835753440857,-0.6359041929244995,0.7142857142857143,0.1428571428571428,1.082885503768921,0.9828855633735656
EILDRYN,-0.5742839574813843,-3.6251914501190186,0.7142857142857143,0.5714285714285714,0.7709027528762817,0.6709027826786041
LASRNNN,1.7092795372009277,-3.9074766635894775,0.5714285714285714,0.2857142857142857,0.991349995136261,0.8413499802350998
YRGNHFI,-1.737801194190979,-0.6488938927650452,0.7142857142857143,0.5714285714285714,0.9894980192184448,0.8894980192184448
CALESDR,-3.592719078063965,-1.2559058666229248,0.7142857142857143,0.2857142857142857,0.7127247452735901,0.6127247601747513
YHDLSAN,0.6602056622505188,-2.249058246612549,0.2857142857142857,0.1428571428571428,1.0686781406402588,0.8186782002449036
YSRSGRD,1.2220507860183716,-0.870221734046936,0.4285714285714285,0.4285714285714285,1.292120337486267,1.0
YHRQSTD,1.6430844068527222,-0.5503359436988831,0.4285714285714285,0.2857142857142857,1.376218318939209,1.0
PSWRWMN,-5.091745853424072,1.3330754041671753,0.5714285714285714,0.4285714285714285,0.8488355278968811,0.698835539072752
TTRLWYK,-5.375683784484863,0.7372233271598816,0.5714285714285714,0.2857142857142857,0.7477111220359802,0.5977111257612705
YHHRTWV,-1.6642597913742065,0.15788951516151428,0.7142857142857143,0.2857142857142857,1.0919159650802612,0.9919159948825836
YHDLSNK,1.1534090042114258,-3.096564292907715,0.2857142857142857,0.2857142857142857,1.0243990421295166,0.774399071931839
HHHHMHW,-2.4584109783172607,0.3451686501502991,0.7142857142857143,0.4285714285714285,1.0256620645523071,0.9256620645523072
YSSEGDN,-0.7665042281150818,-2.9985082149505615,0.4285714285714285,0.4285714285714285,0.8227858543395996,0.6227858245372773
YSRNRGS,-2.6724581718444824,0.34706610441207886,0.4285714285714285,0.2857142857142857,1.002129077911377,0.802129077911377
YRCHSIL,-4.091339111328125,0.10685054957866669,0.7142857142857143,0.1428571428571428,0.816599428653717,0.7165994435548783
YYKGLQN,0.3754454553127289,-0.5394625067710876,0.5714285714285714,0.4285714285714285,1.2368078231811523,1.0
NHLWQFN,-4.092488765716553,0.3500025272369385,0.5714285714285714,0.4285714285714285,0.8448792099952698,0.6948791950941086
YDRWGNG,-1.4352145195007324,-0.43684589862823486,0.5714285714285714,0.4285714285714285,1.0478521585464478,0.8978521883487701
YFIKKGQ,-2.6197712421417236,0.8409609198570251,0.7142857142857143,0.2857142857142857,1.0656778812408447,0.9656779110431672
YNHKVKN,-2.4492669105529785,-0.41628479957580566,0.7142857142857143,0.4285714285714285,0.9377163648605348,0.8377163350582123
CHSRCPN,-3.386366605758667,0.2799716889858246,0.5714285714285714,0.4285714285714285,0.9150619506835938,0.7650619655847549
RVRDVSG,1.433375597000122,-3.6018764972686768,0.7142857142857143,0.5714285714285714,0.9964337944984436,0.8964337795972824
CQIVENN,-3.7065351009368896,-1.2333744764328003,0.7142857142857143,0.5714285714285714,0.7027260065078735,0.6027259767055512
YKHIGFQ,-0.990983784198761,-0.26481810212135315,0.5714285714285714,0.4285714285714285,1.1172502040863037,0.9672502636909484
MCHRSNW,-4.44587516784668,1.5950931310653687,0.7142857142857143,0.4285714285714285,0.9511248469352722,0.851124832034111
YFRSVNG,-0.45338669419288635,-0.50011146068573,0.5714285714285714,0.4285714285714285,1.1494226455688477,0.9994226455688476
GERNSSW,0.006545708980411291,-3.0131540298461914,0.5714285714285714,0.4285714285714285,0.9068666696548462,0.7568666994571686
YYIYVNN,-3.284087657928467,0.6266965866088867,0.5714285714285714,0.2857142857142857,0.9669206142425536,0.8169205844402313
FCRLSQP,-3.334235668182373,-0.5419124364852905,0.5714285714285714,0.1428571428571428,0.824826717376709,0.6748266875743866
IDKMGNN,1.2589647769927979,-3.6705033779144287,0.4285714285714285,0.0,0.9690601825714112,0.7690602123737336
HVRWGNN,-2.218045949935913,0.44397735595703125,0.5714285714285714,0.2857142857142857,1.0638811588287354,0.91388121843338
SYYRLFN,-4.237407207489014,1.2873319387435913,0.7142857142857143,0.4285714285714285,0.9383045434951782,0.8383045732975006
VYDVLEL,-2.162942409515381,-2.1320033073425293,0.7142857142857143,0.5714285714285714,0.7690448760986328,0.6690449059009552
YKHFWEH,-0.5965693593025208,-0.7121792435646057,0.7142857142857143,0.2857142857142857,1.1087566614151,1.0
TSYNRDI,0.23478136956691742,-2.672673225402832,0.7142857142857143,0.2857142857142857,0.9719743728637696,0.8719743430614472
TNIRSGW,-0.706564724445343,-2.221081256866455,0.5714285714285714,0.2857142857142857,0.9202646017074584,0.7702645719051361
YHQMNNL,0.13787738978862762,-2.298929452896118,0.5714285714285714,0.2857142857142857,1.0048844814300537,0.8548845112323761
YASRWEV,-1.2870553731918335,0.32170847058296204,0.7142857142857143,0.4285714285714285,1.1529165506362915,1.0
YSRSGTP,2.642735242843628,0.9429287314414978,0.2857142857142857,0.4285714285714285,1.6616160869598389,1.0
EYHDYQN,-2.284543037414551,-1.1884264945983887,0.7142857142857143,0.1428571428571428,0.8657878637313843,0.7657878637313843
YYKATFL,-2.4024510383605957,-0.8797305226325989,0.7142857142857143,0.4285714285714285,0.8887674808502197,0.7887674808502197
RRNMPNN,-3.444794178009033,-1.2729517221450806,0.7142857142857143,0.2857142857142857,0.7271498441696167,0.6271498292684555
QYFDSND,-2.34246563911438,-1.4463043212890625,0.7142857142857143,0.2857142857142857,0.829231858253479,0.7292318284511566
TTHRKNN,-2.3232579231262207,-0.1993398517370224,0.7142857142857143,0.2857142857142857,0.9770462512969972,0.8770462512969971
YHKLQFN,0.04549022763967514,0.5083032846450806,0.4285714285714285,0.4285714285714285,1.3226003646850586,1.0
YHSNNHN,0.3096289038658142,-2.751168966293335,0.5714285714285714,0.2857142857142857,0.9711101055145264,0.8211101353168487
YSDKSLN,0.997654139995575,-2.356111526489258,0.5714285714285714,0.2857142857142857,1.0936206579208374,0.9436206579208374
CYHKSMI,-3.111433744430542,1.6419389247894287,0.4285714285714285,0.4285714285714285,1.1046921014785769,0.9046921312808992
YVHKQMH,-0.22335763275623322,-0.827755331993103,0.7142857142857143,0.4285714285714285,1.1366723775863647,1.0
QRHRSMN,-4.578262805938721,0.44579097628593445,0.7142857142857143,0.2857142857142857,0.8021597266197205,0.7021597117185593
YHCFANE,-3.6650538444519043,-0.7883502244949341,0.5714285714285714,0.4285714285714285,0.7593216896057129,0.6093217194080353
YNEWSAE,-1.7294213771820068,-1.0153814554214478,0.7142857142857143,0.4285714285714285,0.9476113319396972,0.8476113021373749
PSHINNW,-1.2092504501342773,-1.9387023448944092,0.5714285714285714,0.2857142857142857,0.8974676132202148,0.7474675834178924
YLYRGKI,-3.9205081462860107,0.19643382728099823,0.7142857142857143,0.2857142857142857,0.8460239768028259,0.7460239917039871
YGHRNTF,-0.3660413920879364,-0.41889113187789917,0.5714285714285714,0.2857142857142857,1.168605089187622,1.0
VSEMADM,-1.0404554605484009,-3.789928674697876,0.7142857142857143,0.5714285714285714,0.6999215483665466,0.5999215632677078
YKGKAGS,-2.023890972137451,-1.1031855344772339,0.7142857142857143,0.4285714285714285,0.9046733379364014,0.804673308134079
QYSMSPV,-0.3464832901954651,-1.875504493713379,0.5714285714285714,0.2857142857142857,1.0005996227264404,0.8505996227264404
VPKKSPD,0.7771580219268799,-3.034943103790283,0.5714285714285714,0.5714285714285714,0.9898424744606018,0.8398424744606018
MSSEGNY,-0.7956504225730896,-3.3752737045288086,0.5714285714285714,0.4285714285714285,0.7755337953567505,0.6255337655544281
YPRSTKR,-4.790096282958984,0.45183345675468445,0.5714285714285714,0.2857142857142857,0.7793566584587097,0.6293566435575485
YYSTMNN,-1.190362572669983,-1.8191146850585938,0.5714285714285714,0.1428571428571428,0.9135351181030272,0.7635351479053497
LSAQGEN,-0.9495136737823486,-4.7597880363464355,0.4285714285714285,0.1428571428571428,0.5967054963111877,0.3888134028762579
LYSRQEP,0.31267035007476807,-1.1509121656417847,0.5714285714285714,0.1428571428571428,1.1584055423736572,1.0
FSRVALL,-0.4967270791530609,-1.731177568435669,0.5714285714285714,0.2857142857142857,1.0007874965667725,0.85078746676445
LQHPSQN,0.5076903104782104,-4.042067050933838,0.5714285714285714,0.4285714285714285,0.8422751426696777,0.6922751724720001
YHRRGNI,-3.0339462757110596,1.1207228899002075,0.4285714285714285,0.1428571428571428,1.0523979663848877,0.8523979365825654
YIHDSPN,-0.18483790755271912,-2.931251287460327,0.4285714285714285,0.4285714285714285,0.8951959609985352,0.6951959311962128
YNVVKNN,2.4399497509002686,-3.5736806392669678,0.5714285714285714,0.2857142857142857,1.111436128616333,0.9614360690116882
CIPMDNE,-4.577294826507568,-1.5178532600402832,0.7142857142857143,0.1428571428571428,0.5728546977043152,0.4728547051548958
FYRSNNS,0.6053791046142578,-0.754099428653717,0.7142857142857143,0.2857142857142857,1.2372496128082275,1.0
YYETRND,-0.963992714881897,-1.1077042818069458,0.7142857142857143,0.4285714285714285,1.0217714309692385,0.9217714309692384
YSRQEPA,1.5975452661514282,-1.176047682762146,0.4285714285714285,0.4285714285714285,1.2980625629425049,1.0
VYFQSNT,-1.835274577140808,0.0189734548330307,0.5714285714285714,0.2857142857142857,1.0567073822021484,0.9067074418067932
NYHRRIN,-4.108154773712158,0.18763260543346405,0.7142857142857143,0.2857142857142857,0.8241710066795349,0.7241710066795349
GAERKNP,1.6267446279525757,-2.7214434146881104,0.7142857142857143,0.5714285714285714,1.1207544803619385,1.0
YHRRNAN,-2.9905495643615723,0.7792595624923706,0.4285714285714285,0.0,1.0173208713531494,0.8173209309577942
YVHRPRN,-3.538583993911743,0.7855716347694397,0.7142857142857143,0.4285714285714285,0.9572383165359496,0.8572383165359497
YWFIRFN,-4.509754657745361,1.1716868877410889,0.5714285714285714,0.4285714285714285,0.8945690393447876,0.744569031894207
HSKMFNE,1.387312650680542,-2.921001672744751,0.7142857142857143,0.4285714285714285,1.0708683729171753,0.9708684027194976
HVAQKPN,1.3047780990600586,-4.162051200866699,0.5714285714285714,0.4285714285714285,0.9167170524597168,0.7667170524597168
VYSMGNN,0.14481550455093384,-1.5110676288604736,0.5714285714285714,0.1428571428571428,1.0977003574371338,0.9477003276348114
YHYFSWQ,-3.915431261062622,0.7771631479263306,0.5714285714285714,0.4285714285714285,0.9144339561462402,0.7644339561462402
VQHNANN,0.9493480920791626,-4.804121017456055,0.5714285714285714,0.2857142857142857,0.8022589683532715,0.6428130436688662
YVCVGTN,-3.9734392166137695,-0.12092945724725723,0.4285714285714285,0.4285714285714285,0.8030723333358765,0.6030723035335541
THRYGSN,-0.03708380088210106,0.5238268971443176,0.4285714285714285,0.2857142857142857,1.315250039100647,1.0
KHRADNE,0.39151403307914734,-1.93017578125,0.5714285714285714,0.1428571428571428,1.0761141777038574,0.9261142075061798
RGSRYDN,-0.18533091247081757,-1.9314463138580322,0.5714285714285714,0.2857142857142857,1.0119483470916748,0.8619483768939972
YGHVSVD,0.10427499562501907,-1.112677812576294,0.7142857142857143,0.4285714285714285,1.1397451162338257,1.0
YSHRKNI,-2.415219783782959,0.11544716358184814,0.7142857142857143,0.2857142857142857,1.0036170482635498,0.903616988658905
YQVRPNQ,0.8511583805084229,-2.5190887451171875,0.7142857142857143,0.4285714285714285,1.058322191238403,0.958322161436081
YGMRRMN,-2.928755760192871,-0.012240014038980007,0.5714285714285714,0.2857142857142857,0.9317078590393066,0.7817078590393066
TPRKNQW,-1.9739540815353394,-0.8263914585113525,0.7142857142857143,0.2857142857142857,0.9425531029701232,0.8425531029701233
YLSRSKM,-3.2744383811950684,0.04323297366499901,0.4285714285714285,0.4285714285714285,0.8998254537582397,0.6998254239559174
QYSNMNF,-2.3621044158935547,-0.7828278541564941,0.7142857142857143,0.4285714285714285,0.9045662879943848,0.8045662879943848
DYNTGNT,0.3928811848163605,-4.0725250244140625,0.7142857142857143,0.2857142857142857,0.8259754180908203,0.7259754478931427
YKFRGMD,-0.24282041192054749,-0.40567880868911743,0.5714285714285714,0.1428571428571428,1.183823585510254,1.0
PRFIEGS,0.271278440952301,-2.397583246231079,0.7142857142857143,0.7142857142857143,1.0081634521484375,0.9081634521484376
NYRRLGD,-0.11864238232374191,-0.4910467863082886,0.5714285714285714,0.2857142857142857,1.187631130218506,1.0
SDRQSGN,0.7524056434631348,-4.050113201141357,0.5714285714285714,0.4285714285714285,0.8684933185577393,0.7184932887554168
YFQRTSN,-0.45830437541007996,-0.020649010315537453,0.7142857142857143,0.4285714285714285,1.2048925161361694,1.0
KYPFYNN,-1.507863163948059,-0.7005045413970947,0.7142857142857143,0.4285714285714285,1.0089865922927856,0.9089865624904632
GEGNGNW,-1.247684121131897,-1.2367936372756958,0.5714285714285714,0.2857142857142857,0.9752062559127808,0.8252062261104584
HVSRSVE,0.9568665027618408,-3.070892810821533,0.5714285714285714,0.4285714285714285,1.0055862665176392,0.8555862665176391
HYKDEDC,-3.7438063621520996,-1.779789924621582,0.7142857142857143,0.2857142857142857,0.6347519755363464,0.5347519904375077
YCRTPTT,-3.1837642192840576,-1.0641697645187378,0.5714285714285714,0.2857142857142857,0.7805104851722717,0.6305104851722717
YYCWSNN,-4.527016639709473,1.575642704963684,0.4285714285714285,0.2857142857142857,0.939847469329834,0.7398474469780922
YHHRAVM,-0.9100515246391296,0.1645517200231552,0.5714285714285714,0.2857142857142857,1.1763951778411863,1.0
LSELILN,-1.5410964488983154,-4.689565181732178,0.5714285714285714,0.4285714285714285,0.5392566323280334,0.3838257487863302
YYHSSAN,-1.010111689567566,-1.217149257659912,0.4285714285714285,0.0,1.0038666725158691,0.8038667023181916
YHRVADM,0.6049614548683167,-0.646009087562561,0.4285714285714285,0.1428571428571428,1.2498314380645752,1.0
YADFINS,-1.8417057991027832,-2.846458911895752,0.7142857142857143,0.4285714285714285,0.7212255001068115,0.6212254703044892
HHCRGNE,-3.4098074436187744,-0.4487789571285248,0.5714285714285714,0.4285714285714285,0.8273205757141113,0.6773206055164337
FGSFSHS,-1.364026427268982,-2.0222327709198,0.4285714285714285,0.5714285714285714,0.8705319166183472,0.6705318868160248
YCQRFPA,-3.2676706314086914,-0.12640394270420074,0.7142857142857143,0.5714285714285714,0.8807578086853027,0.7807578384876251
VSFKGSF,-0.12492530792951584,-2.5165202617645264,0.5714285714285714,0.5714285714285714,0.9502979516983032,0.8002979516983032
NQSVMNY,-0.8152576088905334,-3.45212459564209,0.7142857142857143,0.4285714285714285,0.7643793225288391,0.6643793076276779
CSAKIWP,-3.3434877395629883,1.1255371570587158,0.5714285714285714,0.4285714285714285,1.0186078548431396,0.8686078995466232
FCSLEND,-4.204624652862549,-0.8180738687515259,0.7142857142857143,0.4285714285714285,0.6959683299064636,0.5959683150053025
FLVGASG,-0.7619112730026245,-4.459889888763428,0.5714285714285714,0.1428571428571428,0.6525624394416809,0.5025624394416809
YHRSLCN,-3.8832287788391113,1.7058110237121582,0.4285714285714285,0.1428571428571428,1.0265016555786133,0.8265016108751297
IQKLSSF,0.9080675840377808,-2.7112767696380615,0.5714285714285714,0.5714285714285714,1.042184591293335,0.8921846210956573
VFRMTGV,-0.8296635150909424,-2.5457942485809326,0.7142857142857143,0.2857142857142857,0.8686671257019043,0.7686670958995819
YSSISNN,1.191795825958252,-2.204070806503296,0.4285714285714285,0.1428571428571428,1.1329290866851809,0.9329291462898256
IPDLRSV,0.6121195554733276,-3.988241195678711,0.5714285714285714,0.5714285714285714,0.860153079032898,0.7101530641317367
NCRSGQN,-3.682343006134033,-0.758175253868103,0.4285714285714285,0.4285714285714285,0.7609282732009888,0.5609282433986664
HSQKSFM,1.26382577419281,-1.8253779411315918,0.4285714285714285,0.2857142857142857,1.1851656436920166,0.9851656436920166
YSRSDTV,1.3157987594604492,-0.2218569815158844,0.4285714285714285,0.2857142857142857,1.3782727718353271,1.0
YAHRIND,1.7971086502075195,-1.3942011594772339,0.7142857142857143,0.2857142857142857,1.2947229146957395,1.0
IYHRSVL,-2.131722927093506,1.3837871551513672,0.4285714285714285,0.2857142857142857,1.1832592487335205,0.9832591891288758
YQSRMHT,-0.15994511544704437,-1.1132420301437378,0.8571428571428571,0.4285714285714285,1.110356330871582,1.0
YSDHDNP,-0.6990914344787598,-3.12304949760437,0.7142857142857143,0.1428571428571428,0.8157171010971069,0.7157170712947846
VCLNEDS,-4.253750801086426,-2.0294647216796875,0.7142857142857143,0.5714285714285714,0.5489896535873413,0.4489896386861801
YMNSALT,0.06567888706922531,-4.007184028625488,0.7142857142857143,0.4285714285714285,0.7972967624664307,0.6972967773675919
WKRRNQH,-3.466987371444702,-0.056257035583257675,0.7142857142857143,0.4285714285714285,0.8668332099914551,0.7668331801891327
YHDQFKN,1.0452278852462769,-2.482116222381592,0.5714285714285714,0.2857142857142857,1.0841792821884155,0.9341792523860932
YKSSLHA,2.0908241271972656,-2.21228289604187,0.7142857142857143,0.4285714285714285,1.2317426204681396,1.0
YYSSAIN,-1.2451422214508057,-1.6517515182495117,0.5714285714285714,0.2857142857142857,0.927008867263794,0.7770088374614715
YHHKLEN,0.7219464182853699,-0.8345657587051392,0.5714285714285714,0.0,1.2407851219177246,1.0
HWPWGKQ,-3.969452142715454,0.01980922371149063,0.7142857142857143,0.5714285714285714,0.8199571967124939,0.7199571967124939
VYSRRGS,-2.905046224594116,1.1151326894760132,0.4285714285714285,0.4285714285714285,1.0660500526428225,0.8660499930381775
YNRNIYW,-2.408402442932129,-0.9287981986999512,0.5714285714285714,0.5714285714285714,0.8823745250701904,0.732374495267868
NYMCVVV,-4.515868663787842,-0.3260516822338104,0.7142857142857143,0.5714285714285714,0.7189098000526428,0.6189098075032234
YYHSLGN,-1.9531737565994263,-0.1868925839662552,0.5714285714285714,0.2857142857142857,1.0195719003677368,0.8695718705654144
QHHGMNM,0.7587833404541016,-3.1575448513031006,0.7142857142857143,0.2857142857142857,0.9734798073768616,0.8734798073768616
FNKFSRC,-4.217817306518555,-0.19559673964977264,0.7142857142857143,0.4285714285714285,0.7672281265258789,0.6672281414270401
VYNLSVN,-0.7926260828971863,-1.8969767093658447,0.5714285714285714,0.2857142857142857,0.948578715324402,0.7985787451267242
YHRGVNN,1.2370918989181519,0.9565274715423584,0.2857142857142857,0.1428571428571428,1.5072085857391355,1.0
FYRANNG,0.8737326264381409,-0.9461349248886108,0.5714285714285714,0.1428571428571428,1.2445955276489258,1.0
YAHNSNN,1.132102131843567,-0.8881261348724365,0.4285714285714285,0.1428571428571428,1.2800462245941162,1.0
YHSLSGQ,0.933510422706604,-1.512891411781311,0.4285714285714285,0.2857142857142857,1.1850154399871826,0.9850154995918274
IHRVSSN,1.9057568311691284,1.2876920700073242,0.2857142857142857,0.1428571428571428,1.6201059818267822,1.0
QHWRFIN,-4.245691776275635,0.8481370210647583,0.5714285714285714,0.4285714285714285,0.8860740661621094,0.736074036359787
EEYWYFN,-4.450668811798096,0.72171550989151,0.7142857142857143,0.1428571428571428,0.8485561609268188,0.7485561311244965
TYHREDD,0.5517721772193909,-1.741328239440918,0.5714285714285714,0.2857142857142857,1.1159625053405762,0.9659624457359314
KQRKEDN,-0.09634847939014435,-1.633373498916626,0.7142857142857143,0.4285714285714285,1.0566473007202148,0.9566473603248596
YDPVTHN,-0.023886580020189285,-4.275279998779297,0.7142857142857143,0.4285714285714285,0.7560352683067322,0.6560352832078934
RKVWSYH,-5.202999591827393,1.116615653038025,0.5714285714285714,0.4285714285714285,0.8111997842788696,0.6611997619271278
YSRSVDL,0.4695073962211609,1.1022011041641235,0.5714285714285714,0.2857142857142857,1.439042091369629,1.0
YHHSSMN,0.567142903804779,-0.6721303462982178,0.4285714285714285,0.1428571428571428,1.2425825595855713,1.0
YVDEQHM,-0.3383156955242157,-2.9362258911132812,0.7142857142857143,0.4285714285714285,0.8775820732116699,0.7775820732116699
QYRQVNP,1.1996148824691772,-2.409686803817749,0.5714285714285714,0.4285714285714285,1.109774827957153,0.9597748279571532
YSSRNNA,2.4634716510772705,-3.1457695960998535,0.5714285714285714,0.1428571428571428,1.1640392541885376,1.0
NYGFSWF,-4.433743953704834,0.844672441482544,0.7142857142857143,0.4285714285714285,0.8647994995117188,0.7647994995117188
EYLKTRT,0.08201686292886734,-2.0926167964935303,0.7142857142857143,0.4285714285714285,1.0227887630462646,0.92278870344162
YIVSSND,-1.0592548847198486,-4.18096399307251,0.5714285714285714,0.2857142857142857,0.652150571346283,0.5021505862474441
TAHRSST,0.7636182308197021,-1.3102167844772339,0.5714285714285714,0.2857142857142857,1.1898396015167236,1.0
HHHRMNN,-1.0559344291687012,0.6775763034820557,0.5714285714285714,0.0,1.2201420068740845,1.0
TKVSVTE,1.3401023149490356,-4.906844139099121,0.7142857142857143,0.5714285714285714,0.8336231708526611,0.7205769184976816
MYRSMSN,0.7740809321403503,-1.321968913078308,0.5714285714285714,0.2857142857142857,1.1896276473999023,1.0
CRCDSVN,-4.14031457901001,-0.565661609172821,0.7142857142857143,0.5714285714285714,0.7325946092605591,0.6325946241617203
PLRSNQN,1.6028393507003784,-2.572417736053467,0.5714285714285714,0.2857142857142857,1.1355122327804563,0.9855122625827788
NYHRRAK,-4.174372673034668,1.3030858039855957,0.5714285714285714,0.2857142857142857,0.9471405148506165,0.7971405297517776
PKSSMEF,0.7572845220565796,-3.8364031314849854,0.7142857142857143,0.5714285714285714,0.8940024375915527,0.7940024673938751
CELVPSS,-3.8387606143951416,-1.212339997291565,0.5714285714285714,0.4285714285714285,0.6905092597007751,0.5405092597007751
YPVKTHN,1.877738118171692,-2.2999510765075684,0.7142857142857143,0.1428571428571428,1.197852373123169,1.0
IYEKASQ,0.6497244238853455,-2.5519585609436035,0.5714285714285714,0.5714285714285714,1.0321271419525146,0.8821272015571594
VKHDSND,1.1351487636566162,-4.434910774230957,0.7142857142857143,0.4285714285714285,0.8660137057304382,0.7660137131810189
YNYQSTS,-0.45326587557792664,-2.1180427074432373,0.7142857142857143,0.4285714285714285,0.9604133367538452,0.8604133665561676
YHHKESN,0.7733479738235474,-1.0848013162612915,0.5714285714285714,0.0,1.217254638671875,1.0
AYHRSEP,0.9003447890281677,-0.3763788640499115,0.4285714285714285,0.2857142857142857,1.3141134977340698,1.0
YKERGTV,1.5665050745010376,-2.9221370220184326,0.5714285714285714,0.4285714285714285,1.0906221866607666,0.9406221866607666
YHYKSNG,1.8455253839492798,-0.0050577083602547646,0.4285714285714285,0.2857142857142857,1.4623897075653076,1.0
EASFVNH,-0.9670052528381348,-4.582967281341553,0.7142857142857143,0.4285714285714285,0.615422248840332,0.5137275520712137
YSKSVHN,2.4071664810180664,-1.2148815393447876,0.4285714285714285,0.2857142857142857,1.383376121520996,1.0
VYHRSPN,0.3503369390964508,1.4171596765518188,0.4285714285714285,0.1428571428571428,1.4626133441925049,1.0
NYQNFEG,-1.8696633577346802,-1.4372223615646362,0.7142857142857143,0.4285714285714285,0.8827637434005737,0.7827637732028961
YSHWSLH,-2.280080795288086,0.34642934799194336,0.5714285714285714,0.1428571428571428,1.045600175857544,0.8956001460552215
YNRSGNY,0.8145571351051331,-0.8207428455352783,0.4285714285714285,0.2857142857142857,1.2526779174804688,1.0
YYHNENN,-1.5658663511276245,-0.912361204624176,0.5714285714285714,0.1428571428571428,0.9777982234954834,0.8277982234954834
YLHRPYM,-2.527958869934082,-0.5543954372406006,0.5714285714285714,0.4285714285714285,0.9128476977348328,0.7628476977348327
NTKSMEN,-0.004722102079540491,-3.832453727722168,0.5714285714285714,0.4285714285714285,0.8098975419998169,0.6598975270986557
QIRSQGN,1.7593713998794556,-3.080415964126587,0.5714285714285714,0.2857142857142857,1.0935344696044922,0.9435344994068146
TYRKNQP,-0.9741560220718384,0.3213953971862793,0.5714285714285714,0.4285714285714285,1.1876051425933838,1.0
RFDGLKN,0.9463411569595337,-2.43019962310791,0.7142857142857143,0.4285714285714285,1.079270362854004,0.9792703330516817
RTRVNDW,-1.1778838634490967,-1.2514196634292603,0.7142857142857143,0.5714285714285714,0.9812437295913696,0.881243759393692
HHRRNGN,-2.7277231216430664,1.195970058441162,0.5714285714285714,0.2857142857142857,1.0951732397079468,0.9451732695102693
VKWWMVN,-3.9056270122528076,1.4421849250793457,0.7142857142857143,0.4285714285714285,0.9932165145874025,0.8932164996862412
QPLNMNG,0.715164840221405,-4.3121185302734375,0.7142857142857143,0.4285714285714285,0.833750307559967,0.7337502926588059
YHRSAIN,0.9997660517692566,1.314184308052063,0.4285714285714285,0.0,1.5226554870605469,1.0
THRTDHL,0.21068677306175232,-2.3449413776397705,0.7142857142857143,0.4285714285714285,1.0075892210006714,0.9075892508029938
YRVSWEW,-2.5190489292144775,0.5375726819038391,0.7142857142857143,0.4285714285714285,1.0414111614227295,0.9414111316204072
YHWSDTP,-2.2755072116851807,0.4982556104660034,0.5714285714285714,0.2857142857142857,1.0638456344604492,0.9138456046581268
VYSLKIP,-0.11297287046909332,-1.995840072631836,0.5714285714285714,0.4285714285714285,1.0124554634094238,0.8624554932117462
ISDSQSF,-0.8108389377593994,-3.246429204940796,0.5714285714285714,0.2857142857142857,0.7889010906219482,0.6389010608196258
VHHRMLN,-0.4487835466861725,0.167263463139534,0.5714285714285714,0.1428571428571428,1.227902889251709,1.0
VWLRFMD,-3.9263532161712646,0.9932093620300293,0.5714285714285714,0.5714285714285714,0.938462495803833,0.7884625107049942
YHARAAT,0.721588671207428,-1.0829086303710938,0.7142857142857143,0.2857142857142857,1.2117315530776978,1.0
TVAYACM,-3.6348133087158203,-0.7229299545288086,0.5714285714285714,0.2857142857142857,0.7703207731246948,0.6203207433223724
YHVLVIN,-2.356095790863037,-1.7214350700378418,0.4285714285714285,0.2857142857142857,0.7955756783485413,0.5955756783485413
YKRLWFW,-4.675325870513916,0.24333572387695312,0.5714285714285714,0.5714285714285714,0.767734944820404,0.617734944820404
YQTRSNN,1.5622648000717163,-1.2024122476577759,0.4285714285714285,0.1428571428571428,1.2910670042037964,1.0
DHFLEII,-2.8240959644317627,-3.5051193237304688,0.7142857142857143,0.5714285714285714,0.5352500081062317,0.4352499932050705
FHRSGSN,0.6982167363166809,-0.47202858328819275,0.4285714285714285,0.0,1.2805068492889404,1.0
VPAQVIE,-0.984851062297821,-4.625683307647705,0.7142857142857143,0.4285714285714285,0.608451247215271,0.5052594047039747
QHRSHTR,-4.118102073669434,0.4280657172203064,0.5714285714285714,0.4285714285714285,0.8511568307876587,0.7011568307876587
QYSRSNN,1.1347072124481201,2.8329105377197266,0.5714285714285714,0.1428571428571428,1.7150638103485107,1.0
YYDVGKN,0.43450218439102173,-1.895039439201355,0.5714285714285714,0.2857142857142857,1.0849899053573608,0.9349899351596832
YYYRPYN,-3.052095890045166,0.36430633068084717,0.7142857142857143,0.1428571428571428,0.962011694908142,0.8620116651058197
TLHRSVE,1.0211377143859863,-0.2162584662437439,0.5714285714285714,0.2857142857142857,1.3462257385253906,1.0
IPRFHSP,0.25459927320480347,-1.9265048503875732,0.7142857142857143,0.4285714285714285,1.0613484382629397,0.9613484978675844
YNKMGGN,3.004228115081787,-2.924933433532715,0.4285714285714285,0.4285714285714285,1.249851942062378,1.0
KEFWSND,-1.9344533681869507,0.1727738082408905,0.5714285714285714,0.5714285714285714,1.063669204711914,0.913669204711914
VYGRGGN,2.0044100284576416,-1.2239900827407837,0.5714285714285714,0.2857142857142857,1.33761465549469,1.0
MVKDSDN,0.455829918384552,-4.361177444458008,0.5714285714285714,0.4285714285714285,0.7992382049560547,0.6492381751537323
EWCRYVC,-5.221789360046387,0.9836184978485107,0.7142857142857143,0.4285714285714285,0.7935764789581299,0.6935764640569687
PYEREDQ,-0.6110318303108215,-3.217275857925415,0.7142857142857143,0.4285714285714285,0.8144813179969788,0.7144813179969788
VEDVKKN,1.2879918813705444,-3.450206756591797,0.7142857142857143,0.5714285714285714,0.9980189204216005,0.8980189055204392
TYPRSHL,-0.2914386987686157,-0.09278371930122375,0.5714285714285714,0.1428571428571428,1.2149834632873535,1.0
HVHRCTK,-4.515102386474609,0.7777748107910156,0.7142857142857143,0.4285714285714285,0.8479548096656799,0.7479548022150994
YPRVALN,0.48690035939216614,-3.3984923362731934,0.4285714285714285,0.1428571428571428,0.9151567220687866,0.7151567369699479
YTHLGAN,0.6610015630722046,-1.4623736143112183,0.5714285714285714,0.2857142857142857,1.160674810409546,1.0
YYHSGAN,-1.0693490505218506,-1.4004476070404053,0.4285714285714285,0.1428571428571428,0.97587788105011,0.7758778512477875
HHCRSIP,-3.469982385635376,0.8345867991447449,0.5714285714285714,0.4285714285714285,0.9705780148506165,0.8205780148506164
YYQMNLA,-2.381047487258911,-0.6907351016998291,0.5714285714285714,0.2857142857142857,0.913223147392273,0.7632231771945953
NYYRSNN,-1.027109980583191,1.1458299160003662,0.5714285714285714,0.1428571428571428,1.27804696559906,1.0
YYKRTTH,-4.141641139984131,0.7583181858062744,0.5714285714285714,0.4285714285714285,0.8871278762817383,0.7371278464794159
IYHEGGN,-0.15165644884109497,-3.129526138305664,0.7142857142857143,0.2857142857142857,0.8757139444351196,0.7757139444351197
VASRSSH,0.5150088667869568,-2.269866943359375,0.5714285714285714,0.1428571428571428,1.0501333475112915,0.9001333773136139
LNARGVN,2.467578649520874,-3.7177939414978027,0.2857142857142857,0.4285714285714285,1.097665548324585,0.8476655632257462
HHHRWNN,-2.345919609069824,0.603314995765686,0.5714285714285714,0.1428571428571428,1.0683053731918335,0.918305402994156
YHRSCIQ,-3.832934856414795,1.0589241981506348,0.5714285714285714,0.2857142857142857,0.956507444381714,0.8065074443817138
LYHRSAN,0.4936307370662689,1.1557209491729736,0.5714285714285714,0.1428571428571428,1.447972059249878,1.0
VFRRSSN,-2.6882083415985107,1.0683656930923462,0.4285714285714285,0.2857142857142857,1.0846505165100098,0.8846505463123322
YILFSNF,-3.993112802505493,0.9859865307807922,0.5714285714285714,0.4285714285714285,0.9302098155021667,0.7802098155021667
FYNVASV,-2.204343557357788,-1.6750423908233643,0.7142857142857143,0.4285714285714285,0.8178369998931885,0.7178369700908661
YLHRDGC,-3.2928640842437744,-0.49089768528938293,0.7142857142857143,0.4285714285714285,0.8353780508041382,0.7353780806064606
WYSFSSN,-2.871018886566162,0.18007317185401917,0.5714285714285714,0.2857142857142857,0.9605833292007446,0.810583359003067
EHHNKQE,1.6832408905029297,-2.9641432762145996,0.7142857142857143,0.5714285714285714,1.0986697673797607,0.9986697971820832
YSRNMSK,-2.732719898223877,0.49297359585762024,0.4285714285714285,0.2857142857142857,1.0124876499176023,0.8124877095222474
CSSSSAG,-3.646247625350952,-0.9566130042076111,0.7142857142857143,0.4285714285714285,0.7417505979537964,0.6417505979537964
YCRRMGN,-4.518312931060791,0.797925591468811,0.5714285714285714,0.1428571428571428,0.8499526977539062,0.6999527052044868
HTTRDNN,1.2207915782928467,-4.351844787597656,0.7142857142857143,0.4285714285714285,0.8852227926254272,0.7852228075265885
EQHRSEK,0.6380680203437805,-1.4945138692855835,0.7142857142857143,0.4285714285714285,1.1543748378753662,1.0
FYWQGNN,-3.2430193424224854,0.09685442596673965,0.7142857142857143,0.1428571428571428,0.9095768332481384,0.8095768332481384
INRLESA,1.133852243423462,-4.77309513092041,0.5714285714285714,0.1428571428571428,0.8263596892356873,0.6680012051016092
IFSGGNK,0.17219321429729462,-3.8621771335601807,0.5714285714285714,0.1428571428571428,0.8260587453842163,0.6760587155818939
ICSKSLN,-3.899146556854248,0.23054051399230957,0.4285714285714285,0.4285714285714285,0.852379322052002,0.6523793071508408
YTSAEEI,-0.9931762218475342,-4.30369758605957,0.7142857142857143,0.1428571428571428,0.6451449394226074,0.5451449096202851
YYHQKDN,-0.2443239837884903,-1.1222047805786133,0.7142857142857143,0.2857142857142857,1.099945068359375,0.9999450087547302
YAHRSSN,1.656024694442749,0.49888747930526733,0.4285714285714285,0.0,1.500235080718994,1.0
YNHVTIH,-0.48843705654144287,-1.8844220638275146,0.7142857142857143,0.5714285714285714,0.9838038682937622,0.8838038980960846
VHLVDAS,-0.6449466943740845,-4.226391315460205,0.7142857142857143,0.4285714285714285,0.6928226351737976,0.5928226351737976
TMQRDNP,1.1571300029754639,-4.896641254425049,0.7142857142857143,0.1428571428571428,0.8145092129707336,0.7018205318599939
NTHNSGC,-3.957857131958008,-0.6063124537467957,0.7142857142857143,0.4285714285714285,0.7480942606925964,0.6480942457914353
DHCRDGN,-3.3985204696655273,-1.0000895261764526,0.5714285714285714,0.4285714285714285,0.7641636729240417,0.6141636580228805
TDRVASN,0.4512832462787628,-4.177822589874268,0.5714285714285714,0.2857142857142857,0.8201549053192139,0.6701548904180527
DDLRSSL,-0.017259234562516212,-3.519331693649292,0.7142857142857143,0.4285714285714285,0.8450881838798523,0.7450881987810135
MNRLSGP,2.9286837577819824,-3.3565266132354736,0.5714285714285714,0.4285714285714285,1.191045165061951,1.0
QYHRFNN,-1.6124298572540283,0.7129106521606445,0.7142857142857143,0.2857142857142857,1.162511110305786,1.0
ESDASTE,-1.296923041343689,-4.835667610168457,0.7142857142857143,0.2857142857142857,0.5492855310440063,0.4387339081615209
MYPRWNW,-3.199711561203003,0.9033715724945068,0.7142857142857143,0.4285714285714285,1.0086084604263306,0.908608490228653
YVRRSPN,-2.269237518310547,1.0291739702224731,0.4285714285714285,0.1428571428571428,1.1265685558319092,0.9265685558319092
AYRSTFR,-4.4351348876953125,0.33688101172447205,0.7142857142857143,0.2857142857142857,0.8053199052810669,0.7053199201822281
THRRDNC,-3.4989399909973145,-0.6357879042625427,0.5714285714285714,0.2857142857142857,0.7955806255340576,0.6455805957317352
VLFPGVN,-2.284716844558716,-3.0575947761535645,0.5714285714285714,0.4285714285714285,0.6473937630653381,0.4973937630653381
NEHRGSV,0.9905983209609985,-3.4080445766448975,0.7142857142857143,0.2857142857142857,0.9699403643608092,0.8699403643608093
CMYSDNW,-4.241025447845459,0.6988300085067749,0.8571428571428571,0.4285714285714285,0.8691483736038208,0.8191483587026596
TLGRQNT,1.4495108127593994,-3.7096168994903564,0.5714285714285714,0.1428571428571428,0.9856371283531188,0.8356371134519577
YHSRGTI,0.7774285674095154,-1.3788591623306274,0.5714285714285714,0.2857142857142857,1.1833527088165283,1.0
YSKLNNN,3.4228482246398926,-1.002302885055542,0.2857142857142857,0.2857142857142857,1.520930528640747,1.0
YHSRNLN,0.7597156763076782,-0.6238921284675598,0.5714285714285714,0.2857142857142857,1.26958966255188,1.0
NHSRSGS,1.053146243095398,-1.8946555852890015,0.7142857142857143,0.2857142857142857,1.153691053390503,1.0
IHSRNEN,0.9047713875770569,-2.675177574157715,0.5714285714285714,0.2857142857142857,1.0460362434387207,0.8960362434387207
VSHYDSI,-0.34782126545906067,-2.4555718898773193,0.7142857142857143,0.5714285714285714,0.932681918144226,0.8326818883419037
YYHDKEP,0.1960853636264801,-1.0485117435455322,0.7142857142857143,0.4285714285714285,1.157430648803711,1.0
HHRHKNN,-2.1299827098846436,1.0505613088607788,0.4285714285714285,0.2857142857142857,1.1445214748382568,0.9445215344429015
YHGRLNN,0.9069392681121826,0.31332147121429443,0.4285714285714285,0.1428571428571428,1.3954229354858398,1.0
NYSRSTE,0.9810929894447327,1.0535708665847778,0.5714285714285714,0.2857142857142857,1.490135669708252,1.0
YSRRSNS,-1.8741027116775513,0.7543720006942749,0.4285714285714285,0.2857142857142857,1.138314962387085,0.938314962387085
VGSRSGV,1.8319591283798218,-3.296792984008789,0.5714285714285714,0.2857142857142857,1.0763108730316162,0.926310932636261
YYPHPNN,-0.8094301819801331,-1.468390941619873,0.5714285714285714,0.2857142857142857,0.9967855215072632,0.8467854917049408
YYRRSNN,-3.154005289077759,0.9878677725791931,0.2857142857142857,0.1428571428571428,1.0235525369644165,0.7735525667667389
VHHMTPN,0.28011354804039,-2.6368813514709473,0.5714285714285714,0.4285714285714285,0.981186866760254,0.8311868369579315
YYHNSLN,-1.7054492235183716,-0.7339464426040649,0.5714285714285714,0.1428571428571428,0.98315167427063,0.8331517040729522
YHEESNN,-0.6829982399940491,-3.1487486362457275,0.2857142857142857,0.2857142857142857,0.814500629901886,0.564500629901886
YYRRGNP,-2.8123281002044678,0.7973528504371643,0.5714285714285714,0.1428571428571428,1.0392135381698608,0.8892135083675384
YHHRSCW,-4.6683807373046875,1.2931957244873047,0.5714285714285714,0.2857142857142857,0.891160786151886,0.7411608010530472
PYHRSGI,0.16169461607933044,1.1993396282196045,0.5714285714285714,0.1428571428571428,1.416230320930481,1.0
FHNLSNN,0.352180153131485,-3.3334848880767822,0.2857142857142857,0.2857142857142857,0.9078004956245422,0.6578004956245422
YHRRNVN,-2.7213644981384277,0.4262138307094574,0.4285714285714285,0.1428571428571428,1.0059483051300049,0.8059483647346497
YYRSNNN,0.22308918833732605,0.46067941188812256,0.4285714285714285,0.1428571428571428,1.3367462158203125,1.0
YYSRSED,-0.20451906323432922,0.35678979754447937,0.5714285714285714,0.2857142857142857,1.277153253555298,1.0
YAHRSPN,1.7157931327819824,0.9695173501968384,0.2857142857142857,0.1428571428571428,1.5618517398834229,1.0
YHRRNDN,-0.9469887614250183,0.5980067253112793,0.4285714285714285,0.1428571428571428,1.2229366302490234,1.0
YNRGSNN,2.4674289226531982,-0.9176746606826782,0.2857142857142857,0.1428571428571428,1.4247866868972778,1.0
AYRRSLN,-3.867351770401001,0.7449509501457214,0.5714285714285714,0.2857142857142857,0.9160064458847046,0.7660064309835434
YHRLFYN,-3.123584032058716,1.605269193649292,0.2857142857142857,0.2857142857142857,1.0990595817565918,0.8490596413612366
IYHRGGQ,0.6849725842475891,0.4023715853691101,0.7142857142857143,0.2857142857142857,1.3811931610107422,1.0
YHYSSNN,-0.049513690173625946,-0.6475648283958435,0.2857142857142857,0.1428571428571428,1.1770169734954834,0.9270169138908386
FTKRGGG,-1.0955009460449219,-1.771988034248352,0.7142857142857143,0.4285714285714285,0.9295685291290284,0.8295685291290283
DHHEMSL,-0.8225629329681396,-4.289557933807373,0.5714285714285714,0.4285714285714285,0.6657313108444214,0.515731281042099
YHRRGNN,-2.507068634033203,1.5754815340042114,0.2857142857142857,0.1428571428571428,1.1639994382858276,0.91399946808815
IYHSSSV,-0.5478976964950562,-2.4121005535125732,0.4285714285714285,0.2857142857142857,0.9155564308166504,0.7155564308166504
YHKKSDN,0.40364864468574524,-0.6999666690826416,0.4285714285714285,0.2857142857142857,1.2211861610412598,1.0
NYMRSNI,0.3425760567188263,-0.324022501707077,0.5714285714285714,0.2857142857142857,1.25832998752594,1.0
HKRRANN,-3.505606174468994,1.2959835529327393,0.5714285714285714,0.2857142857142857,1.0205295085906982,0.870529493689537
LHHGANN,0.4512423574924469,-3.1102592945098877,0.5714285714285714,0.4285714285714285,0.9448736906051636,0.7948737204074859
YSRRNSN,-1.94182550907135,0.5690571665763855,0.2857142857142857,0.2857142857142857,1.1091487407684326,0.8591488003730774
INERNVV,0.6589292287826538,-3.6783218383789062,0.7142857142857143,0.4285714285714285,0.9015557765960692,0.8015557616949082
YYRRMIN,-4.343338966369629,0.33555591106414795,0.5714285714285714,0.2857142857142857,0.8153524994850159,0.6653524994850158
YSSLSNS,1.0785341262817383,-1.8901270627975464,0.4285714285714285,0.1428571428571428,1.1570374965667725,0.9570375561714172
YSSLSGN,1.1136195659637451,-1.7764127254486084,0.4285714285714285,0.1428571428571428,1.174216628074646,0.9742165982723237
TFHKMSN,1.3891152143478394,-0.7928480505943298,0.5714285714285714,0.4285714285714285,1.3197004795074463,1.0
VQRVGVN,2.1313657760620117,-3.281951427459717,0.4285714285714285,0.4285714285714285,1.1112725734710691,0.9112725734710694
GHHSSNN,0.4030606150627136,-2.7667007446289062,0.4285714285714285,0.1428571428571428,0.9796644449234008,0.7796644449234009
LSRASAS,1.9456812143325806,-1.959853172302246,0.4285714285714285,0.4285714285714285,1.2451261281967163,1.0
VSSRNIV,1.5321789979934692,-3.1709237098693848,0.5714285714285714,0.2857142857142857,1.0577470064163208,0.9077470064163208
TSHSNIN,-0.20203077793121338,-3.582895278930664,0.5714285714285714,0.2857142857142857,0.8171564340591431,0.6671564042568207
MFRANAN,1.719496250152588,-2.7847204208374023,0.5714285714285714,0.4285714285714285,1.1236553192138672,0.9736553192138672
YHRDSNE,1.4201881885528564,-1.2580152750015259,0.2857142857142857,0.2857142857142857,1.268803358078003,1.0
YYRRSLN,-3.5885915756225586,0.8467077612876892,0.4285714285714285,0.1428571428571428,0.9588310718536376,0.7588310867547989
AFMFMEN,-4.065200328826904,-0.9138742685317993,0.7142857142857143,0.5714285714285714,0.7002490162849426,0.6002490311861038
VMSKSNN,1.7383067607879639,-3.3296008110046387,0.5714285714285714,0.2857142857142857,1.0620845556259155,0.9120845705270768
TVRRSVT,-2.3406388759613037,-1.2560226917266846,0.5714285714285714,0.4285714285714285,0.851665198802948,0.701665198802948
HYHRLNN,-1.3557946681976318,0.7830286622047424,0.7142857142857143,0.1428571428571428,1.1991839408874512,1.0
YHLRSNN,0.6369304656982422,0.23447659611701965,0.2857142857142857,0.1428571428571428,1.3562464714050293,1.0
VSSMDED,-0.5237711071968079,-4.126598358154297,0.7142857142857143,0.4285714285714285,0.7179292440414429,0.6179292738437653
YYSHLRI,-2.605248212814331,-0.7665939331054688,0.5714285714285714,0.5714285714285714,0.8794791102409363,0.7294791102409363
YHRSEEN,1.0684833526611328,-0.5304694771766663,0.4285714285714285,0.2857142857142857,1.3147709369659424,1.0
NHRRGNN,-3.357834577560425,0.446394681930542,0.4285714285714285,0.1428571428571428,0.9376716017723083,0.7376716166734696
VHHSGLI,-0.2733108401298523,-2.633652687072754,0.5714285714285714,0.2857142857142857,0.9201458096504213,0.7701458096504211
PYHNRNQ,-0.3126418888568878,-1.07691490650177,0.7142857142857143,0.4285714285714285,1.0976543426513672,0.997654402256012
YYHLSAN,-1.7887277603149414,-0.20755498111248016,0.4285714285714285,0.1428571428571428,1.035407781600952,0.835407841205597
YYHRTNI,-1.4247022867202759,0.3336341679096222,0.5714285714285714,0.1428571428571428,1.1390340328216553,0.9890340030193328
YSRLLSN,1.4431078433990479,2.732731342315674,0.2857142857142857,0.2857142857142857,1.7375855445861816,1.0
YHRRVNE,-0.1801682412624359,0.583049476146698,0.4285714285714285,0.2857142857142857,1.3062896728515625,1.0
IHHGSAN,0.4667063355445862,-3.3397841453552246,0.5714285714285714,0.2857142857142857,0.9197744727134703,0.7697744727134704
YYHKMNN,-0.28448182344436646,-1.0837185382843018,0.5714285714285714,0.1428571428571428,1.0999847650527954,0.9499847650527954
NYKLGGN,1.5140931606292725,-3.184617280960083,0.5714285714285714,0.4285714285714285,1.0541400909423828,0.9041401207447052
THRSSNA,1.5382204055786133,-1.8069307804107666,0.4285714285714285,0.2857142857142857,1.2177727222442627,1.0
YYHGSSN,-1.2360739707946777,-0.7319837808609009,0.5714285714285714,0.1428571428571428,1.0354715585708618,0.8854715883731842
YSHVGNN,1.4136927127838135,-0.799207329750061,0.4285714285714285,0.2857142857142857,1.3216850757598877,1.0
QYSRSVN,1.4998806715011597,2.811450481414795,0.4285714285714285,0.1428571428571428,1.7530829906463623,1.0
WEHVRIP,-2.0757946968078613,-0.7581719160079956,0.5714285714285714,0.5714285714285714,0.9392210245132446,0.7892210245132446
YSRRGTH,-3.632336139678955,1.3161603212356567,0.4285714285714285,0.2857142857142857,1.0088224411010742,0.8088224411010743
YYRAHSF,-2.223862409591675,0.11199714243412018,0.5714285714285714,0.2857142857142857,1.0244505405426023,0.8744505107402801
YYRHNYN,-0.9296095371246338,-0.18042239546775818,0.4285714285714285,0.2857142857142857,1.1339213848114014,0.9339214444160462
YHHRSNI,-0.588639497756958,1.197286605834961,0.4285714285714285,0.1428571428571428,1.3327194452285769,1.0
VGHRSHN,0.4584795832633972,-1.5417311191558838,0.5714285714285714,0.2857142857142857,1.1289279460906982,0.9789279162883758
YQHALNM,0.1849248856306076,-3.2402455806732178,0.7142857142857143,0.4285714285714285,0.9001319408416748,0.8001319110393524
GYHRSDN,0.5623376965522766,-0.7968887686729431,0.5714285714285714,0.2857142857142857,1.2274738550186155,1.0
YYHNSRT,-1.0977391004562378,-0.3953976631164551,0.5714285714285714,0.2857142857142857,1.0901471376419067,0.9401471078395844
QSHRCGS,-3.6466422080993652,0.08106518536806107,0.5714285714285714,0.2857142857142857,0.8629387021064758,0.712938717007637
VSRSQSN,1.6950322389602661,-2.890348434448242,0.5714285714285714,0.2857142857142857,1.1085997819900513,0.9585998117923736
EYQSLNE,-1.2961797714233398,-2.325662612915039,0.7142857142857143,0.4285714285714285,0.8426117300987244,0.7426117300987244
NSSRSNF,1.2622793912887573,-3.349342107772827,0.5714285714285714,0.2857142857142857,1.0069494247436523,0.8569494098424911
THHGMEV,-0.31787022948265076,-3.9664297103881836,0.5714285714285714,0.4285714285714285,0.7594923973083496,0.6094923973083496
LMRRNNI,-1.7026045322418213,-1.0625641345977783,0.7142857142857143,0.4285714285714285,0.9450750350952148,0.8450750350952149
YYYSSGG,-1.6817175149917603,-0.9774341583251953,0.5714285714285714,0.2857142857142857,0.9573387503623962,0.8073387503623962
VQRRMIF,-4.055877208709717,-0.8218217492103577,0.7142857142857143,0.5714285714285714,0.7120382189750671,0.6120382338762284
YYHNNNN,-0.7427060008049011,-1.0428590774536133,0.5714285714285714,0.1428571428571428,1.0539052486419678,0.9039053082466124
YYHKNAR,-3.6457479000091553,0.7186625599861145,0.5714285714285714,0.4285714285714285,0.9375284910202026,0.7875284612178802
YSHRNNI,0.9515644311904907,-0.7827166318893433,0.5714285714285714,0.1428571428571428,1.2723252773284912,1.0
YSRRKNN,-2.184572219848633,1.9606754779815674,0.4285714285714285,0.2857142857142857,1.2447917461395264,1.0
GYRRSSG,-1.9485247135162354,0.5620203614234924,0.5714285714285714,0.2857142857142857,1.1075832843780518,0.9575832545757292
HYRRSNV,-4.442675590515137,0.9613382816314697,0.5714285714285714,0.2857142857142857,0.8774383068084717,0.7274383068084717
YYHMQND,-1.9313414096832275,-1.4325480461120605,0.7142857142857143,0.2857142857142857,0.8764649629592896,0.7764649629592896
PYRSENP,0.5265897512435913,-2.476677417755127,0.7142857142857143,0.4285714285714285,1.027256965637207,0.927256965637207
YLSKCNN,-3.601374626159668,-1.1435742378234863,0.5714285714285714,0.2857142857142857,0.7248878479003906,0.574887877702713
YHRGSNE,2.2763750553131104,-0.32973647117614746,0.2857142857142857,0.1428571428571428,1.472272515296936,1.0
YHHRDHN,0.07147017121315002,-0.11401591449975967,0.5714285714285714,0.2857142857142857,1.2527780532836914,1.0
FHSGMGN,0.7394312024116516,-3.134392261505127,0.7142857142857143,0.4285714285714285,0.9740370512008668,0.8740370512008667
VSRRMNN,-2.7277610301971436,-0.7649368643760681,0.5714285714285714,0.2857142857142857,0.8660764098167419,0.7160764098167419
TSRKGSN,-2.195606231689453,-0.3787204623222351,0.4285714285714285,0.4285714285714285,0.9702558517456056,0.7702558517456055
YYWRSPI,-3.843137502670288,1.746309757232666,0.5714285714285714,0.4285714285714285,1.0356823205947876,0.88568235039711
YYHTIGN,-1.7211400270462036,-0.6590214967727661,0.7142857142857143,0.2857142857142857,0.9901638627052308,0.8901638627052307
YHHRNSI,-0.7068536281585693,0.4245675206184387,0.7142857142857143,0.2857142857142857,1.2293235063552856,1.0
YHRRANW,-3.381169080734253,1.2077558040618896,0.4285714285714285,0.2857142857142857,1.0240317583084106,0.8240317285060883
YHHRVLN,-0.3674769103527069,0.5716975927352905,0.5714285714285714,0.2857142857142857,1.284176230430603,1.0
YHHSSNN,0.576410174369812,-0.5628306865692139,0.2857142857142857,0.0,1.256380558013916,1.0
YHKRSNN,-2.2904536724090576,1.2618070840835571,0.2857142857142857,0.1428571428571428,1.1513925790786743,0.901392549276352
YLRRQEI,-0.2329282909631729,-0.9650377631187439,0.5714285714285714,0.2857142857142857,1.1195714473724363,0.9695715069770812
YSHRAMT,0.6597850322723389,0.21012796461582184,0.5714285714285714,0.4285714285714285,1.3559380769729614,1.0
YSHRHTP,-0.10936587303876877,-0.10695494711399078,0.7142857142857143,0.4285714285714285,1.2335340976715088,1.0
YLRRSSN,-2.8241097927093506,1.0180288553237915,0.4285714285714285,0.2857142857142857,1.0636875629425049,0.8636875331401825
YSAVHSG,1.5190234184265137,-3.396113872528076,0.7142857142857143,0.4285714285714285,1.0299781560897827,0.9299781113862992
ELSRSGK,0.42540648579597473,-2.553720474243164,0.5714285714285714,0.4285714285714285,1.0070269107818604,0.8570268809795379
NYHRSHN,-0.45789796113967896,0.7427242994308472,0.5714285714285714,0.1428571428571428,1.2941224575042725,1.0
YYHDLNS,-2.086383581161499,0.10700870305299759,0.7142857142857143,0.2857142857142857,1.0391249656677246,0.9391249358654022
IYSRSAN,1.4985451698303223,2.275128126144409,0.4285714285714285,0.1428571428571428,1.6902763843536377,1.0
YSHISNV,0.34758490324020386,-1.3603150844573975,0.5714285714285714,0.2857142857142857,1.1378158330917358,0.9878158032894134
YYRRSED,-0.7940244674682617,0.6243729591369629,0.5714285714285714,0.1428571428571428,1.242992639541626,1.0
YHHNNNN,-0.21590466797351837,-1.4983593225479126,0.4285714285714285,0.1428571428571428,1.0591528415679932,0.8591528415679932
YHRSGMN,1.089356541633606,1.3238250017166138,0.2857142857142857,0.1428571428571428,1.5337244272232056,1.0
YHHKSNW,-0.3905576169490814,0.733599066734314,0.4285714285714285,0.2857142857142857,1.300529718399048,1.0
YFRKSSV,-2.74688458442688,1.0804029703140259,0.5714285714285714,0.4285714285714285,1.079545021057129,0.9295450508594512
YHSRGHS,0.3751332759857178,0.3319586515426636,0.5714285714285714,0.2857142857142857,1.3385813236236572,1.0
YYHRNNF,-1.6789352893829346,0.33835557103157043,0.7142857142857143,0.1428571428571428,1.1113711595535278,1.0
VYRNGNN,2.4319822788238525,-0.972673237323761,0.5714285714285714,0.2857142857142857,1.4144272804260254,1.0
YHKSSNN,2.1118805408477783,0.12662790715694427,0.2857142857142857,0.1428571428571428,1.5073342323303225,1.0
QYHRSMN,-0.031541626900434494,0.47515419125556946,0.5714285714285714,0.2857142857142857,1.3101787567138672,1.0
YYHSSSN,-1.213344693183899,-0.7225702404975891,0.4285714285714285,0.1428571428571428,1.039093852043152,0.8390938222408295
FHRDSSN,1.6495839357376099,-1.893965721130371,0.2857142857142857,0.1428571428571428,1.2199634313583374,0.969963401556015
YMSKSGN,2.1218371391296387,-2.609133720397949,0.5714285714285714,0.2857142857142857,1.1888203620910645,1.0
YYGYLSN,-2.98331356048584,0.13288985192775726,0.7142857142857143,0.4285714285714285,0.9426085948944092,0.8426085948944092
YHHSGGD,0.3280666768550873,-2.68182110786438,0.4285714285714285,0.4285714285714285,0.9812582731246948,0.7812582731246949
ISRALNP,2.272662878036499,-3.2300362586975098,0.5714285714285714,0.2857142857142857,1.1330187320709229,0.9830187916755676
YHRRLEH,-1.9884132146835327,0.7383434176445007,0.4285714285714285,0.2857142857142857,1.1237562894821167,0.9237562596797944
LRSRSNN,-4.301135063171387,0.4364031255245209,0.5714285714285714,0.2857142857142857,0.831818163394928,0.681818163394928
VSRFLNT,0.15995030105113983,-1.9480565786361694,0.7142857142857143,0.4285714285714285,1.04832661151886,0.9483265817165376
FHAKVVN,1.180069088935852,-2.0227179527282715,0.5714285714285714,0.4285714285714285,1.1528152227401731,1.0
YTHLMWN,-4.04188871383667,0.10994208604097366,0.5714285714285714,0.4285714285714285,0.8224484920501709,0.6724485218524933
YVSRQHN,0.1880495697259903,-0.6039825677871704,0.7142857142857143,0.4285714285714285,1.2084732055664062,1.0
EVHKGNN,1.4003773927688599,-3.065716505050659,0.7142857142857143,0.4285714285714285,1.0554112195968628,0.9554112195968628
YYRRSVN,-3.414965867996216,0.7488192319869995,0.4285714285714285,0.1428571428571428,0.9666634798049928,0.7666634798049927
YSHSGNV,1.3091524839401245,-1.033141016960144,0.5714285714285714,0.2857142857142857,1.2827528715133667,1.0
GPRMNDN,0.31421953439712524,-3.978355646133423,0.5714285714285714,0.4285714285714285,0.8282474279403687,0.6782474428415298
YHRRASN,-3.450451374053955,1.3197987079620361,0.4285714285714285,0.2857142857142857,1.029432773590088,0.8294328331947327
YHHNNNN,-0.21590466797351837,-1.4983593225479126,0.4285714285714285,0.1428571428571428,1.0591528415679932,0.8591528415679932
YYHANSN,-0.8370262980461121,-1.0787382125854492,0.4285714285714285,0.1428571428571428,1.0392460823059082,0.8392460227012635
YYSRSGN,0.733134388923645,0.07231447100639343,0.5714285714285714,0.1428571428571428,1.3479773998260498,1.0
LYSRLDS,-0.48428940773010254,1.5448811054229736,0.5714285714285714,0.4285714285714285,1.3849095106124878,1.0
YYRRNNE,-0.6841281652450562,0.19752727448940277,0.5714285714285714,0.1428571428571428,1.2053203582763672,1.0
EHHRSVV,0.5077064037322998,-1.4473932981491089,0.5714285714285714,0.2857142857142857,1.1454124450683594,0.995412504673004
YYSRSNL,-0.5768589973449707,0.08583039790391922,0.5714285714285714,0.1428571428571428,1.2041754722595217,1.0
YSVKSWT,-0.587570071220398,1.3852274417877197,0.5714285714285714,0.4285714285714285,1.354795217514038,1.0
YMRRSNN,-2.6464405059814453,0.6180403828620911,0.2857142857142857,0.1428571428571428,1.0366743803024292,0.7866744101047516
VHHRSYW,-2.5522687435150146,1.0991530418395996,0.5714285714285714,0.2857142857142857,1.103333830833435,0.953333830833435
YMSRLDP,0.015511064790189266,-1.4953562021255493,0.5714285714285714,0.4285714285714285,1.0851858854293823,0.9351859152317048
YYRWSGN,-3.216468095779419,1.1867923736572266,0.4285714285714285,0.1428571428571428,1.0398608446121216,0.8398608446121216
LFHLNNN,-1.663752794265747,-2.9510371685028076,0.5714285714285714,0.4285714285714285,0.7287565469741821,0.5787565469741821
YSRRHTD,-0.7438971996307373,0.4733169674873352,0.4285714285714285,0.2857142857142857,1.230907917022705,1.0
IHSSIKI,1.235903024673462,-3.639655351638794,0.5714285714285714,0.5714285714285714,0.9701048731803894,0.8201048880815506
YYHRGNG,-0.046763330698013306,1.2625632286071777,0.5714285714285714,0.1428571428571428,1.4004822969436646,1.0
RSHGNGN,0.722040593624115,-2.1197588443756104,0.5714285714285714,0.4285714285714285,1.0906466245651243,0.940646594762802
YHRRGLN,-2.7752387523651123,1.585710883140564,0.4285714285714285,0.1428571428571428,1.1354334354400637,0.9354334950447084
VYHGSPL,-0.7476297616958618,-2.2172327041625977,0.5714285714285714,0.2857142857142857,0.9161568880081176,0.7661568880081177
PSRRSNN,-2.4122321605682373,-0.410157173871994,0.4285714285714285,0.1428571428571428,0.9425421953201294,0.7425422251224518
QRHLSNN,1.207301139831543,-0.8825455904006958,0.4285714285714285,0.2857142857142857,1.289043664932251,1.0
HHSMQVN,-0.04385625571012497,-2.5812501907348633,0.5714285714285714,0.4285714285714285,0.9517325162887572,0.8017325162887573
YSHANNL,1.2656047344207764,-1.410281777381897,0.5714285714285714,0.2857142857142857,1.2338587045669556,1.0
YHRIENN,1.0215882062911987,-0.5849946141242981,0.2857142857142857,0.2857142857142857,1.3031963109970093,1.0
YSHISNN,1.5637580156326294,-1.2139546871185303,0.4285714285714285,0.1428571428571428,1.2898842096328735,1.0
YSHWDNG,-1.1927369832992554,0.24432477355003357,0.7142857142857143,0.4285714285714285,1.1543431282043457,1.0
YHRASNN,2.1629555225372314,1.1421197652816772,0.1428571428571428,0.1428571428571428,1.6316423416137695,1.0
VHRSGVN,1.5721429586410522,-0.13677509129047394,0.4285714285714285,0.1428571428571428,1.4166616201400757,1.0
FYRRNNN,-3.345856189727783,0.5494662523269653,0.5714285714285714,0.2857142857142857,0.9510427713394164,0.8010427713394165
YYHDAIN,-1.5346359014511108,-0.10952693223953247,0.5714285714285714,0.2857142857142857,1.075059175491333,0.9250592052936554
SYHKKNN,-2.585965871810913,0.44618192315101624,0.5714285714285714,0.2857142857142857,1.0233075618743896,0.8733075618743896
LHHVSNH,-0.057790111750364304,-2.0708281993865967,0.4285714285714285,0.4285714285714285,1.00981867313385,0.8098186433315278
VHHRNDT,0.6254033446311951,-1.1227861642837524,0.5714285714285714,0.4285714285714285,1.1963982582092283,1.0
QHHLSNA,0.6841792464256287,-3.0499916076660156,0.4285714285714285,0.4285714285714285,0.9777657985687256,0.7777657985687256
IHHRSNF,0.056288182735443115,0.6583654284477234,0.5714285714285714,0.2857142857142857,1.3413304090499878,1.0
QYQAMSP,1.1491249799728394,-2.868812084197998,0.4285714285714285,0.4285714285714285,1.050531983375549,0.850531953573227
FYNRHSN,-1.2280991077423096,-0.8553624153137207,0.7142857142857143,0.2857142857142857,1.021942377090454,0.9219423174858092
YHSRSNF,-0.7827427387237549,0.06821980327367783,0.4285714285714285,0.1428571428571428,1.179269313812256,0.9792693734169008
YYRRPAN,-3.4542579650878906,0.20343059301376343,0.5714285714285714,0.2857142857142857,0.8985852003097534,0.748585170507431
NSHSISN,0.09375851601362228,-3.67933988571167,0.7142857142857143,0.4285714285714285,0.8387150168418884,0.7387150317430496
YYHRSNI,-1.4752768278121948,1.4203957319259644,0.5714285714285714,0.1428571428571428,1.2603875398635864,1.0
YYSDSLN,-1.9022250175476074,-0.48198166489601135,0.5714285714285714,0.1428571428571428,0.990750789642334,0.8407508194446563
YYDRYQH,-0.5207026600837708,-1.070251226425171,0.5714285714285714,0.4285714285714285,1.0753426551818848,0.9253426551818849
TQVRNAN,2.142563581466675,-4.0202813148498535,0.5714285714285714,0.4285714285714285,1.0262563228607178,0.8762562930583954
YSSRGTN,2.7912509441375732,-1.3405101299285889,0.4285714285714285,0.2857142857142857,1.411324143409729,1.0
YSRRSNE,1.1357543468475342,0.42040184140205383,0.4285714285714285,0.2857142857142857,1.4333268404006958,1.0
TYHGNNR,-0.13537681102752686,-1.7449510097503662,0.5714285714285714,0.4285714285714285,1.0392804145812988,0.8892804145812988
YYVRSSN,-0.6662364602088928,1.7071932554244995,0.5714285714285714,0.1428571428571428,1.38368022441864,1.0
YHSSSSA,0.7918278574943542,-3.103668689727783,0.5714285714285714,0.1428571428571428,0.9834413528442384,0.8334413230419159
YPHLNNN,0.8331226706504822,-3.6762301921844482,0.4285714285714285,0.2857142857142857,0.9211318492889404,0.7211318790912629
YHHFSNV,-1.49198579788208,-0.3761640787124634,0.4285714285714285,0.1428571428571428,1.048641324043274,0.8486412942409516
YFRRPNA,-2.9402472972869873,0.2720751166343689,0.5714285714285714,0.2857142857142857,0.963649034500122,0.8136490643024444
YSHRSYN,-1.209729790687561,0.8159515857696533,0.5714285714285714,0.1428571428571428,1.219240427017212,1.0
QYRSGNP,1.9456346035003662,-1.6512432098388672,0.5714285714285714,0.4285714285714285,1.2811758518218994,1.0
SHSRSKN,-3.9209485054016113,0.495934396982193,0.5714285714285714,0.2857142857142857,0.8809657096862793,0.7309657394886017
MYHVGTN,-0.19946081936359406,-2.594900369644165,0.5714285714285714,0.2857142857142857,0.9328689575195312,0.7828689277172088
YVHRSAN,1.081420660018921,0.9334604144096375,0.5714285714285714,0.2857142857142857,1.4872374534606934,1.0
HSRGSNN,1.4668382406234741,-1.3040422201156616,0.4285714285714285,0.2857142857142857,1.2686033248901367,1.0
HHRRQGI,-3.6055328845977783,0.24717804789543152,0.5714285714285714,0.4285714285714285,0.8869079351425171,0.7369079500436783
YHHSGNN,0.7497817873954773,-1.2651257514953613,0.4285714285714285,0.1428571428571428,1.193571925163269,0.9935719549655916
YHRLSEI,0.4427291452884674,1.6588057279586792,0.2857142857142857,0.4285714285714285,1.5010985136032104,1.0
YYRRSNN,-3.154005289077759,0.9878677725791931,0.2857142857142857,0.1428571428571428,1.0235525369644165,0.7735525667667389
YHRVPHN,0.5494394302368164,-0.03099098429083824,0.4285714285714285,0.2857142857142857,1.3155221939086914,1.0
YSSSALN,0.7225057482719421,-3.1160330772399902,0.4285714285714285,0.2857142857142857,0.9743035435676576,0.7743035435676575
YSHGSNS,1.5155117511749268,-1.386890172958374,0.5714285714285714,0.2857142857142857,1.2643258571624756,1.0
MSRPYGN,0.8828645944595337,-1.8222848176956177,0.5714285714285714,0.4285714285714285,1.1432485580444336,0.9932484984397888
EYHRNLN,0.5624697208404541,-1.1427701711654663,0.7142857142857143,0.2857142857142857,1.1870791912078855,1.0
VYHRKNN,-2.3934926986694336,1.0926947593688965,0.5714285714285714,0.1428571428571428,1.1202000379562378,0.9702000379562378
VNHVNNN,1.153725266456604,-4.429772853851318,0.7142857142857143,0.2857142857142857,0.8686755299568176,0.768675522506237
YYYRGEV,-2.731083869934082,1.2035928964614868,0.7142857142857143,0.2857142857142857,1.0956908464431765,0.9956908464431764
VHHRGGK,-3.6870036125183105,0.3500955104827881,0.5714285714285714,0.2857142857142857,0.8898903131484985,0.7398903131484985
YNHSSNN,0.8611783981323242,-2.6261391639709473,0.4285714285714285,0.1428571428571428,1.0469274520874023,0.8469275116920472
YYHSGHT,-1.1557921171188354,-1.1116255521774292,0.5714285714285714,0.2857142857142857,1.0000275373458862,0.8500275671482086
EKMDSNN,0.006725357845425606,-4.690539360046387,0.5714285714285714,0.4285714285714285,0.7109178304672241,0.5554528418928385
YHYRGND,0.6514114141464233,0.6473120450973511,0.4285714285714285,0.2857142857142857,1.4060850143432615,1.0
YSHLSAN,1.3847712278366089,-0.6363732814788818,0.4285714285714285,0.2857142857142857,1.3374993801116943,1.0
YYRWSNI,-3.770480155944824,1.3432650566101074,0.4285714285714285,0.2857142857142857,0.9966580867767334,0.7966580867767334
YSRRMNN,-1.9696333408355713,0.7660666108131409,0.4285714285714285,0.1428571428571428,1.1290793418884275,0.9290793418884278
YLYMGYN,-3.514145851135254,0.3967536985874176,0.5714285714285714,0.4285714285714285,0.9145248532295228,0.7645248383283615
YHSLGVN,0.26598942279815674,-1.54950749874115,0.4285714285714285,0.2857142857142857,1.1066570281982422,0.906657087802887
VHHMSNN,0.5174274444580078,-2.2679033279418945,0.4285714285714285,0.1428571428571428,1.0506312847137451,0.8506312549114228
YSRRSNN,-1.634276270866394,1.1742011308670044,0.2857142857142857,0.1428571428571428,1.2139791250228882,0.9639791250228882
YYRASNN,0.3995629847049713,0.16329920291900635,0.2857142857142857,0.1428571428571428,1.3215880393981934,1.0
YPSVGNQ,1.122896432876587,-3.1472156047821045,0.7142857142857143,0.2857142857142857,1.0150952339172363,0.9150952339172364
ISSWMGD,-2.551884412765503,-2.3645076751708984,0.5714285714285714,0.5714285714285714,0.6987172365188599,0.5487172067165375
DHRRNIA,-0.4365711510181427,-1.416843056678772,0.7142857142857143,0.4285714285714285,1.0441871881484983,0.9441871583461762
THYRGEN,0.7050567865371704,-1.45138680934906,0.4285714285714285,0.2857142857142857,1.166847586631775,0.9668475568294526
YFRRFNG,-3.588902473449707,0.5732231140136719,0.5714285714285714,0.2857142857142857,0.9268453121185304,0.7768453419208526
YYYRNEY,-2.767522096633911,0.5380262732505798,0.7142857142857143,0.4285714285714285,1.013888955116272,0.9138889253139496
YHHAFSI,-2.256080389022827,-0.23679092526435852,0.5714285714285714,0.4285714285714285,0.980126142501831,0.8301261126995086
TSRRLST,-2.914804697036743,-0.7662478685379028,0.7142857142857143,0.4285714285714285,0.845165491104126,0.7451654613018036
YHHRGNQ,-0.06554782390594482,1.5568641424179077,0.5714285714285714,0.1428571428571428,1.4327807426452637,1.0
YSHSNNN,1.077380895614624,-1.252951979637146,0.4285714285714285,0.1428571428571428,1.231350660324097,1.0
YYRRNGN,-3.4281485080718994,0.9368003606796265,0.4285714285714285,0.1428571428571428,0.9871622920036316,0.7871622920036316
YYRSNIT,-1.1774580478668213,0.08568332344293594,0.5714285714285714,0.2857142857142857,1.1375046968460083,0.9875047266483308
VHRRNDS,-0.4515463411808014,-0.13709938526153564,0.5714285714285714,0.2857142857142857,1.192037582397461,1.0
QFHKEHT,0.9330105781555176,-1.8503988981246948,0.7142857142857143,0.5714285714285714,1.14552903175354,1.0
NYRRMTN,-3.8191466331481934,-0.03728029131889343,0.5714285714285714,0.2857142857142857,0.8299682140350342,0.6799681842327118
YYHRSNS,-1.1792142391204834,0.39487725496292114,0.5714285714285714,0.0,1.1734328269958496,1.0
QHSRMPQ,0.5379776954650879,-2.3318064212799072,0.7142857142857143,0.4285714285714285,1.0454460382461548,0.9454460382461548
YNRSSTN,2.181130886077881,-1.5367486476898193,0.2857142857142857,0.2857142857142857,1.3206872940063477,1.0
YYRKSNN,-2.734496831893921,1.0838032960891724,0.2857142857142857,0.1428571428571428,1.0813170671463013,0.8313170969486237
SKRRGED,0.3007552921772003,-2.4948389530181885,0.5714285714285714,0.4285714285714285,1.0000724792480469,0.8500724196434021
YPSRANN,2.6573803424835205,-1.664670705795288,0.5714285714285714,0.2857142857142857,1.358595609664917,1.0
YYHRMSN,-1.5427623987197876,0.20129437744617462,0.4285714285714285,0.1428571428571428,1.1104705333709717,0.9104705929756164
YPSRLEH,0.5771374702453613,-2.680804967880249,0.5714285714285714,0.4285714285714285,1.0090184211730957,0.8590184509754181
YYERYNI,-2.0460033416748047,-0.32297489047050476,0.7142857142857143,0.2857142857142857,0.993371307849884,0.893371307849884
ASHGGNN,0.9529045820236206,-4.29144811630249,0.4285714285714285,0.4285714285714285,0.8625491857528687,0.6625492155551911
YHRVSNN,2.1698405742645264,2.5461530685424805,0.1428571428571428,0.1428571428571428,1.796439528465271,1.0
IHRRMSE,-0.4986925721168518,0.379482239484787,0.5714285714285714,0.2857142857142857,1.2471575736999512,1.0
NWNRSNT,0.08139913529157639,-0.9254494905471802,0.7142857142857143,0.4285714285714285,1.1590802669525146,1.0
YHHRSSN,0.06909715384244919,1.469557523727417,0.4285714285714285,0.0,1.4375234842300415,1.0
YHHVSNI,-0.19158096611499786,-0.5673789381980896,0.4285714285714285,0.2857142857142857,1.1706186532974243,0.9706186532974244
YHRESEN,1.4020673036575317,-0.6908404231071472,0.2857142857142857,0.2857142857142857,1.3330554962158203,1.0
YYQRSAN,-0.13854795694351196,-0.10462449491024017,0.5714285714285714,0.1428571428571428,1.2305678129196167,1.0
YHVSSND,0.23915664851665497,-3.252969980239868,0.4285714285714285,0.2857142857142857,0.904663860797882,0.7046638607978821
YYRSMNA,-0.3013541102409363,-0.3933039605617523,0.5714285714285714,0.2857142857142857,1.1787734031677246,1.0
TYHLYGN,-2.9810526371002197,0.06736325472593307,0.5714285714285714,0.4285714285714285,0.935204029083252,0.7852040588855743
YHHSNGN,0.7740498185157776,-1.2331854104995728,0.5714285714285714,0.2857142857142857,1.199996829032898,1.0
YHHNLNN,-0.028298871591687202,-1.4579644203186035,0.4285714285714285,0.1428571428571428,1.0846924781799316,0.8846924185752869
QHYRGTN,0.6280046105384827,-0.13269510865211487,0.4285714285714285,0.2857142857142857,1.312359094619751,1.0
QHHGNNN,0.475371778011322,-4.059208393096924,0.5714285714285714,0.2857142857142857,0.8366858959197998,0.686685910820961
YSRSNYD,0.22367605566978455,-0.06327075511217117,0.2857142857142857,0.2857142857142857,1.2755982875823977,1.0
QHSDSNN,-0.41458380222320557,-4.595105171203613,0.4285714285714285,0.2857142857142857,0.6753111481666565,0.4731910157948732
YYRSSVN,-0.36941248178482056,0.37829241156578064,0.4285714285714285,0.1428571428571428,1.2613658905029297,1.0
YVHRSAQ,0.5268989205360413,0.9012812376022339,0.5714285714285714,0.2857142857142857,1.4219379425048828,1.0
YNHSGND,0.6361863613128662,-3.664316415786743,0.5714285714285714,0.2857142857142857,0.9006680250167847,0.750668054819107
YHHRMTP,-0.23662187159061432,-0.3347163200378418,0.7142857142857143,0.2857142857142857,1.19280207157135,1.0
YFVRSHH,-2.450690984725952,0.48491171002388,0.7142857142857143,0.4285714285714285,1.0428450107574463,0.9428450107574464
VYPRNGN,1.3985108137130737,-2.0656800270080566,0.4285714285714285,0.2857142857142857,1.1720383167266846,0.9720382869243622
YGRRNNN,-1.8577462434768677,-0.3022891879081726,0.4285714285714285,0.1428571428571428,1.0166804790496826,0.8166805386543274
YYHRHNW,-1.3570561408996582,1.0355502367019653,0.7142857142857143,0.2857142857142857,1.2285460233688354,1.0
YSSRTQN,2.2097606658935547,-2.3044400215148926,0.5714285714285714,0.2857142857142857,1.2341753244400024,1.0
YHNRTVI,-0.01005653478205204,-1.3296356201171875,0.5714285714285714,0.2857142857142857,1.1017096042633057,0.9517095446586608
YARNSNN,2.7573540210723877,0.1546042114496231,0.2857142857142857,0.2857142857142857,1.582236409187317,1.0
YSHRGYG,-0.3497818410396576,0.5142014026641846,0.5714285714285714,0.4285714285714285,1.2794227600097656,1.0
TSSMGLN,-0.44856128096580505,-3.688358783721924,0.4285714285714285,0.4285714285714285,0.7774754762649536,0.577475506067276
EPKRQNN,0.6964378356933594,-3.138251781463623,0.7142857142857143,0.4285714285714285,0.9688147902488708,0.8688147902488709
YSRRNIN,-1.9285675287246704,0.43680086731910706,0.2857142857142857,0.2857142857142857,1.0951687097549438,0.8451687395572662
YYHRNQN,-1.1694985628128052,0.2362540066242218,0.5714285714285714,0.1428571428571428,1.1559791564941406,1.0
YMHRINE,0.8418253064155579,-1.2383192777633667,0.7142857142857143,0.2857142857142857,1.206918716430664,1.0
YYHDSPN,-1.3013551235198975,0.05578772351145744,0.4285714285714285,0.2857142857142857,1.1202620267868042,0.9202620267868042
YSNSQYN,-0.42975398898124695,-2.1324894428253174,0.5714285714285714,0.2857142857142857,0.9613348245620728,0.8113348543643951
YYHNFNN,-2.0132672786712646,-0.3749409317970276,0.5714285714285714,0.1428571428571428,0.9909330606460572,0.8409330904483795
VMHNHYN,-0.5465446710586548,-2.594175100326538,0.7142857142857143,0.4285714285714285,0.8944348692893982,0.7944348692893982
YYSRSVA,-0.08334597945213318,0.14769048988819122,0.4285714285714285,0.2857142857142857,1.266171932220459,1.0
YHRNSAN,1.7620826959609985,0.6020299196243286,0.2857142857142857,0.2857142857142857,1.524055242538452,1.0
QARRSPN,-2.2725203037261963,-0.14281874895095825,0.4285714285714285,0.2857142857142857,0.9892803430557252,0.7892803728580475
YLHLSVN,-2.0758912563323975,-1.4629888534545898,0.4285714285714285,0.2857142857142857,0.8568665981292725,0.6568666279315949
YYHRGTQ,-1.6202445030212402,0.7038553357124329,0.5714285714285714,0.2857142857142857,1.160585880279541,1.0
FHHRSNG,0.6014653444290161,0.08536902070045471,0.5714285714285714,0.0,1.3348902463912964,1.0
VYHRGNN,0.8171966671943665,1.7982733249664307,0.5714285714285714,0.0,1.5589503049850464,1.0
YYVRQNN,-1.1737035512924194,1.0263090133666992,0.5714285714285714,0.0,1.2478145360946655,1.0
YHARHNN,0.23315875232219696,0.037446871399879456,0.4285714285714285,0.0,1.2884173393249512,1.0
YHRGSNF,-0.6200349926948547,0.5210443139076233,0.2857142857142857,0.0,1.250229835510254,1.0
TYHRENI,0.9001670479774475,-0.4324103593826294,0.5714285714285714,0.0,1.3075475692749023,1.0
YSRNMNG,2.714799642562866,-0.7467058300971985,0.4285714285714285,0.0,1.4722137451171875,1.0
YSRKSGN,-2.128394842147827,1.4717718362808228,0.4285714285714285,0.0,1.1939077377319336,0.9939077079296113
AYRSNQN,1.123417615890503,-1.6019285917282104,0.5714285714285714,0.0,1.1956889629364014,1.0
YHHRDEE,1.3508009910583496,-1.494982123374939,0.7142857142857143,0.0,1.233418107032776,1.0
YHKSLLN,1.111425518989563,-0.1951863020658493,0.4285714285714285,0.0,1.3587076663970947,1.0
YYTKIWP,-2.4062047004699707,1.4658905267715454,0.5714285714285714,0.0,1.1623897552490234,1.0
YHRALNN,0.8823381662368774,0.870490312576294,0.2857142857142857,0.0,1.4577867984771729,1.0
YHRQMNS,0.6721310019493103,-0.32109367847442627,0.4285714285714285,0.0,1.29524564743042,1.0
YSSRAGS,2.2446560859680176,-2.0392985343933105,0.5714285714285714,0.0,1.26902437210083,1.0
QYSMSAP,1.4569371938705444,-1.4867258071899414,0.5714285714285714,0.0,1.2461615800857544,1.0
YSHASSN,1.2718026638031006,-0.9315599203109741,0.5714285714285714,0.0,1.290475606918335,1.0
EYSRGNN,0.9178087115287781,-0.19092725217342377,0.5714285714285714,0.0,1.337717890739441,1.0
YMRSNSN,1.9665664434432983,-0.7932053804397583,0.4285714285714285,0.0,1.383743405342102,1.0
YYHRVNN,-1.1452174186706543,1.0036706924438477,0.5714285714285714,0.0,1.248331069946289,1.0
YQRRLNE,0.8291900753974915,-1.6920169591903687,0.5714285714285714,0.0,1.1525108814239502,1.0
YSSRSNN,2.5225963592529297,-0.9731555581092834,0.4285714285714285,0.0,1.4244272708892822,1.0
YHTRSNN,1.2404981851577759,-0.08135203272104263,0.2857142857142857,0.0,1.3863312005996704,1.0
YHHLSSN,0.6040418148040771,-0.08935564011335373,0.2857142857142857,0.0,1.3147631883621216,1.0
YYHRSNP,-1.4947961568832397,0.900068998336792,0.4285714285714285,0.0,1.197431564331055,0.9974315941333772
YRHLSNI,-0.6147624850273132,1.0363456010818481,0.4285714285714285,0.0,1.311017632484436,1.0
YYKPGVN,0.5746545195579529,-1.3459594249725342,0.5714285714285714,0.0,1.164692759513855,1.0
QYHRSNV,-0.14481881260871887,0.999164342880249,0.4285714285714285,0.0,1.3588273525238037,1.0
LYRSSGN,1.8309863805770874,-1.759268879890442,0.4285714285714285,0.0,1.2558318376541138,1.0
YSRRSDD,0.8545212149620056,-0.5536378026008606,0.4285714285714285,0.0,1.2883188724517822,1.0
YYKSSVN,0.9717636704444885,-0.5324785113334656,0.2857142857142857,0.0,1.3038023710250854,1.0
YSHSSIN,1.2292157411575317,-1.2065693140029907,0.4285714285714285,0.0,1.2536200284957886,1.0
QYQRSNN,1.107696771621704,-0.6320590376853943,0.5714285714285714,0.0,1.3072540760040283,1.0
NYHRTLA,-0.6813161373138428,1.0822198390960693,0.5714285714285714,0.0,1.3089910745620728,1.0
YHSKSNN,1.8358250856399536,-0.5251019597053528,0.2857142857142857,0.0,1.4005563259124756,1.0
YHRVATN,1.777061104774475,1.969949722290039,0.4285714285714285,0.0,1.6855316162109375,1.0
YYSRNNA,0.788606584072113,-1.448411226272583,0.7142857142857143,0.0,1.1764675378799438,1.0
YAHRSSN,1.656024694442749,0.49888747930526733,0.4285714285714285,0.0,1.500235080718994,1.0
VHHRGQL,0.35374167561531067,0.6106638312339783,0.5714285714285714,0.0,1.3687684535980225,1.0
IHHRSSN,0.29642415046691895,0.912874698638916,0.4285714285714285,0.0,1.397714614868164,1.0
TFNKSWN,0.39729219675064087,-0.25853151082992554,0.5714285714285714,0.0,1.2720534801483154,1.0
VYHRSNN,0.5539344549179077,1.7630423307418823,0.4285714285714285,0.0,1.5256178379058838,1.0
IYSKSNP,1.9925415515899658,1.0706998109817505,0.2857142857142857,0.0,1.6043859720230105,1.0
YPHRNTV,0.549604594707489,-0.3469049632549286,0.5714285714285714,0.0,1.2786322832107544,1.0
IYSRSNN,1.209181785583496,3.098268508911133,0.4285714285714285,0.0,1.7543306350708008,1.0
YNRVNPN,2.2343008518218994,-2.0132694244384766,0.4285714285714285,0.0,1.2709161043167114,1.0
YNMHKPN,1.8536194562911987,-2.3303616046905518,0.5714285714285714,0.0,1.1916228532791138,1.0
VYRSEGK,0.8033367991447449,-1.4052517414093018,0.7142857142857143,0.0,1.1831445693969729,1.0
YSRREYV,-0.020885303616523743,0.8515161275863647,0.5714285714285714,0.0,1.3553316593170166,1.0
VHSRQNN,1.5678690671920776,-0.9742410778999329,0.5714285714285714,0.0,1.31834614276886,1.0
YHRSGVN,1.12639319896698,1.0289777517318726,0.2857142857142857,0.0,1.5033878087997437,1.0
YQHRGAN,1.4072920083999634,-0.8174434900283813,0.5714285714285714,0.0,1.318844199180603,1.0
IYGRSQT,1.0558277368545532,1.3311649560928345,0.4285714285714285,0.0,1.5308610200881958,1.0
YHHRHGN,-0.055424340069293976,0.9711036086082458,0.5714285714285714,0.0,1.3654699325561523,1.0
VYRNSSN,2.1665048599243164,-0.863047182559967,0.4285714285714285,0.0,1.3977726697921753,1.0
YSRVMSN,1.4945482015609741,1.6937967538833618,0.4285714285714285,0.0,1.6219158172607422,1.0
WVHRSEN,0.16551455855369568,0.12273163348436356,0.7142857142857143,0.0,1.2908742427825928,1.0
VYHRPSH,-0.5792195796966553,1.1051212549209595,0.5714285714285714,0.0,1.3229970932006836,1.0
YHRSLNN,1.0480546951293945,0.9211928248405457,0.2857142857142857,0.0,1.482101321220398,1.0
LHRGLNS,2.2156317234039307,-0.16615471243858337,0.4285714285714285,0.0,1.484642505645752,1.0
YHRGSNT,1.172532320022583,0.3513301610946655,0.2857142857142857,0.0,1.4293386936187744,1.0
YSRRMTE,1.1301543712615967,-0.606132447719574,0.5714285714285714,0.0,1.3127753734588623,1.0
YSRSNNN,2.000994920730591,1.495837688446045,0.2857142857142857,0.0,1.654992938041687,1.0
YSRNMNG,2.714799642562866,-0.7467058300971985,0.4285714285714285,0.0,1.4722137451171875,1.0
YHRHSIT,-0.49976783990859985,0.9964379668235779,0.4285714285714285,0.0,1.3191171884536743,1.0
YAHRLQN,0.028373876586556435,0.1940722018480301,0.5714285714285714,0.0,1.283989191055298,1.0
VHSRSNS,1.0650991201400757,-0.992379903793335,0.5714285714285714,0.0,1.2604303359985352,1.0
YYHRSEN,-0.7545163631439209,1.7945058345794678,0.5714285714285714,0.0,1.3840837478637695,1.0
YHHRSIN,-0.3873940408229828,1.0087136030197144,0.4285714285714285,0.0,1.3330223560333252,1.0
YSKNNNY,1.8385668992996216,-1.2745765447616577,0.5714285714285714,0.0,1.3132996559143066,1.0
YPHRSNN,1.1065888404846191,-0.3883913457393646,0.4285714285714285,0.0,1.335598707199097,1.0
MYSRSNN,1.5054917335510254,1.7826772928237915,0.5714285714285714,0.0,1.633514165878296,1.0
YTRSSNN,2.3588733673095703,-0.8372186422348022,0.2857142857142857,0.0,1.4221389293670654,1.0
YYHRLNN,-1.2602183818817139,1.317850947380066,0.5714285714285714,0.0,1.272274136543274,1.0
GYSRSNG,1.6945058107376099,1.181087613105774,0.5714285714285714,0.0,1.5842070579528809,1.0
YSRMSNM,1.3907880783081055,0.4731016755104065,0.4285714285714285,0.0,1.4677869081497192,1.0
VFRSGNN,2.130955457687378,-1.5634875297546387,0.4285714285714285,0.0,1.311995029449463,1.0
QFHRGNN,0.49233749508857727,0.07112442702054977,0.5714285714285714,0.0,1.321115255355835,1.0
IHRSSIE,2.279705047607422,-1.5552188158035278,0.5714285714285714,0.0,1.329469084739685,1.0
IYHRMNT,-0.3481708765029907,0.5892432332038879,0.5714285714285714,0.0,1.2883687019348145,1.0
YSHSQNA,1.5455502271652222,-0.6196953058242798,0.5714285714285714,0.0,1.3572908639907837,1.0
YYKSGNN,1.3181307315826416,0.20327836275100708,0.4285714285714285,0.0,1.4282000064849854,1.0
YSHRNNE,1.7363051176071167,-1.812895655632019,0.5714285714285714,0.0,1.2390589714050293,1.0
YHRFSNN,0.40116873383522034,2.3781206607818604,0.1428571428571428,0.0,1.5805236101150513,1.0
YHRGSNN,1.854130506515503,1.206807255744934,0.1428571428571428,0.0,1.604926824569702,1.0
VHRGLAN,1.8267567157745361,-1.228570818901062,0.5714285714285714,0.0,1.317363739013672,1.0
QHRLSSN,1.4144750833511353,0.4367273151874542,0.1428571428571428,0.0,1.4661660194396973,1.0
LKHLGSN,1.8256287574768066,-0.6943049430847168,0.4285714285714285,0.0,1.3796569108963013,1.0
YSSRSNN,2.5225963592529297,-0.9731555581092834,0.4285714285714285,0.0,1.4244272708892822,1.0
YYRGSNN,0.5606755018234253,0.3608863651752472,0.2857142857142857,0.0,1.3625521659851074,1.0
VHHRSNN,0.4243265986442566,0.4856472313404083,0.4285714285714285,0.0,1.3619961738586426,1.0
YSRAGPG,2.526766538619995,0.49998751282691956,0.2857142857142857,0.0,1.5969972610473633,1.0
IYHRHNN,-0.5389178991317749,0.3603072762489319,0.7142857142857143,0.0,1.2404532432556152,1.0
YYNRSSN,0.4380115270614624,-0.4170707166194916,0.5714285714285714,0.0,1.2580504417419434,1.0
IYSKSNP,1.9925415515899658,1.0706998109817505,0.2857142857142857,0.0,1.6043859720230105,1.0
VYHRSAN,0.6558268070220947,1.836640477180481,0.4285714285714285,0.0,1.5455241203308103,1.0
YGSLGNQ,0.8511362075805664,-0.708768904209137,0.5714285714285714,0.0,1.269819259643555,1.0
YHKSMTN,1.6764647960662842,-0.8917967081069946,0.4285714285714285,0.0,1.3400299549102783,1.0
YHHRLES,0.2109493464231491,-0.28955116868019104,0.7142857142857143,0.0,1.2477495670318604,1.0
YHRSVLN,0.07538416981697083,1.0840729475021362,0.4285714285714285,0.0,1.3931851387023926,1.0
YHRSITN,0.7352151274681091,1.3884985446929932,0.2857142857142857,0.0,1.5019781589508057,1.0
YHREMSN,1.539659023284912,-1.261950969696045,0.4285714285714285,0.0,1.281602382659912,1.0
VYHRSVN,0.0698714405298233,2.354102373123169,0.4285714285714285,0.0,1.5409507751464844,1.0
YHHRSNN,0.15554393827915192,1.2076259851455688,0.2857142857142857,0.0,1.4165157079696655,1.0
YHRMSNN,2.0059430599212646,1.6266069412231445,0.1428571428571428,0.0,1.670819878578186,1.0
YSHRSNN,1.822951078414917,1.5215983390808105,0.4285714285714285,0.0,1.6382436752319336,1.0
YSHRSNN,1.822951078414917,1.5215983390808105,0.4285714285714285,0.0,1.6382436752319336,1.0
YHSRAIN,0.9496406316757202,-0.5810801982879639,0.5714285714285714,0.0,1.2956690788269043,1.0
YSRVASN,2.9184796810150146,2.0053305625915527,0.2857142857142857,0.0,1.816338062286377,1.0
YYHRSEN,-0.7545163631439209,1.7945058345794678,0.5714285714285714,0.0,1.3840837478637695,1.0
VHSRSVN,1.8774670362472534,-0.26187723875045776,0.4285714285714285,0.0,1.435930252075195,1.0
YSRSSNF,1.2197856903076172,0.3519318103790283,0.4285714285714285,0.0,1.4346530437469482,1.0
YHERSSN,1.6959507465362549,-1.1596310138702393,0.4285714285714285,0.0,1.310901403427124,1.0
IHRLGNN,1.9624238014221191,1.4847052097320557,0.2857142857142857,0.0,1.6494117975234983,1.0
YHHRLAN,0.05368151515722275,1.2301759719848633,0.5714285714285714,0.0,1.4078457355499268,1.0
YHRSLNN,1.0480546951293945,0.9211928248405457,0.2857142857142857,0.0,1.482101321220398,1.0
MYHRGSV,0.3780125081539154,0.659453809261322,0.5714285714285714,0.0,1.377162218093872,1.0
VYHRLSN,-0.049603283405303955,2.5804553031921387,0.5714285714285714,0.0,1.5541365146636963,1.0
AYHRLNN,-0.8872695565223694,1.2040785551071167,0.7142857142857143,0.0,1.3003714084625244,1.0
YYSRSNN,0.5108199119567871,0.6452360153198242,0.4285714285714285,0.0,1.3902398347854614,1.0
NLHKSHM,1.0548946857452393,-0.7258003354072571,0.5714285714285714,0.0,1.2904422283172607,1.0
YYRSSGN,0.6121424436569214,0.4639609158039093,0.4285714285714285,0.0,1.3803061246871948,1.0
YSRLSGN,2.659477710723877,3.0366506576538086,0.2857142857142857,0.0,1.908083438873291,1.0
EYSRSNN,0.7232169508934021,0.5986952781677246,0.5714285714285714,0.0,1.4083739519119265,1.0
RYSRNNE,0.3176819682121277,-0.6383322477340698,0.7142857142857143,0.0,1.218846321105957,1.0
YLHRGNN,0.5006665587425232,1.3705354928970337,0.5714285714285714,0.0,1.4738496541976929,1.0
YFSRSNN,0.34769192337989807,0.27774152159690857,0.4285714285714285,0.0,1.3292016983032229,1.0
QHHRQSN,-0.031570497900247574,0.06146179512143135,0.5714285714285714,0.0,1.2618438005447388,1.0
HYRANNG,1.4598573446273804,-0.9212526082992554,0.5714285714285714,0.0,1.3125498294830322,1.0
YHYRHEN,-0.3797903060913086,-0.6089306473731995,0.5714285714285714,0.0,1.1448769569396973,0.9948769569396972
YNHKSYI,0.7127654552459717,-0.6944060921669006,0.5714285714285714,0.0,1.256141185760498,1.0
YHRPSNG,1.9142752885818481,-0.9285383224487305,0.2857142857142857,0.0,1.3621292114257812,1.0
NYHRINQ,-0.3629188537597656,0.7229694128036499,0.7142857142857143,0.0,1.3023550510406494,1.0
AYHRSGI,0.027623841539025307,0.7415482401847839,0.5714285714285714,0.0,1.347867488861084,1.0
YYHRGNN,-0.6420488953590393,1.3694806098937988,0.5714285714285714,0.0,1.346909523010254,1.0
YHRSNTN,1.4616860151290894,1.1075655221939087,0.2857142857142857,0.0,1.5497794151306152,1.0
YSRVALD,1.9869282245635986,1.631426215171814,0.2857142857142857,0.0,1.6692726612091064,1.0
YSRMSDT,1.1643396615982056,-0.014609777368605137,0.5714285714285714,0.0,1.385676622390747,1.0
NYSRIQN,0.7299113273620605,1.2815979719161987,0.5714285714285714,0.0,1.4889004230499268,1.0
HRHWNNG,-1.563191294670105,0.11271820217370987,0.7142857142857143,0.0,1.0978550910949707,0.997855031490326
