seq,fitness_pred,htfr1_pred,ref_dist,div_prev,reward_signal,final_score
NDTRAPH,0.48434683680534363,-4.2467451095581055,0.7142857142857143,0.2857142857142857,0.1159140765666961,0.0159140765666961
HSFRSSF,-2.5032191276550293,-0.09669753909111023,0.5714285714285714,0.4285714285714285,0.3109082281589508,0.1609082281589508
YTTKTLA,2.168231964111328,-3.72257137298584,0.7142857142857143,0.5714285714285714,0.1715438067913055,0.0715438067913055
ASHMSNN,0.39888086915016174,-4.216749668121338,0.5714285714285714,0.2857142857142857,0.1190974488854408,0.0
YSRRSQN,-1.6063920259475708,1.2999802827835083,0.4285714285714285,0.1428571428571428,0.4171198010444641,0.2171198010444641
TYHRQPP,0.44883275032043457,0.29675912857055664,0.5714285714285714,0.2857142857142857,0.5981089472770691,0.448108947277069
YYHPSMF,-3.0807714462280273,-1.2066529989242554,0.5714285714285714,0.2857142857142857,0.242508515715599,0.092508515715599
YYRVWET,-3.196786642074585,0.9981052875518799,0.7142857142857143,0.4285714285714285,0.2287687957286834,0.1287687957286835
YTRWSEA,-1.4140478372573853,-0.208725705742836,0.5714285714285714,0.2857142857142857,0.4398991763591766,0.2898991763591766
RYARVPN,-4.464957237243652,-0.6978297829627991,0.7142857142857143,0.2857142857142857,0.0785789117217063,0.0
YYHRESN,-0.7232580780982971,0.4276176393032074,0.5714285714285714,0.1428571428571428,0.5217096209526062,0.3717096209526062
YYPTIAN,-1.48416268825531,-1.2481352090835571,0.7142857142857143,0.2857142857142857,0.4315954148769378,0.3315954148769379
SGHRPMG,0.8246234655380249,-2.276095390319824,0.5714285714285714,0.4285714285714285,0.3250559866428375,0.1750559866428375
HSRDQNM,0.8112205862998962,-3.0042507648468018,0.7142857142857143,0.4285714285714285,0.2477780133485794,0.1477780133485794
YYTAKNE,1.1175748109817505,-1.7830350399017334,0.7142857142857143,0.2857142857142857,0.377383679151535,0.277383679151535
FSRHSQG,1.57225501537323,-1.3814573287963867,0.5714285714285714,0.2857142857142857,0.4200024902820587,0.2700024902820587
ICHRGQL,-3.739305257797241,1.2532132863998413,0.7142857142857143,0.4285714285714285,0.164518117904663,0.0645181179046631
DYVRHCA,-3.4017817974090576,-0.10922601819038391,0.7142857142857143,0.4285714285714285,0.2044911384582519,0.1044911384582519
CYSRANH,-3.457916021347046,0.6445130705833435,0.7142857142857143,0.2857142857142857,0.1978431493043899,0.0978431493043899
PHRYTQD,-0.06380388885736465,-1.6554358005523682,0.5714285714285714,0.4285714285714285,0.3909255862236023,0.2409255862236023
QYSRSVD,1.2782227993011475,1.8060399293899536,0.4285714285714285,0.1428571428571428,0.7582864761352539,0.558286476135254
KTSTVFM,-0.6714766621589661,-4.262643814086914,0.7142857142857143,0.2857142857142857,0.1142267733812332,0.0142267733812332
YSIDQQY,-2.216465473175049,-2.50136661529541,0.7142857142857143,0.4285714285714285,0.3011482954025268,0.2011482954025268
QSGRFNP,1.1235780715942383,-3.207663059234619,0.7142857142857143,0.4285714285714285,0.2261901944875717,0.1261901944875717
YSDKSGW,-0.6000057458877563,-0.8190914988517761,0.5714285714285714,0.4285714285714285,0.4796854853630066,0.3296854853630065
MWISVFN,-3.765308380126953,0.8841051459312439,0.7142857142857143,0.4285714285714285,0.1614385694265365,0.0614385694265365
YYREVIN,-2.513709783554077,-0.27167847752571106,0.5714285714285714,0.0,0.3096658289432525,0.1596658289432525
YSSPSNT,0.4021010994911194,-4.234686374664307,0.5714285714285714,0.1428571428571428,0.1171938553452491,0.0
YSKENTN,1.6298625469207764,-3.149519443511963,0.4285714285714285,0.4285714285714285,0.2323608845472335,0.0323608845472336
FCRAFYN,-4.740464210510254,0.00404733931645751,0.7142857142857143,0.4285714285714285,0.045950524508953,0.0
AYHRWSE,-2.0696895122528076,0.9007635712623596,0.5714285714285714,0.2857142857142857,0.3622512817382812,0.2122512817382812
YYSRDSN,0.09344140440225601,-0.939968466758728,0.7142857142857143,0.2857142857142857,0.466856986284256,0.366856986284256
EHTRKTN,-0.7551462054252625,-1.7175439596176147,0.5714285714285714,0.4285714285714285,0.3843341469764709,0.2343341469764709
AYTRSGN,1.5863056182861328,0.6016865968704224,0.4285714285714285,0.2857142857142857,0.6304703950881958,0.4304703950881958
YTGESAN,-0.2801094055175781,-3.9755442142486572,0.5714285714285714,0.4285714285714285,0.1446961909532547,0.0
NYHRSND,1.045798659324646,-0.026490196585655212,0.5714285714285714,0.1428571428571428,0.5638030171394348,0.4138030171394348
YSHSIRE,1.7607014179229736,-1.8654723167419434,0.7142857142857143,0.4285714285714285,0.3686347603797912,0.2686347603797913
YSLKFQG,0.00034640493686310947,-2.0864334106445312,0.5714285714285714,0.5714285714285714,0.3451845049858093,0.1951845049858093
SYSRCDN,-3.6379823684692383,1.7260732650756836,0.7142857142857143,0.2857142857142857,0.176517829298973,0.076517829298973
VYRMSFN,-3.0997767448425293,0.33211231231689453,0.5714285714285714,0.2857142857142857,0.2402577102184295,0.0902577102184295
TYCRTYN,-3.9984519481658936,-0.02053436078131199,0.5714285714285714,0.4285714285714285,0.1338272988796234,0.0
YYAHSQY,-2.102715492248535,0.29472941160202026,0.5714285714285714,0.2857142857142857,0.3583400249481201,0.2083400249481201
MYGLAVP,-1.175992488861084,-1.596984624862671,0.7142857142857143,0.5714285714285714,0.3971289396286011,0.2971289396286011
IYHRQRQ,-3.728135824203491,1.0581443309783936,0.7142857142857143,0.2857142857142857,0.1658409237861633,0.0658409237861633
VYSRVTS,1.0356687307357788,2.7234601974487305,0.4285714285714285,0.2857142857142857,0.7300199270248413,0.5300199270248414
QPHVISP,-0.0009893601527437568,-3.7755632400512695,0.7142857142857143,0.5714285714285714,0.1659198552370071,0.0659198552370071
VSCQMMF,-3.6660754680633545,-2.052541732788086,0.7142857142857143,0.4285714285714285,0.1731907576322555,0.0731907576322555
MYSRVIN,-0.6659253835678101,3.052809715270996,0.7142857142857143,0.1428571428571428,0.5284995436668396,0.4284995436668396
HSRVNEN,1.0131231546401978,-2.601496934890747,0.4285714285714285,0.1428571428571428,0.2905216515064239,0.0905216515064239
YSHRGAP,1.5828663110733032,-0.4476335346698761,0.5714285714285714,0.1428571428571428,0.5191076993942261,0.369107699394226
MCSPQSN,-3.965411901473999,-0.9936736226081848,0.7142857142857143,0.1428571428571428,0.1377402395009994,0.0377402395009994
YTQRNNR,-3.5657570362091064,-0.8394870162010193,0.7142857142857143,0.1428571428571428,0.1850714981555938,0.0850714981555938
HSRRSSK,-4.215471267700195,1.219011902809143,0.5714285714285714,0.2857142857142857,0.1081256195902824,0.0
VLTRANN,1.8323334455490112,-2.5283403396606445,0.5714285714285714,0.1428571428571428,0.2982856333255768,0.1482856333255768
QYSRSEL,-0.08814699947834015,2.7250590324401855,0.5714285714285714,0.1428571428571428,0.5969260334968567,0.4469260334968566
LPSRGLQ,1.8659268617630005,-2.7343504428863525,0.5714285714285714,0.4285714285714285,0.2764221131801605,0.1264221131801605
KSRRNVN,-4.039636135101318,0.11354097723960876,0.4285714285714285,0.4285714285714285,0.128949835896492,0.0
IYHRSGI,-0.014691443182528019,0.6038445830345154,0.4285714285714285,0.1428571428571428,0.6056254506111145,0.4056254506111145
FMARSNN,1.5527468919754028,-1.8842709064483643,0.5714285714285714,0.2857142857142857,0.3666397035121918,0.2166397035121917
IEKRGTN,1.2003966569900513,-3.1311838626861572,0.5714285714285714,0.4285714285714285,0.2343068122863769,0.0843068122863769
VYSRSEN,0.3292205333709717,3.850013256072998,0.4285714285714285,0.1428571428571428,0.6463550329208374,0.4463550329208374
YWRSQQN,-2.098583698272705,1.4353358745574951,0.4285714285714285,0.2857142857142857,0.3588293492794037,0.1588293492794037
VQSRPNG,2.7281317710876465,-2.8024911880493164,0.5714285714285714,0.4285714285714285,0.2691904306411743,0.1191904306411743
IYVRFSE,-2.0828585624694824,1.217109203338623,0.7142857142857143,0.2857142857142857,0.3606916666030884,0.2606916666030884
TDTRADA,0.11073310673236847,-3.7738826274871826,0.7142857142857143,0.4285714285714285,0.1660982221364975,0.0660982221364975
QFQRQAR,-3.8906681537628174,-0.5817788243293762,0.7142857142857143,0.5714285714285714,0.1465921700000763,0.0465921700000763
SYRRYNR,-4.583094120025635,0.7912176847457886,0.7142857142857143,0.2857142857142857,0.0645879209041595,0.0
IWQAVNN,-1.5990315675735474,-2.2712302207946777,0.7142857142857143,0.4285714285714285,0.3255723118782043,0.2255723118782043
TSNRGEH,0.40141069889068604,-3.70188045501709,0.7142857142857143,0.5714285714285714,0.1737396866083145,0.0737396866083145
WYRFSNH,-2.160757541656494,0.5627347230911255,0.5714285714285714,0.2857142857142857,0.3514660894870758,0.2014660894870758
YYNRRNS,-3.213202953338623,-0.2784322500228882,0.5714285714285714,0.4285714285714285,0.2268245965242386,0.0768245965242385
YSMTGNI,0.16048717498779297,-2.8581478595733643,0.5714285714285714,0.4285714285714285,0.2632836997509002,0.1132836997509002
AYMRGQQ,-0.08327092230319977,1.2978383302688599,0.5714285714285714,0.4285714285714285,0.5975035429000854,0.4475035429000854
FGVRMAS,0.7276880741119385,-3.6578989028930664,0.7142857142857143,0.5714285714285714,0.1784073859453201,0.0784073859453201
SYACLHN,-3.622514486312866,-0.09605895727872849,0.7142857142857143,0.4285714285714285,0.1783496886491775,0.0783496886491775
QIRRGWY,-4.724467754364014,-0.20421525835990906,0.7142857142857143,0.4285714285714285,0.0478449910879135,0.0
VMHRSEN,1.448136806488037,-0.8790923357009888,0.5714285714285714,0.1428571428571428,0.4733177125453949,0.3233177125453949
TYHRSEN,0.6338901519775391,0.24771076440811157,0.4285714285714285,0.1428571428571428,0.5929034948348999,0.3929034948348999
YYHRNLN,-1.4470854997634888,0.986862063407898,0.5714285714285714,0.2857142857142857,0.4359865188598633,0.2859865188598632
YINVLYL,-3.5586211681365967,-0.46400076150894165,0.7142857142857143,0.5714285714285714,0.1859166026115417,0.0859166026115417
IYSRSSN,1.440469741821289,1.947092890739441,0.4285714285714285,0.0,0.773256242275238,0.5732562422752381
IEKSTVF,0.43443015217781067,-4.613241195678711,0.5714285714285714,0.7142857142857143,0.0770184323191642,0.0
YSRIPNA,2.9296329021453857,1.2806977033615112,0.4285714285714285,0.2857142857142857,0.7025327682495117,0.5025327682495118
YSLSNNN,0.9731594324111938,-2.8724324703216553,0.4285714285714285,0.2857142857142857,0.2617676854133606,0.0617676854133606
ATDFWNE,-2.452876329421997,-1.2749667167663574,0.7142857142857143,0.5714285714285714,0.3168703317642212,0.2168703317642212
GPPNSDY,-0.6598108410835266,-2.93537974357605,0.7142857142857143,0.5714285714285714,0.2550871968269348,0.1550871968269348
SYSRWGS,-3.061305522918701,1.3509403467178345,0.5714285714285714,0.2857142857142857,0.244813859462738,0.094813859462738
FLKWQVW,-3.3653595447540283,-0.39240333437919617,0.5714285714285714,0.5714285714285714,0.2088046371936798,0.0588046371936798
YSHFTMN,-1.6237784624099731,-0.5143951177597046,0.4285714285714285,0.2857142857142857,0.4150606989860534,0.2150606989860534
IYHRSPA,0.825668215751648,0.36887601017951965,0.5714285714285714,0.2857142857142857,0.6057626008987427,0.4557626008987426
GHHWSEG,-1.1255757808685303,-1.3822509050369263,0.5714285714285714,0.4285714285714285,0.4199182987213135,0.2699182987213134
VSHRVNR,-4.528231620788574,-0.7632508277893066,0.7142857142857143,0.2857142857142857,0.0710853040218353,0.0
ESHYSTN,-0.48614606261253357,-3.6553266048431396,0.5714285714285714,0.1428571428571428,0.1786803752183914,0.0286803752183914
YYSRHMN,-1.0599377155303955,-0.009660296142101288,0.5714285714285714,0.1428571428571428,0.4818365275859833,0.3318365275859832
CYERAGP,-2.997300148010254,-0.5387418866157532,0.5714285714285714,0.4285714285714285,0.2523940503597259,0.1023940503597259
YSTQYGQ,-0.3890467882156372,-2.768728017807007,0.4285714285714285,0.5714285714285714,0.2727736830711365,0.0727736830711364
YYHDRNN,-0.2031215876340866,0.0009865983156487346,0.5714285714285714,0.2857142857142857,0.5667190551757812,0.4167190551757812
VYSRSEN,0.3292205333709717,3.850013256072998,0.4285714285714285,0.1428571428571428,0.6463550329208374,0.4463550329208374
FYHRGAS,-0.6519945859909058,0.3254653811454773,0.5714285714285714,0.2857142857142857,0.5301494002342224,0.3801494002342224
YSHMGPN,1.5719345808029175,-0.24717259407043457,0.2857142857142857,0.2857142857142857,0.5403823256492615,0.2903823256492615
YYLREVN,-2.1667685508728027,0.41120800375938416,0.4285714285714285,0.1428571428571428,0.3507542014122009,0.1507542014122009
AYTRPEA,0.8505527973175049,0.2591576874256134,0.5714285714285714,0.1428571428571428,0.5941183567047119,0.4441183567047119
HILNSNM,-0.34719520807266235,-4.797263145446777,0.7142857142857143,0.5714285714285714,0.0574884787201881,0.0
TYHRILN,-1.831282615661621,1.5366106033325195,0.5714285714285714,0.2857142857142857,0.3904859125614166,0.2404859125614166
IYPMDHY,-2.9828243255615234,-1.2613729238510132,0.7142857142857143,0.4285714285714285,0.2541084289550781,0.1541084289550781
SSRRPEW,-0.17168951034545898,-1.0532628297805786,0.5714285714285714,0.4285714285714285,0.4548332691192627,0.3048332691192627
YYHSSGN,-1.1865535974502563,-0.7211873531341553,0.4285714285714285,0.1428571428571428,0.4668413996696472,0.2668413996696472
MASRKIN,-2.357858896255493,-1.4886560440063477,0.7142857142857143,0.4285714285714285,0.3281233012676239,0.2281233012676239
YSRRANK,-3.3197436332702637,1.325021505355835,0.4285714285714285,0.1428571428571428,0.2142069488763809,0.0142069488763809
HSSRSPP,1.4128907918930054,-3.1292426586151123,0.5714285714285714,0.2857142857142857,0.2345128357410431,0.0845128357410431
GYHIWEN,-3.829002618789673,0.3518794775009155,0.7142857142857143,0.2857142857142857,0.153895229101181,0.053895229101181
YYSRSAN,0.7748223543167114,0.36240410804748535,0.5714285714285714,0.1428571428571428,0.6050757169723511,0.455075716972351
CAQHHMN,-3.1289219856262207,-1.3616267442703247,0.7142857142857143,0.5714285714285714,0.2368060201406479,0.1368060201406479
YYTTPPI,-1.9248924255371094,-1.4069467782974243,0.7142857142857143,0.5714285714285714,0.3793996572494507,0.2793996572494507
YSTAFYN,-1.8563429117202759,-1.7073527574539185,0.5714285714285714,0.4285714285714285,0.3854157328605652,0.2354157328605652
YYFRATN,-2.6694507598876953,0.0031222717370837927,0.5714285714285714,0.1428571428571428,0.2912213504314422,0.1412213504314422
MAHRAWN,-2.2341699600219727,0.4290347099304199,0.7142857142857143,0.4285714285714285,0.342771828174591,0.2427718281745911
LSVRSNN,1.6690521240234375,-2.1783883571624756,0.4285714285714285,0.1428571428571428,0.335425466299057,0.135425466299057
YRTVRCS,-4.258596420288086,0.1161608174443245,0.7142857142857143,0.4285714285714285,0.1030182912945747,0.0030182912945747
YVTRQGN,1.7221428155899048,-1.620949625968933,0.5714285714285714,0.2857142857142857,0.3945855498313904,0.2445855498313904
TYSRSEQ,-0.009532580152153969,2.9744715690612793,0.5714285714285714,0.2857142857142857,0.6062363982200623,0.4562363982200622
VYQRLGN,0.6770221590995789,-1.027901530265808,0.5714285714285714,0.2857142857142857,0.4575248062610626,0.3075248062610626
IYHRSAP,0.935574471950531,0.7911019325256348,0.4285714285714285,0.1428571428571428,0.6505727171897888,0.4505727171897888
GSATFSN,-0.15019434690475464,-3.831597328186035,0.5714285714285714,0.4285714285714285,0.1599730551242828,0.0099730551242828
FYCRSNN,-3.87954044342041,0.9350496530532837,0.5714285714285714,0.2857142857142857,0.1479100286960601,0.0
AKGVQPW,-0.1813632994890213,-2.0947422981262207,0.8571428571428571,0.4285714285714285,0.3443027138710022,0.2943027138710021
NYHMLGS,-1.146178126335144,-1.5524816513061523,0.7142857142857143,0.4285714285714285,0.4018519520759582,0.3018519520759583
TSSINHN,-0.057287365198135376,-4.468198299407959,0.5714285714285714,0.4285714285714285,0.0924116075038909,0.0
QYVRSNF,-1.454796314239502,1.1478747129440308,0.5714285714285714,0.2857142857142857,0.4350733160972595,0.2850733160972595
CSHRKTN,-4.149610996246338,0.07396820187568665,0.7142857142857143,0.2857142857142857,0.1159254759550094,0.0159254759550094
IYRSQSE,0.9650843739509583,-1.640663981437683,0.7142857142857143,0.4285714285714285,0.3924933075904846,0.2924933075904846
LQQVNEN,-0.6188524961471558,-4.381139755249023,0.7142857142857143,0.4285714285714285,0.1016509905457496,0.0
QKSQSQN,1.0778142213821411,-3.3267977237701416,0.7142857142857143,0.4285714285714285,0.2135466188192367,0.1135466188192367
WKSRIPP,-1.8712576627731323,-0.8067840933799744,0.5714285714285714,0.2857142857142857,0.3857516348361969,0.2357516348361969
NHHREGW,-0.13876649737358093,-1.3965723514556885,0.7142857142857143,0.4285714285714285,0.4183983504772186,0.3183983504772186
YHSFTAN,-0.5858829021453857,-1.3801475763320923,0.5714285714285714,0.2857142857142857,0.4201415181159973,0.2701415181159973
APTRHAG,1.3233569860458374,-2.5940768718719482,0.5714285714285714,0.4285714285714285,0.291309118270874,0.141309118270874
VSDEANN,-0.9883646965026855,-4.977765083312988,0.5714285714285714,0.4285714285714285,0.0383320972323417,0.0
YYHLSAS,-1.7861970663070679,-0.5359907746315002,0.5714285714285714,0.2857142857142857,0.3958253860473633,0.2458253860473633
YSPANEN,-0.5166832208633423,-3.8257501125335693,0.4285714285714285,0.2857142857142857,0.1605935990810394,0.0
WTSRSPP,0.963189959526062,-2.8536438941955566,0.5714285714285714,0.4285714285714285,0.2637616991996765,0.1137616991996765
VNKRSNN,-2.276183605194092,-0.37004387378692627,0.5714285714285714,0.2857142857142857,0.3377961218357086,0.1877961218357086
GMANDVN,-0.6096750497817993,-3.9627435207366943,0.7142857142857143,0.5714285714285714,0.1460547149181366,0.0460547149181366
TYEARNT,0.8979439735412598,-3.8071792125701904,0.5714285714285714,0.5714285714285714,0.1625645011663437,0.0125645011663436
CYVPDNN,-4.183187484741211,0.10272005945444107,0.7142857142857143,0.4285714285714285,0.1119489967823028,0.0119489967823028
RTSAPLN,0.4287560284137726,-3.6565005779266357,0.5714285714285714,0.5714285714285714,0.1785557866096496,0.0285557866096496
DYSYDFN,-2.8744006156921387,0.2348271608352661,0.7142857142857143,0.4285714285714285,0.2669490873813629,0.1669490873813629
MLTAVQN,-0.1927536427974701,-4.294619083404541,0.5714285714285714,0.5714285714285714,0.1108332872390747,0.0
LTHVRQI,-0.7571958303451538,-2.597426176071167,0.5714285714285714,0.5714285714285714,0.290953665971756,0.140953665971756
HSRSNQN,1.04485285282135,-2.014235019683838,0.4285714285714285,0.4285714285714285,0.3528468012809753,0.1528468012809753
IYERTMT,0.020685935392975807,-1.9775934219360352,0.4285714285714285,0.4285714285714285,0.3567355275154114,0.1567355275154114
SSWRWGG,-3.185154676437378,0.6022772789001465,0.5714285714285714,0.5714285714285714,0.2301463633775711,0.0801463633775711
QYRCPGE,-3.744220018386841,-0.9718878865242004,0.7142857142857143,0.4285714285714285,0.1639360636472702,0.0639360636472702
YTSRWSV,-2.4221856594085693,-0.08998104184865952,0.5714285714285714,0.4285714285714285,0.3205050528049469,0.1705050528049469
YSSRKGN,-2.324881076812744,-0.9067159295082092,0.5714285714285714,0.1428571428571428,0.332028865814209,0.182028865814209
VYHLDNA,-0.007829887792468071,-1.4246304035186768,0.7142857142857143,0.4285714285714285,0.4154205918312073,0.3154205918312073
HRQRSSN,-4.009986877441406,1.1332365274429321,0.5714285714285714,0.4285714285714285,0.132461205124855,0.0
IVGRSNC,-3.58512544631958,0.00557374581694603,0.7142857142857143,0.2857142857142857,0.1827776879072189,0.0827776879072189
FYSRNNN,0.1168040782213211,-1.3470075130462646,0.7142857142857143,0.1428571428571428,0.4236586093902588,0.3236586093902588
HCEDSNE,-4.285393714904785,-0.3117999732494354,0.7142857142857143,0.4285714285714285,0.099844679236412,0.0
YCHHIVN,-4.226574897766113,-0.45753780007362366,0.7142857142857143,0.1428571428571428,0.1068106144666671,0.0068106144666671
TYPKEGN,0.7448715567588806,-3.4166440963745117,0.5714285714285714,0.1428571428571428,0.2040113657712936,0.0540113657712936
YWRMQSN,-2.3863205909729004,1.119322419166565,0.5714285714285714,0.2857142857142857,0.3247525691986084,0.1747525691986084
IYHRSYN,-1.8673734664916992,1.576912760734558,0.5714285714285714,0.1428571428571428,0.3862116634845733,0.2362116634845733
NFEWSPP,-2.4588537216186523,-0.36564168334007263,0.7142857142857143,0.5714285714285714,0.3161624372005462,0.2161624372005463
YTYEWAE,-3.554866313934326,0.10883045941591263,0.7142857142857143,0.5714285714285714,0.1863612979650497,0.0863612979650497
YYHLGHN,-1.7085450887680054,-0.48849642276763916,0.5714285714285714,0.2857142857142857,0.4050217270851135,0.2550217270851135
SRRSRGY,-4.200551986694336,1.1978381872177124,0.7142857142857143,0.4285714285714285,0.1098925173282623,0.0098925173282623
DYSESNH,-0.2886674702167511,-2.0450971126556396,0.5714285714285714,0.2857142857142857,0.3495714664459228,0.1995714664459228
AYHREES,1.086922526359558,-1.8383361101150513,0.5714285714285714,0.2857142857142857,0.3715146780014038,0.2215146780014038
ILHRISN,0.35038498044013977,0.2591787576675415,0.7142857142857143,0.2857142857142857,0.5941205620765686,0.4941205620765686
SYHATNN,0.8449504971504211,-2.098520040512085,0.5714285714285714,0.2857142857142857,0.3439017832279205,0.1939017832279205
YSMDPNN,-0.14598192274570465,-3.333622455596924,0.5714285714285714,0.4285714285714285,0.2128223329782486,0.0628223329782486
YNHRFRN,-3.5360758304595947,-0.4384664297103882,0.7142857142857143,0.2857142857142857,0.1885866522789001,0.0885866522789001
LYHLSTN,-0.7576040625572205,-2.1700968742370605,0.4285714285714285,0.2857142857142857,0.3363054394721985,0.1363054394721985
IWPPDTA,-2.2387471199035645,-2.17617130279541,0.5714285714285714,0.5714285714285714,0.3356607556343078,0.1856607556343078
YSRYPVQ,-0.8199760317802429,0.29880625009536743,0.5714285714285714,0.2857142857142857,0.5102553367614746,0.3602553367614746
YSHRGNN,2.081707000732422,0.43517470359802246,0.4285714285714285,0.1428571428571428,0.6127987504005432,0.4127987504005432
RYGIPNN,0.3812001943588257,-1.9670264720916748,0.7142857142857143,0.4285714285714285,0.3578569889068603,0.2578569889068604
YDHKLHL,-0.20833903551101685,-2.674300193786621,0.7142857142857143,0.4285714285714285,0.2827951312065124,0.1827951312065124
HFSSNNT,0.4326585829257965,-4.108449459075928,0.5714285714285714,0.2857142857142857,0.1305911689996719,0.0
TYRQKRN,-3.3113489151000977,1.224001169204712,0.7142857142857143,0.2857142857142857,0.2152011394500732,0.1152011394500732
QMHRSQN,0.548352062702179,-0.6722905039787292,0.5714285714285714,0.2857142857142857,0.495265245437622,0.345265245437622
QSKRGWN,-3.0296027660369873,-0.5304112434387207,0.5714285714285714,0.2857142857142857,0.2485684305429458,0.0985684305429458
SHHHSEN,0.29473021626472473,-1.8290648460388184,0.5714285714285714,0.1428571428571428,0.3724986314773559,0.2224986314773559
NYHISVS,-0.22238846123218536,-2.0851433277130127,0.5714285714285714,0.2857142857142857,0.3453214168548584,0.1953214168548584
YTHRGEN,0.7890411615371704,-0.4567517042160034,0.5714285714285714,0.2857142857142857,0.5181400179862976,0.3681400179862976
NHRRIMN,-4.327725887298584,-0.5145037770271301,0.5714285714285714,0.4285714285714285,0.0948312655091285,0.0
YSRLQQC,-2.9893109798431396,3.011000871658325,0.4285714285714285,0.2857142857142857,0.2533402144908905,0.0533402144908905
YVHRITN,0.2703710198402405,0.9063720107078552,0.5714285714285714,0.1428571428571428,0.639385461807251,0.4893854618072509
IYIRGSN,0.4492535889148712,-0.2158001810312271,0.5714285714285714,0.1428571428571428,0.5437118411064148,0.3937118411064148
LSRYQNN,1.0338445901870728,-0.9377986788749695,0.4285714285714285,0.2857142857142857,0.4670872986316681,0.2670872986316681
SRSRSNN,-4.3011932373046875,-0.2545646131038666,0.5714285714285714,0.1428571428571428,0.09797353297472,0.0
YYRDSEN,-1.0077780485153198,0.41750016808509827,0.4285714285714285,0.1428571428571428,0.4880138337612152,0.2880138337612152
MYSRSNP,1.842734456062317,0.9095163941383362,0.4285714285714285,0.1428571428571428,0.6631398797035217,0.4631398797035218
VYTRNNN,1.5617637634277344,0.8477640748023987,0.4285714285714285,0.1428571428571428,0.6565861701965332,0.4565861701965332
NSRQVLE,1.0070034265518188,-4.138082981109619,0.5714285714285714,0.4285714285714285,0.1274462193250656,0.0
ISTKLGY,1.1545207500457764,-3.2999141216278076,0.7142857142857143,0.4285714285714285,0.2163997441530227,0.1163997441530227
SFSRGMA,0.9465970396995544,-0.8778977990150452,0.7142857142857143,0.4285714285714285,0.4734444618225097,0.3734444618225098
YSRRSHC,-4.300004959106445,1.822582721710205,0.5714285714285714,0.1428571428571428,0.0981142669916153,0.0
NCECDVN,-4.189526081085205,-0.2299078106880188,0.7142857142857143,0.5714285714285714,0.1111983135342598,0.0111983135342598
YGIRQAN,1.519705891609192,-2.072235584259033,0.7142857142857143,0.0,0.3466913104057312,0.2466913104057312
IHRFGFN,-2.7085938453674316,1.536267638206482,0.5714285714285714,0.2857142857142857,0.2865856289863586,0.1365856289863586
VNSRAFE,1.3165663480758667,-3.6948466300964355,0.7142857142857143,0.4285714285714285,0.1744861751794815,0.0744861751794815
YYHRSAN,-1.2602688074111938,1.0208686590194702,0.5714285714285714,0.1428571428571428,0.4581112861633301,0.30811128616333
ISRSEPN,0.8583930134773254,-3.237515449523926,0.4285714285714285,0.2857142857142857,0.2230220139026641,0.0230220139026642
YHRVGQT,1.0092271566390991,1.8608335256576538,0.4285714285714285,0.2857142857142857,0.7268884778022766,0.5268884778022767
IIHCSNI,-4.1562628746032715,-0.3673091232776642,0.5714285714285714,0.4285714285714285,0.1151376888155937,0.0
YSQQHIN,1.4230904579162598,-3.6481528282165527,0.5714285714285714,0.4285714285714285,0.1794417202472686,0.0294417202472686
YDLVSMN,-1.3070446252822876,-2.8848628997802734,0.5714285714285714,0.4285714285714285,0.2604484558105469,0.1104484558105468
PTSISYG,-0.8160881400108337,-2.1736690998077393,0.5714285714285714,0.2857142857142857,0.3359263241291046,0.1859263241291046
SNPPLHA,0.2816178798675537,-3.724766492843628,0.5714285714285714,0.5714285714285714,0.1713108420372009,0.0213108420372009
QYTRSDI,0.27013102173805237,0.8360349535942078,0.4285714285714285,0.2857142857142857,0.6393570303916931,0.4393570303916931
ELTRITN,1.116904616355896,-1.9889510869979858,0.7142857142857143,0.1428571428571428,0.3555301427841186,0.2555301427841187
YIHISNS,-0.2410159409046173,-2.5719499588012695,0.5714285714285714,0.2857142857142857,0.2936574220657348,0.1436574220657348
YYHRWVL,-3.749512195587158,0.876116156578064,0.7142857142857143,0.2857142857142857,0.1633093059062957,0.0633093059062957
YSFVEEE,-1.6160228252410889,0.056360531598329544,0.7142857142857143,0.4285714285714285,0.4159792065620422,0.3159792065620422
HISAQNQ,-0.1140935868024826,-4.329078197479248,0.8571428571428571,0.2857142857142857,0.107176199555397,0.0568538215011358
IYHRSEN,0.7110471725463867,1.5264701843261719,0.5714285714285714,0.0,0.6915748715400696,0.5415748715400696
FQFERST,-0.5781041383743286,-0.7107738256454468,0.7142857142857143,0.7142857142857143,0.4911810457706451,0.3911810457706451
YHHVNQY,-1.8019179105758667,-1.1538113355636597,0.7142857142857143,0.2857142857142857,0.3939635753631592,0.2939635753631592
YYRSSWP,-2.8617966175079346,2.6884419918060303,0.5714285714285714,0.2857142857142857,0.268441766500473,0.118441766500473
MYRSKAY,-3.1452200412750244,0.3984181880950928,0.7142857142857143,0.4285714285714285,0.2348758429288864,0.1348758429288864
QTHRSGG,1.6165425777435303,-1.9980181455612183,0.7142857142857143,0.4285714285714285,0.3545678555965423,0.2545678555965424
YYHRSNQ,-1.2950923442840576,1.3005563020706177,0.5714285714285714,0.0,0.4539870917797088,0.3039870917797088
YYHRPPN,-1.1862660646438599,0.49919241666793823,0.5714285714285714,0.2857142857142857,0.4668754637241363,0.3168754637241363
IIHRFNH,-0.8196441531181335,-0.509194552898407,0.7142857142857143,0.4285714285714285,0.5102946162223816,0.4102946162223816
YSSHNFN,-0.09211688488721848,-2.052478790283203,0.4285714285714285,0.2857142857142857,0.3487880527973175,0.1487880527973175
HDSWAHQ,-2.65704083442688,-1.229263424873352,0.8571428571428571,0.4285714285714285,0.2926910817623138,0.2426910817623138
YGRSCDN,-3.8442070484161377,0.5673969984054565,0.4285714285714285,0.4285714285714285,0.1520945727825164,0.0
TSPYNEN,-1.3866803646087646,-4.187045574188232,0.5714285714285714,0.4285714285714285,0.1222498938441276,0.0
MKHSYNN,0.48191413283348083,-1.6743143796920776,0.7142857142857143,0.4285714285714285,0.3889220356941223,0.2889220356941223
MDARSFP,0.9712342619895935,-2.8196969032287598,0.5714285714285714,0.5714285714285714,0.2673644125461578,0.1173644125461578
EMQDVKN,0.9639248847961426,-4.893316268920898,0.8571428571428571,0.5714285714285714,0.0472945123910903,0.0
WVHRANY,-1.7633025646209717,0.07607840746641159,0.7142857142857143,0.4285714285714285,0.3985368013381958,0.2985368013381958
SCNDSLH,-3.468191385269165,-1.1517459154129028,0.7142857142857143,0.5714285714285714,0.1966262310743332,0.0966262310743332
ISRLSND,1.5429052114486694,-2.646711826324463,0.4285714285714285,0.2857142857142857,0.2857230603694916,0.0857230603694916
YSRSQAI,1.1959174871444702,0.6586968898773193,0.5714285714285714,0.1428571428571428,0.6365208029747009,0.4865208029747009
YLEVQQN,-0.8736979961395264,-3.304387092590332,0.5714285714285714,0.4285714285714285,0.2159250229597091,0.0659250229597091
YQLAWAN,-3.0141963958740234,-0.9754133224487305,0.7142857142857143,0.5714285714285714,0.2503930032253265,0.1503930032253265
VSISEGY,-1.327552080154419,-3.7564523220062256,0.7142857142857143,0.4285714285714285,0.1679480671882629,0.0679480671882629
DCEFDNN,-3.8687703609466553,-0.39519238471984863,0.7142857142857143,0.4285714285714285,0.1491855233907699,0.0491855233907699
YSSDNCN,-4.08420467376709,-0.7915399670600891,0.4285714285714285,0.4285714285714285,0.123671568930149,0.0
YSRRSND,1.2389074563980103,-0.03376728296279907,0.4285714285714285,0.1428571428571428,0.5630307197570801,0.3630307197570801
YYHQSGY,-2.39782977104187,-0.5518009066581726,0.5714285714285714,0.2857142857142857,0.3233895301818847,0.1733895301818847
MLADEPF,-0.6530683040618896,-4.352859020233154,0.7142857142857143,0.5714285714285714,0.1046523749828338,0.0035728495568037
YSAKSHC,-2.7315750122070312,-0.95572829246521,0.5714285714285714,0.4285714285714285,0.2838639616966247,0.1338639616966247
YLMSSPI,-2.19893741607666,-2.447152614593506,0.4285714285714285,0.4285714285714285,0.3069019615650177,0.1069019615650177
YYVHSTE,-1.7753431797027588,-0.22533369064331055,0.5714285714285714,0.2857142857142857,0.3971108198165893,0.2471108198165893
YYETQNP,-1.8076088428497314,-1.5972765684127808,0.7142857142857143,0.2857142857142857,0.3932895958423614,0.2932895958423615
MYHRSSN,0.15759551525115967,1.094336748123169,0.5714285714285714,0.1428571428571428,0.6260294318199158,0.4760294318199157
LYHEHGQ,-0.4165797233581543,-2.8129770755767822,0.7142857142857143,0.2857142857142857,0.2680775821208954,0.1680775821208954
YTRYQKN,-2.515300750732422,0.2428479641675949,0.5714285714285714,0.2857142857142857,0.3094773888587951,0.1594773888587951
HTHQANC,-3.655264377593994,-0.6629636287689209,0.7142857142857143,0.4285714285714285,0.1744711101055145,0.0744711101055145
HSRSSGN,1.0643681287765503,-1.257414698600769,0.4285714285714285,0.1428571428571428,0.4331669211387634,0.2331669211387634
YTRRSNN,-2.077165126800537,-0.09730173647403717,0.2857142857142857,0.2857142857142857,0.36136594414711,0.1113659441471099
NEQRVKN,0.6382321715354919,-2.914177894592285,0.7142857142857143,0.4285714285714285,0.2573373019695282,0.1573373019695282
VKSRHCN,-4.807652473449707,1.6894540786743164,0.7142857142857143,0.4285714285714285,0.0379933938384056,0.0
VCTMSDN,-4.04492712020874,-0.8153663277626038,0.5714285714285714,0.2857142857142857,0.1283232271671295,0.0
YYHRSNF,-1.4621323347091675,1.2062994241714478,0.5714285714285714,0.1428571428571428,0.434204488992691,0.284204488992691
VQSLSPL,-0.18079808354377747,-4.021814823150635,0.7142857142857143,0.4285714285714285,0.1397855728864669,0.0397855728864669
FYHRQKV,-2.905743360519409,1.0571280717849731,0.5714285714285714,0.4285714285714285,0.2632371485233307,0.1132371485233307
YYFRSNE,-1.2050328254699707,0.7906376719474792,0.5714285714285714,0.2857142857142857,0.4646528959274292,0.3146528959274292
HYHRPNI,-1.0060598850250244,0.4234643578529358,0.7142857142857143,0.2857142857142857,0.488217294216156,0.388217294216156
SYRWSQN,-3.095106363296509,1.1142499446868896,0.5714285714285714,0.1428571428571428,0.240810826420784,0.090810826420784
PMGEENN,-0.7092850208282471,-4.982830047607422,0.7142857142857143,0.4285714285714285,0.0377945601940155,0.0
YPTRSVV,1.644853115081787,-1.4140888452529907,0.5714285714285714,0.2857142857142857,0.4165393710136413,0.2665393710136413
DCTRSVN,-3.989582061767578,-0.2831643223762512,0.5714285714285714,0.4285714285714285,0.1348777562379837,0.0
HYIVASY,-3.515367269515991,-0.5088188648223877,0.5714285714285714,0.5714285714285714,0.1910391747951507,0.0410391747951507
HYHRQNV,-1.3495436906814575,0.25160759687423706,0.5714285714285714,0.1428571428571428,0.4475384354591369,0.2975384354591369
QYSIVAN,-0.379375696182251,-2.363894462585449,0.7142857142857143,0.2857142857142857,0.3157380223274231,0.2157380223274231
DYHRLGV,-0.5652428269386292,-1.070120096206665,0.5714285714285714,0.2857142857142857,0.4530442357063293,0.3030442357063293
YYHIHQE,-1.8593263626098633,-1.4184279441833496,0.7142857142857143,0.4285714285714285,0.3871646821498871,0.2871646821498871
NYLNGSN,0.1822054386138916,-2.857666015625,0.5714285714285714,0.4285714285714285,0.2633348107337951,0.1133348107337951
YSVALAK,-0.3317755460739136,-3.3068830966949463,0.7142857142857143,0.4285714285714285,0.2156601399183273,0.1156601399183273
NYHRFAN,-2.0399436950683594,0.3786192238330841,0.7142857142857143,0.1428571428571428,0.3657740950584411,0.2657740950584412
IYKRSEG,1.3081260919570923,-0.336191326379776,0.5714285714285714,0.2857142857142857,0.5309349298477173,0.3809349298477172
MYHSFNS,-1.8511054515838623,-0.4468429982662201,0.7142857142857143,0.2857142857142857,0.3881382644176483,0.2881382644176483
HSRSIGW,-2.1477160453796387,-0.9711806178092957,0.7142857142857143,0.4285714285714285,0.3530105948448181,0.2530105948448181
LLRYAIC,-4.480970859527588,-0.9021879434585571,0.5714285714285714,0.5714285714285714,0.076682411134243,0.0
EYSRSKT,0.4548799991607666,-0.4022880494594574,0.5714285714285714,0.2857142857142857,0.5239201784133911,0.3739201784133911
YFRSIPN,-1.0334551334381104,0.5879520773887634,0.4285714285714285,0.2857142857142857,0.4849728643894195,0.2849728643894196
YYHHSGR,-2.359466552734375,0.6904569268226624,0.5714285714285714,0.1428571428571428,0.3279328942298889,0.1779328942298889
HYCYSAR,-4.7726569175720215,1.0863852500915527,0.7142857142857143,0.4285714285714285,0.0421379283070564,0.0
CYSRSNN,-4.320734024047852,1.2227267026901245,0.5714285714285714,0.1428571428571428,0.09565931558609,0.0
GRSRANY,-4.305603981018066,0.4297177493572235,0.7142857142857143,0.4285714285714285,0.0974511727690696,0.0
YSRGSPN,2.7337636947631836,3.429210901260376,0.1428571428571428,0.1428571428571428,0.9305509924888612,0.630550992488861
VYTRNNN,1.5617637634277344,0.8477640748023987,0.4285714285714285,0.1428571428571428,0.6565861701965332,0.4565861701965332
QYYEMNN,-2.657306671142578,-0.18679983913898468,0.7142857142857143,0.2857142857142857,0.29265958070755,0.19265958070755
YYHLYPN,-3.4722330570220947,-0.2196539342403412,0.5714285714285714,0.2857142857142857,0.1961475759744644,0.0461475759744644
VNHGRAR,-4.661954879760742,-0.4006127417087555,0.7142857142857143,0.4285714285714285,0.0552484095096588,0.0
IEQLAAN,-0.582406759262085,-5.338951110839844,0.7142857142857143,0.4285714285714285,0.0,0.0
MTCRLWA,-4.141993045806885,0.6097829341888428,0.7142857142857143,0.2857142857142857,0.1168276667594909,0.0168276667594909
SYFRSSP,-0.7807156443595886,0.8702375292778015,0.4285714285714285,0.2857142857142857,0.5149049162864685,0.3149049162864685
WSHCSCS,-3.173621892929077,-0.38175204396247864,0.7142857142857143,0.4285714285714285,0.2315122038125991,0.1315122038125992
CHNVFPN,-3.3433847427368164,-0.5553922057151794,0.7142857142857143,0.4285714285714285,0.2114071249961853,0.1114071249961853
YCSHFQG,-2.8048508167266846,-0.38876795768737793,0.8571428571428571,0.2857142857142857,0.2751858830451965,0.2251858830451965
IYRSINN,0.6944200396537781,-1.3716378211975098,0.5714285714285714,0.2857142857142857,0.4210446178913116,0.2710446178913116
FGIPQAN,0.5468732118606567,-4.713597774505615,0.8571428571428571,0.2857142857142857,0.0663677528500557,0.003802840784192
YMHRSEV,0.8839576244354248,0.5728979706764221,0.5714285714285714,0.2857142857142857,0.627415120601654,0.477415120601654
YYHSRSN,-1.3213396072387695,0.18930555880069733,0.5714285714285714,0.2857142857142857,0.4508786201477051,0.300878620147705
LLHRSPY,-0.7356286644935608,-0.6319988369941711,0.7142857142857143,0.4285714285714285,0.499541312456131,0.399541312456131
YRTHENN,0.5894004702568054,-1.968510389328003,0.5714285714285714,0.4285714285714285,0.3576994836330414,0.2076994836330414
MYHRSLW,-2.8302161693573,1.0502930879592896,0.5714285714285714,0.4285714285714285,0.2721818685531616,0.1221818685531616
SYHYNNN,-1.6833796501159668,-0.42891186475753784,0.7142857142857143,0.2857142857142857,0.408002108335495,0.308002108335495
VYTRASN,1.4594546556472778,1.9316715002059937,0.4285714285714285,0.1428571428571428,0.7716195583343506,0.5716195583343506
VSSRPTK,-3.032726764678955,-0.8711181879043579,0.5714285714285714,0.4285714285714285,0.248198464512825,0.098198464512825
CHRMSSQ,-3.024573564529419,1.0277762413024902,0.4285714285714285,0.4285714285714285,0.2491640448570251,0.0491640448570251
YSRSFGT,-0.4253578186035156,0.5590680241584778,0.5714285714285714,0.2857142857142857,0.5569900870323181,0.4069900870323181
YYERCNK,-3.3481438159942627,-0.05006204918026924,0.7142857142857143,0.4285714285714285,0.2108435034751892,0.1108435034751892
VYHRANN,0.8740494847297668,1.5839598178863525,0.5714285714285714,0.1428571428571428,0.7108793258666992,0.5608793258666992
QYHILNN,-1.4476710557937622,-2.5315635204315186,0.7142857142857143,0.1428571428571428,0.2979435622692108,0.1979435622692108
GTDRNQT,0.5436215996742249,-4.373091697692871,0.7142857142857143,0.4285714285714285,0.1025051176548004,0.0007814150303602
VYSRPGS,1.7802654504776,0.9048892855644226,0.4285714285714285,0.2857142857142857,0.6626487970352173,0.4626487970352173
GQHNLNP,0.30374565720558167,-4.321838855743408,0.7142857142857143,0.4285714285714285,0.1079444959759712,0.0078526068478822
GSIRGWN,-2.632612466812134,-0.8268566131591797,0.5714285714285714,0.4285714285714285,0.2955841422080993,0.1455841422080993
YDPGSEN,-0.7640806436538696,-3.7297847270965576,0.5714285714285714,0.4285714285714285,0.1707782596349716,0.0207782596349716
VCYRAGN,-3.8078701496124268,-0.14343297481536865,0.7142857142857143,0.2857142857142857,0.1563979536294937,0.0563979536294937
HCHRYSP,-3.949338912963867,1.0662853717803955,0.7142857142857143,0.5714285714285714,0.1396437585353851,0.0396437585353851
RYPHHTC,-3.6883292198181152,0.3157213628292084,0.7142857142857143,0.2857142857142857,0.1705552339553833,0.0705552339553833
INTRVAL,1.7261396646499634,-3.185180187225342,0.5714285714285714,0.4285714285714285,0.2285762727260589,0.0785762727260589
NWSRLAN,-1.8511720895767212,-0.010343366302549839,0.7142857142857143,0.2857142857142857,0.3881303966045379,0.288130396604538
QYSIAPI,-0.902884304523468,-0.8980695605278015,0.5714285714285714,0.2857142857142857,0.4713036715984344,0.3213036715984344
TYSSSKN,2.1868340969085693,-2.9985203742980957,0.5714285714285714,0.2857142857142857,0.2483861744403839,0.0983861744403839
IYGNTNE,-0.275089830160141,-2.3859684467315674,0.7142857142857143,0.4285714285714285,0.3133953213691711,0.2133953213691711
YYMRFLV,-4.093825817108154,-0.057187553495168686,0.7142857142857143,0.4285714285714285,0.1225321292877197,0.0225321292877197
GHHRSDS,0.7483048439025879,-1.4734715223312378,0.7142857142857143,0.1428571428571428,0.4102371633052826,0.3102371633052826
VDTAVNN,-0.4410099685192108,-4.75268030166626,0.7142857142857143,0.4285714285714285,0.0622199848294258,0.0
YSHRNHL,-0.03799136355519295,-0.5762554407119751,0.5714285714285714,0.4285714285714285,0.5054572820663452,0.3554572820663452
YSLASYR,-2.3230996131896973,-1.5781540870666504,0.5714285714285714,0.5714285714285714,0.3322398364543915,0.1822398364543914
SMFMGSI,-2.4133224487304688,-2.3152732849121094,0.7142857142857143,0.5714285714285714,0.3208980858325958,0.2208980858325958
MSERNLQ,1.3228766918182373,-4.285783290863037,0.5714285714285714,0.4285714285714285,0.1117710173130035,0.0
KYWSHAP,-2.4701247215270996,0.39496949315071106,0.5714285714285714,0.4285714285714285,0.3148276209831238,0.1648276209831237
WSRRPNN,-2.013347625732422,-1.013257622718811,0.5714285714285714,0.1428571428571428,0.3689238727092743,0.2189238727092743
YTRRALT,-2.9989066123962402,-1.0264438390731812,0.5714285714285714,0.4285714285714285,0.2522037923336029,0.1022037923336029
IYGVVAM,-1.455297589302063,-0.6769258975982666,0.7142857142857143,0.5714285714285714,0.4350139498710632,0.3350139498710632
TEADSND,-0.9931738972663879,-4.857822418212891,0.7142857142857143,0.5714285714285714,0.0510614179074764,0.0
QYVRLFE,-2.742544174194336,-0.006524052936583757,0.7142857142857143,0.2857142857142857,0.2825648784637451,0.1825648784637451
VLKRAYM,-3.6842076778411865,-0.8408965468406677,0.5714285714285714,0.4285714285714285,0.1710433512926101,0.0210433512926101
YYIRNME,-1.8265661001205444,-0.7294502258300781,0.5714285714285714,0.2857142857142857,0.3910444676876068,0.2410444676876068
NCSRTNN,-3.4186296463012695,-0.6315904259681702,0.7142857142857143,0.2857142857142857,0.2024958431720733,0.1024958431720733
NFDRHLR,-2.485539674758911,-0.27483174204826355,0.7142857142857143,0.1428571428571428,0.3130020201206207,0.2130020201206207
YSRLGQD,2.593733549118042,2.350282669067383,0.2857142857142857,0.0,0.8160461187362671,0.5660461187362671
NFCRSNK,-4.280208587646484,0.20085826516151428,0.7142857142857143,0.2857142857142857,0.1004587560892105,0.0004587560892105
PKGVIQG,1.1921370029449463,-4.083265781402588,0.7142857142857143,0.2857142857142857,0.1332638710737228,0.0332638710737228
GFKRSYR,-4.570103168487549,0.5654107332229614,0.5714285714285714,0.5714285714285714,0.0661264434456825,0.0
VVHRSGN,1.2158324718475342,-1.1480149030685425,0.5714285714285714,0.2857142857142857,0.4447773396968841,0.2947773396968841
YCRVDND,-3.3186862468719482,0.08513519167900085,0.5714285714285714,0.4285714285714285,0.214332178235054,0.064332178235054
SQSRSAP,1.493972897529602,-2.6539604663848877,0.5714285714285714,0.2857142857142857,0.284953773021698,0.134953773021698
YMDRSEN,0.8342399597167969,-2.46663761138916,0.5714285714285714,0.2857142857142857,0.3048340380191803,0.1548340380191803
YYHRNSN,-1.1497745513916016,0.3425467908382416,0.5714285714285714,0.1428571428571428,0.4711971282958984,0.3211971282958984
EYTYMFM,-4.506075382232666,-0.6485189199447632,0.7142857142857143,0.4285714285714285,0.0737092718482017,0.0
YSRFLVN,-2.1047513484954834,0.6860561370849609,0.4285714285714285,0.1428571428571428,0.3580988943576813,0.1580988943576813
QWHRSNA,-0.7149324417114258,-0.2149762660264969,0.7142857142857143,0.2857142857142857,0.5226956605911255,0.4226956605911255
VYCRRNN,-4.119893550872803,1.4106510877609253,0.5714285714285714,0.2857142857142857,0.1194449216127395,0.0
YYSRLFK,-4.24364709854126,0.1476370245218277,0.7142857142857143,0.2857142857142857,0.1047887429594993,0.0047887429594993
IYIRSGN,0.5108826756477356,-0.19852247834205627,0.5714285714285714,0.0,0.5455454587936401,0.3955454587936401
YYERALI,-1.8536566495895386,-0.2697336673736572,0.7142857142857143,0.2857142857142857,0.3878361284732818,0.2878361284732819
VYSQSGN,0.6869394779205322,-1.9928101301193237,0.5714285714285714,0.2857142857142857,0.3551205992698669,0.2051205992698669
YRRRGDP,-2.8718032836914062,0.22567212581634521,0.4285714285714285,0.4285714285714285,0.2672566771507263,0.0672566771507263
YYDYITD,-3.226567029953003,-1.037219524383545,0.7142857142857143,0.5714285714285714,0.2252418845891952,0.1252418845891952
VYYRESQ,-0.9769337177276611,2.15755558013916,0.5714285714285714,0.4285714285714285,0.491666704416275,0.341666704416275
YSTPAEA,-0.49246013164520264,-4.015644550323486,0.5714285714285714,0.4285714285714285,0.1404404044151306,0.0
SYTRASL,0.4065912365913391,0.5157051682472229,0.5714285714285714,0.4285714285714285,0.6213453412055969,0.4713453412055969
SSLENNS,-0.8217987418174744,-4.918828010559082,0.7142857142857143,0.4285714285714285,0.04458699375391,0.0
YLHRGNN,0.5006665587425232,1.3705354928970337,0.5714285714285714,0.1428571428571428,0.6666594743728638,0.5166594743728637
SFNMSSK,0.47090473771095276,-3.185791492462158,0.7142857142857143,0.5714285714285714,0.2285113930702209,0.1285113930702209
DSSHSNN,-0.3787480592727661,-4.352775573730469,0.5714285714285714,0.2857142857142857,0.1046612337231636,0.0
MNWRTEE,-1.2180265188217163,-1.587848424911499,0.7142857142857143,0.5714285714285714,0.3980985283851623,0.2980985283851624
YKEASDS,0.1622065305709839,-3.310868978500366,0.7142857142857143,0.4285714285714285,0.2152371108531952,0.1152371108531952
YHYSSPP,-0.6009106636047363,-0.575799822807312,0.4285714285714285,0.4285714285714285,0.5055056214332581,0.3055056214332581
SYSSHGE,0.33359622955322266,-3.3502771854400635,0.7142857142857143,0.4285714285714285,0.2110547870397567,0.1110547870397567
MYSRANW,-2.409238815307617,1.143999457359314,0.7142857142857143,0.1428571428571428,0.3220383524894714,0.2220383524894714
PVRSMEE,-0.20068544149398804,-3.490678548812866,0.5714285714285714,0.5714285714285714,0.1961542218923568,0.0461542218923568
YRRSLQG,-2.7947745323181152,-0.27058327198028564,0.5714285714285714,0.2857142857142857,0.2763792276382446,0.1263792276382446
YYCSQWN,-4.545776844024658,1.7121843099594116,0.5714285714285714,0.2857142857142857,0.0690074190497398,0.0
VRNRGQE,0.8327531218528748,-2.8122360706329346,0.5714285714285714,0.4285714285714285,0.2681562304496765,0.1181562304496765
ISAVDEN,-1.0550062656402588,-4.437669277191162,0.7142857142857143,0.4285714285714285,0.0956516042351722,0.0
FKHRHNS,-2.6910970211029053,-0.32451027631759644,0.7142857142857143,0.4285714285714285,0.2886577844619751,0.1886577844619751
YNAAMCY,-3.4473047256469727,-0.8739252686500549,0.7142857142857143,0.5714285714285714,0.1990998536348343,0.0990998536348343
AMHMSGT,0.5238431692123413,-3.2085843086242676,0.7142857142857143,0.4285714285714285,0.2260924279689788,0.1260924279689789
PLLRPNS,1.5491358041763306,-3.1162781715393066,0.7142857142857143,0.4285714285714285,0.235888734459877,0.135888734459877
YHVRNVG,0.5822865962982178,-0.46500343084335327,0.5714285714285714,0.2857142857142857,0.5172642469406128,0.3672642469406127
IHHRNNN,-0.0299086757004261,-0.5945475101470947,0.5714285714285714,0.0,0.5035160183906555,0.3535160183906555
YLRVSGN,1.1577770709991455,-1.2595497369766235,0.4285714285714285,0.0,0.4329403638839721,0.2329403638839721
YYISQNN,-2.2260730266571045,-0.6790629029273987,0.5714285714285714,0.2857142857142857,0.3437307476997375,0.1937307476997375
YISAKEY,0.6424378156661987,-1.116824984550476,0.7142857142857143,0.2857142857142857,0.4480874836444855,0.3480874836444855
FYISSST,-2.2239372730255127,-2.0111584663391113,0.7142857142857143,0.4285714285714285,0.3439836800098419,0.2439836800098419
LYTRSTK,-4.343245029449463,0.5994625687599182,0.4285714285714285,0.2857142857142857,0.092993326485157,0.0
MYKMQVN,0.3067561388015747,-1.9999940395355225,0.5714285714285714,0.4285714285714285,0.3543581664562225,0.2043581664562225
MKCLSRR,-4.870925426483154,0.9027729034423828,0.5714285714285714,0.4285714285714285,0.0304999575018882,0.0
IYHRSGV,0.3362874686717987,0.501008152961731,0.4285714285714285,0.1428571428571428,0.6197855472564697,0.4197855472564697
YVKYSGK,-2.339378833770752,-0.2979927062988281,0.5714285714285714,0.5714285714285714,0.3303118944168091,0.1803118944168091
HCMYYHI,-5.003171920776367,-0.6318198442459106,0.7142857142857143,0.7142857142857143,0.0148379588499665,0.0
SYSHIRN,-0.9353521466255188,-1.042004942893982,0.7142857142857143,0.1428571428571428,0.456028014421463,0.356028014421463
IYHRGSN,0.7749402523040771,1.4427777528762817,0.5714285714285714,0.0,0.6991417407989502,0.5491417407989502
VSRSPGW,-0.7206836938858032,-1.9107729196548462,0.7142857142857143,0.2857142857142857,0.3638270795345306,0.2638270795345306
TYTRSEN,0.5271173119544983,2.842702865600586,0.4285714285714285,0.1428571428571428,0.6697919964790344,0.4697919964790344
SYSNSVN,0.895855724811554,-2.566765069961548,0.4285714285714285,0.2857142857142857,0.2942076623439789,0.0942076623439789
AYPRLNP,1.1705011129379272,-0.925674319267273,0.5714285714285714,0.4285714285714285,0.4683740139007568,0.3183740139007568
GYHIGAY,-2.1408650875091553,-1.2433844804763794,0.7142857142857143,0.4285714285714285,0.3538219332695007,0.2538219332695007
VYVISIN,-2.239520788192749,0.6889532208442688,0.4285714285714285,0.2857142857142857,0.3421381115913391,0.1421381115913391
TSTMPHN,-0.31122538447380066,-4.469898223876953,0.4285714285714285,0.4285714285714285,0.0922311916947364,0.0
FCNRFSQ,-4.257575035095215,-0.019848015159368515,0.7142857142857143,0.5714285714285714,0.1031392589211463,0.0031392589211464
EYRSLGG,0.40368524193763733,-3.0075321197509766,0.5714285714285714,0.4285714285714285,0.2474297732114792,0.0974297732114791
YSRPSPL,2.024299144744873,-0.0050870319828391075,0.4285714285714285,0.2857142857142857,0.5660744905471802,0.3660744905471802
YTHRNGN,1.4304797649383545,-0.6841855645179749,0.5714285714285714,0.2857142857142857,0.4940028488636017,0.3440028488636016
TYHENNR,-0.19626782834529877,-2.185319423675537,0.5714285714285714,0.2857142857142857,0.3346898853778839,0.1846898853778839
WYHRSSF,-2.4312334060668945,1.170833706855774,0.5714285714285714,0.1428571428571428,0.3194335103034973,0.1694335103034973
YSRKEMR,-1.8119213581085205,0.7235640287399292,0.4285714285714285,0.5714285714285714,0.3927788734436035,0.1927788734436035
YYSRGTN,1.1178619861602783,-0.6129604578018188,0.4285714285714285,0.1428571428571428,0.5015618801116943,0.3015618801116944
VYCRMVN,-4.210306167602539,1.1441386938095093,0.5714285714285714,0.2857142857142857,0.108737327158451,0.0
VMPRGVN,1.1733390092849731,-2.4370546340942383,0.4285714285714285,0.4285714285714285,0.3079736232757568,0.1079736232757568
YYSEQNR,-0.5829049944877625,-0.9144348502159119,0.7142857142857143,0.2857142857142857,0.4695668518543243,0.3695668518543243
GSHTSEI,-0.5107476711273193,-4.390969276428223,0.7142857142857143,0.2857142857142857,0.1006077975034713,0.0
RKDRSNN,-2.2513647079467773,-1.20741868019104,0.5714285714285714,0.4285714285714285,0.3407354354858398,0.1907354354858398
YYARSNN,0.3162451684474945,0.48971354961395264,0.4285714285714285,0.0,0.6185868978500366,0.4185868978500366
ESYHQHN,-0.5751900672912598,-2.5771591663360596,0.7142857142857143,0.2857142857142857,0.2931045591831207,0.1931045591831207
YYHDHNE,-1.8045722246170044,-0.8995019793510437,0.7142857142857143,0.4285714285714285,0.3936492502689361,0.2936492502689362
VTHRGNT,1.6318267583847046,-2.262012243270874,0.7142857142857143,0.1428571428571428,0.3265506029129028,0.2265506029129028
ETGHSTN,0.20298807322978973,-4.767199516296387,0.5714285714285714,0.4285714285714285,0.0606790818274021,0.0
LWKASEL,-0.9812372922897339,-0.36343780159950256,0.5714285714285714,0.5714285714285714,0.491157054901123,0.341157054901123
SYYSIFC,-4.541380882263184,1.2121440172195435,0.7142857142857143,0.4285714285714285,0.0695280283689498,0.0
MSRNFNN,1.5356618165969849,-1.9624559879302979,0.4285714285714285,0.4285714285714285,0.3583420217037201,0.1583420217037201
MYTMSVN,-1.4508161544799805,-1.5149356126785278,0.5714285714285714,0.1428571428571428,0.405836671590805,0.255836671590805
YVVIMFA,-3.754112720489502,0.026922557502985,0.7142857142857143,0.5714285714285714,0.1627644747495651,0.0627644747495651
ESARGHG,1.4037288427352905,-3.4770827293395996,0.7142857142857143,0.5714285714285714,0.1975971162319183,0.0975971162319183
YSYSINN,-1.7899519205093384,0.10050835460424423,0.5714285714285714,0.1428571428571428,0.3953807353973388,0.2453807353973388
YYTSQHS,-0.6345350742340088,-1.9331669807434082,0.5714285714285714,0.1428571428571428,0.3614504337310791,0.2114504337310791
YRRSKDN,-1.4644089937210083,-0.2334616631269455,0.4285714285714285,0.2857142857142857,0.4339348971843719,0.2339348971843719
YLCRANS,-3.6125402450561523,0.20842574536800385,0.7142857142857143,0.2857142857142857,0.1795309484004974,0.0795309484004974
IYHCEEM,-4.359090805053711,-1.4066953659057617,0.7142857142857143,0.4285714285714285,0.0911167040467262,0.0
EQVVFSD,-1.8635324239730835,-3.650743007659912,0.7142857142857143,0.5714285714285714,0.1791668236255645,0.0791668236255645
ISCSVPV,-3.490840196609497,-1.0265980958938599,0.5714285714285714,0.5714285714285714,0.1939439326524734,0.0439439326524734
YYHRGNN,-0.6420488953590393,1.3694806098937988,0.5714285714285714,0.0,0.5313272476196289,0.3813272476196289
ILHFSNN,-1.4088021516799927,-2.338409900665283,0.5714285714285714,0.2857142857142857,0.3184426426887512,0.1684426426887512
NCRSQVA,-3.364535331726074,-0.3678860664367676,0.7142857142857143,0.5714285714285714,0.2089022547006607,0.1089022547006607
RYHIIND,-1.031032919883728,-1.1730951070785522,0.7142857142857143,0.2857142857142857,0.4421156346797943,0.3421156346797943
VGMRGNN,2.156721591949463,-3.9249002933502197,0.5714285714285714,0.1428571428571428,0.1500709503889084,7.095038890839178e-05
YQWRLEV,-2.912708282470703,1.1670958995819092,0.7142857142857143,0.4285714285714285,0.262412279844284,0.162412279844284
WSRSQNN,0.3935796618461609,-1.4214953184127808,0.5714285714285714,0.1428571428571428,0.4157533049583435,0.2657533049583435
VYHVAPP,-0.1601816862821579,-2.122077226638794,0.5714285714285714,0.1428571428571428,0.3414016962051391,0.1914016962051391
DYSRPVT,0.414202481508255,-0.3771583139896393,0.5714285714285714,0.1428571428571428,0.526587188243866,0.3765871882438659
YYSMNAD,-1.5638647079467773,-0.9804258942604065,0.5714285714285714,0.2857142857142857,0.4221563041210174,0.2721563041210174
QYRLSNN,0.8074931502342224,-0.5713691115379333,0.2857142857142857,0.2857142857142857,0.5059758424758911,0.2559758424758911
WYSRGSN,-0.9706935286521912,0.15526244044303894,0.5714285714285714,0.1428571428571428,0.4924057722091675,0.3424057722091674
QHRFRNF,-4.212745189666748,0.6201030611991882,0.5714285714285714,0.4285714285714285,0.1084484681487083,0.0
GTDRLWR,-2.7822816371917725,0.018145669251680374,0.5714285714285714,0.1428571428571428,0.2778587639331817,0.1278587639331817
WDDFLRL,-3.595568895339966,-1.2756423950195312,0.7142857142857143,0.5714285714285714,0.1815408766269683,0.0815408766269683
IAIRGSN,1.7495869398117065,-3.7990920543670654,0.5714285714285714,0.2857142857142857,0.1634227782487869,0.0134227782487869
IYSRSND,1.1894460916519165,1.8282781839370728,0.4285714285714285,0.0,0.748231828212738,0.5482318282127381
YKSDSTE,0.5420698523521423,-3.3821029663085938,0.7142857142857143,0.1428571428571428,0.2076771706342697,0.1076771706342697
VSQRPNN,1.545316457748413,-3.8489139080047607,0.7142857142857143,0.1428571428571428,0.1581352651119232,0.0581352651119232
HHSRSNR,-3.9207558631896973,1.1955444812774658,0.5714285714285714,0.4285714285714285,0.1430288702249527,0.0
QSPRSSN,1.0902296304702759,-3.2017576694488525,0.5714285714285714,0.1428571428571428,0.2268169224262237,0.0768169224262237
GKDPGMN,0.31031763553619385,-4.331111907958984,0.7142857142857143,0.4285714285714285,0.1069603636860847,0.0065732348710298
ILCRANQ,-3.4708101749420166,-0.27885568141937256,0.7142857142857143,0.4285714285714285,0.1963160932064056,0.0963160932064056
YKMRSIN,-3.011021137237549,-0.07525859773159027,0.5714285714285714,0.2857142857142857,0.2507690489292145,0.1007690489292144
YTSMSSA,0.9006863832473755,-2.902324676513672,0.5714285714285714,0.4285714285714285,0.2585952579975128,0.1085952579975128
GYHRGMN,-0.19242851436138153,-0.256343811750412,0.5714285714285714,0.1428571428571428,0.5394089818000793,0.3894089818000793
MHSYSTD,0.029675588011741638,-2.8147315979003906,0.5714285714285714,0.4285714285714285,0.267891377210617,0.117891377210617
VYWKANV,-2.5776050090789795,1.5219193696975708,0.5714285714285714,0.2857142857142857,0.3020986914634704,0.1520986914634704
IYRNSKN,-2.0929532051086426,-0.35645776987075806,0.5714285714285714,0.2857142857142857,0.3594961762428283,0.2094961762428283
SYHRSNN,0.7627543807029724,2.127140998840332,0.5714285714285714,0.0,0.6976985931396484,0.5476985931396484
SYSRANV,1.7213318347930908,1.2222152948379517,0.5714285714285714,0.2857142857142857,0.6963260769844055,0.5463260769844055
LMSRTTI,1.3211413621902466,-2.625680685043335,0.7142857142857143,0.4285714285714285,0.2879550457000732,0.1879550457000732
YSRSSNV,2.354905128479004,0.8655123114585876,0.4285714285714285,0.1428571428571428,0.6584697961807251,0.4584697961807251
YSHRSDN,1.1844526529312134,0.06728149950504303,0.5714285714285714,0.1428571428571428,0.5737548470497131,0.4237548470497131
QCHWGFS,-4.249557971954346,0.8216169476509094,0.7142857142857143,0.5714285714285714,0.1040887162089347,0.0040887162089347
YQTASTN,1.0271761417388916,-4.533701419830322,0.5714285714285714,0.2857142857142857,0.085459865629673,0.0
KRNNFGV,-3.5330123901367188,-1.6875615119934082,0.7142857142857143,0.7142857142857143,0.1889494657516479,0.0889494657516479
YQWRVHN,-1.6939510107040405,0.501481294631958,0.7142857142857143,0.4285714285714285,0.4067501127719879,0.3067501127719879
WVHPSNN,-1.068834900856018,-2.4510254859924316,0.5714285714285714,0.2857142857142857,0.3064909279346466,0.1564909279346466
ISRVDPL,0.8580742478370667,-3.5255982875823975,0.5714285714285714,0.2857142857142857,0.1924482434988021,0.0424482434988021
GHHYSGH,-0.7331386208534241,-0.7743905186653137,0.5714285714285714,0.4285714285714285,0.4844295084476471,0.3344295084476471
PSRDDNS,0.4826236069202423,-4.284948348999023,0.7142857142857143,0.5714285714285714,0.1118596270680427,0.0118596270680427
MSRHGNN,1.313696265220642,-1.7610162496566772,0.4285714285714285,0.2857142857142857,0.3797205090522766,0.1797205090522766
YYNPLNN,-1.6241415739059448,-0.8484501242637634,0.5714285714285714,0.2857142857142857,0.4150176644325256,0.2650176644325256
SPRSQTY,1.5014179944992065,-2.187973976135254,0.5714285714285714,0.2857142857142857,0.334408164024353,0.184408164024353
HYRRRSN,-4.339311599731445,1.185381293296814,0.5714285714285714,0.2857142857142857,0.093459166586399,0.0
YYRGINN,-0.30992111563682556,-0.23898856341838837,0.4285714285714285,0.2857142857142857,0.5412508845329285,0.3412508845329285
GEHKINF,0.8528263568878174,-3.458834409713745,0.7142857142857143,0.4285714285714285,0.1995337754487991,0.0995337754487991
WPYQGQN,-2.3343329429626465,-0.48180001974105835,0.7142857142857143,0.5714285714285714,0.3309094905853271,0.2309094905853271
GFIRHWA,-4.282199859619141,0.9705518484115601,0.7142857142857143,0.4285714285714285,0.1002229303121566,0.0002229303121566
YSPVSPN,0.7023950219154358,-2.040862560272217,0.4285714285714285,0.2857142857142857,0.3500208556652069,0.1500208556652069
WLSYGSH,-3.289982795715332,-1.026894450187683,0.7142857142857143,0.5714285714285714,0.2177315354347229,0.1177315354347229
HSSYGNN,-0.6461601257324219,-1.0963356494903564,0.5714285714285714,0.0,0.450262039899826,0.300262039899826
HHHRSGH,-0.44114071130752563,1.0640006065368652,0.5714285714285714,0.2857142857142857,0.5551208853721619,0.4051208853721618
IYSMIQN,-1.7126524448394775,-2.324601888656616,0.5714285714285714,0.4285714285714285,0.319908082485199,0.1699080824851989
WSHVMEL,-2.683246612548828,-0.9323727488517761,0.5714285714285714,0.4285714285714285,0.289587527513504,0.139587527513504
FTDKDHI,1.2354613542556763,-4.1995530128479,0.7142857142857143,0.4285714285714285,0.1209224984049797,0.0209224984049797
YYHRNEV,-1.1529377698898315,0.96642005443573,0.5714285714285714,0.1428571428571428,0.4708225131034851,0.3208225131034851
SYTENTI,-0.492230623960495,-1.782788634300232,0.7142857142857143,0.4285714285714285,0.3774098455905914,0.2774098455905914
RRATEVN,-0.7871533632278442,-2.97076416015625,0.5714285714285714,0.5714285714285714,0.2513318955898285,0.1013318955898285
IYSRGNP,1.5843440294265747,2.221428632736206,0.5714285714285714,0.2857142857142857,0.7949997186660767,0.6449997186660766
HYSIANI,-1.0405617952346802,-1.9702845811843872,0.5714285714285714,0.4285714285714285,0.3575112223625183,0.2075112223625183
SYFRSIE,-1.5201152563095093,-0.3348456025123596,0.5714285714285714,0.4285714285714285,0.4273375570774078,0.2773375570774078
YYFEQNN,-2.5507476329803467,-0.5432435870170593,0.5714285714285714,0.2857142857142857,0.305279403924942,0.155279403924942
QWSTSNG,0.1409873068332672,-2.830186128616333,0.7142857142857143,0.4285714285714285,0.2662512063980102,0.1662512063980102
QYSRSCT,-3.4864914417266846,2.320492744445801,0.5714285714285714,0.2857142857142857,0.1944589465856552,0.0444589465856552
FYSRSFR,-4.6551947593688965,0.5307210087776184,0.5714285714285714,0.4285714285714285,0.0560490153729915,0.0
IMRRNVV,-2.841689348220825,-1.0803719758987427,0.7142857142857143,0.4285714285714285,0.2708230912685394,0.1708230912685394
YSRIAAN,2.400623083114624,0.7344304919242859,0.2857142857142857,0.2857142857142857,0.6445582509040833,0.3945582509040832
YYNRCHC,-3.694645881652832,-0.7672393321990967,0.7142857142857143,0.4285714285714285,0.1698071509599685,0.0698071509599685
AYSRANW,-1.7754106521606445,-0.07699614018201828,0.7142857142857143,0.2857142857142857,0.3971028327941894,0.2971028327941895
MDSVCNG,-3.3637397289276123,-1.2527376413345337,0.7142857142857143,0.2857142857142857,0.2089964747428894,0.1089964747428894
YYHDQEL,-2.161519765853882,-0.18049010634422302,0.7142857142857143,0.4285714285714285,0.3513758182525635,0.2513758182525635
KPHRSNT,-3.1366868019104004,0.1209438145160675,0.7142857142857143,0.2857142857142857,0.2358864396810531,0.1358864396810531
AYSRPEN,-0.02905067428946495,0.7955605387687683,0.7142857142857143,0.2857142857142857,0.6039248108863831,0.5039248108863831
KSHRCAN,-5.12846040725708,0.5678799152374268,0.7142857142857143,0.2857142857142857,0.0,0.0
SYHASEA,-0.10856661945581436,-2.8278648853302,0.5714285714285714,0.4285714285714285,0.2664975821971893,0.1164975821971893
IYHRRYM,-4.645305633544922,0.8258578777313232,0.7142857142857143,0.1428571428571428,0.0572201870381832,0.0
PHVRENI,0.7725772261619568,-3.064880609512329,0.7142857142857143,0.4285714285714285,0.241343468427658,0.1413434684276581
IYMDHFC,-4.250231742858887,-0.4125826358795166,0.7142857142857143,0.5714285714285714,0.1040089204907417,0.0040089204907417
YYHRELN,-1.2934062480926514,0.520539402961731,0.7142857142857143,0.1428571428571428,0.4541867971420288,0.3541867971420288
YHRSSWA,-1.7229084968566895,1.1113277673721313,0.4285714285714285,0.2857142857142857,0.403320699930191,0.203320699930191
HSRRSNT,-3.77652907371521,0.3172840476036072,0.5714285714285714,0.2857142857142857,0.1601096987724304,0.0101096987724304
GYHRDGV,0.8378202319145203,-1.8226227760314941,0.5714285714285714,0.4285714285714285,0.3731822967529297,0.2231822967529297
IYSRLEN,-0.22538535296916962,4.083597183227539,0.5714285714285714,0.1428571428571428,0.5806729197502136,0.4306729197502136
WQVGEWA,-3.2842133045196533,0.5095915198326111,0.7142857142857143,0.4285714285714285,0.2184148281812667,0.1184148281812667
YYRRFHG,-4.002892971038818,0.7764354944229126,0.7142857142857143,0.2857142857142857,0.1333013474941253,0.0333013474941253
MYHESAD,-0.33561742305755615,-2.3218441009521484,0.5714285714285714,0.2857142857142857,0.3202007412910461,0.1702007412910461
MYSTSNN,1.0077005624771118,-2.7847530841827393,0.5714285714285714,0.1428571428571428,0.2710729539394378,0.1210729539394378
YTSRSFG,-0.20821453630924225,-1.5870407819747925,0.7142857142857143,0.4285714285714285,0.3981842398643493,0.2981842398643494
YSRMSNQ,2.3097522258758545,1.0716798305511475,0.4285714285714285,0.1428571428571428,0.6803500652313232,0.4803500652313233
YSRAGNN,2.663017988204956,2.2642297744750977,0.2857142857142857,0.0,0.806913435459137,0.556913435459137
VCGRSAN,-3.5879411697387695,0.11578045785427094,0.5714285714285714,0.2857142857142857,0.182444229722023,0.032444229722023
LSSAKYN,1.9710992574691772,-3.62479305267334,0.5714285714285714,0.4285714285714285,0.1819208562374115,0.0319208562374115
IKHTSAI,1.5314254760742188,-3.649714946746826,0.5714285714285714,0.4285714285714285,0.1792759299278259,0.0292759299278259
HYTRNNN,0.010966896079480648,-0.6139278411865234,0.5714285714285714,0.2857142857142857,0.5014591813087463,0.3514591813087463
QCAGSQF,-3.2852115631103516,-1.5730023384094238,0.7142857142857143,0.5714285714285714,0.2182966023683548,0.1182966023683548
SYSESNT,-0.3475313186645508,-0.882728636264801,0.5714285714285714,0.2857142857142857,0.4729317724704742,0.3229317724704742
HYHRQVF,-2.5416624546051025,1.0766088962554932,0.7142857142857143,0.2857142857142857,0.3063553869724273,0.2063553869724274
QYSRQAN,1.369445562362671,-0.0019225641153752804,0.7142857142857143,0.2857142857142857,0.5664103031158447,0.4664103031158447
GTRSGSN,2.0538277626037598,-2.899287223815918,0.4285714285714285,0.2857142857142857,0.2589176297187805,0.0589176297187805
YSMRENL,0.06738828867673874,-2.3484413623809814,0.7142857142857143,0.2857142857142857,0.3173780143260956,0.2173780143260956
YYRRDVV,-1.9661897420883179,0.26620861887931824,0.7142857142857143,0.2857142857142857,0.374508798122406,0.274508798122406
WYDRDEL,-1.6355735063552856,0.4234500825405121,0.7142857142857143,0.4285714285714285,0.4136638045310974,0.3136638045310974
QHYGLHV,-1.1482617855072021,-2.1388003826141357,0.7142857142857143,0.4285714285714285,0.3396268784999847,0.2396268784999847
YHRVGVS,1.2605360746383667,1.080896019935608,0.4285714285714285,0.2857142857142857,0.6813281178474426,0.4813281178474426
VISFSAI,-1.8368992805480957,-2.329956531524658,0.4285714285714285,0.2857142857142857,0.319339781999588,0.119339781999588
DFRSDEN,0.41956162452697754,-3.6147332191467285,0.5714285714285714,0.4285714285714285,0.1829884946346283,0.0329884946346283
HRWRRGP,-4.288426399230957,0.8680475354194641,0.7142857142857143,0.4285714285714285,0.0994855165481567,0.0
YVRHQNR,-4.047040939331055,0.4530729651451111,0.5714285714285714,0.4285714285714285,0.1280728876590728,0.0
YYNIPNF,-2.6337132453918457,0.5567414164543152,0.7142857142857143,0.4285714285714285,0.2954537570476532,0.1954537570476532
MYSRNGP,2.1622986793518066,-0.12823797762393951,0.5714285714285714,0.2857142857142857,0.5530046224594116,0.4030046224594116
ESDRIVN,-0.38540586829185486,-4.357780933380127,0.5714285714285714,0.2857142857142857,0.1041300222277641,0.0
AYHRSSN,0.39218300580978394,1.1044399738311768,0.5714285714285714,0.1428571428571428,0.6538116931915283,0.5038116931915283
HRRSQSV,-4.082394123077393,0.474628210067749,0.7142857142857143,0.4285714285714285,0.1238859891891479,0.0238859891891479
VYARANN,0.38554099202156067,1.5258647203445435,0.5714285714285714,0.1428571428571428,0.6530250906944275,0.5030250906944275
NYRVVVN,-1.2734389305114746,-2.309382677078247,0.5714285714285714,0.1428571428571428,0.3215232491493225,0.1715232491493225
HYKRSNG,-2.0195109844207764,0.7961219549179077,0.5714285714285714,0.2857142857142857,0.3681939542293548,0.2181939542293548
DWQEANQ,-1.4514272212982178,-2.4268593788146973,0.7142857142857143,0.5714285714285714,0.3090556561946869,0.2090556561946869
MAHRSNN,1.5064544677734375,-1.599312663078308,0.5714285714285714,0.2857142857142857,0.3968818485736847,0.2468818485736847
YVHRGAQ,0.7799660563468933,0.1555621325969696,0.5714285714285714,0.2857142857142857,0.5831238627433777,0.4331238627433776
QARSINN,1.5561715364456177,-2.949439764022827,0.4285714285714285,0.2857142857142857,0.2535950243473053,0.0535950243473053
SVRRLNN,-2.7519173622131348,-0.34178146719932556,0.5714285714285714,0.2857142857142857,0.2814548015594482,0.1314548015594482
MMSYSAN,-0.15673746168613434,-2.129737138748169,0.7142857142857143,0.0,0.3405887484550476,0.2405887484550476
YYPKEFN,0.07538363337516785,-0.36101365089416504,0.7142857142857143,0.1428571428571428,0.5283005833625793,0.4283005833625793
KNYGLHA,0.8627306818962097,-2.1656723022460938,0.7142857142857143,0.5714285714285714,0.336775004863739,0.236775004863739
TQSQSNL,-0.2660011947154999,-3.851719379425049,0.7142857142857143,0.4285714285714285,0.1578375250101089,0.0578375250101089
VYHRLNQ,-0.523834228515625,1.64810049533844,0.5714285714285714,0.1428571428571428,0.5453274846076965,0.3953274846076965
QYTRSNN,0.810586154460907,2.711632490158081,0.4285714285714285,0.1428571428571428,0.703363299369812,0.5033632993698121
TYHRSES,0.8378881812095642,0.49827584624290466,0.4285714285714285,0.1428571428571428,0.6194955706596375,0.4194955706596375
WYRRTNN,-3.126903772354126,0.4034139811992645,0.5714285714285714,0.2857142857142857,0.2370450496673584,0.0870450496673584
YYSHSTN,-0.5883190631866455,-1.3201361894607544,0.5714285714285714,0.1428571428571428,0.4265104234218597,0.2765104234218597
MSHRNSN,1.4809244871139526,-2.1670308113098145,0.5714285714285714,0.2857142857142857,0.3366308212280273,0.1866308212280273
GHSRSEL,0.044698722660541534,-1.8342872858047485,0.5714285714285714,0.2857142857142857,0.371944397687912,0.221944397687912
IYHVIGN,-1.8524389266967773,-0.8755835294723511,0.7142857142857143,0.2857142857142857,0.3879803419113159,0.2879803419113159
YSRRQTF,-2.6348328590393066,0.1763765811920166,0.4285714285714285,0.2857142857142857,0.2953211665153503,0.0953211665153503
ISRRLPN,-2.5837433338165283,-0.4181300103664398,0.4285714285714285,0.2857142857142857,0.3013717234134674,0.1013717234134674
YYHRSEN,-0.7545163631439209,1.7945058345794678,0.5714285714285714,0.1428571428571428,0.518007755279541,0.368007755279541
YYHRQNN,-1.141427755355835,0.3130018413066864,0.5714285714285714,0.1428571428571428,0.4721856415271759,0.3221856415271759
YYSRSGN,0.733134388923645,0.07231447100639343,0.5714285714285714,0.1428571428571428,0.5742889642715454,0.4242889642715454
SYSKHGD,1.4400203227996826,-1.4036749601364136,0.5714285714285714,0.4285714285714285,0.4176445603370666,0.2676445603370666
YSHRSAP,1.502549171447754,0.653262734413147,0.5714285714285714,0.2857142857142857,0.6359440684318542,0.4859440684318542
TSSRSNN,1.3082839250564575,-3.2970433235168457,0.5714285714285714,0.1428571428571428,0.2167044132947921,0.0667044132947921
SSHRANN,1.2029234170913696,-2.241863965988159,0.5714285714285714,0.2857142857142857,0.3286889195442199,0.1786889195442199
PYRRGGN,-2.794066905975342,-0.6199007034301758,0.5714285714285714,0.1428571428571428,0.2764630317687988,0.1264630317687988
IHTRSNF,0.35727208852767944,-0.8281985521316528,0.5714285714285714,0.4285714285714285,0.4787189662456512,0.3287189662456512
SYHRGSQ,0.02248275838792324,0.9129062294960022,0.5714285714285714,0.2857142857142857,0.6100279688835144,0.4600279688835144
IYHHQNN,-0.43578052520751953,-0.8430184125900269,0.7142857142857143,0.1428571428571428,0.4771461486816406,0.3771461486816406
YYHSSEN,-1.4145677089691162,-0.09194431453943253,0.4285714285714285,0.0,0.4398376047611236,0.2398376047611236
FYSRSNI,-0.4246365427970886,0.8138971328735352,0.4285714285714285,0.2857142857142857,0.5570755004882812,0.3570755004882813
IYRRSPH,-3.6707992553710938,0.31850290298461914,0.5714285714285714,0.2857142857142857,0.1726313084363937,0.0226313084363937
QYHSSNS,0.8654945492744446,-2.68339204788208,0.5714285714285714,0.2857142857142857,0.2818302512168884,0.1318302512168884
VAPRGPN,1.6545281410217285,-3.6050503253936768,0.5714285714285714,0.4285714285714285,0.1840161234140396,0.0340161234140396
SYRRQQN,-3.547023296356201,0.0962785854935646,0.5714285714285714,0.1428571428571428,0.187290146946907,0.037290146946907
SYYVSNN,-2.213953971862793,-0.7627025842666626,0.5714285714285714,0.1428571428571428,0.3451659977436065,0.1951659977436065
SYHSSMN,0.6839241981506348,-2.582308769226074,0.5714285714285714,0.2857142857142857,0.2925580441951751,0.1425580441951751
YYHVANN,-1.30012047290802,-1.20585036277771,0.5714285714285714,0.1428571428571428,0.4386393427848816,0.2886393427848815
YSERSSI,1.2472591400146484,-1.4774329662322998,0.7142857142857143,0.2857142857142857,0.4098167419433594,0.3098167419433594
YYPRSNN,-0.049269404262304306,-0.6322485208511353,0.4285714285714285,0.1428571428571428,0.4995148479938507,0.2995148479938507
SYSRETN,0.9900835752487183,0.20900563895702362,0.7142857142857143,0.2857142857142857,0.5887957811355591,0.4887957811355591
YHWVVNF,-3.8428659439086914,0.13757707178592682,0.5714285714285714,0.5714285714285714,0.1522533893585205,0.0022533893585205
YYRRNSE,-0.5346462726593018,0.6761029958724976,0.5714285714285714,0.1428571428571428,0.544046938419342,0.394046938419342
VYHRDNN,1.0919020175933838,0.154252290725708,0.5714285714285714,0.1428571428571428,0.5829848647117615,0.4329848647117614
NHTRPNN,1.0623618364334106,-2.5594170093536377,0.5714285714285714,0.4285714285714285,0.2949874997138977,0.1449874997138977
VYHRNNN,0.6330879330635071,0.46551400423049927,0.5714285714285714,0.1428571428571428,0.6160186529159546,0.4660186529159545
YAHRPAP,1.6132868528366089,-1.1647874116897583,0.7142857142857143,0.2857142857142857,0.4429973363876343,0.3429973363876343
GYHVLNY,-3.1334705352783203,-1.214356780052185,0.7142857142857143,0.4285714285714285,0.2362673431634903,0.1362673431634903
LYSSPEN,-0.9058793187141418,-3.5069448947906494,0.5714285714285714,0.4285714285714285,0.1944278925657272,0.0444278925657272
IYRRNNA,-2.0530011653900146,-0.0761391744017601,0.7142857142857143,0.2857142857142857,0.3642277121543884,0.2642277121543884
TSHRSVN,0.3453063666820526,-1.1579831838607788,0.5714285714285714,0.2857142857142857,0.4437194466590881,0.2937194466590881
YHHSQNN,0.01314577553421259,-1.3479366302490234,0.4285714285714285,0.2857142857142857,0.4235599935054779,0.2235599935054779
FYTRAFK,-4.237297058105469,-0.930011510848999,0.5714285714285714,0.4285714285714285,0.105540782213211,0.0
IYHRPSW,-2.2387497425079346,0.8092275261878967,0.5714285714285714,0.1428571428571428,0.342229425907135,0.192229425907135
IQWASGN,-0.8495597839355469,-1.2786970138549805,0.7142857142857143,0.2857142857142857,0.4309082925319671,0.3309082925319672
YYHRSGN,-1.5659500360488892,1.0775920152664185,0.5714285714285714,0.1428571428571428,0.421909362077713,0.271909362077713
SYSRTNL,1.168756365776062,1.8445312976837158,0.5714285714285714,0.2857142857142857,0.7457815408706665,0.5957815408706665
YSRREEN,1.018582820892334,-1.967641830444336,0.4285714285714285,0.2857142857142857,0.3577916622161865,0.1577916622161865
YYRRAGP,-3.3303091526031494,-0.0792355090379715,0.5714285714285714,0.2857142857142857,0.2129556685686111,0.0629556685686111
YYHRSSN,-1.4665004014968872,1.0760574340820312,0.5714285714285714,0.1428571428571428,0.4336872100830078,0.2836872100830078
VYHRQNN,0.4745669960975647,0.9026824831962585,0.5714285714285714,0.1428571428571428,0.6624146103858948,0.5124146103858948
ISHHSQP,1.0690919160842896,-3.5097358226776123,0.5714285714285714,0.4285714285714285,0.1941317021846771,0.0441317021846771
MYSSVNN,-0.14090411365032196,-2.9906253814697266,0.7142857142857143,0.2857142857142857,0.2492240518331527,0.1492240518331528
IHHRINN,0.23477929830551147,-0.3959270715713501,0.5714285714285714,0.1428571428571428,0.5245952606201172,0.3745952606201171
VTRRSAN,-2.430041790008545,-0.17908954620361328,0.5714285714285714,0.2857142857142857,0.3195746541023254,0.1695746541023254
YYHRSNP,-1.4947961568832397,0.900068998336792,0.4285714285714285,0.1428571428571428,0.4303360879421234,0.2303360879421234
YYTRSVT,-0.5039135813713074,-0.2263053059577942,0.4285714285714285,0.2857142857142857,0.5425969362258911,0.3425969362258911
IYRVSNN,1.2343777418136597,-0.8827106952667236,0.4285714285714285,0.1428571428571428,0.4729337096214294,0.2729337096214295
TSSLSSN,-0.6796903014183044,-4.321847438812256,0.4285714285714285,0.4285714285714285,0.1079435870051384,0.0
IQARSYN,1.4494589567184448,-2.2771189212799072,0.7142857142857143,0.2857142857142857,0.3249473571777344,0.2249473571777344
YYSSSGS,-0.687035083770752,-2.7129602432250977,0.5714285714285714,0.2857142857142857,0.278692215681076,0.128692215681076
YYHRSNV,-1.4512903690338135,1.1659623384475708,0.4285714285714285,0.1428571428571428,0.4354885220527649,0.2354885220527649
NSRSSPD,0.9981077313423157,-3.602659225463867,0.4285714285714285,0.1428571428571428,0.1842698901891708,0.0
YYHISTQ,-2.2607147693634033,-0.6135204434394836,0.4285714285714285,0.2857142857142857,0.3396281003952026,0.1396281003952026
MYEHHAN,-0.013422929681837559,-2.4172115325927734,0.7142857142857143,0.4285714285714285,0.3100795447826385,0.2100795447826385
YVSRHSN,0.6294694542884827,-0.4964945614337921,0.7142857142857143,0.2857142857142857,0.5139221549034119,0.4139221549034119
YYSRLAN,-1.1879152059555054,-0.01852128840982914,0.7142857142857143,0.0,0.466680109500885,0.366680109500885
TYRSSGN,2.070112466812134,-2.028259038925171,0.5714285714285714,0.2857142857142857,0.3513584733009338,0.2013584733009338
MSSREGN,1.2637782096862793,-3.8973677158355713,0.7142857142857143,0.2857142857142857,0.1529929488897323,0.0529929488897323
YSRRSSN,-2.100688934326172,1.4132413864135742,0.4285714285714285,0.1428571428571428,0.3585800230503082,0.1585800230503082
NSRRSNN,-3.090200662612915,-0.6637331247329712,0.4285714285714285,0.1428571428571428,0.2413918077945709,0.0413918077945709
VHHRTAN,0.7993166446685791,0.14443890750408173,0.5714285714285714,0.4285714285714285,0.5819433927536011,0.431943392753601
SSSRDES,0.25679636001586914,-4.127683162689209,0.5714285714285714,0.4285714285714285,0.1285499334335327,0.0
YYARMAN,-1.1960872411727905,-0.6320574879646301,0.7142857142857143,0.2857142857142857,0.465712308883667,0.365712308883667
YYHRTNN,-0.42465054988861084,0.7917323708534241,0.5714285714285714,0.1428571428571428,0.5570738315582275,0.4070738315582275
ISIRNNN,1.7212013006210327,-4.090662479400635,0.5714285714285714,0.2857142857142857,0.1324788779020309,0.0
YYHRSNN,-0.9529139399528503,1.031571388244629,0.4285714285714285,0.0,0.4945114254951477,0.2945114254951477
YYRKYSN,-3.1477909088134766,0.697024941444397,0.5714285714285714,0.2857142857142857,0.2345713675022125,0.0845713675022125
HSHRSYN,-1.2889952659606934,0.810620903968811,0.5714285714285714,0.1428571428571428,0.4547091722488403,0.3047091722488403
SHHRSGS,0.1591770201921463,-0.27261653542518616,0.7142857142857143,0.2857142857142857,0.5376819968223572,0.4376819968223572
SYSSSSN,0.5903405547142029,-2.4696483612060547,0.5714285714285714,0.1428571428571428,0.3045145273208618,0.1545145273208618
HSHNANN,0.29690948128700256,-3.145576000213623,0.4285714285714285,0.2857142857142857,0.232779398560524,0.032779398560524
VYHVSVN,-1.4386030435562134,-1.2335205078125,0.5714285714285714,0.2857142857142857,0.4357028007507324,0.2857028007507324
YHPRSNA,1.618112325668335,-1.368338704109192,0.4285714285714285,0.4285714285714285,0.4213947653770447,0.2213947653770447
TSVRAGV,1.3802769184112549,-4.788226127624512,0.4285714285714285,0.4285714285714285,0.0584475621581077,0.0
THHRLNN,-0.37256237864494324,0.4246634244918823,0.5714285714285714,0.2857142857142857,0.5632426142692566,0.4132426142692565
SYARVTV,0.1704084724187851,0.16507667303085327,0.5714285714285714,0.4285714285714285,0.5841336846351624,0.4341336846351623
YYHRGSN,-1.2076259851455688,0.8639930486679077,0.5714285714285714,0.1428571428571428,0.464345782995224,0.314345782995224
QYHRFGF,-3.2524070739746094,0.38424840569496155,0.5714285714285714,0.2857142857142857,0.2221816480159759,0.0721816480159759
YYDRANN,0.39809879660606384,-1.2608561515808105,0.5714285714285714,0.1428571428571428,0.4328016936779022,0.2828016936779022
YSRRSAL,-2.361863851547241,0.32889240980148315,0.5714285714285714,0.1428571428571428,0.3276489973068237,0.1776489973068237
VSARAAT,1.4481037855148315,-3.960773229598999,0.5714285714285714,0.4285714285714285,0.1462638229131698,0.0
YSHRAAN,1.5978480577468872,0.01735074073076248,0.4285714285714285,0.2857142857142857,0.5684557557106018,0.3684557557106018
SYGRRAN,-3.1093316078186035,-0.5331651568412781,0.5714285714285714,0.2857142857142857,0.2391261160373687,0.0891261160373687
ISPSSDN,-0.8643811941146851,-4.9872565269470215,0.5714285714285714,0.4285714285714285,0.0373247861862182,0.0
IYRRESN,0.15665091574192047,-0.8147863745689392,0.5714285714285714,0.2857142857142857,0.4801423847675323,0.3301423847675323
HYHRGSN,-0.5106449723243713,1.1089516878128052,0.5714285714285714,0.1428571428571428,0.5468894839286804,0.3968894839286804
VSHRGGN,1.3622905015945435,-2.431250810623169,0.5714285714285714,0.2857142857142857,0.3085895776748657,0.1585895776748657
YYRRSPD,-0.7381882667541504,-0.1122017353773117,0.5714285714285714,0.2857142857142857,0.5199414491653442,0.3699414491653442
YSSSISV,-0.21135076880455017,-3.2900490760803223,0.7142857142857143,0.4285714285714285,0.2174466997385025,0.1174466997385025
YGGRSPN,2.5857956409454346,-1.2718486785888672,0.4285714285714285,0.2857142857142857,0.4316350817680359,0.2316350817680359
YYHRNGN,-1.430702805519104,0.90451979637146,0.5714285714285714,0.1428571428571428,0.437926709651947,0.287926709651947
FHHVANH,-0.1027287170290947,-1.4939594268798828,0.7142857142857143,0.4285714285714285,0.4080628156661987,0.3080628156661987
ISSSSVN,0.12420119345188141,-3.7230560779571533,0.4285714285714285,0.2857142857142857,0.1714923530817031,0.0
YYHDLDN,-2.404132843017578,0.11146519333124161,0.7142857142857143,0.2857142857142857,0.3226430416107178,0.2226430416107178
SYSRPAV,1.2580645084381104,0.3178412914276123,0.5714285714285714,0.4285714285714285,0.6003463864326477,0.4503463864326477
VHHRSPN,0.3703010082244873,0.49581947922706604,0.5714285714285714,0.2857142857142857,0.6192349195480347,0.4692349195480346
TYSRANY,-0.2154168039560318,0.09413284063339233,0.7142857142857143,0.2857142857142857,0.5766045451164246,0.4766045451164246
IYRRSGI,-2.6929008960723877,0.047421831637620926,0.4285714285714285,0.2857142857142857,0.2884441614151001,0.0884441614151001
YHRRSFN,-3.2801644802093506,1.0484468936920166,0.2857142857142857,0.2857142857142857,0.2188943177461624,0.0
YYHRSVN,-1.418824553489685,1.1483708620071411,0.5714285714285714,0.0,0.439333438873291,0.289333438873291
NYHRSVN,0.3596104681491852,1.3622854948043823,0.5714285714285714,0.1428571428571428,0.6499541401863098,0.4999541401863098
YYHRVMS,-2.5881905555725098,0.24874156713485718,0.4285714285714285,0.2857142857142857,0.3008450269699096,0.1008450269699096
SSHSSNN,0.1747591197490692,-3.872429132461548,0.5714285714285714,0.2857142857142857,0.1556396335363388,0.0056396335363388
YYRSAGN,0.38696548342704773,-0.5860415697097778,0.4285714285714285,0.2857142857142857,0.5044187307357788,0.3044187307357788
YSRRVGY,-3.3028149604797363,0.37968164682388306,0.5714285714285714,0.2857142857142857,0.2162118256092071,0.0662118256092071
VYRAPHN,0.868439257144928,-1.2139995098114014,0.7142857142857143,0.4285714285714285,0.437774509191513,0.3377745091915131
MYSRSKQ,-3.1433017253875732,0.554393470287323,0.5714285714285714,0.2857142857142857,0.2351030260324478,0.0851030260324478
YYRSNNF,-1.5445594787597656,0.4471912086009979,0.5714285714285714,0.2857142857142857,0.4244426190853119,0.2744426190853118
SLHHSTN,0.4481930434703827,-3.0204973220825195,0.5714285714285714,0.2857142857142857,0.2460537999868393,0.0960537999868393
YYSRSNL,-0.5768589973449707,0.08583039790391922,0.5714285714285714,0.1428571428571428,0.5390477180480957,0.3890477180480957
QYRKPNN,-1.778733730316162,0.3184507489204407,0.5714285714285714,0.4285714285714285,0.3967092931270599,0.2467092931270599
YYSRSVN,-0.0983579084277153,0.5279160737991333,0.4285714285714285,0.1428571428571428,0.5957167744636536,0.3957167744636536
IYHVANL,-1.8354109525680542,-1.2049973011016846,0.7142857142857143,0.1428571428571428,0.3899969756603241,0.2899969756603241
VYHRQNN,0.4745669960975647,0.9026824831962585,0.5714285714285714,0.1428571428571428,0.6624146103858948,0.5124146103858948
IYTRAMN,-0.16469205915927887,1.1789393424987793,0.4285714285714285,0.1428571428571428,0.5878608226776123,0.3878608226776123
YYRRAAW,-3.389613389968872,1.1737854480743408,0.5714285714285714,0.2857142857142857,0.2059322595596313,0.0559322595596313
YYRRNNN,-3.44283127784729,0.7402983903884888,0.4285714285714285,0.2857142857142857,0.1996296346187591,0.0
YSHRGAD,1.8818247318267822,-0.7716000080108643,0.5714285714285714,0.1428571428571428,0.4847257137298584,0.3347257137298584
MYHRPSF,-1.404159426689148,0.22604258358478546,0.5714285714285714,0.2857142857142857,0.4410702288150787,0.2910702288150787
QYRRSTM,-4.265414714813232,0.06143074482679367,0.5714285714285714,0.2857142857142857,0.1022107973694801,0.0
YYRSGWN,-2.3652801513671875,1.3495168685913086,0.2857142857142857,0.1428571428571428,0.3272444009780884,0.0772444009780883
YQHRFAN,-0.4096781313419342,-0.8275672793388367,0.7142857142857143,0.1428571428571428,0.4787859916687011,0.3787859916687012
VYHRGPN,0.8866589665412903,1.035399317741394,0.5714285714285714,0.1428571428571428,0.6764996647834778,0.5264996647834778
YYHRSEN,-0.7545163631439209,1.7945058345794678,0.5714285714285714,0.1428571428571428,0.518007755279541,0.368007755279541
SYHRGAN,0.47998887300491333,0.3672575056552887,0.5714285714285714,0.2857142857142857,0.6055908203125,0.4555908203125
SHSRKNN,-3.416830539703369,0.5511782765388489,0.5714285714285714,0.2857142857142857,0.2027089148759842,0.0527089148759842
YYSRAIN,-0.6787322759628296,-0.051147252321243286,0.5714285714285714,0.1428571428571428,0.526982843875885,0.376982843875885
IYSKSDS,0.8762869834899902,-0.2163754552602768,0.2857142857142857,0.2857142857142857,0.5436508059501648,0.2936508059501648
YHRHSNN,0.8530212640762329,1.0916311740875244,0.1428571428571428,0.1428571428571428,0.6824674010276794,0.3824674010276794
YYTVSEA,-1.320990800857544,-0.8984463214874268,0.5714285714285714,0.4285714285714285,0.4509199261665344,0.3009199261665344
YYRHSNN,-0.8239301443099976,0.16345521807670593,0.2857142857142857,0.1428571428571428,0.5097869634628296,0.2597869634628296
STERGPN,0.9707702994346619,-4.242172718048096,0.5714285714285714,0.4285714285714285,0.1163993403315544,0.0
YYNRQNV,-0.1570405215024948,-0.6284725666046143,0.7142857142857143,0.4285714285714285,0.499915599822998,0.399915599822998
QHRRGNN,-2.88533091545105,0.7389761805534363,0.4285714285714285,0.2857142857142857,0.265654593706131,0.065654593706131
YKSRAAN,-3.0084447860717773,-0.2053043097257614,0.5714285714285714,0.2857142857142857,0.2510741949081421,0.1010741949081421
YYHRLNN,-1.2602183818817139,1.317850947380066,0.5714285714285714,0.0,0.4581172466278076,0.3081172466278076
YLRRHSN,-3.777053117752075,0.811290442943573,0.5714285714285714,0.1428571428571428,0.160047635436058,0.010047635436058
AYSRLVN,-0.2897031605243683,2.5126793384552,0.5714285714285714,0.1428571428571428,0.5730556845664978,0.4230556845664978
YYRSFGN,-1.3919308185577393,-0.2682032585144043,0.4285714285714285,0.2857142857142857,0.4425185024738312,0.2425185024738312
QYHRLAN,-0.6685804128646851,0.9880132079124451,0.7142857142857143,0.1428571428571428,0.5281851291656494,0.4281851291656494
VYRRSNN,-2.3025782108306885,0.7563472986221313,0.4285714285714285,0.1428571428571428,0.334670215845108,0.134670215845108
YHRRSGN,-3.1769821643829346,1.211815357208252,0.2857142857142857,0.1428571428571428,0.2311142385005951,0.0
NSQRVNN,1.123695969581604,-4.198338985443115,0.7142857142857143,0.2857142857142857,0.1210513412952423,0.0210513412952423
TYHHSKN,0.3065432608127594,-0.41617417335510254,0.4285714285714285,0.2857142857142857,0.5224464535713196,0.3224464535713196
SSHAFFQ,-2.735231876373291,-1.901862382888794,0.7142857142857143,0.5714285714285714,0.2834308743476867,0.1834308743476868
YYHRLNN,-1.2602183818817139,1.317850947380066,0.5714285714285714,0.0,0.4581172466278076,0.3081172466278076
YYHYSNN,-1.9357795715332031,-0.6379329562187195,0.4285714285714285,0.0,0.3781102895736694,0.1781102895736694
YYHRSNR,-4.212766647338867,1.395661473274231,0.5714285714285714,0.1428571428571428,0.1084459275007247,0.0
VYSRVHN,-0.08759183436632156,2.582265615463257,0.5714285714285714,0.1428571428571428,0.5969918370246887,0.4469918370246887
YPHRRHP,-3.0161850452423096,0.11635993421077728,0.7142857142857143,0.4285714285714285,0.2501575052738189,0.150157505273819
FYRRGTS,-3.519883871078491,0.30534547567367554,0.5714285714285714,0.2857142857142857,0.1905042678117752,0.0405042678117752
YYHRHNN,-1.5138864517211914,0.27925384044647217,0.5714285714285714,0.1428571428571428,0.4280752539634704,0.2780752539634704
YSTRFNN,0.5317038297653198,-1.6943851709365845,0.5714285714285714,0.2857142857142857,0.3867919743061065,0.2367919743061065
SYHRANT,0.7835583090782166,1.3586664199829102,0.7142857142857143,0.1428571428571428,0.700162410736084,0.600162410736084
ISHREYS,0.7720158696174622,-1.8462265729904175,0.7142857142857143,0.4285714285714285,0.3706772625446319,0.270677262544632
IHHNLEE,-0.0012019737623631954,-4.042982578277588,0.7142857142857143,0.2857142857142857,0.1375390738248825,0.0375390738248825
SEIHSPN,-0.9191411733627319,-4.304965496063232,0.5714285714285714,0.4285714285714285,0.1097352430224418,0.0
DYRRSWQ,-2.733623504638672,0.17572222650051117,0.5714285714285714,0.4285714285714285,0.2836213707923889,0.1336213707923889
IYTRSNW,-1.920473575592041,1.904245376586914,0.4285714285714285,0.2857142857142857,0.3799229860305786,0.1799229860305786
QYTRPQN,0.41659343242645264,-0.3397875130176544,0.4285714285714285,0.2857142857142857,0.5305532217025757,0.3305532217025757
YSSRQSN,2.151813507080078,-2.488947868347168,0.5714285714285714,0.0,0.3024663031101227,0.1524663031101227
YSHRSNN,1.822951078414917,1.5215983390808105,0.4285714285714285,0.0,0.7280991673469543,0.5280991673469544
HSSRPNN,1.3152961730957031,-2.4950618743896484,0.7142857142857143,0.2857142857142857,0.3018174171447754,0.2018174171447754
YYLRQAQ,-1.767682433128357,-0.25459277629852295,0.7142857142857143,0.2857142857142857,0.3980180919170379,0.298018091917038
YLHRGGL,0.0073567945510149,-0.2057567983865738,0.7142857142857143,0.2857142857142857,0.5447777509689331,0.4447777509689331
WYHRHNN,-1.6740044355392456,0.7984638810157776,0.7142857142857143,0.2857142857142857,0.4091123938560486,0.3091123938560486
IYSRSAW,-2.223341226577759,1.331265926361084,0.4285714285714285,0.1428571428571428,0.3440542817115783,0.1440542817115783
QYHRLEN,-0.21081729233264923,-0.6240147948265076,0.7142857142857143,0.1428571428571428,0.5003886818885803,0.4003886818885803
YYRVLNN,-2.2468199729919434,0.21013598144054413,0.4285714285714285,0.2857142857142857,0.3412736654281616,0.1412736654281616
YYMMSQN,-3.0433106422424316,0.5160608887672424,0.5714285714285714,0.2857142857142857,0.2469450086355209,0.0969450086355209
IYRRSAN,-3.0434179306030273,0.7669985890388489,0.5714285714285714,0.1428571428571428,0.2469322979450225,0.0969322979450225
YFHRQNN,-1.1799687147140503,0.6597933769226074,0.5714285714285714,0.1428571428571428,0.4676212072372436,0.3176212072372436
MSRRINE,0.7966297268867493,-2.8867664337158203,0.7142857142857143,0.4285714285714285,0.2602464556694031,0.1602464556694031
YYSMSNN,-1.1300805807113647,-1.4191060066223145,0.4285714285714285,0.1428571428571428,0.4160068929195404,0.2160068929195404
AYHSINF,-2.4763526916503906,-0.35826095938682556,0.7142857142857143,0.2857142857142857,0.3140900433063507,0.2140900433063507
YSHHSIN,1.0188943147659302,-0.3495626747608185,0.4285714285714285,0.2857142857142857,0.52951580286026,0.32951580286026
VHHRQNN,-0.19551116228103638,0.08342595398426056,0.5714285714285714,0.2857142857142857,0.5754682421684265,0.4254682421684265
FYTRSNM,-0.6327331066131592,0.4057163596153259,0.4285714285714285,0.2857142857142857,0.5324305891990662,0.3324305891990662
YSHRSND,1.7900360822677612,-0.17620770633220673,0.5714285714285714,0.1428571428571428,0.5479137301445007,0.3979137301445007
SYHRVGN,-0.7995356917381287,1.3755133152008057,0.5714285714285714,0.1428571428571428,0.5126760601997375,0.3626760601997375
HHSTQSN,-0.11901205033063889,-2.5575315952301025,0.5714285714285714,0.4285714285714285,0.2951876223087311,0.145187622308731
YFHRSGN,-1.1289410591125488,0.8864412903785706,0.5714285714285714,0.1428571428571428,0.4736644625663757,0.3236644625663757
DYRSLGG,0.6020833253860474,-3.163160800933838,0.5714285714285714,0.4285714285714285,0.2309131473302841,0.0809131473302841
YYHRANY,-1.8972069025039673,0.8567953109741211,0.7142857142857143,0.1428571428571428,0.3826784789562225,0.2826784789562225
IYSSSYN,-2.118934154510498,-1.5087144374847412,0.4285714285714285,0.1428571428571428,0.3564192354679107,0.1564192354679107
YYHRSFN,-1.9088834524154663,1.1749533414840698,0.5714285714285714,0.1428571428571428,0.3812955915927887,0.2312955915927887
YLRRSNN,-2.5342440605163574,0.8842653036117554,0.2857142857142857,0.2857142857142857,0.3072339296340942,0.0572339296340942
VYNRLRN,-3.338515520095825,-0.10296791046857834,0.5714285714285714,0.2857142857142857,0.211983785033226,0.061983785033226
ISVRNNS,2.1505677700042725,-4.312807559967041,0.5714285714285714,0.4285714285714285,0.1089029759168624,0.0
YYMRGGS,-1.6611164808273315,-0.10074127465486526,0.5714285714285714,0.2857142857142857,0.4106387197971344,0.2606387197971344
ISPRVAE,1.4009172916412354,-5.034084320068359,0.5714285714285714,0.4285714285714285,0.0323550254106521,0.0
SSSRSNN,1.3254238367080688,-3.59474515914917,0.5714285714285714,0.1428571428571428,0.185109794139862,0.035109794139862
YYHRGND,0.07360636442899704,1.085484266281128,0.5714285714285714,0.1428571428571428,0.6160825490951538,0.4660825490951538
YYHREIN,-1.3325146436691284,0.4081251919269562,0.7142857142857143,0.1428571428571428,0.4495551586151123,0.3495551586151123
QSHRSSN,1.0158867835998535,-1.8288625478744507,0.5714285714285714,0.0,0.3725200891494751,0.2225200891494751
YYVRSGN,-0.5472614169120789,1.1762430667877197,0.5714285714285714,0.2857142857142857,0.5425530076026917,0.3925530076026916
QSHRVNQ,0.7230578064918518,-1.2567105293273926,0.4285714285714285,0.2857142857142857,0.4332416653633117,0.2332416653633117
YYSRGSN,1.0070972442626953,-0.6622880697250366,0.5714285714285714,0.1428571428571428,0.4963267743587494,0.3463267743587493
YYDRSAS,-0.09333191066980362,-0.11858367174863815,0.5714285714285714,0.2857142857142857,0.5540292859077454,0.4040292859077453
HFSNLPN,-0.3942759335041046,-3.344804525375366,0.5714285714285714,0.4285714285714285,0.2116355895996093,0.0616355895996093
YYRRSFN,-3.1607086658477783,0.27651476860046387,0.4285714285714285,0.1428571428571428,0.2330415248870849,0.0330415248870849
HSHRSNN,0.20607632398605347,-0.3754519522190094,0.5714285714285714,0.1428571428571428,0.5267682075500488,0.3767682075500488
VYSRKNS,-2.4860119819641113,0.8214311599731445,0.4285714285714285,0.2857142857142857,0.312946081161499,0.112946081161499
YHSRLNP,0.18839238584041595,-0.724073052406311,0.5714285714285714,0.4285714285714285,0.4897696375846863,0.3397696375846862
THSRSNT,0.7438423037528992,-2.0926599502563477,0.5714285714285714,0.2857142857142857,0.3445236980915069,0.1945236980915069
HSDRQPN,1.3337457180023193,-4.06771993637085,0.5714285714285714,0.2857142857142857,0.1349137276411056,0.0
HYSKQSD,0.833823025226593,-1.9631009101867676,0.5714285714285714,0.4285714285714285,0.3582735955715179,0.2082735955715179
IYHRTNS,0.13135309517383575,0.9601609110832214,0.4285714285714285,0.2857142857142857,0.6229215264320374,0.4229215264320374
VYHSQNN,0.9715904593467712,-1.602430820465088,0.7142857142857143,0.2857142857142857,0.3965509235858917,0.2965509235858917
YYHRSNN,-0.9529139399528503,1.031571388244629,0.4285714285714285,0.0,0.4945114254951477,0.2945114254951477
YSSAQHN,1.2223615646362305,-3.7603840827941895,0.5714285714285714,0.2857142857142857,0.1675307899713516,0.0175307899713516
YYYTQAN,-1.9326026439666748,-0.16079428791999817,0.7142857142857143,0.4285714285714285,0.3784865438938141,0.2784865438938141
YSHWGNA,-1.292022705078125,-0.4066760241985321,0.5714285714285714,0.4285714285714285,0.4543506503105163,0.3043506503105163
YYTRVEN,-1.1795653104782104,0.4278372824192047,0.5714285714285714,0.2857142857142857,0.4676690101623535,0.3176690101623535
PSRSNNN,1.4844415187835693,-3.3302855491638184,0.4285714285714285,0.2857142857142857,0.2131764739751815,0.0131764739751815
QYHRGAN,0.585766077041626,0.4419023096561432,0.5714285714285714,0.1428571428571428,0.6135126948356628,0.4635126948356628
AYSRSAR,-3.713139057159424,0.2605787515640259,0.5714285714285714,0.2857142857142857,0.167616993188858,0.017616993188858
IYSRSNN,1.209181785583496,3.098268508911133,0.4285714285714285,0.0,0.7505691647529602,0.5505691647529602
YYHRQPN,-1.0538336038589478,0.5650104880332947,0.5714285714285714,0.1428571428571428,0.482559472322464,0.3325594723224639
IYHSAEN,-0.6266945004463196,-2.8866076469421387,0.7142857142857143,0.2857142857142857,0.2602632939815521,0.1602632939815521
YHHSNTE,0.6331831812858582,-2.351548671722412,0.4285714285714285,0.4285714285714285,0.3170482516288757,0.1170482516288757
ISHVAGT,0.6889404058456421,-3.8922712802886963,0.7142857142857143,0.4285714285714285,0.1535338163375854,0.0535338163375854
IYTTSEA,-0.8736372590065002,-3.5144317150115967,0.5714285714285714,0.4285714285714285,0.1936333328485489,0.0436333328485488
GYSRSHN,0.15485146641731262,0.2158244401216507,0.5714285714285714,0.1428571428571428,0.5895195007324219,0.4395195007324218
LYRRITN,-3.3241348266601562,0.09831834584474564,0.4285714285714285,0.4285714285714285,0.2136868983507156,0.0136868983507156
NYYSIAT,-2.360421895980835,-0.591242790222168,0.8571428571428571,0.4285714285714285,0.3278197646141052,0.2778197646141052
ISTRWAN,-1.8483755588531494,-0.7355438470840454,0.7142857142857143,0.2857142857142857,0.3884615898132324,0.2884615898132324
YYHRSMD,-1.4135024547576904,0.04278184846043587,0.5714285714285714,0.1428571428571428,0.4399637579917907,0.2899637579917907
AYHRSNE,0.9292382001876831,0.2741139233112335,0.5714285714285714,0.1428571428571428,0.5957056283950806,0.4457056283950805
YFHRSNT,-1.943960428237915,0.9536697864532471,0.5714285714285714,0.1428571428571428,0.3771414458751678,0.2271414458751678
IYRYLMS,-3.6530046463012695,-0.010055428370833397,0.5714285714285714,0.4285714285714285,0.174738734960556,0.024738734960556
YYHVYNN,-3.0351693630218506,0.12160491198301315,0.5714285714285714,0.1428571428571428,0.2479091882705688,0.0979091882705688
VYHWINN,-3.475400924682617,0.058993104845285416,0.7142857142857143,0.2857142857142857,0.1957724094390869,0.0957724094390869
YSHRSEN,1.2777719497680664,0.6982004046440125,0.5714285714285714,0.1428571428571428,0.6407132148742676,0.4907132148742675
NYRPAGS,1.8657640218734741,-2.848281145095825,0.7142857142857143,0.4285714285714285,0.2643308341503143,0.1643308341503143
YYRRTTN,-3.5690457820892334,0.6590616703033447,0.4285714285714285,0.2857142857142857,0.184682011604309,0.0
PYSRSFA,-1.2022846937179565,0.6367318034172058,0.5714285714285714,0.2857142857142857,0.4649783372879028,0.3149783372879028
YSSLQGN,0.7438646554946899,-2.033385992050171,0.4285714285714285,0.2857142857142857,0.3508143424987793,0.1508143424987793
YSHLLNV,-1.2752822637557983,-1.6116621494293213,0.5714285714285714,0.2857142857142857,0.395571231842041,0.245571231842041
YHHSNGI,0.5551255345344543,-1.66672945022583,0.5714285714285714,0.4285714285714285,0.3897270262241363,0.2397270262241363
AYLRSNN,0.5040517449378967,0.7322362661361694,0.5714285714285714,0.2857142857142857,0.6443254351615906,0.4943254351615905
YYSSMST,-1.7361717224121094,-2.5211596488952637,0.5714285714285714,0.4285714285714285,0.2990477085113525,0.1490477085113525
QYHKNPN,1.052242398262024,-0.511283278465271,0.5714285714285714,0.4285714285714285,0.5123526453971863,0.3623526453971862
YYHHSEN,-1.8412070274353027,0.18874695897102356,0.5714285714285714,0.1428571428571428,0.3893105387687683,0.2393105387687683
MYHRINY,-1.735185980796814,-0.08906307816505432,0.7142857142857143,0.2857142857142857,0.4018666446208954,0.3018666446208954
IYRRSAR,-3.8921947479248047,1.2603627443313599,0.5714285714285714,0.2857142857142857,0.1464113742113113,0.0
YHSLVLN,-1.9585951566696167,-2.730099678039551,0.4285714285714285,0.4285714285714285,0.276873230934143,0.076873230934143
YYRRSNN,-3.154005289077759,0.9878677725791931,0.2857142857142857,0.1428571428571428,0.2338353991508484,0.0
YSRSPTN,2.438969373703003,1.96479332447052,0.2857142857142857,0.1428571428571428,0.7751347422599792,0.5251347422599792
YYSRLEN,-1.2881826162338257,0.43050432205200195,0.7142857142857143,0.1428571428571428,0.4548054039478302,0.3548054039478302
YSHRPNN,1.1073694229125977,0.08935082703828812,0.5714285714285714,0.1428571428571428,0.5760970115661621,0.4260970115661621
TYSRSQN,0.9160691499710083,3.1797635555267334,0.4285714285714285,0.1428571428571428,0.7158557176589966,0.5158557176589966
YYTSLPN,-1.8537108898162842,-0.7296691536903381,0.4285714285714285,0.2857142857142857,0.3878297209739685,0.1878297209739685
AYHLGAN,0.056718479841947556,-1.521819829940796,0.7142857142857143,0.2857142857142857,0.4051060378551483,0.3051060378551483
ISPRSNN,1.537600040435791,-3.7125346660614014,0.5714285714285714,0.1428571428571428,0.1726089864969253,0.0226089864969253
VYHRHTV,-0.3683548867702484,0.8413277268409729,0.4285714285714285,0.4285714285714285,0.5637409687042236,0.3637409687042237
FYSRNNN,0.1168040782213211,-1.3470075130462646,0.7142857142857143,0.1428571428571428,0.4236586093902588,0.3236586093902588
YSRFQAT,0.48598554730415344,-0.7325879335403442,0.5714285714285714,0.2857142857142857,0.4888659715652466,0.3388659715652465
YYSRANF,-1.0383156538009644,0.3692229688167572,0.7142857142857143,0.1428571428571428,0.4843972325325012,0.3843972325325012
YMTRSNQ,0.938260555267334,-0.9152054786682129,0.5714285714285714,0.2857142857142857,0.4694850444793701,0.3194850444793701
SYYSAEN,-2.1838295459747314,-1.9550200700759888,0.7142857142857143,0.4285714285714285,0.3487336635589599,0.2487336635589599
ISERSGT,1.098327875137329,-3.130613327026367,0.5714285714285714,0.4285714285714285,0.2343673557043075,0.0843673557043075
NYSFSNP,-1.4657716751098633,-0.7666541337966919,0.5714285714285714,0.2857142857142857,0.4337734878063202,0.2837734878063201
YYHSSNN,-0.6778563261032104,-0.41938555240631104,0.4285714285714285,0.1428571428571428,0.5221056342124939,0.3221056342124939
ISSRSAF,1.591744303703308,-2.9148287773132324,0.5714285714285714,0.2857142857142857,0.2572682201862335,0.1072682201862335
IYRVLAE,-0.875019907951355,-1.428039789199829,0.7142857142857143,0.4285714285714285,0.4150587618350982,0.3150587618350983
YYHRGIL,-2.422644853591919,0.3771625757217407,0.7142857142857143,0.2857142857142857,0.3204506635665893,0.2204506635665893
DYHASSN,0.3067311942577362,-3.2221755981445312,0.4285714285714285,0.2857142857142857,0.2246500104665756,0.0246500104665756
TYHRSNN,0.7106674909591675,1.6119908094406128,0.4285714285714285,0.1428571428571428,0.6915299296379089,0.491529929637909
YYHRRGN,-4.094525337219238,1.3511677980422974,0.7142857142857143,0.1428571428571428,0.1224492862820625,0.0224492862820625
YYSRITT,-1.5112777948379517,-0.2978482246398926,0.7142857142857143,0.2857142857142857,0.4283841848373413,0.3283841848373413
VYSRPQN,0.4433630406856537,2.543684959411621,0.4285714285714285,0.1428571428571428,0.6598730087280273,0.4598730087280274
HMHRSSN,0.18339243531227112,0.2816694378852844,0.5714285714285714,0.2857142857142857,0.5965074896812439,0.4465074896812439
AYHAPNN,0.16541922092437744,-2.0082130432128906,0.5714285714285714,0.2857142857142857,0.3534859120845794,0.2034859120845794
YYRRSAY,-3.8356707096099854,1.4035991430282593,0.5714285714285714,0.1428571428571428,0.1531055271625518,0.0031055271625518
SYHSNNY,-0.6420043706893921,-1.0470142364501953,0.7142857142857143,0.2857142857142857,0.4554964005947113,0.3554964005947113
VYHRQAE,1.8485188484191895,-0.08544621616601944,0.5714285714285714,0.2857142857142857,0.557546079158783,0.4075460791587829
MYSRSFN,-1.6659529209136963,2.380688428878784,0.5714285714285714,0.1428571428571428,0.4100659489631653,0.2600659489631652
IYSRSGT,1.3305894136428833,1.2745654582977295,0.4285714285714285,0.1428571428571428,0.701882004737854,0.501882004737854
YYHRGEM,-0.9831920266151428,1.2570934295654297,0.7142857142857143,0.2857142857142857,0.4909255802631378,0.3909255802631378
YSHRQGN,1.8815034627914429,-0.5808221697807312,0.5714285714285714,0.1428571428571428,0.5049726366996765,0.3549726366996765
WYSRAAA,-0.7383663058280945,-0.3705223500728607,0.7142857142857143,0.4285714285714285,0.5199204087257385,0.4199204087257385
QYSRSNN,1.1347072124481201,2.8329105377197266,0.5714285714285714,0.0,0.7417490482330322,0.5917490482330322
IYHSSEA,-0.3999052941799164,-2.798497200012207,0.5714285714285714,0.2857142857142857,0.2696143090724945,0.1196143090724945
YYYSSSN,-2.1322989463806152,-0.2944689095020294,0.4285714285714285,0.2857142857142857,0.3548364341259002,0.1548364341259002
NYRRAPY,-4.1701226234436035,0.2963559627532959,0.5714285714285714,0.4285714285714285,0.1134962737560272,0.0
YSRVLEN,1.1041735410690308,2.9875757694244385,0.4285714285714285,0.0,0.7381330132484436,0.5381330132484436
SYSRLNN,0.6691986322402954,3.2765274047851562,0.5714285714285714,0.0,0.6866187453269958,0.5366187453269958
SYSRLNN,0.6691986322402954,3.2765274047851562,0.5714285714285714,0.0,0.6866187453269958,0.5366187453269958
SYARSNN,0.6724101901054382,1.4104926586151123,0.5714285714285714,0.0,0.6869990825653076,0.5369990825653076
LYHRSNN,0.6776084899902344,1.5064384937286377,0.5714285714285714,0.0,0.6876147389411926,0.5376147389411926
SYSRSEL,0.6797801852226257,3.091238021850586,0.5714285714285714,0.0,0.6878719329833984,0.5378719329833984
YHRVSSN,1.5664353370666504,2.688844680786133,0.2857142857142857,0.0,0.7928788065910339,0.5428788065910339
IYHRSGN,0.6821259260177612,1.4967525005340576,0.5714285714285714,0.0,0.6881497502326965,0.5381497502326965
IYHRSGN,0.6821259260177612,1.4967525005340576,0.5714285714285714,0.0,0.6881497502326965,0.5381497502326965
YVHRSTN,0.6905807256698608,1.3568605184555054,0.5714285714285714,0.0,0.6891510486602783,0.5391510486602783
YSRSLAN,1.7333980798721313,1.7346062660217285,0.4285714285714285,0.0,0.750705361366272,0.550705361366272
IYHRSEN,0.7110471725463867,1.5264701843261719,0.5714285714285714,0.0,0.6915748715400696,0.5415748715400696
IYHRSEN,0.7110471725463867,1.5264701843261719,0.5714285714285714,0.0,0.6915748715400696,0.5415748715400696
IYHRSEN,0.7110471725463867,1.5264701843261719,0.5714285714285714,0.0,0.6915748715400696,0.5415748715400696
YSRVNEN,1.599050760269165,2.3024837970733643,0.2857142857142857,0.0,0.7967414855957031,0.5467414855957031
YSRVNEN,1.599050760269165,2.3024837970733643,0.2857142857142857,0.0,0.7967414855957031,0.5467414855957031
YSRSLVN,1.1651840209960938,2.2716965675354004,0.4285714285714285,0.0,0.7453584671020508,0.5453584671020508
NYHRLNN,0.2813147008419037,1.005241870880127,0.7142857142857143,0.0,0.6406815648078918,0.5406815648078919
VYTRANV,1.1700628995895386,3.1846587657928467,0.4285714285714285,0.0,0.7459362745285034,0.5459362745285035
IYHRVNN,0.2880707383155823,1.2022349834442139,0.7142857142857143,0.0,0.6414816379547119,0.5414816379547119
IYHRVNN,0.2880707383155823,1.2022349834442139,0.7142857142857143,0.0,0.6414816379547119,0.5414816379547119
VYHRGLN,0.7348124980926514,2.4616787433624268,0.5714285714285714,0.0,0.6943894028663635,0.5443894028663635
YSRSSVN,2.4003820419311523,1.7830203771591187,0.4285714285714285,0.0,0.755843460559845,0.555843460559845
IYSRSND,1.1894460916519165,1.8282781839370728,0.4285714285714285,0.0,0.748231828212738,0.5482318282127381
YSRAGNN,2.663017988204956,2.2642297744750977,0.2857142857142857,0.0,0.806913435459137,0.556913435459137
VYHRGSN,0.7546353340148926,1.441296100616455,0.5714285714285714,0.0,0.6967370510101318,0.5467370510101318
VYHRGSN,0.7546353340148926,1.441296100616455,0.5714285714285714,0.0,0.6967370510101318,0.5467370510101318
IYSRNNN,0.9791157245635986,1.3348230123519897,0.5714285714285714,0.0,0.7082769870758057,0.5582769870758056
VYARSSN,1.1999764442443848,2.569692850112915,0.4285714285714285,0.0,0.7494789361953735,0.5494789361953736
SYSRLHE,0.7578845620155334,1.5178667306900024,0.5714285714285714,0.0,0.6971218585968018,0.5471218585968017
SYHRSNN,0.7627543807029724,2.127140998840332,0.5714285714285714,0.0,0.6976985931396484,0.5476985931396484
SYHRSNN,0.7627543807029724,2.127140998840332,0.5714285714285714,0.0,0.6976985931396484,0.5476985931396484
SYHRSNN,0.7627543807029724,2.127140998840332,0.5714285714285714,0.0,0.6976985931396484,0.5476985931396484
SYHRSNN,0.7627543807029724,2.127140998840332,0.5714285714285714,0.0,0.6976985931396484,0.5476985931396484
IYSRSNN,1.209181785583496,3.098268508911133,0.4285714285714285,0.0,0.7505691647529602,0.5505691647529602
IYSRSNN,1.209181785583496,3.098268508911133,0.4285714285714285,0.0,0.7505691647529602,0.5505691647529602
IYHRGSN,0.7749402523040771,1.4427777528762817,0.5714285714285714,0.0,0.6991417407989502,0.5491417407989502
IYHRGSN,0.7749402523040771,1.4427777528762817,0.5714285714285714,0.0,0.6991417407989502,0.5491417407989502
IYHRGSN,0.7749402523040771,1.4427777528762817,0.5714285714285714,0.0,0.6991417407989502,0.5491417407989502
IYHRANN,0.33326804637908936,1.7570427656173706,0.7142857142857143,0.0,0.6468343734741211,0.5468343734741211
YHRVGSN,1.222070336341858,2.021982192993164,0.4285714285714285,0.0,0.7520955204963684,0.5520955204963685
NYSRSNN,1.1415168046951294,1.362898826599121,0.5714285714285714,0.0,0.7112566232681274,0.5612566232681274
NYSRSNN,1.1415168046951294,1.362898826599121,0.5714285714285714,0.0,0.7112566232681274,0.5612566232681274
NYSRSNN,1.1415168046951294,1.362898826599121,0.5714285714285714,0.0,0.7112566232681274,0.5612566232681274
NYSRSNN,1.1415168046951294,1.362898826599121,0.5714285714285714,0.0,0.7112566232681274,0.5612566232681274
IYTRATV,0.7838273644447327,1.6613857746124268,0.5714285714285714,0.0,0.7001942992210388,0.5501942992210388
YSRVNNN,3.1117184162139893,2.300304889678955,0.2857142857142857,0.0,0.8107420206069946,0.5607420206069946
TYSRSST,1.2296098470687866,1.3705421686172485,0.5714285714285714,0.0,0.7120677828788757,0.5620677828788757
QYHRAAN,0.5593296885490417,0.9051790833473206,0.7142857142857143,0.0,0.6626795530319214,0.5626795530319214
MYSRNNN,1.264977216720581,0.905227541923523,0.7142857142857143,0.0,0.6626847386360168,0.5626847386360169
IYSRTNN,0.7924732565879822,2.7223355770111084,0.5714285714285714,0.0,0.7012182474136353,0.5512182474136352
HYSRSPN,0.7927325367927551,1.4149210453033447,0.5714285714285714,0.0,0.7012489438056946,0.5512489438056946
HYSRSPN,0.7927325367927551,1.4149210453033447,0.5714285714285714,0.0,0.7012489438056946,0.5512489438056946
YSRSQNN,1.771315336227417,1.8466640710830688,0.4285714285714285,0.0,0.7625978589057922,0.5625978589057923
YSRSQNN,1.771315336227417,1.8466640710830688,0.4285714285714285,0.0,0.7625978589057922,0.5625978589057923
YSRSQNN,1.771315336227417,1.8466640710830688,0.4285714285714285,0.0,0.7625978589057922,0.5625978589057923
YSRSQNN,1.771315336227417,1.8466640710830688,0.4285714285714285,0.0,0.7625978589057922,0.5625978589057923
IYSRSNG,1.566129446029663,1.8501169681549072,0.4285714285714285,0.0,0.7629643082618713,0.5629643082618714
SYHRSST,0.876466691493988,1.387302041053772,0.5714285714285714,0.0,0.7111656069755554,0.5611656069755554
VYHRGNN,0.8171966671943665,1.7982733249664307,0.5714285714285714,0.0,0.7041462659835815,0.5541462659835815
VYHRGNN,0.8171966671943665,1.7982733249664307,0.5714285714285714,0.0,0.7041462659835815,0.5541462659835815
YSRISNN,2.958439588546753,2.3349082469940186,0.2857142857142857,0.0,0.8144144415855408,0.5644144415855408
YSRVDEL,0.932559609413147,1.4018746614456177,0.5714285714285714,0.0,0.71539306640625,0.56539306640625
IYHRSNG,0.8296962380409241,1.531541347503662,0.5714285714285714,0.0,0.7056265473365784,0.5556265473365783
YSRLGQD,2.593733549118042,2.350282669067383,0.2857142857142857,0.0,0.8160461187362671,0.5660461187362671
VYSRVAN,0.8509868383407593,2.5880870819091797,0.5714285714285714,0.0,0.7081480026245117,0.5581480026245117
YSRSSPN,2.597914934158325,2.374415636062622,0.2857142857142857,0.0,0.8186072707176208,0.5686072707176208
YSRSSPN,2.597914934158325,2.374415636062622,0.2857142857142857,0.0,0.8186072707176208,0.5686072707176208
YSRSSPN,2.597914934158325,2.374415636062622,0.2857142857142857,0.0,0.8186072707176208,0.5686072707176208
YSRSSPN,2.597914934158325,2.374415636062622,0.2857142857142857,0.0,0.8186072707176208,0.5686072707176208
YSRSQSN,1.6020078659057617,1.911088228225708,0.4285714285714285,0.0,0.7694350481033325,0.5694350481033326
YSRSQSN,1.6020078659057617,1.911088228225708,0.4285714285714285,0.0,0.7694350481033325,0.5694350481033326
TYTRSTN,1.59111750125885,1.9248038530349731,0.4285714285714285,0.0,0.7708907127380371,0.5708907127380372
QYSRSNA,1.9483537673950195,1.4585751295089722,0.5714285714285714,0.0,0.7214106321334839,0.5714106321334839
QYVRSSE,0.8793430328369141,1.552398681640625,0.5714285714285714,0.0,0.7115062475204468,0.5615062475204468
YSRSQNP,2.1303699016571045,1.4667940139770508,0.5714285714285714,0.0,0.722282886505127,0.5722828865051269
YSRSPLN,2.0026628971099854,1.9378924369812012,0.4285714285714285,0.0,0.7722797989845276,0.5722797989845276
IYSRSSN,1.440469741821289,1.947092890739441,0.4285714285714285,0.0,0.773256242275238,0.5732562422752381
YSRSINN,2.091066837310791,1.9562560319900513,0.4285714285714285,0.0,0.7742286920547485,0.5742286920547486
YSRSINN,2.091066837310791,1.9562560319900513,0.4285714285714285,0.0,0.7742286920547485,0.5742286920547486
YSRSINN,2.091066837310791,1.9562560319900513,0.4285714285714285,0.0,0.7742286920547485,0.5742286920547486
QYSRGSN,1.5451799631118774,1.4965078830718994,0.5714285714285714,0.0,0.7254363298416138,0.5754363298416137
SYHRPNN,0.5521334409713745,1.0383319854736328,0.7142857142857143,0.0,0.67275470495224,0.57275470495224
IYSRSPN,1.3657299280166626,2.306851625442505,0.4285714285714285,0.0,0.7691091895103455,0.5691091895103455
YLHRGNS,0.6472460627555847,1.0436344146728516,0.7142857142857143,0.0,0.6773735880851746,0.5773735880851746
YLHRGNS,0.6472460627555847,1.0436344146728516,0.7142857142857143,0.0,0.6773735880851746,0.5773735880851746
QYSRNNP,1.5083811283111572,1.5115464925765991,0.5714285714285714,0.0,0.7270323634147644,0.5770323634147644
QYSRSND,1.1993532180786133,1.5455397367477417,0.5714285714285714,0.0,0.7306400537490845,0.5806400537490845
VYSRPPN,1.3658779859542847,1.5837769508361816,0.5714285714285714,0.0,0.7346980571746826,0.5846980571746826
VYTRANN,1.4377975463867188,2.749725580215454,0.4285714285714285,0.0,0.7776442170143127,0.5776442170143128
VYTRANN,1.4377975463867188,2.749725580215454,0.4285714285714285,0.0,0.7776442170143127,0.5776442170143128
VYTRANN,1.4377975463867188,2.749725580215454,0.4285714285714285,0.0,0.7776442170143127,0.5776442170143128
VYTRANN,1.4377975463867188,2.749725580215454,0.4285714285714285,0.0,0.7776442170143127,0.5776442170143128
VYTRANN,1.4377975463867188,2.749725580215454,0.4285714285714285,0.0,0.7776442170143127,0.5776442170143128
YSRSSVQ,1.976434350013733,1.5923123359680176,0.5714285714285714,0.0,0.735603928565979,0.585603928565979
SYHRSPN,1.009524941444397,1.9068986177444458,0.5714285714285714,0.0,0.7269237041473389,0.5769237041473388
QYSRGSQ,1.0115461349487305,1.1389461755752563,0.7142857142857143,0.0,0.687488853931427,0.587488853931427
YSRVLGN,1.4600673913955688,2.137068271636963,0.4285714285714285,0.0,0.7802816033363342,0.5802816033363343
YSRVLGN,1.4600673913955688,2.137068271636963,0.4285714285714285,0.0,0.7802816033363342,0.5802816033363343
YSRSSNQ,2.235509157180786,2.0813941955566406,0.4285714285714285,0.0,0.7875093817710876,0.5875093817710877
YSRSSNQ,2.235509157180786,2.0813941955566406,0.4285714285714285,0.0,0.7875093817710876,0.5875093817710877
VYSRGNN,1.0391335487365723,1.753395676612854,0.5714285714285714,0.0,0.7304303050041199,0.5804303050041199
YSRSPGE,1.8658947944641113,1.645357608795166,0.5714285714285714,0.0,0.7412335276603699,0.5912335276603699
IYSRSAN,1.4985451698303223,2.275128126144409,0.4285714285714285,0.0,0.7848385572433472,0.5848385572433472
YSRSLGN,1.5712090730667114,2.120896100997925,0.4285714285714285,0.0,0.7917016744613647,0.5917016744613648
YSRSANN,2.7788655757904053,2.5977861881256104,0.2857142857142857,0.0,0.8423132300376892,0.5923132300376892
TYSRSNN,1.0697753429412842,2.0232675075531006,0.5714285714285714,0.0,0.7340591549873352,0.5840591549873352
TYSRSNN,1.0697753429412842,2.0232675075531006,0.5714285714285714,0.0,0.7340591549873352,0.5840591549873352
TYSRSNN,1.0697753429412842,2.0232675075531006,0.5714285714285714,0.0,0.7340591549873352,0.5840591549873352
SYSRSNN,1.0727022886276245,2.1194589138031006,0.5714285714285714,0.0,0.7344058752059937,0.5844058752059936
SYSRSNN,1.0727022886276245,2.1194589138031006,0.5714285714285714,0.0,0.7344058752059937,0.5844058752059936
SYSRSNN,1.0727022886276245,2.1194589138031006,0.5714285714285714,0.0,0.7344058752059937,0.5844058752059936
SYSRSNN,1.0727022886276245,2.1194589138031006,0.5714285714285714,0.0,0.7344058752059937,0.5844058752059936
SYSRSNN,1.0727022886276245,2.1194589138031006,0.5714285714285714,0.0,0.7344058752059937,0.5844058752059936
QYHRANN,0.8508756756782532,1.2021807432174683,0.7142857142857143,0.0,0.6941998600959778,0.5941998600959778
TYSRGTN,1.5971348285675049,1.7018580436706543,0.5714285714285714,0.0,0.747229814529419,0.5972298145294189
YSRSGNN,2.8404319286346436,2.65136456489563,0.2857142857142857,0.0,0.8479993939399719,0.5979993939399719
QYSRSNN,1.1347072124481201,2.8329105377197266,0.5714285714285714,0.0,0.7417490482330322,0.5917490482330322
QYSRSNN,1.1347072124481201,2.8329105377197266,0.5714285714285714,0.0,0.7417490482330322,0.5917490482330322
QYSRSNN,1.1347072124481201,2.8329105377197266,0.5714285714285714,0.0,0.7417490482330322,0.5917490482330322
YSRLGQN,2.523437738418579,2.67421555519104,0.2857142857142857,0.0,0.8504245281219482,0.6004245281219482
YSRSQAN,1.7623904943466187,2.207921266555786,0.4285714285714285,0.0,0.8009374737739563,0.6009374737739563
MYSRSNN,1.5054917335510254,1.7826772928237915,0.5714285714285714,0.0,0.7558070421218872,0.6058070421218872
MYSRSNN,1.5054917335510254,1.7826772928237915,0.5714285714285714,0.0,0.7558070421218872,0.6058070421218872
MYSRSNN,1.5054917335510254,1.7826772928237915,0.5714285714285714,0.0,0.7558070421218872,0.6058070421218872
QYSRSSN,1.2236515283584595,2.193639039993286,0.5714285714285714,0.0,0.7522827982902527,0.6022827982902527
MYSRANN,1.9002363681793213,1.3881070613861084,0.7142857142857143,0.0,0.7139319777488708,0.6139319777488709
YSRSSGN,2.498208522796631,2.3260834217071533,0.4285714285714285,0.0,0.8134778738021851,0.6134778738021851
YSRSSGN,2.498208522796631,2.3260834217071533,0.4285714285714285,0.0,0.8134778738021851,0.6134778738021851
YSRVSNN,2.917630195617676,2.8026349544525146,0.2857142857142857,0.0,0.8640535473823547,0.6140535473823547
YSRSSAN,2.5067453384399414,2.3360517024993896,0.4285714285714285,0.0,0.8145357966423035,0.6145357966423035
YSRSLNN,2.0125224590301514,2.3630013465881348,0.4285714285714285,0.0,0.8173959255218506,0.6173959255218506
QYSRSTN,1.287840723991394,2.425595283508301,0.5714285714285714,0.0,0.759884774684906,0.609884774684906
QYSRSTN,1.287840723991394,2.425595283508301,0.5714285714285714,0.0,0.759884774684906,0.609884774684906
YSRSGPN,2.7878224849700928,3.3061652183532715,0.1428571428571428,0.0,0.9174924492836,0.6174924492835998
YSRSGSN,2.758145809173584,2.9118716716766357,0.2857142857142857,0.0,0.8756466507911682,0.6256466507911682
YSRSGSN,2.758145809173584,2.9118716716766357,0.2857142857142857,0.0,0.8756466507911682,0.6256466507911682
YSRLSNN,3.315321445465088,3.4239096641540527,0.1428571428571428,0.0,0.929988443851471,0.6299884438514709
QYSRLNN,1.0643407106399536,3.376476526260376,0.7142857142857143,0.0,0.7334155440330505,0.6334155440330506
YSRLSQN,2.523674249649048,3.461937665939331,0.2857142857142857,0.0,0.9062449932098388,0.6562449932098389
