seq,fitness_pred,htfr1_pred,ref_dist,div_prev,reward_signal,final_score
YRLNKRN,-2.9702422618865967,0.2952468693256378,0.5714285714285714,0.2857142857142857,0.2863387167453766,0.1363387167453766
YYHRTEN,-0.9267565608024597,0.9861785769462585,0.5714285714285714,0.1428571428571428,0.5183555483818054,0.3683555483818054
VKHRVPD,0.02846614085137844,-0.7105170488357544,0.7142857142857143,0.5714285714285714,0.4378113150596618,0.3378113150596619
YLSRNAS,1.4601795673370361,-1.5802769660949707,0.5714285714285714,0.2857142857142857,0.3454636633396148,0.1954636633396148
YSHRNIK,-3.3151352405548096,-0.6771166920661926,0.5714285714285714,0.2857142857142857,0.2471796572208404,0.0971796572208404
FYHRGKC,-4.571708679199219,1.2098461389541626,0.7142857142857143,0.4285714285714285,0.1045086458325386,0.0045086458325386
YHRFKMN,-2.356710433959961,-0.10057751089334488,0.4285714285714285,0.2857142857142857,0.3559989631175995,0.1559989631175995
LQHRSTN,1.3454508781433105,-0.730146050453186,0.5714285714285714,0.2857142857142857,0.4357271790504455,0.2857271790504455
GNLKPSS,1.364131212234497,-4.1734619140625,0.5714285714285714,0.7142857142857143,0.0701297000050544,0.0
IHCHGNN,-3.4840290546417236,-0.512658953666687,0.5714285714285714,0.2857142857142857,0.2280035018920898,0.0780035018920898
YNIQDFN,-2.0372300148010254,-1.3270139694213867,0.7142857142857143,0.4285714285714285,0.372354120016098,0.272354120016098
MHIRWSH,-2.573768138885498,-1.0940325260162354,0.7142857142857143,0.4285714285714285,0.3313542902469635,0.2313542902469635
LCGVNLA,-3.2006995677948,-1.3760045766830444,0.7142857142857143,0.5714285714285714,0.2601726651191711,0.1601726651191711
YHRSWSN,-2.5959267616271973,0.5721915364265442,0.4285714285714285,0.1428571428571428,0.3288384079933166,0.1288384079933166
QWYSKKN,-3.7531919479370117,1.418415904045105,0.7142857142857143,0.4285714285714285,0.197442814707756,0.097442814707756
MSRLMNN,1.0119045972824097,-2.2054076194763184,0.4285714285714285,0.2857142857142857,0.2790898084640503,0.0790898084640503
YQPRSTN,1.26236093044281,-2.0649139881134033,0.5714285714285714,0.2857142857142857,0.2940068542957306,0.1440068542957306
YRYSNQN,-0.6915255784988403,-0.4495471715927124,0.5714285714285714,0.2857142857142857,0.4655200242996216,0.3155200242996215
YIMSINF,-3.386461019515991,0.15338562428951263,0.5714285714285714,0.4285714285714285,0.2390813529491424,0.0890813529491424
GNRSHNN,0.681020975112915,-2.923671007156372,0.5714285714285714,0.0,0.2028274834156036,0.0528274834156036
YYQQLAN,-1.927673578262329,-1.0995322465896606,0.7142857142857143,0.2857142857142857,0.3965072333812713,0.2965072333812714
NNHRSFN,0.9980007410049438,-1.4641786813735962,0.7142857142857143,0.2857142857142857,0.3577905297279358,0.2577905297279358
PYSFYLF,-4.257544994354248,1.2531968355178833,0.5714285714285714,0.4285714285714285,0.1401787102222442,0.0
YWARSQY,-2.2979133129119873,1.8396334648132324,0.5714285714285714,0.2857142857142857,0.3626747727394104,0.2126747727394104
LFHHEFN,-2.840956449508667,-0.9918857216835022,0.7142857142857143,0.5714285714285714,0.3010177910327911,0.2010177910327911
YQKNGAN,2.2204039096832275,-2.5010478496551514,0.5714285714285714,0.4285714285714285,0.2476999163627624,0.0976999163627624
RDDSSFT,0.09610094875097275,-3.8490006923675537,0.7142857142857143,0.5714285714285714,0.1045796945691108,0.0034783650189638
YYHSVAE,-1.1964250802993774,-0.6662786602973938,0.7142857142857143,0.1428571428571428,0.442508339881897,0.342508339881897
EYHRSTN,0.8655093908309937,-0.5084359049797058,0.4285714285714285,0.1428571428571428,0.4592674672603607,0.2592674672603607
YKWRPNK,-3.193711757659912,0.4327305257320404,0.7142857142857143,0.2857142857142857,0.2609660625457763,0.1609660625457764
YAHFSNH,-0.564680278301239,-1.3567662239074707,0.5714285714285714,0.2857142857142857,0.3691951334476471,0.2191951334476471
YYGWSNG,-2.423490285873413,0.18141065537929535,0.5714285714285714,0.2857142857142857,0.348416805267334,0.198416805267334
VLHVSNN,-0.21903078258037567,-3.994710683822632,0.5714285714285714,0.2857142857142857,0.0891087874770164,0.0
YAQCEYN,-3.775330066680908,-0.13854075968265533,0.5714285714285714,0.4285714285714285,0.1949292570352554,0.0449292570352554
YLSLGDN,-1.116650104522705,-2.0460894107818604,0.4285714285714285,0.1428571428571428,0.2960055768489837,0.0960055768489837
HYWRHRN,-4.1224565505981445,1.7004519701004028,0.7142857142857143,0.2857142857142857,0.1555166095495224,0.0555166095495224
YEHSGNN,0.11223860830068588,-2.877866744995117,0.4285714285714285,0.1428571428571428,0.2076907902956009,0.0076907902956009
NYRSSNN,1.3547959327697754,-1.828595519065857,0.4285714285714285,0.0,0.3190982043743133,0.1190982043743133
VHHRSVV,0.28207749128341675,0.4854864776134491,0.5714285714285714,0.4285714285714285,0.5647981762886047,0.4147981762886047
YYHRSNG,-0.8293530941009521,1.11887526512146,0.5714285714285714,0.1428571428571428,0.5294146537780762,0.3794146537780761
GNKRNLH,-3.09464693069458,-0.6259600520133972,0.7142857142857143,0.5714285714285714,0.2722138464450836,0.1722138464450836
YSHRSDG,1.8115438222885132,-0.5305989384651184,0.7142857142857143,0.2857142857142857,0.4569142460823059,0.3569142460823059
YVRVKNG,-1.7372890710830688,-0.7308353781700134,0.5714285714285714,0.1428571428571428,0.4263279139995575,0.2763279139995575
YHWSVNN,-2.6008589267730713,0.5820430517196655,0.4285714285714285,0.1428571428571428,0.3282783925533294,0.1282783925533294
YMARSNN,1.7986760139465332,-0.5881124138832092,0.4285714285714285,0.2857142857142857,0.4508077204227447,0.2508077204227448
CWHRSNI,-3.7457680702209473,1.499800682067871,0.7142857142857143,0.4285714285714285,0.1982857286930084,0.0982857286930084
YHPSSTN,0.9446612596511841,-3.4376728534698486,0.4285714285714285,0.1428571428571428,0.1482528299093246,0.0
VYRSAHN,1.183950424194336,-0.8260632157325745,0.5714285714285714,0.2857142857142857,0.4255430698394775,0.2755430698394775
IRFESAD,0.8008084297180176,-3.601224899291992,0.7142857142857143,0.5714285714285714,0.1308875232934951,0.0308875232934951
YGWSMTT,-3.4152672290802,-0.397844523191452,0.5714285714285714,0.4285714285714285,0.2358106970787048,0.0858106970787048
YYKMGSR,-3.690706729888916,0.4754537343978882,0.5714285714285714,0.4285714285714285,0.2045373767614364,0.0545373767614364
GDSRSLN,-0.2708550691604614,-2.522836685180664,0.5714285714285714,0.2857142857142857,0.245386466383934,0.095386466383934
YMSRSGN,1.9453834295272827,-1.2185155153274536,0.5714285714285714,0.1428571428571428,0.3838740587234497,0.2338740587234497
YFRSSEG,-0.10943622142076492,0.04072953388094902,0.5714285714285714,0.2857142857142857,0.5175756216049194,0.3675756216049194
LHKYRGE,0.3786543011665344,-0.009764498099684715,0.5714285714285714,0.5714285714285714,0.5122143626213074,0.3622143626213073
RRGRSNQ,-4.196826934814453,1.080470085144043,0.5714285714285714,0.4285714285714285,0.1470726132392883,0.0
IRHSLIW,-3.1177446842193604,-0.9565853476524353,0.7142857142857143,0.4285714285714285,0.2695913314819336,0.1695913314819336
SRSRIAF,-4.2611284255981445,-0.9627118110656738,0.5714285714285714,0.4285714285714285,0.1397718489170074,0.0
DYHQLNN,-0.07387322932481766,-2.5167429447174072,0.7142857142857143,0.1428571428571428,0.2460334748029709,0.1460334748029709
MRSSPIW,-1.5099725723266602,-1.2713956832885742,0.8571428571428571,0.5714285714285714,0.3782594501972198,0.3282594501972198
YSRESLN,1.354077935218811,0.3308754563331604,0.4285714285714285,0.1428571428571428,0.5483821630477905,0.3483821630477905
YYSRLSN,-1.368436574935913,0.45091280341148376,0.7142857142857143,0.1428571428571428,0.4682072699069977,0.3682072699069977
YYSKMFN,-1.0256519317626953,-1.025098443031311,0.5714285714285714,0.2857142857142857,0.4044103026390075,0.2544103026390075
WQRIAMS,-2.1920509338378906,-1.48538076877594,0.7142857142857143,0.4285714285714285,0.3555393815040588,0.2555393815040588
VYKTGAN,2.2202670574188232,-3.0276570320129395,0.5714285714285714,0.4285714285714285,0.1917866617441177,0.0417866617441177
ENNFAQN,-0.8592414259910583,-4.439047813415527,0.7142857142857143,0.5714285714285714,0.0419308543205261,0.0
YNSALEK,0.7710480093955994,-3.9605469703674316,0.7142857142857143,0.4285714285714285,0.092736154794693,0.0
YYSNNKN,1.5240474939346313,-1.7346540689468384,0.5714285714285714,0.2857142857142857,0.3290725350379944,0.1790725350379944
MIQMRGA,1.0626461505889893,-3.678215742111206,0.8571428571428571,0.4285714285714285,0.122712954878807,0.072712954878807
IMNSYVN,-1.7980091571807861,-2.510730504989624,0.7142857142857143,0.4285714285714285,0.2466718554496765,0.1466718554496765
IYSPSKN,1.81235933303833,-2.7192258834838867,0.4285714285714285,0.2857142857142857,0.2245346456766128,0.0245346456766128
YYRRMVN,-4.213994026184082,0.290147989988327,0.5714285714285714,0.1428571428571428,0.1451234668493271,0.0
YSIRDGN,1.1606839895248413,-3.1738345623016357,0.5714285714285714,0.2857142857142857,0.1762661188840866,0.0262661188840866
QHHSYNN,-1.236999750137329,-1.8636592626571655,0.5714285714285714,0.2857142857142857,0.31537526845932,0.16537526845932
CSALKCA,-2.752098321914673,-1.5002409219741821,0.7142857142857143,0.5714285714285714,0.3111067116260528,0.2111067116260528
AHHRSNG,0.8511765599250793,-0.08002820611000061,0.5714285714285714,0.2857142857142857,0.5047540664672852,0.3547540664672851
VYRSNSN,2.054882049560547,-0.933452844619751,0.5714285714285714,0.2857142857142857,0.4141408503055572,0.2641408503055572
YYEAHDR,-0.6308467388153076,-0.755752682685852,0.7142857142857143,0.2857142857142857,0.4330083727836609,0.3330083727836609
YQMRSKY,-3.280982494354248,-0.13734430074691772,0.7142857142857143,0.2857142857142857,0.251057356595993,0.151057356595993
YHRFMKD,0.0267195887863636,-0.3880290985107422,0.4285714285714285,0.1428571428571428,0.4720517694950104,0.2720517694950104
LLRFSQN,-0.6348985433578491,-2.0143773555755615,0.4285714285714285,0.2857142857142857,0.2993726432323456,0.0993726432323456
IHRQANN,1.5198793411254883,-0.31442221999168396,0.4285714285714285,0.2857142857142857,0.4798670709133148,0.2798670709133148
SLRPGHN,1.1826410293579102,-3.1717894077301025,0.5714285714285714,0.2857142857142857,0.1764832735061645,0.0264832735061645
FYHRRLN,-3.4341843128204346,1.2675020694732666,0.7142857142857143,0.2857142857142857,0.2336628586053848,0.1336628586053848
YCHRSQP,-3.790471315383911,1.1363248825073242,0.4285714285714285,0.2857142857142857,0.1932101249694824,0.0
SHDRGWY,-2.775176525115967,-0.22432032227516174,0.5714285714285714,0.2857142857142857,0.3084864318370819,0.1584864318370819
YVSKNNV,2.3931801319122314,-2.699026107788086,0.5714285714285714,0.4285714285714285,0.2266793847084045,0.0766793847084045
TYCWYSM,-4.7844061851501465,1.665616512298584,0.7142857142857143,0.4285714285714285,0.0803590267896652,0.0
RYSGSLN,0.9416919350624084,-2.005234956741333,0.4285714285714285,0.2857142857142857,0.3003433346748352,0.1003433346748352
QIHRSTV,0.8613880276679993,-0.4231611490249634,0.4285714285714285,0.2857142857142857,0.4683215916156769,0.2683215916156769
YLWKSYW,-3.7407443523406982,1.004584789276123,0.5714285714285714,0.4285714285714285,0.1988561153411865,0.0488561153411865
YHHSFRN,-1.1579614877700806,-0.29495367407798767,0.5714285714285714,0.1428571428571428,0.481934130191803,0.3319341301918029
YVRDPSA,1.401914358139038,-1.9383395910263062,0.7142857142857143,0.4285714285714285,0.3074460029602051,0.2074460029602051
YHYRSTA,-0.39827829599380493,1.0081708431243896,0.5714285714285714,0.2857142857142857,0.5783588290214539,0.4283588290214538
KYHTSER,-0.5768073201179504,0.1676245480775833,0.5714285714285714,0.4285714285714285,0.5310488343238831,0.381048834323883
YHRVQFR,-3.137665271759033,0.4103485345840454,0.5714285714285714,0.4285714285714285,0.2673295438289642,0.1173295438289642
HSDFKPN,1.0755220651626587,-3.729092836380005,0.5714285714285714,0.4285714285714285,0.1173110231757164,0.0
AYLEKWN,-1.5080522298812866,-0.876981794834137,0.7142857142857143,0.4285714285714285,0.4201367497444153,0.3201367497444153
DYVWKWT,-3.829174041748047,0.29590535163879395,0.7142857142857143,0.5714285714285714,0.1888158321380615,0.0888158321380615
PYTSGNN,0.19660454988479614,-3.254340171813965,0.5714285714285714,0.2857142857142857,0.1677183657884597,0.0177183657884597
NYRIMQL,-2.518810272216797,-1.3924672603607178,0.7142857142857143,0.4285714285714285,0.3375941812992096,0.2375941812992096
YMHSINN,-0.4552414119243622,-2.0235819816589355,0.5714285714285714,0.2857142857142857,0.2983953356742859,0.1483953356742859
YMIISAN,-2.266648530960083,-2.3247647285461426,0.5714285714285714,0.2857142857142857,0.2664169371128082,0.1164169371128082
LSHRHNN,0.0451834537088871,-0.8361836671829224,0.5714285714285714,0.2857142857142857,0.4244685173034668,0.2744685173034668
YAHWSNE,-1.1097270250320435,-0.9014266133308411,0.5714285714285714,0.1428571428571428,0.4175412952899933,0.2675412952899932
YHKMQMM,-0.9239041805267334,-1.7243561744689941,0.5714285714285714,0.4285714285714285,0.3301659226417541,0.1801659226417541
IQHRKNI,-2.2206368446350098,-0.5972036123275757,0.7142857142857143,0.4285714285714285,0.3714487254619598,0.2714487254619598
YMRLGSN,0.8737419247627258,0.5725241303443909,0.4285714285714285,0.1428571428571428,0.5740394592285156,0.3740394592285156
NYSRSGN,1.6737170219421387,0.8175005912780762,0.5714285714285714,0.1428571428571428,0.6000500917434692,0.4500500917434692
YYVASQE,-1.8602021932601929,-0.31007152795791626,0.5714285714285714,0.2857142857142857,0.412372350692749,0.262372350692749
YYHADIN,-1.802443504333496,0.1835263967514038,0.5714285714285714,0.2857142857142857,0.4189302623271942,0.2689302623271942
VPRLSNN,1.723675012588501,-3.0705349445343018,0.2857142857142857,0.2857142857142857,0.1872340589761734,0.0
YDKSSSN,1.2135478258132935,-2.3338611125946045,0.2857142857142857,0.2857142857142857,0.2654511332511902,0.0154511332511901
LGWHSEN,-1.3362730741500854,-1.821224570274353,0.5714285714285714,0.5714285714285714,0.3198808133602142,0.1698808133602142
YHKLNMY,-0.7356652617454529,-0.7576729655265808,0.4285714285714285,0.2857142857142857,0.4328044950962066,0.2328044950962066
FYHHSRW,-2.5232198238372803,0.582233190536499,0.5714285714285714,0.4285714285714285,0.3370935320854187,0.1870935320854187
YHQSQIH,0.08535367995500565,-2.8021793365478516,0.5714285714285714,0.4285714285714285,0.2157269865274429,0.0657269865274429
QDRVRNT,0.4745910167694092,-3.175302505493164,0.7142857142857143,0.5714285714285714,0.1761102676391601,0.0761102676391601
YYENGSN,-1.6517585515975952,-1.8436826467514038,0.5714285714285714,0.0,0.3174962997436523,0.1674962997436523
SLRGAGA,2.034177541732788,-3.6959941387176514,0.5714285714285714,0.4285714285714285,0.1208253130316734,0.0
YHHRSGN,0.40074631571769714,1.0796763896942139,0.4285714285714285,0.1428571428571428,0.6278868913650513,0.4278868913650513
WHIRCNN,-4.087765216827393,-0.35966575145721436,0.5714285714285714,0.4285714285714285,0.1594554632902145,0.0094554632902145
YYHRRNP,-3.6408612728118896,1.1422075033187866,0.5714285714285714,0.1428571428571428,0.2101968079805374,0.0601968079805374
QYHRAEN,0.9684277772903442,-0.0706271380186081,0.7142857142857143,0.1428571428571428,0.5057522058486938,0.4057522058486938
YYMASGR,-2.19602108001709,-0.34797605872154236,0.7142857142857143,0.4285714285714285,0.3742435872554779,0.2742435872554779
IMTRSNN,1.830501914024353,-2.490612268447876,0.5714285714285714,0.2857142857142857,0.2488079220056533,0.0988079220056533
YYRRSND,-0.6906285881996155,0.5021147131919861,0.4285714285714285,0.1428571428571428,0.545165479183197,0.345165479183197
HHWHAPD,-2.4514966011047363,-0.6918615698814392,0.5714285714285714,0.4285714285714285,0.3452369570732116,0.1952369570732116
YHIRSSN,0.3146815896034241,0.3531671464443207,0.4285714285714285,0.1428571428571428,0.5507490038871765,0.3507490038871765
YYPMNSN,-1.8006151914596558,-1.1958577632904053,0.5714285714285714,0.2857142857142857,0.3862797617912292,0.2362797617912292
IHRVSVE,1.632641315460205,-1.599814534187317,0.5714285714285714,0.4285714285714285,0.3433892726898193,0.1933892726898193
YSHSSPN,1.3186583518981934,-0.8571406006813049,0.2857142857142857,0.1428571428571428,0.4222433865070343,0.1722433865070343
YVRLDEN,0.5325883626937866,-0.2151712030172348,0.4285714285714285,0.2857142857142857,0.4904051125049591,0.2904051125049591
YVTRQLY,-2.2997262477874756,-0.505872905254364,0.7142857142857143,0.4285714285714285,0.3624689280986786,0.2624689280986786
IYHVNMD,-1.4636131525039673,-1.9180442094802856,0.7142857142857143,0.4285714285714285,0.3096009194850921,0.2096009194850921
WRWCSNN,-4.06447696685791,0.610061764717102,0.5714285714285714,0.4285714285714285,0.1620995998382568,0.0120995998382568
KYTRGIN,-2.7999424934387207,-0.16945166885852814,0.5714285714285714,0.4285714285714285,0.3056744933128357,0.1556744933128357
SSHSLCN,-4.628339767456055,-0.26469653844833374,0.7142857142857143,0.2857142857142857,0.0980787649750709,0.0
YHCRNNV,-3.35063099861145,-0.11712944507598877,0.5714285714285714,0.2857142857142857,0.2431494742631912,0.0931494742631912
YHVRSSP,1.0431435108184814,0.2652844190597534,0.5714285714285714,0.2857142857142857,0.5414180159568787,0.3914180159568786
YHRVCNA,-2.8167026042938232,1.292492389678955,0.4285714285714285,0.2857142857142857,0.3037715554237366,0.1037715554237365
IYERMNN,0.4152083992958069,-2.7385544776916504,0.7142857142857143,0.1428571428571428,0.2224824130535125,0.1224824130535125
ESRMHNY,0.7761317491531372,-2.8829212188720703,0.7142857142857143,0.4285714285714285,0.2071541398763656,0.1071541398763656
RYSGSFV,-1.950806975364685,-1.5589568614959717,0.5714285714285714,0.0,0.347727358341217,0.197727358341217
PHSRIIF,-2.310899257659912,-1.602693796157837,0.7142857142857143,0.2857142857142857,0.3430835306644439,0.243083530664444
CVEGDWN,-4.290154457092285,0.2454417496919632,0.7142857142857143,0.5714285714285714,0.1364762336015701,0.0364762336015701
YKRSSPV,-2.932502269744873,-0.7362319827079773,0.4285714285714285,0.2857142857142857,0.2906236946582794,0.0906236946582794
YHRSGCI,-3.1798646450042725,0.30161041021347046,0.4285714285714285,0.2857142857142857,0.2625382542610168,0.0625382542610168
GQHVKAN,1.545738935470581,-3.2434022426605225,0.8571428571428571,0.4285714285714285,0.1688797026872635,0.1188797026872634
YHERGVV,1.2949854135513306,-1.6875014305114746,0.4285714285714285,0.4285714285714285,0.3340789973735809,0.1340789973735809
NYQPSNN,0.532238781452179,-2.957733631134033,0.5714285714285714,0.2857142857142857,0.1992108523845672,0.0492108523845672
HHTEGMN,-0.4026230275630951,-4.370616912841797,0.5714285714285714,0.4285714285714285,0.0491965748369693,0.0
YARSNND,1.5180991888046265,0.2804272770881653,0.4285714285714285,0.2857142857142857,0.54302579164505,0.3430257916450501
YKHRLNF,-3.179992914199829,0.27583661675453186,0.5714285714285714,0.2857142857142857,0.2625236809253692,0.1125236809253692
QYSTATN,0.9464133381843567,-3.8889739513397217,0.7142857142857143,0.1428571428571428,0.100335493683815,0.0
YHSANIM,-0.17804746329784393,-3.5008907318115234,0.7142857142857143,0.4285714285714285,0.1415406167507171,0.0415406167507171
ESRRLQN,0.017021114006638527,-2.474609375,0.5714285714285714,0.2857142857142857,0.2505070567131042,0.1005070567131042
HYFRMKT,-3.7324626445770264,0.18740715086460114,0.7142857142857143,0.4285714285714285,0.1997964233160019,0.0997964233160019
DYSRSGN,1.0092430114746094,-0.5652748346328735,0.5714285714285714,0.1428571428571428,0.4532325267791748,0.3032325267791748
WVSRPHL,-1.8735578060150146,-0.5982818007469177,0.7142857142857143,0.2857142857142857,0.4108559787273407,0.3108559787273407
YWARSND,-1.1818231344223022,0.7594549655914307,0.5714285714285714,0.2857142857142857,0.4893953204154968,0.3393953204154968
FHHKMSQ,0.20650121569633484,-0.5910668969154358,0.5714285714285714,0.2857142857142857,0.4504940211772918,0.3004940211772918
LYRICSP,-3.4717140197753906,-0.6978671550750732,0.5714285714285714,0.1428571428571428,0.2294017523527145,0.0794017523527145
HSRRNIN,-3.3331425189971924,-0.4166114926338196,0.4285714285714285,0.2857142857142857,0.2451351135969162,0.0451351135969162
RYRDSVY,-1.360913634300232,0.07246096432209015,0.5714285714285714,0.4285714285714285,0.4690614342689514,0.3190614342689514
YHRSNVS,1.2321016788482666,0.7363118529319763,0.5714285714285714,0.1428571428571428,0.5914297699928284,0.4414297699928283
SYHTDAN,0.14348946511745453,-2.262903928756714,0.7142857142857143,0.4285714285714285,0.2729850709438324,0.1729850709438324
YRHDMNR,-1.3053405284881592,-1.4556705951690674,0.7142857142857143,0.4285714285714285,0.3586938679218292,0.2586938679218292
VYNGSAW,-1.8551583290100098,-1.2701656818389893,0.5714285714285714,0.2857142857142857,0.3783900439739227,0.2283900439739227
SKRYAGN,-3.731544256210327,-0.6493670344352722,0.5714285714285714,0.1428571428571428,0.1999006867408752,0.0499006867408752
MYQRSPN,0.8429890275001526,-0.5837587118148804,0.5714285714285714,0.2857142857142857,0.4512699544429779,0.3012699544429779
FYEQNHK,-0.3602779805660248,-1.1267679929733276,0.7142857142857143,0.5714285714285714,0.3936154246330261,0.2936154246330261
ERASFHN,-0.06514137983322144,-3.321645975112915,0.7142857142857143,0.5714285714285714,0.1605720967054367,0.0605720967054367
YSRAYNN,0.098896823823452,0.8265722990036011,0.4285714285714285,0.1428571428571428,0.6010133028030396,0.4010133028030396
NYMNGNN,0.8322158455848694,-2.642174482345581,0.7142857142857143,0.4285714285714285,0.2327156513929367,0.1327156513929367
YYRDENN,-0.7494096755981445,-0.34802910685539246,0.4285714285714285,0.2857142857142857,0.4762988090515136,0.2762988090515137
IYRIVAH,-1.9637478590011597,-0.9343190789222717,0.7142857142857143,0.4285714285714285,0.4006158113479614,0.3006158113479614
YSRKQNR,-3.1671228408813477,1.4174134731292725,0.5714285714285714,0.2857142857142857,0.2639849483966827,0.1139849483966827
LHRSINM,-0.07895375788211823,-0.31381815671920776,0.4285714285714285,0.2857142857142857,0.4799312055110931,0.2799312055110932
IYRVNMN,-0.7638949751853943,-1.8211508989334106,0.4285714285714285,0.2857142857142857,0.3198886513710022,0.1198886513710022
YIHRSND,1.0861953496932983,-0.3857995569705963,0.5714285714285714,0.1428571428571428,0.4722885191440582,0.3222885191440582
YFSRSMN,-0.9862260222434998,0.7811499834060669,0.5714285714285714,0.1428571428571428,0.5116034150123596,0.3616034150123596
YSRIIAN,1.4348407983779907,1.1216163635253906,0.2857142857142857,0.2857142857142857,0.6323398351669312,0.3823398351669311
SYRDLKD,0.9810113310813904,-2.005571126937866,0.5714285714285714,0.4285714285714285,0.3003076314926147,0.1503076314926147
FYIKNTP,-0.3359546661376953,-1.21914803981781,0.5714285714285714,0.1428571428571428,0.3838068842887878,0.2338068842887878
YHRMVWP,-3.0061159133911133,3.004826307296753,0.5714285714285714,0.4285714285714285,0.2822656333446502,0.1322656333446502
TYVAAEN,-0.9724839329719543,-2.6571333408355713,0.7142857142857143,0.4285714285714285,0.231127381324768,0.1311273813247681
YYRRDNN,-0.5477675199508667,0.1058831587433815,0.4285714285714285,0.0,0.524493396282196,0.3244933962821961
TRHRYGG,-3.9102354049682617,0.504616916179657,0.5714285714285714,0.5714285714285714,0.1796121448278427,0.0296121448278427
YSHHANE,0.9915733933448792,-2.0068259239196777,0.5714285714285714,0.2857142857142857,0.3001744151115417,0.1501744151115417
YHRKEGN,0.3262271583080292,0.5626143217086792,0.4285714285714285,0.2857142857142857,0.5729872584342957,0.3729872584342957
YHHRYNT,-1.5883978605270386,0.16867364943027496,0.5714285714285714,0.2857142857142857,0.4432329535484314,0.2932329535484314
YFPPTEN,-2.2557692527770996,-2.333791732788086,0.7142857142857143,0.5714285714285714,0.2654584944248199,0.1654584944248199
VGWSSAK,-1.0675017833709717,-1.4905650615692139,0.5714285714285714,0.5714285714285714,0.3549889326095581,0.2049889326095581
MSRSQNS,1.7391659021377563,-3.1661648750305176,0.7142857142857143,0.2857142857142857,0.1770804524421692,0.0770804524421692
YYNSGNN,-0.5592946410179138,-1.7893437147140503,0.4285714285714285,0.1428571428571428,0.323265790939331,0.123265790939331
YFRPEGM,-1.628252625465393,-0.2965750992298126,0.7142857142857143,0.5714285714285714,0.4387078881263733,0.3387078881263733
YHRPMNN,0.6766429543495178,0.1768903136253357,0.2857142857142857,0.1428571428571428,0.5320326685905457,0.2820326685905456
YSRSSSN,2.5901215076446533,1.739269495010376,0.4285714285714285,0.0,0.6979197859764099,0.4979197859764099
YHYLWNN,-3.7283589839935303,-0.3599397540092468,0.2857142857142857,0.2857142857142857,0.2002623528242111,0.0
GYHREVN,0.5458192229270935,-1.3476479053497314,0.5714285714285714,0.2857142857142857,0.3701632916927337,0.2201632916927337
AYSQPYM,-1.780383825302124,-1.0113080739974976,0.5714285714285714,0.5714285714285714,0.405874490737915,0.255874490737915
YLKGSNH,1.3260163068771362,-2.269019842147827,0.5714285714285714,0.4285714285714285,0.2723357081413269,0.1223357081413269
YSRLSVY,-1.4763535261154175,1.8528833389282227,0.4285714285714285,0.2857142857142857,0.4559544324874878,0.2559544324874878
YYKSSVY,-1.7145226001739502,-0.2509519159793854,0.4285714285714285,0.2857142857142857,0.4289127886295318,0.2289127886295318
LQRRSVN,-2.5412187576293945,-0.28673896193504333,0.4285714285714285,0.2857142857142857,0.3350499272346496,0.1350499272346496
YLLYRKP,-3.71988844871521,0.21791602671146393,0.7142857142857143,0.5714285714285714,0.2012240886688232,0.1012240886688232
PYSKSRN,-2.7580013275146484,0.7552900314331055,0.4285714285714285,0.2857142857142857,0.310436487197876,0.110436487197876
CHSRINA,-2.7712292671203613,0.10914402455091476,0.7142857142857143,0.2857142857142857,0.308934599161148,0.2089345991611481
RYSSHDH,-0.6453070044517517,-1.105185866355896,0.7142857142857143,0.4285714285714285,0.395906925201416,0.295906925201416
YHTRNEN,0.6620030999183655,-1.8160395622253418,0.5714285714285714,0.2857142857142857,0.3204313516616821,0.1704313516616821
YHKSSQN,1.8784605264663696,-0.2591679096221924,0.2857142857142857,0.1428571428571428,0.4857337474822998,0.2357337474822998
DYSRLKN,0.5241864323616028,-0.7119823098182678,0.7142857142857143,0.2857142857142857,0.4376557171344757,0.3376557171344757
IMANQIN,-0.5686914324760437,-4.5928449630737305,0.7142857142857143,0.5714285714285714,0.0256012920290231,0.0
YHWYNNN,-3.072887897491455,-0.04187629371881485,0.4285714285714285,0.2857142857142857,0.2746843695640564,0.0746843695640564
YSYSAFW,-3.4556055068969727,0.46394988894462585,0.5714285714285714,0.4285714285714285,0.2312307059764862,0.0812307059764862
THRSNSA,1.2019779682159424,-1.913175106048584,0.5714285714285714,0.2857142857142857,0.3101178705692291,0.1601178705692291
TYRSSNN,1.9048150777816772,-1.832144856452942,0.4285714285714285,0.1428571428571428,0.3187213540077209,0.1187213540077209
QHHRLNE,0.9501394629478455,-1.1258774995803833,0.7142857142857143,0.1428571428571428,0.3937099874019623,0.2937099874019623
YMHPSNP,0.5142862200737,-2.7613365650177,0.5714285714285714,0.2857142857142857,0.2200635075569152,0.0700635075569152
YHRSSQN,1.5905075073242188,1.4891531467437744,0.2857142857142857,0.0,0.6713634133338928,0.4213634133338928
YHRSNVN,1.311697006225586,0.7830029726028442,0.4285714285714285,0.1428571428571428,0.5963872671127319,0.396387267112732
IYSFMNN,-2.9559946060180664,0.45174890756607056,0.5714285714285714,0.2857142857142857,0.2879563868045807,0.1379563868045807
YSRNNNN,2.7464663982391357,0.8892900943756104,0.2857142857142857,0.1428571428571428,0.607672393321991,0.3576723933219909
AGHRSAN,1.035880208015442,-1.4476121664047241,0.7142857142857143,0.2857142857142857,0.3595494627952575,0.2595494627952576
YSRLNNR,-2.708566665649414,2.506457805633545,0.2857142857142857,0.2857142857142857,0.3160493075847626,0.0660493075847625
YSYKMNC,-2.6749184131622314,0.7228793501853943,0.7142857142857143,0.2857142857142857,0.3198696970939636,0.2198696970939636
YSHSMNN,1.554779291152954,-2.006500482559204,0.5714285714285714,0.1428571428571428,0.3002089560031891,0.1502089560031891
EYNRSNN,0.9694080948829651,-2.261293888092041,0.5714285714285714,0.1428571428571428,0.2731560170650482,0.1231560170650482
VVHLGNN,-0.1909688264131546,-3.6949622631073,0.5714285714285714,0.2857142857142857,0.1209348738193512,0.0
LVSRMHT,0.5965339541435242,-2.2388312816619873,0.7142857142857143,0.4285714285714285,0.2755410075187683,0.1755410075187683
YHRSGNN,1.3687056303024292,1.3723726272583008,0.2857142857142857,0.0,0.6589641571044922,0.4089641571044922
MQHRSNN,1.2080990076065063,-1.1709542274475098,0.5714285714285714,0.2857142857142857,0.3889239132404327,0.2389239132404327
YHVMSPI,-1.9629263877868652,-1.8688926696777344,0.5714285714285714,0.2857142857142857,0.3148196041584015,0.1648196041584015
GFYCSNH,-4.164499759674072,-0.5263691544532776,0.7142857142857143,0.2857142857142857,0.1507430374622345,0.0507430374622345
YHPREFN,0.30994656682014465,-1.185063362121582,0.5714285714285714,0.4285714285714285,0.3874258697032928,0.2374258697032928
NYHDLKP,0.9950300455093384,-2.868654727935791,0.7142857142857143,0.5714285714285714,0.2086688876152038,0.1086688876152038
DYHRSNS,0.965977668762207,-0.919323742389679,0.5714285714285714,0.1428571428571428,0.415641039609909,0.265641039609909
LYRISNN,0.5770103335380554,-1.3732571601867676,0.2857142857142857,0.1428571428571428,0.3674442172050476,0.1174442172050476
YYHSVAC,-3.686758041381836,-0.04911292716860771,0.7142857142857143,0.1428571428571428,0.2049857079982757,0.1049857079982757
DVERSAE,0.4022330641746521,-3.8229596614837646,0.5714285714285714,0.5714285714285714,0.1073446199297905,0.0
RYHTSNN,0.16706427931785583,-0.40452420711517334,0.5714285714285714,0.1428571428571428,0.4703003764152527,0.3203003764152526
THHQLNT,-0.2302701622247696,-2.4175074100494385,0.7142857142857143,0.4285714285714285,0.256569892168045,0.156569892168045
PYESSLD,-0.6440351605415344,-3.2086169719696045,0.7142857142857143,0.1428571428571428,0.172573059797287,0.072573059797287
VYRSLNN,1.0628894567489624,-0.6060189604759216,0.5714285714285714,0.1428571428571428,0.4489064812660217,0.2989064812660217
WSTNFYD,-3.236804962158203,-0.043554674834012985,0.7142857142857143,0.1428571428571428,0.2560732662677765,0.1560732662677765
YNHMRPY,-0.8800979256629944,-1.7287347316741943,0.7142857142857143,0.2857142857142857,0.3297010362148285,0.2297010362148285
QHRISIN,0.48677897453308105,0.08253727108240128,0.2857142857142857,0.2857142857142857,0.5220146179199219,0.2720146179199219
YRARNFY,-3.3815412521362305,-0.4324014186859131,0.7142857142857143,0.5714285714285714,0.239639937877655,0.139639937877655
VHTRSQK,-3.8741214275360107,0.1133740097284317,0.2857142857142857,0.2857142857142857,0.1837125122547149,0.0
CKTKSIN,-4.050999164581299,0.7904297709465027,0.5714285714285714,0.4285714285714285,0.1636298596858978,0.0136298596858978
YAQSNRN,2.4706521034240723,-2.7134151458740234,0.4285714285714285,0.4285714285714285,0.2251516133546829,0.0251516133546829
YHRVSKM,-3.251685380935669,0.8296084403991699,0.4285714285714285,0.2857142857142857,0.2543837428092956,0.0543837428092956
YKRISKW,-2.9536807537078857,0.08206328004598618,0.5714285714285714,0.4285714285714285,0.2882190942764282,0.1382190942764282
YPSFSLI,-2.953707695007324,-0.06694184988737106,0.2857142857142857,0.2857142857142857,0.2882160544395447,0.0382160544395446
YVSRNAK,-3.7256557941436768,-0.6363986134529114,0.4285714285714285,0.2857142857142857,0.2005692720413208,0.0005692720413208
AYHSWNP,-2.122288465499878,-0.8534263372421265,0.7142857142857143,0.2857142857142857,0.382615178823471,0.2826151788234711
YHCPSMS,-3.338658332824707,-0.8805952668190002,0.5714285714285714,0.4285714285714285,0.2445088475942611,0.0945088475942611
RPHQNAN,1.2572656869888306,-3.500366449356079,0.5714285714285714,0.4285714285714285,0.1415962725877761,0.0
MYKIGNN,2.204683542251587,-1.4679988622665405,0.5714285714285714,0.2857142857142857,0.3573848903179168,0.2073848903179168
YKWDMNN,-1.279335379600525,-1.2954546213150024,0.5714285714285714,0.2857142857142857,0.3757049739360809,0.2257049739360809
NYHKQNR,-3.5077593326568604,0.1440746933221817,0.5714285714285714,0.4285714285714285,0.2253091782331466,0.0753091782331466
YYITSFS,-3.4789140224456787,0.22365248203277588,0.7142857142857143,0.2857142857142857,0.2285842597484588,0.1285842597484588
VYECSNN,-3.7490200996398926,-0.17735643684864044,0.5714285714285714,0.1428571428571428,0.197916492819786,0.047916492819786
YARRHSY,-4.645598411560059,0.31524890661239624,0.5714285714285714,0.4285714285714285,0.096119225025177,0.0
YHHTSNN,0.6271918416023254,-0.7063320875167847,0.2857142857142857,0.1428571428571428,0.4382556080818176,0.1882556080818176
YNHRVTV,0.7553865909576416,-0.9766957759857178,0.5714285714285714,0.2857142857142857,0.4095495045185089,0.2595495045185089
YTNDSQN,-0.6843686699867249,-3.590594530105591,0.5714285714285714,0.4285714285714285,0.1320162266492843,0.0
YHKSNNN,1.8087670803070068,-0.2888609766960144,0.4285714285714285,0.1428571428571428,0.4825810492038727,0.2825810492038727
YSRRHSN,-2.961967945098877,1.6353403329849243,0.4285714285714285,0.1428571428571428,0.2872781753540039,0.0872781753540039
IDQKANN,1.1058921813964844,-4.147278785705566,0.7142857142857143,0.1428571428571428,0.0729097202420234,0.0
YYHRAMN,-1.228797197341919,0.5706807374954224,0.5714285714285714,0.1428571428571428,0.4840619564056396,0.3340619564056396
PHWDKNT,-0.1652727574110031,-0.9699251651763916,0.7142857142857143,0.4285714285714285,0.4102683663368225,0.3102683663368225
FRHDSYN,-1.0687246322631836,-1.661203384399414,0.7142857142857143,0.4285714285714285,0.3368712365627289,0.2368712365627289
YHRSSNI,0.21026574075222015,0.6872002482414246,0.2857142857142857,0.1428571428571428,0.5862152576446533,0.3362152576446533
YVRRSLI,-3.468940258026123,0.40232041478157043,0.5714285714285714,0.2857142857142857,0.2297166734933853,0.0797166734933853
TVSCPGL,-3.6429331302642822,-1.4653820991516113,0.5714285714285714,0.5714285714285714,0.2099615782499313,0.0599615782499313
YHGSGNN,1.3957741260528564,-1.8353767395019531,0.4285714285714285,0.1428571428571428,0.318378210067749,0.118378210067749
YHRSGPI,0.6347724795341492,0.22628901898860931,0.4285714285714285,0.2857142857142857,0.5372775793075562,0.3372775793075562
IWSRREN,-0.8557734489440918,-0.30273738503456116,0.7142857142857143,0.4285714285714285,0.4811077117919922,0.3811077117919922
YHILDAN,-0.876599907875061,-2.0112760066986084,0.4285714285714285,0.2857142857142857,0.2997019290924072,0.0997019290924072
VYRSTNL,0.7993183135986328,-1.1745702028274536,0.5714285714285714,0.2857142857142857,0.3885399997234344,0.2385399997234344
YYHRSNV,-1.4512903690338135,1.1659623384475708,0.4285714285714285,0.1428571428571428,0.4588001370429992,0.2588001370429993
HSHSSLN,-0.5206514000892639,-2.989227056503296,0.5714285714285714,0.1428571428571428,0.1958670020103454,0.0458670020103454
VHHSGIQ,0.5466552376747131,-3.1980252265930176,0.7142857142857143,0.4285714285714285,0.1736976504325866,0.0736976504325866
PSHDFNN,-0.9526646137237549,-3.034412145614624,0.7142857142857143,0.2857142857142857,0.1910694390535354,0.0910694390535354
YHHESQS,0.1398358792066574,-1.9843686819076538,0.5714285714285714,0.0,0.3025588095188141,0.1525588095188141
YHSFSSY,-2.870046615600586,-0.2612890303134918,0.5714285714285714,0.2857142857142857,0.29771488904953,0.14771488904953
YFIRSNN,-1.1040446758270264,1.0852152109146118,0.4285714285714285,0.2857142857142857,0.4982262551784515,0.2982262551784516
HESYYDW,-3.3202784061431885,-0.08876991271972656,0.7142857142857143,0.5714285714285714,0.2465957105159759,0.1465957105159759
YSRFSNN,1.3165862560272217,0.6955904364585876,0.2857142857142857,0.1428571428571428,0.5871061682701111,0.3371061682701111
DHWDARH,-1.4200519323349,-1.6886173486709595,0.7142857142857143,0.7142857142857143,0.3339605331420898,0.2339605331420898
IQHRSGV,1.387143850326538,-1.8515980243682861,0.5714285714285714,0.2857142857142857,0.3166559040546417,0.1666559040546417
YFHKNNI,-0.43914559483528137,-0.08080887049436569,0.7142857142857143,0.2857142857142857,0.5046712160110474,0.4046712160110474
YYHRGYN,-1.6833484172821045,0.9079612493515015,0.5714285714285714,0.0,0.4324522912502289,0.2824522912502288
GHHSINF,-0.4889518618583679,-2.256836175918579,0.7142857142857143,0.2857142857142857,0.2736293375492096,0.1736293375492096
DIPSRNN,0.1872393637895584,-4.788699150085449,0.7142857142857143,0.4285714285714285,0.0048062796704471,0.0
HSHTVDN,-0.9290732741355896,-4.261659145355225,0.5714285714285714,0.1428571428571428,0.0607652738690376,0.0
SYHRENN,1.1577394008636475,-0.4329676032066345,0.7142857142857143,0.2857142857142857,0.4672803580760956,0.3672803580760956
VYESKNI,1.2709627151489258,-2.632709503173828,0.7142857142857143,0.4285714285714285,0.2337206155061721,0.1337206155061722
NYHPSSV,0.6567821502685547,-2.655341148376465,0.4285714285714285,0.2857142857142857,0.2313176691532135,0.0313176691532135
IYRSGNN,1.948723316192627,-0.8970343470573425,0.4285714285714285,0.1428571428571428,0.4180076122283935,0.2180076122283935
YKRSNEN,0.9334326982498169,-1.3758513927459717,0.4285714285714285,0.1428571428571428,0.3671687543392181,0.1671687543392181
YQSRLNN,1.6494990587234497,-1.089643955230713,0.5714285714285714,0.2857142857142857,0.3975571095943451,0.2475571095943451
YASRMVQ,0.8633662462234497,-2.34773588180542,0.7142857142857143,0.4285714285714285,0.263977974653244,0.163977974653244
YFHRNNN,-1.1308132410049438,0.425645649433136,0.5714285714285714,0.1428571428571428,0.4951870143413543,0.3451870143413543
YYRSYNH,-1.409340262413025,-0.5596243739128113,0.5714285714285714,0.2857142857142857,0.4538324773311615,0.3038324773311615
YHTCLGN,-3.44480037689209,-0.4489802420139313,0.5714285714285714,0.2857142857142857,0.2324575185775756,0.0824575185775756
YYVLCER,-4.224726676940918,0.580422580242157,0.7142857142857143,0.4285714285714285,0.1439048945903778,0.0439048945903778
YIRSGEN,0.9590321779251099,-1.092435359954834,0.2857142857142857,0.1428571428571428,0.3972607254981994,0.1472607254981994
VYRRKWN,-3.827298164367676,0.655777096748352,0.5714285714285714,0.2857142857142857,0.1890288144350052,0.0390288144350051
YHWLSNN,-3.7717132568359375,0.5051835179328918,0.1428571428571428,0.1428571428571428,0.1953399181365966,0.0
VLGVLGN,-0.92113196849823,-3.493997097015381,0.7142857142857143,0.4285714285714285,0.1422725468873977,0.0422725468873977
IQREFSN,1.2355159521102905,-3.3169755935668945,0.5714285714285714,0.5714285714285714,0.1610679775476455,0.0110679775476455
PSHWHSQ,-1.927631139755249,-0.6422649025917053,0.5714285714285714,0.5714285714285714,0.4047164916992187,0.2547164916992187
YYTRSSY,-2.5084924697875977,0.5368003249168396,0.4285714285714285,0.2857142857142857,0.3387656509876251,0.1387656509876251
YDHYCMP,-3.7372381687164307,-1.0873228311538696,0.7142857142857143,0.4285714285714285,0.1992541998624801,0.0992541998624801
YERASAG,1.1315369606018066,-3.1529810428619385,0.5714285714285714,0.4285714285714285,0.1784802675247192,0.0284802675247192
GRHRIPN,-3.8660178184509277,-0.24727489054203033,0.7142857142857143,0.4285714285714285,0.1846325993537902,0.0846325993537902
YYRSTNN,0.31975507736206055,0.29147621989250183,0.4285714285714285,0.1428571428571428,0.5441989302635193,0.3441989302635193
NPRRDNN,0.5114796161651611,-3.2024919986724854,0.5714285714285714,0.2857142857142857,0.17322339117527,0.02322339117527
YYHRGYA,-2.1198859214782715,1.3403891324996948,0.7142857142857143,0.1428571428571428,0.3828879594802856,0.2828879594802856
YYHRLNH,-1.2465264797210693,0.28235363960266113,0.7142857142857143,0.1428571428571428,0.4820489287376404,0.3820489287376404
NFNCGTT,-3.0014488697052,-1.5677660703659058,0.7142857142857143,0.5714285714285714,0.2827955186367035,0.1827955186367035
MFSRSNN,1.5606473684310913,-0.6194051504135132,0.5714285714285714,0.1428571428571428,0.4474851787090301,0.2974851787090301
WHRSVEK,-0.9583354592323303,-0.5150600671768188,0.5714285714285714,0.4285714285714285,0.4585641324520111,0.3085641324520111
RSNSQSN,0.3231062889099121,-3.6868510246276855,0.7142857142857143,0.4285714285714285,0.1217960938811302,0.0217960938811302
RYCSQRN,-4.600219249725342,0.5594645738601685,0.7142857142857143,0.4285714285714285,0.1012715622782707,0.0012715622782707
YHRHKEN,-0.4950155019760132,0.7621445059776306,0.4285714285714285,0.2857142857142857,0.5673753023147583,0.3673753023147583
YNRMTNN,2.2809908390045166,-2.0185704231262207,0.4285714285714285,0.2857142857142857,0.2989274263381958,0.0989274263381958
NYSRSNN,1.1415168046951294,1.362898826599121,0.5714285714285714,0.0,0.6579582691192627,0.5079582691192627
YHLQRYL,-3.0699801445007324,-0.2076491415500641,0.5714285714285714,0.2857142857142857,0.2750144898891449,0.1250144898891449
YHHNLNK,-0.2883910536766052,-1.3397321701049805,0.5714285714285714,0.2857142857142857,0.3710037469863891,0.2210037469863891
YYWSNNC,-4.518090724945068,1.0280252695083618,0.5714285714285714,0.2857142857142857,0.1105964109301567,0.0
DGRRTSH,-2.912454843521118,-0.6312969326972961,0.5714285714285714,0.5714285714285714,0.292899876832962,0.142899876832962
VYHALNN,-0.4745999574661255,-1.4391840696334839,0.5714285714285714,0.2857142857142857,0.3604443371295929,0.2104443371295929
YYHASGK,-1.5013971328735352,-0.7562336921691895,0.5714285714285714,0.1428571428571428,0.4329572916030884,0.2829572916030883
YSRSFNN,0.29704681038856506,1.1505742073059082,0.4285714285714285,0.1428571428571428,0.6354144811630249,0.4354144811630249
YSRLGTP,2.8095641136169434,0.9635457396507263,0.4285714285714285,0.4285714285714285,0.615556538105011,0.415556538105011
VYSRSDI,0.5997370481491089,3.07637095451355,0.4285714285714285,0.2857142857142857,0.691673219203949,0.491673219203949
MYHRKSN,-2.9232141971588135,0.5715764164924622,0.5714285714285714,0.2857142857142857,0.2916782796382904,0.1416782796382904
YMHSKSN,1.220239520072937,-1.3689210414886475,0.5714285714285714,0.2857142857142857,0.3679046034812927,0.2179046034812927
SRGNNNN,1.7945629358291626,-3.2398834228515625,0.7142857142857143,0.4285714285714285,0.1692533195018768,0.0692533195018768
YYTYAPR,-3.083099126815796,-0.6161285042762756,0.5714285714285714,0.5714285714285714,0.2735249698162079,0.1235249698162078
TYIWPNK,-3.2944369316101074,0.3232475519180298,0.7142857142857143,0.4285714285714285,0.2495297342538833,0.1495297342538833
GQHHYRN,-1.284963607788086,-0.2724716067314148,0.8571428571428571,0.1428571428571428,0.4776847958564758,0.4276847958564758
YYNRSAS,0.8364859223365784,-0.4175392985343933,0.5714285714285714,0.2857142857142857,0.46891850233078,0.31891850233078
IYGRQHN,-0.3470844626426697,0.14242833852767944,0.7142857142857143,0.4285714285714285,0.5283735990524292,0.4283735990524292
MSRIPLN,1.632891297340393,-3.0187582969665527,0.4285714285714285,0.4285714285714285,0.192731499671936,0.0
KSTNCNN,-3.9441559314727783,-0.5912311673164368,0.5714285714285714,0.4285714285714285,0.1757608205080032,0.0257608205080032
SYGFHRN,-1.9648871421813965,-0.22563663125038147,0.7142857142857143,0.5714285714285714,0.4004864692687988,0.3004864692687988
YYSRSAN,0.7748223543167114,0.36240410804748535,0.5714285714285714,0.1428571428571428,0.5517297387123108,0.4017297387123107
YHREGNK,0.2963056266307831,0.04024696722626686,0.4285714285714285,0.2857142857142857,0.5175244212150574,0.3175244212150574
MYSKRFN,-2.853849172592163,-0.11629554629325867,0.5714285714285714,0.2857142857142857,0.2995539605617523,0.1495539605617523
YFRFLNN,-3.5357701778411865,0.3215892016887665,0.4285714285714285,0.2857142857142857,0.2221288233995437,0.0221288233995437
YYRDSCK,-3.4970386028289795,0.1081710010766983,0.5714285714285714,0.2857142857142857,0.2265263944864273,0.0765263944864273
FHSGSNN,1.0380544662475586,-3.8332409858703613,0.4285714285714285,0.2857142857142857,0.1062529906630516,0.0
HHHRYYD,-2.3259332180023193,0.7930573225021362,0.7142857142857143,0.4285714285714285,0.3594934046268463,0.2594934046268463
FTHRANP,1.719684362411499,-1.547074794769287,0.7142857142857143,0.4285714285714285,0.3489889502525329,0.2489889502525329
YMVIMNN,-2.7912726402282715,-2.062511444091797,0.5714285714285714,0.4285714285714285,0.2942619621753692,0.1442619621753692
YMRYRTN,-2.846339225769043,-0.33460819721221924,0.4285714285714285,0.4285714285714285,0.3004066348075866,0.1004066348075866
YYSKNTN,1.4072080850601196,-1.4361528158187866,0.5714285714285714,0.2857142857142857,0.3607661724090576,0.2107661724090576
YSSTPSN,0.44471117854118347,-4.078648090362549,0.5714285714285714,0.2857142857142857,0.0801966488361358,0.0
YYSCIVC,-3.7537171840667725,0.22195786237716675,0.5714285714285714,0.1428571428571428,0.1973831802606582,0.0473831802606582
MYHFFHL,-4.020234107971191,-0.5501847863197327,0.7142857142857143,0.1428571428571428,0.1671229153871536,0.0671229153871536
RQHSNTT,0.7980959415435791,-3.5843520164489746,0.5714285714285714,0.4285714285714285,0.1326790302991867,0.0
KYRRWHL,-4.302603721618652,1.413320541381836,0.7142857142857143,0.1428571428571428,0.1350627541542053,0.0350627541542053
YYHRSTN,-1.0470750331878662,0.9191709756851196,0.4285714285714285,0.0,0.5046945810317993,0.3046945810317993
QPPMWNN,-2.4176254272460938,-2.109133720397949,0.7142857142857143,0.2857142857142857,0.289311796426773,0.1893117964267731
YHRGMNF,-1.9974569082260132,0.658216655254364,0.4285714285714285,0.1428571428571428,0.3967885076999664,0.1967885076999664
YHHMIHN,-1.6212316751480103,-1.6079883575439453,0.5714285714285714,0.2857142857142857,0.3425213992595672,0.1925213992595672
QWHAGDN,-1.7457244396209717,-1.0638352632522583,0.7142857142857143,0.4285714285714285,0.4002974033355713,0.3002974033355713
YWHRMHN,-2.1548101902008057,0.8831366300582886,0.7142857142857143,0.1428571428571428,0.3789226710796356,0.2789226710796356
IHYGSNR,-0.31189432740211487,-1.1694647073745728,0.5714285714285714,0.4285714285714285,0.3890820741653442,0.2390820741653442
KSWRNYN,-3.425381660461426,0.38925105333328247,0.5714285714285714,0.4285714285714285,0.2346623092889785,0.0846623092889785
NVHLMLI,-2.779850959777832,-3.211782217025757,0.5714285714285714,0.5714285714285714,0.1722369939088821,0.0222369939088821
YYHRAMN,-1.228797197341919,0.5706807374954224,0.5714285714285714,0.1428571428571428,0.4840619564056396,0.3340619564056396
LHSRLNM,0.4660549461841583,-0.3227602541446686,0.5714285714285714,0.1428571428571428,0.4789817631244659,0.3289817631244659
YSRRSQN,-1.6063920259475708,1.2999802827835083,0.4285714285714285,0.0,0.4411899149417877,0.2411899149417877
HYHRNIP,-1.568819284439087,-0.025231672450900078,0.5714285714285714,0.4285714285714285,0.4454559087753296,0.2954559087753295
YHHCVNM,-3.8836281299591064,-0.4468879699707031,0.5714285714285714,0.2857142857142857,0.1826331317424774,0.0326331317424774
YYSSDSP,-1.8539925813674927,-2.6617166996002197,0.7142857142857143,0.4285714285714285,0.2306407392024994,0.1306407392024994
YMRRKNL,-3.423952341079712,0.5955119729042053,0.5714285714285714,0.1428571428571428,0.2348245978355407,0.0848245978355407
YYQQKMM,-1.0563652515411377,-1.6407309770584106,0.7142857142857143,0.0,0.3390449285507202,0.2390449285507202
VHALTIN,-0.7744706273078918,-2.460684061050415,0.5714285714285714,0.4285714285714285,0.2519855797290802,0.1019855797290802
YHYLMPY,-3.9659652709960938,-1.1965426206588745,0.5714285714285714,0.4285714285714285,0.1732845902442932,0.0232845902442932
YVRPSTE,1.3306047916412354,-1.7233706712722778,0.5714285714285714,0.4285714285714285,0.3302705585956573,0.1802705585956573
YHRLAPN,0.8784911036491394,2.9667623043060303,0.2857142857142857,0.1428571428571428,0.723322868347168,0.4733228683471679
YHRHSFH,-1.2004830837249756,0.6078931093215942,0.4285714285714285,0.2857142857142857,0.4872766733169555,0.2872766733169556
YSRSNNL,1.7403059005737305,0.5672656297683716,0.4285714285714285,0.1428571428571428,0.5734811425209045,0.3734811425209046
GHRRHGN,-3.6322176456451416,0.9257619380950928,0.5714285714285714,0.2857142857142857,0.2111782133579254,0.0611782133579254
YYNRSMN,-0.631836473941803,-0.2619638442993164,0.5714285714285714,0.1428571428571428,0.4854368567466736,0.3354368567466735
TYTLSHN,-0.29897353053092957,-2.3082222938537598,0.5714285714285714,0.4285714285714285,0.2681733667850494,0.1181733667850494
VYNHPNL,0.1497683823108673,-2.6499369144439697,0.7142857142857143,0.1428571428571428,0.231891468167305,0.131891468167305
NYNSGAN,0.9839959144592285,-4.365663051605225,0.5714285714285714,0.2857142857142857,0.0497225560247898,0.0
QHHPPDG,0.2175319641828537,-4.187969207763672,0.7142857142857143,0.4285714285714285,0.068589374423027,0.0
LRHHSNN,0.163612499833107,0.040539029985666275,0.5714285714285714,0.2857142857142857,0.5175554156303406,0.3675554156303405
YWMLGNY,-4.234261512756348,0.991434633731842,0.5714285714285714,0.4285714285714285,0.1428223103284835,0.0
VYRSLNN,1.0628894567489624,-0.6060189604759216,0.5714285714285714,0.1428571428571428,0.4489064812660217,0.2989064812660217
YHRAMQN,0.8026801943778992,0.5488996505737305,0.4285714285714285,0.1428571428571428,0.5715311169624329,0.3715311169624329
IQHKSGN,1.6842111349105835,-2.1633212566375732,0.5714285714285714,0.2857142857142857,0.2835583686828613,0.1335583686828613
INRHALV,0.7036503553390503,-2.132366180419922,0.7142857142857143,0.5714285714285714,0.2868450582027435,0.1868450582027435
YRSPTAN,2.3931286334991455,-2.778385639190674,0.5714285714285714,0.2857142857142857,0.2182532995939254,0.0682532995939254
YRIRNNN,-3.5643954277038574,-0.2677551805973053,0.5714285714285714,0.2857142857142857,0.2188787311315536,0.0688787311315536
YWIKMTP,-3.003627300262451,-0.4404956102371216,0.7142857142857143,0.2857142857142857,0.282548189163208,0.182548189163208
YWQISEN,-2.646665334701538,0.9037686586380005,0.5714285714285714,0.4285714285714285,0.3230775594711303,0.1730775594711303
VYHRSNN,0.5539344549179077,1.7630423307418823,0.4285714285714285,0.0,0.6864728331565857,0.4864728331565857
LYSNWFE,-4.064769268035889,-0.16798876225948334,0.7142857142857143,0.5714285714285714,0.1620664149522781,0.0620664149522781
NLRSSHN,1.3609238862991333,-2.6744163036346436,0.5714285714285714,0.0,0.2292923480272293,0.0792923480272293
NYGRIHT,-1.2684764862060547,-0.4563494324684143,0.7142857142857143,0.5714285714285714,0.4647977948188782,0.3647977948188782
DHKRWMN,-2.5082898139953613,0.18886157870292664,0.5714285714285714,0.0,0.3387886881828308,0.1887886881828308
RYQMWNT,-3.770975112915039,0.11988858133554459,0.8571428571428571,0.5714285714285714,0.1954237222671508,0.1454237222671508
YYTYPIP,-2.9016590118408203,0.6628333926200867,0.5714285714285714,0.5714285714285714,0.2941256463527679,0.1441256463527679
EYHRYSN,-2.065140724182129,0.4002375900745392,0.5714285714285714,0.2857142857142857,0.3891037106513977,0.2391037106513977
TYLSSTN,-0.057948868721723557,-3.413346290588379,0.4285714285714285,0.2857142857142857,0.1508357226848602,0.0
LQHRGGN,1.4353320598602295,-2.14113450050354,0.4285714285714285,0.2857142857142857,0.2859140634536743,0.0859140634536743
HHHMWNN,-2.616943359375,-0.189120352268219,0.5714285714285714,0.2857142857142857,0.3264521658420563,0.1764521658420562
YYHRMNN,-0.9199432730674744,0.2637145221233368,0.5714285714285714,0.0,0.5191290974617004,0.3691290974617004
AHRLHNN,0.4296932518482208,-0.2993384301662445,0.2857142857142857,0.2857142857142857,0.4814685881137848,0.2314685881137848
YKAEYNN,0.09773135930299759,-1.4942443370819092,0.5714285714285714,0.2857142857142857,0.3545982837677002,0.2045982837677002
VYSRSMK,-4.187760829925537,2.915809392929077,0.4285714285714285,0.2857142857142857,0.1481019854545593,0.0
SYGRSHN,-0.07062340527772903,-0.49522170424461365,0.5714285714285714,0.2857142857142857,0.4606705009937286,0.3106705009937286
LYKNSSN,2.113609552383423,-1.638765573501587,0.4285714285714285,0.4285714285714285,0.3392535746097564,0.1392535746097565
YIRSGNN,2.3175222873687744,-0.5336024761199951,0.2857142857142857,0.1428571428571428,0.4565953314304352,0.2065953314304351
CIRGMTN,-3.497504472732544,0.07677646726369858,0.5714285714285714,0.4285714285714285,0.2264735102653503,0.0764735102653503
IHCYWNF,-5.022436141967773,1.017622947692871,0.7142857142857143,0.4285714285714285,0.0533331707119941,0.0
IVERRSN,1.6146701574325562,-2.803152561187744,0.7142857142857143,0.1428571428571428,0.2156236469745636,0.1156236469745636
RNHCSNN,-3.857222080230713,-0.18382616341114044,0.5714285714285714,0.2857142857142857,0.1856312602758407,0.0356312602758407
YHKENIN,1.8829379081726074,-2.459320306777954,0.5714285714285714,0.2857142857142857,0.252130389213562,0.102130389213562
SDHKGND,1.0780415534973145,-4.304071426391602,0.7142857142857143,0.4285714285714285,0.0562621057033538,0.0
YVMLNDN,-1.8591248989105225,-1.9409421682357788,0.4285714285714285,0.4285714285714285,0.3071696758270263,0.1071696758270263
YDSIKNN,1.296481966972351,-3.0109505653381348,0.5714285714285714,0.4285714285714285,0.1935604959726333,0.0435604959726333
EHKLGHN,1.6896880865097046,-2.731052875518799,0.4285714285714285,0.4285714285714285,0.2232789099216461,0.0232789099216461
YYHRYNL,-1.8896815776824951,0.30986011028289795,0.7142857142857143,0.1428571428571428,0.4090252816677093,0.3090252816677094
YHRLVSN,0.15350790321826935,3.00390625,0.2857142857142857,0.1428571428571428,0.6410084366798401,0.3910084366798401
YSMRFLN,-3.036557674407959,-1.1096686124801636,0.5714285714285714,0.2857142857142857,0.2788092792034149,0.1288092792034149
YSHSSNN,1.2270183563232422,-1.5571527481079102,0.4285714285714285,0.1428571428571428,0.3479188978672027,0.1479188978672027
YQVRNQH,0.42370903491973877,-2.0983731746673584,0.7142857142857143,0.4285714285714285,0.2904542982578277,0.1904542982578277
YSHNMNN,1.79180109500885,-1.7144604921340942,0.4285714285714285,0.1428571428571428,0.3312166035175323,0.1312166035175323
YHRSMTN,0.9554978013038635,0.945305347442627,0.2857142857142857,0.0,0.613619863986969,0.363619863986969
YHESANN,0.30867937207221985,-3.592916965484619,0.4285714285714285,0.1428571428571428,0.1317696273326873,0.0
SWRYSNN,-2.602053642272949,0.46292105317115784,0.4285714285714285,0.4285714285714285,0.328142762184143,0.128142762184143
YLGVHNH,-0.38719072937965393,-3.098294496536255,0.7142857142857143,0.2857142857142857,0.1842866688966751,0.0842866688966751
YYHREQR,-0.9570661783218384,0.3447512686252594,0.5714285714285714,0.2857142857142857,0.5149142146110535,0.3649142146110534
YHSMSVD,0.20799700915813446,-2.5284316539764404,0.5714285714285714,0.1428571428571428,0.2447924166917801,0.0947924166917801
RYHDSNN,-0.005805090069770813,-1.673180103302002,0.5714285714285714,0.1428571428571428,0.3355996012687683,0.1855996012687683
YPHFARE,0.7102799415588379,-1.5897181034088135,0.7142857142857143,0.4285714285714285,0.3444612622261047,0.2444612622261047
MHRSMTN,1.4566646814346313,-0.2226780354976654,0.4285714285714285,0.1428571428571428,0.4896080493927002,0.2896080493927002
CSRSNGS,-3.4188342094421387,0.29653042554855347,0.5714285714285714,0.2857142857142857,0.2354057133197784,0.0854057133197784
YVHRSRN,-3.642961263656616,0.9314907193183899,0.5714285714285714,0.1428571428571428,0.2099583745002746,0.0599583745002746
YYWDSNN,-2.8697030544281006,1.0121558904647827,0.4285714285714285,0.1428571428571428,0.2977539002895355,0.0977539002895355
RYFRAYL,-5.4921674728393555,0.3822731077671051,0.7142857142857143,0.4285714285714285,0.0,0.0
DFNMSLH,-1.2382293939590454,-3.598398208618164,0.7142857142857143,0.5714285714285714,0.1311876624822616,0.0311876624822616
YYHSHAQ,-1.3539427518844604,-1.3072445392608643,0.5714285714285714,0.1428571428571428,0.3744531571865082,0.2244531571865081
KYHSLVN,-0.849579393863678,-0.8433912396430969,0.5714285714285714,0.2857142857142857,0.4237032532691955,0.2737032532691955
WEAGIPS,-0.6672962307929993,-1.8857554197311401,0.7142857142857143,0.4285714285714285,0.3130291700363159,0.2130291700363159
RQEGAKP,0.9766812920570374,-4.277630805969238,0.7142857142857143,0.4285714285714285,0.0590694658458232,0.0
WSRMNLN,-0.44451186060905457,-0.584832489490509,0.4285714285714285,0.4285714285714285,0.4511559605598449,0.251155960559845
YKRSGQC,-4.0392632484436035,0.09801511466503143,0.4285714285714285,0.4285714285714285,0.164962351322174,0.0
EYQYSNK,-0.08094141632318497,-0.8791184425354004,0.7142857142857143,0.4285714285714285,0.4199098646640777,0.3199098646640778
YYSGMNC,-3.064415454864502,-0.6689836978912354,0.7142857142857143,0.2857142857142857,0.2756463289260864,0.1756463289260864
YLELTDL,-2.2917115688323975,-3.446716547012329,0.5714285714285714,0.5714285714285714,0.1472926139831543,0.0
IYRSSGA,1.5303163528442383,-2.429832696914673,0.5714285714285714,0.1428571428571428,0.2552612423896789,0.1052612423896789
PYSRVDD,0.5983598828315735,0.255897581577301,0.7142857142857143,0.2857142857142857,0.5404213070869446,0.4404213070869446
YQSFSSM,-1.762740135192871,-1.6887165307998657,0.4285714285714285,0.1428571428571428,0.333950012922287,0.133950012922287
AYHRSAW,-1.7619909048080444,1.5778197050094604,0.5714285714285714,0.2857142857142857,0.4235232472419739,0.2735232472419738
HHVRWCN,-5.397428035736084,1.3271496295928955,0.5714285714285714,0.4285714285714285,0.0107566900551319,0.0
KLSRGSN,-3.0272328853607178,-0.5537512898445129,0.5714285714285714,0.2857142857142857,0.2798680067062378,0.1298680067062378
YETGSVN,-0.2308025360107422,-4.1550822257995605,0.5714285714285714,0.4285714285714285,0.0720811784267425,0.0
QCHDSHN,-3.7894413471221924,-0.6371000409126282,0.7142857142857143,0.4285714285714285,0.1933270692825317,0.0933270692825317
YWRFSNN,-1.9519925117492676,1.4548420906066895,0.2857142857142857,0.2857142857142857,0.4019505083560943,0.1519505083560943
CYRYIKN,-4.915052890777588,1.5743294954299927,0.7142857142857143,0.4285714285714285,0.065525434911251,0.0
PRRSVAN,-3.028334617614746,-0.9533793926239014,0.5714285714285714,0.2857142857142857,0.2797429263591766,0.1297429263591766
YARRGLN,-2.5192644596099854,-0.4663536548614502,0.2857142857142857,0.2857142857142857,0.3375426232814789,0.0875426232814788
YSRSNTN,2.0066864490509033,1.802854061126709,0.2857142857142857,0.0,0.7046709656715393,0.4546709656715393
KERGEMN,0.20106275379657745,-4.053915500640869,0.5714285714285714,0.5714285714285714,0.0828226581215858,0.0
YYQNANN,-0.3020275831222534,-1.8508293628692627,0.4285714285714285,0.1428571428571428,0.3167375028133392,0.1167375028133392
YSRSNKN,-1.9481347799301147,0.7638523578643799,0.2857142857142857,0.1428571428571428,0.4023885130882263,0.1523885130882263
WRWLPIN,-3.8622541427612305,-0.24090342223644257,0.7142857142857143,0.5714285714285714,0.1850599199533462,0.0850599199533462
ETSWYQC,-4.703935623168945,0.008476519025862217,0.7142857142857143,0.5714285714285714,0.0894956365227699,0.0
IHLISSN,-0.770139217376709,-3.912968635559082,0.4285714285714285,0.2857142857142857,0.0977878347039222,0.0
YYHYNNN,-2.104170322418213,-1.0031448602676392,0.5714285714285714,0.1428571428571428,0.3846722841262817,0.2346722841262817
LHLRNVN,-0.23040586709976196,-1.2159452438354492,0.1428571428571428,0.4285714285714285,0.3841469585895538,0.0841469585895538
DSRSGMY,0.47256049513816833,-2.445840358734131,0.5714285714285714,0.4285714285714285,0.2535616159439087,0.1035616159439087
KYRSSVN,-3.24643874168396,-0.3303828835487366,0.5714285714285714,0.2857142857142857,0.2549794316291809,0.1049794316291809
PYSRGNN,0.9193745851516724,0.411594033241272,0.5714285714285714,0.2857142857142857,0.5569525361061096,0.4069525361061096
YPHHGSS,0.9846513867378235,-1.6130372285842896,0.7142857142857143,0.5714285714285714,0.3419853448867798,0.2419853448867798
VYSMSVM,-1.7137166261672974,-0.6154919862747192,0.4285714285714285,0.2857142857142857,0.4290043115615845,0.2290043115615845
YMVSVNN,-1.3646124601364136,-2.8026134967803955,0.5714285714285714,0.2857142857142857,0.2156808823347091,0.0656808823347091
YYGRGTN,0.8488564491271973,-0.5071643590927124,0.4285714285714285,0.1428571428571428,0.4594024419784546,0.2594024419784546
YHPAMYN,-1.6265331506729126,-2.503204345703125,0.5714285714285714,0.4285714285714285,0.2474709451198578,0.0974709451198578
NKIWSHH,-2.0113308429718018,0.01979738287627697,0.7142857142857143,0.5714285714285714,0.3952132761478424,0.2952132761478424
MMSRSNH,0.995503306388855,-1.6081401109695435,0.7142857142857143,0.2857142857142857,0.3425052762031555,0.2425052762031555
RSHRSHS,-4.1039204597473145,1.0700424909591675,0.7142857142857143,0.4285714285714285,0.1576211899518966,0.0576211899518966
YYEQINF,-3.080699920654297,-0.2740095257759094,0.7142857142857143,0.4285714285714285,0.2737973928451538,0.1737973928451538
RWTRSII,-4.939960479736328,0.6021263599395752,0.5714285714285714,0.4285714285714285,0.0626974329352378,0.0
TYTRSTN,1.59111750125885,1.9248038530349731,0.4285714285714285,0.1428571428571428,0.7176190614700317,0.5176190614700318
LYSRSGN,1.736674427986145,-0.17151197791099548,0.5714285714285714,0.0,0.4950406551361084,0.3450406551361084
YRSRTNF,-2.7213058471679688,-0.9415750503540039,0.5714285714285714,0.2857142857142857,0.3146028816699981,0.1646028816699981
YSHRFMN,-1.0107334852218628,-0.3474232256412506,0.4285714285714285,0.1428571428571428,0.4763631522655487,0.2763631522655487
YSKCSTN,-2.499241828918457,0.11464367806911469,0.4285714285714285,0.0,0.3398159742355346,0.1398159742355346
MDRMMHS,-0.42767712473869324,-3.490403413772583,0.7142857142857143,0.5714285714285714,0.1426541060209274,0.0426541060209274
YYLSVYN,-3.2800800800323486,0.3041740953922272,0.5714285714285714,0.2857142857142857,0.2511598169803619,0.1011598169803619
YSRSSNS,2.6086273193359375,0.6356194019317627,0.4285714285714285,0.0,0.5807386040687561,0.3807386040687561
YDRSGSP,1.1289440393447876,-2.0075056552886963,0.4285714285714285,0.2857142857142857,0.3001022338867187,0.1001022338867187
YMHGRIN,-0.1570124328136444,-0.17967607080936432,0.5714285714285714,0.4285714285714285,0.4941738545894623,0.3441738545894622
CYSKDIN,-3.7607734203338623,0.28725844621658325,0.5714285714285714,0.4285714285714285,0.196582019329071,0.046582019329071
YTHRSNS,1.2080553770065308,0.025760246440768242,0.5714285714285714,0.1428571428571428,0.5159862637519836,0.3659862637519836
YQRGGNT,1.6799943447113037,-3.0082709789276123,0.4285714285714285,0.2857142857142857,0.1938450038433075,0.0
YYRSMLN,-2.601060152053833,-0.2873883843421936,0.4285714285714285,0.1428571428571428,0.3282555639743805,0.1282555639743805
VHRSTSN,1.2690365314483643,-0.749139130115509,0.4285714285714285,0.2857142857142857,0.4337105453014374,0.2337105453014374
MHHTQWI,-2.169062614440918,-1.5312857627868652,0.7142857142857143,0.5714285714285714,0.3506653606891632,0.2506653606891632
YVHVSQN,-0.062275346368551254,-1.3948173522949219,0.5714285714285714,0.2857142857142857,0.3651550412178039,0.2151550412178039
KIIIMST,-1.9949661493301392,-4.335319995880127,0.5714285714285714,0.5714285714285714,0.0529442578554153,0.0
YPHWGAN,-1.155096173286438,-1.027793049812317,0.5714285714285714,0.4285714285714285,0.4041242003440857,0.2541242003440856
YSRIDPN,0.9295765161514282,2.283599376678467,0.1428571428571428,0.0,0.7291231155395508,0.4291231155395508
DLSGANQ,-0.14705131947994232,-4.799487113952637,0.7142857142857143,0.2857142857142857,0.0036608567461371,0.0
YSRRSRN,-3.7171971797943115,1.7724835872650146,0.4285714285714285,0.1428571428571428,0.2015296518802642,0.0015296518802642
YVERQSY,-0.4747709631919861,-0.9844232797622681,0.7142857142857143,0.2857142857142857,0.4087290465831756,0.3087290465831757
IYRILSA,-1.9273526668548584,-1.7072402238845825,0.7142857142857143,0.2857142857142857,0.3319832384586334,0.2319832384586334
CYHRSYL,-4.466613292694092,2.2914841175079346,0.5714285714285714,0.2857142857142857,0.1164411455392837,0.0
VYHRGLN,0.7348124980926514,2.4616787433624268,0.5714285714285714,0.2857142857142857,0.7070096731185913,0.5570096731185913
VYSSCCN,-3.9521360397338867,0.027285968884825706,0.7142857142857143,0.1428571428571428,0.1748547554016113,0.0748547554016113
YHKLKCE,-3.022273302078247,-0.5279127955436707,0.5714285714285714,0.2857142857142857,0.2804311215877533,0.1304311215877533
MKHSSLR,-3.0054149627685547,-0.5576884746551514,0.7142857142857143,0.4285714285714285,0.2823452055454254,0.1823452055454254
THSPMNP,0.2613307535648346,-4.577908992767334,0.5714285714285714,0.5714285714285714,0.0271871332079172,0.0
ALHRVNN,1.1265764236450195,-1.5712896585464478,0.7142857142857143,0.1428571428571428,0.3464179337024688,0.2464179337024689
IHRIMTM,-2.386060953140259,-0.4173572063446045,0.7142857142857143,0.4285714285714285,0.3526664972305298,0.2526664972305298
IYYRMNN,-3.196049213409424,1.002791166305542,0.7142857142857143,0.1428571428571428,0.2607006430625915,0.1607006430625915
RYSSFNN,-1.408730387687683,-0.9142956733703613,0.7142857142857143,0.2857142857142857,0.4161748886108398,0.3161748886108398
HYHRHTT,-1.3644111156463623,1.1575480699539185,0.5714285714285714,0.2857142857142857,0.4686643183231354,0.3186643183231353
VYTQENN,-0.49602562189102173,-2.9333243370056152,0.5714285714285714,0.2857142857142857,0.2018025368452072,0.0518025368452072
MSHCLNQ,-3.295668125152588,-1.5130581855773926,0.7142857142857143,0.2857142857142857,0.2493899464607238,0.1493899464607239
YHCREGN,-3.449111223220825,-1.0718462467193604,0.5714285714285714,0.2857142857142857,0.2319680601358413,0.0819680601358413
YWHRSHN,-2.3343276977539062,1.270625352859497,0.5714285714285714,0.1428571428571428,0.3585402965545654,0.2085402965545654
YVLQDYH,-2.953010082244873,-0.3700483441352844,0.7142857142857143,0.2857142857142857,0.2882952392101288,0.1882952392101288
YHRSGCN,-3.6104319095611572,0.9741736054420471,0.2857142857142857,0.1428571428571428,0.2136517614126205,0.0
YSRINKA,-1.555068850517273,0.6172297596931458,0.2857142857142857,0.2857142857142857,0.447017103433609,0.197017103433609
STHYSCE,-3.762802839279175,-1.128296971321106,0.7142857142857143,0.2857142857142857,0.1963516026735305,0.0963516026735305
YHHDSAH,0.4324935972690582,-1.4689741134643555,0.5714285714285714,0.2857142857142857,0.357281357049942,0.207281357049942
YSVLNMN,-0.8723743557929993,-2.6067183017730713,0.1428571428571428,0.2857142857142857,0.236480250954628,0.0
YTREECN,-3.969796895980835,-1.1952414512634277,0.5714285714285714,0.4285714285714285,0.1728495508432388,0.0228495508432388
YVYTSHN,-1.693498134613037,0.22433854639530182,0.5714285714285714,0.1428571428571428,0.4312998950481415,0.2812998950481414
GMNRTTK,-3.8944668769836426,-1.6467103958129883,0.7142857142857143,0.4285714285714285,0.1814025044441223,0.0814025044441223
EHRVNRF,-1.4611525535583496,-0.6068316698074341,0.5714285714285714,0.4285714285714285,0.4488202035427093,0.2988202035427093
YCHRSNN,-3.6439709663391113,1.1922372579574585,0.4285714285714285,0.1428571428571428,0.2098437398672104,0.0098437398672104
YHMSSLN,-0.32749590277671814,-1.379953145980835,0.4285714285714285,0.1428571428571428,0.3667332530021667,0.1667332530021667
DYHGSLN,-0.058224957436323166,-2.4749011993408203,0.5714285714285714,0.2857142857142857,0.250476062297821,0.100476062297821
IHSMACN,-3.650122880935669,-0.292303204536438,0.5714285714285714,0.4285714285714285,0.2091452479362487,0.0591452479362487
YYSQMNN,-1.2145084142684937,-1.3907703161239624,0.5714285714285714,0.1428571428571428,0.3655847012996673,0.2155847012996673
IYHRSVN,0.12485437840223312,2.0315165519714355,0.4285714285714285,0.1428571428571428,0.6377552151679993,0.4377552151679993
YYRSSKS,-2.86167311668396,0.5426162481307983,0.5714285714285714,0.1428571428571428,0.2986656427383423,0.1486656427383423
YHHRSNK,-2.527675151824951,1.5878647565841675,0.4285714285714285,0.1428571428571428,0.3365876674652099,0.1365876674652099
VQHRGNN,1.648537516593933,-2.4412899017333984,0.5714285714285714,0.2857142857142857,0.254044771194458,0.104044771194458
YYSRSQE,0.5146841406822205,0.15955568850040436,0.4285714285714285,0.2857142857142857,0.5301921367645264,0.3301921367645264
DGRIRLN,-0.5426672697067261,-2.3526501655578613,0.5714285714285714,0.5714285714285714,0.2634561955928802,0.1134561955928802
TYSREVN,0.4889792799949646,0.6774715185165405,0.5714285714285714,0.2857142857142857,0.5851823687553406,0.4351823687553405
YLSRRVR,-4.497164726257324,0.6319802403450012,0.7142857142857143,0.4285714285714285,0.1129723489284515,0.0129723489284515
DSRNSNE,-0.039416372776031494,-4.734558582305908,0.5714285714285714,0.1428571428571428,0.010554707609117,0.0
YYHRGAK,-4.290503978729248,0.6102173924446106,0.5714285714285714,0.1428571428571428,0.1364365518093109,0.0
IYKRRNE,-2.2136123180389404,1.1844696998596191,0.7142857142857143,0.4285714285714285,0.3722462654113769,0.272246265411377
SYRRSSN,-2.7152554988861084,0.6655673384666443,0.4285714285714285,0.1428571428571428,0.3152898550033569,0.1152898550033569
EHRNSNN,1.552868366241455,-3.5820486545562744,0.2857142857142857,0.2857142857142857,0.1329235881567001,0.0
YSHSSNQ,0.932953953742981,-1.7596995830535889,0.5714285714285714,0.2857142857142857,0.3264133036136627,0.1764133036136627
MYRTSNW,-1.6951981782913208,0.5062626004219055,0.5714285714285714,0.2857142857142857,0.4311068952083587,0.2811068952083587
YHHDQWN,-1.4957005977630615,-0.29775822162628174,0.5714285714285714,0.4285714285714285,0.4537577927112579,0.3037577927112579
YYRRNEN,-1.2345589399337769,0.6633309125900269,0.4285714285714285,0.1428571428571428,0.4834077358245849,0.283407735824585
YEHSSNN,0.020006030797958374,-3.240694522857666,0.4285714285714285,0.1428571428571428,0.1691672056913375,0.0
WYHSAEN,-1.9977353811264038,0.27110418677330017,0.7142857142857143,0.2857142857142857,0.3967568874359131,0.2967568874359131
YHHSLFN,-2.3875842094421387,-0.667010486125946,0.5714285714285714,0.2857142857142857,0.352493554353714,0.202493554353714
YYSRLSN,-1.368436574935913,0.45091280341148376,0.7142857142857143,0.1428571428571428,0.4682072699069977,0.3682072699069977
YYSGFMN,-2.292067527770996,-0.5260850787162781,0.5714285714285714,0.2857142857142857,0.3633385002613067,0.2133385002613067
YYKRSTM,-3.632960796356201,0.4776635468006134,0.5714285714285714,0.2857142857142857,0.2110938280820846,0.0610938280820846
MAKRGLV,-2.1425509452819824,-1.1945077180862427,0.5714285714285714,0.5714285714285714,0.3803145587444305,0.2303145587444305
YSRRLWN,-2.896852493286133,1.6021502017974854,0.4285714285714285,0.1428571428571428,0.294671356678009,0.094671356678009
YHHISIN,-0.9254917502403259,0.3938872814178467,0.4285714285714285,0.2857142857142857,0.5184991359710693,0.3184991359710694
YYISGNN,-1.997975468635559,-1.0593050718307495,0.4285714285714285,0.1428571428571428,0.3967296481132507,0.1967296481132507
YYRSSHN,-0.9979139566421509,-0.04805806279182434,0.4285714285714285,0.1428571428571428,0.5081485509872437,0.3081485509872437
HYRRLND,-1.9828379154205322,0.05977833643555641,0.5714285714285714,0.4285714285714285,0.3984483480453491,0.2484483480453491
YYRRSNN,-3.154005289077759,0.9878677725791931,0.2857142857142857,0.0,0.2654743194580078,0.0154743194580078
YYKRTNN,-2.329281806945801,0.5621458292007446,0.5714285714285714,0.1428571428571428,0.3591131865978241,0.2091131865978241
HYRKGES,-0.7379707098007202,-0.05818360671401024,0.7142857142857143,0.5714285714285714,0.5070734024047852,0.4070734024047852
HYRSNAN,0.9761024713516235,-0.7026033401489258,0.5714285714285714,0.2857142857142857,0.4386515319347381,0.2886515319347381
YHRLSNN,2.24538516998291,4.315680980682373,0.0,0.0,0.8785196542739868,0.5285196542739868
YYHKSNW,-1.265158772468567,1.1910135746002197,0.4285714285714285,0.1428571428571428,0.4799334406852722,0.2799334406852722
YYHIVLL,-3.8863770961761475,-0.15156406164169312,0.7142857142857143,0.2857142857142857,0.182321012020111,0.082321012020111
KYRNGSN,-2.4839096069335938,-0.7325118780136108,0.5714285714285714,0.2857142857142857,0.3415567874908447,0.1915567874908447
YHRSSSV,0.48216283321380615,0.5372526049613953,0.4285714285714285,0.1428571428571428,0.5702944397926331,0.3702944397926331
YYRRALN,-3.3710250854492188,0.542033314704895,0.4285714285714285,0.1428571428571428,0.2408339381217956,0.0408339381217956
YHRLSNN,2.24538516998291,4.315680980682373,0.0,0.0,0.8785196542739868,0.5285196542739868
MHHTSGN,0.4625700116157532,-3.118360996246338,0.5714285714285714,0.4285714285714285,0.1821560859680175,0.0321560859680175
YYHSSVL,-2.5722997188568115,-0.49010249972343445,0.5714285714285714,0.2857142857142857,0.3315210044384002,0.1815210044384002
YYHLSQQ,-2.3711278438568115,0.4229658544063568,0.5714285714285714,0.2857142857142857,0.3543620109558105,0.2043620109558105
YYNRQEN,-0.8476466536521912,-0.4360332489013672,0.7142857142857143,0.2857142857142857,0.4669548869132995,0.3669548869132996
MYHLLND,-2.0529532432556152,-2.1275975704193115,0.7142857142857143,0.4285714285714285,0.2873513698577881,0.1873513698577881
QSHRMHP,0.09350510686635971,-1.4150476455688477,0.7142857142857143,0.2857142857142857,0.3630070686340332,0.2630070686340332
VYSRSNN,0.8320099115371704,2.92356014251709,0.4285714285714285,0.0,0.7180454134941101,0.5180454134941102
YYHRANN,-0.8935846090316772,0.7801049947738647,0.5714285714285714,0.1428571428571428,0.5221218466758728,0.3721218466758728
YSHRSTN,2.0999040603637695,0.9327888488769531,0.5714285714285714,0.1428571428571428,0.6122909188270569,0.4622909188270568
NHHRGMN,0.5249584317207336,-0.6760258078575134,0.4285714285714285,0.2857142857142857,0.4414734244346618,0.2414734244346618
HYRRGNN,-3.389907121658325,0.6480908393859863,0.5714285714285714,0.1428571428571428,0.2386900782585144,0.0886900782585144
IYHLSNN,-0.7736631035804749,-1.0198191404342651,0.4285714285714285,0.1428571428571428,0.4049708247184753,0.2049708247184753
HYRRGNI,-3.9336819648742676,0.6578160524368286,0.7142857142857143,0.2857142857142857,0.1769500225782394,0.0769500225782394
LYKRSNN,-2.049636125564575,0.7072540521621704,0.5714285714285714,0.1428571428571428,0.3908641040325165,0.2408641040325164
IYHRSAN,0.5817400217056274,1.5826431512832642,0.5714285714285714,0.1428571428571428,0.6812898516654968,0.5312898516654968
YYSRDNN,0.2975325882434845,-0.7687757611274719,0.5714285714285714,0.1428571428571428,0.4316256046295166,0.2816256046295166
YLRRSNH,-3.8046438694000244,0.6995095014572144,0.4285714285714285,0.2857142857142857,0.1916009783744812,0.0
VYHSSNN,0.7684656381607056,-1.8617115020751953,0.5714285714285714,0.1428571428571428,0.3155820965766907,0.1655820965766906
YYRRENP,-0.45354172587394714,0.4661964774131775,0.5714285714285714,0.2857142857142857,0.5627500414848328,0.4127500414848327
IIHLNNN,-0.985055685043335,-3.5889453887939453,0.5714285714285714,0.4285714285714285,0.132191315293312,0.0
YHHAINN,0.3452710211277008,-1.202271580696106,0.4285714285714285,0.1428571428571428,0.3855987787246704,0.1855987787246704
YSSRAAN,2.6088080406188965,-1.670873761177063,0.4285714285714285,0.2857142857142857,0.335844486951828,0.135844486951828
YHHRMNY,-1.3095808029174805,-0.108148954808712,0.5714285714285714,0.2857142857142857,0.4748897850513458,0.3248897850513458
YASLSHN,1.3751543760299683,-2.4522879123687744,0.4285714285714285,0.2857142857142857,0.2528770565986633,0.0528770565986633
IYSRSEN,0.49922701716423035,3.200468063354492,0.4285714285714285,0.1428571428571428,0.6802613139152527,0.4802613139152527
YYHRSGN,-1.5659500360488892,1.0775920152664185,0.5714285714285714,0.0,0.4457817077636719,0.2957817077636718
QSRFDNN,0.26681292057037354,-2.356110095977783,0.5714285714285714,0.4285714285714285,0.2630888223648071,0.1130888223648071
YHHISGL,-0.17858754098415375,-0.4029885530471802,0.5714285714285714,0.2857142857142857,0.4704634547233581,0.3204634547233581
YEMRANG,0.9823244214057922,-2.994283437728882,0.7142857142857143,0.4285714285714285,0.1953301429748535,0.0953301429748535
YYHRSSN,-1.4665004014968872,1.0760574340820312,0.5714285714285714,0.0,0.4570731818675995,0.3070731818675994
NYRSNLN,0.834051251411438,-1.5486133098602295,0.5714285714285714,0.2857142857142857,0.348825603723526,0.198825603723526
YYHRTYN,-1.2121528387069702,0.8336563110351562,0.5714285714285714,0.1428571428571428,0.4859517216682434,0.3359517216682434
DYSISNN,-0.06730467826128006,-2.564971446990967,0.5714285714285714,0.2857142857142857,0.2409127652645111,0.0909127652645111
YYSRSDN,-0.3116157650947571,0.05455779284238815,0.5714285714285714,0.1428571428571428,0.5190438628196716,0.3690438628196716
YYHSSNN,-0.6778563261032104,-0.41938555240631104,0.4285714285714285,0.0,0.4687224626541137,0.2687224626541138
YISRSNN,1.9397133588790894,-1.0708558559417725,0.4285714285714285,0.1428571428571428,0.3995519578456878,0.1995519578456878
HSHRLMN,-0.2892168462276459,-0.2047535926103592,0.5714285714285714,0.2857142857142857,0.4915112555027008,0.3415112555027008
HHRRSNL,-4.06784200668335,1.4101860523223877,0.4285714285714285,0.2857142857142857,0.1617175340652465,0.0
YYSLFNN,-2.80426287651062,-0.18492628633975983,0.4285714285714285,0.2857142857142857,0.3051839768886566,0.1051839768886566
YYHRSLN,-1.6936177015304565,1.3138822317123413,0.5714285714285714,0.0,0.4312863051891327,0.2812863051891326
HAVRTSN,0.791226327419281,-2.2112858295440674,0.7142857142857143,0.4285714285714285,0.2784656882286072,0.1784656882286072
YYSRSNN,0.5108199119567871,0.6452360153198242,0.4285714285714285,0.0,0.5817596912384033,0.3817596912384033
YYRESNT,-0.6006486415863037,-0.44811269640922546,0.4285714285714285,0.2857142857142857,0.4656723439693451,0.2656723439693451
YHRRSHN,-3.17055344581604,1.333564043045044,0.2857142857142857,0.1428571428571428,0.2635954320430755,0.0135954320430755
YSRRNMN,-1.7628062963485718,0.6299921870231628,0.1428571428571428,0.1428571428571428,0.4234306514263153,0.1234306514263153
YSRSALN,2.4259121417999268,1.698262095451355,0.2857142857142857,0.1428571428571428,0.6935657858848572,0.4435657858848572
RYRRSSN,-4.245003700256348,0.682815670967102,0.4285714285714285,0.1428571428571428,0.1416026353836059,0.0
YYHSSQN,-0.7976991534233093,-0.14153826236724854,0.4285714285714285,0.1428571428571428,0.4982231855392456,0.2982231855392456
YYSRSNN,0.5108199119567871,0.6452360153198242,0.4285714285714285,0.0,0.5817596912384033,0.3817596912384033
YYRRLSN,-3.870269775390625,0.62906813621521,0.5714285714285714,0.1428571428571428,0.184149831533432,0.034149831533432
YYRTGNW,-2.220402717590332,1.0331634283065796,0.5714285714285714,0.2857142857142857,0.3714753091335296,0.2214753091335296
HHVPLNN,-0.2650032639503479,-3.562713146209717,0.5714285714285714,0.4285714285714285,0.1349765509366989,0.0
YYHIGIN,-2.7691261768341064,0.7787696719169617,0.4285714285714285,0.2857142857142857,0.3091733753681183,0.1091733753681183
IHRLSIN,0.20200099050998688,2.437201738357544,0.2857142857142857,0.2857142857142857,0.646514356136322,0.396514356136322
YHHSWNN,-1.268723487854004,0.12614230811595917,0.4285714285714285,0.1428571428571428,0.4795286953449249,0.2795286953449249
DYHRANN,0.7343336939811707,-1.1580277681350708,0.7142857142857143,0.1428571428571428,0.3902963995933532,0.2902963995933533
HHSRLTN,-0.1177436113357544,0.05358879640698433,0.5714285714285714,0.2857142857142857,0.5189409852027893,0.3689409852027893
YHRSNGH,0.22516465187072754,0.9634518623352051,0.5714285714285714,0.2857142857142857,0.6155465841293335,0.4655465841293335
YYHRSVN,-1.418824553489685,1.1483708620071411,0.5714285714285714,0.0,0.4624862670898437,0.3124862670898437
YHKKLNN,-2.2919065952301025,0.23630721867084503,0.4285714285714285,0.2857142857142857,0.3633567690849304,0.1633567690849304
YYRSSVL,-2.4187424182891846,-0.08687298744916916,0.5714285714285714,0.2857142857142857,0.3489558696746826,0.1989558696746826
YYHRYIN,-2.508803367614746,0.818138599395752,0.7142857142857143,0.1428571428571428,0.3387303650379181,0.2387303650379181
HHMRSSN,0.2989206910133362,0.08477585762739182,0.4285714285714285,0.1428571428571428,0.5222523212432861,0.3222523212432862
HSHSRNL,-0.0025739851407706738,-1.4605145454406738,0.5714285714285714,0.4285714285714285,0.3581795692443847,0.2081795692443847
QARLMNS,1.657510757446289,-3.7721991539001465,0.5714285714285714,0.2857142857142857,0.112734168767929,0.0
YSRPSTN,2.496361017227173,1.183169960975647,0.4285714285714285,0.2857142857142857,0.6388753652572632,0.4388753652572632
QHITIEN,-0.46338945627212524,-4.340231895446777,0.7142857142857143,0.4285714285714285,0.0524227321147918,0.0
ESSSSHN,-0.5153802037239075,-4.833966255187988,0.5714285714285714,0.2857142857142857,0.0,0.0
YSRSSWN,-2.2249488830566406,1.715311050415039,0.4285714285714285,0.1428571428571428,0.3709591329097748,0.1709591329097748
IYRRSTN,-2.793811082839966,1.0409245491027832,0.5714285714285714,0.2857142857142857,0.3063706755638122,0.1563706755638122
YARSEGN,1.0212318897247314,1.2254502773284912,0.2857142857142857,0.2857142857142857,0.6433645486831665,0.3933645486831665
YHHRSLN,-0.38139641284942627,0.8534722328186035,0.4285714285714285,0.0,0.5802755951881409,0.3802755951881409
YHHRGSN,0.20843294262886047,1.2691571712493896,0.4285714285714285,0.1428571428571428,0.6472446918487549,0.4472446918487549
YHRSGNN,1.3687056303024292,1.3723726272583008,0.2857142857142857,0.0,0.6589641571044922,0.4089641571044922
AHHQPSN,0.2929614186286926,-3.056591510772705,0.5714285714285714,0.4285714285714285,0.1887145191431045,0.0387145191431045
VHSRMHN,0.4183729290962219,0.6133720874786377,0.5714285714285714,0.2857142857142857,0.5783764719963074,0.4283764719963073
DYHRSIN,0.3538167476654053,-0.524592936038971,0.5714285714285714,0.1428571428571428,0.4575519859790802,0.3075519859790802
YYHKDSS,-0.045291535556316376,-0.6632456183433533,0.5714285714285714,0.4285714285714285,0.4428303837776184,0.2928303837776184
YSRSSSN,2.5901215076446533,1.739269495010376,0.4285714285714285,0.0,0.6979197859764099,0.4979197859764099
YYHNSPN,-0.6626554131507874,-0.8858979344367981,0.4285714285714285,0.2857142857142857,0.4191900491714477,0.2191900491714477
AYRNGNN,1.5162420272827148,-2.2207448482513428,0.5714285714285714,0.2857142857142857,0.2774613499641418,0.1274613499641418
YSARSNL,2.5010805130004883,-1.2790418863296509,0.5714285714285714,0.2857142857142857,0.3774476051330566,0.2274476051330566
YYHRYIN,-2.508803367614746,0.818138599395752,0.7142857142857143,0.1428571428571428,0.3387303650379181,0.2387303650379181
YYRRGAN,-3.141085386276245,0.21289397776126862,0.4285714285714285,0.1428571428571428,0.2669412195682525,0.0669412195682525
YSRRSLN,-2.3108503818511963,0.8266923427581787,0.4285714285714285,0.0,0.361205905675888,0.161205905675888
VYRSNTN,2.0021259784698486,-0.5942114591598511,0.4285714285714285,0.2857142857142857,0.4501601457595825,0.2501601457595825
YHKKALG,-1.9291797876358032,0.25936877727508545,0.5714285714285714,0.4285714285714285,0.4045406877994537,0.2545406877994537
ISSTSNA,0.5086520314216614,-4.801066875457764,0.5714285714285714,0.2857142857142857,0.003493124153465,0.0
YYDSSTN,-1.320661187171936,-2.0266387462615967,0.4285714285714285,0.1428571428571428,0.2980707585811615,0.0980707585811615
YHYFEHN,-1.8171577453613281,-0.9908796548843384,0.5714285714285714,0.4285714285714285,0.4080435335636139,0.2580435335636138
IYVYQGN,-2.6688952445983887,0.26227208971977234,0.5714285714285714,0.4285714285714285,0.320553570985794,0.170553570985794
YHRNMNP,0.3846432864665985,-0.33940261602401733,0.4285714285714285,0.2857142857142857,0.4772147238254547,0.2772147238254547
YHHLGAF,-1.1463961601257324,-0.5452943444252014,0.4285714285714285,0.2857142857142857,0.4553539752960205,0.2553539752960205
HYHRSNN,-0.37947115302085876,0.9602186679840088,0.5714285714285714,0.0,0.5804941654205322,0.4304941654205322
NWRYMAN,-3.637584924697876,0.22147978842258453,0.7142857142857143,0.4285714285714285,0.2105688154697418,0.1105688154697418
YHHSGSN,0.5234495401382446,-1.4399631023406982,0.4285714285714285,0.1428571428571428,0.360361635684967,0.160361635684967
MYTIPEN,-1.1074457168579102,-2.6333279609680176,0.7142857142857143,0.4285714285714285,0.2336549460887909,0.1336549460887909
YAKRMNV,-1.535283088684082,-0.4138084053993225,0.5714285714285714,0.2857142857142857,0.4492636024951935,0.2992636024951934
YYHSMNN,-1.6747760772705078,-0.9634206891059875,0.5714285714285714,0.1428571428571428,0.4109590053558349,0.2609590053558349
YRHRDGW,-0.6961681246757507,-0.1101999506354332,0.7142857142857143,0.4285714285714285,0.501550555229187,0.401550555229187
PHHSNNH,-0.5891374945640564,-1.8205187320709229,0.7142857142857143,0.4285714285714285,0.3199557662010193,0.2199557662010193
YYSSSPN,-0.8058990836143494,-2.241879463195801,0.2857142857142857,0.1428571428571428,0.2752173840999603,0.0252173840999603
YYANHVN,-1.1927284002304077,-1.745347023010254,0.5714285714285714,0.2857142857142857,0.3279371857643127,0.1779371857643127
YYDSSGP,-1.8611732721328735,-2.365534543991089,0.5714285714285714,0.2857142857142857,0.2620881795883178,0.1120881795883178
YYRRSAQ,-3.875826120376587,0.7222186923027039,0.5714285714285714,0.1428571428571428,0.183518961071968,0.033518961071968
YYRLTNN,-1.1951736211776733,0.9768332242965698,0.2857142857142857,0.1428571428571428,0.4878795146942138,0.2378795146942138
YHSRMAN,1.2323555946350098,-0.5287833213806152,0.5714285714285714,0.2857142857142857,0.4571070373058319,0.3071070373058319
YQRMSNN,2.1619794368743896,-1.3202053308486938,0.2857142857142857,0.1428571428571428,0.3730770349502563,0.1230770349502563
IYRFLNN,-3.586097478866577,0.12857669591903687,0.5714285714285714,0.2857142857142857,0.216414675116539,0.066414675116539
YHSSGNN,1.1929373741149902,-2.0693466663360596,0.4285714285714285,0.1428571428571428,0.2935362160205841,0.0935362160205841
YEHRSNH,0.021450655534863472,-1.3405625820159912,0.5714285714285714,0.2857142857142857,0.3709155917167663,0.2209155917167663
RWSRSYN,-4.672708988189697,0.7057000994682312,0.5714285714285714,0.2857142857142857,0.0930410996079444,0.0
YYTPYTN,-2.4416990280151367,-1.0300357341766357,0.5714285714285714,0.4285714285714285,0.3463493883609772,0.1963493883609771
VARRSGN,-2.2861568927764893,-0.4967980980873108,0.5714285714285714,0.2857142857142857,0.3640095889568329,0.2140095889568329
YSHYLNN,-1.5312893390655518,-1.695019006729126,0.5714285714285714,0.1428571428571428,0.3332808315753937,0.1832808315753936
YHSRNSA,1.375854253768921,-1.056318759918213,0.7142857142857143,0.4285714285714285,0.401095449924469,0.301095449924469
YYRRGDQ,-1.1531431674957275,0.4331698715686798,0.4285714285714285,0.2857142857142857,0.4926517009735107,0.2926517009735108
PYDSAFN,-2.170201301574707,-2.7241156101226807,0.5714285714285714,0.4285714285714285,0.224015474319458,0.074015474319458
YVHSSNN,0.6033157706260681,-1.40392005443573,0.4285714285714285,0.1428571428571428,0.3641885221004486,0.1641885221004486
MFHRGPN,0.15520896017551422,-0.07911599427461624,0.5714285714285714,0.4285714285714285,0.5048509240150452,0.3548509240150451
QSRRSNW,-3.285036325454712,-0.4379347562789917,0.5714285714285714,0.2857142857142857,0.2505970895290375,0.1005970895290374
YYSFNHN,-1.6763118505477905,-0.48259615898132324,0.5714285714285714,0.2857142857142857,0.4332512319087982,0.2832512319087982
YHHGKSS,0.7525807619094849,-0.3173757493495941,0.7142857142857143,0.4285714285714285,0.4795534610748291,0.3795534610748291
YYSRSHN,-0.9339302182197571,0.33913654088974,0.5714285714285714,0.0,0.5175410509109497,0.3675410509109497
YHRLSVQ,-0.1436120569705963,3.026392936706543,0.2857142857142857,0.2857142857142857,0.6072735786437988,0.3572735786437988
IHRTMNN,1.122700572013855,-0.3176373243331909,0.4285714285714285,0.2857142857142857,0.4795256555080414,0.2795256555080414
YHRKNSN,-2.32096791267395,0.9749895334243774,0.4285714285714285,0.1428571428571428,0.3600571453571319,0.1600571453571319
YHSRENN,1.3412494659423828,-2.304304838180542,0.4285714285714285,0.1428571428571428,0.2685892879962921,0.0685892879962921
YYHMSSN,-2.4556045532226562,-1.3004827499389648,0.5714285714285714,0.1428571428571428,0.3447705507278442,0.1947705507278442
KYRRSNV,-4.135864734649658,0.7632881999015808,0.5714285714285714,0.2857142857142857,0.1539942473173141,0.0039942473173141
YYSVESN,-1.41458261013031,-2.0000946521759033,0.7142857142857143,0.2857142857142857,0.300889104604721,0.2008891046047211
YHRRLNN,-3.071010112762451,1.3579901456832886,0.2857142857142857,0.0,0.2748975753784179,0.0248975753784179
KHHRTNN,-3.067251205444336,0.9982559084892273,0.5714285714285714,0.2857142857142857,0.2753243446350097,0.1253243446350097
YHNYSNN,-0.31677594780921936,-1.108866572380066,0.2857142857142857,0.2857142857142857,0.3955161273479461,0.1455161273479461
YQRRSSN,-2.7230894565582275,-0.15024864673614502,0.4285714285714285,0.1428571428571428,0.3144003748893738,0.1144003748893738
YSSRNGN,2.3775885105133057,-2.276089668273926,0.4285714285714285,0.2857142857142857,0.271585077047348,0.071585077047348
YHRQSLD,1.8304990530014038,-0.19655296206474304,0.4285714285714285,0.2857142857142857,0.4923819601535797,0.2923819601535797
YYHMFEQ,-2.9284827709198,-1.0510174036026,0.7142857142857143,0.4285714285714285,0.2910800874233246,0.1910800874233246
DYHRMAN,0.21607300639152527,-1.3823087215423584,0.5714285714285714,0.2857142857142857,0.3664831519126892,0.2164831519126892
IHHRSLN,-0.0051748319528996944,0.865813672542572,0.5714285714285714,0.1428571428571428,0.6051797866821289,0.4551797866821289
YYRPSNN,0.10965918749570847,-0.12635059654712677,0.2857142857142857,0.1428571428571428,0.4998357594013214,0.2498357594013214
YHPVWIN,-3.4005792140960693,0.3765455484390259,0.5714285714285714,0.2857142857142857,0.2374783754348755,0.0874783754348755
VHRGSTN,1.6654356718063354,-0.9907451272010803,0.4285714285714285,0.2857142857142857,0.4080578088760376,0.2080578088760376
YHHWTSW,-3.187331438064575,0.6690783500671387,0.7142857142857143,0.4285714285714285,0.2616904675960541,0.1616904675960541
YSVQLLN,-1.0144975185394287,-3.117281198501587,0.5714285714285714,0.4285714285714285,0.182270735502243,0.032270735502243
YHSSTIN,0.9666538238525391,-2.435961961746216,0.5714285714285714,0.2857142857142857,0.2546104788780212,0.1046104788780212
YSHSMLT,-0.65343177318573,-1.7997729778289795,0.5714285714285714,0.2857142857142857,0.3221584558486938,0.1721584558486938
MHHRSKW,-3.0817196369171143,-0.18315480649471283,0.7142857142857143,0.4285714285714285,0.2736816108226776,0.1736816108226776
YYSLSVL,-2.39609956741333,0.16477333009243011,0.4285714285714285,0.2857142857142857,0.3515267372131347,0.1515267372131347
YYRRKGN,-3.8947525024414062,1.2062872648239136,0.5714285714285714,0.2857142857142857,0.1813700646162033,0.0313700646162033
YLHRLSN,0.03801601380109787,1.7008572816848755,0.7142857142857143,0.1428571428571428,0.6278955340385437,0.5278955340385437
YYSENNN,-1.4684767723083496,-1.7799177169799805,0.5714285714285714,0.1428571428571428,0.3242666125297546,0.1742666125297546
YYHSLMN,-2.97094988822937,-1.0906846523284912,0.5714285714285714,0.1428571428571428,0.2862583696842193,0.1362583696842193
TYSASNN,0.8198990225791931,-3.170396089553833,0.5714285714285714,0.2857142857142857,0.1766311973333358,0.0266311973333358
LYARGNN,0.9245123863220215,-0.508870542049408,0.4285714285714285,0.2857142857142857,0.4592213034629822,0.2592213034629822
YHHILNN,-1.0634328126907349,-1.0499979257583618,0.4285714285714285,0.1428571428571428,0.4017665982246399,0.2017665982246399
IYHRAFN,-2.48905873298645,1.5839221477508545,0.7142857142857143,0.2857142857142857,0.3409721553325653,0.2409721553325653
YHHRRQN,-2.892151117324829,1.1139165163040161,0.5714285714285714,0.1428571428571428,0.2952051758766174,0.1452051758766174
YSHRSTN,2.0999040603637695,0.9327888488769531,0.5714285714285714,0.1428571428571428,0.6122909188270569,0.4622909188270568
YVRRNSG,-1.779821515083313,-0.2789378762245178,0.5714285714285714,0.2857142857142857,0.4214987754821777,0.2714987754821777
YIRFGLS,-3.1454687118530273,-0.62216717004776,0.5714285714285714,0.4285714285714285,0.2664435505867004,0.1164435505867004
YYAMSGN,-1.3443137407302856,-1.1668829917907715,0.5714285714285714,0.2857142857142857,0.3893561959266662,0.2393561959266662
YYKSGIN,0.837074339389801,0.3337600827217102,0.4285714285714285,0.2857142857142857,0.5486884713172913,0.3486884713172913
HHRSSGN,0.18015964329242706,-0.3545246422290802,0.4285714285714285,0.2857142857142857,0.47560915350914,0.27560915350914
QYHRSNQ,-0.08219605684280396,1.1594280004501343,0.5714285714285714,0.1428571428571428,0.614246666431427,0.464246666431427
YYHMETH,-2.10433292388916,-2.0560927391052246,0.5714285714285714,0.4285714285714285,0.2949434518814087,0.1449434518814087
YYRRSKN,-3.3680918216705322,0.9410763382911682,0.4285714285714285,0.1428571428571428,0.2411669790744781,0.0411669790744781
YYHNQNN,-1.1419332027435303,-0.8483908176422119,0.5714285714285714,0.1428571428571428,0.4231724143028259,0.2731724143028259
EMHLSNN,0.3056827187538147,-4.4954047203063965,0.4285714285714285,0.2857142857142857,0.0359471067786216,0.0
YYTRSGN,0.828999936580658,0.09256097674369812,0.4285714285714285,0.1428571428571428,0.5230788588523865,0.3230788588523865
VSKRSIN,-1.9458199739456177,0.309567928314209,0.4285714285714285,0.2857142857142857,0.4026513695716858,0.2026513695716858
YYHAGSN,-1.3588922023773193,-1.0898427963256836,0.4285714285714285,0.2857142857142857,0.3975360095500946,0.1975360095500946
VSHKSHN,0.9420949220657349,-1.6547061204910278,0.5714285714285714,0.2857142857142857,0.3375611007213592,0.1875611007213592
VYEPGDN,-0.7772989869117737,-3.2789998054504395,0.7142857142857143,0.4285714285714285,0.16510009765625,0.06510009765625
YYHRYMN,-2.0164260864257812,0.2502245008945465,0.5714285714285714,0.1428571428571428,0.3946347534656524,0.2446347534656524
YYHSSPN,-1.126116394996643,-0.5162981152534485,0.2857142857142857,0.1428571428571428,0.4584326446056366,0.2084326446056366
YHQSSEN,-0.10027065873146057,-2.6340622901916504,0.4285714285714285,0.1428571428571428,0.2335769683122635,0.0335769683122635
YSHRSYN,-1.209729790687561,0.8159515857696533,0.5714285714285714,0.1428571428571428,0.4862268567085266,0.3362268567085266
YAHRGAN,1.0672922134399414,-0.046196386218070984,0.4285714285714285,0.2857142857142857,0.5083461999893188,0.3083461999893189
YYHSPAL,-1.7095274925231934,-1.3785619735717773,0.7142857142857143,0.2857142857142857,0.3668809533119201,0.2668809533119202
YHRRRMS,-3.9985475540161133,0.9188253879547119,0.5714285714285714,0.2857142857142857,0.1695852130651474,0.0195852130651474
YLSKGQT,1.7667993307113647,-3.0448362827301025,0.7142857142857143,0.4285714285714285,0.1899626404047012,0.0899626404047012
YYYNGNN,-2.0179429054260254,-0.20797580480575562,0.5714285714285714,0.2857142857142857,0.394462525844574,0.2444625258445739
YYRSSNN,0.26366063952445984,0.670590877532959,0.2857142857142857,0.1428571428571428,0.5844517946243286,0.3344517946243286
YHHRNVQ,-0.24225766956806183,-0.02621619775891304,0.5714285714285714,0.2857142857142857,0.5104676485061646,0.3604676485061645
YSHRGNN,2.081707000732422,0.43517470359802246,0.4285714285714285,0.1428571428571428,0.5594562888145447,0.3594562888145447
NYHYNHN,-2.208885669708252,-0.7187091112136841,0.7142857142857143,0.2857142857142857,0.3727829456329345,0.2727829456329346
YHHMLSN,-1.4005329608917236,-0.785839319229126,0.5714285714285714,0.2857142857142857,0.4298138916492462,0.2798138916492462
HYRRSSN,-3.893101215362549,0.601479172706604,0.4285714285714285,0.1428571428571428,0.1815575510263443,0.0
YLHSGNN,0.3642359673976898,-1.8141344785690308,0.4285714285714285,0.1428571428571428,0.3206336200237274,0.1206336200237274
YSRLYNN,-0.5862212181091309,2.720301389694214,0.2857142857142857,0.1428571428571428,0.557019829750061,0.307019829750061
YYRLSSN,-1.3078523874282837,1.0083986520767212,0.2857142857142857,0.0,0.4750860333442688,0.2250860333442688
YYRRNPN,-2.8791306018829346,0.9274888038635254,0.4285714285714285,0.1428571428571428,0.296683520078659,0.096683520078659
YHRRNIN,-2.79974365234375,0.7358050346374512,0.4285714285714285,0.1428571428571428,0.3056970834732055,0.1056970834732055
LYHRNND,1.0922651290893555,-0.4875135123729706,0.7142857142857143,0.2857142857142857,0.4614889025688171,0.3614889025688171
KLHRMAW,-4.414333820343018,0.019638117402791977,0.5714285714285714,0.5714285714285714,0.122376948595047,0.0
YHRRTSS,-3.714970350265503,1.16584312915802,0.5714285714285714,0.2857142857142857,0.2017824947834015,0.0517824947834014
YHLLSNN,-0.7292056679725647,-2.621971368789673,0.1428571428571428,0.1428571428571428,0.234860748052597,0.0
YYRINNA,-0.6069864630699158,-0.7698312997817993,0.5714285714285714,0.2857142857142857,0.4315135478973388,0.2815135478973388
YYRISIN,-2.752239465713501,0.5368514657020569,0.2857142857142857,0.1428571428571428,0.3110907077789306,0.0610907077789306
YYRSSDN,-0.4990881681442261,-0.06523501873016357,0.4285714285714285,0.1428571428571428,0.5063247084617615,0.3063247084617615
YKHSKGN,-3.117694854736328,0.4095984697341919,0.5714285714285714,0.2857142857142857,0.2695969939231872,0.1195969939231872
NSRRGVD,0.8082569241523743,-2.8905911445617676,0.4285714285714285,0.4285714285714285,0.2063397765159607,0.0063397765159607
YGWSNSN,-2.1591949462890625,-0.6583613753318787,0.5714285714285714,0.2857142857142857,0.3784248232841491,0.2284248232841491
YHRRNMN,-2.7010581493377686,0.06815038621425629,0.2857142857142857,0.1428571428571428,0.3169018030166626,0.0669018030166626
YYRYNGN,-1.9329293966293335,0.45678240060806274,0.4285714285714285,0.2857142857142857,0.4041149318218231,0.2041149318218231
SYKRMSN,-2.477560520172119,-0.36896586418151855,0.5714285714285714,0.2857142857142857,0.3422776758670807,0.1922776758670807
HSLSPGH,0.10866264998912811,-3.9138946533203125,0.7142857142857143,0.5714285714285714,0.0976895093917846,0.0
QHRRSNN,-2.842632532119751,0.5514909029006958,0.2857142857142857,0.1428571428571428,0.3008275032043457,0.0508275032043457
YSEISDP,-0.100911945104599,-2.3084750175476074,0.5714285714285714,0.4285714285714285,0.2681465148925781,0.1181465148925781
YYRRSNN,-3.154005289077759,0.9878677725791931,0.2857142857142857,0.0,0.2654743194580078,0.0154743194580078
YHHRANS,0.5382179021835327,0.7568179368972778,0.5714285714285714,0.2857142857142857,0.5936070084571838,0.4436070084571838
YYWRSSN,-2.893373966217041,1.85149085521698,0.5714285714285714,0.1428571428571428,0.2950663268566131,0.1450663268566131
FEKRMNN,1.3347153663635254,-2.8319687843322754,0.7142857142857143,0.2857142857142857,0.2125640511512756,0.1125640511512756
YYRDANS,-0.3364306390285492,-0.47473034262657166,0.5714285714285714,0.2857142857142857,0.4628461599349975,0.3128461599349975
YHRSNVN,1.311697006225586,0.7830029726028442,0.4285714285714285,0.1428571428571428,0.5963872671127319,0.396387267112732
YRHRSSH,-4.444765090942383,1.0515062808990479,0.7142857142857143,0.2857142857142857,0.1189217865467071,0.0189217865467071
YSRNLND,2.345395088195801,1.7041794061660767,0.4285714285714285,0.2857142857142857,0.6941940784454346,0.4941940784454346
SYTLGNN,0.22458574175834656,-1.611023187637329,0.5714285714285714,0.4285714285714285,0.3421991765499115,0.1921991765499115
YSSRSNN,2.5225963592529297,-0.9731555581092834,0.4285714285714285,0.1428571428571428,0.4099254012107849,0.2099254012107849
NYHRSEN,0.7356020212173462,0.28675559163093567,0.5714285714285714,0.1428571428571428,0.543697714805603,0.393697714805603
YHRRSNN,-2.949784517288208,1.4256759881973267,0.1428571428571428,0.0,0.2886614799499511,0.0
MHRRSNN,-2.7730069160461426,0.4311334192752838,0.2857142857142857,0.1428571428571428,0.3087327778339386,0.0587327778339386
YSHRSKN,-2.4046707153320312,0.9460275173187256,0.5714285714285714,0.1428571428571428,0.3505535721778869,0.2005535721778869
YYHRKTN,-3.2462878227233887,0.8173738121986389,0.5714285714285714,0.1428571428571428,0.2549965679645538,0.1049965679645538
LHRRISN,-3.049142599105835,1.6081539392471313,0.2857142857142857,0.2857142857142857,0.2773804068565368,0.0273804068565368
YYRSKSN,-2.2313599586486816,0.7163963913917542,0.4285714285714285,0.1428571428571428,0.3702312111854553,0.1702312111854553
YYRRSPN,-3.3544187545776367,0.7752736806869507,0.4285714285714285,0.1428571428571428,0.2427194267511367,0.0427194267511367
YHRVSNT,1.2762795686721802,2.081510066986084,0.2857142857142857,0.1428571428571428,0.7342575192451477,0.4842575192451477
YHHRSNS,-0.0952514037489891,1.3407269716262817,0.4285714285714285,0.1428571428571428,0.6127644181251526,0.4127644181251526
MYHSKDV,1.1106572151184082,-2.315859317779541,0.5714285714285714,0.5714285714285714,0.2673624753952026,0.1173624753952026
YHHLGGN,0.6110624074935913,-0.7716816663742065,0.4285714285714285,0.1428571428571428,0.4313170611858368,0.2313170611858368
YSRSGSN,2.758145809173584,2.9118716716766357,0.2857142857142857,0.0,0.8224220275878906,0.5724220275878906
YMSTSNN,0.73796147108078,-3.4359982013702393,0.4285714285714285,0.2857142857142857,0.1484306454658508,0.0
YAHSNIG,1.1845898628234863,-0.9655453562736511,0.5714285714285714,0.4285714285714285,0.4107334017753601,0.2607334017753601
QSRRRVN,-3.6550183296203613,0.25769665837287903,0.4285714285714285,0.2857142857142857,0.208589419722557,0.008589419722557
NYRRLSN,-3.4715991020202637,-0.20887434482574463,0.5714285714285714,0.2857142857142857,0.2294147908687591,0.0794147908687591
YVRRSEN,0.6067039370536804,0.8023322820663452,0.4285714285714285,0.2857142857142857,0.5984395742416382,0.3984395742416382
THKSSNN,1.720813274383545,-2.1441829204559326,0.4285714285714285,0.2857142857142857,0.2855904102325439,0.0855904102325439
YHSRKSN,-2.7051711082458496,0.957137942314148,0.5714285714285714,0.2857142857142857,0.3164348304271698,0.1664348304271698
YYSRNNI,-0.20522135496139526,-0.417092889547348,0.5714285714285714,0.1428571428571428,0.4689658880233764,0.3189658880233764
YHQRSTQ,0.1335691660642624,-0.27307260036468506,0.5714285714285714,0.2857142857142857,0.4842573702335357,0.3342573702335357
MYRRLDN,-1.4661781787872314,-0.7597545981407166,0.7142857142857143,0.2857142857142857,0.4325834512710571,0.3325834512710571
YYHRSNH,-1.4985251426696777,0.8917713165283203,0.5714285714285714,0.1428571428571428,0.4534370899200439,0.3034370899200439
YERRASN,0.30400586128234863,-2.2435648441314697,0.4285714285714285,0.1428571428571428,0.2750384211540222,0.0750384211540222
YWRIGNN,-2.1842334270477295,1.9492918252944946,0.2857142857142857,0.2857142857142857,0.3755819499492645,0.1255819499492645
YSELGNG,0.08387720584869385,-2.8145227432250977,0.5714285714285714,0.2857142857142857,0.2144164144992828,0.0644164144992828
YHHRSNN,0.15554393827915192,1.2076259851455688,0.2857142857142857,0.0,0.6412396430969238,0.3912396430969238
TYHRQNN,0.06856352090835571,0.23764711618423462,0.5714285714285714,0.1428571428571428,0.5384835600852966,0.3884835600852966
YMRRSLN,-3.176051616668701,0.5956412553787231,0.4285714285714285,0.1428571428571428,0.2629711627960205,0.0629711627960205
YYRSMNN,-0.6087273955345154,-0.3415420651435852,0.4285714285714285,0.0,0.4769875407218933,0.2769875407218933
YYHKSNN,0.5163589119911194,0.020268311724066734,0.4285714285714285,0.1428571428571428,0.515403151512146,0.315403151512146
YAHRANN,1.735138177871704,0.13655100762844086,0.5714285714285714,0.2857142857142857,0.5277495384216309,0.3777495384216308
YHHRSNN,0.15554393827915192,1.2076259851455688,0.2857142857142857,0.0,0.6412396430969238,0.3912396430969238
YHRSSNN,1.5852744579315186,1.496532678604126,0.1428571428571428,0.0,0.6721469759941101,0.3721469759941101
KSHLQHN,-0.6117676496505737,-1.2603892087936401,0.5714285714285714,0.4285714285714285,0.3794280588626861,0.2294280588626861
YYHRSLN,-1.6936177015304565,1.3138822317123413,0.5714285714285714,0.0,0.4312863051891327,0.2812863051891326
YYHSGML,-2.6540751457214355,-1.1946823596954346,0.5714285714285714,0.2857142857142857,0.3222362399101257,0.1722362399101257
YHHSSNN,0.576410174369812,-0.5628306865692139,0.2857142857142857,0.0,0.4534920156002044,0.2034920156002044
YYTRHQN,-0.733851432800293,0.034949108958244324,0.4285714285714285,0.2857142857142857,0.516961932182312,0.316961932182312
YHRMSNN,2.0059430599212646,1.6266069412231445,0.1428571428571428,0.0,0.6859577298164368,0.3859577298164368
YVVRINQ,-1.5481563806533813,-1.5560331344604492,0.5714285714285714,0.4285714285714285,0.3480377793312073,0.1980377793312072
YYHMMNN,-3.1742703914642334,-1.2462331056594849,0.5714285714285714,0.1428571428571428,0.2631734311580658,0.1131734311580658
PYHRSQS,1.0340179204940796,1.6983630657196045,0.4285714285714285,0.2857142857142857,0.6935765147209167,0.4935765147209168
YYSFQNN,-1.6822525262832642,-0.9377449750900269,0.5714285714285714,0.2857142857142857,0.413685142993927,0.263685142993927
YYVRGLN,-2.112506866455078,1.2992984056472778,0.5714285714285714,0.2857142857142857,0.3837257623672485,0.2337257623672485
YYRSVAN,-0.2561190724372864,-0.4839943051338196,0.4285714285714285,0.0,0.4618625342845917,0.2618625342845917
LHKRNTN,-2.001067876815796,-0.06137746945023537,0.4285714285714285,0.4285714285714285,0.3963785171508789,0.1963785171508789
RYRLFNN,-4.273833274841309,0.2625027596950531,0.4285714285714285,0.2857142857142857,0.138329342007637,0.0
YYHKGLN,0.2663224935531616,0.9192387461662292,0.5714285714285714,0.2857142857142857,0.6108521819114685,0.4608521819114685
YYHRAEN,-0.6874901056289673,1.33561372756958,0.5714285714285714,0.0,0.5455217957496643,0.3955217957496643
YYSRSNN,0.5108199119567871,0.6452360153198242,0.4285714285714285,0.0,0.5817596912384033,0.3817596912384033
YYSRSNN,0.5108199119567871,0.6452360153198242,0.4285714285714285,0.0,0.5817596912384033,0.3817596912384033
IHSRSNW,-0.6814256310462952,0.30128371715545654,0.5714285714285714,0.0,0.5452402234077454,0.3952402234077453
YHRMSTH,-0.06618846952915192,0.6495182514190674,0.4285714285714285,0.0,0.58221435546875,0.38221435546875
YYSRSTN,0.49787479639053345,0.1907176822423935,0.5714285714285714,0.0,0.5335007905960083,0.3835007905960083
VHSRPHL,0.9171686768531799,-0.303552508354187,0.7142857142857143,0.0,0.4810211360454559,0.3810211360454559
YHRSSLV,0.3136140704154968,0.6867613196372986,0.4285714285714285,0.0,0.5861687064170837,0.3861687064170838
YYHRGNN,-0.6420488953590393,1.3694806098937988,0.5714285714285714,0.0,0.5506811738014221,0.4006811738014221
YHRLGIN,0.2642286717891693,3.2543747425079346,0.2857142857142857,0.0,0.6535797119140625,0.4035797119140625
TYTRSNH,0.5500696897506714,0.710957944393158,0.4285714285714285,0.0,0.5887377858161926,0.3887377858161926
YARSGIN,2.4597041606903076,1.7028584480285645,0.1428571428571428,0.0,0.6940538287162781,0.3940538287162781
YSRASVE,2.160579204559326,0.24136677384376526,0.5714285714285714,0.0,0.5388785004615784,0.3888785004615783
YSRSNSN,2.0445804595947266,1.2356419563293457,0.2857142857142857,0.0,0.6444466710090637,0.3944466710090637
YHHRLNE,1.111333966255188,0.2544655501842499,0.5714285714285714,0.0,0.5402692556381226,0.3902692556381225
YHHRSQN,-0.13368752598762512,1.4964889287948608,0.4285714285714285,0.0,0.6084004044532776,0.4084004044532776
VHHSFRN,-0.63363116979599,-0.21473602950572968,0.7142857142857143,0.0,0.4904513359069824,0.3904513359069824
YHRLNNN,1.513352870941162,1.7760238647460938,0.1428571428571428,0.0,0.7018222212791443,0.4018222212791443
YFHKSSN,0.23765163123607635,0.2931247055530548,0.5714285714285714,0.0,0.5443739295005798,0.3943739295005798
YHRSSTN,1.7765382528305054,1.2846540212631226,0.2857142857142857,0.0,0.6496505737304688,0.3996505737304687
HYSRPHL,-0.997702419757843,0.6550630331039429,0.7142857142857143,0.0,0.51030033826828,0.41030033826828
YHRNGSN,1.1316332817077637,0.8071867823600769,0.4285714285714285,0.0,0.598954975605011,0.398954975605011
MYHRQNN,-0.03318742662668228,-0.17866887152194977,0.7142857142857143,0.0,0.4942807853221893,0.3942807853221893
YYRSTNT,0.08838685601949692,0.31626856327056885,0.5714285714285714,0.0,0.5468312501907349,0.3968312501907348
YHRSNTT,1.0348330736160278,0.821922242641449,0.4285714285714285,0.0,0.6005195379257202,0.4005195379257202
YHRMNSN,1.209097981452942,0.8270905613899231,0.4285714285714285,0.0,0.6010683178901672,0.4010683178901673
YHRMSNT,1.1104233264923096,1.3285231590270996,0.2857142857142857,0.0,0.6543083786964417,0.4043083786964416
TYHRSTN,0.9858339428901672,1.3389791250228882,0.2857142857142857,0.0,0.6554185748100281,0.4054185748100281
YHHRGIN,-0.04735391587018967,1.7764136791229248,0.4285714285714285,0.0,0.6182026863098145,0.4182026863098145
YYRREQN,-0.4278162121772766,0.3657337725162506,0.5714285714285714,0.0,0.5520832538604736,0.4020832538604736
YHRMSMN,0.4548262655735016,1.360714316368103,0.2857142857142857,0.0,0.6577263474464417,0.4077263474464416
YHRSGNN,1.3687056303024292,1.3723726272583008,0.2857142857142857,0.0,0.6589641571044922,0.4089641571044922
YHRSGNN,1.3687056303024292,1.3723726272583008,0.2857142857142857,0.0,0.6589641571044922,0.4089641571044922
YYGRGNN,0.8077290058135986,0.40070977807044983,0.5714285714285714,0.0,0.5557968616485596,0.4057968616485595
YHRSLQN,0.5772358179092407,0.8981420993804932,0.4285714285714285,0.0,0.6086122393608093,0.4086122393608093
YSRNSNE,1.948887586593628,0.8986183404922485,0.4285714285714285,0.0,0.6086628437042236,0.4086628437042237
YHRSQVN,0.8649318814277649,0.9068423509597778,0.4285714285714285,0.0,0.6095359921455383,0.4095359921455384
YHHRSEN,0.5042349100112915,0.9122361540794373,0.4285714285714285,0.0,0.6101087331771851,0.4101087331771851
NYHRSGN,0.721435010433197,0.42788124084472656,0.5714285714285714,0.0,0.558681845664978,0.408681845664978
YHRSNIN,0.9954642057418823,0.9353341460227966,0.4285714285714285,0.0,0.6125611662864685,0.4125611662864685
YSRIDPN,0.9295765161514282,2.283599376678467,0.1428571428571428,0.0,0.7291231155395508,0.4291231155395508
YHRSASN,1.156399130821228,0.955036997795105,0.4285714285714285,0.0,0.6146531701087952,0.4146531701087952
YHRISVN,0.49588850140571594,2.2185747623443604,0.2857142857142857,0.0,0.679882287979126,0.429882287979126
QWTRSNN,-0.3919020891189575,0.8905234932899475,0.5714285714285714,0.0,0.5790827870368958,0.4290827870368957
YHRLGMN,0.5117295980453491,3.018995523452759,0.2857142857142857,0.0,0.6816808581352234,0.4316808581352234
HYHRSNN,-0.37947115302085876,0.9602186679840088,0.5714285714285714,0.0,0.5804941654205322,0.4304941654205322
YHHRSSN,0.06909715384244919,1.469557523727417,0.4285714285714285,0.0,0.6314244866371155,0.4314244866371155
YHHRSSN,0.06909715384244919,1.469557523727417,0.4285714285714285,0.0,0.6314244866371155,0.4314244866371155
YYHRSND,-0.3733210861682892,0.587036669254303,0.5714285714285714,0.0,0.575580358505249,0.425580358505249
YLHRSNS,-0.03666410222649574,0.496511310338974,0.5714285714285714,0.0,0.5659687519073486,0.4159687519073486
YHRSSQN,1.5905075073242188,1.4891531467437744,0.2857142857142857,0.0,0.6713634133338928,0.4213634133338928
QYVRNSH,-0.19575026631355286,0.01054174080491066,0.7142857142857143,0.0,0.5143704414367676,0.4143704414367676
YSRSNNN,2.000994920730591,1.495837688446045,0.2857142857142857,0.0,0.6720731854438782,0.4220731854438782
YSRSNNN,2.000994920730591,1.495837688446045,0.2857142857142857,0.0,0.6720731854438782,0.4220731854438782
HYHRHAN,-0.8078501224517822,1.0991275310516357,0.7142857142857143,0.0,0.5318561792373657,0.4318561792373657
YSRMINN,1.6125078201293945,1.01125967502594,0.4285714285714285,0.0,0.6206226348876953,0.4206226348876953
YSRSSNN,2.7260994911193848,1.5295071601867676,0.2857142857142857,0.0,0.6756480932235718,0.4256480932235718
YSRSSNN,2.7260994911193848,1.5295071601867676,0.2857142857142857,0.0,0.6756480932235718,0.4256480932235718
HYHRSAN,-0.3234393894672394,0.9606885313987732,0.5714285714285714,0.0,0.5868560075759888,0.4368560075759887
YYSRSEN,-0.24387367069721222,0.5828149914741516,0.5714285714285714,0.0,0.5751321315765381,0.425132131576538
YLHRLEN,-0.27499184012413025,0.09265440702438354,0.7142857142857143,0.0,0.523088812828064,0.423088812828064
HYHRSGN,-0.28697288036346436,1.0885565280914307,0.5714285714285714,0.0,0.5909963846206665,0.4409963846206665
PYSRVLN,-0.7315966486930847,1.9660320281982422,0.7142857142857143,0.0,0.5405139923095703,0.4405139923095703
YSRMSPN,3.1407344341278076,1.583748459815979,0.2857142857142857,0.0,0.6814071536064148,0.4314071536064148
YMHRSSN,0.12977802753448486,0.6042665243148804,0.5714285714285714,0.0,0.5774097442626953,0.4274097442626953
HHHRNNQ,-0.6919959783554077,0.4144469201564789,0.7142857142857143,0.0,0.5450102090835571,0.4450102090835571
YHRSNSN,1.4211918115615845,1.144324779510498,0.4285714285714285,0.0,0.6347509622573853,0.4347509622573853
DYSRSEN,-0.22230325639247894,1.0426416397094727,0.5714285714285714,0.0,0.5983389616012573,0.4483389616012573
AYHRSVN,-0.17527030408382416,2.1806581020355225,0.5714285714285714,0.0,0.6036791205406189,0.4536791205406189
YHRIAGS,0.9781895875930786,0.7463974952697754,0.5714285714285714,0.0,0.592500627040863,0.442500627040863
YHRLAPD,1.8962434530258179,1.7493984699249268,0.2857142857142857,0.0,0.6989952325820923,0.4489952325820923
VYHRLAN,-0.13110604882240295,2.001753091812134,0.5714285714285714,0.0,0.6086934804916382,0.4586934804916381
YSRINNN,2.7256219387054443,1.7702428102493286,0.2857142857142857,0.0,0.7012084126472473,0.4512084126472473
VYHRMGN,-0.10741344094276428,1.6518458127975464,0.5714285714285714,0.0,0.6113835573196411,0.4613835573196411
YHRISNN,1.5243713855743408,2.274240732192993,0.1428571428571428,0.0,0.7547208666801453,0.4547208666801453
IYHRMNN,0.24358779191970825,0.7935526967048645,0.5714285714285714,0.0,0.5975074172019958,0.4475074172019958
RYHVTNN,-0.5476580262184143,0.4326724410057068,0.7142857142857143,0.0,0.559190571308136,0.459190571308136
YSRLSMN,1.2503327131271362,2.709693670272827,0.1428571428571428,0.0,0.765541672706604,0.465541672706604
YSRSNTN,2.0066864490509033,1.802854061126709,0.2857142857142857,0.0,0.7046709656715393,0.4546709656715393
YHRLGGN,1.0811238288879395,1.8062593936920166,0.2857142857142857,0.0,0.705032467842102,0.455032467842102
YHRSAIN,0.9997660517692566,1.314184308052063,0.4285714285714285,0.0,0.6527859568595886,0.4527859568595886
YHRISPN,1.104738712310791,1.8533681631088257,0.2857142857142857,0.0,0.7100343704223633,0.4600343704223633
QYSRNHN,0.5490061640739441,0.3697149157524109,0.7142857142857143,0.0,0.5525059700012207,0.4525059700012207
QYHRSGN,0.5499095916748047,0.8735430836677551,0.5714285714285714,0.0,0.6060004830360413,0.4560004830360412
IYSRDMN,-0.009643858298659325,1.503144383430481,0.5714285714285714,0.0,0.6224842667579651,0.472484266757965
VYSRSVQ,0.4374621510505676,4.584359645843506,0.4285714285714285,0.0,0.6732485890388489,0.4732485890388489
YHRISSN,0.8868800401687622,2.0077829360961914,0.2857142857142857,0.0,0.7242753505706787,0.4742753505706787
QYHRSNA,1.4016252756118774,0.9112050533294678,0.5714285714285714,0.0,0.6099992394447327,0.4599992394447326
YSRASNN,2.902688980102539,1.9206920862197876,0.2857142857142857,0.0,0.7171825170516968,0.4671825170516968
IYSRSQN,0.49031347036361694,3.402162551879883,0.4285714285714285,0.0,0.6792492866516113,0.4792492866516114
YHRSGLN,1.5200046300888062,1.9538019895553589,0.2857142857142857,0.0,0.7206979990005493,0.4706979990005493
HYSRSNQ,0.05510437861084938,1.149723768234253,0.5714285714285714,0.0,0.6298357248306274,0.4798357248306274
LYSRSNN,1.1981828212738037,0.9790260195732117,0.5714285714285714,0.0,0.6172001957893372,0.4672001957893371
IYHRSND,1.2547143697738647,0.9854224920272827,0.5714285714285714,0.0,0.617879331111908,0.4678793311119079
QYLKSIN,0.8008400797843933,0.9977747201919556,0.5714285714285714,0.0,0.6191908717155457,0.4691908717155456
YSRSGLN,2.2461321353912354,1.9949901103973389,0.2857142857142857,0.0,0.7250711917877197,0.4750711917877197
YHRIGTN,0.994087278842926,2.5399651527404785,0.2857142857142857,0.0,0.7364476323127747,0.4864476323127746
YHRLANN,1.4413533210754395,3.267925262451172,0.1428571428571428,0.0,0.7872300744056702,0.4872300744056702
YSRSNGN,2.3796591758728027,2.0158302783966064,0.2857142857142857,0.0,0.7272838950157166,0.4772838950157165
YSHRSNN,1.822951078414917,1.5215983390808105,0.4285714285714285,0.0,0.6748083233833313,0.4748083233833313
YSHRSNN,1.822951078414917,1.5215983390808105,0.4285714285714285,0.0,0.6748083233833313,0.4748083233833313
VYHRSNN,0.5539344549179077,1.7630423307418823,0.4285714285714285,0.0,0.6864728331565857,0.4864728331565857
VYHRSGN,0.6420456171035767,1.527338981628418,0.4285714285714285,0.0,0.6754178404808044,0.4754178404808045
YSHRSNP,1.8686492443084717,1.0395225286483765,0.5714285714285714,0.0,0.6236234903335571,0.4736234903335571
YHRLSSN,1.456674337387085,3.728098154067993,0.1428571428571428,0.0,0.7889696955680847,0.4889696955680847
YHRISSP,1.0051320791244507,1.549371600151062,0.4285714285714285,0.0,0.677757203578949,0.477757203578949
YHRVSNN,2.1698405742645264,2.5461530685424805,0.1428571428571428,0.0,0.7835914492607117,0.4835914492607117
QYVRSQE,1.3898134231567383,1.5576248168945312,0.4285714285714285,0.0,0.6786335110664368,0.4786335110664368
VYHRMNN,0.5278504490852356,1.0673190355300903,0.5714285714285714,0.0,0.6265747547149658,0.4765747547149658
VYHRSAS,0.6437069177627563,1.9360255002975464,0.4285714285714285,0.0,0.6966655254364014,0.4966655254364014
HYSRSNN,0.2870872914791107,1.582735538482666,0.5714285714285714,0.0,0.6561750769615173,0.5061750769615173
YSRSSSN,2.5901215076446533,1.739269495010376,0.4285714285714285,0.0,0.6979197859764099,0.4979197859764099
YHRLSQN,1.6443864107131958,3.5853121280670166,0.1428571428571428,0.0,0.8102824091911316,0.5102824091911315
NYHRSSN,0.7073678374290466,1.2554062604904175,0.5714285714285714,0.0,0.6465451717376709,0.4965451717376709
QYHRSNN,0.49870648980140686,1.3024613857269287,0.5714285714285714,0.0,0.6515412926673889,0.5015412926673889
YHRLGNN,1.710896372795105,4.220418453216553,0.1428571428571428,0.0,0.8178339600563049,0.5178339600563049
VYHRQDI,0.4855618178844452,1.324009656906128,0.5714285714285714,0.0,0.6538292169570923,0.5038292169570923
VYSRSNN,0.8320099115371704,2.92356014251709,0.4285714285714285,0.0,0.7180454134941101,0.5180454134941102
VYSRSNN,0.8320099115371704,2.92356014251709,0.4285714285714285,0.0,0.7180454134941101,0.5180454134941102
YSRSQNN,1.771315336227417,1.8466640710830688,0.4285714285714285,0.0,0.7093225121498108,0.5093225121498108
NYSRSNN,1.1415168046951294,1.362898826599121,0.5714285714285714,0.0,0.6579582691192627,0.5079582691192627
NYHRSNN,0.4226987063884735,1.4816937446594238,0.5714285714285714,0.0,0.6705714464187622,0.5205714464187622
IYHRSNN,0.42777636647224426,1.9939481019973755,0.5714285714285714,0.0,0.6721488237380981,0.5221488237380981
VYSRNEN,0.45078739523887634,2.1649670600891113,0.5714285714285714,0.0,0.6747615337371826,0.5247615337371826
IYHRLNN,0.009280724450945854,1.409530758857727,0.7142857142857143,0.0,0.6246329545974731,0.5246329545974732
YHRLSNN,2.24538516998291,4.315680980682373,0.0,0.0,0.8785196542739868,0.5285196542739868
YSRSINN,2.091066837310791,1.9562560319900513,0.4285714285714285,0.0,0.7209585309028625,0.5209585309028626
VYHRSEN,1.018811821937561,1.9873669147491455,0.4285714285714285,0.0,0.7242617607116699,0.52426176071167
IYHRSGN,0.6821259260177612,1.4967525005340576,0.5714285714285714,0.0,0.6721703410148621,0.522170341014862
YHRLGSN,1.477121114730835,4.03782844543457,0.2857142857142857,0.0,0.7912911772727966,0.5412911772727966
YSRSANN,2.7788655757904053,2.5977861881256104,0.2857142857142857,0.0,0.789073646068573,0.539073646068573
YSRVLGN,1.4600673913955688,2.137068271636963,0.4285714285714285,0.0,0.7401564717292786,0.5401564717292786
YSRSGNN,2.8404319286346436,2.65136456489563,0.2857142857142857,0.0,0.794762372970581,0.544762372970581
IYSRSNN,1.209181785583496,3.098268508911133,0.4285714285714285,0.0,0.7608693838119507,0.5608693838119507
MYSRSNN,1.5054917335510254,1.7826772928237915,0.5714285714285714,0.0,0.7025286555290222,0.5525286555290222
MYSRSNN,1.5054917335510254,1.7826772928237915,0.5714285714285714,0.0,0.7025286555290222,0.5525286555290222
YSRSSAN,2.5067453384399414,2.3360517024993896,0.4285714285714285,0.0,0.7612837553024292,0.5612837553024292
YSRSLNN,2.0125224590301514,2.3630013465881348,0.4285714285714285,0.0,0.7641451358795166,0.5641451358795166
YSRSGSN,2.758145809173584,2.9118716716766357,0.2857142857142857,0.0,0.8224220275878906,0.5724220275878906
YSRLSNN,3.315321445465088,3.4239096641540527,0.1428571428571428,0.0,0.8767880797386169,0.5767880797386169
