seq,fitness_pred,htfr1_pred,ref_dist,div_prev,reward_signal,final_score
YPHRSVN,0.16972067952156067,-0.17054383456707,0.5714285714285714,0.2857142857142857,0.5293214917182922,0.3793214917182922
KSKTQPN,-2.671016216278076,-0.6958343386650085,0.5714285714285714,0.4285714285714285,0.3225243687629699,0.1725243687629699
YNSRSQG,2.596099853515625,-1.769302487373352,0.5714285714285714,0.2857142857142857,0.3619824051856994,0.2119824051856994
YYGRGSN,0.9312014579772949,-0.6845515966415405,0.5714285714285714,0.1428571428571428,0.4755212068557739,0.3255212068557739
YYHRGNM,-1.568803310394287,0.688991367816925,0.7142857142857143,0.1428571428571428,0.4472621381282806,0.3472621381282806
YYDPACS,-3.9435436725616455,0.2722090184688568,0.7142857142857143,0.2857142857142857,0.1785120666027069,0.0785120666027069
IMFTKNF,-2.117600679397583,-1.549628496170044,0.7142857142857143,0.5714285714285714,0.384975254535675,0.284975254535675
YYHYQNN,-2.1001930236816406,-0.8801184892654419,0.5714285714285714,0.1428571428571428,0.387124627828598,0.237124627828598
VYTRAVL,0.0131839569658041,3.080502986907959,0.4285714285714285,0.2857142857142857,0.6262961030006409,0.4262961030006409
WKSRSVS,-3.317945957183838,-1.2712445259094238,0.5714285714285714,0.4285714285714285,0.2493111491203308,0.0993111491203308
FSRRTLN,-2.2097864151000977,-0.2892550528049469,0.5714285714285714,0.2857142857142857,0.374721884727478,0.224721884727478
HTNLGIL,-1.0784804821014404,-3.4432671070098877,0.7142857142857143,0.4285714285714285,0.1867716908454895,0.0867716908454895
YHRQDNW,-0.31310009956359863,0.47008803486824036,0.4285714285714285,0.2857142857142857,0.5893704295158386,0.3893704295158386
YCRSAPN,-3.3919589519500732,0.9660191535949707,0.2857142857142857,0.2857142857142857,0.2409350723028183,0.0
YWHDVTA,-2.14001202583313,-0.2549881339073181,0.7142857142857143,0.4285714285714285,0.3826182782649994,0.2826182782649994
KSHRCWK,-5.520919322967529,0.9243360757827759,0.7142857142857143,0.4285714285714285,0.0,0.0
YMKRQPN,-1.450742483139038,0.00715863099321723,0.4285714285714285,0.4285714285714285,0.4606231451034546,0.2606231451034546
IYHRVEN,0.3354126214981079,0.061852484941482544,0.7142857142857143,0.1428571428571428,0.55364590883255,0.45364590883255
PYSSRVN,1.3898664712905884,-2.603436231613159,0.5714285714285714,0.2857142857142857,0.274675190448761,0.1246751904487609
YYRRVDA,-1.1282813549041748,0.461611270904541,0.5714285714285714,0.2857142857142857,0.4971161782741546,0.3471161782741546
NNSRSFN,0.6590095162391663,-2.637911796569824,0.7142857142857143,0.2857142857142857,0.2710667252540588,0.1710667252540588
IAHRSEN,0.8143585324287415,-2.3608460426330566,0.5714285714285714,0.1428571428571428,0.3000666499137878,0.1500666499137878
MYHSGIN,0.025355618447065353,-1.729774832725525,0.5714285714285714,0.2857142857142857,0.3661196827888489,0.2161196827888488
YWRSSYQ,-2.886077880859375,1.3763588666915894,0.5714285714285714,0.2857142857142857,0.298185795545578,0.148185795545578
YAHRVQQ,0.09144032746553421,-0.6995424032211304,0.7142857142857143,0.2857142857142857,0.4739521443843841,0.3739521443843842
MEHRMNI,-0.2599233388900757,-2.771500825881958,0.7142857142857143,0.4285714285714285,0.2570841908454895,0.1570841908454895
IYWRMCC,-5.0136613845825195,1.7142243385314941,0.7142857142857143,0.4285714285714285,0.0574065335094928,0.0
MYDRSNF,-0.948168933391571,-1.0269191265106201,0.5714285714285714,0.2857142857142857,0.4396862983703613,0.2896862983703613
SYSYLQN,-2.7233002185821533,0.6863966584205627,0.5714285714285714,0.2857142857142857,0.3166073858737945,0.1666073858737945
YQWQSNA,-0.7644094228744507,0.12674051523208618,0.5714285714285714,0.2857142857142857,0.5382956266403198,0.3882956266403198
YHRMPNV,-0.050153136253356934,0.48091086745262146,0.4285714285714285,0.2857142857142857,0.5975079536437988,0.3975079536437989
YGHRFMY,-2.7999460697174072,-0.5490554571151733,0.7142857142857143,0.4285714285714285,0.307933360338211,0.207933360338211
YSHRSNY,-0.8755362629890442,0.9138751029968262,0.5714285714285714,0.2857142857142857,0.5257193446159363,0.3757193446159362
VFRHRMN,-3.309293270111084,0.30339401960372925,0.5714285714285714,0.1428571428571428,0.2502903938293457,0.1002903938293457
WSRSYAN,-2.0249152183532715,-0.8480332493782043,0.5714285714285714,0.2857142857142857,0.3956438302993774,0.2456438302993774
YHMVNEN,-0.6762282252311707,-2.9167087078094482,0.5714285714285714,0.2857142857142857,0.2418855726718902,0.0918855726718902
QYCNLNF,-4.038890838623047,0.8441515564918518,0.7142857142857143,0.2857142857142857,0.1677215993404388,0.0677215993404388
VSLRGQD,1.2223085165023804,-3.5203967094421387,0.5714285714285714,0.4285714285714285,0.1786986887454986,0.0286986887454986
YIWENQN,-2.452244520187378,-0.6374942660331726,0.5714285714285714,0.4285714285714285,0.3472828269004822,0.1972828269004821
QSHRSTP,1.151533603668213,-1.6736160516738892,0.5714285714285714,0.2857142857142857,0.3719977438449859,0.2219977438449859
YTHRSAS,0.8983507752418518,0.03188636898994446,0.7142857142857143,0.2857142857142857,0.5505094528198242,0.4505094528198242
YLYHDAN,-2.0753350257873535,-0.5713846683502197,0.7142857142857143,0.2857142857142857,0.3899377882480621,0.2899377882480621
QYWIWHS,-5.086827754974365,1.8952592611312866,0.7142857142857143,0.4285714285714285,0.0491262711584568,0.0
NYTRWLT,-5.03802490234375,0.9315915107727051,0.5714285714285714,0.5714285714285714,0.0546493045985698,0.0
VKHESHN,1.3030798435211182,-2.318445920944214,0.7142857142857143,0.2857142857142857,0.3045046031475067,0.2045046031475067
KSYRRYN,-3.8280858993530273,0.2919212877750397,0.5714285714285714,0.4285714285714285,0.1915784627199173,0.0415784627199173
NDHRAYN,0.5781562328338623,-1.8916360139846802,0.7142857142857143,0.4285714285714285,0.3491779863834381,0.2491779863834381
YVHRLNN,0.23185445368289948,0.750756025314331,0.5714285714285714,0.1428571428571428,0.6257521510124207,0.4757521510124206
YSRSSTN,2.6054742336273193,1.6711663007736206,0.2857142857142857,0.1428571428571428,0.7220897674560547,0.4720897674560547
SPHQDMP,0.247555673122406,-4.495689868927002,0.7142857142857143,0.2857142857142857,0.0766165927052497,0.0
YSRHFAN,-0.20093883574008942,0.19309517741203308,0.4285714285714285,0.2857142857142857,0.5673828721046448,0.3673828721046448
RYSMQWM,-3.775925397872925,0.29429787397384644,0.7142857142857143,0.5714285714285714,0.197481483221054,0.097481483221054
HLQRPGE,1.169890284538269,-3.3857219219207764,0.7142857142857143,0.4285714285714285,0.192794844508171,0.092794844508171
RYHRINN,-4.428838729858398,0.6071180701255798,0.7142857142857143,0.2857142857142857,0.1235910877585411,0.0235910877585411
YSWSINN,-2.9018807411193848,0.8103854656219482,0.5714285714285714,0.1428571428571428,0.2963973879814148,0.1463973879814148
AYARACN,-4.3310136795043945,-0.23209375143051147,0.7142857142857143,0.2857142857142857,0.1346619725227356,0.0346619725227356
YWQAPQN,-1.730272650718689,0.03100387379527092,0.7142857142857143,0.5714285714285714,0.4289886057376861,0.3289886057376862
YPRRKNV,-2.655069351196289,0.5201097726821899,0.5714285714285714,0.1428571428571428,0.3243291079998016,0.1743291079998016
YSRRASN,-2.565019130706787,0.8759705424308777,0.2857142857142857,0.1428571428571428,0.3345201015472412,0.0845201015472412
IIDFSVQ,-2.1617932319641113,-2.4383833408355713,0.5714285714285714,0.4285714285714285,0.2919509708881378,0.1419509708881378
YSYDGLN,-1.5712262392044067,0.5478554964065552,0.4285714285714285,0.4285714285714285,0.4469879567623138,0.2469879567623138
IYSRSPN,1.3657299280166626,2.306851625442505,0.4285714285714285,0.1428571428571428,0.7793641090393066,0.5793641090393067
APHYANQ,-0.6011462211608887,-4.13627815246582,0.7142857142857143,0.4285714285714285,0.1142355352640152,0.0142355352640152
GYHRGLN,-0.2045869678258896,-0.039982106536626816,0.5714285714285714,0.1428571428571428,0.542987048625946,0.392987048625946
YSRSLNY,-1.3919100761413574,1.0321769714355469,0.5714285714285714,0.1428571428571428,0.4672811925411224,0.3172811925411224
VHSRAFQ,-0.26864272356033325,0.186370849609375,0.7142857142857143,0.1428571428571428,0.566679060459137,0.466679060459137
LRWSSTN,-1.2470793724060059,-1.0673840045928955,0.4285714285714285,0.4285714285714285,0.4354508519172668,0.2354508519172668
AALRGFQ,-0.32964128255844116,-2.4683027267456055,0.5714285714285714,0.5714285714285714,0.2888193726539612,0.1388193726539612
ILHRGSN,1.2973706722259521,-0.743484616279602,0.5714285714285714,0.1428571428571428,0.4693528413772583,0.3193528413772583
VYGNKFR,-3.181694984436035,0.2613888382911682,0.7142857142857143,0.5714285714285714,0.2647307217121124,0.1647307217121124
IYERSEM,-0.22398780286312103,-1.2695547342300415,0.5714285714285714,0.2857142857142857,0.4142900705337524,0.2642900705337524
VNSMVGS,-0.2056974470615387,-4.5859527587890625,0.7142857142857143,0.5714285714285714,0.0671689510345459,0.0
HDRSSVM,0.9654454588890076,-3.815817356109619,0.7142857142857143,0.4285714285714285,0.1477775573730468,0.0477775573730468
YDRLSDY,-1.491402268409729,-1.8877581357955933,0.4285714285714285,0.4285714285714285,0.3495838642120361,0.1495838642120361
VPHHVWT,-1.5088707208633423,-0.8876959681510925,0.7142857142857143,0.5714285714285714,0.454044759273529,0.3540447592735291
MYRRPPN,-2.3927595615386963,0.15092940628528595,0.5714285714285714,0.2857142857142857,0.3540147840976715,0.2040147840976715
VYHYGSQ,-1.7539609670639038,0.22474128007888794,0.5714285714285714,0.1428571428571428,0.4263077974319458,0.2763077974319458
MYSRIRW,-4.157472610473633,0.9063683748245239,0.7142857142857143,0.4285714285714285,0.1543016731739044,0.0543016731739044
YSRSSNE,1.8006409406661987,1.3497484922409058,0.4285714285714285,0.1428571428571428,0.6884475946426392,0.4884475946426392
YYTLANN,-1.4311577081680298,-0.08025956898927689,0.4285714285714285,0.2857142857142857,0.4628395438194275,0.2628395438194275
EMHRSRN,-1.0139391422271729,-0.5858474373817444,0.7142857142857143,0.4285714285714285,0.4858524203300476,0.3858524203300476
DCSNPQT,-3.9123520851135254,-1.6764605045318604,0.8571428571428571,0.0,0.1820420324802398,0.1320420324802398
YHQSSIE,0.5784318447113037,-3.4705169200897217,0.5714285714285714,0.2857142857142857,0.1839195042848587,0.0339195042848587
YSRRVHF,-3.3132822513580322,0.48989006876945496,0.5714285714285714,0.4285714285714285,0.2498389482498169,0.0998389482498169
YYPISYA,-2.7097129821777344,0.6342210173606873,0.7142857142857143,0.2857142857142857,0.3181450664997101,0.2181450664997101
YYHYGEK,-0.5253580808639526,0.41052839159965515,0.7142857142857143,0.2857142857142857,0.5653491616249084,0.4653491616249084
YSRSQPH,0.5988105535507202,-0.06121888756752014,0.4285714285714285,0.2857142857142857,0.5407642722129822,0.3407642722129822
YYSRYMH,-2.2213521003723145,-0.09618300944566727,0.5714285714285714,0.4285714285714285,0.3734129965305328,0.2234129965305328
YHHDIND,0.1279577910900116,-1.5523425340652466,0.5714285714285714,0.1428571428571428,0.3846912086009979,0.2346912086009979
YSRLGQR,-2.9974052906036377,1.4073567390441895,0.4285714285714285,0.1428571428571428,0.2855868339538574,0.0855868339538574
MTHRSNK,-3.9124083518981934,-0.076384536921978,0.7142857142857143,0.2857142857142857,0.1820356696844101,0.0820356696844101
YYHRVHF,-2.1630001068115234,0.21248656511306763,0.5714285714285714,0.2857142857142857,0.3800167143344879,0.2300167143344879
WSRSANF,-1.1808167695999146,-0.2550238370895386,0.5714285714285714,0.2857142857142857,0.4911707043647766,0.3411707043647766
YYSSDGN,-1.4179052114486694,-1.9314181804656982,0.5714285714285714,0.2857142857142857,0.3450140655040741,0.1950140655040741
YEFRSLT,-2.2612712383270264,0.36936965584754944,0.7142857142857143,0.4285714285714285,0.3688953518867492,0.2688953518867493
IKHRSHK,-3.4324917793273926,0.9422217011451721,0.7142857142857143,0.4285714285714285,0.2363479733467102,0.1363479733467102
VYMRSAE,0.9770064353942871,-0.43627601861953735,0.4285714285714285,0.4285714285714285,0.5015077590942383,0.3015077590942383
NYSAFNN,-1.3440446853637695,-2.049034357070923,0.7142857142857143,0.2857142857142857,0.3327034115791321,0.2327034115791321
KDHRGQN,0.29622623324394226,-1.665657877922058,0.5714285714285714,0.2857142857142857,0.3728306889533996,0.2228306889533996
YLTRAVD,0.48520517349243164,-2.327345371246338,0.7142857142857143,0.2857142857142857,0.3035731017589569,0.2035731017589569
GTDRLWA,-0.7075730562210083,-1.2778191566467285,0.7142857142857143,0.4285714285714285,0.4134250283241272,0.3134250283241272
YSHRKQE,0.4865749180316925,-0.6579650044441223,0.7142857142857143,0.2857142857142857,0.4783039689064026,0.3783039689064026
TYEFLNN,-2.556144952774048,-0.8759574890136719,0.7142857142857143,0.4285714285714285,0.3355244100093841,0.2355244100093841
YVRNWNN,-1.7737113237380981,0.04435379430651665,0.4285714285714285,0.2857142857142857,0.424072653055191,0.224072653055191
LYEVSNH,-0.0467880479991436,-3.369279623031616,0.5714285714285714,0.1428571428571428,0.1945158243179321,0.0445158243179321
IYRSYNN,-1.7627557516098022,0.15030929446220398,0.5714285714285714,0.1428571428571428,0.4253124892711639,0.2753124892711639
YIAYDHR,-1.370737075805664,-0.40638068318367004,0.7142857142857143,0.4285714285714285,0.4696773588657379,0.3696773588657379
YSRDNVQ,1.1885950565338135,0.7633023262023926,0.4285714285714285,0.2857142857142857,0.6270653605461121,0.4270653605461121
DYRRSNG,1.2328221797943115,-2.0445406436920166,0.5714285714285714,0.2857142857142857,0.3331737518310547,0.1831737518310547
YSHRSAV,1.0969607830047607,0.31227147579193115,0.5714285714285714,0.2857142857142857,0.579856812953949,0.4298568129539489
YYMKANE,-0.006124455016106367,-0.6809763312339783,0.7142857142857143,0.4285714285714285,0.4758954346179962,0.3758954346179962
GYNDSGN,-0.2408255785703659,-2.5629308223724365,0.7142857142857143,0.1428571428571428,0.2789148390293121,0.1789148390293121
YLRSTAF,-0.31925109028816223,-0.8337999582290649,0.4285714285714285,0.4285714285714285,0.4598996937274933,0.2598996937274933
YSRVSNP,2.9442138671875,1.7265992164611816,0.4285714285714285,0.1428571428571428,0.7278918027877808,0.5278918027877808
SDKHESN,0.40878283977508545,-3.9733643531799316,0.7142857142857143,0.5714285714285714,0.1312874108552932,0.0312874108552932
YSVRGKT,-3.5172572135925293,-1.584641456604004,0.5714285714285714,0.4285714285714285,0.2267550379037857,0.0767550379037857
VYHRLKH,-3.055837392807007,1.3825191259384155,0.5714285714285714,0.2857142857142857,0.2789740562438965,0.1289740562438965
VYYRNNN,-1.0704642534255981,1.176347017288208,0.5714285714285714,0.1428571428571428,0.5036593675613403,0.3536593675613403
YYRRNNK,-3.6680023670196533,0.7871620059013367,0.5714285714285714,0.2857142857142857,0.2096951603889465,0.0596951603889465
YFHYQNQ,-2.3970842361450195,-0.851290225982666,0.7142857142857143,0.4285714285714285,0.3535253405570984,0.2535253405570984
MEHRANN,1.5896916389465332,-3.078850030899048,0.5714285714285714,0.2857142857142857,0.2249145358800888,0.0749145358800888
IRHRSNN,-4.344820022583008,0.4079098403453827,0.5714285714285714,0.1428571428571428,0.1330995112657547,0.0
AYSQWEK,-0.8801053166389465,-0.8210187554359436,0.7142857142857143,0.4285714285714285,0.4612374901771545,0.3612374901771545
RRRQSTT,-3.9666223526000977,0.2641409635543823,0.7142857142857143,0.1428571428571428,0.175900250673294,0.075900250673294
LYIRRHN,-4.261264324188232,0.8472622632980347,0.5714285714285714,0.4285714285714285,0.1425555348396301,0.0
YSHSSHR,-0.8488557934761047,0.0974392294883728,0.5714285714285714,0.1428571428571428,0.528738796710968,0.378738796710968
HYSRSTS,0.7738147377967834,0.6308976411819458,0.5714285714285714,0.2857142857142857,0.6132068037986755,0.4632068037986755
NCRSINS,-3.380201816558838,-0.15321291983127594,0.7142857142857143,0.4285714285714285,0.2422656416893005,0.1422656416893005
IYHMSSN,-0.9051663279533386,-1.3217530250549316,0.5714285714285714,0.1428571428571428,0.4088265597820282,0.2588265597820282
KYSRPGE,0.6422200202941895,-1.2713676691055298,0.7142857142857143,0.2857142857142857,0.41410031914711,0.31410031914711
DYHRPVN,0.7326936721801758,-1.4341624975204468,0.5714285714285714,0.2857142857142857,0.3970608711242676,0.2470608711242675
YHHLLLC,-4.672651290893555,-0.22087903320789337,0.5714285714285714,0.4285714285714285,0.0959987491369247,0.0
FYSFSMN,-2.778306245803833,-0.24133524298667908,0.5714285714285714,0.2857142857142857,0.3103823363780975,0.1603823363780975
YQRQYKN,-2.4561171531677246,-0.38452932238578796,0.5714285714285714,0.4285714285714285,0.3468445837497711,0.1968445837497711
YYSLARN,-1.4962050914764404,-0.49219977855682373,0.5714285714285714,0.2857142857142857,0.4554781317710876,0.3054781317710876
NYSRSLG,0.30873021483421326,0.10721886903047562,0.5714285714285714,0.2857142857142857,0.5583943128585815,0.4083943128585815
MHGRSQN,0.6929333806037903,-1.5545519590377808,0.5714285714285714,0.4285714285714285,0.384459912776947,0.234459912776947
VFDRHLA,-0.6712043881416321,-2.1102750301361084,0.7142857142857143,0.5714285714285714,0.3262934386730194,0.2262934386730194
GHYFTSN,-2.2912068367004395,-1.9804728031158447,0.5714285714285714,0.4285714285714285,0.3398796021938324,0.1898796021938324
DYHRSFS,-2.2009646892547607,-0.08937057107686996,0.5714285714285714,0.2857142857142857,0.3757202625274658,0.2257202625274658
YWSLEEL,-3.6583902835845947,1.1351596117019653,0.7142857142857143,0.4285714285714285,0.2107829600572586,0.1107829600572586
VYNRVTT,1.1455293893814087,-0.8778221607208252,0.5714285714285714,0.4285714285714285,0.4552919268608093,0.3052919268608093
PLHKAQS,1.859989881515503,-2.0326950550079346,0.7142857142857143,0.4285714285714285,0.3344135880470276,0.2344135880470276
THSRIIM,-0.9655695557594299,-1.4485900402069092,0.7142857142857143,0.5714285714285714,0.3955507576465606,0.2955507576465607
IVGPSLK,-0.37137964367866516,-3.8311712741851807,0.7142857142857143,0.5714285714285714,0.1461704969406128,0.0461704969406128
YYYRVKN,-3.82655930519104,0.4420973062515259,0.7142857142857143,0.2857142857142857,0.1917512267827987,0.0917512267827987
IYHRIPN,-0.2863951027393341,1.492347002029419,0.7142857142857143,0.1428571428571428,0.5923926830291748,0.4923926830291748
QYVRSSE,0.8793430328369141,1.552398681640625,0.5714285714285714,0.2857142857142857,0.7096585631370544,0.5596585631370544
IRAHVQN,1.0108872652053833,-1.680404543876648,0.7142857142857143,0.1428571428571428,0.3712871670722961,0.2712871670722961
TYHRLTN,-0.24874937534332275,1.3648761510849,0.4285714285714285,0.1428571428571428,0.5966530442237854,0.3966530442237854
DYSRLVN,0.05845639482140541,1.7476822137832642,0.5714285714285714,0.2857142857142857,0.6314195990562439,0.4814195990562439
AYSPLMQ,-1.0048173666000366,-1.6609621047973633,0.5714285714285714,0.4285714285714285,0.3733221888542175,0.2233221888542175
VYHRASR,-4.204575538635254,1.2854492664337158,0.5714285714285714,0.1428571428571428,0.1489710211753845,0.0
YSRRGHQ,-3.573260545730591,1.5281964540481567,0.4285714285714285,0.2857142857142857,0.2204171270132064,0.0204171270132065
NTSGGFK,0.0753508135676384,-4.091832637786865,0.7142857142857143,0.0,0.1188875660300254,0.0188875660300254
QVQRTWN,-1.5014338493347168,-0.0595058798789978,0.5714285714285714,0.1428571428571428,0.4548863768577575,0.3048863768577575
YYIKINM,-1.8216822147369385,-0.392879456281662,0.7142857142857143,0.4285714285714285,0.4186437726020813,0.3186437726020813
YYSFAYS,-3.2431018352508545,0.08146259933710098,0.5714285714285714,0.4285714285714285,0.2577812969684601,0.10778129696846
MYSRSTP,1.881232500076294,0.1804964393377304,0.4285714285714285,0.2857142857142857,0.5660641193389893,0.3660641193389893
QYQNLRW,-3.1532106399536133,-0.3777809143066406,0.8571428571428571,0.1428571428571428,0.2679542899131775,0.2179542899131774
WFHCLDC,-4.803788661956787,0.5074566006660461,0.7142857142857143,0.5714285714285714,0.0811578929424285,0.0
WGSRNNQ,0.3132767677307129,-2.8444206714630127,0.7142857142857143,0.4285714285714285,0.2494518160820007,0.1494518160820007
HYSYPNN,-1.210774540901184,0.35720258951187134,0.7142857142857143,0.1428571428571428,0.4877803921699524,0.3877803921699524
IYHRSNN,0.42777636647224426,1.9939481019973755,0.5714285714285714,0.0,0.6732156872749329,0.5232156872749328
VYRHFIM,-4.104401111602783,0.06339642405509949,0.7142857142857143,0.2857142857142857,0.1603077948093414,0.0603077948093414
EVHRSGS,1.2643667459487915,-2.2404167652130127,0.5714285714285714,0.2857142857142857,0.3126717507839203,0.1626717507839203
VQHRCVT,-3.292332172393799,0.09292436391115189,0.7142857142857143,0.4285714285714285,0.25220987200737,0.15220987200737
LYSRTVS,0.7593510150909424,0.5901583433151245,0.4285714285714285,0.4285714285714285,0.6089427471160889,0.4089427471160889
VYHRSNN,0.5539344549179077,1.7630423307418823,0.4285714285714285,0.0,0.6874930262565613,0.4874930262565613
HASRANN,1.4016451835632324,-2.9068186283111572,0.7142857142857143,0.2857142857142857,0.2429207414388656,0.1429207414388656
NEHRSTI,0.44229939579963684,-2.533942699432373,0.5714285714285714,0.4285714285714285,0.2819489538669586,0.1319489538669586
RLVHGNS,0.31850743293762207,-2.9808855056762695,0.7142857142857143,0.4285714285714285,0.235168308019638,0.135168308019638
QDQRANC,-3.5105199813842773,-0.5226577520370483,0.8571428571428571,0.4285714285714285,0.2275174856185913,0.1775174856185913
FSPYMWP,-3.9980852603912354,2.2915518283843994,0.5714285714285714,0.2857142857142857,0.1723395884037017,0.0223395884037017
QLHILNN,-1.1230155229568481,-3.4551384449005127,0.7142857142857143,0.2857142857142857,0.1855291426181793,0.0855291426181793
YYLRQPL,-3.2355990409851074,0.7530410289764404,0.7142857142857143,0.2857142857142857,0.2586303651332855,0.1586303651332855
YHSYINN,-1.473273754119873,-1.3349331617355347,0.4285714285714285,0.2857142857142857,0.4074470102787018,0.2074470102787018
HYHRSSN,-0.3420448303222656,1.2202537059783936,0.5714285714285714,0.1428571428571428,0.5860947966575623,0.4360947966575622
YSRSSVN,2.4003820419311523,1.7830203771591187,0.4285714285714285,0.0,0.7337973117828369,0.533797311782837
CRHRSNF,-4.680827617645264,1.2486999034881592,0.7142857142857143,0.2857142857142857,0.0950734317302703,0.0
PWRAHHS,-2.6906418800354004,0.2620038688182831,0.7142857142857143,0.4285714285714285,0.320303350687027,0.220303350687027
LHRLNPN,2.047495126724243,1.1318602561950684,0.2857142857142857,0.2857142857142857,0.6656416058540344,0.4156416058540344
VYPRAHN,0.5775549411773682,0.029378699138760567,0.5714285714285714,0.2857142857142857,0.5502469539642334,0.4002469539642334
DTVRMNW,-1.7941793203353882,-0.5169110894203186,0.7142857142857143,0.5714285714285714,0.4217562675476074,0.3217562675476074
YWSRILH,-3.8775503635406494,0.7465521693229675,0.7142857142857143,0.4285714285714285,0.1859805583953857,0.0859805583953857
NGRSPSN,1.089028239250183,-1.4870303869247437,0.5714285714285714,0.4285714285714285,0.3915272653102875,0.2415272653102874
GYTRSNN,0.6667091846466064,-0.5226936936378479,0.4285714285714285,0.1428571428571428,0.4924626052379608,0.2924626052379608
EYYNHGN,-1.5466148853302002,-1.0923824310302734,0.7142857142857143,0.2857142857142857,0.4328343570232391,0.3328343570232391
MDRRSPN,1.286177396774292,-2.343456268310547,0.5714285714285714,0.2857142857142857,0.3018868267536163,0.1518868267536163
TYSTRYN,-0.9902307987213135,-1.3525863885879517,0.7142857142857143,0.4285714285714285,0.405599296092987,0.3055992960929871
YGGLGSN,0.6769369840621948,-1.0053517818450928,0.5714285714285714,0.2857142857142857,0.4419437050819397,0.2919437050819397
YHWLSWG,-5.126351833343506,0.49302196502685547,0.4285714285714285,0.4285714285714285,0.0446533188223838,0.0
YSHSEAN,0.30467742681503296,-0.43781211972236633,0.5714285714285714,0.2857142857142857,0.5013469457626343,0.3513469457626342
IYHRAGT,0.09654754400253296,0.7854418158531189,0.7142857142857143,0.1428571428571428,0.6293826699256897,0.5293826699256897
YSCSPNN,-3.251585006713867,-0.5842166543006897,0.5714285714285714,0.2857142857142857,0.2568212449550628,0.1068212449550628
SYSRENA,1.378257155418396,-0.6946757435798645,0.7142857142857143,0.2857142857142857,0.4744615256786346,0.3744615256786346
HVTLSLN,-1.0373419523239136,-2.9232616424560547,0.4285714285714285,0.4285714285714285,0.2411996871232986,0.0411996871232986
VYTRTQV,1.0643280744552612,4.303813457489014,0.2857142857142857,0.2857142857142857,0.745254397392273,0.4952543973922729
YYRKESD,-0.328124463558197,-0.19481030106544495,0.5714285714285714,0.0,0.5267814993858337,0.3767814993858337
VHLRLSL,-1.352247714996338,-1.372409701347351,0.5714285714285714,0.4285714285714285,0.4035243988037109,0.2535243988037109
VYTRAGM,0.7898204922676086,0.5470173358917236,0.4285714285714285,0.2857142857142857,0.6044272184371948,0.4044272184371948
YVAISNN,-0.20698577165603638,-1.3142505884170532,0.4285714285714285,0.0,0.4096118509769439,0.209611850976944
LHKWANE,1.2029988765716553,-0.4796445965766907,0.4285714285714285,0.2857142857142857,0.4969684481620788,0.2969684481620789
VYHYLND,-3.1026158332824707,-0.3138449490070343,0.7142857142857143,0.2857142857142857,0.2736801207065582,0.1736801207065582
HDGRANN,0.7733927965164185,-3.217322587966919,0.7142857142857143,0.4285714285714285,0.2104208767414093,0.1104208767414093
YPRSSSR,-3.558838367462158,-0.13180604577064514,0.5714285714285714,0.2857142857142857,0.222049281001091,0.072049281001091
FYQLHIN,-3.08113169670105,-0.35345321893692017,0.7142857142857143,0.1428571428571428,0.2761114835739136,0.1761114835739136
PWRTVEM,-3.0104193687438965,-0.5628589391708374,0.7142857142857143,0.5714285714285714,0.2841140329837799,0.1841140329837799
YSRQANL,2.574749231338501,-0.39987891912460327,0.4285714285714285,0.2857142857142857,0.5053173899650574,0.3053173899650574
YYHRSIF,-2.4214649200439453,0.7700523138046265,0.5714285714285714,0.1428571428571428,0.3507661819458008,0.2007661819458008
YIVFMYA,-4.060013771057129,-0.5618186593055725,0.7142857142857143,0.7142857142857143,0.1653311103582382,0.0653311103582382
SHDSHSN,-0.19315402209758759,-4.494577407836914,0.5714285714285714,0.2857142857142857,0.0767330303788185,0.0
CSWHDMG,-3.2564003467559814,0.05457611009478569,0.7142857142857143,0.5714285714285714,0.2562762796878814,0.1562762796878815
TYTRSAN,1.5944310426712036,1.3138066530227661,0.4285714285714285,0.1428571428571428,0.6846855878829956,0.4846855878829956
NLHRSSN,1.0420637130737305,-0.5795943140983582,0.5714285714285714,0.1428571428571428,0.4865069389343261,0.3365069389343261
IYGRSNN,0.8643203973770142,0.3182981610298157,0.5714285714285714,0.1428571428571428,0.5804876089096069,0.4304876089096069
GLTSVPN,0.2118377387523651,-4.247990608215332,0.5714285714285714,0.4285714285714285,0.1025428101420402,0.0
YHHMHDI,-1.0124210119247437,-1.1128935813903809,0.5714285714285714,0.4285714285714285,0.4306874871253967,0.2806874871253967
WYDVACS,-3.5411832332611084,0.5383040904998779,0.7142857142857143,0.2857142857142857,0.2240473181009292,0.1240473181009292
TYHRFEE,-1.1390905380249023,0.04509832337498665,0.5714285714285714,0.2857142857142857,0.4958928823471069,0.3458928823471069
YSRYSGN,1.491449236869812,1.1175072193145752,0.4285714285714285,0.1428571428571428,0.6641393303871155,0.4641393303871155
YYHSSHS,-1.170007586479187,-0.9984689950942993,0.5714285714285714,0.1428571428571428,0.442664086818695,0.292664086818695
AGFRDNL,0.1428454965353012,-3.4337515830993652,0.7142857142857143,0.4285714285714285,0.187767669558525,0.0877676695585251
FHRSGPN,1.073082447052002,-0.37779170274734497,0.4285714285714285,0.2857142857142857,0.5076292157173157,0.3076292157173157
YSRSFNN,0.29704681038856506,1.1505742073059082,0.4285714285714285,0.1428571428571428,0.6584209203720093,0.4584209203720093
PYHWSNN,-2.67913556098938,0.724727213382721,0.5714285714285714,0.2857142857142857,0.3216055035591125,0.1716055035591125
QLHREVS,1.0650638341903687,-1.997253179550171,0.7142857142857143,0.4285714285714285,0.3381232321262359,0.2381232321262359
YHRVNWN,-1.3399064540863037,1.5017204284667969,0.4285714285714285,0.2857142857142857,0.4731664955615997,0.2731664955615998
YSHMNFN,-1.354032039642334,-0.44688680768013,0.4285714285714285,0.2857142857142857,0.4715678691864013,0.2715678691864014
IYSRSNN,1.209181785583496,3.098268508911133,0.4285714285714285,0.0,0.7616475224494934,0.5616475224494935
YSRSMWP,-2.793668270111084,2.097172260284424,0.5714285714285714,0.1428571428571428,0.3086438179016113,0.1586438179016113
SAARLIA,1.0871535539627075,-4.034254550933838,0.7142857142857143,0.5714285714285714,0.1249141544103622,0.0249141544103622
YSRFFAS,-1.624794363975525,-0.12099750339984894,0.5714285714285714,0.4285714285714285,0.4409255981445312,0.2909255981445312
YVHRAAS,0.4978632926940918,-0.6547361612319946,0.7142857142857143,0.2857142857142857,0.4786419570446014,0.3786419570446014
IITRANS,1.855836033821106,-3.620889663696289,0.5714285714285714,0.4285714285714285,0.1681802719831466,0.0181802719831466
QYQYSSE,-1.6777578592300415,-0.38966506719589233,0.7142857142857143,0.2857142857142857,0.4349317550659179,0.334931755065918
YENPFTN,-2.0717079639434814,-2.146848201751709,0.5714285714285714,0.4285714285714285,0.3224654197692871,0.1724654197692871
YHRHQVN,0.06874913722276688,-0.24092333018779755,0.4285714285714285,0.4285714285714285,0.5219549536705017,0.3219549536705017
MCSRAAM,-3.7436249256134033,-0.48589518666267395,0.7142857142857143,0.2857142857142857,0.2011369317770004,0.1011369317770004
YSRREAN,1.5899657011032104,-1.0914649963378906,0.4285714285714285,0.2857142857142857,0.4329303801059723,0.2329303801059723
GGTFGNS,-0.0286240354180336,-4.343411922454834,0.7142857142857143,0.5714285714285714,0.0925552397966384,0.0
TSRRLSE,0.5411028861999512,-2.087336778640747,0.7142857142857143,0.2857142857142857,0.3286943435668945,0.2286943435668945
IYHYSNN,-2.269679546356201,-0.017631854861974716,0.5714285714285714,0.1428571428571428,0.3679437637329101,0.2179437637329101
YYSRQYK,-3.5054092407226562,0.0558491013944149,0.7142857142857143,0.2857142857142857,0.2280958741903305,0.1280958741903305
ESHKSIM,0.3553985059261322,-3.2408385276794434,0.5714285714285714,0.4285714285714285,0.2079595029354095,0.0579595029354095
YSRLLEN,1.2097229957580566,2.9445948600769043,0.2857142857142857,0.1428571428571428,0.7617087960243225,0.5117087960243225
VYDRKGK,-3.2336745262145996,0.7080156207084656,0.5714285714285714,0.4285714285714285,0.2588481605052948,0.1088481605052948
KYSQSND,0.21047444641590118,-2.2365734577178955,0.5714285714285714,0.2857142857142857,0.3130740225315094,0.1630740225315094
GYVKHHN,0.6378329992294312,0.5035706758499146,0.7142857142857143,0.4285714285714285,0.5998797416687012,0.4998797416687012
YSYGKQA,1.9966353178024292,-1.8833725452423096,0.5714285714285714,0.4285714285714285,0.3500429093837738,0.2000429093837738
PCSHINS,-3.257929801940918,-1.2278974056243896,0.8571428571428571,0.4285714285714285,0.2561031877994537,0.2061031877994537
YYHRCNN,-4.064223766326904,0.9050067067146301,0.5714285714285714,0.1428571428571428,0.1648546755313873,0.0148546755313873
TSRRLNA,-2.353743553161621,-1.0439602136611938,0.7142857142857143,0.2857142857142857,0.3584302365779876,0.2584302365779877
KSRSGSN,-2.877121925354004,0.04851173236966133,0.4285714285714285,0.1428571428571428,0.2991993427276611,0.0991993427276611
YSRLGQL,0.6266192197799683,1.3699028491973877,0.4285714285714285,0.1428571428571428,0.6905571222305298,0.4905571222305298
YYHMSAT,-2.002349853515625,-0.3718017041683197,0.5714285714285714,0.1428571428571428,0.3981975615024566,0.2481975615024566
SIWRLNN,-3.2207369804382324,0.7356001734733582,0.7142857142857143,0.2857142857142857,0.2603123188018799,0.1603123188018799
YLRISYN,-2.619879961013794,0.2297782301902771,0.4285714285714285,0.2857142857142857,0.3283115029335022,0.1283115029335022
VQDRLST,0.47406259179115295,-3.8520050048828125,0.5714285714285714,0.4285714285714285,0.1439898759126663,0.0
TSHESID,-1.0704200267791748,-4.278323650360107,0.5714285714285714,0.4285714285714285,0.0993679016828537,0.0
ATHFKAR,-3.7031707763671875,-0.6700147390365601,0.7142857142857143,0.4285714285714285,0.205715149641037,0.105715149641037
VTHVEFV,-2.2479419708251953,-2.9338929653167725,0.7142857142857143,0.5714285714285714,0.2400869280099868,0.1400869280099869
MTHDAVN,0.5130632519721985,-4.302845478057861,0.7142857142857143,0.4285714285714285,0.0968012511730194,0.0
YSTRKNN,-1.555338740348816,-0.9261054396629333,0.5714285714285714,0.2857142857142857,0.4487859308719635,0.2987859308719635
YVAEYHP,-1.1848737001419067,-1.197304368019104,0.5714285714285714,0.5714285714285714,0.4218523800373077,0.2718523800373077
YYSRGRQ,-3.114659309387207,-0.03649159148335457,0.7142857142857143,0.2857142857142857,0.2723171710968017,0.1723171710968017
DLITLNN,-0.9421776533126831,-3.9970648288726807,0.7142857142857143,0.4285714285714285,0.1288067400455474,0.0288067400455474
HKLQSTK,-2.562535047531128,0.19462838768959045,0.7142857142857143,0.5714285714285714,0.3348012268543243,0.2348012268543243
NFERLSH,0.018030479550361633,-2.1740403175354004,0.7142857142857143,0.4285714285714285,0.3196192681789398,0.2196192681789398
ESSSMVN,-1.3618274927139282,-5.19638729095459,0.5714285714285714,0.4285714285714285,0.003275919239968,0.0
MHFRSSH,-0.6544044613838196,0.42287448048591614,0.5714285714285714,0.2857142857142857,0.550744891166687,0.400744891166687
QEHRWWG,-2.7959065437316895,1.0383100509643555,0.7142857142857143,0.4285714285714285,0.3083904981613159,0.2083904981613159
IYITGSN,-0.594007670879364,-2.785151720046997,0.5714285714285714,0.2857142857142857,0.2556553781032562,0.1056553781032562
HYTISIC,-3.716789960861206,0.5060131549835205,0.5714285714285714,0.5714285714285714,0.2041738629341125,0.0541738629341125
SPHRPEP,1.1906934976577759,-3.7978689670562744,0.7142857142857143,0.4285714285714285,0.1496561914682388,0.0496561914682388
IYHIQNI,-2.3122494220733643,-1.9303185939788818,0.5714285714285714,0.1428571428571428,0.3451291620731354,0.1951291620731353
MYYRSNK,-3.6949374675750732,0.9644312858581543,0.5714285714285714,0.2857142857142857,0.2066469043493271,0.056646904349327
QVHVSPN,0.22393901646137238,-4.05600643157959,0.5714285714285714,0.1428571428571428,0.122637428343296,0.0
HHHRQAN,-0.27731892466545105,0.5699436664581299,0.5714285714285714,0.2857142857142857,0.5934197902679443,0.4434197902679443
FNHSNVN,1.2475266456604004,-3.7221732139587402,0.7142857142857143,0.4285714285714285,0.1575791239738464,0.0575791239738464
YSRSPSD,1.499096155166626,0.460734099149704,0.4285714285714285,0.2857142857142857,0.595396101474762,0.395396101474762
MYWKLNA,-2.6244184970855713,0.16407489776611328,0.7142857142857143,0.4285714285714285,0.3277978599071502,0.2277978599071503
VPDRTVV,1.1674461364746094,-3.32429575920105,0.5714285714285714,0.5714285714285714,0.1992242038249969,0.0492242038249969
YTSRSQN,2.1083526611328125,-0.4688805937767029,0.5714285714285714,0.1428571428571428,0.4980950951576233,0.3480950951576232
YHRRGAS,-3.488433361053467,1.2456034421920776,0.4285714285714285,0.2857142857142857,0.2300170361995697,0.0300170361995697
YHSRHNN,0.07356563955545425,0.28902751207351685,0.4285714285714285,0.0,0.5774239301681519,0.3774239301681519
IYVRSWY,-4.263280391693115,2.0732219219207764,0.5714285714285714,0.2857142857142857,0.1423273682594299,0.0
HYYRSGE,-1.0616892576217651,0.1737484633922577,0.5714285714285714,0.2857142857142857,0.5046523809432983,0.3546523809432983
YQTRSPN,1.557097315788269,-1.2430617809295654,0.4285714285714285,0.2857142857142857,0.4170630276203155,0.2170630276203155
SSRSINN,0.8319281935691833,-2.475358247756958,0.5714285714285714,0.1428571428571428,0.2880808711051941,0.1380808711051941
YYHWSHQ,-2.2565207481384277,0.5324035286903381,0.5714285714285714,0.2857142857142857,0.3694329559803009,0.2194329559803009
TDHNHSL,-0.8253421187400818,-4.166633129119873,0.7142857142857143,0.5714285714285714,0.1110583394765853,0.0110583394765853
YSRSSNQ,2.235509157180786,2.0813941955566406,0.4285714285714285,0.1428571428571428,0.7650275230407715,0.5650275230407715
GSRSINN,0.8492881655693054,-2.2340049743652344,0.5714285714285714,0.1428571428571428,0.3133428692817688,0.1633428692817688
SYSRSNN,1.0727022886276245,2.1194589138031006,0.5714285714285714,0.0,0.7462021112442017,0.5962021112442016
WDHSQNN,-0.3680495321750641,-2.3241875171661377,0.7142857142857143,0.4285714285714285,0.3039036393165588,0.2039036393165588
YSRHSNN,1.93325674533844,1.8747100830078125,0.2857142857142857,0.1428571428571428,0.7433943152427673,0.4933943152427673
YSRSSPN,2.597914934158325,2.374415636062622,0.2857142857142857,0.0,0.7956975698471069,0.5456975698471069
YFERPEV,-0.6703819632530212,-0.8953126072883606,0.7142857142857143,0.1428571428571428,0.4534612596035003,0.3534612596035004
ASCREWG,-3.948643922805786,-0.6377078890800476,0.5714285714285714,0.1428571428571428,0.1779348701238632,0.0279348701238632
YLHRNEN,0.5089449882507324,-0.7413545846939087,0.5714285714285714,0.0,0.4695757925510406,0.3195757925510406
VYSRHAN,0.3505356013774872,1.8857260942459106,0.5714285714285714,0.1428571428571428,0.6644743084907532,0.5144743084907532
IYSHNDY,-2.024122953414917,0.36907660961151123,0.5714285714285714,0.4285714285714285,0.3957334756851196,0.2457334756851196
AHRKDKL,-1.1203845739364624,0.7193198800086975,0.7142857142857143,0.5714285714285714,0.4980098009109497,0.3980098009109497
YSRLINH,-0.5213450789451599,1.6215864419937134,0.4285714285714285,0.2857142857142857,0.5658032894134521,0.3658032894134522
CPLVYNN,-3.7084801197052,-0.47293397784233093,0.7142857142857143,0.5714285714285714,0.2051142901182174,0.1051142901182174
YYLISQS,-3.1810386180877686,-0.4708458483219147,0.5714285714285714,0.4285714285714285,0.2648049890995025,0.1148049890995025
FYHRHVA,-1.2927340269088745,-0.257291704416275,0.7142857142857143,0.2857142857142857,0.4785049855709076,0.3785049855709076
IYSRWNN,-2.661980152130127,1.647097110748291,0.5714285714285714,0.1428571428571428,0.3235470056533813,0.1735470056533813
CHRHKNN,-3.8764994144439697,0.8793095350265503,0.4285714285714285,0.4285714285714285,0.1860994845628738,0.0
SKIRPHL,-2.5131888389587402,-1.3673186302185059,0.7142857142857143,0.2857142857142857,0.340385764837265,0.240385764837265
VFHLSNN,-0.8185941576957703,-2.663241147994995,0.4285714285714285,0.1428571428571428,0.2684155404567718,0.0684155404567718
YSRSLHG,0.5131574869155884,-0.2396302968263626,0.5714285714285714,0.2857142857142857,0.5220903158187866,0.3720903158187866
YYRSSIN,-0.8391814231872559,0.5958173274993896,0.4285714285714285,0.2857142857142857,0.5298336744308472,0.3298336744308472
YSHLHVC,-4.030048370361328,0.4528120756149292,0.5714285714285714,0.4285714285714285,0.168722316622734,0.018722316622734
YYHLSAR,-2.249411106109619,0.06458460539579391,0.5714285714285714,0.2857142857142857,0.3702375590801239,0.2202375590801239
YWRSSQN,-1.8203721046447754,2.0851402282714844,0.4285714285714285,0.2857142857142857,0.4187920391559601,0.2187920391559601
HYHRQRN,-3.1192545890808105,0.992780864238739,0.7142857142857143,0.2857142857142857,0.2717971205711365,0.1717971205711365
MYSRDTA,1.380401849746704,-0.34700384736061096,0.5714285714285714,0.4285714285714285,0.5108516812324524,0.3608516812324523
TSRLSMV,0.8987324237823486,-3.5313446521759033,0.4285714285714285,0.4285714285714285,0.1775527894496917,0.0
YLHIQNN,-0.9547398686408997,-2.6094651222229004,0.5714285714285714,0.2857142857142857,0.2740441560745239,0.1240441560745239
IYHRLNM,-2.2443253993988037,0.7073147296905518,0.7142857142857143,0.2857142857142857,0.3708131015300751,0.2708131015300751
ASRSQAN,1.5337756872177124,-2.857370376586914,0.5714285714285714,0.1428571428571428,0.2480963915586471,0.0980963915586471
AMHINFP,-2.0085043907165527,-2.082277536392212,0.5714285714285714,0.5714285714285714,0.3292239010334015,0.1792239010334015
AYHRGNN,0.13890312612056732,0.0362548902630806,0.5714285714285714,0.1428571428571428,0.5509666800498962,0.4009666800498962
PYPHHSN,0.013415017165243626,-2.0303988456726074,0.7142857142857143,0.4285714285714285,0.3346539437770843,0.2346539437770843
KNRDVTV,0.31195273995399475,-4.824352264404297,0.7142857142857143,0.4285714285714285,0.0422161221504211,0.0
ISRFVEP,-0.33189454674720764,-2.7385613918304443,0.5714285714285714,0.4285714285714285,0.2605319023132324,0.1105319023132324
QQSRTSF,0.7949768900871277,-2.5243496894836426,0.7142857142857143,0.4285714285714285,0.2829530537128448,0.1829530537128448
YSNDQFW,-1.9363434314727783,-0.8851515054702759,0.7142857142857143,0.5714285714285714,0.4056675136089325,0.3056675136089325
VTPRLNN,1.639513373374939,-4.197420597076416,0.5714285714285714,0.2857142857142857,0.1078358739614486,0.0
MSGESTN,-0.618750274181366,-5.227685451507568,0.5714285714285714,0.4285714285714285,0.0,0.0
LYSDNVH,-0.33644726872444153,-2.764098644256592,0.5714285714285714,0.2857142857142857,0.2578589618206024,0.1078589618206024
SYHRSWN,-3.464273452758789,2.0801966190338135,0.5714285714285714,0.1428571428571428,0.2327512204647064,0.0827512204647064
YYHGAPN,-1.0483189821243286,-1.2684028148651123,0.4285714285714285,0.1428571428571428,0.4144106209278106,0.2144106209278106
YEEFSAI,-2.4701449871063232,-1.5417686700820923,0.5714285714285714,0.4285714285714285,0.345257043838501,0.1952570438385009
CVGNAHD,-3.134071111679077,-1.3212289810180664,0.7142857142857143,0.5714285714285714,0.2701203227043152,0.1701203227043152
GYHRNNA,1.2600135803222656,-0.5186383128166199,0.7142857142857143,0.1428571428571428,0.4928870797157287,0.3928870797157288
YYSRIRN,-3.173313856124878,-0.051957882940769196,0.7142857142857143,0.1428571428571428,0.2656792104244232,0.1656792104244232
VYHRGAC,-2.785881996154785,0.8176749348640442,0.5714285714285714,0.2857142857142857,0.3095249831676483,0.1595249831676483
NYSRSYC,-4.099530220031738,0.9381679892539978,0.5714285714285714,0.2857142857142857,0.1608590334653854,0.0108590334653854
NNDEGAG,-0.7709534168243408,-4.859449863433838,0.5714285714285714,0.7142857142857143,0.0385425239801406,0.0
PTYPREF,-1.3742636442184448,-2.4703011512756348,0.7142857142857143,0.7142857142857143,0.2886101901531219,0.1886101901531219
KYRRATV,-4.33214807510376,0.2308180034160614,0.5714285714285714,0.4285714285714285,0.1345335990190506,0.0
YSIRDEP,0.9104968309402466,-3.4618451595306396,0.7142857142857143,0.2857142857142857,0.1848271638154983,0.0848271638154983
RIHAHNK,-3.551339626312256,-0.039698295295238495,0.7142857142857143,0.5714285714285714,0.2228979170322418,0.1228979170322418
QHWTSGE,-0.9489818215370178,-3.0396921634674072,0.7142857142857143,0.4285714285714285,0.2290131151676178,0.1290131151676178
IYRGSAT,1.4956786632537842,-2.2996959686279297,0.5714285714285714,0.2857142857142857,0.3064671158790588,0.1564671158790588
SYKRHIL,-3.817944049835205,-0.14302457869052887,0.7142857142857143,0.2857142857142857,0.1927262246608734,0.0927262246608734
YGAWQQV,-1.96736741065979,-1.0367602109909058,0.7142857142857143,0.5714285714285714,0.4021565318107605,0.3021565318107605
VYHYIYH,-3.3494718074798584,-0.36652714014053345,0.7142857142857143,0.4285714285714285,0.2457433640956878,0.1457433640956879
YYHWSSL,-4.089073657989502,1.189436435699463,0.5714285714285714,0.1428571428571428,0.1620423942804336,0.0120423942804336
YLSNNAG,0.8644593954086304,-4.20004415512085,0.7142857142857143,0.2857142857142857,0.1075612679123878,0.0073544103652238
YYHVPAN,-1.30897855758667,-1.3921809196472168,0.7142857142857143,0.2857142857142857,0.4014550149440765,0.3014550149440765
RYSTINN,0.5644621849060059,-2.0326144695281982,0.7142857142857143,0.2857142857142857,0.3344220519065857,0.2344220519065857
IYHRSIN,-0.41166236996650696,2.0200796127319336,0.5714285714285714,0.1428571428571428,0.5782161355018616,0.4282161355018615
KYIYSAN,-1.5894479751586914,-0.6099862456321716,0.7142857142857143,0.4285714285714285,0.4449257850646972,0.3449257850646973
VYKRTHN,-2.9844868183135986,0.8067175149917603,0.4285714285714285,0.4285714285714285,0.2870488166809082,0.0870488166809082
IYHRSSP,0.7019376754760742,1.525890588760376,0.4285714285714285,0.1428571428571428,0.7042425870895386,0.5042425870895386
WYHHSWN,-2.077279806137085,0.2347555011510849,0.5714285714285714,0.2857142857142857,0.389717698097229,0.239717698097229
YSRSTPM,1.739123821258545,-0.8813760876655579,0.4285714285714285,0.2857142857142857,0.4549199640750885,0.2549199640750885
IYYMSNF,-3.5790371894836426,0.13788944482803345,0.5714285714285714,0.0,0.21976338326931,0.06976338326931
VYGIVAE,-1.5299755334854126,-1.1318238973617554,0.7142857142857143,0.4285714285714285,0.4287060797214508,0.3287060797214508
FSHRSST,0.594380795955658,-0.8383514285087585,0.7142857142857143,0.2857142857142857,0.459423303604126,0.359423303604126
YYHRSNN,-0.9529139399528503,1.031571388244629,0.4285714285714285,0.0,0.5169625282287598,0.3169625282287598
VYKDVQG,1.4482172727584839,-2.6021480560302734,0.5714285714285714,0.4285714285714285,0.2748100459575653,0.1248100459575653
SYLSIVL,-2.8446204662323,-0.971138060092926,0.7142857142857143,0.2857142857142857,0.3028775453567505,0.2028775453567505
FTVYGIN,-3.090054750442505,0.11990831047296524,0.7142857142857143,0.1428571428571428,0.2751016616821289,0.1751016616821289
SSRSWPN,-2.294292449951172,-0.00634418148547411,0.4285714285714285,0.2857142857142857,0.3651583194732666,0.1651583194732666
IFSENNS,-0.8639945983886719,-3.9388267993927,0.7142857142857143,0.4285714285714285,0.1349024027585983,0.0349024027585983
YHRFGSN,-0.12145300209522247,2.099233865737915,0.4285714285714285,0.1428571428571428,0.6110592484474182,0.4110592484474182
VYHTGNG,1.1620495319366455,-2.5685153007507324,0.5714285714285714,0.2857142857142857,0.2783302962779999,0.1283302962779998
YTYALQN,-2.0793895721435547,0.14491744339466095,0.7142857142857143,0.4285714285714285,0.3894789516925812,0.2894789516925812
DYFNLSA,-2.8790054321289062,-1.2273955345153809,0.7142857142857143,0.5714285714285714,0.2989861965179443,0.1989861965179443
YMRDSQP,0.7968564033508301,-2.281034231185913,0.5714285714285714,0.4285714285714285,0.3084204196929931,0.1584204196929931
YCSAEQT,-3.7071616649627686,-1.2962462902069092,0.7142857142857143,0.4285714285714285,0.2052634954452514,0.1052634954452514
SDRRAQN,0.8999430537223816,-2.971342086791992,0.5714285714285714,0.4285714285714285,0.2361671924591064,0.0861671924591064
QYRHFNM,-2.9698171615600586,-0.3976362347602844,0.7142857142857143,0.2857142857142857,0.2887089848518371,0.1887089848518371
YYLFGAQ,-3.3262181282043457,0.1891290694475174,0.7142857142857143,0.4285714285714285,0.2483749836683273,0.1483749836683273
KYWMAYR,-5.050546646118164,0.9457632899284363,0.5714285714285714,0.4285714285714285,0.0532322153449058,0.0
LYWIAVT,-3.762946605682373,0.6386004090309143,0.5714285714285714,0.5714285714285714,0.1989502906799316,0.0489502906799316
SLTRLLM,-1.4013452529907227,-1.0885218381881714,0.5714285714285714,0.5714285714285714,0.4332384169101715,0.2832384169101715
IQRASSN,2.047809362411499,-3.536736011505127,0.4285714285714285,0.4285714285714285,0.1769884824752807,0.0
ASCRGQS,-3.389087677001953,-0.03420547395944595,0.7142857142857143,0.4285714285714285,0.2412600219249725,0.1412600219249725
GYSMSVN,-0.22454790771007538,-2.0054030418395996,0.4285714285714285,0.2857142857142857,0.3372702002525329,0.1372702002525329
KYHYWSE,-2.106452703475952,-0.19246210157871246,0.4285714285714285,0.2857142857142857,0.3864161968231201,0.1864161968231201
YYHRGNS,-0.9381083250045776,0.9371849894523621,0.5714285714285714,0.0,0.5186380743980408,0.3686380743980407
GYHRSPN,0.8013797998428345,-0.2080705761909485,0.5714285714285714,0.1428571428571428,0.5253936052322388,0.3753936052322387
SYARMNR,-4.107573509216309,0.2206108123064041,0.5714285714285714,0.1428571428571428,0.1599487662315368,0.0099487662315368
YFEHPPN,-1.3735899925231934,-1.8965469598770142,0.5714285714285714,0.5714285714285714,0.3486639857292175,0.1986639857292175
HSNPFAN,-0.5932208895683289,-3.0665085315704346,0.7142857142857143,0.4285714285714285,0.2262063026428222,0.1262063026428223
GVHRHYP,-1.2392324209213257,-0.597744345664978,0.5714285714285714,0.4285714285714285,0.4845597743988037,0.3345597743988037
TYSISWQ,-3.7603559494018555,0.846742570400238,0.5714285714285714,0.4285714285714285,0.1992434859275818,0.0492434859275817
YQFNMSN,-1.891122817993164,-0.5295518040657043,0.5714285714285714,0.4285714285714285,0.4107851386070251,0.2607851386070251
LDKSLNL,1.120835542678833,-3.2268476486206055,0.5714285714285714,0.4285714285714285,0.2094239145517349,0.0594239145517349
NYSRSPN,1.3461954593658447,0.7908239364624023,0.5714285714285714,0.1428571428571428,0.6299459934234619,0.4799459934234619
YHYRANN,-0.8328330516815186,0.04457644000649452,0.4285714285714285,0.2857142857142857,0.5305521488189697,0.3305521488189697
YMHRSYP,-1.531787633895874,0.13505759835243225,0.5714285714285714,0.0,0.4514512121677398,0.3014512121677398
SYTRSNM,1.333539366722107,1.0877436399459839,0.4285714285714285,0.2857142857142857,0.6610240340232849,0.4610240340232849
SHSFLNQ,-1.3208551406860352,-2.4747872352600098,0.5714285714285714,0.4285714285714285,0.2881406545639038,0.1381406545639038
YYSRLNN,-1.3833446502685547,0.693981409072876,0.5714285714285714,0.0,0.468250572681427,0.318250572681427
WIHRSRT,-4.1896891593933105,-0.11695946753025055,0.7142857142857143,0.4285714285714285,0.1506557166576385,0.0506557166576385
TYTRSEP,0.9813578128814697,3.1239893436431885,0.2857142857142857,0.1428571428571428,0.7358646392822266,0.4858646392822265
GHTASIN,-0.16702330112457275,-3.8685293197631836,0.5714285714285714,0.5714285714285714,0.1422602981328964,0.0
RYHRVNN,-4.264307022094727,0.4622459411621094,0.7142857142857143,0.1428571428571428,0.1422111839056015,0.0422111839056015
SYHRPNN,0.5521334409713745,1.0383319854736328,0.7142857142857143,0.1428571428571428,0.655852198600769,0.5558521986007691
YWHRSYI,-2.719355583190918,1.6118807792663574,0.7142857142857143,0.2857142857142857,0.3170537948608398,0.2170537948608398
ATEQANN,-0.9943947792053223,-5.126808166503906,0.7142857142857143,0.4285714285714285,0.0105586349964141,0.0
LRRNCSN,-4.954339981079102,0.5410023331642151,0.4285714285714285,0.5714285714285714,0.0641199499368667,0.0
MYSHGYK,-1.2514145374298096,-0.4062405824661255,0.7142857142857143,0.5714285714285714,0.4831810891628265,0.3831810891628265
FWTRANN,-1.5468063354492188,-0.03662385046482086,0.7142857142857143,0.2857142857142857,0.4497515559196472,0.3497515559196472
HYSYSNN,-1.2658441066741943,0.3566473722457886,0.5714285714285714,0.2857142857142857,0.4815481603145599,0.3315481603145599
IHFLSQI,-2.576425552368164,-1.8389614820480347,0.5714285714285714,0.2857142857142857,0.3332292437553406,0.1832292437553405
YWGRSNN,-1.516760230064392,1.1985701322555542,0.4285714285714285,0.2857142857142857,0.4531518518924713,0.2531518518924713
MKSKSLQ,-2.637601137161255,-0.9107281565666199,0.5714285714285714,0.4285714285714285,0.3263059854507446,0.1763059854507446
PSHRSLN,0.5596905946731567,-1.4421074390411377,0.5714285714285714,0.2857142857142857,0.3962292969226837,0.2462292969226837
PYHWPAN,-3.0408287048339844,0.870782196521759,0.5714285714285714,0.2857142857142857,0.2806725800037384,0.1306725800037384
TYSRSST,1.2296098470687866,1.3705421686172485,0.5714285714285714,0.2857142857142857,0.6906239986419678,0.5406239986419678
YSHQSTN,1.4118014574050903,-2.2563796043395996,0.5714285714285714,0.1428571428571428,0.3110009729862213,0.1610009729862213
QYSRYNS,-1.4968620538711548,1.528783917427063,0.5714285714285714,0.1428571428571428,0.4554037749767303,0.3054037749767303
SHRNTNA,1.5665185451507568,-2.7898316383361816,0.5714285714285714,0.4285714285714285,0.255165547132492,0.105165547132492
YYVILNK,-2.888272762298584,-0.12835118174552917,0.7142857142857143,0.2857142857142857,0.2979373931884765,0.1979373931884765
YCHRGEQ,-3.6612179279327393,1.4640190601348877,0.7142857142857143,0.2857142857142857,0.2104629576206207,0.1104629576206207
IYSWSNN,-3.1959683895111084,0.03579440712928772,0.4285714285714285,0.1428571428571428,0.2631153762340545,0.0631153762340545
RSHRSSD,-2.2852225303649902,-0.5784643888473511,0.7142857142857143,0.4285714285714285,0.3661847710609436,0.2661847710609436
VKQRTEP,1.0665886402130127,-2.747072696685791,0.5714285714285714,0.4285714285714285,0.2596410512924194,0.1096410512924194
QYHRGNY,-1.9445897340774536,0.9629541635513306,0.7142857142857143,0.2857142857142857,0.4047342836856842,0.3047342836856842
MTSRPNN,1.6649589538574219,-3.574620008468628,0.7142857142857143,0.2857142857142857,0.1730232387781143,0.0730232387781143
IPHMGFN,-1.3532474040985107,-2.4358038902282715,0.5714285714285714,0.2857142857142857,0.2922209501266479,0.1422209501266479
MYTREHN,0.706142008304596,-1.381504774093628,0.5714285714285714,0.4285714285714285,0.4025724530220032,0.2525724530220031
ILHRHNN,-0.06875046342611313,-0.7678929567337036,0.7142857142857143,0.1428571428571428,0.4667980670928955,0.3667980670928955
IPSALGN,0.10266541689634323,-3.492879867553711,0.5714285714285714,0.2857142857142857,0.1815788149833679,0.0315788149833679
SFHRFSN,-2.029487371444702,0.7882519364356995,0.7142857142857143,0.2857142857142857,0.3951264023780823,0.2951264023780823
YSASLLN,-0.345278799533844,-2.989086151123047,0.5714285714285714,0.2857142857142857,0.2343099564313888,0.0843099564313888
YYSRSHA,-1.2024295330047607,0.9018003940582275,0.5714285714285714,0.2857142857142857,0.488724797964096,0.338724797964096
SSRVLTN,1.192916750907898,-3.3544280529022217,0.5714285714285714,0.2857142857142857,0.1960703134536743,0.0460703134536743
QLHRYMN,-2.0391788482666016,0.329325795173645,0.7142857142857143,0.0,0.3940296173095703,0.2940296173095703
QNHRSNI,0.8783903121948242,-1.2786459922790527,0.7142857142857143,0.2857142857142857,0.4133384823799133,0.3133384823799133
MYIRSNP,0.3402269780635834,0.34514233469963074,0.4285714285714285,0.2857142857142857,0.5832973718643188,0.3832973718643189
YLHQSCN,-4.076100826263428,-0.5784624814987183,0.5714285714285714,0.2857142857142857,0.1635105460882187,0.0135105460882186
TIHRSTN,1.2857227325439453,-1.3798819780349731,0.4285714285714285,0.2857142857142857,0.402742326259613,0.202742326259613
EMRREEN,0.32382234930992126,-2.897097587585449,0.7142857142857143,0.4285714285714285,0.2439382225275039,0.143938222527504
ALYRTLW,-4.563850402832031,0.845105767250061,0.7142857142857143,0.7142857142857143,0.1083117723464965,0.0083117723464965
HYAPQFQ,-1.7926287651062012,-0.9767888188362122,0.7142857142857143,0.5714285714285714,0.4219317436218261,0.3219317436218262
YSSRPEN,1.4825630187988281,-2.919224262237549,0.5714285714285714,0.2857142857142857,0.2416222691535949,0.0916222691535949
TAYRLGN,-0.010741651989519596,-2.390296459197998,0.5714285714285714,0.4285714285714285,0.2969841361045837,0.1469841361045837
RIHGSEN,0.15530501306056976,-3.9254822731018066,0.7142857142857143,0.4285714285714285,0.1362991482019424,0.0362991482019424
HYETAEY,-1.7377309799194336,-1.9057668447494507,0.7142857142857143,0.4285714285714285,0.3476989269256592,0.2476989269256592
YYRSQHS,-1.3960790634155273,-0.53327476978302,0.5714285714285714,0.4285714285714285,0.4668093919754028,0.3168093919754028
QDRSSSN,0.6576210260391235,-3.6975269317626953,0.4285714285714285,0.2857142857142857,0.1601587980985641,0.0
VYHRGSN,0.7546353340148926,1.441296100616455,0.5714285714285714,0.0,0.6980296969413757,0.5480296969413757
HPSTFYW,-3.4251084327697754,0.5555052161216736,0.7142857142857143,0.7142857142857143,0.237183541059494,0.137183541059494
YYHYMVR,-2.8677978515625,-1.092292070388794,0.5714285714285714,0.4285714285714285,0.3002545535564422,0.1502545535564422
IYCENNN,-4.18023157119751,-1.3172791004180908,0.7142857142857143,0.2857142857142857,0.1517260372638702,0.0517260372638702
SKRKSNK,-3.045316457748413,1.3781062364578247,0.5714285714285714,0.2857142857142857,0.2801647186279297,0.1301647186279297
DDMRASE,-0.2517266273498535,-3.688856363296509,0.7142857142857143,0.4285714285714285,0.161066323518753,0.061066323518753
YSHSYAT,-1.7269165515899658,-0.8804904818534851,0.7142857142857143,0.4285714285714285,0.4293684363365173,0.3293684363365173
YSHRLTN,0.8677590489387512,0.16393359005451202,0.5714285714285714,0.1428571428571428,0.5643305778503418,0.4143305778503418
VYTRPNK,-2.746350049972534,1.0790629386901855,0.4285714285714285,0.2857142857142857,0.313998818397522,0.1139988183975219
IYHRSAN,0.5817400217056274,1.5826431512832642,0.5714285714285714,0.0,0.6906397342681885,0.5406397342681885
RYLNGAT,0.8318264484405518,-2.342947006225586,0.7142857142857143,0.5714285714285714,0.3019401133060455,0.2019401133060455
QYHRTNN,0.6390394568443298,0.4714142680168152,0.5714285714285714,0.1428571428571428,0.5965139865875244,0.4465139865875244
QGCSSSI,-4.047926425933838,-0.7389891743659973,0.5714285714285714,0.4285714285714285,0.1666990518569946,0.0166990518569946
NHHRYNP,-1.124525547027588,-0.2881261706352234,0.7142857142857143,0.1428571428571428,0.4975411891937256,0.3975411891937256
YSHRSES,1.1822068691253662,0.6194024682044983,0.7142857142857143,0.1428571428571428,0.6120036244392395,0.5120036244392395
RYLRVNP,-3.9470624923706055,-0.436551958322525,0.5714285714285714,0.4285714285714285,0.1781138479709625,0.0281138479709625
SHRFENN,0.4722954332828522,-1.6053560972213745,0.4285714285714285,0.2857142857142857,0.3791423439979553,0.1791423439979553
MVHRHGN,0.5005699992179871,-0.7022085785865784,0.5714285714285714,0.4285714285714285,0.4736731052398681,0.3236731052398681
TYHESVS,0.10260310769081116,-2.329463481903076,0.4285714285714285,0.1428571428571428,0.3033514022827148,0.1033514022827148
YSRSAKG,-2.2930617332458496,0.4014554023742676,0.4285714285714285,0.2857142857142857,0.3652976155281067,0.1652976155281067
YYSMISV,-2.394371509552002,-0.015526252798736095,0.7142857142857143,0.2857142857142857,0.353832334280014,0.253832334280014
KYRAQPP,-1.50211763381958,-1.0877161026000977,0.5714285714285714,0.5714285714285714,0.4333227574825287,0.2833227574825286
VYHRSGN,0.6420456171035767,1.527338981628418,0.4285714285714285,0.0,0.6974645853042603,0.4974645853042603
WYMRSHA,-2.390573740005493,0.25537559390068054,0.5714285714285714,0.4285714285714285,0.3542621433734894,0.2042621433734893
YNRVGSF,-0.18901005387306213,-1.288409948348999,0.5714285714285714,0.2857142857142857,0.4123165309429168,0.2623165309429168
VYRYIEN,-3.0343353748321533,1.0712395906448364,0.7142857142857143,0.2857142857142857,0.2814074456691742,0.1814074456691742
IHHRHIN,-0.32563790678977966,0.14591211080551147,0.5714285714285714,0.4285714285714285,0.5624443292617798,0.4124443292617797
TPFRSAH,-0.058654673397541046,-2.437563419342041,0.5714285714285714,0.4285714285714285,0.2920368015766144,0.1420368015766143
YYHSGQT,-1.0837314128875732,-0.4731484353542328,0.5714285714285714,0.2857142857142857,0.4976484179496765,0.3476484179496765
YNSCQSQ,-3.62257981300354,-1.0113859176635742,0.7142857142857143,0.4285714285714285,0.2148356437683105,0.1148356437683105
YYSRSNN,0.5108199119567871,0.6452360153198242,0.4285714285714285,0.1428571428571428,0.6147075891494751,0.4147075891494751
YHRVIEP,0.6403254866600037,0.005281586665660143,0.5714285714285714,0.4285714285714285,0.547724723815918,0.3977247238159179
QSHRSGV,0.6901470422744751,-2.1164939403533936,0.5714285714285714,0.2857142857142857,0.3256425261497497,0.1756425261497497
VQHKASN,1.866091012954712,-2.3323376178741455,0.7142857142857143,0.2857142857142857,0.3030505776405334,0.2030505776405334
YYHGSAR,-1.8230983018875122,-0.12527158856391907,0.5714285714285714,0.2857142857142857,0.4184835255146026,0.2684835255146026
SYSRLNN,0.6691986322402954,3.2765274047851562,0.5714285714285714,0.0,0.7005375027656555,0.5505375027656555
QYHVFNK,-1.610028624534607,-0.8115206956863403,0.7142857142857143,0.2857142857142857,0.4425966441631317,0.3425966441631317
IYSPSEK,0.354924738407135,-3.2222001552581787,0.4285714285714285,0.4285714285714285,0.2099103480577469,0.0099103480577469
SYSRMKQ,-3.1420774459838867,0.8737844228744507,0.7142857142857143,0.2857142857142857,0.2692142426967621,0.1692142426967621
YLHRSNN,0.5791399478912354,1.258286952972412,0.4285714285714285,0.1428571428571428,0.6788744926452637,0.4788744926452637
ASDSEQD,-1.0656121969223022,-4.335699081420898,0.7142857142857143,0.5714285714285714,0.0933625251054763,0.0
FNHRHVN,0.45744553208351135,-0.7941791415214539,0.5714285714285714,0.4285714285714285,0.4640467464923858,0.3140467464923858
WSISVAF,-3.0626721382141113,-0.1522756814956665,0.7142857142857143,0.5714285714285714,0.2782005667686462,0.1782005667686462
GLSAAVI,-0.464424192905426,-4.701832294464111,0.5714285714285714,0.5714285714285714,0.0550400540232658,0.0
YWSETNN,-2.0062835216522217,-0.09300824999809265,0.5714285714285714,0.4285714285714285,0.3977523744106293,0.2477523744106292
PFHCPEP,-3.6240744590759277,-1.2874184846878052,0.7142857142857143,0.5714285714285714,0.2146665006875991,0.1146665006875991
ILVRVCN,-3.6203932762145996,-0.2242630571126938,0.7142857142857143,0.4285714285714285,0.2150830924510955,0.1150830924510955
MYHRSIN,-0.6850544810295105,1.2225099802017212,0.5714285714285714,0.0,0.5472762584686279,0.3972762584686279
YVALIGN,-1.5391911268234253,-1.1277672052383423,0.5714285714285714,0.4285714285714285,0.4291307032108307,0.2791307032108306
YYHRFNT,-1.414795994758606,0.5953953266143799,0.7142857142857143,0.1428571428571428,0.4646912217140198,0.3646912217140198
MYPRSEW,-1.4000009298324585,0.49374690651893616,0.5714285714285714,0.4285714285714285,0.4663655459880829,0.3163655459880828
YGHSLHN,0.5653825402259827,-1.959953784942627,0.5714285714285714,0.4285714285714285,0.3420273065567016,0.1920273065567016
MYHYQLP,-3.0627551078796387,-1.0651675462722778,0.7142857142857143,0.5714285714285714,0.2781911790370941,0.1781911790370941
PHQRCSQ,-4.285271167755127,-1.047139048576355,0.7142857142857143,0.5714285714285714,0.1398386657238006,0.0398386657238006
IHSHPGE,-0.10301658511161804,-4.817459583282471,0.7142857142857143,0.4285714285714285,0.0429375655949115,0.0
DVSRANI,1.1270188093185425,-4.308925151824951,0.5714285714285714,0.4285714285714285,0.0961649045348167,0.0
YSRSINN,2.091066837310791,1.9562560319900513,0.4285714285714285,0.0,0.7519295811653137,0.5519295811653138
WYHRVQN,-1.686896562576294,1.1182423830032349,0.5714285714285714,0.2857142857142857,0.4338974952697754,0.2838974952697753
CMSPRNN,-3.823235273361206,-0.19767843186855316,0.7142857142857143,0.4285714285714285,0.1921274065971374,0.0921274065971374
IYHHPHK,-0.7839324474334717,-0.5744011998176575,0.7142857142857143,0.4285714285714285,0.4870504438877105,0.3870504438877106
SEWSCQN,-4.213186264038086,0.07856923341751099,0.7142857142857143,0.4285714285714285,0.1479965448379516,0.0479965448379516
YSWRSAN,-1.6077749729156494,0.9095580577850342,0.5714285714285714,0.1428571428571428,0.442851722240448,0.292851722240448
RYVRLNA,-3.8411214351654053,0.1756693720817566,0.7142857142857143,0.2857142857142857,0.1901032328605651,0.0901032328605652
MFPEVVY,-3.1631977558135986,-0.3089183568954468,0.7142857142857143,0.7142857142857143,0.2668240666389465,0.1668240666389465
SNSRVQT,1.1988273859024048,-3.476961612701416,0.5714285714285714,0.4285714285714285,0.1832449585199356,0.0332449585199356
SYERGLN,0.504410982131958,-1.4106501340866089,0.5714285714285714,0.2857142857142857,0.3995218575000763,0.2495218575000763
YYTAQNN,-0.8814168572425842,-1.8578587770462036,0.5714285714285714,0.2857142857142857,0.352713406085968,0.202713406085968
ISRSVLN,1.4294240474700928,-2.0423011779785156,0.5714285714285714,0.1428571428571428,0.3334081470966339,0.1834081470966339
IYSQNNN,0.6500735282897949,-3.233572006225586,0.5714285714285714,0.1428571428571428,0.2087200880050659,0.0587200880050659
YCRPGSN,-3.3436012268066406,0.3622437119483948,0.4285714285714285,0.2857142857142857,0.2464077323675155,0.0464077323675155
YYHRFGN,-1.9781440496444702,0.9871407151222229,0.7142857142857143,0.1428571428571428,0.4009369313716888,0.3009369313716888
YDHRSHV,-0.14713484048843384,-2.1372270584106445,0.5714285714285714,0.4285714285714285,0.3234724402427673,0.1734724402427673
MQLLVSM,-1.4349865913391113,-4.116724014282227,0.5714285714285714,0.5714285714285714,0.1162822321057319,0.0
KYHLMEN,-0.533418595790863,-1.2826509475708008,0.4285714285714285,0.1428571428571428,0.4129193127155304,0.2129193127155304
WYHRGKN,-3.4817111492156982,1.3052127361297607,0.5714285714285714,0.2857142857142857,0.2307778000831604,0.0807778000831604
ISHHSQS,0.7941822409629822,-3.169872999191284,0.7142857142857143,0.2857142857142857,0.2153873443603515,0.1153873443603515
YGLRSAN,2.041532278060913,-0.9858587980270386,0.5714285714285714,0.2857142857142857,0.4439839720726013,0.2939839720726013
NASSGNN,-0.03045332245528698,-3.9438414573669434,0.4285714285714285,0.4285714285714285,0.1343775242567062,0.0
YSHRIWW,-3.898881435394287,0.7301658987998962,0.7142857142857143,0.2857142857142857,0.1835665106773376,0.0835665106773376
NYSQSGN,0.6985142230987549,-1.9058127403259277,0.5714285714285714,0.2857142857142857,0.3476941287517547,0.1976941287517547
ENSKPDR,0.6417982578277588,-3.866492986679077,0.5714285714285714,0.5714285714285714,0.1424734443426132,0.0
ITERNVT,1.1507651805877686,-4.14380407333374,0.5714285714285714,0.4285714285714285,0.1134478151798248,0.0
QYHRAGE,0.9916551113128662,-0.7420177459716797,0.7142857142857143,0.2857142857142857,0.4695063531398773,0.3695063531398773
TYTRAQN,1.0237176418304443,1.9297502040863037,0.4285714285714285,0.1428571428571428,0.7406584620475769,0.540658462047577
GTHQSGN,0.7698684334754944,-4.257925033569336,0.7142857142857143,0.2857142857142857,0.1015029922127723,0.0
YSSRNNS,2.207547426223755,-3.0958094596862793,0.5714285714285714,0.2857142857142857,0.2231394350528717,0.0731394350528717
TQHSKAK,-3.9995839595794678,-0.16005976498126984,0.7142857142857143,0.2857142857142857,0.1721699833869934,0.0721699833869934
YSHSFTD,-0.871134877204895,-1.1241458654403687,0.5714285714285714,0.1428571428571428,0.4295097291469574,0.2795097291469574
PGRHSDN,0.45148786902427673,-2.9716696739196777,0.5714285714285714,0.2857142857142857,0.2361329048871994,0.0861329048871994
CYHSLGF,-4.452746868133545,1.3302710056304932,0.7142857142857143,0.4285714285714285,0.120885394513607,0.020885394513607
QLRRINE,0.9057238698005676,-2.5408172607421875,0.7142857142857143,0.2857142857142857,0.2812294065952301,0.1812294065952301
HKHKKAG,-1.6525248289108276,0.8235753774642944,0.7142857142857143,0.4285714285714285,0.4377873539924621,0.3377873539924622
GSFHEFF,-3.1872761249542236,-0.5980952978134155,0.5714285714285714,0.5714285714285714,0.2640990912914276,0.1140990912914276
QYHICDN,-4.129353046417236,-1.0016586780548096,0.7142857142857143,0.4285714285714285,0.1574839651584625,0.0574839651584625
AGKHGGT,0.8654510378837585,-3.1912436485290527,0.7142857142857143,0.5714285714285714,0.2131505161523819,0.1131505161523819
IHRFHAE,1.4743181467056274,-1.2761932611465454,0.7142857142857143,0.4285714285714285,0.4135952293872833,0.3135952293872833
CYSCSQV,-3.3257882595062256,-0.3088446259498596,0.5714285714285714,0.2857142857142857,0.2484236359596252,0.0984236359596252
IYPHSIN,-0.5137910842895508,-2.3648948669433594,0.5714285714285714,0.2857142857142857,0.2996428906917572,0.1496428906917572
YHDMIVM,-2.008718967437744,-3.3088927268981934,0.7142857142857143,0.5714285714285714,0.2008364051580429,0.1008364051580429
QYKNLCN,-3.256430149078369,-0.9828605055809021,0.7142857142857143,0.2857142857142857,0.2562729120254516,0.1562729120254516
QYHFPDH,-2.7519519329071045,-1.2569732666015625,0.7142857142857143,0.2857142857142857,0.3133648633956909,0.2133648633956909
DCRVGKN,-3.985578775405884,-0.5795869827270508,0.5714285714285714,0.4285714285714285,0.173754945397377,0.023754945397377
TYSRNKA,-2.3720648288726807,-0.5023419260978699,0.5714285714285714,0.4285714285714285,0.3563567996025085,0.2063567996025085
YSRSSKQ,-2.6465322971343994,1.1319618225097656,0.4285714285714285,0.1428571428571428,0.3252952396869659,0.1252952396869659
GSNHGTN,0.5605385303497314,-4.639951229095459,0.5714285714285714,0.4285714285714285,0.0615170300006866,0.0
VRHRSSN,-4.246500492095947,1.5499153137207031,0.5714285714285714,0.2857142857142857,0.1442263573408126,0.0
QAHRGDN,1.0480800867080688,-2.7602169513702393,0.5714285714285714,0.1428571428571428,0.2582652568817138,0.1082652568817138
YSHRLNF,-1.2447720766067505,-0.12286891788244247,0.7142857142857143,0.2857142857142857,0.4839328825473785,0.3839328825473785
YKMRWNM,-3.8594603538513184,-0.2772044241428375,0.7142857142857143,0.2857142857142857,0.188027799129486,0.088027799129486
IYHRLFN,-3.6905269622802734,1.694926381111145,0.7142857142857143,0.1428571428571428,0.2071460485458374,0.1071460485458374
GSHRQEA,0.820631206035614,-2.7701706886291504,0.7142857142857143,0.4285714285714285,0.2572234272956848,0.1572234272956848
VYRHINN,0.0013283176813274622,0.007588233798742294,0.5714285714285714,0.1428571428571428,0.5479661822319031,0.397966182231903
YSHRSEN,1.2777719497680664,0.6982004046440125,0.5714285714285714,0.1428571428571428,0.6202512383460999,0.4702512383460998
QYASQHK,0.3829714357852936,-2.1895339488983154,0.7142857142857143,0.5714285714285714,0.3179975748062134,0.2179975748062134
VYHRSQP,0.1335827261209488,2.0274720191955566,0.1428571428571428,0.1428571428571428,0.6399216651916504,0.3399216651916504
QYHLNSP,0.13978295028209686,-1.8728195428848267,0.5714285714285714,0.4285714285714285,0.3511474728584289,0.2011474728584289
YYRKGAN,-2.872140884399414,0.1982230246067047,0.4285714285714285,0.2857142857142857,0.2997630536556244,0.0997630536556244
QYHHDNN,-0.1485101878643036,-1.356655240058899,0.7142857142857143,0.1428571428571428,0.4051734209060669,0.3051734209060669
SYRRSTN,-2.627927303314209,0.6636028289794922,0.5714285714285714,0.1428571428571428,0.3274007737636566,0.1774007737636566
MYHRLNN,0.1461704671382904,0.9471721649169922,0.7142857142857143,0.0,0.641346275806427,0.541346275806427
ISHRSEL,1.2023001909255981,-1.8742998838424683,0.7142857142857143,0.2857142857142857,0.3509925007820129,0.2509925007820129
VYHRQGN,0.4605528712272644,1.1546907424926758,0.5714285714285714,0.1428571428571428,0.6680312752723694,0.5180312752723694
YHHRSSI,-0.735416054725647,1.1970616579055786,0.5714285714285714,0.2857142857142857,0.5415768623352051,0.391576862335205
WSHLSQA,-0.6869932413101196,-2.039013624191284,0.7142857142857143,0.4285714285714285,0.3337522447109222,0.2337522447109222
IYHRLEV,-1.1261169910430908,1.1656272411346436,0.5714285714285714,0.2857142857142857,0.4973610639572143,0.3473610639572143
QYTRASN,1.3567569255828857,0.2887275218963623,0.5714285714285714,0.2857142857142857,0.5773924589157104,0.4273924589157104
GWRRIAN,-3.9182374477386475,0.5169216394424438,0.7142857142857143,0.4285714285714285,0.1813759803771972,0.0813759803771972
YYHRINN,-1.3538148403167725,0.7713767290115356,0.5714285714285714,0.1428571428571428,0.4715924859046936,0.3215924859046936
ISRRTEN,0.41708648204803467,-2.836423397064209,0.5714285714285714,0.1428571428571428,0.2502888739109039,0.1002888739109039
QYHRLHD,-0.5431321263313293,-0.315131813287735,0.7142857142857143,0.2857142857142857,0.5141876935958862,0.4141876935958862
QYHRPNN,0.04970690980553627,-0.03211576119065285,0.7142857142857143,0.1428571428571428,0.5438104271888733,0.4438104271888733
YKHRSNN,-2.91833233833313,1.0757311582565308,0.4285714285714285,0.1428571428571428,0.2945355474948883,0.0945355474948883
SSSFSQN,-0.4375138580799103,-3.171468734741211,0.4285714285714285,0.1428571428571428,0.2152203172445297,0.0152203172445297
GYKRVLN,-2.991201877593994,-0.3210987448692322,0.5714285714285714,0.2857142857142857,0.2862888872623443,0.1362888872623443
YYRRSNN,-3.154005289077759,0.9878677725791931,0.2857142857142857,0.1428571428571428,0.2678643763065338,0.0178643763065338
QHHRGEN,1.0523401498794556,-1.4062570333480835,0.4285714285714285,0.2857142857142857,0.399981677532196,0.199981677532196
IYWRANT,-3.2376198768615723,1.804423213005066,0.7142857142857143,0.1428571428571428,0.2584016919136047,0.1584016919136047
NYQRSEN,0.8554385900497437,-1.3871020078659058,0.5714285714285714,0.2857142857142857,0.4019865989685058,0.2519865989685058
YVRRQPN,-2.086109161376953,0.531482994556427,0.4285714285714285,0.2857142857142857,0.3887184858322143,0.1887184858322143
YSYRQNS,-0.06689642369747162,-0.9254161715507507,0.7142857142857143,0.2857142857142857,0.4503104090690613,0.3503104090690613
PYRRLNN,-3.6249449253082275,0.06858231872320175,0.5714285714285714,0.1428571428571428,0.2145679891109466,0.0645679891109466
YPSRVGN,2.4916934967041016,-3.044809103012085,0.5714285714285714,0.2857142857142857,0.2284775376319885,0.0784775376319885
YHHRSID,0.9791032671928406,-0.31281766295433044,0.5714285714285714,0.2857142857142857,0.5144299268722534,0.3644299268722534
YYTRGNF,-1.1979162693023682,0.13735158741474152,0.5714285714285714,0.2857142857142857,0.489235520362854,0.339235520362854
YYSRGNA,1.3212926387786865,-0.691260039806366,0.7142857142857143,0.1428571428571428,0.4748190939426422,0.3748190939426422
YSHRSYN,-1.209729790687561,0.8159515857696533,0.5714285714285714,0.1428571428571428,0.4878986179828644,0.3378986179828643
ISQRAAN,1.9504762887954712,-3.807088613510132,0.5714285714285714,0.2857142857142857,0.148691177368164,0.0
YQRDSPM,0.9461695551872253,-4.068508625030518,0.5714285714285714,0.4285714285714285,0.1213288456201553,0.0
YYRSHTN,-0.37448129057884216,-0.6080942749977112,0.2857142857142857,0.2857142857142857,0.4835238754749298,0.2335238754749298
ISRRHNN,-2.948599338531494,0.31294721364974976,0.5714285714285714,0.2857142857142857,0.2911102175712585,0.1411102175712585
YHSRLEN,0.8766867518424988,-0.9360252618789673,0.5714285714285714,0.2857142857142857,0.4491999745368957,0.2991999745368957
KYRRVNN,-3.9953689575195312,0.015791350975632668,0.5714285714285714,0.2857142857142857,0.1726469844579696,0.0226469844579696
MLHYSQP,-0.6984253525733948,-2.310124635696411,0.5714285714285714,0.4285714285714285,0.3053755760192871,0.1553755760192871
YYHSSGW,-2.994765043258667,0.3145678639411926,0.5714285714285714,0.2857142857142857,0.2858856320381164,0.1358856320381164
YYHRLAN,-1.829420566558838,1.3216062784194946,0.7142857142857143,0.1428571428571428,0.4177680015563965,0.3177680015563965
QAHSAVN,-0.029018521308898926,-3.977501630783081,0.5714285714285714,0.2857142857142857,0.130854383111,0.0
YSRSPNL,1.997817873954773,0.9909518957138062,0.5714285714285714,0.2857142857142857,0.6508930325508118,0.5008930325508117
YHHNSNN,0.43634501099586487,-1.045844554901123,0.2857142857142857,0.2857142857142857,0.4377053678035736,0.1877053678035736
YYHRSHN,-1.2537297010421753,0.49114611744880676,0.5714285714285714,0.1428571428571428,0.4829190969467163,0.3329190969467163
VYHISIN,-1.9990991353988647,-0.16582724452018738,0.4285714285714285,0.2857142857142857,0.398565411567688,0.198565411567688
TTHRLSE,0.990767776966095,-1.3592807054519653,0.7142857142857143,0.2857142857142857,0.4048986136913299,0.30489861369133
YYHHGYP,-2.3873939514160156,-0.5227786898612976,0.7142857142857143,0.4285714285714285,0.3546220064163208,0.2546220064163208
YYHNVVN,-2.3976058959960938,-0.8154565095901489,0.5714285714285714,0.2857142857142857,0.3534663021564483,0.2034663021564483
ISSRANV,1.997522234916687,-3.5132880210876465,0.5714285714285714,0.2857142857142857,0.1794427335262298,0.0294427335262298
YVRNSAN,2.4357714653015137,-0.2900439500808716,0.4285714285714285,0.2857142857142857,0.5168136358261108,0.3168136358261109
SYHKSSN,1.4180930852890015,0.2957918047904968,0.4285714285714285,0.2857142857142857,0.578131914138794,0.378131914138794
WSHRGVN,-0.3831075429916382,-0.154061958193779,0.4285714285714285,0.2857142857142857,0.5310465693473816,0.3310465693473816
YYHRSTH,-1.9347920417785645,0.9115458130836487,0.4285714285714285,0.1428571428571428,0.4058430790901184,0.2058430790901184
YYHRSSN,-1.4665004014968872,1.0760574340820312,0.5714285714285714,0.0,0.4588398039340973,0.3088398039340972
YSLRDNN,0.8640413284301758,-2.5538718700408936,0.5714285714285714,0.1428571428571428,0.2798629999160766,0.1298629999160766
YSSDSTN,-0.2955611050128937,-4.240618705749512,0.5714285714285714,0.2857142857142857,0.1033144071698188,0.0
SYHRANI,-0.19862696528434753,1.2827438116073608,0.7142857142857143,0.2857142857142857,0.6023253798484802,0.5023253798484802
VSGRAEN,0.23343026638031006,-3.690056085586548,0.5714285714285714,0.2857142857142857,0.1609407514333725,0.0109407514333725
YYHRSDN,-1.1925513744354248,1.0811140537261963,0.5714285714285714,0.1428571428571428,0.4898427128791809,0.3398427128791809
YYHRGDN,-0.668077826499939,1.2097947597503662,0.5714285714285714,0.1428571428571428,0.5491974949836731,0.3991974949836731
YSRRQAN,-1.9958523511886597,0.41910257935523987,0.4285714285714285,0.1428571428571428,0.3989328742027282,0.1989328742027283
YYHRSGN,-1.5659500360488892,1.0775920152664185,0.5714285714285714,0.1428571428571428,0.4475850760936737,0.2975850760936737
YYSIIHN,-3.032466173171997,-1.3043302297592163,0.5714285714285714,0.2857142857142857,0.281618982553482,0.131618982553482
HSHRSQN,0.2666476368904114,0.013936232775449753,0.5714285714285714,0.1428571428571428,0.5486305952072144,0.3986305952072143
TYHRFDL,-2.1469922065734863,0.47359517216682434,0.5714285714285714,0.4285714285714285,0.3818283379077911,0.2318283379077911
YGSRVNN,2.0643951892852783,-2.5207607746124268,0.5714285714285714,0.2857142857142857,0.2833286821842193,0.1333286821842193
MTHRAEN,1.2816709280014038,-2.877629280090332,0.7142857142857143,0.2857142857142857,0.2459759414196014,0.1459759414196014
MYMSQVN,-1.2816994190216064,-2.123857259750366,0.7142857142857143,0.4285714285714285,0.3248718380928039,0.2248718380928039
YTSLGGN,0.939089834690094,-0.9237016439437866,0.5714285714285714,0.4285714285714285,0.4504898190498352,0.3004898190498352
YHSRNSN,1.1430929899215698,-0.12285182625055313,0.5714285714285714,0.1428571428571428,0.5343132615089417,0.3843132615089416
YYSLSNS,-1.2482318878173828,-1.2725833654403687,0.4285714285714285,0.1428571428571428,0.4139730334281921,0.2139730334281921
YYALINR,-3.250601053237915,-0.9386760592460632,0.5714285714285714,0.2857142857142857,0.2569325864315033,0.1069325864315033
YHRSSSN,1.4448013305664062,1.0924811363220215,0.2857142857142857,0.1428571428571428,0.6615198850631714,0.4115198850631714
YSSVGEN,-0.7035495638847351,-2.6421706676483154,0.4285714285714285,0.2857142857142857,0.2706209421157837,0.0706209421157837
YYRRSHN,-3.8905246257781982,0.8412003517150879,0.4285714285714285,0.1428571428571428,0.1845122575759887,0.0
YVHRSNN,0.9498796463012695,1.3815511465072632,0.4285714285714285,0.1428571428571428,0.6917763352394104,0.4917763352394104
AKHVSSV,1.335686445236206,-3.441652297973633,0.5714285714285714,0.4285714285714285,0.1869407147169113,0.0369407147169113
IYHPFNN,-2.376807451248169,-0.8858089447021484,0.7142857142857143,0.2857142857142857,0.3558200895786285,0.2558200895786285
YSHRSQN,1.5946561098098755,0.9234071969985962,0.5714285714285714,0.0,0.6438232064247131,0.4938232064247131
MMQRSAN,1.9942753314971924,-2.1547024250030518,0.7142857142857143,0.4285714285714285,0.3216433227062225,0.2216433227062225
QSSSAQT,-0.02249486744403839,-4.320430755615234,0.7142857142857143,0.4285714285714285,0.0949606299400329,0.0
QYHHSNN,-0.09754127264022827,-0.3497800827026367,0.5714285714285714,0.0,0.5105611085891724,0.3605611085891723
NSHKSHN,0.3995395302772522,-1.408400058746338,0.5714285714285714,0.2857142857142857,0.3997573852539062,0.2497573852539062
AYHHSAN,0.2115492820739746,-0.7588225603103638,0.5714285714285714,0.2857142857142857,0.4677474498748779,0.3177474498748779
YYHLNNP,-2.333200693130493,-0.6520450115203857,0.5714285714285714,0.2857142857142857,0.360755056142807,0.210755056142807
VYSRSQN,0.4852847158908844,4.32632303237915,0.2857142857142857,0.1428571428571428,0.6797239184379578,0.4297239184379577
YYHYSNT,-2.432551860809326,-0.32784050703048706,0.5714285714285714,0.2857142857142857,0.3495114743709564,0.1995114743709564
MYHSQVN,0.15513299405574799,-2.0838942527770996,0.7142857142857143,0.4285714285714285,0.3290546834468841,0.2290546834468841
HYHRSAN,-0.3234393894672394,0.9606885313987732,0.5714285714285714,0.1428571428571428,0.5882003307342529,0.4382003307342529
SYRQANN,1.379639983177185,-2.1510751247406006,0.5714285714285714,0.2857142857142857,0.3220229744911194,0.1720229744911194
YYGSAVN,-1.0076203346252441,-2.19966197013855,0.5714285714285714,0.2857142857142857,0.316937506198883,0.166937506198883
MSHRIVN,0.8121075630187988,-1.0857645273208618,0.5714285714285714,0.4285714285714285,0.4335270524024963,0.2835270524024963
KSFRSEN,0.5708127617835999,-1.2677661180496216,0.5714285714285714,0.2857142857142857,0.4144772887229919,0.2644772887229919
YYRRSPN,-3.3544187545776367,0.7752736806869507,0.4285714285714285,0.1428571428571428,0.2451835125684738,0.0451835125684738
ESMRSYN,-0.587663471698761,-2.1118009090423584,0.5714285714285714,0.4285714285714285,0.3261337280273437,0.1761337280273437
DKSSSPN,0.49892380833625793,-4.061634540557861,0.4285714285714285,0.4285714285714285,0.1220483407378196,0.0
NYHYGSN,-1.4210854768753052,-0.8706045150756836,0.5714285714285714,0.2857142857142857,0.4560474157333374,0.3060474157333374
IYRSSVN,1.1163936853408813,-0.7390274405479431,0.4285714285714285,0.1428571428571428,0.4698193371295929,0.2698193371295929
AYFRSNN,-1.1787898540496826,0.17515957355499268,0.5714285714285714,0.2857142857142857,0.4914001226425171,0.341400122642517
YYHSSEN,-1.4145677089691162,-0.09194431453943253,0.4285714285714285,0.0,0.4647170603275299,0.2647170603275299
IYSLPAT,-0.5343726277351379,-1.962780237197876,0.5714285714285714,0.4285714285714285,0.341731458902359,0.191731458902359
YYHRGTN,-0.7815779447555542,0.7918546795845032,0.4285714285714285,0.1428571428571428,0.5363526344299316,0.3363526344299317
SSHRSTN,1.3333102464675903,-1.7188371419906616,0.5714285714285714,0.1428571428571428,0.3672645092010498,0.2172645092010498
SYHSLEN,-0.7381676435470581,-1.806560754776001,0.7142857142857143,0.1428571428571428,0.35808265209198,0.25808265209198
YYPRTNN,-0.34466469287872314,-1.1138287782669067,0.5714285714285714,0.1428571428571428,0.4305896162986755,0.2805896162986755
TYHRVQN,-0.1950448751449585,1.0174672603607178,0.5714285714285714,0.2857142857142857,0.6027308106422424,0.4527308106422424
QSRRSPN,-2.658085584640503,0.34472277760505676,0.4285714285714285,0.1428571428571428,0.323987752199173,0.1239877521991729
YYRHSNH,-1.471064805984497,0.5964087843894958,0.4285714285714285,0.2857142857142857,0.458323210477829,0.258323210477829
NERSVQP,0.9866123199462891,-4.1615777015686035,0.7142857142857143,0.4285714285714285,0.1115874797105789,0.0115874797105789
YYSSSNE,-0.9611420631408691,-2.506518602371216,0.5714285714285714,0.2857142857142857,0.2848193943500519,0.1348193943500518
YYHWSLE,-2.9727649688720703,1.2550925016403198,0.5714285714285714,0.2857142857142857,0.2883753776550293,0.1383753776550293
YYRRGNN,-3.079895496368408,0.8212386965751648,0.4285714285714285,0.1428571428571428,0.2762514054775238,0.0762514054775238
YYHRSEN,-0.7545163631439209,1.7945058345794678,0.5714285714285714,0.1428571428571428,0.5394152402877808,0.3894152402877807
YYRRSNN,-3.154005289077759,0.9878677725791931,0.2857142857142857,0.1428571428571428,0.2678643763065338,0.0178643763065338
YYSRVAP,-0.06509440392255783,-0.9495933055877686,0.5714285714285714,0.2857142857142857,0.4477798342704773,0.2977798342704773
YYMRSEN,-1.1820003986358643,1.020815134048462,0.5714285714285714,0.2857142857142857,0.4910367131233215,0.3410367131233215
YPINSNS,0.8186385631561279,-2.9799301624298096,0.5714285714285714,0.2857142857142857,0.2352682948112487,0.0852682948112487
IWHRSHN,-1.7800424098968506,1.1090980768203735,0.7142857142857143,0.2857142857142857,0.423356145620346,0.3233561456203461
VLQSSNN,0.451316237449646,-4.262754440307617,0.5714285714285714,0.4285714285714285,0.100997507572174,0.0
NHHLSNN,0.05055113136768341,-2.843421459197998,0.2857142857142857,0.2857142857142857,0.2495564073324203,0.0
YSHRAIQ,0.2908514738082886,-0.23301218450069427,0.5714285714285714,0.2857142857142857,0.5227829813957214,0.3727829813957214
YSSRSEE,1.1852810382843018,-1.8293184041976929,0.7142857142857143,0.2857142857142857,0.3557006418704986,0.2557006418704987
ASHFQGN,-0.3053884506225586,-3.6316750049591064,0.7142857142857143,0.2857142857142857,0.1670513898134231,0.0670513898134231
QYIRAPL,-1.4477543830871582,-1.409894585609436,0.7142857142857143,0.4285714285714285,0.3996009528636932,0.2996009528636932
QHPRSAV,1.0614144802093506,-2.960117816925049,0.5714285714285714,0.4285714285714285,0.2373420149087906,0.0873420149087906
VHFSQVN,-0.5460653305053711,-3.141967535018921,0.5714285714285714,0.4285714285714285,0.21830815076828,0.06830815076828
VYMRQQN,-0.12638184428215027,-1.0435553789138794,0.4285714285714285,0.2857142857142857,0.437945008277893,0.237945008277893
IYHHSNN,-0.04102005437016487,-0.28605207800865173,0.5714285714285714,0.1428571428571428,0.5172314047813416,0.3672314047813415
YYHHSHN,-1.7252857685089111,-0.07246622443199158,0.5714285714285714,0.1428571428571428,0.4295529723167419,0.2795529723167419
SYHRGAN,0.47998887300491333,0.3672575056552887,0.5714285714285714,0.2857142857142857,0.5856121182441711,0.4356121182441711
QYSRLNN,1.0643407106399536,3.376476526260376,0.7142857142857143,0.1428571428571428,0.7452558279037476,0.6452558279037476
YSHRGQN,1.8292913436889648,0.23590311408042908,0.4285714285714285,0.1428571428571428,0.5718634724617004,0.3718634724617005
YYFRSAN,-2.391101360321045,0.69498211145401,0.5714285714285714,0.1428571428571428,0.3542024195194244,0.2042024195194244
VSSRQGN,1.4389708042144775,-3.9941980838775635,0.7142857142857143,0.1428571428571428,0.1291067898273468,0.0291067898273468
YYRSSSD,-0.15799421072006226,0.13627482950687408,0.5714285714285714,0.2857142857142857,0.5614355802536011,0.411435580253601
VYYPSVN,-3.0625011920928955,-0.051775187253952026,0.5714285714285714,0.2857142857142857,0.2782199084758758,0.1282199084758758
IYRRSIA,-2.158435821533203,0.38400784134864807,0.5714285714285714,0.2857142857142857,0.3805332481861114,0.2305332481861114
YHHSGIN,0.7662771940231323,-0.8713868260383606,0.4285714285714285,0.2857142857142857,0.455965518951416,0.255965518951416
YSHSANL,1.1342213153839111,-1.8731516599655151,0.5714285714285714,0.2857142857142857,0.3511126935482025,0.2011126935482025
FLSFSNN,-2.207611560821533,-2.5778286457061768,0.4285714285714285,0.2857142857142857,0.2773554921150207,0.0773554921150207
YYHRSNS,-1.1792142391204834,0.39487725496292114,0.5714285714285714,0.1428571428571428,0.4913520812988281,0.3413520812988281
IGSRSHN,1.1352216005325317,-2.3702991008758545,0.5714285714285714,0.2857142857142857,0.2990772128105163,0.1490772128105163
IYHRSNN,0.42777636647224426,1.9939481019973755,0.5714285714285714,0.0,0.6732156872749329,0.5232156872749328
VYRRAAS,-2.855050563812256,0.8241791725158691,0.4285714285714285,0.2857142857142857,0.301697164773941,0.101697164773941
YHHRPGY,-1.8545491695404053,0.942987859249115,0.7142857142857143,0.4285714285714285,0.4149242043495178,0.3149242043495178
WYHRIWL,-4.196527004241943,1.1562148332595825,0.7142857142857143,0.4285714285714285,0.1498818695545196,0.0498818695545196
PSRFSGN,0.5015945434570312,-2.4669899940490723,0.4285714285714285,0.2857142857142857,0.2889567613601684,0.0889567613601684
HLHDIQT,-0.4775943160057068,-3.574199676513672,0.7142857142857143,0.5714285714285714,0.1730672270059585,0.0730672270059585
HYHRISN,-1.2226239442825317,0.39717257022857666,0.5714285714285714,0.2857142857142857,0.4864393770694732,0.3364393770694732
IHRQFFL,-3.82239031791687,0.05365613102912903,0.7142857142857143,0.5714285714285714,0.1922230273485183,0.0922230273485183
YYSRGNN,0.627078652381897,0.12504452466964722,0.5714285714285714,0.1428571428571428,0.5602601170539856,0.4102601170539856
AYHKMNN,1.162867546081543,-0.12314173579216003,0.5714285714285714,0.4285714285714285,0.534282922744751,0.3842829227447509
YSQRSVM,1.6268784999847412,-1.4630639553070068,0.7142857142857143,0.4285714285714285,0.3940358161926269,0.294035816192627
YTSRQAN,2.0237226486206055,-2.6387312412261963,0.7142857142857143,0.2857142857142857,0.270980954170227,0.170980954170227
YWSRSEQ,-1.3975528478622437,1.122572660446167,0.7142857142857143,0.4285714285714285,0.4666425883769989,0.3666425883769989
YLHSSAP,0.2214035987854004,-3.060990333557129,0.5714285714285714,0.4285714285714285,0.226783886551857,0.076783886551857
AYSSVNN,0.25313249230384827,-2.5225422382354736,0.7142857142857143,0.2857142857142857,0.2831422388553619,0.1831422388553619
SYRVGAN,0.5824291110038757,-1.8729522228240967,0.5714285714285714,0.2857142857142857,0.3511335849761963,0.2011335849761963
YMRNEIA,0.5532333850860596,-2.219904661178589,0.5714285714285714,0.4285714285714285,0.3148187398910522,0.1648187398910522
ISHSLFN,-1.3830159902572632,-3.0252320766448975,0.7142857142857143,0.2857142857142857,0.2305266261100769,0.1305266261100769
YSHRNHN,0.37810996174812317,-0.2974328398704529,0.4285714285714285,0.2857142857142857,0.5160402059555054,0.3160402059555054
YYTHFHP,-2.290605306625366,-0.8777267336845398,0.5714285714285714,0.5714285714285714,0.3655756115913391,0.2155756115913391
YSHVSIN,0.1268736571073532,-0.33823999762535095,0.4285714285714285,0.1428571428571428,0.5117689967155457,0.3117689967155457
IVSHNIN,-0.2940859794616699,-4.455545425415039,0.7142857142857143,0.4285714285714285,0.0808184370398521,0.0
ILQRNLN,0.44615355134010315,-2.0200326442718506,0.7142857142857143,0.2857142857142857,0.3357389569282532,0.2357389569282532
QYRRLSN,-3.888817071914673,0.11162658035755157,0.5714285714285714,0.2857142857142857,0.1847054958343505,0.0347054958343505
MHHLSNN,0.7953999638557434,-1.650090217590332,0.2857142857142857,0.2857142857142857,0.3744601309299469,0.1244601309299469
VYHRSSM,-0.0025540669448673725,1.6477482318878174,0.4285714285714285,0.2857142857142857,0.6245150566101074,0.4245150566101074
VYRRTQS,-2.6759166717529297,1.0556663274765015,0.2857142857142857,0.2857142857142857,0.3219698071479797,0.0719698071479797
ILHRSNF,-0.6055752635002136,0.02957114949822426,0.7142857142857143,0.1428571428571428,0.5502671003341675,0.4502671003341675
YYHRAQN,-0.8571757674217224,1.0399888753890991,0.5714285714285714,0.1428571428571428,0.5277972221374512,0.3777972221374511
ILHISNN,-0.6527997255325317,-3.569277763366699,0.5714285714285714,0.1428571428571428,0.1735823899507522,0.0235823899507522
YSSSNVN,0.8544172048568726,-3.40476655960083,0.4285714285714285,0.2857142857142857,0.1908014714717865,0.0
SHHNWNQ,-1.3899158239364624,-1.0531431436538696,0.7142857142857143,0.4285714285714285,0.4369414746761322,0.3369414746761322
YYHRSVN,-1.418824553489685,1.1483708620071411,0.5714285714285714,0.1428571428571428,0.4642352759838104,0.3142352759838104
YSRSSGP,2.5292420387268066,0.5780776739120483,0.5714285714285714,0.1428571428571428,0.607678234577179,0.4576782345771789
YHSRVHN,0.015519126318395138,-0.43495234847068787,0.5714285714285714,0.2857142857142857,0.5016463398933411,0.351646339893341
YSSRSIN,2.1961121559143066,-0.893897294998169,0.4285714285714285,0.1428571428571428,0.4536093771457672,0.2536093771457672
YFRSHGW,-2.951119899749756,0.47864747047424316,0.5714285714285714,0.4285714285714285,0.2908249795436859,0.1408249795436859
TYHNSNN,0.2918117046356201,-2.5603106021881104,0.4285714285714285,0.2857142857142857,0.2791890799999237,0.0791890799999237
YYHRSAN,-1.2602688074111938,1.0208686590194702,0.5714285714285714,0.0,0.4821791052818298,0.3321791052818298
YYSRSSS,0.2990076541900635,-0.1821226179599762,0.5714285714285714,0.2857142857142857,0.5281094908714294,0.3781094908714294
YYRRAAQ,-3.766230583190918,0.3096040189266205,0.5714285714285714,0.2857142857142857,0.1985786408185959,0.0485786408185958
KYHRSVW,-4.727957248687744,1.1303766965866089,0.5714285714285714,0.2857142857142857,0.0897397547960281,0.0
HYHRLSN,-1.306460976600647,1.2173086404800415,0.5714285714285714,0.2857142857142857,0.4769515097141266,0.3269515097141265
YYSISNS,-0.9937989115715027,-1.1639823913574219,0.5714285714285714,0.2857142857142857,0.4253401160240173,0.2753401160240173
YYRRSSN,-3.655653238296509,0.9977755546569824,0.4285714285714285,0.1428571428571428,0.2110927253961563,0.0110927253961563
SYSRSQN,0.8213601112365723,2.8519299030303955,0.4285714285714285,0.1428571428571428,0.7177576422691345,0.5177576422691346
IGSSNTN,0.22637175023555756,-4.086191177368164,0.5714285714285714,0.4285714285714285,0.1194780468940734,0.0
YYHRSNN,-0.9529139399528503,1.031571388244629,0.4285714285714285,0.0,0.5169625282287598,0.3169625282287598
YQSRNPN,1.5598236322402954,-1.7510484457015991,0.5714285714285714,0.2857142857142857,0.3638930022716522,0.2138930022716522
YHARSND,1.7415486574172974,-0.4200945794582367,0.4285714285714285,0.2857142857142857,0.503201425075531,0.303201425075531
YHSAGNN,1.2721807956695557,-2.7467122077941895,0.4285714285714285,0.2857142857142857,0.2596787810325622,0.0596787810325622
YMHRGPN,0.588405430316925,0.32041922211647034,0.4285714285714285,0.2857142857142857,0.5807096362113953,0.3807096362113953
YYSRSAN,0.7748223543167114,0.36240410804748535,0.5714285714285714,0.1428571428571428,0.5851041078567505,0.4351041078567504
YSRSSSN,2.5901215076446533,1.739269495010376,0.4285714285714285,0.0,0.7292180061340332,0.5292180061340332
MYRVFGN,-3.289381742477417,0.08414868265390396,0.7142857142857143,0.4285714285714285,0.2525437772274017,0.1525437772274017
YYHRNYS,-1.6473736763000488,0.8210446238517761,0.5714285714285714,0.2857142857142857,0.4383703172206878,0.2883703172206878
VSRRLSN,-3.2032620906829834,-0.2627464532852173,0.5714285714285714,0.2857142857142857,0.2622899711132049,0.1122899711132049
YKHRNTN,-2.7087855339050293,0.7012454271316528,0.5714285714285714,0.2857142857142857,0.3182500302791595,0.1682500302791595
YSRRSSN,-2.100688934326172,1.4132413864135742,0.4285714285714285,0.0,0.3870684802532196,0.1870684802532196
YSTRSSV,2.3901078701019287,-1.778022050857544,0.5714285714285714,0.2857142857142857,0.3610697388648987,0.2110697388648987
YYHISVN,-2.9025816917419434,0.3249567449092865,0.5714285714285714,0.2857142857142857,0.2963180541992187,0.1463180541992187
YYRRLNN,-3.5846574306488037,0.634210467338562,0.4285714285714285,0.0,0.2191273421049118,0.0191273421049118
YYSRSNN,0.5108199119567871,0.6452360153198242,0.4285714285714285,0.1428571428571428,0.6147075891494751,0.4147075891494751
YSWRSGE,-1.1201860904693604,0.6441527605056763,0.7142857142857143,0.2857142857142857,0.49803227186203,0.39803227186203
QSSRSNG,1.7133656740188599,-2.9182257652282715,0.7142857142857143,0.2857142857142857,0.2417267709970474,0.1417267709970474
FHHRGNN,0.17593814432621002,0.41469806432724,0.4285714285714285,0.1428571428571428,0.5905776023864746,0.3905776023864746
YSSRANN,2.634239435195923,-1.3265005350112915,0.4285714285714285,0.1428571428571428,0.4083296656608581,0.2083296656608581
YYLKINT,-1.5029296875,-0.24929143488407135,0.7142857142857143,0.4285714285714285,0.454717069864273,0.3547170698642731
YVRRGNN,-2.3716607093811035,0.788108766078949,0.4285714285714285,0.1428571428571428,0.3564025461673736,0.1564025461673736
YYRRGGN,-2.995302200317383,0.28730034828186035,0.4285714285714285,0.1428571428571428,0.2858248353004455,0.0858248353004455
HYQRIDN,-0.1466904878616333,-1.3615069389343262,0.7142857142857143,0.2857142857142857,0.4046655893325805,0.3046655893325806
ISHRSNT,1.0749861001968384,-2.056436061859131,0.7142857142857143,0.1428571428571428,0.3319286704063415,0.2319286704063415
AHHSSNN,0.3391968011856079,-2.906759262084961,0.4285714285714285,0.2857142857142857,0.2429269552230835,0.0429269552230835
YYSRASN,0.7236467599868774,-0.22919370234012604,0.5714285714285714,0.1428571428571428,0.5231826901435852,0.3731826901435852
YHHRGEN,1.0797446966171265,0.11781605333089828,0.4285714285714285,0.2857142857142857,0.5595034956932068,0.3595034956932068
VYSRNAN,1.5780045986175537,0.9606466889381409,0.4285714285714285,0.1428571428571428,0.647720992565155,0.4477209925651551
MMSRVTN,1.3521164655685425,-2.232314109802246,0.7142857142857143,0.4285714285714285,0.3135198652744293,0.2135198652744293
VSSRQMN,1.4277617931365967,-3.8582680225372314,0.5714285714285714,0.1428571428571428,0.1433343291282653,0.0
AYFRNNS,-0.9420049786567688,-0.5302152633666992,0.5714285714285714,0.4285714285714285,0.491675317287445,0.341675317287445
GYYRGEI,-1.238896131515503,0.28103649616241455,0.7142857142857143,0.2857142857142857,0.4845978617668152,0.3845978617668152
YYRRSQN,-3.240212917327881,1.2408682107925415,0.4285714285714285,0.1428571428571428,0.2581082284450531,0.0581082284450531
QSFRLVS,-0.7731605172157288,-1.5394618511199951,0.7142857142857143,0.5714285714285714,0.3860393762588501,0.2860393762588501
QYHRSGL,-0.6224738359451294,0.8720762729644775,0.5714285714285714,0.2857142857142857,0.5543585419654846,0.4043585419654846
MYRRIIT,-3.7458114624023438,0.3691258430480957,0.7142857142857143,0.4285714285714285,0.2008894830942154,0.1008894830942154
YTTISEN,-0.4466463625431061,-2.2956275939941406,0.5714285714285714,0.2857142857142857,0.3068929612636566,0.1568929612636566
YYRRAHN,-4.072498321533203,0.5539664626121521,0.4285714285714285,0.2857142857142857,0.1639182418584823,0.0
MYQRVNN,1.1399067640304565,-1.607407569885254,0.7142857142857143,0.2857142857142857,0.3789276480674743,0.2789276480674744
IHRYSNN,0.6662584543228149,2.38992977142334,0.2857142857142857,0.2857142857142857,0.7002047300338745,0.4502047300338745
AYHRHGN,-0.8533411622047424,0.6263631582260132,0.7142857142857143,0.2857142857142857,0.5282312035560608,0.4282312035560608
YSQRSMN,1.4890594482421875,-1.9296098947525024,0.4285714285714285,0.1428571428571428,0.3452033400535583,0.1452033400535583
SYSSLSN,0.22103364765644073,-1.2232515811920166,0.5714285714285714,0.2857142857142857,0.419136494398117,0.269136494398117
VYFSGEN,-2.4453277587890625,-1.1454814672470093,0.5714285714285714,0.4285714285714285,0.3480656147003174,0.1980656147003174
HHRRNHN,-2.7297756671905518,0.5609955191612244,0.5714285714285714,0.2857142857142857,0.3158745467662811,0.1658745467662811
YYRRSNS,-3.4718363285064697,0.47632408142089844,0.4285714285714285,0.2857142857142857,0.2318953275680542,0.0318953275680542
TSHLSPN,-0.1549125462770462,-3.7086451053619385,0.5714285714285714,0.2857142857142857,0.1589950770139694,0.0089950770139694
YYIRGGQ,-1.3196498155593872,0.0196726992726326,0.7142857142857143,0.2857142857142857,0.475458949804306,0.375458949804306
YYSRSAQ,0.49157366156578064,-0.10019354522228241,0.5714285714285714,0.2857142857142857,0.5366848707199097,0.3866848707199096
YIHRSNP,0.21770593523979187,0.20452992618083954,0.5714285714285714,0.2857142857142857,0.5685796737670898,0.4185796737670898
YYHSLAN,-1.5980998277664185,-0.44776642322540283,0.5714285714285714,0.2857142857142857,0.4439466595649719,0.2939466595649719
YSHRANN,2.5036022663116455,0.21362408995628357,0.4285714285714285,0.1428571428571428,0.5695315599441528,0.3695315599441529
YYSPQFL,-2.9965906143188477,-1.2589433193206787,0.7142857142857143,0.4285714285714285,0.2856790423393249,0.1856790423393249
SSHRGAD,1.004220724105835,-2.9810428619384766,0.5714285714285714,0.4285714285714285,0.2351518273353576,0.0851518273353576
YYHRSQN,-1.0289671421051025,1.5204558372497559,0.4285714285714285,0.1428571428571428,0.5083555579185486,0.3083555579185486
YYQRGNN,0.4221345782279968,0.11661987751722336,0.5714285714285714,0.1428571428571428,0.5593783259391785,0.4093783259391784
SYHFSWW,-4.8089423179626465,1.3482639789581299,0.5714285714285714,0.4285714285714285,0.0805746465921402,0.0
NYLKSNA,1.9812438488006592,-1.0019299983978271,0.5714285714285714,0.4285714285714285,0.442301869392395,0.292301869392395
ISHRSNN,1.4521647691726685,-1.6635117530822754,0.5714285714285714,0.0,0.3730553090572357,0.2230553090572357
IYHRVSN,-0.0041114576160907745,2.0266623497009277,0.5714285714285714,0.1428571428571428,0.6243388056755066,0.4743388056755065
QYRRAPN,-2.8320374488830566,-0.07734338194131851,0.4285714285714285,0.2857142857142857,0.3043015599250793,0.1043015599250793
YHSGSSP,1.04862380027771,-3.021015167236328,0.5714285714285714,0.4285714285714285,0.2309679985046386,0.0809679985046386
YYHFSVN,-3.0415186882019043,-0.049752648919820786,0.5714285714285714,0.2857142857142857,0.2805944979190826,0.1305944979190826
GHRRIEN,-1.4140222072601318,-0.5507466793060303,0.5714285714285714,0.2857142857142857,0.4647788107395172,0.3147788107395172
YYSRFQN,-1.4660686254501343,0.01113075576722622,0.5714285714285714,0.2857142857142857,0.4588886499404907,0.3088886499404907
YYSVQSN,-1.2283872365951538,-1.2641359567642212,0.7142857142857143,0.2857142857142857,0.4148572385311126,0.3148572385311127
HLFDASN,-1.0143479108810425,-2.528999090194702,0.7142857142857143,0.5714285714285714,0.2824664115905761,0.1824664115905762
VYHRGGN,0.9304596185684204,0.24301737546920776,0.5714285714285714,0.1428571428571428,0.5726081132888794,0.4226081132888794
YYHQVSN,-1.7554967403411865,-0.7194980382919312,0.5714285714285714,0.2857142857142857,0.4261339902877807,0.2761339902877807
LYHVSNN,-0.31231120228767395,-2.318378448486328,0.5714285714285714,0.1428571428571428,0.3045116662979126,0.1545116662979126
LIHYSNN,-0.9901196360588074,-1.7542387247085571,0.5714285714285714,0.2857142857142857,0.3635591268539428,0.2135591268539428
YYHRSSN,-1.4665004014968872,1.0760574340820312,0.5714285714285714,0.0,0.4588398039340973,0.3088398039340972
AYSRGMN,0.5771499872207642,0.6653715372085571,0.5714285714285714,0.2857142857142857,0.6168150901794434,0.4668150901794433
SHRRAYN,-4.161532878875732,0.24946443736553192,0.5714285714285714,0.2857142857142857,0.1538421660661697,0.0038421660661697
YSHRSVN,1.0718961954116821,1.0182483196258545,0.5714285714285714,0.1428571428571428,0.6537500619888306,0.5037500619888305
YYHRFNS,-1.7143646478652954,0.47442224621772766,0.5714285714285714,0.1428571428571428,0.4307889342308044,0.2807889342308044
YSTSQNN,0.669011116027832,-3.5247421264648438,0.5714285714285714,0.1428571428571428,0.1782438606023788,0.0282438606023788
YYHMYNN,-3.086568832397461,-1.110878586769104,0.5714285714285714,0.1428571428571428,0.2754961848258972,0.1254961848258972
YYHRQSG,-1.5047374963760376,0.8925884366035461,0.4285714285714285,0.2857142857142857,0.4545125067234039,0.254512506723404
YSHWTEN,-1.3156929016113281,-0.09981749951839447,0.5714285714285714,0.2857142857142857,0.4759067296981811,0.3259067296981811
SVHRFSN,0.15425829589366913,-0.2775593400001526,0.7142857142857143,0.2857142857142857,0.5181203484535217,0.4181203484535217
YSHISNN,1.5637580156326294,-1.2139546871185303,0.4285714285714285,0.1428571428571428,0.4201096296310425,0.2201096296310425
YQRRYPN,-2.5950028896331787,-0.04221726208925247,0.4285714285714285,0.2857142857142857,0.3311268389225006,0.1311268389225006
GYHRIPF,-3.0792739391326904,0.4117332398891449,0.7142857142857143,0.4285714285714285,0.2763217389583587,0.1763217389583588
AYGVSNN,0.9120785593986511,-2.5240955352783203,0.5714285714285714,0.2857142857142857,0.2829796373844147,0.1329796373844146
VIHLSHN,-0.48406821489334106,-3.5245625972747803,0.5714285714285714,0.2857142857142857,0.1782626509666443,0.0282626509666442
QSRRLNN,-3.1985690593719482,-0.4797353744506836,0.5714285714285714,0.2857142857142857,0.2628210783004761,0.112821078300476
YLRPSGE,1.7427067756652832,-2.8520121574401855,0.5714285714285714,0.2857142857142857,0.2486572265625,0.0986572265625
YHSNSNN,0.9462199807167053,-2.236748218536377,0.2857142857142857,0.2857142857142857,0.3130557537078857,0.0630557537078857
YYRRSEN,-0.8751363158226013,1.265745759010315,0.4285714285714285,0.1428571428571428,0.5257646441459656,0.3257646441459656
YYRRSPQ,-3.4032773971557617,0.5053277015686035,0.5714285714285714,0.2857142857142857,0.2396541684865951,0.0896541684865951
AYSSSSS,0.9651172161102295,-2.811774253845215,0.5714285714285714,0.4285714285714285,0.2528688609600067,0.1028688609600067
YYHRSHE,-0.14902658760547638,-0.3709912896156311,0.5714285714285714,0.2857142857142857,0.5083410143852234,0.3583410143852233
IFHRSNN,0.44283267855644226,0.6731640696525574,0.5714285714285714,0.1428571428571428,0.6176307201385498,0.4676307201385498
YQRRSSN,-2.7230894565582275,-0.15024864673614502,0.4285714285714285,0.1428571428571428,0.3166312277317047,0.1166312277317047
LYSRSNQ,0.35401734709739685,1.198696255683899,0.5714285714285714,0.2857142857142857,0.6648682951927185,0.5148682951927185
YYRRAQN,-3.658267021179199,0.4724676311016083,0.4285714285714285,0.2857142857142857,0.2107969224452972,0.0107969224452972
YYRRGAS,-3.3667211532592773,0.22063224017620087,0.5714285714285714,0.2857142857142857,0.243791252374649,0.093791252374649
YSSRPNN,2.347168445587158,-1.935923457145691,0.5714285714285714,0.1428571428571428,0.3445425033569336,0.1945425033569336
KYSRSNA,-2.1841413974761963,-0.32493069767951965,0.5714285714285714,0.1428571428571428,0.3776241540908813,0.2276241540908813
YDSRSNN,1.0020523071289062,-1.7356929779052734,0.4285714285714285,0.1428571428571428,0.3655002415180206,0.1655002415180206
YSRRSAN,-2.289138078689575,1.2272822856903076,0.4285714285714285,0.1428571428571428,0.3657416403293609,0.1657416403293609
QYRRSNN,-3.216153383255005,0.40572839975357056,0.4285714285714285,0.1428571428571428,0.2608310580253601,0.0608310580253601
YYSIVQT,-2.272984027862549,-0.6863577961921692,0.7142857142857143,0.4285714285714285,0.3675698041915893,0.2675698041915894
YYRRSVE,-1.0415489673614502,0.4166942536830902,0.5714285714285714,0.2857142857142857,0.5069316625595093,0.3569316625595092
YHRLSNN,2.24538516998291,4.315680980682373,0.0,0.0,0.878915011882782,0.528915011882782
QYHRSST,0.7765141725540161,1.262603521347046,0.5714285714285714,0.0,0.6793262362480164,0.5293262362480163
VYSRSNT,0.9060590863227844,2.9841690063476562,0.4285714285714285,0.0,0.7273430824279785,0.5273430824279786
SYHRLSE,0.47205033898353577,1.4440486431121826,0.5714285714285714,0.0,0.6782261729240417,0.5282261729240417
VYHRVNN,0.7539680004119873,1.280434012413025,0.5714285714285714,0.0,0.6811925768852234,0.5311925768852234
IYSRSGN,1.5717068910598755,1.7687324285507202,0.4285714285714285,0.0,0.7323018312454224,0.5323018312454224
YLHRLSN,0.03801601380109787,1.7008572816848755,0.7142857142857143,0.0,0.629106342792511,0.529106342792511
VYHRQDI,0.4855618178844452,1.324009656906128,0.5714285714285714,0.0,0.6797552704811096,0.5297552704811096
PYHRPNN,0.13581179082393646,0.823782742023468,0.7142857142857143,0.0,0.6333957314491272,0.5333957314491272
QYHRSNN,0.49870648980140686,1.3024613857269287,0.5714285714285714,0.0,0.681242823600769,0.531242823600769
QYHRSNN,0.49870648980140686,1.3024613857269287,0.5714285714285714,0.0,0.681242823600769,0.531242823600769
QYHRSNN,0.49870648980140686,1.3024613857269287,0.5714285714285714,0.0,0.681242823600769,0.531242823600769
QYHRSNN,0.49870648980140686,1.3024613857269287,0.5714285714285714,0.0,0.681242823600769,0.531242823600769
YSRSSVN,2.4003820419311523,1.7830203771591187,0.4285714285714285,0.0,0.7337973117828369,0.533797311782837
YSRSSVN,2.4003820419311523,1.7830203771591187,0.4285714285714285,0.0,0.7337973117828369,0.533797311782837
YSRVMEN,1.0435162782669067,1.7955015897750854,0.4285714285714285,0.0,0.7351037263870239,0.535103726387024
YYHRGEA,0.06672336161136627,1.6653269529342651,0.7142857142857143,0.0,0.6323552131652832,0.5323552131652832
IYSRNNN,0.9791157245635986,1.3348230123519897,0.5714285714285714,0.0,0.6868853569030762,0.5368853569030761
IYARSDN,0.5275266170501709,1.687268614768982,0.5714285714285714,0.0,0.6845043897628784,0.5345043897628784
YSRVNNN,3.1117184162139893,2.300304889678955,0.2857142857142857,0.0,0.787940502166748,0.537940502166748
YSRVNEN,1.599050760269165,2.3024837970733643,0.2857142857142857,0.0,0.7881686091423035,0.5381686091423035
IYSRSND,1.1894460916519165,1.8282781839370728,0.4285714285714285,0.0,0.7385343313217163,0.5385343313217164
YVHRSTN,0.6905807256698608,1.3568605184555054,0.5714285714285714,0.0,0.689191997051239,0.539191997051239
NYSRSNN,1.1415168046951294,1.362898826599121,0.5714285714285714,0.0,0.6898239850997925,0.5398239850997925
NYSRSNN,1.1415168046951294,1.362898826599121,0.5714285714285714,0.0,0.6898239850997925,0.5398239850997925
NYSRSNN,1.1415168046951294,1.362898826599121,0.5714285714285714,0.0,0.6898239850997925,0.5398239850997925
NYSRSNN,1.1415168046951294,1.362898826599121,0.5714285714285714,0.0,0.6898239850997925,0.5398239850997925
IYHRANT,0.1060233861207962,1.439754605293274,0.7142857142857143,0.0,0.6368027925491333,0.5368027925491333
YSRSQNN,1.771315336227417,1.8466640710830688,0.4285714285714285,0.0,0.7404587864875793,0.5404587864875794
YSRSQNN,1.771315336227417,1.8466640710830688,0.4285714285714285,0.0,0.7404587864875793,0.5404587864875794
YSRSQNN,1.771315336227417,1.8466640710830688,0.4285714285714285,0.0,0.7404587864875793,0.5404587864875794
YSRSQNN,1.771315336227417,1.8466640710830688,0.4285714285714285,0.0,0.7404587864875793,0.5404587864875794
IYSRSNG,1.566129446029663,1.8501169681549072,0.4285714285714285,0.0,0.7408202290534973,0.5408202290534974
YSRISNN,2.958439588546753,2.3349082469940186,0.2857142857142857,0.0,0.7915623784065247,0.5415623784065247
QYHRAAN,0.5593296885490417,0.9051790833473206,0.7142857142857143,0.0,0.6419153213500977,0.5419153213500977
MYSRNNN,1.264977216720581,0.905227541923523,0.7142857142857143,0.0,0.6419203877449036,0.5419203877449036
VYHRSEN,1.018811821937561,1.9873669147491455,0.4285714285714285,0.0,0.7401033043861389,0.540103304386139
SYHRSST,0.876466691493988,1.387302041053772,0.5714285714285714,0.0,0.6923782229423523,0.5423782229423523
YSRLGQD,2.593733549118042,2.350282669067383,0.2857142857142857,0.0,0.7931715846061707,0.5431715846061707
IYHRSAN,0.5817400217056274,1.5826431512832642,0.5714285714285714,0.0,0.6906397342681885,0.5406397342681885
IYHRSAN,0.5817400217056274,1.5826431512832642,0.5714285714285714,0.0,0.6906397342681885,0.5406397342681885
IYHRSAN,0.5817400217056274,1.5826431512832642,0.5714285714285714,0.0,0.6906397342681885,0.5406397342681885
YHRLGSN,1.477121114730835,4.03782844543457,0.2857142857142857,0.0,0.7919703125953674,0.5419703125953674
YSRVDEL,0.932559609413147,1.4018746614456177,0.5714285714285714,0.0,0.6939035058021545,0.5439035058021545
MYHRLNN,0.1461704671382904,0.9471721649169922,0.7142857142857143,0.0,0.641346275806427,0.541346275806427
SYARSNN,0.6724101901054382,1.4104926586151123,0.5714285714285714,0.0,0.6948055028915405,0.5448055028915405
HYSRSPN,0.7927325367927551,1.4149210453033447,0.5714285714285714,0.0,0.6952691078186035,0.5452691078186035
HYSRSPN,0.7927325367927551,1.4149210453033447,0.5714285714285714,0.0,0.6952691078186035,0.5452691078186035
YSRSSPN,2.597914934158325,2.374415636062622,0.2857142857142857,0.0,0.7956975698471069,0.5456975698471069
YSRSSPN,2.597914934158325,2.374415636062622,0.2857142857142857,0.0,0.7956975698471069,0.5456975698471069
YSRSSPN,2.597914934158325,2.374415636062622,0.2857142857142857,0.0,0.7956975698471069,0.5456975698471069
IHRFTNN,1.082924246788025,1.9056215286254883,0.4285714285714285,0.0,0.7466297745704651,0.5466297745704651
YSRSQSN,1.6020078659057617,1.911088228225708,0.4285714285714285,0.0,0.7472019791603088,0.5472019791603089
YSRSQSN,1.6020078659057617,1.911088228225708,0.4285714285714285,0.0,0.7472019791603088,0.5472019791603089
VYHRGSN,0.7546353340148926,1.441296100616455,0.5714285714285714,0.0,0.6980296969413757,0.5480296969413757
IYHRGSN,0.7749402523040771,1.4427777528762817,0.5714285714285714,0.0,0.6981847286224365,0.5481847286224365
IYHRGSN,0.7749402523040771,1.4427777528762817,0.5714285714285714,0.0,0.6981847286224365,0.5481847286224365
IYHRGSN,0.7749402523040771,1.4427777528762817,0.5714285714285714,0.0,0.6981847286224365,0.5481847286224365
IYSRQSV,0.6286096572875977,3.3399436473846436,0.5714285714285714,0.0,0.6959440112113953,0.5459440112113952
TYTRSTN,1.59111750125885,1.9248038530349731,0.4285714285714285,0.0,0.7486374974250793,0.5486374974250794
SYHRSAT,0.6395063996315002,2.118192672729492,0.5714285714285714,0.0,0.6971772313117981,0.5471772313117981
QYSRSNA,1.9483537673950195,1.4585751295089722,0.5714285714285714,0.0,0.6998382806777954,0.5498382806777954
YSRSQNP,2.1303699016571045,1.4667940139770508,0.5714285714285714,0.0,0.7006984949111938,0.5506984949111938
YVHRSVS,0.20331092178821564,1.17111074924469,0.7142857142857143,0.0,0.6478128433227539,0.5478128433227539
YSRSVLN,1.1015516519546509,1.954687237739563,0.4285714285714285,0.0,0.7494670152664185,0.5494670152664185
YSRVLEN,1.1041735410690308,2.9875757694244385,0.4285714285714285,0.0,0.7497637271881104,0.5497637271881104
YSRSINN,2.091066837310791,1.9562560319900513,0.4285714285714285,0.0,0.7519295811653137,0.5519295811653138
YSRSINN,2.091066837310791,1.9562560319900513,0.4285714285714285,0.0,0.7519295811653137,0.5519295811653138
NYHRLNN,0.2813147008419037,1.005241870880127,0.7142857142857143,0.0,0.6523886919021606,0.5523886919021607
SYSRLNN,0.6691986322402954,3.2765274047851562,0.5714285714285714,0.0,0.7005375027656555,0.5505375027656555
YHRVSSN,1.5664353370666504,2.688844680786133,0.2857142857142857,0.0,0.8020780086517334,0.5520780086517334
QYSRGSN,1.5451799631118774,1.4965078830718994,0.5714285714285714,0.0,0.703808605670929,0.5538086056709289
IYHRSGN,0.6821259260177612,1.4967525005340576,0.5714285714285714,0.0,0.7020004987716675,0.5520004987716675
LYHRSNN,0.6776084899902344,1.5064384937286377,0.5714285714285714,0.0,0.7014892101287842,0.5514892101287842
SYSRSEL,0.6797801852226257,3.091238021850586,0.5714285714285714,0.0,0.7017350196838379,0.5517350196838379
QYSRNNP,1.5083811283111572,1.5115464925765991,0.5714285714285714,0.0,0.7053827047348022,0.5553827047348022
SYSRLHE,0.7578845620155334,1.5178667306900024,0.5714285714285714,0.0,0.7060441970825195,0.5560441970825195
YLHRGNS,0.6472460627555847,1.0436344146728516,0.7142857142857143,0.0,0.6564071774482727,0.5564071774482727
YLHRGNS,0.6472460627555847,1.0436344146728516,0.7142857142857143,0.0,0.6564071774482727,0.5564071774482727
IYHRSEN,0.7110471725463867,1.5264701843261719,0.5714285714285714,0.0,0.7052735090255737,0.5552735090255737
IYHRSEN,0.7110471725463867,1.5264701843261719,0.5714285714285714,0.0,0.7052735090255737,0.5552735090255737
IYHRSEN,0.7110471725463867,1.5264701843261719,0.5714285714285714,0.0,0.7052735090255737,0.5552735090255737
IYHRSNG,0.8296962380409241,1.531541347503662,0.5714285714285714,0.0,0.707475483417511,0.557475483417511
YSRSLVN,1.1651840209960938,2.2716965675354004,0.4285714285714285,0.0,0.7566683292388916,0.5566683292388916
YHRVGSN,1.222070336341858,2.021982192993164,0.4285714285714285,0.0,0.7588090300559998,0.5588090300559998
QYSRSND,1.1993532180786133,1.5455397367477417,0.5714285714285714,0.0,0.7089406847953796,0.5589406847953796
VYTRANV,1.1700628995895386,3.1846587657928467,0.4285714285714285,0.0,0.757220447063446,0.5572204470634461
VYHRGLN,0.7348124980926514,2.4616787433624268,0.5714285714285714,0.0,0.7079629898071289,0.5579629898071289
IYHRVNN,0.2880707383155823,1.2022349834442139,0.7142857142857143,0.0,0.6574051380157471,0.5574051380157471
IYHRVNN,0.2880707383155823,1.2022349834442139,0.7142857142857143,0.0,0.6574051380157471,0.5574051380157471
IYSRSNN,1.209181785583496,3.098268508911133,0.4285714285714285,0.0,0.7616475224494934,0.5616475224494935
SYHRSNN,0.7627543807029724,2.127140998840332,0.5714285714285714,0.0,0.7111252546310425,0.5611252546310425
SYHRSNN,0.7627543807029724,2.127140998840332,0.5714285714285714,0.0,0.7111252546310425,0.5611252546310425
SYHRSNN,0.7627543807029724,2.127140998840332,0.5714285714285714,0.0,0.7111252546310425,0.5611252546310425
YSRSSVQ,1.976434350013733,1.5923123359680176,0.5714285714285714,0.0,0.7138362526893616,0.5638362526893616
IYHRANN,0.33326804637908936,1.7570427656173706,0.7142857142857143,0.0,0.662520170211792,0.562520170211792
IYSRTNN,0.7924732565879822,2.7223355770111084,0.5714285714285714,0.0,0.7144885063171387,0.5644885063171386
YSRSANN,2.7788655757904053,2.5977861881256104,0.2857142857142857,0.0,0.8190773129463196,0.5690773129463196
YSRSLGN,1.5712090730667114,2.120896100997925,0.4285714285714285,0.0,0.769162118434906,0.569162118434906
YSRSPGE,1.8658947944641113,1.645357608795166,0.5714285714285714,0.0,0.7193884253501892,0.5693884253501892
VYHRGNN,0.8171966671943665,1.7982733249664307,0.5714285714285714,0.0,0.7172864675521851,0.567286467552185
VYHRGNN,0.8171966671943665,1.7982733249664307,0.5714285714285714,0.0,0.7172864675521851,0.567286467552185
YSRVLGN,1.4600673913955688,2.137068271636963,0.4285714285714285,0.0,0.7708548307418823,0.5708548307418824
YSRVLGN,1.4600673913955688,2.137068271636963,0.4285714285714285,0.0,0.7708548307418823,0.5708548307418824
QYHRANN,0.8508756756782532,1.2021807432174683,0.7142857142857143,0.0,0.6730019450187683,0.5730019450187683
VYSRVAN,0.8509868383407593,2.5880870819091797,0.5714285714285714,0.0,0.7211105227470398,0.5711105227470398
YSRSGNN,2.8404319286346436,2.65136456489563,0.2857142857142857,0.0,0.824685275554657,0.574685275554657
TYSRGTN,1.5971348285675049,1.7018580436706543,0.5714285714285714,0.0,0.7253022193908691,0.5753022193908691
YSRLGQN,2.523437738418579,2.67421555519104,0.2857142857142857,0.0,0.8270770311355591,0.5770770311355591
YSRSQAN,1.7623904943466187,2.207921266555786,0.4285714285714285,0.0,0.7782709002494812,0.5782709002494812
MYSRSNN,1.5054917335510254,1.7826772928237915,0.5714285714285714,0.0,0.7337613701820374,0.5837613701820373
MYSRSNN,1.5054917335510254,1.7826772928237915,0.5714285714285714,0.0,0.7337613701820374,0.5837613701820373
IYSRSAN,1.4985451698303223,2.275128126144409,0.4285714285714285,0.0,0.7853052616119385,0.5853052616119385
VYTRANN,1.4377975463867188,2.749725580215454,0.4285714285714285,0.0,0.7875200510025024,0.5875200510025025
VYTRANN,1.4377975463867188,2.749725580215454,0.4285714285714285,0.0,0.7875200510025024,0.5875200510025025
VYTRANN,1.4377975463867188,2.749725580215454,0.4285714285714285,0.0,0.7875200510025024,0.5875200510025025
VYTRANN,1.4377975463867188,2.749725580215454,0.4285714285714285,0.0,0.7875200510025024,0.5875200510025025
YSRVSNN,2.917630195617676,2.8026349544525146,0.2857142857142857,0.0,0.8405184149742126,0.5905184149742126
YSRSSGN,2.498208522796631,2.3260834217071533,0.4285714285714285,0.0,0.7906387448310852,0.5906387448310852
YSRSSGN,2.498208522796631,2.3260834217071533,0.4285714285714285,0.0,0.7906387448310852,0.5906387448310852
SYHRSPN,1.009524941444397,1.9068986177444458,0.5714285714285714,0.0,0.7390522956848145,0.5890522956848144
YSRSSAN,2.5067453384399414,2.3360517024993896,0.4285714285714285,0.0,0.7916820645332336,0.5916820645332337
MYSRANN,1.9002363681793213,1.3881070613861084,0.7142857142857143,0.0,0.6924624443054199,0.5924624443054199
YSRSGPN,2.7878224849700928,3.3061652183532715,0.1428571428571428,0.0,0.8932220339775085,0.5932220339775085
YSRSLNN,2.0125224590301514,2.3630013465881348,0.4285714285714285,0.0,0.794502854347229,0.594502854347229
TYSRSNN,1.0697753429412842,2.0232675075531006,0.5714285714285714,0.0,0.74587082862854,0.59587082862854
TYSRSNN,1.0697753429412842,2.0232675075531006,0.5714285714285714,0.0,0.74587082862854,0.59587082862854
SYSRSNN,1.0727022886276245,2.1194589138031006,0.5714285714285714,0.0,0.7462021112442017,0.5962021112442016
SYSRSNN,1.0727022886276245,2.1194589138031006,0.5714285714285714,0.0,0.7462021112442017,0.5962021112442016
SYSRSNN,1.0727022886276245,2.1194589138031006,0.5714285714285714,0.0,0.7462021112442017,0.5962021112442016
SYSRSNN,1.0727022886276245,2.1194589138031006,0.5714285714285714,0.0,0.7462021112442017,0.5962021112442016
YSRSGSN,2.758145809173584,2.9118716716766357,0.2857142857142857,0.0,0.8519520163536072,0.6019520163536072
YSRSGSN,2.758145809173584,2.9118716716766357,0.2857142857142857,0.0,0.8519520163536072,0.6019520163536072
QYSRSNN,1.1347072124481201,2.8329105377197266,0.5714285714285714,0.0,0.7532191872596741,0.603219187259674
QYSRSNN,1.1347072124481201,2.8329105377197266,0.5714285714285714,0.0,0.7532191872596741,0.603219187259674
YSRLSNN,3.315321445465088,3.4239096641540527,0.1428571428571428,0.0,0.9055461287498474,0.6055461287498474
QYSRSSN,1.2236515283584595,2.193639039993286,0.5714285714285714,0.0,0.7632851004600525,0.6132851004600525
QYSRSTN,1.287840723991394,2.425595283508301,0.5714285714285714,0.0,0.7705494165420532,0.6205494165420532
QYSRSTN,1.287840723991394,2.425595283508301,0.5714285714285714,0.0,0.7705494165420532,0.6205494165420532
YSRLSQN,2.523674249649048,3.461937665939331,0.2857142857142857,0.0,0.9095264077186584,0.6595264077186584
