seq,fitness_pred,htfr1_pred,ref_dist,div_prev,reward_signal,final_score
YKSPCPH,-2.751703977584839,-2.2903292179107666,0.7142857142857143,0.5714285714285714,0.2829560041427612,0.1829560041427612
VYHHREN,0.25495222210884094,-0.7162693738937378,0.7142857142857143,0.1428571428571428,0.4889553785324096,0.3889553785324097
QYHRANF,-1.2583805322647095,0.4140826165676117,0.7142857142857143,0.1428571428571428,0.4594475328922272,0.3594475328922272
INRQSMN,2.2495291233062744,-3.3521950244903564,0.5714285714285714,0.4285714285714285,0.1945153325796127,0.0445153325796127
SSSLASI,-0.7149373292922974,-3.9318344593048096,0.7142857142857143,0.4285714285714285,0.1297680288553238,0.0297680288553238
QYHRSNP,0.7473342418670654,1.1116129159927368,0.4285714285714285,0.1428571428571428,0.6931347846984863,0.4931347846984864
TYCRGSN,-3.7825276851654053,0.42998793721199036,0.5714285714285714,0.2857142857142857,0.1611259579658508,0.0111259579658508
YYVRIHE,-1.8494964838027954,-0.004663260653614998,0.7142857142857143,0.2857142857142857,0.3895852565765381,0.2895852565765381
YVQRSEC,-3.652968406677246,0.4003690779209137,0.7142857142857143,0.2857142857142857,0.1764381974935531,0.0764381974935531
VYATTLY,-2.9799726009368896,0.09592500329017639,0.5714285714285714,0.5714285714285714,0.255977600812912,0.1059776008129119
PDVERND,0.42312091588974,-4.62508487701416,0.5714285714285714,0.2857142857142857,0.0523300766944885,0.0
YSEAQQG,0.2650900185108185,-3.2461068630218506,0.7142857142857143,0.4285714285714285,0.2063656747341156,0.1063656747341156
TRSRSCF,-4.672535419464111,-0.08778940141201019,0.5714285714285714,0.2857142857142857,0.0559385567903518,0.0
SCHRPNN,-3.4398090839385986,-0.07932794839143753,0.7142857142857143,0.1428571428571428,0.2016308754682541,0.1016308754682541
YYSRVMN,-1.9044973850250244,0.23367488384246826,0.5714285714285714,0.2857142857142857,0.3830848634243011,0.2330848634243011
YHTVSAW,-2.4486258029937744,0.09425457566976547,0.5714285714285714,0.1428571428571428,0.3187759220600128,0.1687759220600128
EYHGDNQ,-0.3667847514152527,-3.520087957382202,0.7142857142857143,0.2857142857142857,0.1757612377405166,0.0757612377405166
IDPGSIN,-0.5057259202003479,-4.203723430633545,0.5714285714285714,0.4285714285714285,0.0993972942233085,0.0
IYPVGHP,-0.19441385567188263,-2.5608632564544678,0.7142857142857143,0.4285714285714285,0.2829092442989349,0.1829092442989349
VYARSPN,1.15011465549469,2.4384191036224365,0.4285714285714285,0.1428571428571428,0.7441005110740662,0.5441005110740662
YMRRSNA,-2.6222286224365234,0.3564072251319885,0.4285714285714285,0.2857142857142857,0.2982583045959472,0.0982583045959472
YKHRPNS,-2.631685495376587,0.10162834078073502,0.7142857142857143,0.2857142857142857,0.2971406280994415,0.1971406280994415
SYGSQPN,0.5196955800056458,-1.9068622589111328,0.5714285714285714,0.2857142857142857,0.3559629321098327,0.2059629321098327
QESLYEN,-1.83470618724823,-2.7304022312164307,0.7142857142857143,0.4285714285714285,0.2639712691307068,0.1639712691307068
GKYFSNI,-0.5370442271232605,-1.053437352180481,0.5714285714285714,0.4285714285714285,0.4512928426265716,0.3012928426265716
DYSRANN,0.9474169611930847,-0.5144755244255066,0.7142857142857143,0.1428571428571428,0.511496365070343,0.411496365070343
YFYRDLV,-2.905801773071289,-0.12458710372447968,0.7142857142857143,0.5714285714285714,0.2647436261177063,0.1647436261177063
YKSRLGN,-2.678260087966919,-0.5705023407936096,0.7142857142857143,0.1428571428571428,0.2916361093521118,0.1916361093521118
YSIKSLE,1.1660152673721313,-1.016000747680664,0.5714285714285714,0.4285714285714285,0.4554745852947235,0.3054745852947235
YLRRAND,0.6665840744972229,-0.4971682131290436,0.5714285714285714,0.2857142857142857,0.5134296417236328,0.3634296417236328
SYTRTVN,1.1622604131698608,1.6107559204101562,0.4285714285714285,0.2857142857142857,0.7455359697341919,0.5455359697341919
TNHIGND,-0.023882418870925903,-4.271299839019775,0.7142857142857143,0.4285714285714285,0.0918488278985023,0.0
IHSRQFN,-0.011489558033645153,-0.029881088063120842,0.5714285714285714,0.2857142857142857,0.565626859664917,0.4156268596649169
YYDHGNQ,-0.9666088819503784,-1.1746432781219482,0.7142857142857143,0.2857142857142857,0.4377537965774536,0.3377537965774536
IPDHSSD,-0.6842962503433228,-4.6985602378845215,0.7142857142857143,0.4285714285714285,0.0441226772964,0.0
SYCHLNM,-4.1702985763549805,-0.102901890873909,0.7142857142857143,0.1428571428571428,0.1152964606881141,0.0152964606881141
FLNFGNN,-1.787082552909851,-2.846101760864258,0.7142857142857143,0.0,0.2510473430156708,0.1510473430156708
FYHRGND,0.3638420104980469,0.7744991779327393,0.7142857142857143,0.1428571428571428,0.6511732339859009,0.5511732339859009
YSESLKN,1.3834301233291626,-3.3979852199554443,0.5714285714285714,0.2857142857142857,0.1894004493951797,0.0394004493951797
YESRVAN,1.0135444402694702,-3.3098795413970947,0.7142857142857143,0.2857142857142857,0.1992420852184295,0.0992420852184295
SYSRSNN,1.0727022886276245,2.1194589138031006,0.5714285714285714,0.0,0.734951376914978,0.584951376914978
VYHLHSP,-0.64914870262146,-1.5680042505264282,0.5714285714285714,0.4285714285714285,0.3938143253326416,0.2438143253326416
VYSRGAN,1.7486071586608887,1.742592453956604,0.5714285714285714,0.1428571428571428,0.7636169195175171,0.6136169195175171
PYSSVYP,-1.7921725511550903,-1.292089819908142,0.7142857142857143,0.4285714285714285,0.3963602185249328,0.2963602185249329
KCKSNRQ,-4.812623500823975,0.76847243309021,0.4285714285714285,0.2857142857142857,0.0393819585442543,0.0
WTPRDHN,-0.049486659467220306,-2.202550172805786,0.7142857142857143,0.4285714285714285,0.3229337930679321,0.2229337930679321
IHRRFQQ,-3.9373340606689453,0.4837537705898285,0.7142857142857143,0.4285714285714285,0.1428298503160476,0.0428298503160476
QVSRLDE,0.6606978178024292,-2.829102039337158,0.7142857142857143,0.2857142857142857,0.2529462575912475,0.1529462575912475
PSVIMLN,-2.269075393676758,-3.6604511737823486,0.5714285714285714,0.2857142857142857,0.1600822806358337,0.0100822806358337
YYWYGSI,-4.133944511413574,1.0221887826919556,0.7142857142857143,0.4285714285714285,0.1195930391550064,0.0195930391550064
TSYRSAI,1.315451979637146,-2.1993157863616943,0.7142857142857143,0.4285714285714285,0.3232950866222381,0.2232950866222381
YERSLFT,-1.8061704635620117,-0.8294957876205444,0.5714285714285714,0.4285714285714285,0.3947058320045471,0.2447058320045471
YSREQKQ,1.2304438352584839,-0.9956966042518616,0.4285714285714285,0.4285714285714285,0.4577426314353943,0.2577426314353943
IYHRINN,0.03865469992160797,0.7241197824478149,0.7142857142857143,0.1428571428571428,0.6127403378486633,0.5127403378486634
VSHRDEN,1.2993897199630737,-3.7738218307495117,0.7142857142857143,0.1428571428571428,0.1474184691905975,0.0474184691905975
SEHYGNN,-1.0346969366073608,-3.2456424236297607,0.5714285714285714,0.4285714285714285,0.2064175456762313,0.0564175456762313
GYPRSND,0.7217245697975159,-1.4578382968902588,0.5714285714285714,0.1428571428571428,0.4061201214790344,0.2561201214790344
IYHQSTN,0.28995320200920105,-2.2471535205841064,0.4285714285714285,0.2857142857142857,0.3179514706134796,0.1179514706134796
VYHRGNY,-1.200508952140808,2.0728073120117188,0.5714285714285714,0.1428571428571428,0.4662871658802032,0.3162871658802032
PEHRDNY,0.6857280731201172,-2.624680519104004,0.7142857142857143,0.2857142857142857,0.2757806777954101,0.1757806777954101
YSSRVPN,2.4058785438537598,-2.46580171585083,0.4285714285714285,0.2857142857142857,0.2935278713703155,0.0935278713703155
YPSTGSN,0.7463774681091309,-4.236973285675049,0.5714285714285714,0.2857142857142857,0.0956831946969032,0.0
YHRSEGV,1.5805244445800781,-0.5253824591636658,0.5714285714285714,0.1428571428571428,0.5102779865264893,0.3602779865264892
NSHSSLN,-0.24704818427562714,-3.8839235305786133,0.5714285714285714,0.2857142857142857,0.1351198107004165,0.0
SYSRSPM,1.3201563358306885,0.32820358872413635,0.4285714285714285,0.2857142857142857,0.6056258678436279,0.405625867843628
SYSLSWI,-4.205653190612793,1.245924711227417,0.4285714285714285,0.4285714285714285,0.1111179962754249,0.0
YWTKLNI,-2.6132261753082275,0.1979806125164032,0.7142857142857143,0.2857142857142857,0.2993222773075104,0.1993222773075104
NHMKSAN,1.2750920057296753,-2.2303688526153564,0.5714285714285714,0.4285714285714285,0.3198263645172119,0.1698263645172119
IYHHAAN,0.09854409843683243,-1.3624000549316406,0.7142857142857143,0.2857142857142857,0.4167808592319488,0.3167808592319489
PSIRSYN,0.30570337176322937,-2.953305721282959,0.5714285714285714,0.2857142857142857,0.2390723526477813,0.0890723526477813
YYFIATV,-2.969960927963257,-0.1297290176153183,0.5714285714285714,0.2857142857142857,0.2571608424186706,0.1071608424186706
QYMRSRN,-4.44456148147583,0.5020747184753418,0.5714285714285714,0.2857142857142857,0.0828821286559104,0.0
IYHRARI,-3.8506152629852295,1.0644227266311646,0.5714285714285714,0.2857142857142857,0.1530788838863372,0.0030788838863372
KYHWSVD,-2.692857503890991,0.3350314795970917,0.5714285714285714,0.4285714285714285,0.2899108827114105,0.1399108827114105
TYKRSRN,-3.1495134830474854,0.5280932784080505,0.5714285714285714,0.2857142857142857,0.2359400540590286,0.0859400540590286
STSRPNN,1.299860954284668,-3.8260860443115234,0.7142857142857143,0.2857142857142857,0.1415804177522659,0.0415804177522659
SYGRWRP,-4.185713291168213,0.39478257298469543,0.5714285714285714,0.4285714285714285,0.1134746372699737,0.0
VYHKSAM,1.8534762859344482,0.43461182713508606,0.4285714285714285,0.2857142857142857,0.6175119876861572,0.4175119876861572
QGIRPSD,1.0980995893478394,-3.956101179122925,0.5714285714285714,0.4285714285714285,0.1270573735237121,0.0
YWSRDES,-1.3285503387451172,0.14641442894935608,0.7142857142857143,0.2857142857142857,0.451154351234436,0.351154351234436
ESTSNGD,-1.3958425521850586,-4.528191566467285,0.5714285714285714,0.4285714285714285,0.063153326511383,0.0
NLEHLIS,-0.723159670829773,-5.039993762969971,0.7142857142857143,0.5714285714285714,0.0059836255386471,0.0
YYLTKAN,0.2637558579444885,-1.0942761898040771,0.7142857142857143,0.4285714285714285,0.4467310011386871,0.3467310011386871
YFCGGIF,-4.338846683502197,-0.10754669457674026,0.5714285714285714,0.5714285714285714,0.0953762531280517,0.0
VYTAQSN,0.08548551052808762,-1.8539546728134155,0.5714285714285714,0.1428571428571428,0.3618728518486023,0.2118728518486023
QKSRMAQ,-4.36677885055542,-1.1025440692901611,0.7142857142857143,0.4285714285714285,0.0920750275254249,0.0
CAGMANV,-3.639855146408081,-1.9653033018112183,0.7142857142857143,0.5714285714285714,0.1779880076646804,0.0779880076646804
YYRGSSW,-2.3155934810638428,0.8021346926689148,0.5714285714285714,0.4285714285714285,0.3344986140727997,0.1844986140727997
VNTRSGV,2.1490628719329834,-4.255972862243652,0.4285714285714285,0.4285714285714285,0.0935608893632888,0.0
SRSRWER,-3.926509141921997,0.9623948931694031,0.7142857142857143,0.4285714285714285,0.1441092193126678,0.0441092193126678
YYQRGSN,0.42869648337364197,-0.6424590945243835,0.5714285714285714,0.1428571428571428,0.4972002208232879,0.3472002208232879
NYSRGSD,1.5536530017852783,-0.2689100205898285,0.7142857142857143,0.2857142857142857,0.5389266610145569,0.4389266610145569
YIKLGQL,-0.7994389533996582,-2.0627763271331787,0.5714285714285714,0.4285714285714285,0.3385469019412994,0.1885469019412994
KYSRFNG,-2.922287940979004,-0.3695983290672302,0.5714285714285714,0.4285714285714285,0.2627951800823211,0.1127951800823211
IFAVYNN,-2.8957643508911133,-0.2708361744880676,0.7142857142857143,0.4285714285714285,0.2659299075603485,0.1659299075603485
QYWVSSN,-4.017735481262207,0.48008668422698975,0.5714285714285714,0.2857142857142857,0.1333274394273758,0.0
SASRAQY,1.1752480268478394,-2.8262407779693604,0.7142857142857143,0.2857142857142857,0.2532658576965332,0.1532658576965332
YSRMSNG,2.8946127891540527,0.2258611023426056,0.4285714285714285,0.2857142857142857,0.5941939353942871,0.3941939353942871
SYSRPMN,1.3774031400680542,0.1560029834508896,0.5714285714285714,0.2857142857142857,0.5863906145095825,0.4363906145095825
MMTRANA,2.347524642944336,-3.168287515640259,0.7142857142857143,0.4285714285714285,0.2150583118200302,0.1150583118200302
GYDGSAN,-0.47013530135154724,-2.406024932861328,0.7142857142857143,0.2857142857142857,0.3002051115036011,0.2002051115036011
PYSRGGN,1.6500694751739502,-0.09521830081939697,0.5714285714285714,0.2857142857142857,0.5583285093307495,0.4083285093307495
YYRRQQS,-3.5518388748168945,0.6586208343505859,0.5714285714285714,0.1428571428571428,0.1883903890848159,0.0383903890848159
HNPRLEN,0.6659122705459595,-3.35152006149292,0.7142857142857143,0.4285714285714285,0.1945907324552536,0.0945907324552536
VYSGPSN,0.5388879179954529,-2.2772858142852783,0.7142857142857143,0.2857142857142857,0.3145856261253357,0.2145856261253357
AYRRSNN,-2.6886372566223145,0.0039012993220239878,0.4285714285714285,0.1428571428571428,0.290409654378891,0.090409654378891
GYYVTYS,-3.2892725467681885,0.7579101920127869,0.5714285714285714,0.5714285714285714,0.2194223403930664,0.0694223403930664
YHCQSIN,-3.864410877227783,-0.46939143538475037,0.4285714285714285,0.4285714285714285,0.1514484286308288,0.0
KWMRNNN,-3.9871389865875244,-0.8007293939590454,0.7142857142857143,0.4285714285714285,0.1369435489177703,0.0369435489177703
GKDRDSN,0.7692995071411133,-3.769153118133545,0.5714285714285714,0.2857142857142857,0.1479399800300598,0.0
IYTPQTK,0.3454071283340454,-3.2181503772735596,0.7142857142857143,0.2857142857142857,0.2094884812831878,0.1094884812831878
RSRRKNN,-3.602780818939209,1.4411039352416992,0.5714285714285714,0.2857142857142857,0.1823697239160537,0.0323697239160537
FHGQWPN,-2.4081170558929443,1.13180673122406,0.7142857142857143,0.4285714285714285,0.3235635161399841,0.2235635161399841
WYSRTNL,-1.5652813911437988,0.6529936790466309,0.5714285714285714,0.1428571428571428,0.4231758117675781,0.2731758117675781
GPRRSNN,-2.364264488220215,-0.35584935545921326,0.4285714285714285,0.2857142857142857,0.3287463188171386,0.1287463188171387
SYSRDNN,0.7613601684570312,-0.0433805026113987,0.7142857142857143,0.1428571428571428,0.5641189217567444,0.4641189217567444
MYSRHPN,0.3946252763271332,1.1694525480270386,0.5714285714285714,0.2857142857142857,0.654811441898346,0.5048114418983459
IGHRSPL,1.0103578567504883,-2.4215247631073,0.7142857142857143,0.2857142857142857,0.2984737455844879,0.1984737455844879
SYHGSSE,0.332200288772583,-2.7950258255004883,0.5714285714285714,0.2857142857142857,0.2567526400089264,0.1067526400089264
IYRRPIL,-3.8219048976898193,0.6695464849472046,0.7142857142857143,0.2857142857142857,0.1564720869064331,0.0564720869064331
TYSRLHV,-0.6292964220046997,1.8784778118133545,0.5714285714285714,0.2857142857142857,0.5337971448898315,0.3837971448898315
YSRCANN,-2.789595127105713,1.5607205629348755,0.2857142857142857,0.1428571428571428,0.2784777581691742,0.0284777581691741
NYSHAND,0.49410679936408997,-1.1568291187286377,0.7142857142857143,0.2857142857142857,0.4397436678409576,0.3397436678409576
WRRCWPN,-4.651325225830078,2.5396230220794678,0.5714285714285714,0.2857142857142857,0.0584453269839286,0.0
MYSRANN,1.9002363681793213,1.3881070613861084,0.7142857142857143,0.0,0.7240200042724609,0.624020004272461
YLTRRWH,-4.140687465667725,0.7925746440887451,0.7142857142857143,0.4285714285714285,0.1187961101531982,0.0187961101531982
ERHAIYH,-0.9027941823005676,-1.937267541885376,0.7142857142857143,0.5714285714285714,0.3525665700435638,0.2525665700435638
VEHRFSS,0.9419803619384766,-2.318587064743042,0.5714285714285714,0.4285714285714285,0.3099721670150757,0.1599721670150757
YSRVTND,2.491661310195923,2.0442099571228027,0.4285714285714285,0.2857142857142857,0.7973084449768066,0.5973084449768067
PYMNDNY,-3.077383279800415,-0.7267553806304932,0.7142857142857143,0.2857142857142857,0.2444649189710617,0.1444649189710617
MYHRANK,-3.5083162784576416,0.5210016965866089,0.7142857142857143,0.1428571428571428,0.1935342103242874,0.0935342103242874
NYWRQWV,-4.931278705596924,1.5174473524093628,0.7142857142857143,0.2857142857142857,0.0253584459424018,0.0
HYHIHND,-0.9414175152778625,-1.894651174545288,0.7142857142857143,0.2857142857142857,0.3573269546031952,0.2573269546031952
SLRYLAE,-0.9700234532356262,-2.1792054176330566,0.5714285714285714,0.5714285714285714,0.3255414664745331,0.1755414664745331
VWTRFNR,-4.451747894287109,1.2003248929977417,0.5714285714285714,0.4285714285714285,0.0820327848196029,0.0
FGMCSAN,-3.404545783996582,-1.0354989767074585,0.7142857142857143,0.4285714285714285,0.2057985365390777,0.1057985365390777
SYMRVDR,-2.0225374698638916,-1.317132592201233,0.5714285714285714,0.4285714285714285,0.3691340386867523,0.2191340386867523
LILLSIN,-2.0715506076812744,-3.54967999458313,0.4285714285714285,0.4285714285714285,0.1724557280540466,0.0
IYCRIWN,-4.991523742675781,1.94125497341156,0.7142857142857143,0.2857142857142857,0.0182382632046937,0.0
NDGRDNF,0.4311147630214691,-4.1001996994018555,0.7142857142857143,0.5714285714285714,0.1109611764550209,0.0109611764550209
SYSRSAA,1.4884371757507324,1.2747832536697388,0.5714285714285714,0.1428571428571428,0.7113614082336426,0.5613614082336426
HYHRRSQ,-4.148245334625244,1.5682098865509033,0.5714285714285714,0.4285714285714285,0.1179028674960136,0.0
IYVRSNP,0.74470454454422,1.5665675401687622,0.4285714285714285,0.2857142857142857,0.6961863040924072,0.4961863040924072
IASGGAC,-4.182520389556885,-1.0023080110549927,0.7142857142857143,0.4285714285714285,0.1138519942760467,0.0138519942760467
WVSCSPN,-3.7986702919006348,-1.1415133476257324,0.5714285714285714,0.4285714285714285,0.1592181175947189,0.0092181175947189
EFQRFPM,-2.808359146118164,-0.8579935431480408,0.7142857142857143,0.4285714285714285,0.2762600779533386,0.1762600779533386
MYSRKSL,-2.8138937950134277,1.2567249536514282,0.7142857142857143,0.2857142857142857,0.2756059765815735,0.1756059765815735
QYTRSAN,1.6067172288894653,1.1825029850006104,0.4285714285714285,0.1428571428571428,0.7010534405708313,0.5010534405708313
WYHRAMN,-1.9679714441299438,0.9584382772445679,0.5714285714285714,0.2857142857142857,0.3755830526351928,0.2255830526351928
QYFRKEN,-1.4078792333602905,0.44285500049591064,0.7142857142857143,0.2857142857142857,0.441778689622879,0.341778689622879
DYIRISN,-0.6989604830741882,-0.9418069124221802,0.5714285714285714,0.2857142857142857,0.4637622535228729,0.3137622535228729
YSVNLSV,-1.1948623657226562,-2.933773994445801,0.5714285714285714,0.4285714285714285,0.2412541061639785,0.0912541061639785
GYSRQAN,0.820737898349762,-0.6652712225914001,0.7142857142857143,0.1428571428571428,0.4946520328521728,0.3946520328521729
AYHRGVL,-0.3438894748687744,0.24149642884731293,0.5714285714285714,0.2857142857142857,0.5675285458564758,0.4175285458564758
YSRGSCN,-3.3572306632995605,2.423041582107544,0.2857142857142857,0.1428571428571428,0.2113905698060989,0.0
DYKQQVT,1.074660062789917,-3.1336605548858643,0.7142857142857143,0.5714285714285714,0.2189262360334396,0.1189262360334396
EVKRIWN,-1.0907676219940186,-0.0073114619590342045,0.7142857142857143,0.4285714285714285,0.4792571663856506,0.3792571663856506
TYSRIGW,-2.7494637966156006,0.2000684142112732,0.5714285714285714,0.4285714285714285,0.2832207679748535,0.1332207679748535
TYTKASN,1.8360568284988403,-0.6428512334823608,0.5714285714285714,0.1428571428571428,0.4971563816070556,0.3471563816070556
AFTQAQQ,-0.5860408544540405,-4.103890895843506,0.7142857142857143,0.4285714285714285,0.1105488613247871,0.0105488613247871
TSSRGNP,1.5478448867797852,-3.729689359664917,0.5714285714285714,0.1428571428571428,0.1523481905460357,0.0023481905460357
QCHVANH,-3.2191519737243652,-0.7460376024246216,0.7142857142857143,0.4285714285714285,0.2277096807956695,0.1277096807956695
IYERSNN,0.5194441080093384,-1.3479137420654297,0.5714285714285714,0.1428571428571428,0.4183990061283111,0.2683990061283111
YQYSNSN,-0.2646612226963043,-1.6413339376449585,0.5714285714285714,0.4285714285714285,0.3856231570243835,0.2356231570243835
CPSRLNS,-3.4543261528015137,-0.7208647131919861,0.5714285714285714,0.4285714285714285,0.1999151408672332,0.0499151408672332
EMRCYNT,-4.093217849731445,-1.5096861124038696,0.7142857142857143,0.2857142857142857,0.1244064047932624,0.0244064047932624
YYHKAND,0.5452608466148376,-0.6179155111312866,0.5714285714285714,0.1428571428571428,0.4999417960643768,0.3499417960643768
QYTEAKD,0.7430564761161804,-2.708554267883301,0.7142857142857143,0.2857142857142857,0.2664117515087127,0.1664117515087128
HYTLAKN,0.8244147896766663,-1.829038381576538,0.7142857142857143,0.2857142857142857,0.3646560907363891,0.2646560907363892
YWSRRWN,-3.8986656665802,1.6075325012207031,0.7142857142857143,0.2857142857142857,0.1473999619483947,0.0473999619483947
VYKHFQS,0.17523270845413208,0.4632877707481384,0.5714285714285714,0.4285714285714285,0.6207151412963867,0.4707151412963867
FYGRRDL,-1.026512622833252,-0.7020577788352966,0.5714285714285714,0.4285714285714285,0.486851304769516,0.3368513047695159
WSTKLNT,1.0990567207336426,-1.2398444414138794,0.7142857142857143,0.4285714285714285,0.4304706454277038,0.3304706454277039
YSRLCQY,-3.148773670196533,2.1152260303497314,0.4285714285714285,0.2857142857142857,0.2360274940729141,0.0360274940729141
YSHRMNN,1.8385604619979858,-0.2625541687011719,0.5714285714285714,0.1428571428571428,0.5396366119384766,0.3896366119384765
TYTRSCG,-3.509114980697632,1.1330746412277222,0.4285714285714285,0.2857142857142857,0.1934398114681244,0.0
IYRHEPW,-2.2488484382629395,0.5323224067687988,0.7142857142857143,0.2857142857142857,0.3423870205879211,0.2423870205879211
IYHRKTY,-3.684627056121826,1.491071343421936,0.5714285714285714,0.2857142857142857,0.1726965457201004,0.0226965457201004
SYRPWEN,-2.824533700942993,0.6115621328353882,0.7142857142857143,0.1428571428571428,0.2743484675884247,0.1743484675884247
IYSYSSI,-2.814424991607666,0.284511923789978,0.2857142857142857,0.2857142857142857,0.2755431830883026,0.0255431830883026
SYQRFND,-0.7808760404586792,-0.7042015194892883,0.7142857142857143,0.2857142857142857,0.4903033971786499,0.3903033971786499
WYYGCND,-4.504607677459717,0.6388159990310669,0.8571428571428571,0.4285714285714285,0.0757854431867599,0.0257854431867599
YSRSGGE,1.743645191192627,1.2797150611877441,0.4285714285714285,0.1428571428571428,0.7119122743606567,0.5119122743606568
VYALDSF,-3.6675939559936523,0.41507238149642944,0.7142857142857143,0.4285714285714285,0.1747096478939056,0.0747096478939056
YPHSLNM,-0.1808946281671524,-3.3732643127441406,0.7142857142857143,0.4285714285714285,0.1921618431806564,0.0921618431806564
SYIRLNV,-1.9319077730178833,0.7044306993484497,0.5714285714285714,0.2857142857142857,0.3798453211784363,0.2298453211784362
LSCGSMY,-3.3342134952545166,-1.4483262300491333,0.5714285714285714,0.5714285714285714,0.2141108959913253,0.0641108959913253
YSRLFNN,-0.5434303283691406,2.8243658542633057,0.2857142857142857,0.1428571428571428,0.5439453721046448,0.2939453721046448
HYHRGQH,-1.0137146711349487,1.1247843503952026,0.5714285714285714,0.2857142857142857,0.4883638322353363,0.3383638322353363
PYSSMNN,0.4561796188354492,-2.9402668476104736,0.7142857142857143,0.2857142857142857,0.2405288368463516,0.1405288368463516
IYTRINQ,-0.3769680857658386,-0.2657277584075928,0.5714285714285714,0.2857142857142857,0.5392820835113525,0.3892820835113525
MMERAKN,1.9260722398757935,-3.1304385662078857,0.7142857142857143,0.4285714285714285,0.2192861288785934,0.1192861288785934
SYRPWML,-4.714601516723633,0.8279014825820923,0.7142857142857143,0.2857142857142857,0.0509668886661529,0.0
RMESACE,-4.145255088806152,-1.15676748752594,0.7142857142857143,0.7142857142857143,0.1182562708854675,0.0182562708854675
YREVVAS,0.9828042387962341,-3.1539649963378906,0.7142857142857143,0.4285714285714285,0.2166581749916076,0.1166581749916076
YYSRIWN,-3.387521266937256,1.4410496950149536,0.7142857142857143,0.2857142857142857,0.2078106105327606,0.1078106105327606
WDPSYQP,-2.406745195388794,-1.1861696243286133,0.7142857142857143,0.2857142857142857,0.3237256705760956,0.2237256705760956
QEQRVMM,-0.4702525734901428,-3.2227513790130615,0.7142857142857143,0.5714285714285714,0.208974540233612,0.108974540233612
YHRVGAN,1.3340922594070435,1.0558197498321533,0.4285714285714285,0.1428571428571428,0.6869025230407715,0.4869025230407715
LYSASYE,-2.5030574798583984,-2.049995183944702,0.5714285714285714,0.2857142857142857,0.3123427927494049,0.1623427927494049
HSVRCIG,-3.674563407897949,-0.5192063450813293,0.5714285714285714,0.4285714285714285,0.1738859415054321,0.0238859415054321
YSSSLNT,0.5522146821022034,-3.848954677581787,0.7142857142857143,0.2857142857142857,0.1390259265899658,0.0390259265899658
TMADNIN,-0.9603711366653442,-4.2705979347229,0.7142857142857143,0.2857142857142857,0.0919272303581237,0.0
QSARSPG,1.9322930574417114,-2.4671285152435303,0.5714285714285714,0.4285714285714285,0.2933796644210815,0.1433796644210815
WYHRCNA,-3.804752826690674,0.5534448027610779,0.7142857142857143,0.1428571428571428,0.1584992408752441,0.0584992408752441
IYTRHNN,-0.08905652165412903,0.0026675420813262463,0.5714285714285714,0.2857142857142857,0.5692626237869263,0.4192626237869262
VLDRSPN,1.5255204439163208,-2.6660006046295166,0.5714285714285714,0.2857142857142857,0.271165132522583,0.121165132522583
YSRVSWG,-1.9067102670669556,1.179435133934021,0.5714285714285714,0.2857142857142857,0.3828233480453491,0.2328233480453491
EYHGSHN,0.7240909337997437,-3.552664041519165,0.5714285714285714,0.2857142857142857,0.1721224039793014,0.0221224039793014
LSARPPD,1.0429846048355103,-4.119690418243408,0.5714285714285714,0.4285714285714285,0.1087840124964714,0.0
YSRSWNN,-1.6299611330032349,1.3714793920516968,0.4285714285714285,0.1428571428571428,0.4155315160751343,0.2155315160751343
YAELEVN,-0.6572083830833435,-3.0337328910827637,0.5714285714285714,0.2857142857142857,0.2300884276628494,0.0800884276628494
KYHKDMH,-0.9743844270706177,-0.04095316678285599,0.5714285714285714,0.4285714285714285,0.4930121898651123,0.3430121898651123
YMHVLDN,-2.1033594608306885,-1.9439274072647095,0.7142857142857143,0.4285714285714285,0.3518226742744446,0.2518226742744446
YEQMWWT,-4.57520055770874,0.4101559817790985,0.8571428571428571,0.2857142857142857,0.067442275583744,0.017442275583744
YYHMATQ,-2.2771918773651123,-1.6939668655395508,0.5714285714285714,0.4285714285714285,0.3390371799468994,0.1890371799468994
SCRSPLN,-3.693124294281006,0.21330802142620087,0.5714285714285714,0.2857142857142857,0.171692281961441,0.021692281961441
IYASENN,-1.2474861145019531,-3.116966962814331,0.7142857142857143,0.2857142857142857,0.2207909524440765,0.1207909524440765
TYTRRNC,-4.480179786682129,0.6446123719215393,0.5714285714285714,0.2857142857142857,0.0786725059151649,0.0
VYDHLAV,-1.5269715785980225,-0.8472128510475159,0.7142857142857143,0.1428571428571428,0.4277035295963287,0.3277035295963287
YRWSGNW,-2.797943592071533,1.1919951438903809,0.5714285714285714,0.4285714285714285,0.2774910628795624,0.1274910628795623
YSGNGSN,1.1740052700042725,-2.0847511291503906,0.4285714285714285,0.2857142857142857,0.3360922634601593,0.1360922634601593
YSRSEAW,-0.8289682269096375,-0.20590561628341675,0.4285714285714285,0.2857142857142857,0.5101985335350037,0.3101985335350037
VYHSVHI,-2.033566474914551,-0.8466717600822449,0.5714285714285714,0.4285714285714285,0.3678305745124817,0.2178305745124817
IYMRKLN,-3.3736400604248047,0.9357219934463501,0.7142857142857143,0.2857142857142857,0.2094511985778808,0.1094511985778808
VYSSFGD,-2.850431442260742,-1.8205618858337402,0.7142857142857143,0.4285714285714285,0.2712876796722412,0.1712876796722412
SYIRTNA,1.2395387887954712,-0.15907226502895355,0.5714285714285714,0.2857142857142857,0.5511958003044128,0.4011958003044128
IRTIWDV,-3.346034049987793,-0.6764131188392639,0.7142857142857143,0.4285714285714285,0.2127138674259185,0.1127138674259185
YNHRSYE,0.43270862102508545,-0.8853359818458557,0.7142857142857143,0.2857142857142857,0.4700702130794525,0.3700702130794525
IQSNSNG,0.6657292246818542,-4.894132614135742,0.5714285714285714,0.2857142857142857,0.0222767125815153,0.0
TWYGAEN,-2.827542781829834,-0.5676024556159973,0.7142857142857143,0.4285714285714285,0.2739928364753723,0.1739928364753723
FYSHRNN,-1.1814013719558716,-0.4515916109085083,0.7142857142857143,0.1428571428571428,0.4685454666614532,0.3685454666614532
YSRFGDN,0.6204059720039368,-0.45318368077278137,0.2857142857142857,0.1428571428571428,0.5183427929878235,0.2683427929878235
ASRSMSN,1.47346031665802,-3.436616897583008,0.5714285714285714,0.2857142857142857,0.1850851774215698,0.0350851774215698
YSRQLNN,2.7105958461761475,2.0964601039886475,0.4285714285714285,0.0,0.8031449913978577,0.6031449913978577
SYNRSPQ,1.0449693202972412,-0.06224757432937622,0.5714285714285714,0.2857142857142857,0.5620114207267761,0.4120114207267761
QSRSIQN,0.7257381081581116,-2.5950748920440674,0.5714285714285714,0.2857142857142857,0.2790877223014831,0.1290877223014831
CYHDPNN,-3.7812349796295166,-0.29991695284843445,0.7142857142857143,0.2857142857142857,0.1612787395715713,0.0612787395715713
WKTRANN,-3.2661936283111572,-1.1910251379013062,0.7142857142857143,0.2857142857142857,0.2221499681472778,0.1221499681472778
MWSRVVN,-2.4093146324157715,1.9922367334365845,0.5714285714285714,0.4285714285714285,0.3234219849109649,0.1734219849109649
YARMNAD,2.170004367828369,-1.470569133758545,0.4285714285714285,0.4285714285714285,0.4046980738639831,0.2046980738639831
VYTRANN,1.4377975463867188,2.749725580215454,0.4285714285714285,0.0,0.7781009078025818,0.5781009078025818
VLWCSNS,-3.968093156814575,-0.7850826978683472,0.7142857142857143,0.4285714285714285,0.139194518327713,0.039194518327713
SYQSGFW,-2.8362882137298584,-0.3725351095199585,0.7142857142857143,0.4285714285714285,0.2729592323303222,0.1729592323303223
HFSGENT,-0.3519870638847351,-4.429297924041748,0.7142857142857143,0.4285714285714285,0.0742000117897987,0.0
YDRSINQ,0.4186399281024933,-1.9023311138153076,0.5714285714285714,0.2857142857142857,0.356469064950943,0.206469064950943
EYHRLPN,0.21416065096855164,-0.45875316858291626,0.7142857142857143,0.1428571428571428,0.517720639705658,0.417720639705658
QYHKPTD,1.2913844585418701,-2.014708995819092,0.4285714285714285,0.4285714285714285,0.3439161777496338,0.1439161777496338
YNRRESE,0.7951871752738953,-2.96999454498291,0.5714285714285714,0.4285714285714285,0.2372081726789474,0.0872081726789474
YYRHSPN,-1.4124943017959595,0.2396276295185089,0.4285714285714285,0.1428571428571428,0.4412332773208618,0.2412332773208618
YRHKVSV,-3.7276666164398193,-0.004091926850378513,0.5714285714285714,0.5714285714285714,0.1676098257303238,0.0176098257303237
YCSRSNN,-3.6789817810058594,1.5727003812789917,0.4285714285714285,0.1428571428571428,0.1733637452125549,0.0
FVSINIQ,-1.8989325761795044,-2.913729667663574,0.5714285714285714,0.5714285714285714,0.2434931099414825,0.0934931099414825
KYSQGNN,0.90085369348526,-1.8525508642196655,0.7142857142857143,0.1428571428571428,0.3620296418666839,0.262029641866684
IYTFPGE,-2.901721715927124,-1.0574308633804321,0.7142857142857143,0.5714285714285714,0.2652258276939392,0.1652258276939392
ENHHSPY,-0.019196294248104095,-3.270475387573242,0.7142857142857143,0.5714285714285714,0.2036436349153518,0.1036436349153518
QYSKQAY,1.2938095331192017,-1.074617624282837,0.5714285714285714,0.4285714285714285,0.4489269554615021,0.298926955461502
MYSRQPM,0.05182495713233948,0.1177026554942131,0.7142857142857143,0.2857142857142857,0.5821123123168945,0.4821123123168945
SYLYSNE,-2.768463611602783,-0.2920532822608948,0.7142857142857143,0.2857142857142857,0.2809752225875854,0.1809752225875854
EASDLEG,-0.010252869687974453,-4.997517108917236,0.7142857142857143,0.5714285714285714,0.010728383436799,0.0
ICSRMND,-3.5314409732818604,-0.1901961863040924,0.7142857142857143,0.2857142857142857,0.1908011585474014,0.0908011585474014
HQSRSFP,0.697056233882904,-1.605131983757019,0.5714285714285714,0.2857142857142857,0.3896670043468475,0.2396670043468475
YYMRWGF,-4.1106085777282715,0.7353357672691345,0.5714285714285714,0.2857142857142857,0.1223510429263114,0.0
AHSRSEN,0.6685377359390259,-2.0414044857025146,0.5714285714285714,0.2857142857142857,0.3409342169761657,0.1909342169761657
GDRLDNN,0.01686805486679077,-3.3998427391052246,0.4285714285714285,0.4285714285714285,0.1891929507255554,0.0
YSTTEEN,-0.7083268761634827,-4.340994358062744,0.5714285714285714,0.4285714285714285,0.0840637609362602,0.0
SYCVNSN,-4.120296001434326,-0.8586332201957703,0.7142857142857143,0.4285714285714285,0.1212061122059822,0.0212061122059822
RYSRQNI,-4.031797885894775,0.33733445405960083,0.5714285714285714,0.2857142857142857,0.1316654533147812,0.0
ISRHMSN,1.3025062084197998,-1.6296297311782837,0.5714285714285714,0.2857142857142857,0.3869305849075317,0.2369305849075317
IKRSQIP,-1.7703410387039185,-1.0482501983642578,0.7142857142857143,0.4285714285714285,0.3989404141902923,0.2989404141902924
GYTRADN,0.14949141442775726,-1.789001226425171,0.5714285714285714,0.2857142857142857,0.3691283464431762,0.2191283464431762
YYSRSNN,0.5108199119567871,0.6452360153198242,0.4285714285714285,0.0,0.641039252281189,0.441039252281189
QYVRRNH,-4.7819600105285645,0.37788477540016174,0.5714285714285714,0.2857142857142857,0.0430059842765331,0.0
YYPRLFE,-2.1881306171417236,-0.922178328037262,0.7142857142857143,0.2857142857142857,0.3495630919933319,0.2495630919933319
YQFYPNK,-1.2053231000900269,-0.8968319892883301,0.7142857142857143,0.5714285714285714,0.4657182097434997,0.3657182097434998
VYDVGGD,0.179683655500412,-3.6032021045684814,0.7142857142857143,0.4285714285714285,0.166477158665657,0.066477158665657
IFRRSSN,-3.5150859355926514,0.7084009051322937,0.4285714285714285,0.2857142857142857,0.1927341222763061,0.0
TVRARSN,-3.3912980556488037,-1.0618412494659424,0.5714285714285714,0.2857142857142857,0.2073642462491989,0.0573642462491989
IYHRGNN,0.7352138161659241,1.5803053379058838,0.5714285714285714,0.0,0.6950646042823792,0.5450646042823791
HYHREWN,-0.8547594547271729,0.2040841430425644,0.7142857142857143,0.2857142857142857,0.5071503520011902,0.4071503520011902
TYSYGNQ,-1.482150673866272,-0.7307422161102295,0.7142857142857143,0.2857142857142857,0.4330008029937744,0.3330008029937744
QYTPAVN,0.2858971357345581,-3.608560562133789,0.7142857142857143,0.2857142857142857,0.1658786088228225,0.0658786088228225
YQRGSFW,-2.0749621391296387,0.2120116502046585,0.5714285714285714,0.4285714285714285,0.3629381358623504,0.2129381358623504
EYSRSSN,0.7358466982841492,-0.3284831643104553,0.5714285714285714,0.1428571428571428,0.5322721600532532,0.3822721600532531
DSAGSNF,-0.6684528589248657,-3.816585063934326,0.5714285714285714,0.4285714285714285,0.1426417082548141,0.0
FYNRENT,-0.18609362840652466,-1.4057410955429077,0.7142857142857143,0.4285714285714285,0.4119395315647125,0.3119395315647125
HYDESEE,-0.777366578578949,-2.856558084487915,0.7142857142857143,0.4285714285714285,0.2498793303966522,0.1498793303966522
YYYRANN,-1.707193374633789,0.30603015422821045,0.5714285714285714,0.1428571428571428,0.4064036309719085,0.2564036309719085
GYFRDAW,-3.445729970932007,0.486016184091568,0.7142857142857143,0.4285714285714285,0.2009311020374298,0.1009311020374298
YSDLPCF,-4.07460355758667,-0.12513145804405212,0.5714285714285714,0.5714285714285714,0.1266063749790191,0.0
HYHRSWN,-3.087691307067871,1.4540902376174927,0.5714285714285714,0.2857142857142857,0.2432466298341751,0.0932466298341751
YFFRAGG,-2.5575644969940186,0.2518763244152069,0.5714285714285714,0.4285714285714285,0.3059007823467254,0.1559007823467254
YPDKGIH,1.6271591186523438,-3.595573902130127,0.7142857142857143,0.5714285714285714,0.1673292517662048,0.0673292517662048
YSSRSKN,-2.5842950344085693,-0.9873177409172058,0.5714285714285714,0.2857142857142857,0.3027415573596954,0.1527415573596954
YLVVGNN,-1.5062040090560913,-1.9225101470947266,0.5714285714285714,0.2857142857142857,0.3542150259017944,0.2042150259017944
MHSRANN,1.5238462686538696,-2.577194929122925,0.5714285714285714,0.1428571428571428,0.2810849547386169,0.1310849547386169
RFRRGNQ,-4.2096028327941895,0.6127041578292847,0.7142857142857143,0.4285714285714285,0.1106512024998664,0.0106512024998664
DYHRIEL,-0.37683233618736267,-1.3587292432785034,0.7142857142857143,0.4285714285714285,0.4171908795833587,0.3171908795833588
YYHRSNN,-0.9529139399528503,1.031571388244629,0.4285714285714285,0.1428571428571428,0.495549738407135,0.295549738407135
FYLRSTL,-3.4043030738830566,0.6330532431602478,0.5714285714285714,0.4285714285714285,0.2058272212743759,0.0558272212743759
EYHRVYP,-2.837730884552002,0.4576702117919922,0.5714285714285714,0.0,0.2727887332439422,0.1227887332439422
NYRANNE,1.4769797325134277,-2.5162179470062256,0.7142857142857143,0.2857142857142857,0.2878962457180023,0.1878962457180023
SCDRTSN,-3.7985165119171143,-1.4416706562042236,0.5714285714285714,0.4285714285714285,0.1592362970113754,0.0092362970113754
PYHRRIN,-4.433691024780273,0.9940587282180786,0.7142857142857143,0.2857142857142857,0.0841668769717216,0.0
IYRSGYN,-1.4152263402938843,-0.6839502453804016,0.4285714285714285,0.2857142857142857,0.4409103691577911,0.2409103691577911
HYHRHNN,-1.1939871311187744,0.8013885021209717,0.7142857142857143,0.0,0.4670579731464386,0.3670579731464386
SYVRSPN,0.8330010771751404,2.787226676940918,0.4285714285714285,0.1428571428571428,0.7066217660903931,0.5066217660903931
MHCYKTN,-3.7024576663970947,-0.9053707718849182,0.5714285714285714,0.5714285714285714,0.1705892086029052,0.0205892086029052
DERLSND,0.6979972124099731,-4.111563682556152,0.4285714285714285,0.2857142857142857,0.1096917912364006,0.0
IQRQGSN,2.0571608543395996,-3.5272624492645264,0.5714285714285714,0.2857142857142857,0.1749598234891891,0.0249598234891891
VYKRWTN,-2.951183319091797,0.5642930865287781,0.5714285714285714,0.2857142857142857,0.2593801021575928,0.1093801021575927
QYSRLNL,-0.5015701055526733,2.0982375144958496,0.7142857142857143,0.1428571428571428,0.5488926768302917,0.4488926768302917
VYSRSAG,2.0348708629608154,2.4021005630493164,0.4285714285714285,0.2857142857142857,0.8372858166694641,0.6372858166694642
WYHRLPN,-2.0609614849090576,1.969638466835022,0.5714285714285714,0.1428571428571428,0.3645928204059601,0.2145928204059601
PFMDSNE,-1.171125054359436,-4.299418926239014,0.7142857142857143,0.4285714285714285,0.0887078493833541,0.0
YYARGSN,0.5893051028251648,-0.4663934111595154,0.5714285714285714,0.1428571428571428,0.5168672204017639,0.3668672204017639
MCSYGYN,-3.686739444732666,-0.6594897508621216,0.7142857142857143,0.4285714285714285,0.1724468916654586,0.0724468916654586
VYTRPRN,-2.738673686981201,1.0379064083099365,0.4285714285714285,0.2857142857142857,0.284496009349823,0.084496009349823
WVRSSSN,0.15762944519519806,-0.7017292976379395,0.4285714285714285,0.2857142857142857,0.4905795753002167,0.2905795753002167
VNTSRCP,-3.5552449226379395,-0.3215867578983307,0.5714285714285714,0.5714285714285714,0.1879878491163253,0.0379878491163253
YYHRSYY,-3.309786796569824,1.1800293922424316,0.5714285714285714,0.1428571428571428,0.216997817158699,0.066997817158699
VASRSHN,1.1872804164886475,-2.385871171951294,0.5714285714285714,0.1428571428571428,0.3024563491344452,0.1524563491344452
LYGRGWS,-3.8311994075775146,1.2677117586135864,0.5714285714285714,0.5714285714285714,0.1553735882043838,0.0053735882043838
IEHADNL,-0.8005160093307495,-4.730772495269775,0.5714285714285714,0.4285714285714285,0.0405244827270507,0.0
EYRRCDE,-4.609604835510254,-0.987920880317688,0.7142857142857143,0.4285714285714285,0.063376136124134,0.0
TYSQGSN,0.7307294011116028,-1.9095468521118164,0.7142857142857143,0.2857142857142857,0.3556630611419678,0.2556630611419678
LPSRGNE,1.237052321434021,-4.269144535064697,0.5714285714285714,0.2857142857142857,0.0920895785093307,0.0
SYCQSNG,-3.293571949005127,-0.3673129081726074,0.7142857142857143,0.4285714285714285,0.2189142107963562,0.1189142107963562
MYNDNND,-0.462033212184906,-3.7258846759796143,0.7142857142857143,0.4285714285714285,0.1527731865644455,0.0527731865644455
VYSSCDW,-4.467464923858643,1.283154845237732,0.7142857142857143,0.4285714285714285,0.0801752358675003,0.0
YYQKKNQ,-2.427957773208618,0.47628724575042725,0.7142857142857143,0.4285714285714285,0.3212186098098755,0.2212186098098755
QYPSMNN,0.5097575783729553,-3.9192981719970703,0.7142857142857143,0.2857142857142857,0.1311683654785156,0.0311683654785156
YFHRGDP,-0.5209247469902039,1.2619259357452393,0.5714285714285714,0.2857142857142857,0.5466052889823914,0.3966052889823913
QLHINIP,-0.657203197479248,-3.0860583782196045,0.7142857142857143,0.5714285714285714,0.2242435216903686,0.1242435216903686
HQSRDNN,1.3156216144561768,-3.852565288543701,0.7142857142857143,0.2857142857142857,0.1386226117610931,0.0386226117610931
PDSRNNN,0.22576507925987244,-4.27470064163208,0.7142857142857143,0.1428571428571428,0.0914689525961875,0.0
IYTRSIN,0.3757331967353821,2.1216185092926025,0.4285714285714285,0.1428571428571428,0.6525786519050598,0.4525786519050598
QYSRSFN,-1.48070228099823,0.7848135232925415,0.5714285714285714,0.1428571428571428,0.4331719577312469,0.2831719577312469
ISSRSNI,1.9931609630584717,-2.0354864597320557,0.4285714285714285,0.2857142857142857,0.3415952622890472,0.1415952622890472
YFHSAGN,-1.0380055904388428,-1.5008045434951782,0.5714285714285714,0.1428571428571428,0.4013206958770752,0.2513206958770752
VYRGSQN,1.7725625038146973,-1.110846757888794,0.4285714285714285,0.2857142857142857,0.4448800384998321,0.2448800384998321
VSRSDQN,0.8901991248130798,-3.0574982166290283,0.5714285714285714,0.4285714285714285,0.2274337708950042,0.0774337708950042
QIHRSHN,0.02704768441617489,-0.827152669429779,0.7142857142857143,0.1428571428571428,0.4765694439411163,0.3765694439411163
YSRLSPN,3.145138740539551,3.6200718879699707,0.2857142857142857,0.1428571428571428,0.9733364582061768,0.7233364582061768
TFQRLNN,0.6922430396080017,-1.6241453886032104,0.7142857142857143,0.2857142857142857,0.3875431716442108,0.2875431716442108
VYMRANN,0.2919229567050934,0.5575525164604187,0.5714285714285714,0.1428571428571428,0.6312447786331177,0.4812447786331176
RYSRQGN,-3.523946762084961,0.18943680822849274,0.7142857142857143,0.2857142857142857,0.1916868835687637,0.0916868835687637
TMSRSRS,-3.586381673812866,-0.1812945455312729,0.7142857142857143,0.4285714285714285,0.1843078881502151,0.0843078881502151
AKSGANL,0.990008533000946,-4.4907989501953125,0.7142857142857143,0.4285714285714285,0.0673301815986633,0.0
YSCSQNG,-2.716325044631958,-1.0877965688705444,0.5714285714285714,0.2857142857142857,0.2871373295783996,0.1371373295783996
SNTWIMA,-2.8024256229400635,-1.719051718711853,0.7142857142857143,0.4285714285714285,0.2769613564014435,0.1769613564014435
IYHVKNM,-0.530140221118927,-1.098361849784851,0.7142857142857143,0.4285714285714285,0.4462746083736419,0.346274608373642
VYQHFQN,-1.5453364849090576,-1.2788046598434448,0.5714285714285714,0.4285714285714285,0.4255330264568329,0.2755330264568328
YEDYCDT,-3.615985631942749,-0.17704376578330994,0.7142857142857143,0.5714285714285714,0.1808090806007385,0.0808090806007385
CYTRANK,-4.119427680969238,0.2898951470851898,0.5714285714285714,0.2857142857142857,0.1213087365031242,0.0
YSILGVD,-1.8794490098953247,-1.8285164833068848,0.4285714285714285,0.2857142857142857,0.3647143840789795,0.1647143840789795
SYHHDNN,-0.3638555705547333,-1.2549465894699097,0.7142857142857143,0.1428571428571428,0.4287836849689483,0.3287836849689484
IDHKYWI,-3.415738582611084,-1.193963885307312,0.5714285714285714,0.4285714285714285,0.2044756859540939,0.0544756859540939
YLRRSQN,-3.0291426181793213,1.0034524202346802,0.4285714285714285,0.1428571428571428,0.2501663267612457,0.0501663267612457
KYHFHNP,-1.1155121326446533,-0.10041259229183197,0.5714285714285714,0.2857142857142857,0.4763327538967132,0.3263327538967132
IWKDSNN,1.2550514936447144,-1.9249430894851685,0.5714285714285714,0.4285714285714285,0.353943258523941,0.203943258523941
TSSRVVN,0.9159400463104248,-2.853193521499634,0.5714285714285714,0.1428571428571428,0.2502551674842834,0.1002551674842834
YYMTDGN,-2.2448770999908447,-0.3933567702770233,0.7142857142857143,0.4285714285714285,0.3428563773632049,0.2428563773632049
HVRDLEN,0.568712592124939,-3.5969204902648926,0.7142857142857143,0.4285714285714285,0.1671788394451141,0.0671788394451141
ISMVGSF,-1.4833464622497559,-2.856088876724243,0.7142857142857143,0.4285714285714285,0.2499317377805709,0.149931737780571
QYSRLNM,-0.34492361545562744,1.886926293373108,0.7142857142857143,0.1428571428571428,0.5674062967300415,0.4674062967300415
QVSMGNS,0.9991492629051208,-5.093561172485352,0.7142857142857143,0.5714285714285714,0.0,0.0
YYPRSMN,-1.1481072902679443,-0.7383409738540649,0.5714285714285714,0.2857142857142857,0.4724803864955902,0.3224803864955902
VVSNCNS,-3.807619571685791,-1.1017564535140991,0.7142857142857143,0.4285714285714285,0.1581604182720184,0.0581604182720184
TYSRITN,0.6579738855361938,2.744231700897217,0.5714285714285714,0.1428571428571428,0.6859357953071594,0.5359357953071594
YSRTTID,1.956813097000122,0.9672930240631104,0.4285714285714285,0.4285714285714285,0.6770138740539551,0.4770138740539551
EYHSFQN,-1.8959428071975708,-1.2131201028823853,0.7142857142857143,0.2857142857142857,0.3840959072113037,0.2840959072113037
LHHDQNN,-0.19233053922653198,-3.093531608581543,0.5714285714285714,0.4285714285714285,0.2234087437391281,0.0734087437391281
ICRSGPN,-3.528646945953369,1.007302165031433,0.4285714285714285,0.2857142857142857,0.1911313831806183,0.0
YPMCRAN,-3.9073169231414795,-1.6214146614074707,0.7142857142857143,0.4285714285714285,0.1463774889707565,0.0463774889707565
YSHAMGN,1.1060101985931396,-1.7694166898727417,0.5714285714285714,0.2857142857142857,0.3713159561157226,0.2213159561157226
AYHHGEN,-0.5756644010543823,-1.8024535179138184,0.7142857142857143,0.1428571428571428,0.3676256835460663,0.2676256835460663
NYTRLNY,-2.2404823303222656,0.09512464702129364,0.5714285714285714,0.4285714285714285,0.3433757722377777,0.1933757722377777
KYVRSDY,-1.3161529302597046,0.5564262270927429,0.5714285714285714,0.4285714285714285,0.4526195526123047,0.3026195526123046
YSRSHKV,-3.290364980697632,1.4779608249664307,0.4285714285714285,0.4285714285714285,0.2192932367324829,0.0192932367324829
IYHCSNV,-4.014036178588867,0.09045427292585373,0.4285714285714285,0.2857142857142857,0.1337646543979644,0.0
ILRVENL,-1.043080449104309,-3.006228446960449,0.7142857142857143,0.4285714285714285,0.2331607490777969,0.1331607490777969
ENTRGHV,0.17959563434123993,-3.9714443683624268,0.5714285714285714,0.5714285714285714,0.1253435015678405,0.0
YSFGGQD,-1.5914661884307861,-0.9561375379562378,0.4285714285714285,0.2857142857142857,0.4200811088085174,0.2200811088085174
YKRRDSN,-2.1915600299835205,-0.5195257067680359,0.5714285714285714,0.2857142857142857,0.3491577506065368,0.1991577506065368
MCSTSYL,-4.14233922958374,-0.8070125579833984,0.5714285714285714,0.4285714285714285,0.1186008900403976,0.0
SYSRGIN,0.9823141694068909,1.3556448221206665,0.5714285714285714,0.2857142857142857,0.7203938364982605,0.5703938364982605
TMWQFAG,-2.9354326725006104,0.021263208240270615,0.7142857142857143,0.2857142857142857,0.2612416446208954,0.1612416446208954
IYHFMTN,-3.556248664855957,-0.7667069435119629,0.5714285714285714,0.4285714285714285,0.1878692209720611,0.0378692209720611
YSEVSYH,-1.0908244848251343,-0.9072532057762146,0.7142857142857143,0.4285714285714285,0.4676219820976257,0.3676219820976257
QAAWSAN,-1.8160641193389893,-1.4768729209899902,0.5714285714285714,0.2857142857142857,0.3935365378856659,0.2435365378856659
TYGSQCN,-3.588214159011841,-0.8225896954536438,0.7142857142857143,0.4285714285714285,0.1840913146734237,0.0840913146734237
YHTRSNP,1.1105505228042603,-0.4337715804576874,0.4285714285714285,0.2857142857142857,0.5205111503601074,0.3205111503601074
KYWESPN,-2.5917534828186035,1.1467453241348267,0.5714285714285714,0.4285714285714285,0.3018600642681122,0.1518600642681122
AYSRHNI,-0.6945149898529053,0.14993852376937866,0.5714285714285714,0.2857142857142857,0.526089072227478,0.376089072227478
QVSRLPE,1.2493009567260742,-3.091667890548706,0.5714285714285714,0.2857142857142857,0.2236169278621673,0.0736169278621673
IYINAPN,-0.7202114462852478,-2.957822561264038,0.4285714285714285,0.4285714285714285,0.2385678142309188,0.0385678142309189
ISPQHQQ,0.45209482312202454,-4.541966915130615,0.5714285714285714,0.5714285714285714,0.0616145804524421,0.0
INFFFNN,-3.563415765762329,-0.3010815978050232,0.7142857142857143,0.5714285714285714,0.1870221644639969,0.0870221644639969
YHHRDNQ,0.4864835739135742,-0.5681092143058777,0.5714285714285714,0.4285714285714285,0.5055053234100342,0.3555053234100341
TYTMMNM,-2.223412036895752,-1.8412519693374634,0.7142857142857143,0.4285714285714285,0.3453932702541351,0.2453932702541351
IERSQSH,1.2285678386688232,-3.373326063156128,0.7142857142857143,0.4285714285714285,0.1921549439430236,0.0921549439430236
VIDFTIQ,-2.2141263484954834,-2.6934635639190674,0.7142857142857143,0.5714285714285714,0.2680974304676056,0.1680974304676056
SYATAMN,0.6026824116706848,-3.0956501960754395,0.7142857142857143,0.4285714285714285,0.2231720983982086,0.1231720983982086
NYARSQN,0.8358015418052673,1.247915267944336,0.4285714285714285,0.2857142857142857,0.7069527506828308,0.5069527506828309
VYLRSNF,-2.4526143074035645,1.4307341575622559,0.4285714285714285,0.2857142857142857,0.3183045387268066,0.1183045387268066
IFVRSHN,-0.767593264579773,-0.18147513270378113,0.7142857142857143,0.2857142857142857,0.5174521803855896,0.4174521803855896
FYHMSPN,-2.295673370361328,-1.058485507965088,0.5714285714285714,0.2857142857142857,0.3368529081344604,0.1868529081344604
AYHRCTN,-4.078632354736328,1.3223791122436523,0.5714285714285714,0.2857142857142857,0.1261302232742309,0.0
QYSRGNC,-3.5532078742980957,1.532291054725647,0.7142857142857143,0.2857142857142857,0.1882285922765731,0.0882285922765731
IRHRNMA,-3.416344404220581,-0.542910635471344,0.5714285714285714,0.4285714285714285,0.2044040858745575,0.0544040858745575
LYTKLVN,0.49203038215637207,-0.1620885282754898,0.5714285714285714,0.4285714285714285,0.5508589148521423,0.4008589148521423
WVSEHDC,-4.098329544067383,-1.9990719556808472,0.5714285714285714,0.4285714285714285,0.1238022670149803,0.0
YSRSRME,1.0020833015441895,0.3352988660335541,0.4285714285714285,0.2857142857142857,0.6064184308052063,0.4064184308052063
IYLSENN,-1.5648154020309448,-2.748946189880371,0.5714285714285714,0.4285714285714285,0.26189985871315,0.11189985871315
YSRLSNN,3.315321445465088,3.4239096641540527,0.1428571428571428,0.0,0.9514247179031372,0.6514247179031372
YYHRDAN,-0.7615709900856018,-0.012210710905492306,0.7142857142857143,0.1428571428571428,0.5181639790534973,0.4181639790534973
TYSRLNN,0.22922207415103912,3.4076387882232666,0.7142857142857143,0.1428571428571428,0.6352629065513611,0.5352629065513611
YLNRSAN,1.9552243947982788,-1.236687421798706,0.5714285714285714,0.1428571428571428,0.4308232963085174,0.2808232963085174
YSRMSPN,3.1407344341278076,1.583748459815979,0.2857142857142857,0.1428571428571428,0.7458736300468445,0.4958736300468445
VSHIIPK,-0.9821857810020447,-3.6742513179779053,0.5714285714285714,0.5714285714285714,0.1585407704114914,0.0085407704114914
VYHRCST,-3.447510004043579,1.7374171018600464,0.5714285714285714,0.2857142857142857,0.2007207125425338,0.0507207125425338
QYSWIMT,-4.468920707702637,0.9880516529083252,0.7142857142857143,0.5714285714285714,0.0800031796097755,0.0
SYSFVAW,-3.4334967136383057,-0.15025301277637482,0.5714285714285714,0.2857142857142857,0.202376902103424,0.052376902103424
RWHTRFP,-4.288730144500732,1.1668692827224731,0.7142857142857143,0.4285714285714285,0.101299375295639,0.001299375295639
VSHRANK,-4.174208641052246,-0.2870405316352844,0.5714285714285714,0.2857142857142857,0.1148343384265899,0.0
TYRLSCN,-4.031860828399658,0.673564612865448,0.4285714285714285,0.1428571428571428,0.1316580027341842,0.0
WYHWSNN,-3.148740291595459,-0.13785317540168762,0.5714285714285714,0.2857142857142857,0.2360314428806305,0.0860314428806305
TEMRGSD,0.4800318777561188,-4.338953018188477,0.7142857142857143,0.4285714285714285,0.084291785955429,0.0
RVHRAPL,-4.033073425292969,-0.3685902953147888,0.7142857142857143,0.4285714285714285,0.131514698266983,0.031514698266983
IYIAQEN,-1.6438993215560913,-2.8740286827087402,0.7142857142857143,0.4285714285714285,0.2479278147220611,0.1479278147220611
YVISSVQ,-1.8157845735549927,-2.356222152709961,0.4285714285714285,0.2857142857142857,0.305768221616745,0.105768221616745
VYGSSIQ,-0.5753270983695984,-2.016061305999756,0.5714285714285714,0.4285714285714285,0.3437651097774505,0.1937651097774505
QYSRNNI,1.1439507007598877,0.6821649670600891,0.5714285714285714,0.1428571428571428,0.6451643705368042,0.4951643705368042
SCHRLHN,-4.181792736053467,-0.033384036272764206,0.7142857142857143,0.2857142857142857,0.113937996327877,0.013937996327877
YYVRPNA,-0.3394632339477539,0.715329647064209,0.7142857142857143,0.2857142857142857,0.5680516362190247,0.4680516362190247
QHDRQNN,1.9973256587982178,-4.273268699645996,0.5714285714285714,0.2857142857142857,0.0916289016604423,0.0
YSRSLNV,1.0001437664031982,1.1231026649475098,0.5714285714285714,0.1428571428571428,0.6944182515144348,0.5444182515144348
YYRSSNW,-1.9699698686599731,1.3309811353683472,0.4285714285714285,0.2857142857142857,0.3753468692302704,0.1753468692302704
NPHRTES,0.7541062831878662,-3.5234577655792236,0.5714285714285714,0.5714285714285714,0.1753848195075988,0.0253848195075988
YSKMSEN,1.6762117147445679,-0.9211995005607605,0.4285714285714285,0.2857142857142857,0.4660641551017761,0.2660641551017761
YLRSSFM,-2.530418634414673,0.1250772923231125,0.5714285714285714,0.2857142857142857,0.3091090619564056,0.1591090619564056
PYRTKNL,-2.3836829662323,-0.5699987411499023,0.7142857142857143,0.1428571428571428,0.3264513313770294,0.2264513313770294
YMGGGKG,1.9712520837783813,-4.082929611206055,0.5714285714285714,0.4285714285714285,0.1128902956843376,0.0
NYSRSQL,0.24632243812084198,1.9630773067474365,0.4285714285714285,0.2857142857142857,0.637283980846405,0.4372839808464051
FYHRQEN,-1.083486795425415,0.4017229676246643,0.7142857142857143,0.2857142857142857,0.4801177084445953,0.3801177084445953
QYVTQNN,0.0326385423541069,-2.5314552783966064,0.7142857142857143,0.4285714285714285,0.2861942052841186,0.1861942052841186
YETENND,-0.6330963969230652,-3.660881996154785,0.5714285714285714,0.4285714285714285,0.1600341647863388,0.0100341647863388
RFTRRGV,-4.268011093139648,0.2391568273305893,0.5714285714285714,0.5714285714285714,0.1037480980157852,0.0
DYNRSEN,-0.22328218817710876,-1.385840654373169,0.5714285714285714,0.2857142857142857,0.4141624569892883,0.2641624569892883
SPHRMWN,-2.412949800491333,0.05288407951593399,0.7142857142857143,0.4285714285714285,0.3229923546314239,0.2229923546314239
IYSRSNI,0.6057311296463013,3.8587725162506104,0.2857142857142857,0.1428571428571428,0.6797614097595215,0.4297614097595215
SVHIAGN,0.17845651507377625,-4.0072855949401855,0.7142857142857143,0.4285714285714285,0.1213399395346641,0.0213399395346641
YSRLRQD,1.4763253927230835,0.7698408961296082,0.2857142857142857,0.1428571428571428,0.6549579501152039,0.4049579501152038
SYSREVN,1.0139826536178589,0.751307487487793,0.5714285714285714,0.2857142857142857,0.6528877019882202,0.5028877019882202
YSSLSPG,1.3075824975967407,-2.3706188201904297,0.5714285714285714,0.4285714285714285,0.3041600584983825,0.1541600584983825
ITALSER,-0.02839413844048977,-3.5056939125061035,0.5714285714285714,0.5714285714285714,0.177369087934494,0.027369087934494
PSRRVAN,-2.627610921859741,-0.9772005677223206,0.5714285714285714,0.2857142857142857,0.2976221740245819,0.1476221740245819
IYSRNGI,1.057790756225586,2.051248550415039,0.4285714285714285,0.2857142857142857,0.7331889867782593,0.5331889867782593
EYCRGSD,-3.5739481449127197,0.16104814410209656,0.7142857142857143,0.2857142857142857,0.1857773661613464,0.0857773661613464
KDQRDLE,-0.004062627907842398,-4.3023271560668945,0.8571428571428571,0.5714285714285714,0.0883829891681671,0.0324226479977369
TYCRYSN,-4.407175540924072,0.6125850677490234,0.7142857142857143,0.4285714285714285,0.0873006656765937,0.0
QCHRANN,-3.215179920196533,0.7356966137886047,0.7142857142857143,0.1428571428571428,0.2281791269779205,0.1281791269779205
HYSMSYN,-2.812026262283325,-0.2689148485660553,0.5714285714285714,0.2857142857142857,0.2758266925811767,0.1258266925811767
SGTESNN,-0.6802993416786194,-4.697437763214111,0.5714285714285714,0.2857142857142857,0.0442480631172657,0.0
WPHRKHN,-2.474500894546509,1.1391819715499878,0.7142857142857143,0.2857142857142857,0.3157178163528442,0.2157178163528442
QYSRLII,-2.8052167892456055,1.3064534664154053,0.5714285714285714,0.2857142857142857,0.2766314744949341,0.1266314744949341
YYKMGCD,-3.0184149742126465,-0.35600221157073975,0.5714285714285714,0.4285714285714285,0.2514342069625854,0.1014342069625854
RCNRWQP,-4.3836188316345215,0.899678647518158,0.5714285714285714,0.5714285714285714,0.0900847613811492,0.0
QQYRVPN,0.6270143985748291,-2.0867114067077637,0.7142857142857143,0.4285714285714285,0.3358733057975769,0.2358733057975769
HYIRMNR,-4.477689743041992,-0.23635603487491608,0.5714285714285714,0.4285714285714285,0.0789667963981628,0.0
YSPSNSE,-0.17545266449451447,-3.5995688438415527,0.5714285714285714,0.4285714285714285,0.1668830066919326,0.0168830066919326
PTRRSNY,-3.1803460121154785,-0.8124743103981018,0.5714285714285714,0.4285714285714285,0.2322960495948791,0.0822960495948791
YLCKLMA,-3.616452932357788,-0.9391394853591919,0.7142857142857143,0.5714285714285714,0.1807538568973541,0.0807538568973541
VCHRNQN,-3.3723206520080566,0.1391875147819519,0.5714285714285714,0.4285714285714285,0.2096071243286132,0.0596071243286132
QYHRGYA,-1.6333891153335571,0.699396550655365,0.7142857142857143,0.2857142857142857,0.4151263535022735,0.3151263535022736
SYNRSGN,1.5520524978637695,-0.3915184736251831,0.5714285714285714,0.2857142857142857,0.5252309441566467,0.3752309441566467
KYRRANI,-3.8792712688446045,0.03863006830215454,0.7142857142857143,0.2857142857142857,0.1496921181678772,0.0496921181678772
VYRRSEA,1.1211069822311401,0.6704455018043518,0.4285714285714285,0.2857142857142857,0.6438552141189575,0.4438552141189575
QDHLYIN,-1.546705722808838,-2.5115973949432373,0.7142857142857143,0.1428571428571428,0.2884123921394348,0.1884123921394348
SYSISNN,0.8815771341323853,-0.4434734582901001,0.5714285714285714,0.1428571428571428,0.519427478313446,0.369427478313446
EYSTPNA,-0.170025035738945,-3.558215618133545,0.7142857142857143,0.4285714285714285,0.1715022772550583,0.0715022772550583
VYLHGEN,-0.6470754742622375,-1.0790252685546875,0.5714285714285714,0.1428571428571428,0.4484345912933349,0.2984345912933349
GSVFSCN,-4.179450511932373,-0.9228265285491943,0.5714285714285714,0.4285714285714285,0.1142148151993751,0.0
WQYKSFN,-1.0009965896606445,-0.058102402836084366,0.5714285714285714,0.4285714285714285,0.4898669719696045,0.3398669719696044
FFTRATN,-0.5363168120384216,-1.4519469738006592,0.7142857142857143,0.2857142857142857,0.4067782163619995,0.3067782163619995
IYHRGNN,0.7352138161659241,1.5803053379058838,0.5714285714285714,0.0,0.6950646042823792,0.5450646042823791
IYMAKVN,-0.13830137252807617,-1.7577896118164062,0.5714285714285714,0.2857142857142857,0.3726147711277008,0.2226147711277008
IYYDSNV,-3.1793813705444336,0.40394923090934753,0.5714285714285714,0.2857142857142857,0.2324100583791732,0.0824100583791732
QLSRREW,-1.0050218105316162,-1.2492749691009521,0.7142857142857143,0.4285714285714285,0.429417222738266,0.329417222738266
QYKRSAN,-2.215301752090454,0.610981285572052,0.5714285714285714,0.1428571428571428,0.3463518023490906,0.1963518023490905
QHRSSPE,1.3541178703308105,-2.766186237335205,0.4285714285714285,0.4285714285714285,0.2599741220474243,0.0599741220474243
KMSRSQM,-3.6810362339019775,0.1310473531484604,0.5714285714285714,0.2857142857142857,0.1731209456920623,0.0231209456920623
HTHRMLN,-0.6691795587539673,-0.08943361788988113,0.7142857142857143,0.4285714285714285,0.5290834903717041,0.4290834903717041
DYYHCKI,-4.303152084350586,0.03536699712276459,0.7142857142857143,0.5714285714285714,0.0995948910713195,0.0
TYASLFY,-3.576962947845459,0.01573828049004078,0.5714285714285714,0.4285714285714285,0.1854210495948791,0.0354210495948791
QSRLSFN,-0.008141505531966686,-1.604311227798462,0.4285714285714285,0.2857142857142857,0.3897587060928345,0.1897587060928345
EYTRSPG,1.3090355396270752,-1.6557828187942505,0.4285714285714285,0.2857142857142857,0.3840092122554779,0.1840092122554779
IYDGQNT,-0.8717281222343445,-2.9824557304382324,0.7142857142857143,0.4285714285714285,0.2358162254095077,0.1358162254095077
DLEFLWK,-3.1928632259368896,-1.3099030256271362,0.5714285714285714,0.7142857142857143,0.2308166772127151,0.0808166772127151
IYSRGNR,-3.497339963912964,0.7527733445167542,0.4285714285714285,0.1428571428571428,0.1948314607143402,0.0
MYLRSHA,-0.7225193977355957,-0.24051477015018463,0.5714285714285714,0.1428571428571428,0.5227793455123901,0.3727793455123901
YKWKFEG,-0.5848714113235474,-0.42342376708984375,0.8571428571428571,0.4285714285714285,0.5216670632362366,0.4716670632362365
WYSRIQE,-1.33963942527771,0.6534222364425659,0.5714285714285714,0.4285714285714285,0.4498437643051147,0.2998437643051147
DDAQSSV,-1.0487488508224487,-4.424564838409424,0.7142857142857143,0.5714285714285714,0.074728712439537,0.0
HYPRYPH,-2.779090404510498,-0.007650978397578001,0.7142857142857143,0.4285714285714285,0.2797192633152008,0.1797192633152008
QTSRSCN,-4.083330154418945,0.6053699254989624,0.7142857142857143,0.2857142857142857,0.1255750060081482,0.0255750060081482
SRHRHKT,-3.512089729309082,0.6351103186607361,0.7142857142857143,0.4285714285714285,0.1930882334709167,0.0930882334709167
WSSRRSV,-2.713348388671875,-0.6265349984169006,0.4285714285714285,0.4285714285714285,0.287489116191864,0.087489116191864
QTFRQNG,2.0573575496673584,-3.6700620651245117,0.7142857142857143,0.5714285714285714,0.1590087264776229,0.0590087264776229
YQTRQNQ,1.3166191577911377,-2.111292839050293,0.7142857142857143,0.2857142857142857,0.333127498626709,0.233127498626709
VYNDGWL,-3.4232404232025146,-0.48080846667289734,0.7142857142857143,0.2857142857142857,0.20358906686306,0.10358906686306
GGTRTMW,-0.5682355761528015,-1.1336430311203003,0.4285714285714285,0.5714285714285714,0.4423336088657379,0.2423336088657379
VYPRAGG,1.6513599157333374,-1.2559303045272827,0.5714285714285714,0.1428571428571428,0.4286738038063049,0.2786738038063049
KWAKRPN,-3.111070156097412,0.651314377784729,0.7142857142857143,0.2857142857142857,0.2404835522174835,0.1404835522174835
IPHRDQN,1.2427517175674438,-3.2192013263702393,0.7142857142857143,0.1428571428571428,0.2093710899353027,0.1093710899353027
QMMRGSN,1.4465523958206177,-1.5495986938476562,0.5714285714285714,0.2857142857142857,0.3958702385425567,0.2458702385425567
GYLTYSP,-2.743936538696289,-1.0162290334701538,0.7142857142857143,0.5714285714285714,0.2838740050792694,0.1838740050792694
QYHEAPQ,0.059704411774873734,-3.5128040313720703,0.7142857142857143,0.2857142857142857,0.1765748709440231,0.0765748709440231
QVSRRDQ,0.5448314547538757,-3.0693459510803223,0.7142857142857143,0.4285714285714285,0.226110354065895,0.1261103540658951
TERVFSK,-0.377475380897522,-2.78287410736084,0.7142857142857143,0.4285714285714285,0.2581100165843963,0.1581100165843963
RVHNSNN,1.1769360303878784,-2.7825419902801514,0.5714285714285714,0.2857142857142857,0.258147120475769,0.108147120475769
SYSRKNS,-1.9317899942398071,0.08988359570503235,0.5714285714285714,0.1428571428571428,0.3798592388629913,0.2298592388629913
SVHKAVN,1.4152166843414307,-2.3446478843688965,0.7142857142857143,0.4285714285714285,0.307061105966568,0.207061105966568
FYRRVVN,-3.686079263687134,0.5191507935523987,0.5714285714285714,0.2857142857142857,0.1725249141454696,0.0225249141454696
IYTVFTN,-3.2163119316101074,0.12526921927928925,0.7142857142857143,0.4285714285714285,0.2280453443527221,0.1280453443527222
EYLKASA,0.8650867938995361,-3.1008667945861816,0.7142857142857143,0.4285714285714285,0.2225893884897232,0.1225893884897232
ASRRQFN,-3.405919313430786,-1.0786395072937012,0.5714285714285714,0.2857142857142857,0.2056362032890319,0.0556362032890319
WSIKENA,0.40196138620376587,-3.1877171993255615,0.7142857142857143,0.5714285714285714,0.2128879576921463,0.1128879576921463
NYSRSMK,-4.091264724731445,1.201501727104187,0.5714285714285714,0.2857142857142857,0.1246372386813163,0.0
QYSRKRN,-3.7869932651519775,1.310266137123108,0.7142857142857143,0.2857142857142857,0.1605981886386871,0.0605981886386871
SYSRFYE,-1.5324490070343018,1.1433117389678955,0.5714285714285714,0.4285714285714285,0.4270561635494232,0.2770561635494232
IADRNNN,1.4772388935089111,-4.768454074859619,0.7142857142857143,0.2857142857142857,0.0363153479993343,0.0
YQRHCVN,-3.993961811065674,-0.19393087923526764,0.5714285714285714,0.2857142857142857,0.1361371874809265,0.0
KMSRPNN,-2.1325268745422363,-1.016214370727539,0.7142857142857143,0.2857142857142857,0.3561347126960754,0.2561347126960754
MYSSSNQ,0.6701169610023499,-2.9541714191436768,0.5714285714285714,0.2857142857142857,0.2389756590127945,0.0889756590127945
YSHRAQN,1.8140760660171509,0.14843308925628662,0.4285714285714285,0.1428571428571428,0.585545003414154,0.3855450034141541
FYSWSTN,-2.874643087387085,-1.1066956520080566,0.5714285714285714,0.0,0.2684261798858642,0.1184261798858642
VDGRSNN,0.1937604397535324,-3.1683545112609863,0.5714285714285714,0.2857142857142857,0.2150508165359497,0.0650508165359497
ITRLLCI,-3.375211477279663,-0.365459680557251,0.7142857142857143,0.4285714285714285,0.2092654705047607,0.1092654705047607
VYSRCDC,-3.3326902389526367,3.0163824558258057,0.5714285714285714,0.1428571428571428,0.2142909318208694,0.0642909318208694
IYCRSND,-3.3541758060455322,1.477838158607483,0.5714285714285714,0.2857142857142857,0.2117516100406646,0.0617516100406646
YLHRGNC,-3.7511391639709473,1.4870870113372803,0.7142857142857143,0.1428571428571428,0.1648356765508651,0.0648356765508651
HYWRKSE,-2.0804076194763184,1.2263646125793457,0.7142857142857143,0.2857142857142857,0.3622945547103882,0.2622945547103882
YSSDDSN,-0.3083904981613159,-3.7528350353240967,0.5714285714285714,0.4285714285714285,0.149762749671936,0.0
FYHRGST,-0.8653224110603333,0.4198484718799591,0.5714285714285714,0.2857142857142857,0.5059018731117249,0.3559018731117248
NTIRPIN,1.3034627437591553,-4.227297306060791,0.7142857142857143,0.2857142857142857,0.0967640280723571,0.0
YFHLCEG,-4.00447416305542,0.6222520470619202,0.7142857142857143,0.2857142857142857,0.1348947584629058,0.0348947584629058
MLHYGWN,-4.65128755569458,0.2588268518447876,0.7142857142857143,0.2857142857142857,0.0584497787058353,0.0
YYSTSNN,-0.38560184836387634,-2.025696277618408,0.4285714285714285,0.1428571428571428,0.3426888585090637,0.1426888585090637
AYHLMIN,-2.7726738452911377,-1.5048555135726929,0.5714285714285714,0.4285714285714285,0.2804776132106781,0.1304776132106781
SYSRNWS,-2.886989116668701,1.0901758670806885,0.5714285714285714,0.2857142857142857,0.2669670283794403,0.1169670283794403
QYDRANY,-1.3162404298782349,-1.7238094806671143,0.7142857142857143,0.2857142857142857,0.37641042470932,0.2764104247093201
IASHESS,-0.3525300920009613,-5.088836193084717,0.7142857142857143,0.2857142857142857,0.0005277930758893,0.0
QQVKYNN,1.1790682077407837,-2.7408034801483154,0.7142857142857143,0.2857142857142857,0.2628094255924225,0.1628094255924225
TYSHGLN,0.22984199225902557,-0.5751000046730042,0.5714285714285714,0.2857142857142857,0.504724383354187,0.354724383354187
SHSRTEN,0.8747094869613647,-3.448833465576172,0.5714285714285714,0.2857142857142857,0.1837205588817596,0.0337205588817596
QYSRKNN,-1.9727011919021606,0.9016761183738708,0.7142857142857143,0.1428571428571428,0.3750240504741668,0.2750240504741669
RYSRSPN,-3.240117311477661,1.0191667079925537,0.5714285714285714,0.1428571428571428,0.2252318561077118,0.0752318561077118
WYMQRET,-1.5158106088638306,0.25158068537712097,0.5714285714285714,0.5714285714285714,0.4290226101875305,0.2790226101875305
IYTAKNN,1.3991960287094116,-3.178961992263794,0.7142857142857143,0.2857142857142857,0.2138659358024597,0.1138659358024597
YYRRLNN,-3.5846574306488037,0.634210467338562,0.4285714285714285,0.1428571428571428,0.184511661529541,0.0
YYHRSNN,-0.9529139399528503,1.031571388244629,0.4285714285714285,0.1428571428571428,0.495549738407135,0.295549738407135
WTRRSNN,-2.272684097290039,-0.29434970021247864,0.4285714285714285,0.1428571428571428,0.3395699560642242,0.1395699560642242
SYRRHAT,-3.9228322505950928,0.9628067016601562,0.7142857142857143,0.4285714285714285,0.144543781876564,0.044543781876564
YYTNYNN,-1.773930549621582,-0.33909571170806885,0.5714285714285714,0.2857142857142857,0.3985161781311035,0.2485161781311035
GSRRGSN,-2.430283308029175,-0.18686208128929138,0.4285714285714285,0.2857142857142857,0.3209437727928161,0.1209437727928161
YYSRSVN,-0.0983579084277153,0.5279160737991333,0.4285714285714285,0.1428571428571428,0.5965471863746643,0.3965471863746643
QFSRANN,0.9598952531814575,-1.3735003471374512,0.7142857142857143,0.1428571428571428,0.4155409038066864,0.3155409038066864
IHARAAN,0.8984994888305664,-2.246577501296997,0.5714285714285714,0.2857142857142857,0.3180158138275146,0.1680158138275146
SYSTPGD,-0.1592700183391571,-2.036806106567383,0.7142857142857143,0.5714285714285714,0.3414478600025177,0.2414478600025177
VYHSQDN,-0.32832345366477966,-1.4427322149276733,0.7142857142857143,0.2857142857142857,0.4078074991703033,0.3078074991703033
YRTHSHN,-0.12101522088050842,-0.24247486889362335,0.5714285714285714,0.4285714285714285,0.5418795347213745,0.3918795347213745
QSHGQNN,0.2919064164161682,-4.100710868835449,0.5714285714285714,0.2857142857142857,0.1109040826559066,0.0
YFRSSNS,0.3130286633968353,0.2751341760158539,0.4285714285714285,0.2857142857142857,0.5996978878974915,0.3996978878974915
WYHSQGN,-1.5310920476913452,-0.23179811239242554,0.7142857142857143,0.2857142857142857,0.4272165298461914,0.3272165298461914
PSTKQAN,0.9033052325248718,-4.286841869354248,0.7142857142857143,0.4285714285714285,0.0901127383112907,0.0
YYSMKNN,1.1972874402999878,-1.3745087385177612,0.5714285714285714,0.2857142857142857,0.4154282510280609,0.2654282510280609
YYKRANQ,-3.0734171867370605,0.558464765548706,0.5714285714285714,0.2857142857142857,0.2449336498975753,0.0949336498975753
YVSRHSN,0.6294694542884827,-0.4964945614337921,0.7142857142857143,0.2857142857142857,0.5135048031806946,0.4135048031806946
YYSRSNN,0.5108199119567871,0.6452360153198242,0.4285714285714285,0.0,0.641039252281189,0.441039252281189
DSGRFPN,0.14955946803092957,-3.5238499641418457,0.5714285714285714,0.4285714285714285,0.1753410100936889,0.0253410100936889
SYHSSTN,0.8104249238967896,-2.292634963989258,0.4285714285714285,0.2857142857142857,0.3128710687160492,0.1128710687160492
YYSHLYN,-3.2231295108795166,-0.7338389158248901,0.7142857142857143,0.2857142857142857,0.2272395938634872,0.1272395938634872
QYHRSNN,0.49870648980140686,1.3024613857269287,0.5714285714285714,0.0,0.6671124696731567,0.5171124696731567
PYSRLSN,0.6677212119102478,1.8893604278564453,0.7142857142857143,0.2857142857142857,0.6870878338813782,0.5870878338813782
YYHRQAD,-0.7044596076011658,0.09038818627595901,0.7142857142857143,0.1428571428571428,0.5249137878417969,0.4249137878417969
YYRVSPN,-0.8764339685440063,0.3612903952598572,0.4285714285714285,0.1428571428571428,0.5045886635780334,0.3045886635780335
WYRRSIN,-3.4968833923339844,0.7217385172843933,0.4285714285714285,0.1428571428571428,0.1948854178190231,0.0
TYSRWNN,-2.527609348297119,1.5294979810714722,0.5714285714285714,0.1428571428571428,0.3094410896301269,0.1594410896301269
WYRRSQN,-3.3209197521209717,0.8319668769836426,0.4285714285714285,0.1428571428571428,0.2156820446252823,0.0156820446252823
YSSHQPD,0.5173155069351196,-3.675903797149658,0.5714285714285714,0.4285714285714285,0.1583561897277832,0.0083561897277832
SYRSNSP,2.0569026470184326,-1.4397759437561035,0.7142857142857143,0.2857142857142857,0.4081377387046814,0.3081377387046814
WYRNNNN,-1.7909479141235352,-0.6285594701766968,0.5714285714285714,0.1428571428571428,0.3965049386024475,0.2465049386024475
IYHGSNN,0.2828879952430725,-2.1149115562438965,0.5714285714285714,0.1428571428571428,0.3327232599258423,0.1827232599258423
QQRSSSN,1.2492315769195557,-3.6098105907440186,0.4285714285714285,0.2857142857142857,0.165738970041275,0.0
YYRSQFN,-1.0474541187286377,-0.03915102034807205,0.4285714285714285,0.2857142857142857,0.484376311302185,0.2843763113021851
VSSHDSN,-0.3977341651916504,-4.369012832641602,0.7142857142857143,0.4285714285714285,0.0809340178966522,0.0
GSSRSSM,0.8417019844055176,-3.869673013687134,0.5714285714285714,0.4285714285714285,0.1367116421461105,0.0
NQRRSPN,-2.123778820037842,-0.43772614002227783,0.5714285714285714,0.1428571428571428,0.3571686148643493,0.2071686148643493
MSHSGQN,0.9155827760696411,-4.054515838623047,0.5714285714285714,0.4285714285714285,0.1160641908645629,0.0
ASTRSTN,1.6633024215698242,-2.9033899307250977,0.5714285714285714,0.2857142857142857,0.2446480840444564,0.0946480840444564
YFMRSNM,-3.038780689239502,0.6782219409942627,0.5714285714285714,0.2857142857142857,0.2490272372961044,0.0990272372961044
IYSRSNN,1.209181785583496,3.098268508911133,0.4285714285714285,0.0,0.7510814666748047,0.5510814666748047
SYHSNEN,-0.457790344953537,-2.1959118843078613,0.7142857142857143,0.2857142857142857,0.3236753046512604,0.2236753046512604
VYRRSIV,-3.545966625213623,0.7155006527900696,0.4285714285714285,0.2857142857142857,0.1890844255685806,0.0
YYHSHAL,-1.7725733518600464,-1.0496333837509155,0.7142857142857143,0.2857142857142857,0.3986765444278717,0.2986765444278717
IQRRDGE,0.8050251603126526,-3.446437358856201,0.7142857142857143,0.4285714285714285,0.1839882135391235,0.0839882135391235
SYILSLN,-2.872785806655884,-0.5995272994041443,0.5714285714285714,0.4285714285714285,0.2686456739902496,0.1186456739902496
YYTSYEN,-2.4590187072753906,0.016461407765746117,0.5714285714285714,0.4285714285714285,0.3175476193428039,0.1675476193428039
SYSRANN,1.3540023565292358,1.132031798362732,0.7142857142857143,0.0,0.6954156756401062,0.5954156756401062
YYHRAGN,-0.957313060760498,0.6604609489440918,0.5714285714285714,0.1428571428571428,0.4950298070907593,0.3450298070907592
YLRRSSE,0.3156077265739441,-0.045891255140304565,0.5714285714285714,0.2857142857142857,0.5638384819030762,0.4138384819030761
YYAHGNS,-0.7282683253288269,-1.4498512744903564,0.7142857142857143,0.4285714285714285,0.4070123136043548,0.3070123136043549
TYRRGNN,-2.4225730895996094,-0.04135505482554436,0.5714285714285714,0.1428571428571428,0.3218550086021423,0.1718550086021423
QYKRNQN,-2.354057550430298,-0.044132743030786514,0.5714285714285714,0.2857142857142857,0.3299526572227478,0.1799526572227478
HYSRAVQ,-0.9219375252723694,0.9872177839279175,0.5714285714285714,0.2857142857142857,0.4992107450962066,0.3492107450962066
SYTRSNN,1.1629741191864014,1.9565390348434448,0.4285714285714285,0.1428571428571428,0.7456203699111938,0.5456203699111939
YYRRGSN,-3.059248208999634,0.48796790838241577,0.4285714285714285,0.0,0.2466082423925399,0.0466082423925399
YWSDASN,-2.2397513389587402,-0.17277877032756805,0.5714285714285714,0.4285714285714285,0.3434621691703796,0.1934621691703796
TYRSSVN,1.6264208555221558,-1.9796051979064941,0.5714285714285714,0.1428571428571428,0.34783735871315,0.19783735871315
IYFRATD,-2.1798038482666016,0.210871160030365,0.7142857142857143,0.2857142857142857,0.350547194480896,0.250547194480896
SYERNSN,0.8110167980194092,-2.2529067993164062,0.7142857142857143,0.2857142857142857,0.3173088133335113,0.2173088133335113
YSSESIM,-1.136394739151001,-3.293123960494995,0.5714285714285714,0.4285714285714285,0.2011137306690216,0.0511137306690216
QYHRGEM,0.7081834077835083,-0.1991441547870636,0.7142857142857143,0.2857142857142857,0.5467196702957153,0.4467196702957153
YYHSSEP,-1.6601288318634033,-0.3041539788246155,0.5714285714285714,0.2857142857142857,0.4119660556316376,0.2619660556316375
YYHRSAN,-1.2602688074111938,1.0208686590194702,0.5714285714285714,0.1428571428571428,0.4592243731021881,0.3092243731021881
YYYMLQN,-3.5647337436676025,-0.2512512505054474,0.7142857142857143,0.4285714285714285,0.1868663877248764,0.0868663877248764
SYSRWTN,-2.4760115146636963,1.1329997777938843,0.5714285714285714,0.2857142857142857,0.3155392706394195,0.1655392706394195
YYRGLSN,-0.4466560482978821,-0.2332162857055664,0.4285714285714285,0.2857142857142857,0.5429137349128723,0.3429137349128723
YYSMLSW,-4.012004375457764,1.4877690076828003,0.7142857142857143,0.4285714285714285,0.1340047866106033,0.0340047866106033
PYRRSNN,-2.612894296646118,-0.05615251138806343,0.4285714285714285,0.1428571428571428,0.2993614971637726,0.0993614971637726
SYRRDTN,0.9052312970161438,-1.5037287473678589,0.5714285714285714,0.2857142857142857,0.4009940326213836,0.2509940326213836
YSTRPGN,2.6568076610565186,-2.6908328533172607,0.5714285714285714,0.2857142857142857,0.2683912813663482,0.1183912813663482
YYSRANM,0.00026669143699109554,0.037064358592033386,0.7142857142857143,0.1428571428571428,0.5731048583984375,0.4731048583984375
KYRRAQF,-3.3574888706207275,0.014228361658751965,0.5714285714285714,0.2857142857142857,0.2113600522279739,0.0613600522279739
YYRRATQ,-3.892239570617676,-0.05211721733212471,0.5714285714285714,0.2857142857142857,0.1481594294309616,0.0
KQSRASN,-3.6277270317077637,-0.5992406010627747,0.7142857142857143,0.4285714285714285,0.1794213950634002,0.0794213950634002
YYARSNN,0.3162451684474945,0.48971354961395264,0.4285714285714285,0.1428571428571428,0.6236670017242432,0.4236670017242432
YYRRQYN,-3.3433444499969482,0.45592001080513,0.5714285714285714,0.1428571428571428,0.2130317389965057,0.0630317389965057
YYQRLTN,-1.5407463312149048,0.251097172498703,0.5714285714285714,0.2857142857142857,0.4260755479335785,0.2760755479335784
QYHHSAN,0.582913875579834,-0.2471322864294052,0.5714285714285714,0.2857142857142857,0.5413593053817749,0.3913593053817749
YLHASNN,0.22723332047462463,-2.4146533012390137,0.4285714285714285,0.2857142857142857,0.299241304397583,0.099241304397583
YYSRAHN,-1.20037043094635,0.3593686819076538,0.5714285714285714,0.1428571428571428,0.4663035869598388,0.3163035869598388
HYRMSGG,0.9732785820960999,-0.774604856967926,0.7142857142857143,0.2857142857142857,0.4824391901493072,0.3824391901493073
HYSRSEN,0.3946762979030609,1.6212494373321533,0.5714285714285714,0.1428571428571428,0.6548174619674683,0.5048174619674682
YYSSSTY,-1.7348015308380127,-1.9380018711090088,0.5714285714285714,0.2857142857142857,0.3524845540523529,0.2024845540523529
QYARSAN,1.508086085319519,0.910110354423523,0.5714285714285714,0.1428571428571428,0.6706264615058899,0.5206264615058899
IYTRGNN,1.5450838804244995,1.5752365589141846,0.5714285714285714,0.1428571428571428,0.7449228167533875,0.5949228167533874
VYTHSNN,0.5588428974151611,-0.797028124332428,0.4285714285714285,0.1428571428571428,0.479934424161911,0.279934424161911
VYGRGNN,1.2068195343017578,-0.432216614484787,0.5714285714285714,0.1428571428571428,0.5206848382949829,0.3706848382949829
IYRRLNN,-3.554863214492798,0.5933824777603149,0.5714285714285714,0.1428571428571428,0.1880329549312591,0.0380329549312591
MSHVGNN,1.0438224077224731,-3.7024049758911133,0.5714285714285714,0.2857142857142857,0.1553959250450134,0.0053959250450134
YYARSNP,0.44285503029823303,0.49694743752479553,0.4285714285714285,0.1428571428571428,0.6244750022888184,0.4244750022888184
SYHRGSE,1.2335211038589478,0.2592059075832367,0.5714285714285714,0.2857142857142857,0.5979186296463013,0.4479186296463012
QYSKAVM,2.276577949523926,-1.1422826051712036,0.4285714285714285,0.2857142857142857,0.4413685798645019,0.2413685798645019
PYSRSNL,0.8061746954917908,1.9513839483261108,0.5714285714285714,0.2857142857142857,0.7034512758255005,0.5534512758255005
YYALASN,-1.5964299440383911,-0.8842964172363281,0.5714285714285714,0.2857142857142857,0.4194944500923157,0.2694944500923156
QYVRAGN,0.6729888916015625,-0.5887044668197632,0.7142857142857143,0.2857142857142857,0.5032047629356384,0.4032047629356384
YYRMHND,-0.8518750071525574,-0.8069023489952087,0.5714285714285714,0.2857142857142857,0.4788314402103424,0.3288314402103424
IYVHSAN,-0.48701781034469604,-1.6164467334747314,0.5714285714285714,0.1428571428571428,0.3884031474590301,0.2384031474590301
YYSRSHN,-0.9339302182197571,0.33913654088974,0.5714285714285714,0.0,0.4977933168411255,0.3477933168411254
SFHRQAN,0.4730074107646942,-0.49162623286247253,0.7142857142857143,0.4285714285714285,0.5140486359596252,0.4140486359596252
IYARINN,-0.16305427253246307,1.5102680921554565,0.7142857142857143,0.2857142857142857,0.5889008641242981,0.4889008641242981
YYHMQNN,-2.0022127628326416,-1.313372254371643,0.5714285714285714,0.1428571428571428,0.3715361654758453,0.2215361654758453
SSSLLPP,-0.7380321621894836,-4.681266784667969,0.4285714285714285,0.4285714285714285,0.0460544042289257,0.0
IYHRSSH,-0.773139238357544,1.6003373861312866,0.5714285714285714,0.1428571428571428,0.5167967677116394,0.3667967677116394
QYSRSQP,1.3724792003631592,2.860563039779663,0.2857142857142857,0.2857142857142857,0.7703811526298523,0.5203811526298523
IYHRHNN,-0.5389178991317749,0.3603072762489319,0.7142857142857143,0.1428571428571428,0.5444786548614502,0.4444786548614502
AYSRHNT,0.09662985801696777,-0.14079631865024567,0.7142857142857143,0.2857142857142857,0.5532373189926147,0.4532373189926147
VYSTDMN,-0.574118435382843,-1.2219511270523071,0.5714285714285714,0.2857142857142857,0.4324693977832794,0.2824693977832794
IKHRSAN,-3.5085067749023438,0.4934748411178589,0.7142857142857143,0.1428571428571428,0.1935116946697235,0.0935116946697235
SYRRLNP,-3.2037339210510254,0.5058164000511169,0.5714285714285714,0.2857142857142857,0.2295318990945816,0.0795318990945816
SYHRQNN,0.13246093690395355,0.5402921438217163,0.7142857142857143,0.1428571428571428,0.6238269805908203,0.5238269805908203
QYHRQNN,-0.12859459221363068,-0.4425159692764282,0.7142857142857143,0.1428571428571428,0.5195344090461731,0.4195344090461731
HQSRSPD,1.1914631128311157,-3.1558265686035156,0.7142857142857143,0.2857142857142857,0.2164502292871475,0.1164502292871475
QYRRSTN,-3.2152814865112305,0.16964922845363617,0.5714285714285714,0.1428571428571428,0.2281671315431594,0.0781671315431594
KYTLSSN,0.05866015702486038,-1.487849473953247,0.4285714285714285,0.2857142857142857,0.4027678072452545,0.2027678072452545
YSRRSEN,0.8013451099395752,0.9811267256736755,0.4285714285714285,0.1428571428571428,0.6785591840744019,0.4785591840744019
YSRRSAN,-2.289138078689575,1.2272822856903076,0.4285714285714285,0.1428571428571428,0.3376252949237823,0.1376252949237823
QKSRSFV,-3.9236199855804443,-1.0960038900375366,0.7142857142857143,0.4285714285714285,0.1444506794214248,0.0444506794214248
MYHQGVM,-1.041001796722412,-2.464728593826294,0.7142857142857143,0.5714285714285714,0.2936477363109588,0.1936477363109588
SYSRYFL,-3.5426101684570312,1.094045877456665,0.7142857142857143,0.2857142857142857,0.189481109380722,0.089481109380722
SYWRSWN,-5.145840644836426,2.143929958343506,0.5714285714285714,0.2857142857142857,0.0,0.0
QYSHVMN,-0.5235129594802856,-1.5046024322509766,0.7142857142857143,0.2857142857142857,0.4008964598178863,0.3008964598178864
QYSRGNN,1.375897765159607,1.606122374534607,0.5714285714285714,0.1428571428571428,0.7483729124069214,0.5983729124069214
QYSRASN,1.5777723789215088,0.991180956363678,0.7142857142857143,0.1428571428571428,0.6796822547912598,0.5796822547912598
QYRSNEP,0.660218358039856,-2.1662797927856445,0.7142857142857143,0.4285714285714285,0.3269852995872497,0.2269852995872497
YSRRPNN,-1.523101806640625,1.1778632402420044,0.4285714285714285,0.1428571428571428,0.4281608760356903,0.2281608760356903
QYHRAFN,-2.1567251682281494,0.5247820019721985,0.7142857142857143,0.1428571428571428,0.353274792432785,0.253274792432785
FYRRSNM,-3.2578487396240234,1.4636366367340088,0.5714285714285714,0.2857142857142857,0.223136231303215,0.073136231303215
YYHRSYN,-1.7234336137771606,0.9916749000549316,0.5714285714285714,0.1428571428571428,0.4044842720031738,0.2544842720031738
YSHRDHN,0.9811573624610901,-1.8492792844772339,0.5714285714285714,0.2857142857142857,0.3623951077461242,0.2123951077461242
QLSGGNN,0.5264670252799988,-4.437190532684326,0.5714285714285714,0.4285714285714285,0.0733183845877647,0.0
VYRRSTF,-2.895482301712036,1.3347059488296509,0.4285714285714285,0.2857142857142857,0.2659632563591003,0.0659632563591003
YYRRGPN,-3.0704128742218018,0.42282360792160034,0.2857142857142857,0.1428571428571428,0.2452887296676635,0.0
YLSRINN,0.7451791167259216,-1.4396041631698608,0.5714285714285714,0.2857142857142857,0.4081569314002991,0.258156931400299
YYHSASQ,-1.1676644086837769,-0.92303067445755,0.5714285714285714,0.2857142857142857,0.465859591960907,0.3158595919609069
SSHRQNN,1.021883487701416,-2.455507755279541,0.5714285714285714,0.2857142857142857,0.294677734375,0.144677734375
YSKRSAN,-2.134523391723633,0.3762495517730713,0.4285714285714285,0.2857142857142857,0.355898767709732,0.155898767709732
FYSRSNN,0.5123149752616882,0.09461794793605804,0.5714285714285714,0.1428571428571428,0.5795336961746216,0.4295336961746215
YYRVLIT,-3.5128142833709717,-0.014131290838122368,0.7142857142857143,0.4285714285714285,0.1930025964975357,0.0930025964975357
YYSGSSD,-1.9439692497253418,-3.0797812938690186,0.5714285714285714,0.2857142857142857,0.2249446958303451,0.0749446958303451
YYHRQIE,-0.844037652015686,0.08055441081523895,0.7142857142857143,0.2857142857142857,0.5084174871444702,0.4084174871444702
YYHRGNN,-0.6420488953590393,1.3694806098937988,0.5714285714285714,0.0,0.5322899222373962,0.3822899222373962
YYRRASN,-3.836167812347412,0.4766544997692108,0.4285714285714285,0.1428571428571428,0.1547863930463791,0.0
IVSRITN,1.6340813636779785,-2.4767677783966064,0.7142857142857143,0.2857142857142857,0.2923029363155365,0.1923029363155365
YNHKSNN,1.9624353647232056,-0.9316984415054321,0.4285714285714285,0.2857142857142857,0.4648914039134979,0.2648914039134979
TYRRDED,0.5567896962165833,-1.9568642377853394,0.7142857142857143,0.4285714285714285,0.3503775596618652,0.2503775596618652
YSSRQDD,1.5720247030258179,-3.5494368076324463,0.5714285714285714,0.4285714285714285,0.172482892870903,0.022482892870903
GYSRSSN,1.0459173917770386,0.7963671088218689,0.5714285714285714,0.1428571428571428,0.6579210162162781,0.507921016216278
YIARGNN,1.6725597381591797,-1.7500841617584229,0.5714285714285714,0.2857142857142857,0.3734754920005798,0.2234754920005798
IYSQDSN,-0.6536297798156738,-1.9742000102996826,0.5714285714285714,0.2857142857142857,0.3484411239624023,0.1984411239624023
YYRRSNN,-3.154005289077759,0.9878677725791931,0.2857142857142857,0.0,0.2354091852903366,0.0
QYHRDLN,0.24526000022888184,-0.741184651851654,0.7142857142857143,0.2857142857142857,0.4861722886562347,0.3861722886562347
FYHRSIN,-1.80146324634552,1.313368320465088,0.5714285714285714,0.1428571428571428,0.3952621817588806,0.2452621817588806
YYRRSQI,-2.8984410762786865,1.5036461353302002,0.4285714285714285,0.2857142857142857,0.2656135559082031,0.0656135559082031
YSSSLNN,0.44762739539146423,-3.1390342712402344,0.5714285714285714,0.1428571428571428,0.2183259725570678,0.0683259725570678
MYHVSEF,-2.3511734008789062,-0.39989006519317627,0.5714285714285714,0.4285714285714285,0.3302935361862182,0.1802935361862182
SSHLDPG,-0.2079746127128601,-4.19342041015625,0.5714285714285714,0.5714285714285714,0.1005481705069542,0.0
IYHSGQP,0.8585788607597351,-2.385659694671631,0.5714285714285714,0.2857142857142857,0.3024799525737762,0.1524799525737762
PYLRSIN,-1.720766305923462,-0.44012361764907837,0.5714285714285714,0.2857142857142857,0.4047994911670685,0.2547994911670684
VYSRGNF,-0.9836475253105164,2.249345302581787,0.5714285714285714,0.1428571428571428,0.4919174313545227,0.3419174313545227
SFARSNN,0.9962733387947083,-0.28792330622673035,0.5714285714285714,0.2857142857142857,0.5368028283119202,0.3868028283119201
YYRRNNN,-3.44283127784729,0.7402983903884888,0.4285714285714285,0.1428571428571428,0.2012736797332763,0.0012736797332763
YVHRDAN,1.0006921291351318,-0.8110064268112183,0.7142857142857143,0.2857142857142857,0.4783729910850525,0.3783729910850525
YYRRRNN,-3.6856930255889893,1.3094643354415894,0.4285714285714285,0.1428571428571428,0.1725705713033676,0.0
ISSRGNN,1.8521552085876465,-3.8099398612976074,0.5714285714285714,0.1428571428571428,0.1433839946985244,0.0
YYHRHIN,-1.505140781402588,0.3241989314556122,0.7142857142857143,0.1428571428571428,0.430283635854721,0.3302836358547211
DYHSGTL,-0.045226261019706726,-3.1359899044036865,0.5714285714285714,0.4285714285714285,0.2186660319566726,0.0686660319566726
ISHMLLN,-1.7105664014816284,-3.663569688796997,0.5714285714285714,0.4285714285714285,0.1597339361906051,0.0097339361906051
SYSRGNT,1.6583127975463867,0.9983107447624207,0.7142857142857143,0.0,0.6804786324501038,0.5804786324501038
YYARFTN,-2.0319817066192627,-0.3661622405052185,0.5714285714285714,0.2857142857142857,0.3680178523063659,0.2180178523063659
YYRRFNN,-3.40436053276062,0.09215053170919418,0.4285714285714285,0.1428571428571428,0.2058204263448715,0.0058204263448715
IYSPQSN,-0.34896156191825867,-2.4410815238952637,0.5714285714285714,0.2857142857142857,0.2962892055511474,0.1462892055511474
YSHRSVN,1.0718961954116821,1.0182483196258545,0.5714285714285714,0.1428571428571428,0.6827057600021362,0.5327057600021362
FFAWDNN,-3.168576717376709,-0.06346207857131958,0.7142857142857143,0.4285714285714285,0.2336870282888412,0.1336870282888412
YSIRSSN,1.7416173219680786,-1.0428522825241089,0.5714285714285714,0.2857142857142857,0.4524751901626587,0.3024751901626586
YYTRVGN,-0.6404969692230225,-0.31853944063186646,0.5714285714285714,0.1428571428571428,0.5324733257293701,0.3824733257293701
IYHTSQD,-0.07956096529960632,-1.646330714225769,0.5714285714285714,0.4285714285714285,0.3850650191307068,0.2350650191307068
YWHRSHP,-2.7503740787506104,1.7555567026138306,0.5714285714285714,0.2857142857142857,0.2831131815910339,0.1331131815910339
YHRVSMN,0.6743638515472412,1.339115023612976,0.2857142857142857,0.2857142857142857,0.6878729462623596,0.4378729462623596
YHQRSQV,0.34425705671310425,-0.5053073763847351,0.5714285714285714,0.4285714285714285,0.512520432472229,0.362520432472229
VYTRPNN,1.069776177406311,2.0123116970062256,0.4285714285714285,0.1428571428571428,0.7346054911613464,0.5346054911613465
SYHLSNN,-0.08675295859575272,-1.2239861488342285,0.4285714285714285,0.2857142857142857,0.4322420656681061,0.2322420656681061
YYHGEPN,-1.3361248970031738,-0.1446199119091034,0.4285714285714285,0.2857142857142857,0.4502591490745544,0.2502591490745545
SSRVSNN,0.9379355311393738,-3.58636736869812,0.4285714285714285,0.1428571428571428,0.1683576554059982,0.0
YYSRASN,0.7236467599868774,-0.22919370234012604,0.5714285714285714,0.1428571428571428,0.543363094329834,0.3933630943298339
YYHHGNN,-1.0612900257110596,-0.3376566469669342,0.5714285714285714,0.1428571428571428,0.4827410876750946,0.3327410876750946
YYSRSNN,0.5108199119567871,0.6452360153198242,0.4285714285714285,0.0,0.641039252281189,0.441039252281189
YYSRPNI,-0.6916846036911011,-0.349185049533844,0.5714285714285714,0.2857142857142857,0.5264236330986023,0.3764236330986023
VYHPGSN,0.3333032429218292,-2.2416763305664062,0.5714285714285714,0.2857142857142857,0.3185632824897766,0.1685632824897766
IYPRSSN,1.2658967971801758,-0.19979336857795715,0.5714285714285714,0.1428571428571428,0.5466471910476685,0.3966471910476684
QYTYSPW,-3.7741150856018066,1.2771190404891968,0.5714285714285714,0.4285714285714285,0.1621202230453491,0.0121202230453491
GYTRSNH,0.07837825268507004,-0.8150928020477295,0.4285714285714285,0.2857142857142857,0.4779165387153625,0.2779165387153626
WYSRLNQ,-2.4862725734710693,0.591285765171051,0.5714285714285714,0.2857142857142857,0.3143265545368194,0.1643265545368194
FSSRSEY,0.025974368676543236,-0.9836701154708862,0.7142857142857143,0.4285714285714285,0.459086000919342,0.359086000919342
QSRRPSN,-2.832338809967041,-0.12403183430433273,0.5714285714285714,0.2857142857142857,0.2734259963035583,0.1234259963035583
VSRRSPE,0.9757125973701477,-3.002692699432373,0.5714285714285714,0.2857142857142857,0.2335556894540786,0.0835556894540786
QSHRGVN,0.996523380279541,-2.045354127883911,0.4285714285714285,0.2857142857142857,0.3404930233955383,0.1404930233955383
YYSRSNN,0.5108199119567871,0.6452360153198242,0.4285714285714285,0.0,0.641039252281189,0.441039252281189
YYHKSEK,-0.2833336293697357,0.9286155700683594,0.4285714285714285,0.2857142857142857,0.5746854543685913,0.3746854543685913
QVHSSNN,0.4274097681045532,-3.9697446823120117,0.5714285714285714,0.1428571428571428,0.1255333572626114,0.0
VYSRHNN,0.01664622128009796,1.853692650794983,0.5714285714285714,0.1428571428571428,0.6101391911506653,0.4601391911506652
YYSSSEN,-1.476469874382019,-1.9739837646484375,0.4285714285714285,0.1428571428571428,0.3484652936458587,0.1484652936458587
ISSSANN,0.241594135761261,-4.207301139831543,0.5714285714285714,0.1428571428571428,0.0989976599812507,0.0
YYSRSEN,-0.24387367069721222,0.5828149914741516,0.5714285714285714,0.1428571428571428,0.5793491005897522,0.4293491005897522
WYRRSNN,-3.317004680633545,0.41424620151519775,0.4285714285714285,0.0,0.2161447554826736,0.0161447554826736
SYRASND,1.0941565036773682,-2.067431688308716,0.5714285714285714,0.2857142857142857,0.3380268812179565,0.1880268812179565
SWHRFNV,-3.403264284133911,1.4182237386703491,0.5714285714285714,0.4285714285714285,0.205949991941452,0.055949991941452
SYSRSNN,1.0727022886276245,2.1194589138031006,0.5714285714285714,0.0,0.734951376914978,0.584951376914978
YYGVGNQ,-0.8613337278366089,-1.4088413715362549,0.7142857142857143,0.2857142857142857,0.4115932285785675,0.3115932285785675
IYARSSQ,1.00741708278656,1.9433966875076294,0.5714285714285714,0.2857142857142857,0.7272354960441589,0.5772354960441589
SYHRSNT,1.0075805187225342,2.2874882221221924,0.5714285714285714,0.1428571428571428,0.7272548079490662,0.5772548079490661
YLTRSNN,1.322569727897644,-1.0295252799987793,0.4285714285714285,0.1428571428571428,0.4539638757705688,0.2539638757705689
VYHSIMN,-1.7987464666366577,-1.4930721521377563,0.5714285714285714,0.2857142857142857,0.3955832421779632,0.2455832421779632
YYSRQSE,0.3893580138683319,-0.8717363476753235,0.7142857142857143,0.1428571428571428,0.4715892970561981,0.3715892970561981
SSVMSSD,-0.7525222897529602,-5.021634101867676,0.5714285714285714,0.5714285714285714,0.008034449070692,0.0
QYRKREN,-2.5278217792510986,0.08219504356384277,0.7142857142857143,0.4285714285714285,0.3094159662723541,0.2094159662723541
YYYRSNN,-1.9494973421096802,0.6695418357849121,0.4285714285714285,0.1428571428571428,0.3777664601802826,0.1777664601802826
YYSRSNN,0.5108199119567871,0.6452360153198242,0.4285714285714285,0.0,0.641039252281189,0.441039252281189
TYSNSEN,-0.8133094310760498,-2.607250690460205,0.5714285714285714,0.2857142857142857,0.2777276337146759,0.1277276337146759
YYHRIIL,-3.5190505981445312,0.3891570270061493,0.7142857142857143,0.2857142857142857,0.1922655403614044,0.0922655403614044
IYSRANN,1.362966537475586,2.3781821727752686,0.5714285714285714,0.1428571428571428,0.7692568302154541,0.6192568302154541
MYDRLNN,0.14291439950466156,-1.2112329006195068,0.7142857142857143,0.1428571428571428,0.4336666166782379,0.3336666166782379
MSSDGAG,-0.15879550576210022,-4.2376179695129395,0.7142857142857143,0.5714285714285714,0.0956111848354339,0.0
FYRRDTH,-1.565792202949524,0.4042695164680481,0.7142857142857143,0.1428571428571428,0.4231154322624206,0.3231154322624207
IYTDANN,-0.9515361189842224,-2.8000872135162354,0.7142857142857143,0.2857142857142857,0.2561872899532318,0.1561872899532318
ISVKANK,-2.7538001537323,-1.3245081901550293,0.7142857142857143,0.2857142857142857,0.2827082574367523,0.1827082574367523
IYVRSNN,0.679763913154602,1.6233493089675903,0.5714285714285714,0.1428571428571428,0.6885111331939697,0.5385111331939697
YYWRHEK,-1.9409539699554443,1.1599392890930176,0.7142857142857143,0.2857142857142857,0.3787761628627777,0.2787761628627777
DSGRSQN,0.4954383373260498,-3.1179592609405518,0.5714285714285714,0.4285714285714285,0.2206801027059555,0.0706801027059555
IYRRGPD,0.9725416898727417,-0.5948062539100647,0.5714285714285714,0.2857142857142857,0.5025231838226318,0.3525231838226318
VYRRGEY,-0.7465409636497498,1.3636568784713745,0.5714285714285714,0.2857142857142857,0.5199403166770935,0.3699403166770935
IYHLSNN,-0.7736631035804749,-1.0198191404342651,0.4285714285714285,0.1428571428571428,0.4550480544567108,0.2550480544567108
SSSRLRN,-3.959242343902588,-0.9746409058570862,0.5714285714285714,0.2857142857142857,0.1402405798435211,0.0
YYSRASE,0.7407463192939758,-0.8979514837265015,0.7142857142857143,0.2857142857142857,0.4686610102653503,0.3686610102653503
QYHIPNT,0.2938661277294159,-1.7078323364257812,0.7142857142857143,0.2857142857142857,0.3781951069831848,0.2781951069831848
VYSRANN,0.9478606581687927,2.6268389225006104,0.5714285714285714,0.1428571428571428,0.7201967239379883,0.5701967239379883
YYSRLVN,-2.678252935409546,0.6316735148429871,0.5714285714285714,0.1428571428571428,0.2916369438171386,0.1416369438171386
SSHRGLN,0.9636187553405762,-1.5160719156265259,0.5714285714285714,0.4285714285714285,0.3996152877807617,0.2496152877807617
SWKRLNA,-2.720146417617798,-0.12071558088064194,0.7142857142857143,0.4285714285714285,0.2866856753826141,0.1866856753826141
YYRAVNN,-0.29011425375938416,-0.06777339428663254,0.4285714285714285,0.2857142857142857,0.5613941550254822,0.3613941550254822
YYSRYAN,-1.2253954410552979,-0.14000140130519867,0.7142857142857143,0.1428571428571428,0.4633459150791168,0.3633459150791168
IFRSANN,1.632260799407959,-2.3838841915130615,0.5714285714285714,0.2857142857142857,0.3026782870292663,0.1526782870292663
SYTRSNN,1.1629741191864014,1.9565390348434448,0.4285714285714285,0.1428571428571428,0.7456203699111938,0.5456203699111939
QYHRVNN,0.8062372803688049,0.4306175708770752,0.7142857142857143,0.1428571428571428,0.6170657873153687,0.5170657873153687
IYSRQNP,0.8808223605155945,1.5948914289474487,0.5714285714285714,0.1428571428571428,0.7122735977172852,0.5622735977172851
YNRKRNT,-2.8428635597229004,-0.09036559611558914,0.5714285714285714,0.4285714285714285,0.2721821069717407,0.1221821069717407
YSSKPNN,2.6010916233062744,-2.0857181549072266,0.5714285714285714,0.2857142857142857,0.3359842598438263,0.1859842598438263
IYRRSST,-3.479325532913208,0.7512543797492981,0.5714285714285714,0.2857142857142857,0.1969605386257171,0.0469605386257171
YYTRISN,-1.6707571744918823,-0.2418449968099594,0.5714285714285714,0.1428571428571428,0.4107099175453186,0.2607099175453186
YYHRSSN,-1.4665004014968872,1.0760574340820312,0.5714285714285714,0.1428571428571428,0.4348504543304443,0.2848504543304443
TYRRAPE,0.6138942837715149,-1.1923408508300781,0.5714285714285714,0.4285714285714285,0.4357769191265106,0.2857769191265106
IYHRFYD,-3.263654947280884,0.7052598595619202,0.7142857142857143,0.2857142857142857,0.2224500030279159,0.1224500030279159
YSTRFAN,0.5565034747123718,-3.0961482524871826,0.5714285714285714,0.2857142857142857,0.2231164574623108,0.0731164574623108
IYSRVQE,0.9722750186920166,3.738504648208618,0.5714285714285714,0.2857142857142857,0.7230821251869202,0.5730821251869201
MYRKANN,-2.0994601249694824,-0.08604007214307785,0.5714285714285714,0.2857142857142857,0.3600427806377411,0.2100427806377411
SSRRSDL,0.12216627597808838,-2.5813779830932617,0.5714285714285714,0.4285714285714285,0.2806176841259002,0.1306176841259002
IYSRSEM,0.7680031061172485,3.0670061111450195,0.4285714285714285,0.2857142857142857,0.698939859867096,0.498939859867096
VLTRANN,1.8323334455490112,-2.5283403396606445,0.5714285714285714,0.1428571428571428,0.286542147397995,0.136542147397995
YYSRSSN,0.4695335030555725,0.015150315128266811,0.5714285714285714,0.1428571428571428,0.5706570148468018,0.4206570148468017
YYSMQNN,-1.2140980958938599,-1.626143217086792,0.5714285714285714,0.2857142857142857,0.3873200118541717,0.2373200118541717
QSHRSTN,1.1727451086044312,-1.4748746156692505,0.5714285714285714,0.1428571428571428,0.4042171537876129,0.2542171537876129
NYHRAST,0.669293224811554,0.48475855588912964,0.5714285714285714,0.2857142857142857,0.6231134533882141,0.4731134533882141
IYRRGNF,-2.5917165279388428,0.9111605882644653,0.5714285714285714,0.2857142857142857,0.3018644452095032,0.1518644452095031
YYSRSNI,-0.2821303904056549,0.7316142320632935,0.4285714285714285,0.1428571428571428,0.5748276710510254,0.3748276710510254
QYTRLNA,0.7380803227424622,-0.7781095504760742,0.5714285714285714,0.2857142857142857,0.4820476770401001,0.3320476770401001
TYSRGNN,1.1899430751800537,1.0532546043395996,0.5714285714285714,0.0,0.686616063117981,0.5366160631179809
YYSRGSN,1.0070972442626953,-0.6622880697250366,0.5714285714285714,0.0,0.4949852526187897,0.3449852526187896
IYSRDQN,0.5656061172485352,1.8172881603240967,0.5714285714285714,0.1428571428571428,0.6750191450119019,0.5250191450119018
IYRRGSL,-2.86588716506958,0.284730464220047,0.7142857142857143,0.2857142857142857,0.2694610059261322,0.1694610059261322
QYRRNGE,0.7048469185829163,-1.101929783821106,0.7142857142857143,0.2857142857142857,0.4458760917186737,0.3458760917186737
ISRRSNG,-1.42926824092865,-0.3766941726207733,0.5714285714285714,0.2857142857142857,0.4392507970333099,0.2892507970333099
VYRSHEN,0.9286931753158569,-1.5018019676208496,0.5714285714285714,0.1428571428571428,0.4012092649936676,0.2512092649936676
MYMRNPN,0.06781796365976334,-0.7749781012535095,0.7142857142857143,0.4285714285714285,0.4823974668979645,0.3823974668979645
IKHTSNH,0.8576421737670898,-1.564240574836731,0.7142857142857143,0.4285714285714285,0.3942347168922424,0.2942347168922424
YYSRQNN,-0.37457531690597534,-0.6004014611244202,0.5714285714285714,0.1428571428571428,0.5018981695175171,0.351898169517517
YYKRHPQ,-3.2775378227233887,0.8884443640708923,0.5714285714285714,0.2857142857142857,0.2208092361688614,0.0708092361688614
YYHRSSN,-1.4665004014968872,1.0760574340820312,0.5714285714285714,0.1428571428571428,0.4348504543304443,0.2848504543304443
SYRSLPM,-0.020795362070202827,-1.6362756490707397,0.4285714285714285,0.2857142857142857,0.3861881792545318,0.1861881792545318
QSHRSPD,0.9356219172477722,-2.3434906005859375,0.5714285714285714,0.4285714285714285,0.3071903586387634,0.1571903586387634
QSSRSDN,0.3170550465583801,-2.8465182781219482,0.5714285714285714,0.2857142857142857,0.2510007917881012,0.1010007917881012
YYVSLAN,-2.525883674621582,0.23312412202358246,0.5714285714285714,0.2857142857142857,0.3096450269222259,0.1596450269222259
YSHRTAN,1.8923670053482056,-0.20997165143489838,0.5714285714285714,0.2857142857142857,0.5455102324485779,0.3955102324485778
SYRRANN,-2.849708080291748,-0.03782825544476509,0.5714285714285714,0.1428571428571428,0.2713731825351715,0.1213731825351715
AYHRSPN,0.6879512667655945,1.107861876487732,0.5714285714285714,0.1428571428571428,0.6894787549972534,0.5394787549972534
YYRRSNT,-3.691347122192383,0.9516886472702026,0.4285714285714285,0.1428571428571428,0.1719023287296295,0.0
YYHRSNN,-0.9529139399528503,1.031571388244629,0.4285714285714285,0.1428571428571428,0.495549738407135,0.295549738407135
MYRSANN,2.3595824241638184,-1.7675964832305908,0.5714285714285714,0.2857142857142857,0.3715192973613739,0.2215192973613739
VYHRGNN,0.8171966671943665,1.7982733249664307,0.5714285714285714,0.0,0.7047539353370667,0.5547539353370666
IYHRDQN,0.7607311010360718,0.26373741030693054,0.5714285714285714,0.1428571428571428,0.5984247922897339,0.4484247922897338
TYHRLQY,-2.3768043518066406,1.6313670873641968,0.5714285714285714,0.4285714285714285,0.3272642791271209,0.1772642791271209
IFHRSNN,0.44283267855644226,0.6731640696525574,0.5714285714285714,0.1428571428571428,0.6441588997840881,0.4941588997840881
VYQSSYN,-1.770696759223938,-1.2698062658309937,0.5714285714285714,0.2857142857142857,0.3988983631134033,0.2488983631134033
QSTRDPN,0.4776861071586609,-3.4624853134155273,0.5714285714285714,0.2857142857142857,0.1821956038475036,0.0321956038475036
IYSRSSN,1.440469741821289,1.947092890739441,0.4285714285714285,0.0,0.7784166932106018,0.5784166932106019
YYHRGNN,-0.6420488953590393,1.3694806098937988,0.5714285714285714,0.0,0.5322899222373962,0.3822899222373962
QYHRSNN,0.49870648980140686,1.3024613857269287,0.5714285714285714,0.0,0.6671124696731567,0.5171124696731567
YYHRSLD,-0.9763849973678589,1.0976969003677368,0.5714285714285714,0.1428571428571428,0.4927757382392883,0.3427757382392883
VYHRGNN,0.8171966671943665,1.7982733249664307,0.5714285714285714,0.0,0.7047539353370667,0.5547539353370666
VYHRGNN,0.8171966671943665,1.7982733249664307,0.5714285714285714,0.0,0.7047539353370667,0.5547539353370666
YSRLGQD,2.593733549118042,2.350282669067383,0.2857142857142857,0.0,0.8314976096153259,0.5814976096153259
YSRLGQD,2.593733549118042,2.350282669067383,0.2857142857142857,0.0,0.8314976096153259,0.5814976096153259
YSRLGQD,2.593733549118042,2.350282669067383,0.2857142857142857,0.0,0.8314976096153259,0.5814976096153259
IYHRSNG,0.8296962380409241,1.531541347503662,0.5714285714285714,0.0,0.7062311768531799,0.5562311768531799
VYARSAN,1.2697478532791138,2.0576982498168945,0.4285714285714285,0.0,0.7582395672798157,0.5582395672798157
YSRSQSN,1.6020078659057617,1.911088228225708,0.4285714285714285,0.0,0.782438337802887,0.582438337802887
YSRSQSN,1.6020078659057617,1.911088228225708,0.4285714285714285,0.0,0.782438337802887,0.582438337802887
IFSRSQN,0.8476589918136597,2.537632465362549,0.5714285714285714,0.0,0.7083541750907898,0.5583541750907898
SYSRGNT,1.6583127975463867,0.9983107447624207,0.7142857142857143,0.0,0.6804786324501038,0.5804786324501038
YSRSSPN,2.597914934158325,2.374415636062622,0.2857142857142857,0.0,0.8341932892799377,0.5841932892799377
YSRSSPN,2.597914934158325,2.374415636062622,0.2857142857142857,0.0,0.8341932892799377,0.5841932892799377
YSRSSPN,2.597914934158325,2.374415636062622,0.2857142857142857,0.0,0.8341932892799377,0.5841932892799377
YSRSSPN,2.597914934158325,2.374415636062622,0.2857142857142857,0.0,0.8341932892799377,0.5841932892799377
VYSRVAN,0.8509868383407593,2.5880870819091797,0.5714285714285714,0.0,0.7087474465370178,0.5587474465370178
QYSRSNA,1.9483537673950195,1.4585751295089722,0.5714285714285714,0.0,0.7318914532661438,0.5818914532661438
TYTRSTN,1.59111750125885,1.9248038530349731,0.4285714285714285,0.0,0.7839704751968384,0.5839704751968384
QYSRKSE,0.6727361083030701,1.008021354675293,0.7142857142857143,0.0,0.6815633773803711,0.5815633773803711
YSRSQNP,2.1303699016571045,1.4667940139770508,0.5714285714285714,0.0,0.7328095436096191,0.5828095436096191
VYTRASN,1.4594546556472778,1.9316715002059937,0.4285714285714285,0.0,0.7806604504585266,0.5806604504585267
YSRSPLN,2.0026628971099854,1.9378924369812012,0.4285714285714285,0.0,0.7854325175285339,0.585432517528534
QYHRGNT,0.8391679525375366,1.0219343900680542,0.7142857142857143,0.0,0.6831175088882446,0.5831175088882447
YSRVSEI,1.219038486480713,1.4820765256881714,0.5714285714285714,0.0,0.7345166206359863,0.5845166206359863
VYHRANN,0.8740494847297668,1.5839598178863525,0.5714285714285714,0.0,0.7114731669425964,0.5614731669425964
VYHRANN,0.8740494847297668,1.5839598178863525,0.5714285714285714,0.0,0.7114731669425964,0.5614731669425964
YSRDLQE,0.8774520754814148,1.7794551849365234,0.5714285714285714,0.0,0.7118752598762512,0.5618752598762512
QYVRSSE,0.8793430328369141,1.552398681640625,0.5714285714285714,0.0,0.7120987772941589,0.5620987772941589
IYSRSSN,1.440469741821289,1.947092890739441,0.4285714285714285,0.0,0.7784166932106018,0.5784166932106019
IYSRSSN,1.440469741821289,1.947092890739441,0.4285714285714285,0.0,0.7784166932106018,0.5784166932106019
QYSRSNE,0.8811636567115784,1.7570844888687134,0.5714285714285714,0.0,0.7123139500617981,0.5623139500617981
QYSRGSN,1.5451799631118774,1.4965078830718994,0.5714285714285714,0.0,0.7361286282539368,0.5861286282539367
QYSRGSN,1.5451799631118774,1.4965078830718994,0.5714285714285714,0.0,0.7361286282539368,0.5861286282539367
SYHRPNN,0.5521334409713745,1.0383319854736328,0.7142857142857143,0.0,0.6734268665313721,0.5734268665313721
YSRSINN,2.091066837310791,1.9562560319900513,0.4285714285714285,0.0,0.7874837517738342,0.5874837517738343
YSRSINN,2.091066837310791,1.9562560319900513,0.4285714285714285,0.0,0.7874837517738342,0.5874837517738343
YSRSINN,2.091066837310791,1.9562560319900513,0.4285714285714285,0.0,0.7874837517738342,0.5874837517738343
YLHRGNS,0.6472460627555847,1.0436344146728516,0.7142857142857143,0.0,0.6846678853034973,0.5846678853034973
YLHRGNS,0.6472460627555847,1.0436344146728516,0.7142857142857143,0.0,0.6846678853034973,0.5846678853034973
QYSRNNP,1.5083811283111572,1.5115464925765991,0.5714285714285714,0.0,0.7378085255622864,0.5878085255622864
TYTRANI,1.2616287469863892,1.5152959823608398,0.5714285714285714,0.0,0.7382273077964783,0.5882273077964782
SYSRSSN,1.1422529220581055,1.515839695930481,0.5714285714285714,0.0,0.7382880449295044,0.5882880449295044
VYSRSGN,1.9117947816848755,1.9823672771453857,0.4285714285714285,0.0,0.790400505065918,0.590400505065918
YHRLGND,2.4056155681610107,2.9005753993988037,0.1428571428571428,0.0,0.8924844861030579,0.5924844861030578
IYTRSSN,1.3499212265014648,2.0614840984344482,0.4285714285714285,0.0,0.7677150368690491,0.5677150368690491
IYHRNGN,0.6884950399398804,1.073756217956543,0.7142857142857143,0.0,0.6889061331748962,0.5889061331748963
QYVRSAN,1.1845234632492065,1.532400131225586,0.5714285714285714,0.0,0.7401378750801086,0.5901378750801086
IYSRSPN,1.3657299280166626,2.306851625442505,0.4285714285714285,0.0,0.7695834040641785,0.5695834040641785
IYSRSPN,1.3657299280166626,2.306851625442505,0.4285714285714285,0.0,0.7695834040641785,0.5695834040641785
IYSRSPN,1.3657299280166626,2.306851625442505,0.4285714285714285,0.0,0.7695834040641785,0.5695834040641785
QYSRSND,1.1993532180786133,1.5455397367477417,0.5714285714285714,0.0,0.7416056394577026,0.5916056394577026
VYSRSTN,1.3792482614517212,2.624066114425659,0.4285714285714285,0.0,0.7711811065673828,0.5711811065673829
YSRVSEN,1.4013224840164185,2.8349761962890625,0.4285714285714285,0.0,0.7737900018692017,0.5737900018692017
VYSRPPN,1.3658779859542847,1.5837769508361816,0.5714285714285714,0.0,0.7458768486976624,0.5958768486976623
SYSRANN,1.3540023565292358,1.132031798362732,0.7142857142857143,0.0,0.6954156756401062,0.5954156756401062
YSRSSVQ,1.976434350013733,1.5923123359680176,0.5714285714285714,0.0,0.7468302845954895,0.5968302845954895
QYSRGSQ,1.0115461349487305,1.1389461755752563,0.7142857142857143,0.0,0.6961880326271057,0.5961880326271057
QYSRGSQ,1.0115461349487305,1.1389461755752563,0.7142857142857143,0.0,0.6961880326271057,0.5961880326271057
VYTRANN,1.4377975463867188,2.749725580215454,0.4285714285714285,0.0,0.7781009078025818,0.5781009078025818
VYTRANN,1.4377975463867188,2.749725580215454,0.4285714285714285,0.0,0.7781009078025818,0.5781009078025818
VYTRANN,1.4377975463867188,2.749725580215454,0.4285714285714285,0.0,0.7781009078025818,0.5781009078025818
VYTRANN,1.4377975463867188,2.749725580215454,0.4285714285714285,0.0,0.7781009078025818,0.5781009078025818
VYTRANN,1.4377975463867188,2.749725580215454,0.4285714285714285,0.0,0.7781009078025818,0.5781009078025818
VYTRANN,1.4377975463867188,2.749725580215454,0.4285714285714285,0.0,0.7781009078025818,0.5781009078025818
YSRSSNQ,2.235509157180786,2.0813941955566406,0.4285714285714285,0.0,0.8014620542526245,0.6014620542526246
YSRSSNQ,2.235509157180786,2.0813941955566406,0.4285714285714285,0.0,0.8014620542526245,0.6014620542526246
SYHRSPN,1.009524941444397,1.9068986177444458,0.5714285714285714,0.0,0.7274845838546753,0.5774845838546753
MYHRANN,0.9758740067481995,1.1677207946777344,0.7142857142857143,0.0,0.6994022130966187,0.5994022130966187
YSRQLNN,2.7105958461761475,2.0964601039886475,0.4285714285714285,0.0,0.8031449913978577,0.6031449913978577
YSRVLGN,1.4600673913955688,2.137068271636963,0.4285714285714285,0.0,0.7807328701019287,0.5807328701019288
YSRVLGN,1.4600673913955688,2.137068271636963,0.4285714285714285,0.0,0.7807328701019287,0.5807328701019288
YSRSPGE,1.8658947944641113,1.645357608795166,0.5714285714285714,0.0,0.7527555823326111,0.6027555823326111
QYSRSAN,1.5230978727340698,1.6478313207626343,0.5714285714285714,0.0,0.7530319094657898,0.6030319094657898
SYSRQNN,0.5985351204872131,1.6466094255447388,0.7142857142857143,0.0,0.6789109110832214,0.5789109110832215
VYSRGNN,1.0391335487365723,1.753395676612854,0.5714285714285714,0.0,0.7309839725494385,0.5809839725494385
QYHRANN,0.8508756756782532,1.2021807432174683,0.7142857142857143,0.0,0.7032515406608582,0.6032515406608582
YSRSLGN,1.5712090730667114,2.120896100997925,0.4285714285714285,0.0,0.7938684225082397,0.5938684225082398
YSRSANN,2.7788655757904053,2.5977861881256104,0.2857142857142857,0.0,0.859144389629364,0.609144389629364
IYSRSAN,1.4985451698303223,2.275128126144409,0.4285714285714285,0.0,0.7852804660797119,0.585280466079712
TYSRSNN,1.0697753429412842,2.0232675075531006,0.5714285714285714,0.0,0.7346054315567017,0.5846054315567016
TYSRSNN,1.0697753429412842,2.0232675075531006,0.5714285714285714,0.0,0.7346054315567017,0.5846054315567016
TYSRSNN,1.0697753429412842,2.0232675075531006,0.5714285714285714,0.0,0.7346054315567017,0.5846054315567016
TYSRSNN,1.0697753429412842,2.0232675075531006,0.5714285714285714,0.0,0.7346054315567017,0.5846054315567016
SYSRSNN,1.0727022886276245,2.1194589138031006,0.5714285714285714,0.0,0.734951376914978,0.584951376914978
SYSRSNN,1.0727022886276245,2.1194589138031006,0.5714285714285714,0.0,0.734951376914978,0.584951376914978
SYSRSNN,1.0727022886276245,2.1194589138031006,0.5714285714285714,0.0,0.734951376914978,0.584951376914978
SYSRSNN,1.0727022886276245,2.1194589138031006,0.5714285714285714,0.0,0.734951376914978,0.584951376914978
SYSRSNN,1.0727022886276245,2.1194589138031006,0.5714285714285714,0.0,0.734951376914978,0.584951376914978
SYSRSNN,1.0727022886276245,2.1194589138031006,0.5714285714285714,0.0,0.734951376914978,0.584951376914978
TYSRGTN,1.5971348285675049,1.7018580436706543,0.5714285714285714,0.0,0.7590668201446533,0.6090668201446533
MYSRAEN,0.7473888993263245,1.2542983293533325,0.7142857142857143,0.0,0.6965035200119019,0.5965035200119019
YSRSGNN,2.8404319286346436,2.65136456489563,0.2857142857142857,0.0,0.8651292324066162,0.6151292324066162
YSRSGNN,2.8404319286346436,2.65136456489563,0.2857142857142857,0.0,0.8651292324066162,0.6151292324066162
YSRSQAN,1.7623904943466187,2.207921266555786,0.4285714285714285,0.0,0.8155954480171204,0.6155954480171204
YSRLGQN,2.523437738418579,2.67421555519104,0.2857142857142857,0.0,0.8676817417144775,0.6176817417144775
YSRLGQN,2.523437738418579,2.67421555519104,0.2857142857142857,0.0,0.8676817417144775,0.6176817417144775
QYSRSNN,1.1347072124481201,2.8329105377197266,0.5714285714285714,0.0,0.742279589176178,0.592279589176178
QYSRSNN,1.1347072124481201,2.8329105377197266,0.5714285714285714,0.0,0.742279589176178,0.592279589176178
QYSRSNN,1.1347072124481201,2.8329105377197266,0.5714285714285714,0.0,0.742279589176178,0.592279589176178
QYSRSNN,1.1347072124481201,2.8329105377197266,0.5714285714285714,0.0,0.742279589176178,0.592279589176178
QYSRSNN,1.1347072124481201,2.8329105377197266,0.5714285714285714,0.0,0.742279589176178,0.592279589176178
QYSRSNN,1.1347072124481201,2.8329105377197266,0.5714285714285714,0.0,0.742279589176178,0.592279589176178
MYSRSNN,1.5054917335510254,1.7826772928237915,0.5714285714285714,0.0,0.768094539642334,0.618094539642334
MYSRSNN,1.5054917335510254,1.7826772928237915,0.5714285714285714,0.0,0.768094539642334,0.618094539642334
MYSRSNN,1.5054917335510254,1.7826772928237915,0.5714285714285714,0.0,0.768094539642334,0.618094539642334
MYSRSNN,1.5054917335510254,1.7826772928237915,0.5714285714285714,0.0,0.768094539642334,0.618094539642334
VYSRNVN,1.1627570390701294,2.513132095336914,0.5714285714285714,0.0,0.7455946803092957,0.5955946803092956
SYSRTNL,1.168756365776062,1.8445312976837158,0.5714285714285714,0.0,0.7463037371635437,0.5963037371635437
SYHRANT,0.7835583090782166,1.3586664199829102,0.7142857142857143,0.0,0.7007783055305481,0.6007783055305481
MYSRANN,1.9002363681793213,1.3881070613861084,0.7142857142857143,0.0,0.7240200042724609,0.624020004272461
MYSRANN,1.9002363681793213,1.3881070613861084,0.7142857142857143,0.0,0.7240200042724609,0.624020004272461
QYSRSSN,1.2236515283584595,2.193639039993286,0.5714285714285714,0.0,0.7527915835380554,0.6027915835380554
MYSRANV,1.082700490951538,1.3977967500686646,0.7142857142857143,0.0,0.7251023054122925,0.6251023054122925
YSRSSGN,2.498208522796631,2.3260834217071533,0.4285714285714285,0.0,0.8287944793701172,0.6287944793701172
YSRSSGN,2.498208522796631,2.3260834217071533,0.4285714285714285,0.0,0.8287944793701172,0.6287944793701172
YSRSVNQ,1.5319690704345703,1.877048373222351,0.5714285714285714,0.0,0.7786360383033752,0.6286360383033752
YSRSSAN,2.5067453384399414,2.3360517024993896,0.4285714285714285,0.0,0.829908013343811,0.6299080133438111
YSRVSNN,2.917630195617676,2.8026349544525146,0.2857142857142857,0.0,0.8820266127586365,0.6320266127586365
VYSRGSN,1.778441071510315,1.9026318788528442,0.5714285714285714,0.0,0.7814937829971313,0.6314937829971313
YSRSLNN,2.0125224590301514,2.3630013465881348,0.4285714285714285,0.0,0.8329183459281921,0.6329183459281922
YSRSLNN,2.0125224590301514,2.3630013465881348,0.4285714285714285,0.0,0.8329183459281921,0.6329183459281922
SYSRSNS,1.5453193187713623,1.919838786125183,0.5714285714285714,0.0,0.7834158539772034,0.6334158539772033
QYSRSTN,1.287840723991394,2.425595283508301,0.5714285714285714,0.0,0.7603779435157776,0.6103779435157776
QYSRSTN,1.287840723991394,2.425595283508301,0.5714285714285714,0.0,0.7603779435157776,0.6103779435157776
YSRSGPN,2.7878224849700928,3.3061652183532715,0.1428571428571428,0.0,0.9376564025878906,0.6376564025878906
YSRSGSN,2.758145809173584,2.9118716716766357,0.2857142857142857,0.0,0.8942286372184753,0.6442286372184753
YSRSGSN,2.758145809173584,2.9118716716766357,0.2857142857142857,0.0,0.8942286372184753,0.6442286372184753
YSRSGSN,2.758145809173584,2.9118716716766357,0.2857142857142857,0.0,0.8942286372184753,0.6442286372184753
QYSRLGE,0.927726686000824,1.921929121017456,0.7142857142857143,0.0,0.7178171277046204,0.6178171277046204
IYSRGNE,1.3740437030792236,2.2794430255889893,0.5714285714285714,0.0,0.7705659866333008,0.6205659866333008
YSRLSNN,3.315321445465088,3.4239096641540527,0.1428571428571428,0.0,0.9514247179031372,0.6514247179031372
YSRGSPN,2.7337636947631836,3.429210901260376,0.1428571428571428,0.0,0.9312673211097716,0.6312673211097717
YSRGSPN,2.7337636947631836,3.429210901260376,0.1428571428571428,0.0,0.9312673211097716,0.6312673211097717
QYSRANN,1.5575484037399292,1.6717592477798462,0.7142857142857143,0.0,0.7557047009468079,0.6557047009468079
SYSRSNV,1.4889161586761475,2.320668935775757,0.5714285714285714,0.0,0.7841424942016602,0.6341424942016601
QYSRLNN,1.0643407106399536,3.376476526260376,0.7142857142857143,0.0,0.733963131904602,0.6339631319046021
QYSRLNN,1.0643407106399536,3.376476526260376,0.7142857142857143,0.0,0.733963131904602,0.6339631319046021
IYSRGNP,1.5843440294265747,2.221428632736206,0.5714285714285714,0.0,0.79542076587677,0.64542076587677
YSRLSND,2.6747188568115234,3.145183563232422,0.2857142857142857,0.0,0.9202901721000672,0.6702901721000671
YSRLSQN,2.523674249649048,3.461937665939331,0.2857142857142857,0.0,0.9064374566078186,0.6564374566078186
