seq,fitness_pred,htfr1_pred,ref_dist,div_prev,reward_signal,final_score
IDERSEY,0.06415686756372452,-3.544478178024292,0.7142857142857143,0.4285714285714285,0.1910445839166641,0.0910445839166641
VYSFIQE,-2.8997960090637207,1.272221565246582,0.5714285714285714,0.2857142857142857,0.2667449712753296,0.1167449712753296
QYHSSKE,1.287477970123291,-3.03910493850708,0.5714285714285714,0.4285714285714285,0.2429801225662231,0.0929801225662231
MKHKSEV,-0.10219887644052505,-0.7125970721244812,0.4285714285714285,0.4285714285714285,0.4820677042007446,0.2820677042007447
GMHRPNN,1.23997163772583,-2.185385227203369,0.7142857142857143,0.2857142857142857,0.330714076757431,0.230714076757431
RYLDHTG,-0.014025645330548286,-2.351213216781616,0.7142857142857143,0.5714285714285714,0.3136724829673767,0.2136724829673767
QYSMQNN,0.631679117679596,-3.1082561016082764,0.7142857142857143,0.1428571428571428,0.2358736842870712,0.1358736842870712
IYPRANN,1.1562426090240479,-0.6438212990760803,0.7142857142857143,0.1428571428571428,0.4891355335712433,0.3891355335712433
QYSRLEN,0.3535614609718323,3.349647283554077,0.7142857142857143,0.1428571428571428,0.65057373046875,0.55057373046875
ISRRSKN,-2.751626491546631,0.5272381901741028,0.4285714285714285,0.2857142857142857,0.2842259109020233,0.0842259109020233
VLWCSNN,-4.193951606750488,-0.643690824508667,0.5714285714285714,0.1428571428571428,0.1140614375472068,0.0
IYCMANT,-3.7115297317504883,-0.03151083365082741,0.7142857142857143,0.4285714285714285,0.1709772199392318,0.0709772199392318
QQYKQYS,-0.7722508907318115,-0.004617833066731691,0.7142857142857143,0.5714285714285714,0.5177512168884277,0.4177512168884277
FSRTGNN,2.7004876136779785,-0.6053557991981506,0.2857142857142857,0.2857142857142857,0.4930885136127472,0.2430885136127472
QDSRAYH,0.16723448038101196,-2.1536617279052734,0.7142857142857143,0.4285714285714285,0.3339742124080658,0.2339742124080658
RKRKSNN,-3.7885453701019287,1.864304780960083,0.4285714285714285,0.4285714285714285,0.1618909686803817,0.0
QYHYSNS,-1.4848443269729614,-0.5626282095909119,0.5714285714285714,0.2857142857142857,0.4336799681186676,0.2836799681186676
YFRHSNL,-1.8035200834274292,0.7834678292274475,0.4285714285714285,0.2857142857142857,0.3960828185081482,0.1960828185081482
PYHRSNA,1.7300630807876587,0.811040461063385,0.5714285714285714,0.2857142857142857,0.6386469006538391,0.4886469006538391
SASFQVL,-1.5252498388290405,-3.295583486557007,0.5714285714285714,0.5714285714285714,0.2166226655244827,0.0666226655244827
MSGLNPN,0.6129130125045776,-4.0832839012146,0.4285714285714285,0.4285714285714285,0.1356732845306396,0.0
QFHVSAQ,-0.41933339834213257,-3.2990829944610596,0.7142857142857143,0.4285714285714285,0.2162630409002304,0.1162630409002304
PSRSGNM,1.4672168493270874,-3.2928669452667236,0.5714285714285714,0.2857142857142857,0.2169018387794494,0.0669018387794494
MYSRANN,1.9002363681793213,1.3881070613861084,0.7142857142857143,0.0,0.6979501247406006,0.5979501247406006
DYRRASN,0.5276026725769043,-2.2363228797912598,0.5714285714285714,0.1428571428571428,0.3254793882369995,0.1754793882369995
YKRSSPN,-2.001680374145508,-0.12111345678567886,0.2857142857142857,0.1428571428571428,0.3727040290832519,0.1227040290832519
YNHKWNS,0.5117197632789612,-1.11886727809906,0.7142857142857143,0.2857142857142857,0.4403166174888611,0.3403166174888611
YLISSFM,-3.938631772994995,-0.856665313243866,0.5714285714285714,0.1428571428571428,0.1441838890314102,0.0
YSTIGAN,1.5264452695846558,-1.9280825853347778,0.2857142857142857,0.2857142857142857,0.3571562469005584,0.1071562469005584
MYSRGNN,1.833730697631836,0.5206020474433899,0.5714285714285714,0.1428571428571428,0.6087995171546936,0.4587995171546936
MYSHDQN,-0.10292959213256836,-1.9118669033050537,0.7142857142857143,0.2857142857142857,0.3588226735591888,0.2588226735591888
YCHHINM,-4.160649299621582,-0.5957978963851929,0.7142857142857143,0.4285714285714285,0.1179904192686081,0.0179904192686081
YSRNSWN,-1.5710437297821045,0.6197310090065002,0.2857142857142857,0.2857142857142857,0.4235102236270904,0.1735102236270904
YFDHPIY,-2.763683319091797,-1.2938467264175415,0.7142857142857143,0.5714285714285714,0.2828034460544586,0.1828034460544586
SYSQVHN,0.4964462220668793,-1.213531255722046,0.7142857142857143,0.4285714285714285,0.4305883347988128,0.3305883347988129
MYKRGTA,-1.6758567094802856,-0.041170403361320496,0.7142857142857143,0.4285714285714285,0.4111444652080536,0.3111444652080536
GVSRGIE,1.3745794296264648,-3.8214852809906006,0.7142857142857143,0.4285714285714285,0.1625774800777435,0.0625774800777435
INSMFGD,-1.540945291519165,-3.8241782188415527,0.7142857142857143,0.4285714285714285,0.1623007357120514,0.0623007357120514
QYHRMGA,-0.015432003885507584,0.22344930469989777,0.5714285714285714,0.2857142857142857,0.5782620906829834,0.4282620906829834
VYYKNPN,0.6082077622413635,0.5947726964950562,0.7142857142857143,0.4285714285714285,0.6164217591285706,0.5164217591285706
YVHKSNN,1.937807559967041,-0.10686411708593369,0.4285714285714285,0.1428571428571428,0.5443168878555298,0.3443168878555298
SYHSSPN,0.756269633769989,-1.438470721244812,0.4285714285714285,0.1428571428571428,0.407472014427185,0.207472014427185
YSRQLNN,2.7105958461761475,2.0964601039886475,0.4285714285714285,0.0,0.7707452178001404,0.5707452178001404
QNSRSCL,-4.289480209350586,0.1991511881351471,0.7142857142857143,0.2857142857142857,0.1027910411357879,0.0027910411357879
HYSHGNT,0.2932918071746826,-1.0160977840423584,0.7142857142857143,0.2857142857142857,0.4508779346942901,0.3508779346942902
LFQRLNN,-0.6372608542442322,-1.4500579833984375,0.5714285714285714,0.1428571428571428,0.4062812626361847,0.2562812626361846
YYSRHGM,-1.8688170909881592,-0.01293350849300623,0.7142857142857143,0.2857142857142857,0.3883791267871856,0.2883791267871857
IYARGNN,1.0364360809326172,1.2126259803771973,0.5714285714285714,0.1428571428571428,0.679916501045227,0.529916501045227
FYHVGSL,-2.8756377696990967,-0.10343877971172333,0.5714285714285714,0.2857142857142857,0.2695951461791992,0.1195951461791992
ISRLGPP,2.2322897911071777,-2.3895456790924072,0.4285714285714285,0.4285714285714285,0.3097331821918487,0.1097331821918487
RSMVSNN,-0.22984007000923157,-2.692584991455078,0.5714285714285714,0.2857142857142857,0.2785908281803131,0.1285908281803131
IEHRSAN,1.8855652809143066,-2.7034358978271484,0.7142857142857143,0.1428571428571428,0.2774757146835327,0.1774757146835327
GMMRGQD,1.0334314107894897,-3.6913535594940186,0.7142857142857143,0.4285714285714285,0.175950676202774,0.075950676202774
QYFRANS,-1.5398200750350952,0.5639103651046753,0.5714285714285714,0.2857142857142857,0.4271939396858215,0.2771939396858215
YYSESEN,-1.5313427448272705,-1.605128288269043,0.5714285714285714,0.1428571428571428,0.3903451859951019,0.2403451859951019
VDLQGSN,-0.2277987003326416,-4.577160835266113,0.5714285714285714,0.4285714285714285,0.0849191844463348,0.0
SNRRDSN,0.9744164347648621,-3.475511312484741,0.5714285714285714,0.2857142857142857,0.1981320828199386,0.0481320828199386
ERHHANN,0.5998566150665283,-1.8417260646820068,0.7142857142857143,0.4285714285714285,0.3660308122634887,0.2660308122634888
YLYFKAG,-1.6501719951629639,-0.3698802590370178,0.7142857142857143,0.5714285714285714,0.4141747057437897,0.3141747057437897
EIHRSHN,0.814038872718811,-2.059727668762207,0.7142857142857143,0.1428571428571428,0.3436275124549866,0.2436275124549866
THADITW,-1.5673779249191284,-2.073983669281006,0.7142857142857143,0.5714285714285714,0.3421624600887298,0.2421624600887298
YDRRESN,0.551120400428772,-2.507934093475342,0.5714285714285714,0.2857142857142857,0.2975668013095855,0.1475668013095855
TGARDNN,0.9278549551963806,-3.062295436859131,0.7142857142857143,0.4285714285714285,0.2405969202518463,0.1405969202518463
DYHHGET,-0.1975332349538803,-3.7786922454833984,0.7142857142857143,0.2857142857142857,0.1669751703739166,0.0669751703739166
QYSRMGC,-3.7306981086730957,0.5917752385139465,0.7142857142857143,0.2857142857142857,0.1687157452106475,0.0687157452106475
IFHLRYS,-3.6278035640716553,0.10434240847826004,0.5714285714285714,0.5714285714285714,0.1808551698923111,0.0308551698923111
IYDNVFN,-2.931051015853882,-0.14730310440063477,0.7142857142857143,0.4285714285714285,0.2630575299263,0.1630575299263
SYSHRNN,0.48891857266426086,-0.9131740927696228,0.7142857142857143,0.1428571428571428,0.4614550471305847,0.3614550471305847
VYHNEQN,-0.34422001242637634,-2.3116753101348877,0.5714285714285714,0.4285714285714285,0.3177356719970703,0.1677356719970703
LDVHSAK,0.05560271814465523,-4.100900173187256,0.7142857142857143,0.4285714285714285,0.1338629275560379,0.0338629275560379
NYSRSNW,-1.3938779830932617,-0.6243960857391357,0.5714285714285714,0.2857142857142857,0.4444121122360229,0.2944121122360229
TYHSILS,-1.2521876096725464,-1.7151767015457153,0.5714285714285714,0.4285714285714285,0.3790358901023865,0.2290358901023864
QYSVDES,-0.6750755906105042,-2.3343400955200195,0.7142857142857143,0.4285714285714285,0.3154065012931824,0.2154065012931824
LSRQQNN,1.7697196006774902,-2.90079927444458,0.4285714285714285,0.2857142857142857,0.2571933567523956,0.0571933567523956
IYHNSNN,0.7109068036079407,-2.238269805908203,0.5714285714285714,0.1428571428571428,0.3252793252468109,0.1752793252468109
YSHRQAH,-0.454936683177948,-0.6667280793190002,0.7142857142857143,0.2857142857142857,0.486781507730484,0.386781507730484
YSRIYYN,-2.3264920711517334,2.204723358154297,0.2857142857142857,0.4285714285714285,0.334382951259613,0.084382951259613
VYQHCQN,-3.2759850025177,-1.4969402551651,0.5714285714285714,0.1428571428571428,0.2223624736070633,0.0723624736070633
CYPRLMN,-3.806767225265503,-0.09648673236370087,0.5714285714285714,0.2857142857142857,0.1597411632537841,0.0097411632537841
LEHGGSE,-0.6663725972175598,-5.139642238616943,0.5714285714285714,0.4285714285714285,0.0271148215979337,0.0
QYSRLLM,-2.8692750930786133,1.4193459749221802,0.7142857142857143,0.1428571428571428,0.2703458070755005,0.1703458070755005
QYSRSEI,0.39629942178726196,2.1852219104766846,0.4285714285714285,0.2857142857142857,0.6556159257888794,0.4556159257888794
YSRSQRN,-2.7422239780426025,0.30179235339164734,0.4285714285714285,0.1428571428571428,0.2853352129459381,0.0853352129459381
ITRSSQN,1.7649636268615723,-2.5051090717315674,0.5714285714285714,0.4285714285714285,0.2978571355342865,0.1478571355342865
IKHVKNM,-2.0930638313293457,-0.7185330986976624,0.7142857142857143,0.1428571428571428,0.3619226515293121,0.2619226515293121
SLARMTN,1.5091153383255005,-3.358213424682617,0.5714285714285714,0.4285714285714285,0.2101863920688629,0.0601863920688629
QESRVSN,0.31074830889701843,-3.4042372703552246,0.7142857142857143,0.2857142857142857,0.2054566740989685,0.1054566740989685
VYRWPPN,-3.58781099319458,1.6439741849899292,0.5714285714285714,0.2857142857142857,0.185573473572731,0.035573473572731
YLERGEN,0.762664794921875,-2.791404962539673,0.5714285714285714,0.4285714285714285,0.2684354484081268,0.1184354484081268
YYSGGSN,-0.2652280926704407,-2.4377694129943848,0.4285714285714285,0.1428571428571428,0.3047774136066437,0.1047774136066437
QQRLSNN,1.594174861907959,-3.3793771266937256,0.2857142857142857,0.2857142857142857,0.2080114781856537,0.0
GYARSSN,0.9285997152328491,-0.61754310131073,0.5714285714285714,0.1428571428571428,0.4918360412120819,0.3418360412120819
YSRSINN,2.091066837310791,1.9562560319900513,0.4285714285714285,0.0,0.7563369274139404,0.5563369274139405
VYRTSQD,1.3445870876312256,-0.2453191876411438,0.4285714285714285,0.2857142857142857,0.5300882458686829,0.3300882458686829
WQYKSFQ,-1.3809103965759277,-0.36381834745407104,0.5714285714285714,0.1428571428571428,0.4459420144557953,0.2959420144557952
YNHRSMN,1.4758265018463135,-0.8982890248298645,0.5714285714285714,0.2857142857142857,0.4629847109317779,0.3129847109317779
YSHAKEK,0.25898706912994385,-1.3803869485855103,0.7142857142857143,0.4285714285714285,0.4134411215782165,0.3134411215782166
FFTALPN,-2.4147744178771973,-2.052281141281128,0.7142857142857143,0.4285714285714285,0.3239674866199493,0.2239674866199493
QYSRSNN,1.1347072124481201,2.8329105377197266,0.5714285714285714,0.0,0.7427327632904053,0.5927327632904053
SSELINN,-1.3609013557434082,-5.118368625640869,0.5714285714285714,0.4285714285714285,0.0293010417371988,0.0
YECTDGD,-3.6973695755004883,-0.3716423213481903,0.7142857142857143,0.4285714285714285,0.1726478189229965,0.0726478189229965
IYSRQKV,-2.5395493507385254,1.9026951789855957,0.5714285714285714,0.2857142857142857,0.3092466294765472,0.1592466294765472
NYIRTKA,-2.677935838699341,-0.9500920176506042,0.5714285714285714,0.2857142857142857,0.2929198741912842,0.1429198741912841
YKQRLNT,-2.8130340576171875,-0.7335010170936584,0.7142857142857143,0.4285714285714285,0.2769810855388641,0.1769810855388641
QYLELGN,-1.4692463874816895,-1.8378195762634277,0.7142857142857143,0.4285714285714285,0.3664322793483734,0.2664322793483734
FYSKANA,1.4085166454315186,-2.083441972732544,0.5714285714285714,0.4285714285714285,0.3411904573440552,0.1911904573440551
QAQRATH,0.3659460246562958,-3.3613524436950684,0.7142857142857143,0.5714285714285714,0.2098638117313385,0.1098638117313385
QYSRGCN,-3.6804418563842773,1.4578776359558105,0.5714285714285714,0.1428571428571428,0.1746449470520019,0.0246449470520019
DCSPISS,-3.2145731449127197,-1.5494080781936646,0.7142857142857143,0.5714285714285714,0.229607805609703,0.1296078056097031
FYHLGST,-2.3375749588012695,-0.5584108829498291,0.5714285714285714,0.1428571428571428,0.3330754041671753,0.1830754041671753
WPRLSGN,-1.276422381401062,-0.13909341394901276,0.4285714285714285,0.4285714285714285,0.4582694172859192,0.2582694172859192
PSRRAEF,0.4170687794685364,-2.624387264251709,0.5714285714285714,0.4285714285714285,0.2855992913246155,0.1355992913246154
MYIRQPM,-2.5455734729766846,-0.7324555516242981,0.7142857142857143,0.1428571428571428,0.3085359036922455,0.2085359036922455
VRTRAAP,-2.519057035446167,-1.4568613767623901,0.4285714285714285,0.4285714285714285,0.3116642832756042,0.1116642832756042
IYLRSPN,-0.6241547465324402,0.14280599355697632,0.5714285714285714,0.1428571428571428,0.5352235436439514,0.3852235436439514
YSRSAIT,2.097811222076416,0.7776336073875427,0.4285714285714285,0.2857142857142857,0.6352137923240662,0.4352137923240662
SYSGGFT,-1.1247272491455078,-2.312673330307007,0.7142857142857143,0.2857142857142857,0.3176331222057342,0.2176331222057342
RSRDYSN,-1.0523383617401123,-0.9702078104019165,0.5714285714285714,0.4285714285714285,0.4555938839912414,0.3055938839912414
IYSRLGE,0.4521614909172058,3.242356777191162,0.5714285714285714,0.1428571428571428,0.6622064709663391,0.5122064709663391
HYTKSAM,1.1815963983535767,-0.14981213212013245,0.5714285714285714,0.2857142857142857,0.5399032235145569,0.3899032235145568
DSYRGST,0.7619177103042603,-2.3513033390045166,0.7142857142857143,0.4285714285714285,0.3136632442474365,0.2136632442474365
QYHVQSG,0.5384249687194824,-1.641376256942749,0.4285714285714285,0.4285714285714285,0.3866201043128967,0.1866201043128967
YYCTDGN,-4.786494255065918,0.7482938766479492,0.7142857142857143,0.1428571428571428,0.0441536828875541,0.0
QYSRMWN,-4.0264363288879395,2.157094717025757,0.7142857142857143,0.2857142857142857,0.1338247656822204,0.0338247656822204
QYSRLAN,0.5525227785110474,1.4503839015960693,0.7142857142857143,0.1428571428571428,0.67404705286026,0.57404705286026
PSRRALN,-3.015367031097412,-1.204208254814148,0.4285714285714285,0.2857142857142857,0.2531099915504455,0.0531099915504455
PYSRANK,-2.4467062950134277,-0.12788939476013184,0.7142857142857143,0.2857142857142857,0.3202001750469208,0.2202001750469208
YYGLNNS,-1.4387757778167725,-2.3111047744750977,0.5714285714285714,0.4285714285714285,0.3177942931652069,0.1677942931652069
IYCRGSN,-3.8085618019104004,1.5541644096374512,0.5714285714285714,0.1428571428571428,0.159529447555542,0.0095294475555419
FSRSVNT,1.9215588569641113,-0.7951289415359497,0.7142857142857143,0.2857142857142857,0.4735861718654632,0.3735861718654633
QMYRARL,-4.385660648345947,-0.19111008942127228,0.7142857142857143,0.5714285714285714,0.0914437398314476,0.0
RYKRSFN,-4.024123191833496,0.7713598012924194,0.5714285714285714,0.2857142857142857,0.1340976655483245,0.0
QYSNSSN,0.5368484854698181,-2.4414806365966797,0.5714285714285714,0.1428571428571428,0.3043960034847259,0.1543960034847259
TCSVGTD,-3.479654550552368,-1.6154537200927734,0.5714285714285714,0.4285714285714285,0.1983336806297302,0.0483336806297302
YSRAQNF,0.23320484161376953,-1.0142662525177002,0.5714285714285714,0.2857142857142857,0.451066106557846,0.301066106557846
YLSKINP,1.5440306663513184,-2.825857400894165,0.5714285714285714,0.2857142857142857,0.2648948729038238,0.1148948729038238
HYHRAQH,-1.1255528926849365,1.4224599599838257,0.5714285714285714,0.1428571428571428,0.4760688841342926,0.3260688841342926
NSRSNEN,0.35795673727989197,-4.002964973449707,0.4285714285714285,0.4285714285714285,0.1439274102449417,0.0
SKWKFEL,-1.9153307676315308,-0.27837836742401123,0.7142857142857143,0.2857142857142857,0.3828914761543274,0.2828914761543274
QLSEEAH,-0.6262919306755066,-4.562356948852539,0.7142857142857143,0.5714285714285714,0.0864405333995819,0.0
YKSRSHP,-2.4743103981018066,0.6989032626152039,0.5714285714285714,0.2857142857142857,0.3169434666633606,0.1669434666633606
SGHRDLL,0.18618658185005188,-2.363003730773926,0.7142857142857143,0.4285714285714285,0.3124608099460602,0.2124608099460602
FYHNSNN,-0.5983927249908447,-0.9006710052490234,0.5714285714285714,0.2857142857142857,0.4627399444580078,0.3127399444580078
QPSHSRN,1.0767337083816528,-3.041283130645752,0.7142857142857143,0.4285714285714285,0.2427562773227691,0.1427562773227692
IYRWSNQ,-3.024365186691284,1.0953794717788696,0.5714285714285714,0.4285714285714285,0.2520484030246734,0.1020484030246734
HYSHSLT,-0.6206386089324951,-0.30068239569664,0.5714285714285714,0.4285714285714285,0.5243988037109375,0.3743988037109375
YMRRAVN,-2.9067702293395996,-0.12530779838562012,0.4285714285714285,0.2857142857142857,0.2659221589565277,0.0659221589565277
YYHRSYN,-1.7234336137771606,0.9916749000549316,0.5714285714285714,0.0,0.4055313766002655,0.2555313766002655
QSRLLQN,0.9544496536254883,-2.5816822052001953,0.4285714285714285,0.2857142857142857,0.2899879515171051,0.0899879515171051
YYNFSGN,-1.3085311651229858,-0.44856834411621094,0.5714285714285714,0.2857142857142857,0.4544812440872192,0.3044812440872192
PYSDSSQ,-0.8002413511276245,-2.414219379425049,0.5714285714285714,0.4285714285714285,0.3071975708007812,0.1571975708007812
KYSRVPN,-2.9684441089630127,0.07435449212789536,0.7142857142857143,0.2857142857142857,0.2586459219455719,0.1586459219455719
YSRSDMH,0.42589426040649414,0.23340098559856415,0.4285714285714285,0.2857142857142857,0.5792847871780396,0.3792847871780396
TYSRSNN,1.0697753429412842,2.0232675075531006,0.5714285714285714,0.0,0.7350721955299377,0.5850721955299377
AHSRSTN,1.1866827011108398,-1.49123215675354,0.5714285714285714,0.1428571428571428,0.4020499289035797,0.2520499289035797
VMSTDMV,-1.6334199905395508,-4.262423038482666,0.7142857142857143,0.2857142857142857,0.1172637492418289,0.0172637492418289
KLEHRKN,-1.8687050342559814,0.8176392316818237,0.7142857142857143,0.5714285714285714,0.3883923590183258,0.2883923590183258
AYRRTNS,-2.5588924884796143,-0.2641811668872833,0.4285714285714285,0.2857142857142857,0.3069645464420318,0.1069645464420318
TYRMVND,0.5394582748413086,-1.4430108070373535,0.7142857142857143,0.2857142857142857,0.4070054590702057,0.3070054590702057
MYPRSEN,0.6027132272720337,-2.013681650161743,0.5714285714285714,0.2857142857142857,0.3483594954013824,0.1983594954013824
YSRSINN,2.091066837310791,1.9562560319900513,0.4285714285714285,0.0,0.7563369274139404,0.5563369274139405
QKMFCQR,-4.362405300140381,-0.027113549411296844,0.5714285714285714,0.7142857142857143,0.094187393784523,0.0
VYKHFLF,-2.7037525177001953,0.2062164694070816,0.7142857142857143,0.2857142857142857,0.2898740470409393,0.1898740470409393
TYRHPPE,0.9776540398597717,-2.3502495288848877,0.7142857142857143,0.2857142857142857,0.313771516084671,0.213771516084671
YSKRSAN,-2.134523391723633,0.3762495517730713,0.4285714285714285,0.0,0.3570312857627868,0.1570312857627868
YYQRIEN,-1.5511908531188965,0.2958489954471588,0.7142857142857143,0.2857142857142857,0.4258524477481842,0.3258524477481842
YLQCSVL,-3.5862910747528076,-1.1379307508468628,0.7142857142857143,0.5714285714285714,0.1857527941465377,0.0857527941465377
HSRDSAQ,1.0019350051879883,-3.360544443130493,0.5714285714285714,0.4285714285714285,0.2099468410015106,0.0599468410015106
YYHRDNR,-1.150436520576477,0.7158199548721313,0.7142857142857143,0.2857142857142857,0.4731331765651703,0.3731331765651703
PTSRHNN,0.7077931761741638,-3.0509932041168213,0.7142857142857143,0.2857142857142857,0.2417584061622619,0.1417584061622619
QYQRSQD,1.0401116609573364,-0.6440785527229309,0.4285714285714285,0.2857142857142857,0.4891090989112854,0.2891090989112854
QSSLGQW,-1.7300281524658203,-0.9623829126358032,0.7142857142857143,0.4285714285714285,0.4047533571720123,0.3047533571720123
VYSQYNN,-1.2694913148880005,-0.29098376631736755,0.7142857142857143,0.2857142857142857,0.4590871632099151,0.3590871632099152
YSRQLNS,2.3768653869628906,1.3381389379501343,0.5714285714285714,0.1428571428571428,0.6928150653839111,0.5428150653839111
SYSRSNN,1.0727022886276245,2.1194589138031006,0.5714285714285714,0.0,0.7354174852371216,0.5854174852371216
SSWPINF,-4.001996040344238,1.6266270875930786,0.7142857142857143,0.5714285714285714,0.1367082148790359,0.0367082148790359
EAHHGPY,-0.3457601070404053,-3.5432307720184326,0.7142857142857143,0.2857142857142857,0.1911727786064148,0.0911727786064148
QISMTNI,-0.11209872364997864,-4.263134479522705,0.7142857142857143,0.4285714285714285,0.1171906366944313,0.0171906366944313
IKHTWPL,-1.832956314086914,-0.1922796666622162,0.8571428571428571,0.4285714285714285,0.39260995388031,0.34260995388031
QNKRVSE,0.6351613402366638,-3.160278081893921,0.5714285714285714,0.4285714285714285,0.2305275648832321,0.0805275648832321
VEVREQS,0.4365486800670624,-3.4901630878448486,0.5714285714285714,0.4285714285714285,0.1966263651847839,0.0466263651847839
TYSRWIN,-3.600644111633301,2.0999114513397217,0.5714285714285714,0.1428571428571428,0.1840594261884689,0.0340594261884689
GYSWRNL,-3.7047486305236816,0.27204665541648865,0.7142857142857143,0.4285714285714285,0.1717772483825683,0.0717772483825683
VLHWGNS,-2.0940120220184326,-1.3760048151016235,0.5714285714285714,0.2857142857142857,0.3618108034133911,0.2118108034133911
IETHMSF,-1.5444986820220947,-3.8738739490509033,0.7142857142857143,0.4285714285714285,0.1571936607360839,0.0571936607360839
YRSPMDH,0.6758463978767395,-2.764873504638672,0.7142857142857143,0.4285714285714285,0.2711619734764099,0.1711619734764099
ISRNSNN,1.9981250762939453,-3.0402095317840576,0.4285714285714285,0.2857142857142857,0.2428666055202484,0.0428666055202484
DQWIYNN,-3.3234381675720215,-0.2171550989151001,0.7142857142857143,0.4285714285714285,0.2167639881372451,0.1167639881372451
YSRSPMA,1.7405979633331299,-0.8980714678764343,0.4285714285714285,0.2857142857142857,0.4630071222782135,0.2630071222782135
SIHRVGP,0.730048656463623,-2.766901731491089,0.5714285714285714,0.4285714285714285,0.2709535658359527,0.1209535658359527
WVRLWNN,-3.4644951820373535,0.5059805512428284,0.4285714285714285,0.4285714285714285,0.2001221776008606,0.0001221776008606
SDGGLSH,-0.6767601370811462,-4.726170063018799,0.7142857142857143,0.5714285714285714,0.0696059986948967,0.0
PSYLGQD,-1.3511290550231934,-2.9564502239227295,0.5714285714285714,0.2857142857142857,0.2514742910861969,0.1014742910861969
KMRGMCN,-3.757370948791504,-0.2655777931213379,0.5714285714285714,0.4285714285714285,0.1655689030885696,0.0155689030885696
KWMRNDV,-1.6413745880126953,-0.7914748787879944,0.7142857142857143,0.2857142857142857,0.4152126312255859,0.3152126312255859
QTHRANQ,0.9308461546897888,-1.806544542312622,0.7142857142857143,0.2857142857142857,0.3696463108062744,0.2696463108062744
GKQFWLN,-3.3858413696289062,-0.17471294105052948,0.7142857142857143,0.5714285714285714,0.2094016969203949,0.1094016969203949
QSRRSMH,-4.7363786697387695,0.2910647690296173,0.5714285714285714,0.4285714285714285,0.0500662811100482,0.0
YSSVSEK,0.5502303838729858,-3.339555263519287,0.7142857142857143,0.2857142857142857,0.2121038287878036,0.1121038287878036
SSRPESN,0.41964444518089294,-4.464518070220947,0.5714285714285714,0.4285714285714285,0.0964951068162918,0.0
VCSRGPN,-3.601680040359497,0.13960763812065125,0.5714285714285714,0.2857142857142857,0.183937206864357,0.033937206864357
HYHRSPN,-0.5155890583992004,1.022446870803833,0.5714285714285714,0.1428571428571428,0.5480319857597351,0.3980319857597351
IYSRVQE,0.9722750186920166,3.738504648208618,0.5714285714285714,0.0,0.7235690951347351,0.5735690951347351
YYSRSRE,0.7370306253433228,0.0761333629488945,0.5714285714285714,0.2857142857142857,0.5631229281425476,0.4131229281425476
KYQIYNY,-2.13042950630188,-0.9168424010276794,0.7142857142857143,0.5714285714285714,0.3575142920017242,0.2575142920017242
QWSQWPN,-3.2863099575042725,2.1691343784332275,0.7142857142857143,0.4285714285714285,0.2211443483829498,0.1211443483829498
YQSRSVN,1.9099735021591187,-0.5807270407676697,0.5714285714285714,0.1428571428571428,0.495619535446167,0.3456195354461669
YYFRKFN,-3.9575488567352295,0.697799026966095,0.7142857142857143,0.2857142857142857,0.1419520676136016,0.0419520676136016
YSRRSAN,-2.289138078689575,1.2272822856903076,0.4285714285714285,0.0,0.3387899696826935,0.1387899696826935
NRSRWSN,-4.604792594909668,-0.7812418341636658,0.7142857142857143,0.4285714285714285,0.0655907094478607,0.0
VYSRPSS,1.5207226276397705,0.5096142292022705,0.4285714285714285,0.2857142857142857,0.6076703667640686,0.4076703667640686
YSRKWQD,0.5051156282424927,0.07414907217025757,0.4285714285714285,0.2857142857142857,0.562919020652771,0.362919020652771
HSDESEE,-1.0747723579406738,-4.146249771118164,0.7142857142857143,0.1428571428571428,0.1292024999856948,0.0292024999856948
KYSRANL,-2.7742605209350586,-0.8554143309593201,0.7142857142857143,0.2857142857142857,0.281555563211441,0.181555563211441
YRRSGSN,-2.971768856048584,0.35018208622932434,0.2857142857142857,0.1428571428571428,0.258253663778305,0.008253663778305
YSRSINM,0.8427450656890869,0.21488213539123535,0.5714285714285714,0.1428571428571428,0.5773816704750061,0.4273816704750061
DVGASRP,1.4056570529937744,-5.000957012176514,0.5714285714285714,0.5714285714285714,0.0413670465350151,0.0
IHEESNN,-0.7790709733963013,-4.804888725280762,0.4285714285714285,0.2857142857142857,0.0615163370966911,0.0
YHARGSN,1.0690902471542358,-0.09848018735647202,0.4285714285714285,0.1428571428571428,0.5451784729957581,0.3451784729957581
HYHHSAN,-0.33977368474006653,0.32524868845939636,0.5714285714285714,0.1428571428571428,0.5687745809555054,0.4187745809555053
SYWRSII,-4.896432876586914,1.817260980606079,0.5714285714285714,0.2857142857142857,0.0311832018196582,0.0
GYPRMPQ,-0.31038302183151245,-2.407602548599243,0.7142857142857143,0.4285714285714285,0.3078775405883789,0.2078775405883789
VYWFGVS,-3.8518943786621094,1.5369174480438232,0.5714285714285714,0.5714285714285714,0.1544170975685119,0.0044170975685119
WAGWINL,-3.1391022205352783,0.37219393253326416,0.7142857142857143,0.5714285714285714,0.2385118007659912,0.1385118007659912
YSRLSNN,3.315321445465088,3.4239096641540527,0.1428571428571428,0.0,0.9071628451347352,0.6071628451347351
SYHRSYT,-2.7473011016845703,2.1750731468200684,0.5714285714285714,0.1428571428571428,0.2847362160682678,0.1347362160682678
SYHRAWV,-3.3979480266571045,1.7975199222564697,0.5714285714285714,0.2857142857142857,0.2079733610153198,0.0579733610153198
QYSMGLN,-0.46008309721946716,-1.9370499849319458,0.4285714285714285,0.2857142857142857,0.3562346994876861,0.1562346994876861
YKRSSPG,-1.821457862854004,-0.6546838283538818,0.4285714285714285,0.2857142857142857,0.3939665257930755,0.1939665257930755
FFKMDNN,-0.4238267242908478,-1.6015598773956299,0.5714285714285714,0.2857142857142857,0.3907119035720825,0.2407119035720825
VYTRSFL,-2.7105929851531982,2.428541421890259,0.2857142857142857,0.4285714285714285,0.2890670299530029,0.0390670299530029
QQAKYNN,1.2781555652618408,-2.9490761756896973,0.7142857142857143,0.1428571428571428,0.2522320747375488,0.1522320747375488
TYERSTV,0.8473365902900696,-1.7801225185394287,0.2857142857142857,0.2857142857142857,0.3723616003990173,0.1223616003990173
SYSRTQN,0.8347935080528259,2.1861519813537598,0.5714285714285714,0.2857142857142857,0.7073491811752319,0.5573491811752319
QYTRQCN,-3.643751621246338,0.25618064403533936,0.5714285714285714,0.2857142857142857,0.1789736300706863,0.0289736300706863
VYGKSFN,-0.08865800499916077,0.6756626963615417,0.5714285714285714,0.4285714285714285,0.5984010100364685,0.4484010100364685
YRHRAEN,-1.1794804334640503,0.3106921911239624,0.5714285714285714,0.2857142857142857,0.4697065651416778,0.3197065651416778
WYKRIKN,-3.4330437183380127,0.19197702407836914,0.7142857142857143,0.4285714285714285,0.2038328051567077,0.1038328051567077
AYSRHHI,-1.1011627912521362,0.5022991895675659,0.5714285714285714,0.1428571428571428,0.4789464175701141,0.3289464175701141
VYCDNTQ,-4.363175392150879,0.7161574363708496,0.5714285714285714,0.5714285714285714,0.0940965339541435,0.0
MYSMSID,-1.7632278203964233,-1.5443036556243896,0.5714285714285714,0.4285714285714285,0.3965959250926971,0.2465959250926971
TYRHDNK,-0.8975602984428406,-0.08662641048431396,0.7142857142857143,0.4285714285714285,0.5029672980308533,0.4029672980308533
MVSRLSF,-1.5139100551605225,-1.1547569036483765,0.5714285714285714,0.4285714285714285,0.4302507936954498,0.2802507936954498
MYIDNNN,-0.857743501663208,-3.108470916748047,0.7142857142857143,0.2857142857142857,0.2358516156673431,0.1358516156673431
IYTPALN,-1.0434318780899048,-3.143615961074829,0.7142857142857143,0.2857142857142857,0.2322398722171783,0.1322398722171783
VMHKKRT,-2.5767271518707275,0.4210445284843445,0.7142857142857143,0.5714285714285714,0.3048604130744934,0.2048604130744934
VNRYGQK,-3.8595292568206787,-0.3977554440498352,0.5714285714285714,0.5714285714285714,0.153516337275505,0.003516337275505
YYAKSQN,1.2952585220336914,-0.11782731115818024,0.5714285714285714,0.2857142857142857,0.5431901812553406,0.3931901812553405
AYSRYAN,-1.2473560571670532,-0.0018235795432701707,0.7142857142857143,0.1428571428571428,0.4616986811161041,0.3616986811161041
NCSRLVY,-3.9113852977752686,-0.13653387129306793,0.5714285714285714,0.4285714285714285,0.1473984122276306,0.0
QFSRSSN,1.0044803619384766,-0.5875136256217957,0.5714285714285714,0.1428571428571428,0.4949221014976501,0.3449221014976501
SRSHLYN,-1.4262185096740723,-0.9521467089653015,0.5714285714285714,0.2857142857142857,0.4405965805053711,0.290596580505371
WYIANGN,-2.194800615310669,-0.08536466211080551,0.7142857142857143,0.4285714285714285,0.3499198257923126,0.2499198257923126
DSIVKVW,-1.817490577697754,-2.636613607406616,0.7142857142857143,0.5714285714285714,0.2843428254127502,0.1843428254127502
TYTRKNA,-1.6996408700942993,0.111052967607975,0.5714285714285714,0.2857142857142857,0.4083384275436401,0.2583384275436401
SYHSHNN,-0.26420989632606506,-1.279488205909729,0.7142857142857143,0.2857142857142857,0.4238101541996002,0.3238101541996002
VLHSAQM,0.016370069235563278,-3.9328420162200928,0.7142857142857143,0.5714285714285714,0.1511337012052536,0.0511337012052536
YSRSLYA,-0.9581024646759033,0.04472584277391434,0.5714285714285714,0.2857142857142857,0.4958246052265167,0.3458246052265167
AYHVQGD,-0.2931710183620453,-1.9604026079177856,0.7142857142857143,0.4285714285714285,0.3538348376750946,0.2538348376750946
VFGRANL,-0.2826024889945984,-1.6933772563934326,0.5714285714285714,0.4285714285714285,0.3812761306762695,0.2312761306762695
QYSRKSN,-2.5494449138641357,1.297385573387146,0.7142857142857143,0.1428571428571428,0.3080791532993316,0.2080791532993317
CGMRNPN,-3.231314182281494,-0.5957805514335632,0.7142857142857143,0.2857142857142857,0.2276327013969421,0.1276327013969421
YSWVIEN,-3.271116256713867,0.0987238734960556,0.5714285714285714,0.2857142857142857,0.2229368835687637,0.0729368835687637
IQHTGKD,1.2335824966430664,-4.4480881690979,0.7142857142857143,0.4285714285714285,0.0981835573911666,0.0
HYGKSMN,1.4001394510269165,-1.4012620449066162,0.5714285714285714,0.4285714285714285,0.4112958610057831,0.261295861005783
IYSRSQS,0.7997985482215881,3.6175758838653564,0.4285714285714285,0.2857142857142857,0.7032204866409302,0.5032204866409302
PYSSLSN,0.02203208953142166,-2.117032289505005,0.7142857142857143,0.1428571428571428,0.3377384841442108,0.2377384841442108
MPSPPVD,-0.5448674559593201,-4.845667362213135,0.7142857142857143,0.5714285714285714,0.0573256537318229,0.0
QYHRSEN,0.5201882719993591,0.5859841704368591,0.5714285714285714,0.1428571428571428,0.6155186295509338,0.4655186295509338
VDLVLVN,-1.3648343086242676,-3.802440881729126,0.5714285714285714,0.5714285714285714,0.1645345985889434,0.0145345985889434
VSHLGRN,1.3973685503005981,-2.454897165298462,0.5714285714285714,0.4285714285714285,0.3030172288417816,0.1530172288417816
ESRGWPN,-2.4919891357421875,-0.7187721729278564,0.2857142857142857,0.2857142857142857,0.3148577511310577,0.0648577511310577
IYETKAY,-0.21924501657485962,-1.517905354499817,0.7142857142857143,0.4285714285714285,0.3993088006973266,0.2993088006973267
YSRSLSN,1.8933918476104736,2.194544553756714,0.4285714285714285,0.1428571428571428,0.7808250188827515,0.5808250188827515
QHRLGKD,0.5668589472770691,-0.5031120777130127,0.2857142857142857,0.2857142857142857,0.503595769405365,0.253595769405365
IYSRSER,0.9614170789718628,0.23165704309940338,0.4285714285714285,0.1428571428571428,0.5791055560112,0.3791055560112
YYVHSAQ,-1.6990748643875122,-0.2227846384048462,0.7142857142857143,0.2857142857142857,0.4084052145481109,0.308405214548111
FRVHGMD,0.3240365982055664,-2.553213119506836,0.5714285714285714,0.5714285714285714,0.2929136157035827,0.1429136157035827
VYVWARL,-5.160743713378906,1.4823538064956665,0.7142857142857143,0.5714285714285714,0.0,0.0
VYRMSGG,1.0391441583633423,-1.2729679346084595,0.5714285714285714,0.1428571428571428,0.4244802296161651,0.2744802296161651
WYRRISE,-2.0834672451019287,-0.25842660665512085,0.7142857142857143,0.2857142857142857,0.363054871559143,0.2630548715591431
TYSRVTH,0.14874638617038727,1.2186092138290405,0.5714285714285714,0.2857142857142857,0.6264098286628723,0.4764098286628723
HSRSLGN,0.3100110590457916,-1.8207001686096191,0.5714285714285714,0.1428571428571428,0.3681915700435638,0.2181915700435638
VDRSQPC,-3.516420602798462,-0.8792333006858826,0.5714285714285714,0.5714285714285714,0.1939960569143295,0.0439960569143295
QSIRAQP,1.8702318668365479,-3.74688720703125,0.5714285714285714,0.4285714285714285,0.1702436655759811,0.0202436655759811
SYSRSAN,1.569378137588501,1.3581963777542114,0.5714285714285714,0.1428571428571428,0.6948763132095337,0.5448763132095337
VYYRYPN,-3.0844342708587646,1.7592167854309082,0.5714285714285714,0.2857142857142857,0.2449614852666854,0.0949614852666854
TYRNSGN,1.6452428102493286,-2.318890333175659,0.5714285714285714,0.2857142857142857,0.3169942200183868,0.1669942200183868
QLHRWLN,-3.2616124153137207,0.3577970862388611,0.7142857142857143,0.2857142857142857,0.224058136343956,0.124058136343956
NYTRAAT,1.3316552639007568,-0.7847030162811279,0.5714285714285714,0.2857142857142857,0.4746576249599457,0.3246576249599456
IYTLAKN,1.0555928945541382,-2.5207083225250244,0.7142857142857143,0.1428571428571428,0.29625403881073,0.19625403881073
WYSRTNL,-1.5652813911437988,0.6529936790466309,0.5714285714285714,0.0,0.4241900444030761,0.2741900444030761
YYHMHAL,-2.7710044384002686,-1.212545394897461,0.7142857142857143,0.1428571428571428,0.2819397151470184,0.1819397151470184
SYSAANG,0.8442010283470154,-2.9949264526367188,0.5714285714285714,0.2857142857142857,0.2475202083587646,0.0975202083587646
QYTKREN,1.0573631525039673,-1.309722661972046,0.7142857142857143,0.1428571428571428,0.4207030832767486,0.3207030832767487
YSRLSDN,1.5274182558059692,3.2130050659179688,0.2857142857142857,0.1428571428571428,0.7890645265579224,0.5390645265579224
IYKRCNP,-3.907320976257324,0.9064069986343384,0.5714285714285714,0.2857142857142857,0.1478779166936874,0.0
MSSRANN,2.294417142868042,-3.9159796237945557,0.5714285714285714,0.1428571428571428,0.1528666019439697,0.0028666019439697
GYSRWSN,-2.8594236373901367,0.3010976016521454,0.7142857142857143,0.1428571428571428,0.2715080976486206,0.1715080976486206
SRAERVC,-3.221907138824463,-0.5706201791763306,0.7142857142857143,0.7142857142857143,0.2287425398826599,0.1287425398826599
MCCRSFH,-4.127875804901123,0.4352496862411499,0.7142857142857143,0.5714285714285714,0.1218570098280906,0.0218570098280906
TYRRGPF,-2.311276912689209,-0.06396131217479706,0.5714285714285714,0.2857142857142857,0.3361780345439911,0.1861780345439911
YYHRASY,-3.062530279159546,1.1698405742645264,0.5714285714285714,0.2857142857142857,0.2475457042455673,0.0975457042455673
HYMRALC,-4.822619915008545,0.4235951006412506,0.7142857142857143,0.4285714285714285,0.0398916006088256,0.0
MYSRSSY,-1.3243234157562256,1.007695198059082,0.5714285714285714,0.2857142857142857,0.4526180922985077,0.3026180922985076
IFKVSNN,1.9664270877838135,-2.876208543777466,0.5714285714285714,0.2857142857142857,0.2597204446792602,0.1097204446792602
SYSSSTY,-0.8250856399536133,-1.8668285608291626,0.5714285714285714,0.1428571428571428,0.3634511232376098,0.2134511232376098
QFPKGCN,-3.8708624839782715,-0.6473453044891357,0.7142857142857143,0.5714285714285714,0.1521792560815811,0.0521792560815811
TYILSNN,-1.2762961387634277,-1.8538198471069336,0.4285714285714285,0.2857142857142857,0.3647879660129547,0.1647879660129547
YVISSVN,-1.691636562347412,-1.8986750841140747,0.4285714285714285,0.1428571428571428,0.3601783514022827,0.1601783514022827
AYWRHPN,-2.9724254608154297,1.5965056419372559,0.7142857142857143,0.2857142857142857,0.2581762075424194,0.1581762075424194
YLRDSLN,0.3561912477016449,-1.4284018278121948,0.4285714285714285,0.2857142857142857,0.4085067808628082,0.2085067808628082
YKRRGDN,-2.3493611812591553,1.0098687410354614,0.4285714285714285,0.2857142857142857,0.3316848874092102,0.1316848874092102
GYSSVGN,0.3185117244720459,-2.3013036251068115,0.7142857142857143,0.4285714285714285,0.3188015520572662,0.2188015520572662
STSPATN,-0.0873812586069107,-4.95817756652832,0.4285714285714285,0.4285714285714285,0.0457633472979068,0.0
TYHAIYH,-2.3962318897247314,-0.8498420715332031,0.5714285714285714,0.2857142857142857,0.3261551260948181,0.1761551260948181
VSSRSTN,1.6522819995880127,-2.9528632164001465,0.5714285714285714,0.1428571428571428,0.2518429160118103,0.1018429160118103
IYSTQCN,-3.9983177185058594,-0.44669508934020996,0.5714285714285714,0.2857142857142857,0.1371421813964843,0.0
GYIESAN,-0.7062232494354248,-3.13740873336792,0.7142857142857143,0.2857142857142857,0.2328777760267257,0.1328777760267258
YSMNSLP,0.31977376341819763,-2.536778450012207,0.5714285714285714,0.4285714285714285,0.2946025729179382,0.1446025729179382
SYRTLNW,-3.1860787868499756,0.37725651264190674,0.7142857142857143,0.2857142857142857,0.2329695373773574,0.1329695373773575
YYYRPNK,-3.2894818782806396,0.6185235381126404,0.7142857142857143,0.2857142857142857,0.2207701206207275,0.1207701206207275
EPHGKTI,0.753458559513092,-4.786490440368652,0.5714285714285714,0.5714285714285714,0.0634070709347724,0.0
TYSRGNN,1.1899430751800537,1.0532546043395996,0.5714285714285714,0.0,0.6635384559631348,0.5135384559631347
YSHRLFN,-1.7069405317306519,0.46134302020072937,0.5714285714285714,0.2857142857142857,0.4074772000312805,0.2574772000312805
IKARNNP,-1.5922396183013916,-1.729148030281067,0.7142857142857143,0.4285714285714285,0.3776001036167145,0.2776001036167145
YYSRQNN,-0.37457531690597534,-0.6004014611244202,0.5714285714285714,0.0,0.4935976564884186,0.3435976564884185
MYCFSEA,-3.9343931674957275,0.21742577850818634,0.7142857142857143,0.4285714285714285,0.1446839570999145,0.0446839570999145
VYSTDNY,-1.8255109786987305,-0.9744030833244324,0.7142857142857143,0.2857142857142857,0.393488347530365,0.293488347530365
VYNRVTY,-2.1264820098876953,0.1814241111278534,0.5714285714285714,0.4285714285714285,0.3579800128936767,0.2079800128936767
NHGLGEN,-0.3106127083301544,-5.4034905433654785,0.5714285714285714,0.5714285714285714,0.0,0.0
VYSRQGQ,0.8982329368591309,1.8566213846206665,0.5714285714285714,0.2857142857142857,0.714833676815033,0.5648336768150329
YNKRSSE,1.3310242891311646,-2.147798538208008,0.5714285714285714,0.2857142857142857,0.3345767557621002,0.1845767557621002
WSRYENQ,-1.4777185916900635,-0.616701066493988,0.7142857142857143,0.4285714285714285,0.4345206618309021,0.3345206618309021
SSRSFPW,-1.9050968885421753,0.2815845012664795,0.5714285714285714,0.4285714285714285,0.3840988576412201,0.2340988576412201
TYSRSPR,-3.34847092628479,0.5148118138313293,0.5714285714285714,0.2857142857142857,0.2138106375932693,0.0638106375932693
DYSSNAN,0.24216116964817047,-2.786078453063965,0.7142857142857143,0.4285714285714285,0.2689828276634216,0.1689828276634216
GYRRSNH,-3.9633278846740723,0.12391112744808197,0.5714285714285714,0.1428571428571428,0.141270250082016,0.0
QYWRGSL,-4.1976141929626465,1.779738187789917,0.7142857142857143,0.2857142857142857,0.113629326224327,0.013629326224327
FRPHPGD,1.3914896249771118,-3.6997230052948,0.7142857142857143,0.5714285714285714,0.1750905811786651,0.0750905811786651
QYSRSNC,-3.550727128982544,2.558851718902588,0.5714285714285714,0.1428571428571428,0.1899485886096954,0.0399485886096954
YFAMGHC,-4.094560146331787,1.0512255430221558,0.7142857142857143,0.5714285714285714,0.1257875710725784,0.0257875710725784
VSRLSNN,2.1946194171905518,-2.027721881866455,0.2857142857142857,0.1428571428571428,0.3469166457653045,0.0969166457653045
HYSSQNN,0.1313801258802414,-2.7784488201141357,0.7142857142857143,0.2857142857142857,0.2697668969631195,0.1697668969631195
QYSRSEY,-1.0610665082931519,1.1437193155288696,0.5714285714285714,0.2857142857142857,0.483676940202713,0.333676940202713
YSSKPPN,2.61649751663208,-2.3757810592651367,0.4285714285714285,0.1428571428571428,0.3111477494239807,0.1111477494239807
SYHRGPD,1.4587676525115967,-0.3575829863548279,0.5714285714285714,0.2857142857142857,0.5185512900352478,0.3685512900352478
FYHRQEN,-1.083486795425415,0.4017229676246643,0.7142857142857143,0.0,0.4810318648815155,0.3810318648815155
SMSRSEA,1.0371330976486206,-2.6911532878875732,0.5714285714285714,0.2857142857142857,0.2787379622459411,0.1287379622459411
INHTTNP,0.5630608201026917,-4.726147651672363,0.7142857142857143,0.4285714285714285,0.0696083009243011,0.0
VVARCQG,-3.110232353210449,-0.4399193525314331,0.5714285714285714,0.5714285714285714,0.2419178485870361,0.0919178485870361
VYMGPDM,-2.511089324951172,-2.069732189178467,0.7142857142857143,0.4285714285714285,0.3126043081283569,0.2126043081283569
SYPGSSE,-0.3384658992290497,-3.4405088424682617,0.7142857142857143,0.1428571428571428,0.2017291635274887,0.1017291635274887
KYSHGSN,0.7084130644798279,-0.9322554469108582,0.5714285714285714,0.2857142857142857,0.4594941437244415,0.3094941437244415
QYRSNEN,0.5729076862335205,-2.4506735801696777,0.5714285714285714,0.1428571428571428,0.303451269865036,0.153451269865036
TSTRSMG,1.434733271598816,-3.5621280670166016,0.5714285714285714,0.2857142857142857,0.1892307549715042,0.0392307549715042
GYSRDEN,0.6953980922698975,-1.6449435949325562,0.7142857142857143,0.2857142857142857,0.3862534761428833,0.2862534761428833
QQCSVSN,-3.667858839035034,-1.4400776624679565,0.7142857142857143,0.2857142857142857,0.176129475235939,0.076129475235939
AYSWDNY,-3.4876670837402344,0.30786409974098206,0.7142857142857143,0.4285714285714285,0.1973883807659149,0.0973883807659149
YYSRLNM,-1.8021944761276245,0.41534072160720825,0.7142857142857143,0.1428571428571428,0.3962391912937164,0.2962391912937164
GFDGEEC,-4.046110153198242,-1.3546485900878906,0.7142857142857143,0.5714285714285714,0.1315036565065384,0.0315036565065384
TSRSQQQ,0.7765196561813354,-2.652061939239502,0.7142857142857143,0.4285714285714285,0.2827552556991577,0.1827552556991577
IYDKYNV,-0.8425658941268921,-0.7461205720901489,0.5714285714285714,0.4285714285714285,0.4786225855350494,0.3286225855350494
QVSRNRN,-3.0637412071228027,-0.7849982380867004,0.7142857142857143,0.2857142857142857,0.2474028468132019,0.1474028468132019
VYARSAN,1.2697478532791138,2.0576982498168945,0.4285714285714285,0.0,0.7586647272109985,0.5586647272109986
SYFRDIQ,-2.3398783206939697,-0.3079648017883301,0.7142857142857143,0.4285714285714285,0.3328036665916443,0.2328036665916443
QYARGAN,1.4553399085998535,-0.03528008237481117,0.5714285714285714,0.1428571428571428,0.5516732931137085,0.4016732931137085
WMMQRIN,-2.182281494140625,-1.4635001420974731,0.7142857142857143,0.4285714285714285,0.3513968288898468,0.2513968288898468
IIRSGNS,1.9254173040390015,-3.205803632736206,0.5714285714285714,0.4285714285714285,0.2258490473031997,0.0758490473031997
VSRVTNY,1.6928255558013916,-2.3265745639801025,0.7142857142857143,0.2857142857142857,0.3162045180797577,0.2162045180797577
YLHVEPN,-0.7390504479408264,-2.943460702896118,0.5714285714285714,0.2857142857142857,0.2528091669082641,0.1028091669082641
YYFNLNC,-4.355177879333496,0.8375521302223206,0.7142857142857143,0.4285714285714285,0.0950400754809379,0.0
YSFLSPN,-1.9821666479110718,0.9514490962028503,0.4285714285714285,0.1428571428571428,0.375006228685379,0.175006228685379
YYQRVIN,-2.4067323207855225,-0.3393176198005676,0.7142857142857143,0.2857142857142857,0.324916273355484,0.224916273355484
ASCSQSG,-3.065035581588745,-1.1932872533798218,0.7142857142857143,0.2857142857142857,0.2472501397132873,0.1472501397132873
IFQRKHN,-2.9958302974700928,-0.01068389043211937,0.7142857142857143,0.2857142857142857,0.2554149329662323,0.1554149329662323
IYHRGNN,0.7352138161659241,1.5803053379058838,0.5714285714285714,0.0,0.6956008076667786,0.5456008076667785
SYSRSAN,1.569378137588501,1.3581963777542114,0.5714285714285714,0.1428571428571428,0.6948763132095337,0.5448763132095337
SYHKCEM,-3.6890358924865723,-0.25165891647338867,0.5714285714285714,0.4285714285714285,0.1736310273408889,0.0236310273408889
YPTSQIC,-3.6964097023010254,-1.082485318183899,0.5714285714285714,0.5714285714285714,0.1727610677480697,0.0227610677480697
VYTREQE,0.3105393648147583,0.16825369000434875,0.2857142857142857,0.4285714285714285,0.5725898146629333,0.3225898146629333
VYSRSAC,-3.038755416870117,2.041949987411499,0.4285714285714285,0.1428571428571428,0.2503506541252136,0.0503506541252136
QYSRGNK,-2.9162561893463135,0.3137228786945343,0.7142857142857143,0.1428571428571428,0.264803022146225,0.164803022146225
SIWSIPE,-3.0863664150238037,-1.1253894567489624,0.7142857142857143,0.5714285714285714,0.2447335422039032,0.1447335422039032
LLRRSST,-2.461390495300293,0.21344317495822906,0.4285714285714285,0.2857142857142857,0.3184677362442016,0.1184677362442016
SYSRSNN,1.0727022886276245,2.1194589138031006,0.5714285714285714,0.0,0.7354174852371216,0.5854174852371216
QTRQLAD,0.8302583694458008,-3.9090912342071533,0.5714285714285714,0.5714285714285714,0.1535744965076446,0.0035744965076446
GKSRNHY,-4.096927165985107,0.15568765997886658,0.7142857142857143,0.5714285714285714,0.1255083084106445,0.0255083084106445
YSARSGN,2.6795687675476074,-0.9087613821029663,0.5714285714285714,0.2857142857142857,0.4619085192680359,0.3119085192680358
IYSSGRN,1.833895206451416,-2.423680067062378,0.5714285714285714,0.2857142857142857,0.3062253296375274,0.1562253296375274
QFSQKIN,1.791294813156128,-2.5648906230926514,0.7142857142857143,0.4285714285714285,0.2917135655879974,0.1917135655879974
DYTRSNV,0.8677022457122803,0.19378255307674408,0.4285714285714285,0.2857142857142857,0.5752133131027222,0.3752133131027222
HSVDSAN,-0.5535369515419006,-4.075509071350098,0.5714285714285714,0.4285714285714285,0.1364722847938537,0.0
YYGDLEN,-1.8444772958755493,-1.1937618255615234,0.7142857142857143,0.4285714285714285,0.391250729560852,0.2912507295608521
YWRVANN,-1.527590036392212,1.5734920501708984,0.4285714285714285,0.2857142857142857,0.4286368489265442,0.2286368489265442
IYLKGSE,0.8131573796272278,-1.9856345653533936,0.5714285714285714,0.4285714285714285,0.351241797208786,0.201241797208786
YSHSSNN,1.2270183563232422,-1.5571527481079102,0.4285714285714285,0.2857142857142857,0.3952754735946655,0.1952754735946655
WSRSLNN,-0.30147746205329895,-0.4831274747848511,0.5714285714285714,0.1428571428571428,0.5056495070457458,0.3556495070457458
QYFRLSN,-3.387786626815796,1.0755431652069092,0.7142857142857143,0.2857142857142857,0.2091722041368484,0.1091722041368484
VQARMPN,2.6894752979278564,-3.6103129386901855,0.7142857142857143,0.2857142857142857,0.1842789649963379,0.0842789649963379
FYSLRAN,-2.2530710697174072,-1.4454268217086792,0.7142857142857143,0.2857142857142857,0.3430451154708862,0.2430451154708862
SPNRSPN,1.4076151847839355,-3.0609147548675537,0.5714285714285714,0.2857142857142857,0.2407388091087341,0.0907388091087341
IYRTLFN,-4.023029327392578,0.4824497103691101,0.5714285714285714,0.2857142857142857,0.1342267245054245,0.0
EYTTKKT,0.7438188791275024,-2.3668453693389893,0.7142857142857143,0.5714285714285714,0.3120660185813904,0.2120660185813904
YFRRSSY,-4.060701847076416,1.352344036102295,0.5714285714285714,0.2857142857142857,0.1297821402549743,0.0
IYGRAYW,-3.981213092803955,0.9948487877845764,0.7142857142857143,0.4285714285714285,0.1391601711511612,0.0391601711511612
GSRSAGA,1.402984619140625,-3.3449947834014893,0.5714285714285714,0.4285714285714285,0.2115448266267776,0.0615448266267776
YWHRPNN,-1.4361546039581299,1.730297327041626,0.5714285714285714,0.2857142857142857,0.4394243359565735,0.2894243359565734
YWRRSYN,-3.7732198238372803,1.3371303081512451,0.4285714285714285,0.2857142857142857,0.163699060678482,0.0
NYSINWL,-3.783616304397583,0.4437635540962219,0.7142857142857143,0.4285714285714285,0.1624725013971328,0.0624725013971328
QSRSINN,1.0430809259414673,-2.6074559688568115,0.5714285714285714,0.1428571428571428,0.2873392701148987,0.1373392701148987
NYHKIKT,-2.9600231647491455,0.35378655791282654,0.5714285714285714,0.4285714285714285,0.2596394121646881,0.1096394121646881
NMSRFNN,1.0633628368377686,-2.0729966163635254,0.7142857142857143,0.2857142857142857,0.3422639071941376,0.2422639071941376
YAWGNAD,-2.1674301624298096,-1.178780198097229,0.5714285714285714,0.2857142857142857,0.3531489670276642,0.2031489670276642
LYSAASE,-0.45199015736579895,-3.8409252166748047,0.5714285714285714,0.2857142857142857,0.1605796962976455,0.0105796962976455
VYPRANW,-2.435420036315918,0.649926483631134,0.5714285714285714,0.2857142857142857,0.3215317130088806,0.1715317130088806
VSMRDHN,1.0484683513641357,-3.436248540878296,0.7142857142857143,0.2857142857142857,0.2021669894456863,0.1021669894456863
AQEAWNN,-2.196082592010498,-2.0379223823547363,0.7142857142857143,0.5714285714285714,0.3458683490753174,0.2458683490753174
TYPDTQS,-0.19761605560779572,-3.391878843307495,0.5714285714285714,0.5714285714285714,0.2067267149686813,0.0567267149686813
YHRVAMT,0.03206761181354523,0.17746007442474365,0.5714285714285714,0.2857142857142857,0.5735359191894531,0.4235359191894531
PYHRDIN,-0.12775209546089172,-0.10605236142873764,0.7142857142857143,0.1428571428571428,0.5444002747535706,0.4444002747535706
QTHRVNI,0.9827212691307068,-2.2350876331329346,0.7142857142857143,0.2857142857142857,0.3256063461303711,0.2256063461303711
YSEQYLE,-1.920397162437439,-1.0955064296722412,0.5714285714285714,0.4285714285714285,0.3822937309741974,0.2322937309741974
NNNRHGY,1.1780282258987427,-2.0243570804595947,0.7142857142857143,0.5714285714285714,0.3472624123096466,0.2472624123096466
SWKWFEQ,-3.2243306636810303,-0.20795182883739471,0.7142857142857143,0.5714285714285714,0.2284566164016723,0.1284566164016723
EIIRDNK,0.759632408618927,-3.9408175945281982,0.7142857142857143,0.5714285714285714,0.1503140777349472,0.0503140777349472
QTSSPTY,-0.2612399756908417,-4.4105658531188965,0.5714285714285714,0.4285714285714285,0.1020396053791046,0.0
WYGRAHA,-1.6567206382751465,0.24016772210597992,0.7142857142857143,0.4285714285714285,0.413402110338211,0.3134021103382111
IYSRSQN,0.49031347036361694,3.402162551879883,0.4285714285714285,0.1428571428571428,0.6667076349258423,0.4667076349258423
EYHVSMV,-1.6716270446777344,-2.351573944091797,0.4285714285714285,0.4285714285714285,0.3136354088783264,0.1136354088783264
QSCDSDL,-4.537888526916504,-0.6988937854766846,0.7142857142857143,0.4285714285714285,0.0734840035438537,0.0
MLTLANE,-0.6770927309989929,-3.9459762573242188,0.5714285714285714,0.4285714285714285,0.1497839391231537,0.0
MYASSGP,0.9341023564338684,-3.1016955375671387,0.5714285714285714,0.4285714285714285,0.236547902226448,0.086547902226448
GYSRRMC,-4.130853652954102,1.2470860481262207,0.5714285714285714,0.4285714285714285,0.1215056851506233,0.0
YLHRVTN,0.5662264227867126,0.8475281000137329,0.5714285714285714,0.4285714285714285,0.6423965692520142,0.4923965692520141
IYSRQFN,-1.722149133682251,2.441037178039551,0.5714285714285714,0.1428571428571428,0.4056829214096069,0.2556829214096069
FFTRQLN,-2.3536157608032227,-0.03763847053050995,0.7142857142857143,0.2857142857142857,0.3311829268932342,0.2311829268932342
YYHRSDN,-1.1925513744354248,1.0811140537261963,0.5714285714285714,0.1428571428571428,0.4681644737720489,0.3181644737720489
QEDRALE,0.28003349900245667,-4.035478591918945,0.7142857142857143,0.4285714285714285,0.1405860781669616,0.0405860781669616
TTSYGTN,-0.14620517194271088,-2.612849473953247,0.4285714285714285,0.2857142857142857,0.2867850065231323,0.0867850065231323
IHYRSPI,-1.3813154697418213,0.44872790575027466,0.5714285714285714,0.4285714285714285,0.4458942115306854,0.2958942115306854
YSRVTNN,3.03092360496521,2.5071945190429688,0.4285714285714285,0.1428571428571428,0.8129550814628601,0.6129550814628602
YKDGFEG,0.551498532295227,-2.448948621749878,0.7142857142857143,0.2857142857142857,0.303628534078598,0.203628534078598
YMTRSTA,1.3749685287475586,-0.6504848003387451,0.5714285714285714,0.2857142857142857,0.4884507656097412,0.3384507656097412
SYSNSVN,0.895855724811554,-2.566765069961548,0.4285714285714285,0.2857142857142857,0.2915209531784057,0.0915209531784057
YYRYGYN,-3.064079761505127,-0.11551568657159805,0.4285714285714285,0.2857142857142857,0.2473628968000412,0.0473628968000412
LCHREVT,-3.208024263381958,-0.8906192183494568,0.5714285714285714,0.5714285714285714,0.230380430817604,0.080380430817604
DYHQKVM,1.1107815504074097,-2.850965976715088,0.7142857142857143,0.2857142857142857,0.2623145580291748,0.1623145580291748
YGTRSHN,1.4179500341415405,-1.197824239730835,0.5714285714285714,0.2857142857142857,0.4322025179862976,0.2822025179862976
YYSRPNC,-3.8367178440093994,-0.2786601185798645,0.7142857142857143,0.1428571428571428,0.1562076210975647,0.0562076210975647
GWHWTNM,-3.936431407928467,-1.2945127487182617,0.7142857142857143,0.5714285714285714,0.1444434821605682,0.0444434821605682
IQSRWPN,-1.7653579711914062,0.7353100776672363,0.7142857142857143,0.2857142857142857,0.4005851745605469,0.3005851745605469
IYRCLGT,-3.5935001373291016,0.1860618144273758,0.7142857142857143,0.4285714285714285,0.1849022656679153,0.0849022656679153
EYTAQQE,-0.9796795845031738,-3.72175669670105,0.5714285714285714,0.4285714285714285,0.1728262454271316,0.0228262454271316
TRRLHNW,-4.420899391174316,0.14910826086997986,0.5714285714285714,0.5714285714285714,0.0872863009572029,0.0
SHSRANN,0.8920651078224182,-2.2689526081085205,0.5714285714285714,0.1428571428571428,0.3221261501312256,0.1721261501312256
YSRSLNS,1.9571248292922974,1.5921833515167236,0.5714285714285714,0.1428571428571428,0.7189223766326904,0.5689223766326904
YSCHKGN,-2.8413360118865967,-0.7543452978134155,0.5714285714285714,0.4285714285714285,0.2736420631408691,0.1236420631408691
VYDRSNG,1.380259394645691,-1.2258516550064087,0.4285714285714285,0.2857142857142857,0.429322212934494,0.229322212934494
AYTRTVN,0.8999560475349426,1.371984601020813,0.4285714285714285,0.1428571428571428,0.696293294429779,0.4962932944297791
WDSRGCC,-3.5509965419769287,-1.8762240409851074,0.7142857142857143,0.4285714285714285,0.1899168044328689,0.0899168044328689
TYTRSTR,-4.154294490814209,0.4593014419078827,0.4285714285714285,0.1428571428571428,0.1187401562929153,0.0
VYHRECC,-3.10372257232666,0.2448551505804062,0.5714285714285714,0.4285714285714285,0.2426858693361282,0.0926858693361282
SYHQQHN,-0.728907585144043,-1.0227676630020142,0.7142857142857143,0.2857142857142857,0.4501924812793731,0.3501924812793732
YKTESHN,1.3159878253936768,-3.600369930267334,0.5714285714285714,0.2857142857142857,0.1853007674217224,0.0353007674217224
QYTESAN,-0.41070324182510376,-2.4738221168518066,0.5714285714285714,0.1428571428571428,0.3010723888874054,0.1510723888874054
WLNRFGN,-2.700777292251587,-0.41808414459228516,0.7142857142857143,0.4285714285714285,0.2902250587940216,0.1902250587940216
QSRSPLN,0.8703404664993286,-2.771484375,0.5714285714285714,0.1428571428571428,0.27048259973526,0.12048259973526
QYTRMAP,1.4072444438934326,-1.7104718685150146,0.4285714285714285,0.2857142857142857,0.379519373178482,0.179519373178482
DYHIMLN,-2.4568750858306885,-2.629833936691284,0.5714285714285714,0.4285714285714285,0.2850395739078522,0.1350395739078521
VYRHKNF,-3.373216390609741,0.9367583394050598,0.7142857142857143,0.4285714285714285,0.2108911871910095,0.1108911871910095
QVSPLNE,-0.8397657871246338,-4.984007358551025,0.5714285714285714,0.2857142857142857,0.043108906596899,0.0
YARGDNN,0.7608508467674255,-0.5839282870292664,0.4285714285714285,0.4285714285714285,0.4952905774116516,0.2952905774116516
NYSSKNM,2.012624740600586,-3.5773277282714844,0.7142857142857143,0.4285714285714285,0.1876687407493591,0.0876687407493591
IYSWFRN,-4.667344570159912,0.018394675105810165,0.5714285714285714,0.4285714285714285,0.0582108758389949,0.0
CRHEYNP,-3.6368861198425293,-1.401781678199768,0.7142857142857143,0.5714285714285714,0.1797836273908615,0.0797836273908615
VLTRTND,1.0945253372192383,-3.0636725425720215,0.4285714285714285,0.2857142857142857,0.2404553890228271,0.0404553890228271
IYTRSPN,0.9442309737205505,1.3849995136260986,0.4285714285714285,0.1428571428571428,0.6976308226585388,0.4976308226585388
VYTRAME,0.7361426949501038,1.648041844367981,0.2857142857142857,0.2857142857142857,0.6957104206085205,0.4457104206085205
QYMRKGN,-3.4861955642700195,0.38586223125457764,0.7142857142857143,0.2857142857142857,0.1975619792938232,0.0975619792938232
DARKSDN,0.9283942580223083,-3.52453875541687,0.5714285714285714,0.5714285714285714,0.1930936872959137,0.0430936872959137
EKSRQNR,-2.226317882537842,-0.7034796476364136,0.7142857142857143,0.4285714285714285,0.3462014496326446,0.2462014496326446
AYTDHRA,0.8255009055137634,-2.595424175262451,0.7142857142857143,0.5714285714285714,0.2885757386684418,0.1885757386684418
YSRKGSN,-2.0864386558532715,1.2021653652191162,0.2857142857142857,0.1428571428571428,0.3627043068408966,0.1127043068408966
TYSRLTH,-0.6463316082954407,1.347447395324707,0.5714285714285714,0.2857142857142857,0.5326070785522461,0.382607078552246
GFAHGNC,-3.6716670989990234,-1.6507701873779297,0.7142857142857143,0.4285714285714285,0.1756801903247833,0.0756801903247833
FESGASN,-0.3290172815322876,-5.336449146270752,0.5714285714285714,0.4285714285714285,0.0068896235898137,0.0
YYDHGNQ,-0.9666088819503784,-1.1746432781219482,0.7142857142857143,0.0,0.4345847368240356,0.3345847368240356
SSCRMNN,-3.7624824047088623,-0.2690717875957489,0.5714285714285714,0.2857142857142857,0.1649658679962158,0.0149658679962158
YSRVPLN,1.321965217590332,2.040806293487549,0.4285714285714285,0.1428571428571428,0.7648253440856934,0.5648253440856934
YARGSNI,1.7782431840896606,-1.0141528844833374,0.4285714285714285,0.4285714285714285,0.4510777592658996,0.2510777592658997
PLKTYIN,0.2467578947544098,-2.415656566619873,0.7142857142857143,0.5714285714285714,0.3070498704910278,0.2070498704910278
WSYFIGW,-4.4213433265686035,0.5061938166618347,0.7142857142857143,0.5714285714285714,0.0872339233756065,0.0
MYMSSTE,-1.0913530588150024,-3.385996103286743,0.5714285714285714,0.4285714285714285,0.2073312699794769,0.0573312699794769
YSRSGNQ,2.335385799407959,2.4859085083007812,0.4285714285714285,0.1428571428571428,0.8107675909996033,0.6107675909996033
VYSRMQS,0.49416583776474,3.4933111667633057,0.4285714285714285,0.4285714285714285,0.6671621799468994,0.4671621799468994
SYRLISN,-1.0319703817367554,-0.49982428550720215,0.4285714285714285,0.4285714285714285,0.4871096909046173,0.2871096909046173
YSRVGNK,-2.481215715408325,1.5059120655059814,0.4285714285714285,0.2857142857142857,0.3161287903785705,0.1161287903785705
VWSRGNE,-0.7567673325538635,-0.20956489443778992,0.7142857142857143,0.2857142857142857,0.5195779800415039,0.4195779800415039
QYSRSKM,-3.344440221786499,0.910810112953186,0.5714285714285714,0.2857142857142857,0.2142861783504486,0.0642861783504486
GYSRQAN,0.820737898349762,-0.6652712225914001,0.7142857142857143,0.0,0.4869312047958374,0.3869312047958374
GYHRIIE,-0.5745265483856201,-0.6302409172058105,0.7142857142857143,0.2857142857142857,0.4905311465263366,0.3905311465263367
IYLRCNN,-4.404834270477295,-0.13427835702896118,0.5714285714285714,0.2857142857142857,0.0891816541552543,0.0
YSRSVNQ,1.5319690704345703,1.877048373222351,0.5714285714285714,0.0,0.7481970191001892,0.5981970191001892
QFSRDNI,0.3454073667526245,-1.2417279481887817,0.7142857142857143,0.2857142857142857,0.4276906549930572,0.3276906549930573
SWSESNP,-1.241764783859253,-2.4457128047943115,0.5714285714285714,0.4285714285714285,0.3039610683917999,0.1539610683917999
SYSWNND,-2.53623104095459,0.7597547173500061,0.7142857142857143,0.4285714285714285,0.309638112783432,0.209638112783432
QYSRVIE,0.8261132836341858,1.8900599479675293,0.7142857142857143,0.2857142857142857,0.7063250541687012,0.6063250541687012
VSRSENN,1.0113681554794312,-3.6709303855895996,0.5714285714285714,0.2857142857142857,0.1780495047569275,0.0280495047569274
KTWRFNL,-3.9245386123657227,0.03402566537261009,0.7142857142857143,0.4285714285714285,0.1458465903997421,0.0458465903997421
IKHTSAS,1.3164323568344116,-2.577739715576172,0.7142857142857143,0.2857142857142857,0.2903931140899658,0.1903931140899658
YYHRQNN,-1.141427755355835,0.3130018413066864,0.5714285714285714,0.1428571428571428,0.4741959571838379,0.3241959571838378
KMSIPNW,-1.0727578401565552,-1.4046634435653687,0.7142857142857143,0.2857142857142857,0.4109462797641754,0.3109462797641754
VYSNSNQ,0.5143212676048279,-2.972895860671997,0.5714285714285714,0.2857142857142857,0.2497842162847519,0.0997842162847519
TYARSWQ,-3.3075664043426514,0.8620772361755371,0.5714285714285714,0.2857142857142857,0.2186365276575088,0.0686365276575088
LSRSGAN,2.1471924781799316,0.20459501445293427,0.2857142857142857,0.2857142857142857,0.5763245224952698,0.3263245224952698
CYSRGSN,-3.6974849700927734,0.3951754868030548,0.5714285714285714,0.1428571428571428,0.1726342141628265,0.0226342141628265
YSHAVNI,0.3023466169834137,-1.2316724061965942,0.7142857142857143,0.4285714285714285,0.4287240207195282,0.3287240207195282
QLARGSY,0.9633654952049255,-2.097777843475342,0.7142857142857143,0.4285714285714285,0.3397172093391418,0.2397172093391418
YYMHAEN,-2.2109193801879883,-0.35350653529167175,0.5714285714285714,0.4285714285714285,0.3480181396007538,0.1980181396007538
YSHSWNF,-2.728262186050415,1.1756421327590942,0.5714285714285714,0.2857142857142857,0.2869824171066284,0.1369824171066284
PYARPIP,1.166715383529663,-1.1031749248504639,0.5714285714285714,0.4285714285714285,0.4419293105602264,0.2919293105602264
AYHWSAN,-2.5623490810394287,-0.2175767570734024,0.5714285714285714,0.2857142857142857,0.3065567314624786,0.1565567314624786
SYSRGNT,1.6583127975463867,0.9983107447624207,0.7142857142857143,0.0,0.6578920483589172,0.5578920483589173
YSRRANI,-2.0316407680511475,-0.2518009543418884,0.4285714285714285,0.2857142857142857,0.3691692948341369,0.1691692948341369
SNTRANN,1.8192646503448486,-3.388542652130127,0.7142857142857143,0.2857142857142857,0.2070695608854293,0.1070695608854293
PYHRKKD,-1.4458684921264648,0.9881313443183899,0.7142857142857143,0.4285714285714285,0.4382782876491546,0.3382782876491547
KEHKDME,0.43435055017471313,-3.471613883972168,0.5714285714285714,0.2857142857142857,0.1985326111316681,0.048532611131668
SDSRSTN,0.5384780168533325,-3.1756796836853027,0.5714285714285714,0.2857142857142857,0.228944793343544,0.078944793343544
YTYRDLV,-1.9769681692123413,-0.6116018295288086,0.7142857142857143,0.1428571428571428,0.3756195306777954,0.2756195306777954
SYSRENN,0.7905683517456055,-0.21358400583267212,0.7142857142857143,0.1428571428571428,0.5333496332168579,0.4333496332168579
QLSGRTY,0.9182393550872803,-2.2642767429351807,0.7142857142857143,0.4285714285714285,0.3226066827774048,0.2226066827774048
IDHRGMN,1.691834568977356,-2.9076120853424072,0.5714285714285714,0.2857142857142857,0.2564932107925415,0.1064932107925415
YYRRSNI,-2.820326089859009,1.4001131057739258,0.4285714285714285,0.1428571428571428,0.2761207818984985,0.0761207818984985
VYRMAAN,0.9041057825088501,-0.672545313835144,0.5714285714285714,0.4285714285714285,0.4861836433410644,0.3361836433410644
SVSRSNN,1.3188047409057617,-3.472414016723633,0.5714285714285714,0.1428571428571428,0.1984503716230392,0.0484503716230392
YELANNN,-0.404752254486084,-3.4818308353424072,0.5714285714285714,0.4285714285714285,0.1974826455116272,0.0474826455116272
YPVRGSA,2.3516666889190674,-2.1383275985717773,0.7142857142857143,0.4285714285714285,0.3355500400066376,0.2355500400066376
VYHRLLN,-2.4177405834198,1.85452139377594,0.5714285714285714,0.2857142857142857,0.3236175179481506,0.1736175179481506
YFHSAGT,-1.4236801862716675,-1.2973560094833374,0.7142857142857143,0.1428571428571428,0.4219739139080047,0.3219739139080048
YIHRGRR,-4.420731067657471,1.23050856590271,0.7142857142857143,0.4285714285714285,0.0873061567544937,0.0
EYSYSGV,-2.7183516025543213,-2.1133151054382324,0.5714285714285714,0.4285714285714285,0.2881516516208648,0.1381516516208648
YYSRHNN,-0.7818577289581299,0.28302791714668274,0.5714285714285714,0.1428571428571428,0.5166178345680237,0.3666178345680236
YVQSQIP,-0.13285526633262634,-2.1538970470428467,0.5714285714285714,0.4285714285714285,0.333950012922287,0.183950012922287
GYCRSGF,-4.152785778045654,-0.21097254753112793,0.5714285714285714,0.4285714285714285,0.1189181506633758,0.0
YYGSLGN,-1.2089207172393799,-0.7951759099960327,0.5714285714285714,0.2857142857142857,0.4662332236766815,0.3162332236766815
AYSRGSC,-3.6601297855377197,1.054848074913025,0.7142857142857143,0.2857142857142857,0.1770413517951965,0.0770413517951965
RYTRKNN,-3.2556049823760986,0.7223843336105347,0.5714285714285714,0.2857142857142857,0.2247668951749801,0.0747668951749801
YHNTYKH,-0.13198138773441315,-0.8724800944328308,0.7142857142857143,0.7142857142857143,0.465637058019638,0.3656370580196381
WYSRANF,-1.776853084564209,0.831936776638031,0.7142857142857143,0.2857142857142857,0.3992289900779724,0.2992289900779724
YHCLFQN,-4.483964920043945,0.21010160446166992,0.4285714285714285,0.4285714285714285,0.0798458755016326,0.0
YSRPCPC,-3.0739879608154297,0.546811044216156,0.4285714285714285,0.4285714285714285,0.2461939454078674,0.0461939454078674
IKRQYNN,-3.4154052734375,-0.6937715411186218,0.5714285714285714,0.4285714285714285,0.2059137672185897,0.0559137672185897
MYSWANT,-2.801983594894409,0.04437101632356644,0.7142857142857143,0.2857142857142857,0.2782848179340362,0.1782848179340362
KYHSNCV,-3.3632543087005615,-0.7169153690338135,0.5714285714285714,0.4285714285714285,0.212066501379013,0.062066501379013
YWRSGCN,-3.729092836380005,1.8765110969543457,0.2857142857142857,0.2857142857142857,0.1689051389694214,0.0
FYRRDQH,-0.8054450154304504,0.11340460181236267,0.5714285714285714,0.1428571428571428,0.5138349533081055,0.3638349533081054
KYRVRSN,-4.310884475708008,0.7619501948356628,0.5714285714285714,0.4285714285714285,0.1002657786011695,0.0
TYSSGNW,-1.2175626754760742,-0.43026596307754517,0.7142857142857143,0.2857142857142857,0.4652136564254761,0.3652136564254761
VYSDGST,-0.3814863860607147,-3.0309994220733643,0.7142857142857143,0.2857142857142857,0.2438130974769592,0.1438130974769592
ISHHGEN,0.006073900498449802,-3.768533706665039,0.5714285714285714,0.2857142857142857,0.1680191308259964,0.0180191308259964
HYPRLNN,-0.8441286683082581,-1.2613296508789062,0.7142857142857143,0.2857142857142857,0.4256762266159057,0.3256762266159058
QYSRHSN,0.1332215815782547,1.2426960468292236,0.7142857142857143,0.1428571428571428,0.6245782375335693,0.5245782375335694
VYHHTNM,-0.6296630501747131,-0.7553219199180603,0.5714285714285714,0.4285714285714285,0.4776769876480102,0.3276769876480102
MYRRGNQ,-2.8063859939575195,0.11965707689523697,0.7142857142857143,0.2857142857142857,0.2777654230594635,0.1777654230594635
KHSRAPN,-3.256511926651001,0.08515813946723938,0.5714285714285714,0.2857142857142857,0.2246598899364471,0.0746598899364471
YYHRSPN,-1.3818936347961426,0.7948679327964783,0.4285714285714285,0.1428571428571428,0.44582599401474,0.24582599401474
YYSRIAN,-0.8898079991340637,-0.5219181180000305,0.7142857142857143,0.1428571428571428,0.501663088798523,0.4016630887985229
FQSQGSE,-0.3701990246772766,-4.237326145172119,0.8571428571428571,0.4285714285714285,0.119842879474163,0.069842879474163
YYHRSNN,-0.9529139399528503,1.031571388244629,0.4285714285714285,0.0,0.49643674492836,0.29643674492836
QYARLNN,0.6687585115432739,1.1085295677185059,0.7142857142857143,0.1428571428571428,0.669218897819519,0.5692188978195191
YYWRHNN,-2.053793430328369,1.2999911308288574,0.5714285714285714,0.2857142857142857,0.3665557503700256,0.2165557503700256
QYHRSGN,0.5499095916748047,0.8735430836677551,0.5714285714285714,0.1428571428571428,0.6450700759887695,0.4950700759887695
TYSRSQG,1.7069900035858154,2.461890935897827,0.4285714285714285,0.2857142857142857,0.8082993626594543,0.6082993626594544
TYSMMNN,-0.8209273219108582,-2.231560468673706,0.7142857142857143,0.2857142857142857,0.3259688019752502,0.2259688019752502
YFRRQVE,-1.1751255989074707,-0.39802443981170654,0.7142857142857143,0.4285714285714285,0.4702203571796417,0.3702203571796417
YSRRSED,0.9003866314888,-0.2738003432750702,0.4285714285714285,0.1428571428571428,0.5271613597869873,0.3271613597869873
TYMRDNQ,-0.12288699299097061,-1.57463800907135,0.7142857142857143,0.4285714285714285,0.3934785723686218,0.2934785723686218
QYSRANE,1.3676269054412842,1.1201345920562744,0.7142857142857143,0.1428571428571428,0.6704115271568298,0.5704115271568299
TYSADSD,-0.6292293071746826,-2.413045644760132,0.5714285714285714,0.4285714285714285,0.3073181807994842,0.1573181807994842
SSRRGNN,-2.723297595977783,-0.4949851632118225,0.4285714285714285,0.2857142857142857,0.2875681221485138,0.0875681221485138
ISHRGVP,2.0589287281036377,-3.054837703704834,0.5714285714285714,0.2857142857142857,0.2413633167743683,0.0913633167743682
SYSSASY,-0.7097454071044922,-1.9574851989746094,0.7142857142857143,0.4285714285714285,0.3541346192359924,0.2541346192359924
WSSRASN,0.6879534125328064,-2.579937696456909,0.5714285714285714,0.2857142857142857,0.2901672422885895,0.1401672422885894
QYSSSEE,-0.2369362860918045,-2.6858396530151367,0.5714285714285714,0.2857142857142857,0.2792840301990509,0.1292840301990509
VYHSRNN,0.07971931248903275,-0.7853018641471863,0.7142857142857143,0.2857142857142857,0.4745960831642151,0.3745960831642151
FYLRAPH,-1.9792617559432983,-0.724747896194458,0.7142857142857143,0.4285714285714285,0.3753489255905151,0.2753489255905151
QYSRWQN,-3.222849130630493,1.4191296100616455,0.5714285714285714,0.2857142857142857,0.2286314070224762,0.0786314070224762
VYSRSNQ,0.40297800302505493,3.8402602672576904,0.4285714285714285,0.2857142857142857,0.6564038991928101,0.4564038991928101
IYSRLAG,0.2784048616886139,1.254568099975586,0.5714285714285714,0.2857142857142857,0.6417068243026733,0.4917068243026733
IYGILNN,-1.7799607515335083,-1.1155790090560913,0.7142857142857143,0.2857142857142857,0.398862361907959,0.298862361907959
NYSRGKN,-2.8086867332458496,-0.6059712767601013,0.5714285714285714,0.2857142857142857,0.2774939835071563,0.1274939835071563
YYSRSSN,0.4695335030555725,0.015150315128266811,0.5714285714285714,0.0,0.5568559169769287,0.4068559169769287
YYSRHSN,-0.8329627513885498,0.3430390954017639,0.7142857142857143,0.1428571428571428,0.5105884671211243,0.4105884671211243
QYVRGQN,0.7997910976409912,1.1978603601455688,0.5714285714285714,0.2857142857142857,0.6783990859985352,0.5283990859985351
YYHRDSN,-0.9503983855247498,0.36653196811676025,0.5714285714285714,0.1428571428571428,0.4967334866523742,0.3467334866523742
YYHRSNN,-0.9529139399528503,1.031571388244629,0.4285714285714285,0.0,0.49643674492836,0.29643674492836
QYSRGNN,1.375897765159607,1.606122374534607,0.5714285714285714,0.0,0.7203548550605774,0.5703548550605774
QYHRGAN,0.585766077041626,0.4419023096561432,0.5714285714285714,0.2857142857142857,0.6007117629051208,0.4507117629051208
VHHRDNN,0.7991891503334045,-1.1009424924850464,0.5714285714285714,0.2857142857142857,0.4421586990356445,0.2921586990356445
YYHRSPG,-1.019026279449463,0.6096774935722351,0.5714285714285714,0.2857142857142857,0.48863685131073,0.3386368513107299
QYSMSNI,-0.3872186243534088,-2.062525987625122,0.4285714285714285,0.2857142857142857,0.3433399200439453,0.1433399200439453
IYARVNN,-0.014568484388291836,2.204090118408203,0.7142857142857143,0.1428571428571428,0.6071420907974243,0.5071420907974243
YHGLSSN,1.067624568939209,-1.123279333114624,0.2857142857142857,0.4285714285714285,0.4398632347583771,0.189863234758377
KYATLPP,0.4508213996887207,-3.196380376815796,0.7142857142857143,0.5714285714285714,0.2268174439668655,0.1268174439668655
DYVRAYD,-2.228193521499634,-0.8550848960876465,0.5714285714285714,0.4285714285714285,0.345980167388916,0.195980167388916
YYSTAMI,-2.484199285507202,-1.7312192916870117,0.5714285714285714,0.4285714285714285,0.3157767951488495,0.1657767951488495
YYRRKEN,-2.207063674926758,1.4052058458328247,0.5714285714285714,0.2857142857142857,0.3484730422496795,0.1984730422496795
GYNRDYN,-0.3495398461818695,-1.341665267944336,0.7142857142857143,0.4285714285714285,0.4174204170703888,0.3174204170703888
GYSRQEN,0.3119340240955353,-0.02224929817020893,0.7142857142857143,0.1428571428571428,0.5530124306678772,0.4530124306678772
TYHRSGN,0.6293078660964966,0.8027883172035217,0.4285714285714285,0.2857142857142857,0.6377988457679749,0.4377988457679749
YYTRSNN,0.32029980421066284,-0.027679502964019775,0.4285714285714285,0.1428571428571428,0.55245441198349,0.35245441198349
QYKAVEN,1.4466348886489868,-2.828676462173462,0.7142857142857143,0.4285714285714285,0.264605164527893,0.1646051645278931
YYSRLEN,-1.2881826162338257,0.43050432205200195,0.7142857142857143,0.1428571428571428,0.4568819403648376,0.3568819403648376
YYSRHNN,-0.7818577289581299,0.28302791714668274,0.5714285714285714,0.1428571428571428,0.5166178345680237,0.3666178345680236
IQHRHPN,0.010386576876044273,-1.1604818105697632,0.7142857142857143,0.2857142857142857,0.4360400438308716,0.3360400438308716
YSRRSGM,-3.3718740940093994,0.9070583581924438,0.5714285714285714,0.2857142857142857,0.2110495418310165,0.0610495418310165
VSSRGNN,1.5700223445892334,-3.3102972507476807,0.5714285714285714,0.1428571428571428,0.2151105850934982,0.0651105850934982
YYTLGNN,-1.5934829711914062,-0.15593348443508148,0.4285714285714285,0.2857142857142857,0.4208628535270691,0.2208628535270691
GYVHSAM,-0.6404867768287659,-1.2919042110443115,0.7142857142857143,0.2857142857142857,0.4225342273712158,0.3225342273712158
YSKNQHQ,1.5947433710098267,-0.9171513319015503,0.5714285714285714,0.4285714285714285,0.4610463082790375,0.3110463082790374
MYHRNNP,0.2290932834148407,-0.10205303877592087,0.5714285714285714,0.2857142857142857,0.5448112487792969,0.3948112487792968
YYHRSNN,-0.9529139399528503,1.031571388244629,0.4285714285714285,0.0,0.49643674492836,0.29643674492836
IYHHQNN,-0.43578052520751953,-0.8430184125900269,0.7142857142857143,0.2857142857142857,0.4686647057533264,0.3686647057533264
YYHMSSN,-2.4556045532226562,-1.3004827499389648,0.5714285714285714,0.1428571428571428,0.3191503584384918,0.1691503584384918
FYHSANN,-0.888150691986084,-1.5345423221588135,0.7142857142857143,0.2857142857142857,0.3975990712642669,0.297599071264267
QYTRQNN,1.0713181495666504,-0.6862178444862366,0.5714285714285714,0.1428571428571428,0.4847785830497741,0.3347785830497741
IYSRSNQ,0.48962312936782837,3.1826751232147217,0.4285714285714285,0.1428571428571428,0.6666262149810791,0.4666262149810791
QYHLSNN,0.18482398986816406,-1.2596056461334229,0.4285714285714285,0.1428571428571428,0.4258534014225006,0.2258534014225006
QYRRANN,-2.5709993839263916,-0.20348815619945526,0.5714285714285714,0.1428571428571428,0.3055361807346344,0.1555361807346344
MYTRGNN,1.9035016298294067,0.8979324102401733,0.5714285714285714,0.1428571428571428,0.6475765109062195,0.4975765109062194
ASRRSNN,-3.183978796005249,-0.7221004366874695,0.4285714285714285,0.1428571428571428,0.2332172989845276,0.0332172989845276
QYRLSEI,-0.2642187476158142,-0.961851179599762,0.4285714285714285,0.4285714285714285,0.4564526677131653,0.2564526677131653
SSTRDSN,0.7741719484329224,-3.966045618057251,0.5714285714285714,0.2857142857142857,0.1477214843034744,0.0
MYSRSNN,1.5054917335510254,1.7826772928237915,0.5714285714285714,0.0,0.7384988069534302,0.5884988069534302
ISAISPN,0.4185250401496887,-2.902769088745117,0.4285714285714285,0.4285714285714285,0.256990909576416,0.056990909576416
TYYRISN,-2.6386306285858154,0.7691711783409119,0.7142857142857143,0.2857142857142857,0.2975570857524872,0.1975570857524872
YFRRREN,-2.7121284008026123,1.5356601476669312,0.5714285714285714,0.2857142857142857,0.2888858616352081,0.1388858616352081
YYSRSSN,0.4695335030555725,0.015150315128266811,0.5714285714285714,0.0,0.5568559169769287,0.4068559169769287
AYSSSSL,0.0642668604850769,-2.7906181812286377,0.5714285714285714,0.4285714285714285,0.2685163021087646,0.1185163021087646
YYRDSHN,-0.5144572854042053,-0.21249635517597198,0.4285714285714285,0.2857142857142857,0.5334613919258118,0.3334613919258118
NYRFANN,-1.0570696592330933,-1.261481523513794,0.5714285714285714,0.2857142857142857,0.4256606101989746,0.2756606101989746
QYHQSNN,0.2993384003639221,-2.198235511779785,0.5714285714285714,0.1428571428571428,0.3293935060501098,0.1793935060501098
YYSRSAM,-0.23660394549369812,-0.15895336866378784,0.5714285714285714,0.2857142857142857,0.5389638543128967,0.3889638543128967
PYSRIIN,-0.9204382300376892,1.6208865642547607,0.7142857142857143,0.2857142857142857,0.5002681612968445,0.4002681612968445
YSSRKVV,-1.9293012619018555,-0.9698430895805359,0.5714285714285714,0.4285714285714285,0.3812432587146759,0.2312432587146759
QYARSQN,0.9589250087738037,1.8184269666671753,0.4285714285714285,0.1428571428571428,0.7219941020011902,0.5219941020011902
VLSRSNQ,1.6854852437973022,-1.7790946960449219,0.5714285714285714,0.4285714285714285,0.3724672198295593,0.2224672198295593
IFRRQIM,-4.284160137176514,-0.0883137509226799,0.7142857142857143,0.4285714285714285,0.1034187003970146,0.0034187003970146
YYSRGEN,0.13643130660057068,-0.3296557366847992,0.5714285714285714,0.1428571428571428,0.5214213132858276,0.3714213132858276
SYHRSNN,0.7627543807029724,2.127140998840332,0.5714285714285714,0.1428571428571428,0.6988500356674194,0.5488500356674194
YYLEQSN,-2.8487963676452637,-0.7971757650375366,0.7142857142857143,0.4285714285714285,0.2727618813514709,0.1727618813514709
IYMRSYN,-3.385719060897827,1.070290207862854,0.5714285714285714,0.2857142857142857,0.2094161361455917,0.0594161361455917
YSRSYNN,0.03378346934914589,1.3090262413024902,0.4285714285714285,0.1428571428571428,0.6128465533256531,0.4128465533256531
YYSRPVN,-0.4586278796195984,-0.6149582266807556,0.5714285714285714,0.1428571428571428,0.4921016991138458,0.3421016991138458
YYSRKQN,-2.3383774757385254,0.6875512003898621,0.5714285714285714,0.2857142857142857,0.3329807221889496,0.1829807221889496
YYRRFNN,-3.40436053276062,0.09215053170919418,0.4285714285714285,0.0,0.2072168141603469,0.007216814160347
SYSRFNQ,-1.4115592241287231,1.1594499349594116,0.7142857142857143,0.2857142857142857,0.4423260986804962,0.3423260986804962
PFSRLGN,-0.07869306951761246,-0.4270685911178589,0.7142857142857143,0.2857142857142857,0.5114104747772217,0.4114104747772217
YYSRSNA,1.1160309314727783,0.35125505924224854,0.5714285714285714,0.1428571428571428,0.5913962721824646,0.4413962721824646
HYTMSNN,0.3269287943840027,-1.7162950038909912,0.5714285714285714,0.2857142857142857,0.3789209425449371,0.2289209425449371
MSHRQTV,1.1804474592208862,-1.5904641151428223,0.5714285714285714,0.4285714285714285,0.3918521702289581,0.2418521702289581
TYHRSNN,0.7106674909591675,1.6119908094406128,0.4285714285714285,0.1428571428571428,0.6927048563957214,0.4927048563957215
SISSENP,-0.6711831092834473,-4.306084632873535,0.5714285714285714,0.5714285714285714,0.112776793539524,0.0
YYRLGNM,-2.725494861602783,0.5256584286689758,0.4285714285714285,0.2857142857142857,0.2873089015483856,0.0873089015483856
PSWSIEN,-2.528292655944824,-1.7126940488815308,0.7142857142857143,0.4285714285714285,0.3105746805667877,0.2105746805667877
TYARYEN,-1.8331111669540405,-0.007586374878883362,0.7142857142857143,0.2857142857142857,0.3925916850566864,0.2925916850566864
EYHKDDT,0.722663164138794,-1.5799918174743652,0.5714285714285714,0.4285714285714285,0.3929283916950226,0.2429283916950226
ESHLSHN,-0.2747492790222168,-4.397889614105225,0.5714285714285714,0.2857142857142857,0.1033422946929931,0.0
QYHSKAN,1.7015718221664429,-1.6107186079025269,0.7142857142857143,0.2857142857142857,0.3897706866264343,0.2897706866264343
YYMLGDM,-3.791560173034668,-0.16813933849334717,0.4285714285714285,0.5714285714285714,0.1615352928638458,0.0
SYSRAYN,-0.5235174298286438,0.9282380938529968,0.5714285714285714,0.1428571428571428,0.5470966100692749,0.3970966100692749
QYRRDGQ,-0.060681384056806564,-1.63297700881958,0.5714285714285714,0.2857142857142857,0.3874832689762115,0.2374832689762115
QYTRSNN,0.810586154460907,2.711632490158081,0.4285714285714285,0.1428571428571428,0.7044931650161743,0.5044931650161744
YYSLGNN,-1.1225532293319702,-0.42978763580322266,0.4285714285714285,0.2857142857142857,0.4764227867126465,0.2764227867126465
YYRQANN,0.18137794733047485,-0.09603632986545563,0.4285714285714285,0.2857142857142857,0.5454295873641968,0.3454295873641968
SYSLLNN,-0.5327333211898804,-1.1554925441741943,0.5714285714285714,0.2857142857142857,0.4365527927875519,0.2865527927875518
IARMTHE,1.1521317958831787,-3.9795384407043457,0.7142857142857143,0.5714285714285714,0.1463348716497421,0.0463348716497421
SYPSANN,0.48004376888275146,-2.654247999191284,0.7142857142857143,0.2857142857142857,0.2825306057929992,0.1825306057929993
SYSRQEN,0.05326321721076965,1.4577423334121704,0.7142857142857143,0.1428571428571428,0.6151447892189026,0.5151447892189026
VYSRSGN,1.9117947816848755,1.9823672771453857,0.4285714285714285,0.0,0.7590202689170837,0.5590202689170838
YYRRFAD,-2.0237855911254883,0.16549739241600037,0.5714285714285714,0.2857142857142857,0.3700960576534271,0.2200960576534271
YYTRSNE,0.41947147250175476,-0.11612318456172943,0.4285714285714285,0.2857142857142857,0.5433653593063354,0.3433653593063355
QYHRDDN,0.7949203848838806,-1.6059911251068115,0.7142857142857143,0.1428571428571428,0.3902565240859985,0.2902565240859985
YYERSPN,0.17281284928321838,-0.6204631328582764,0.4285714285714285,0.2857142857142857,0.491536021232605,0.291536021232605
YYRSSTP,-0.17050614953041077,-0.13977576792240143,0.4285714285714285,0.2857142857142857,0.5409346222877502,0.3409346222877503
ISSKFSA,1.7659761905670166,-4.196352481842041,0.5714285714285714,0.5714285714285714,0.1240536049008369,0.0
SYRSANQ,1.0777919292449951,-1.4015913009643555,0.7142857142857143,0.2857142857142857,0.4112620055675506,0.3112620055675507
YYWLSAP,-3.9005961418151855,0.7513871788978577,0.5714285714285714,0.4285714285714285,0.1486712992191314,0.0
VYSRQNN,0.8949811458587646,2.1973581314086914,0.5714285714285714,0.1428571428571428,0.7144500613212585,0.5644500613212585
QYRRKTH,-4.0853471755981445,1.398468017578125,0.7142857142857143,0.2857142857142857,0.1268745064735412,0.0268745064735412
IYHSSNG,0.6340767741203308,-2.5138044357299805,0.5714285714285714,0.1428571428571428,0.2969635426998138,0.1469635426998138
QYRRANN,-2.5709993839263916,-0.20348815619945526,0.5714285714285714,0.1428571428571428,0.3055361807346344,0.1555361807346344
TYTRGEN,0.3079833984375,1.4076051712036133,0.5714285714285714,0.2857142857142857,0.6451964974403381,0.4951964974403381
QNHMSNN,0.25469011068344116,-4.211111545562744,0.5714285714285714,0.2857142857142857,0.1225368678569793,0.0
TYNRLNH,0.15951213240623474,-0.930950939655304,0.7142857142857143,0.2857142857142857,0.459628164768219,0.359628164768219
YYASLIV,-3.101261615753174,-1.3129920959472656,0.7142857142857143,0.4285714285714285,0.2429762184619903,0.1429762184619903
YYRRQNN,-3.5211076736450195,1.1369619369506836,0.4285714285714285,0.1428571428571428,0.1934430748224258,0.0
MYRLLSN,-2.0806663036346436,-0.5629416704177856,0.4285714285714285,0.2857142857142857,0.3633853197097778,0.1633853197097778
MQPRSNN,1.4702435731887817,-3.364372730255127,0.5714285714285714,0.2857142857142857,0.2095534205436706,0.0595534205436706
VSRRLGL,-2.2291557788848877,-1.2368601560592651,0.7142857142857143,0.4285714285714285,0.3458666205406189,0.2458666205406189
YYRSLGN,-0.5750646591186523,0.3011244237422943,0.4285714285714285,0.1428571428571428,0.541015088558197,0.341015088558197
YYSASNN,-0.5382521748542786,-2.5192344188690186,0.4285714285714285,0.1428571428571428,0.2964054942131042,0.0964054942131042
FKSMSQN,2.514481782913208,-2.7808947563171387,0.7142857142857143,0.4285714285714285,0.2695155441761017,0.1695155441761017
VTHHGNN,0.5893737077713013,-3.170023202896118,0.7142857142857143,0.2857142857142857,0.229526087641716,0.129526087641716
VHSRSEI,1.5502921342849731,-0.005522130057215691,0.5714285714285714,0.2857142857142857,0.5547314286231995,0.4047314286231994
SSSRLNN,0.5959168672561646,-3.8823914527893066,0.5714285714285714,0.1428571428571428,0.1563183516263961,0.0063183516263961
TYSHGPE,0.0053160060197114944,-1.1033604145050049,0.7142857142857143,0.2857142857142857,0.4419102072715759,0.3419102072715759
VSRYPAN,1.63479745388031,-2.7148773670196533,0.5714285714285714,0.4285714285714285,0.2762999236583709,0.1262999236583709
VYRRKIN,-3.7880749702453613,1.1785085201263428,0.5714285714285714,0.2857142857142857,0.1619464755058288,0.0119464755058288
VSHRSEQ,0.6618943214416504,-2.123898506164551,0.5714285714285714,0.2857142857142857,0.3370328843593597,0.1870328843593597
VYQSLNN,-0.30974081158638,-2.5256237983703613,0.7142857142857143,0.2857142857142857,0.2957488894462585,0.1957488894462585
YYSRAET,-0.270358681678772,0.046969935297966,0.7142857142857143,0.2857142857142857,0.5601258873939514,0.4601258873939514
YYSSANE,-1.0584754943847656,-2.646311044692993,0.7142857142857143,0.2857142857142857,0.2833462655544281,0.1833462655544281
VYHRSNN,0.5539344549179077,1.7630423307418823,0.4285714285714285,0.1428571428571428,0.6742136478424072,0.4742136478424072
MYHRSNN,0.722406268119812,1.457527995109558,0.5714285714285714,0.1428571428571428,0.6940898299217224,0.5440898299217224
GYSRSNP,1.6293392181396484,0.9687023162841797,0.4285714285714285,0.2857142857142857,0.6548492908477783,0.4548492908477783
QSSRQNA,1.445038914680481,-4.171417236328125,0.7142857142857143,0.2857142857142857,0.1266161203384399,0.0266161203384399
YYSSLPN,-1.5898643732070923,-1.1264058351516724,0.4285714285714285,0.2857142857142857,0.4212897717952728,0.2212897717952728
YSHRSNM,0.5552464723587036,0.4300781488418579,0.5714285714285714,0.2857142857142857,0.5994966626167297,0.4494966626167297
IYRRSSN,-3.0161383152008057,0.9015800952911377,0.4285714285714285,0.1428571428571428,0.2530190050601959,0.0530190050601959
VYSRSAN,1.6571578979492188,2.6213510036468506,0.4285714285714285,0.1428571428571428,0.8043711185455322,0.6043711185455323
FSHHSSN,0.4654262363910675,-2.524091958999634,0.5714285714285714,0.4285714285714285,0.2959063053131103,0.1459063053131103
VYSRSSV,1.1475907564163208,2.7137701511383057,0.4285714285714285,0.2857142857142857,0.7442527413368225,0.5442527413368226
PYRRGGD,0.9943859577178955,-1.7735657691955566,0.5714285714285714,0.2857142857142857,0.3730354309082031,0.2230354309082031
IYIVATK,-1.980654001235962,-2.8403234481811523,0.5714285714285714,0.4285714285714285,0.2634082436561584,0.1134082436561584
FYSWASD,-3.339731454849243,-0.5992002487182617,0.7142857142857143,0.4285714285714285,0.2148417085409164,0.1148417085409164
YSRSSNN,2.7260994911193848,1.5295071601867676,0.2857142857142857,0.1428571428571428,0.7124813795089722,0.4624813795089721
YYSKLNE,0.8138146996498108,-1.3295114040374756,0.5714285714285714,0.4285714285714285,0.4186694622039795,0.2686694622039794
YYHRSNN,-0.9529139399528503,1.031571388244629,0.4285714285714285,0.0,0.49643674492836,0.29643674492836
VYSTSSL,-0.38007017970085144,-2.8852596282958984,0.5714285714285714,0.4285714285714285,0.2587903141975403,0.1087903141975402
YSMHGEN,0.28278857469558716,-2.4845640659332275,0.4285714285714285,0.4285714285714285,0.2999684810638428,0.0999684810638427
WYARNNN,-1.2054758071899414,-0.4255044162273407,0.7142857142857143,0.2857142857142857,0.4666396677494049,0.3666396677494049
PFSRQFN,-1.6399245262145996,0.20323990285396576,0.7142857142857143,0.2857142857142857,0.4153836965560913,0.3153836965560913
KYSRVPN,-2.9684441089630127,0.07435449212789536,0.7142857142857143,0.2857142857142857,0.2586459219455719,0.1586459219455719
MYTRVNN,0.6390608549118042,-0.2505350410938263,0.5714285714285714,0.2857142857142857,0.5295522809028625,0.3795522809028625
YYRRAGG,-2.9717328548431396,0.20571313798427582,0.5714285714285714,0.2857142857142857,0.2582579255104065,0.1082579255104065
ISHRIQP,1.4033055305480957,-2.0087666511535645,0.5714285714285714,0.4285714285714285,0.3488646149635315,0.1988646149635315
IMSMSAI,-1.4692047834396362,-3.6057403087615967,0.4285714285714285,0.4285714285714285,0.1847488731145858,0.0
GYTRAIN,0.5020390748977661,-1.5458272695541382,0.5714285714285714,0.1428571428571428,0.3964393436908722,0.2464393436908722
YYSRKEQ,0.8088321685791016,0.06552626937627792,0.7142857142857143,0.2857142857142857,0.5620328783988953,0.4620328783988953
ISSLRSN,2.0377883911132812,-4.068592548370361,0.5714285714285714,0.4285714285714285,0.1371830701828003,0.0
QYRRGPN,-2.536005735397339,-0.3869723379611969,0.4285714285714285,0.1428571428571428,0.3096646964550018,0.1096646964550018
YYVRSSN,-0.6662364602088928,1.7071932554244995,0.5714285714285714,0.1428571428571428,0.5302587151527405,0.3802587151527404
QSTRSAN,1.4825668334960938,-2.570564031600952,0.5714285714285714,0.1428571428571428,0.2911305427551269,0.1411305427551269
IYSRSDN,0.6329233050346375,2.469564437866211,0.4285714285714285,0.1428571428571428,0.6835326552391052,0.4835326552391052
HSSVAFN,-0.5713323354721069,-2.740112066268921,0.5714285714285714,0.4285714285714285,0.2737066447734833,0.1237066447734832
QSSSAGN,-0.29224860668182373,-4.11229944229126,0.5714285714285714,0.2857142857142857,0.1326914578676223,0.0
YYSSGNN,-0.3301048278808594,-1.910903811454773,0.4285714285714285,0.2857142857142857,0.358921617269516,0.158921617269516
IYHRNSN,0.23322398960590363,0.8025062680244446,0.5714285714285714,0.1428571428571428,0.6363764405250549,0.4863764405250549
VYSRLNN,0.12343446910381317,4.327286720275879,0.5714285714285714,0.1428571428571428,0.6234235167503357,0.4734235167503356
TSHRSNN,0.963600218296051,-1.7188438177108765,0.5714285714285714,0.2857142857142857,0.3786590099334717,0.2286590099334716
YYSRSNN,0.5108199119567871,0.6452360153198242,0.4285714285714285,0.0,0.6216077208518982,0.4216077208518982
YQSRSAN,1.9339070320129395,-1.3967838287353516,0.5714285714285714,0.2857142857142857,0.4117560684680938,0.2617560684680938
KSIRGNN,-2.9156649112701416,-0.4036884009838104,0.5714285714285714,0.2857142857142857,0.2648727893829345,0.1148727893829345
YYSSSST,-0.8686813116073608,-2.956651449203491,0.5714285714285714,0.2857142857142857,0.2514536082744598,0.1014536082744598
QSRRANN,-3.1864237785339355,-0.5757279992103577,0.4285714285714285,0.2857142857142857,0.232928842306137,0.0329288423061371
IYSRAQN,0.7630931735038757,3.123230218887329,0.5714285714285714,0.1428571428571428,0.698889970779419,0.5488899707794189
YYSSINE,-1.6883248090744019,-1.3802434206008911,0.7142857142857143,0.4285714285714285,0.4096734523773193,0.3096734523773193
QYRRANN,-2.5709993839263916,-0.20348815619945526,0.5714285714285714,0.1428571428571428,0.3055361807346344,0.1555361807346344
YYREAQN,-0.5787954926490784,0.04889344051480293,0.4285714285714285,0.2857142857142857,0.5405749678611755,0.3405749678611756
YYHRSSP,-1.6086064577102661,0.8111521005630493,0.4285714285714285,0.1428571428571428,0.4190786182880401,0.2190786182880401
TYHKAVN,1.9375823736190796,1.1056349277496338,0.4285714285714285,0.2857142857142857,0.6689214110374451,0.4689214110374451
NSMSGNN,-0.0630752444267273,-4.115317344665527,0.5714285714285714,0.2857142857142857,0.1323813199996948,0.0
YYHRGNN,-0.6420488953590393,1.3694806098937988,0.5714285714285714,0.0,0.5331123471260071,0.383112347126007
SYAHSND,0.08503906428813934,-0.3242265284061432,0.7142857142857143,0.2857142857142857,0.5219792723655701,0.4219792723655701
YYHKSEQ,-0.11542025208473206,0.7773495316505432,0.4285714285714285,0.1428571428571428,0.5952436327934265,0.3952436327934265
DFSHQWN,-2.0154659748077393,1.2515751123428345,0.7142857142857143,0.5714285714285714,0.3710775971412658,0.2710775971412659
VYSRSNN,0.8320099115371704,2.92356014251709,0.4285714285714285,0.1428571428571428,0.7070207595825195,0.5070207595825196
IYTRSAD,1.344122290611267,0.35996511578559875,0.4285714285714285,0.2857142857142857,0.5922914147377014,0.3922914147377014
YSARSNN,2.725008010864258,-0.7955290079116821,0.4285714285714285,0.1428571428571428,0.4735450446605682,0.2735450446605683
TSTRAQN,1.566011667251587,-3.5704307556152344,0.5714285714285714,0.2857142857142857,0.1883775144815445,0.0383775144815445
YLHGSWQ,-2.793567419052124,0.4735046327114105,0.7142857142857143,0.4285714285714285,0.2792777419090271,0.1792777419090271
QYHSSPD,0.3062920868396759,-2.7259445190429688,0.5714285714285714,0.2857142857142857,0.2751625776290893,0.1251625776290893
QSVRNEN,0.9121879935264587,-3.6108791828155518,0.5714285714285714,0.4285714285714285,0.1842207759618759,0.0342207759618759
MSHRAAN,1.7528355121612549,-2.174403429031372,0.5714285714285714,0.2857142857142857,0.3318426609039306,0.1818426609039306
YYSRGNM,-0.20129625499248505,0.016913440078496933,0.7142857142857143,0.1428571428571428,0.5570370554924011,0.4570370554924011
YYHLSSN,-2.3392765522003174,-0.3862385153770447,0.4285714285714285,0.1428571428571428,0.3328746557235718,0.1328746557235718
VSSGDQN,-0.7335129976272583,-3.684749126434326,0.5714285714285714,0.2857142857142857,0.1766293942928314,0.0266293942928314
YYSRSNN,0.5108199119567871,0.6452360153198242,0.4285714285714285,0.0,0.6216077208518982,0.4216077208518982
IHTRDNN,1.0554957389831543,-2.892591953277588,0.5714285714285714,0.2857142857142857,0.2580367922782898,0.1080367922782898
YSRRAAH,-3.433847427368164,0.9325491189956665,0.4285714285714285,0.2857142857142857,0.2037379741668701,0.0037379741668701
YYHQISN,-1.7144747972488403,-0.4960694909095764,0.5714285714285714,0.2857142857142857,0.4065883457660675,0.2565883457660675
HSVRGSM,0.6845071315765381,-3.004199743270874,0.5714285714285714,0.4285714285714285,0.2465672194957733,0.0965672194957733
VYHRQNN,0.4745669960975647,0.9026824831962585,0.5714285714285714,0.1428571428571428,0.6480646133422852,0.4980646133422851
YYHSANP,-0.8038780093193054,-0.7066635489463806,0.7142857142857143,0.2857142857142857,0.4826774299144745,0.3826774299144745
QYHISNN,0.3849051594734192,-1.9364701509475708,0.5714285714285714,0.1428571428571428,0.3562942743301391,0.2062942743301391
MYRVQNE,0.4620305597782135,-2.3252406120300293,0.7142857142857143,0.4285714285714285,0.3163416087627411,0.2163416087627411
SSSRSAD,0.5460333228111267,-3.866798162460327,0.5714285714285714,0.2857142857142857,0.1579208225011825,0.0079208225011825
IYHRSED,0.6032196283340454,0.5412296652793884,0.5714285714285714,0.2857142857142857,0.6109193563461304,0.4609193563461303
DYMHSMN,-0.8843479156494141,-1.683127522468567,0.7142857142857143,0.4285714285714285,0.3823294639587402,0.2823294639587402
YYSRQNN,-0.37457531690597534,-0.6004014611244202,0.5714285714285714,0.0,0.4935976564884186,0.3435976564884185
QYRRSNN,-3.216153383255005,0.40572839975357056,0.4285714285714285,0.1428571428571428,0.2294213622808456,0.0294213622808456
YYHSDAD,-2.0609145164489746,-0.743171751499176,0.7142857142857143,0.2857142857142857,0.3657156229019165,0.2657156229019165
YSSHLEN,0.2460417002439499,-3.3661506175994873,0.5714285714285714,0.2857142857142857,0.2093707174062729,0.0593707174062728
MYSTPSD,-0.37062889337539673,-3.682955265045166,0.7142857142857143,0.2857142857142857,0.1768137514591217,0.0768137514591217
TYRVGPY,-1.1066175699234009,-0.8580508828163147,0.5714285714285714,0.4285714285714285,0.4671198725700378,0.3171198725700378
WYHRKHN,-3.2946574687957764,1.3410395383834839,0.7142857142857143,0.1428571428571428,0.2201595157384872,0.1201595157384872
WFSSGDN,-1.8226450681686401,-1.5274194478988647,0.5714285714285714,0.5714285714285714,0.3938264548778534,0.2438264548778534
YHRRLSV,-3.363947868347168,0.8466978669166565,0.5714285714285714,0.4285714285714285,0.2119846791028976,0.0619846791028976
YYSSSNN,-0.33647429943084717,-2.2903926372528076,0.4285714285714285,0.1428571428571428,0.3199228346347809,0.1199228346347809
YVSRLDG,1.3239116668701172,-1.9905387163162231,0.7142857142857143,0.2857142857142857,0.3507378399372101,0.2507378399372101
QYAVSYN,-2.098989248275757,-0.5894163846969604,0.7142857142857143,0.2857142857142857,0.3612235784530639,0.261223578453064
YYSRSNE,0.6123443245887756,-0.02924402244389057,0.5714285714285714,0.1428571428571428,0.5522936582565308,0.4022936582565307
YYRVSYQ,-2.6501457691192627,0.13570019602775574,0.5714285714285714,0.2857142857142857,0.2961985468864441,0.1461985468864441
KYRHLEP,-1.9540354013442993,-0.3585241436958313,0.7142857142857143,0.4285714285714285,0.3783251345157623,0.2783251345157623
YYRRTNM,-3.5866665840148926,0.2928086817264557,0.5714285714285714,0.2857142857142857,0.1857084780931472,0.0357084780931472
QSSRPGN,1.3177027702331543,-3.1935431957244873,0.5714285714285714,0.2857142857142857,0.2271090149879455,0.0771090149879455
TYERSND,0.2272021621465683,-1.9922846555709839,0.5714285714285714,0.2857142857142857,0.3505584001541137,0.2005584001541137
WSAHAES,-0.4245532751083374,-2.993340253829956,0.7142857142857143,0.5714285714285714,0.2476832121610641,0.1476832121610641
IYTRLNP,-0.4889015257358551,0.42767196893692017,0.4285714285714285,0.2857142857142857,0.5511805415153503,0.3511805415153504
MYRRRSN,-3.8109357357025146,0.6901358366012573,0.5714285714285714,0.2857142857142857,0.1592493653297424,0.0092493653297424
SYSRMNI,0.005651324056088924,1.6214745044708252,0.5714285714285714,0.2857142857142857,0.609527587890625,0.459527587890625
IYARGGN,1.6040409803390503,-0.15551090240478516,0.5714285714285714,0.2857142857142857,0.5393176078796387,0.3893176078796386
IVSRSNN,2.064453601837158,-2.413991689682007,0.5714285714285714,0.1428571428571428,0.3072209656238556,0.1572209656238556
YYRRSPM,-3.9467930793762207,0.21766656637191772,0.5714285714285714,0.2857142857142857,0.1432210206985473,0.0
YYRRSNN,-3.154005289077759,0.9878677725791931,0.2857142857142857,0.0,0.2367535531520843,0.0
QYSRANL,0.774634838104248,0.9408543109893799,0.7142857142857143,0.1428571428571428,0.6519874334335327,0.5519874334335327
YYHRDAM,-1.176042079925537,-0.06591686606407166,0.7142857142857143,0.1428571428571428,0.4701122343540191,0.3701122343540192
FVSRSNN,1.7142901420593262,-2.285447597503662,0.5714285714285714,0.1428571428571428,0.3204310238361358,0.1704310238361358
YYSSGNN,-0.3301048278808594,-1.910903811454773,0.4285714285714285,0.2857142857142857,0.358921617269516,0.158921617269516
YSHHSVV,0.2888873815536499,-1.3802273273468018,0.5714285714285714,0.2857142857142857,0.4134574830532074,0.2634574830532074
YYSRQSI,-0.6416254043579102,-0.12999330461025238,0.5714285714285714,0.1428571428571428,0.5331622958183289,0.3831622958183288
YYAMSNN,-1.3008754253387451,-0.5765824913978577,0.4285714285714285,0.1428571428571428,0.4553844630718231,0.2553844630718231
SYRSSNG,2.6228907108306885,-1.2876884937286377,0.5714285714285714,0.2857142857142857,0.4229674041271209,0.2729674041271209
YYTRSHN,-0.9053769111633301,-0.03456759825348854,0.4285714285714285,0.1428571428571428,0.5020450949668884,0.3020450949668884
TYYRGAN,0.03266887739300728,0.43259894847869873,0.5714285714285714,0.2857142857142857,0.5997557044029236,0.4497557044029235
YSRRSNG,-1.3877575397491455,0.7242874503135681,0.4285714285714285,0.1428571428571428,0.4451341927051544,0.2451341927051544
YLSRGLN,0.40067726373672485,-0.1689649075269699,0.5714285714285714,0.2857142857142857,0.5379349589347839,0.3879349589347839
ISHRANN,1.9022670984268188,-2.723496913909912,0.5714285714285714,0.2857142857142857,0.2754141390323639,0.1254141390323639
LYIRGNN,-0.21910351514816284,-0.23266753554344177,0.4285714285714285,0.2857142857142857,0.5313884615898132,0.3313884615898133
YSHSANP,1.7408571243286133,-1.335310459136963,0.5714285714285714,0.2857142857142857,0.4180734753608703,0.2680734753608703
GSRRSNH,-3.8342082500457764,0.21548599004745483,0.5714285714285714,0.2857142857142857,0.1565036922693252,0.0065036922693252
YYSRGST,0.46466386318206787,-0.8597652912139893,0.7142857142857143,0.1428571428571428,0.4669436514377594,0.3669436514377594
QYTMPNN,0.064490407705307,-2.802678346633911,0.7142857142857143,0.2857142857142857,0.2672769129276275,0.1672769129276275
YYRSSPI,-1.2058568000793457,0.04179791361093521,0.4285714285714285,0.2857142857142857,0.4665946960449219,0.2665946960449219
YYTRQMT,-1.7128599882125854,-0.31456607580184937,0.4285714285714285,0.4285714285714285,0.4067788124084472,0.2067788124084472
FSRVSNN,2.668879270553589,-0.9217431545257568,0.4285714285714285,0.1428571428571428,0.4605744481086731,0.2605744481086731
YYRRSSE,-0.6466277837753296,0.7597714066505432,0.5714285714285714,0.1428571428571428,0.5325721502304077,0.3825721502304077
QWRSHSN,-1.693051815032959,0.3540891706943512,0.5714285714285714,0.2857142857142857,0.4091157913208008,0.2591157913208007
HYSSSPN,0.44846439361572266,-2.546246290206909,0.4285714285714285,0.2857142857142857,0.2936295866966247,0.0936295866966247
QYSRQNT,0.8920267224311829,1.0595054626464844,0.7142857142857143,0.2857142857142857,0.6641808152198792,0.5641808152198792
YYRSTTN,0.10963895171880722,0.10741512477397919,0.2857142857142857,0.2857142857142857,0.5663376450538635,0.3163376450538635
YISRSHN,-0.14179390668869019,-1.40272057056427,0.5714285714285714,0.1428571428571428,0.4111459851264953,0.2611459851264953
QYRSSPN,1.503472924232483,-1.2351117134094238,0.4285714285714285,0.2857142857142857,0.4283705651760101,0.2283705651760101
MSSRSTN,2.212454319000244,-3.430774211883545,0.5714285714285714,0.2857142857142857,0.2027295678853988,0.0527295678853988
QYGRSMN,0.6389134526252747,-1.456630825996399,0.5714285714285714,0.2857142857142857,0.4056057929992676,0.2556057929992675
YYSRMDD,-1.3647328615188599,-0.85400390625,0.5714285714285714,0.2857142857142857,0.4478506445884704,0.2978506445884704
PSRRSPN,-2.2175402641296387,-0.336747407913208,0.4285714285714285,0.2857142857142857,0.3472370207309723,0.1472370207309723
FYHRSPN,-1.2804605960845947,1.167614459991455,0.5714285714285714,0.1428571428571428,0.4577929973602295,0.3077929973602294
QYRHPSM,-0.9720110893249512,-0.5621957778930664,0.7142857142857143,0.4285714285714285,0.4941836595535278,0.3941836595535278
YYHRPFN,-1.177444338798523,0.6714651584625244,0.7142857142857143,0.2857142857142857,0.4699467718601227,0.3699467718601227
YYRRVSA,-3.2418041229248047,0.2468390166759491,0.7142857142857143,0.2857142857142857,0.2263951152563095,0.1263951152563095
NYRRSDN,-0.4517264664173126,-1.182851791381836,0.5714285714285714,0.2857142857142857,0.4337411522865295,0.2837411522865295
VYRLSPN,0.2544909417629242,-0.01940527744591236,0.4285714285714285,0.2857142857142857,0.5533047318458557,0.3533047318458557
QYSRSNN,1.1347072124481201,2.8329105377197266,0.5714285714285714,0.0,0.7427327632904053,0.5927327632904053
TYSSANN,0.7193745374679565,-3.423802614212036,0.7142857142857143,0.2857142857142857,0.203446015715599,0.103446015715599
QKYRVTT,-3.19205641746521,-0.6764513254165649,0.7142857142857143,0.4285714285714285,0.2322643101215362,0.1322643101215362
ISSTGNN,0.14942681789398193,-4.231235980987549,0.4285714285714285,0.1428571428571428,0.1204687431454658,0.0
VSVHSTE,-0.0360717847943306,-4.687747478485107,0.7142857142857143,0.4285714285714285,0.0735545605421066,0.0
SYHRSPN,1.009524941444397,1.9068986177444458,0.5714285714285714,0.0,0.7279638051986694,0.5779638051986694
VYTRANN,1.4377975463867188,2.749725580215454,0.4285714285714285,0.0,0.7784911394119263,0.5784911394119263
VYTRANN,1.4377975463867188,2.749725580215454,0.4285714285714285,0.0,0.7784911394119263,0.5784911394119263
VYTRANN,1.4377975463867188,2.749725580215454,0.4285714285714285,0.0,0.7784911394119263,0.5784911394119263
VYTRANN,1.4377975463867188,2.749725580215454,0.4285714285714285,0.0,0.7784911394119263,0.5784911394119263
VYTRANN,1.4377975463867188,2.749725580215454,0.4285714285714285,0.0,0.7784911394119263,0.5784911394119263
VYTRANN,1.4377975463867188,2.749725580215454,0.4285714285714285,0.0,0.7784911394119263,0.5784911394119263
VYTRANN,1.4377975463867188,2.749725580215454,0.4285714285714285,0.0,0.7784911394119263,0.5784911394119263
IYSRSSN,1.440469741821289,1.947092890739441,0.4285714285714285,0.0,0.7553952932357788,0.5553952932357789
IYSRSSN,1.440469741821289,1.947092890739441,0.4285714285714285,0.0,0.7553952932357788,0.5553952932357789
IYSRSSN,1.440469741821289,1.947092890739441,0.4285714285714285,0.0,0.7553952932357788,0.5553952932357789
SYSRQNN,0.5985351204872131,1.6466094255447388,0.7142857142857143,0.0,0.6794755458831787,0.5794755458831787
QYSRASN,1.5777723789215088,0.991180956363678,0.7142857142857143,0.0,0.6571593284606934,0.5571593284606934
SYSRGNT,1.6583127975463867,0.9983107447624207,0.7142857142857143,0.0,0.6578920483589172,0.5578920483589173
SYSRGNT,1.6583127975463867,0.9983107447624207,0.7142857142857143,0.0,0.6578920483589172,0.5578920483589173
VYTRASN,1.4594546556472778,1.9316715002059937,0.4285714285714285,0.0,0.753810465335846,0.553810465335846
YSRVLGN,1.4600673913955688,2.137068271636963,0.4285714285714285,0.0,0.7749184370040894,0.5749184370040894
YSRVLGN,1.4600673913955688,2.137068271636963,0.4285714285714285,0.0,0.7749184370040894,0.5749184370040894
VYSRGNN,1.0391335487365723,1.753395676612854,0.5714285714285714,0.0,0.7314570546150208,0.5814570546150207
YSRLGQD,2.593733549118042,2.350282669067383,0.2857142857142857,0.0,0.7968297600746155,0.5468297600746155
YSRLGQD,2.593733549118042,2.350282669067383,0.2857142857142857,0.0,0.7968297600746155,0.5468297600746155
YSRLGQD,2.593733549118042,2.350282669067383,0.2857142857142857,0.0,0.7968297600746155,0.5468297600746155
QYSRKSE,0.6727361083030701,1.008021354675293,0.7142857142857143,0.0,0.6588899493217468,0.5588899493217468
QYSRSNA,1.9483537673950195,1.4585751295089722,0.5714285714285714,0.0,0.7051919102668762,0.5551919102668762
YSRSQSN,1.6020078659057617,1.911088228225708,0.4285714285714285,0.0,0.7516952157020569,0.5516952157020569
YSRSQSN,1.6020078659057617,1.911088228225708,0.4285714285714285,0.0,0.7516952157020569,0.5516952157020569
YSRSQNP,2.1303699016571045,1.4667940139770508,0.5714285714285714,0.0,0.7060365080833435,0.5560365080833435
QYHRGNT,0.8391679525375366,1.0219343900680542,0.7142857142857143,0.0,0.6603198051452637,0.5603198051452637
TYTRSTN,1.59111750125885,1.9248038530349731,0.4285714285714285,0.0,0.7531046867370605,0.5531046867370606
YSRSSPN,2.597914934158325,2.374415636062622,0.2857142857142857,0.0,0.7993098497390747,0.5493098497390747
YSRSSPN,2.597914934158325,2.374415636062622,0.2857142857142857,0.0,0.7993098497390747,0.5493098497390747
YSRSSPN,2.597914934158325,2.374415636062622,0.2857142857142857,0.0,0.7993098497390747,0.5493098497390747
YSRSSPN,2.597914934158325,2.374415636062622,0.2857142857142857,0.0,0.7993098497390747,0.5493098497390747
YSRVSEI,1.219038486480713,1.4820765256881714,0.5714285714285714,0.0,0.707607090473175,0.557607090473175
TYSRSNN,1.0697753429412842,2.0232675075531006,0.5714285714285714,0.0,0.7350721955299377,0.5850721955299377
TYSRSNN,1.0697753429412842,2.0232675075531006,0.5714285714285714,0.0,0.7350721955299377,0.5850721955299377
TYSRSNN,1.0697753429412842,2.0232675075531006,0.5714285714285714,0.0,0.7350721955299377,0.5850721955299377
TYSRSNN,1.0697753429412842,2.0232675075531006,0.5714285714285714,0.0,0.7350721955299377,0.5850721955299377
YLHRGNS,0.6472460627555847,1.0436344146728516,0.7142857142857143,0.0,0.6625497937202454,0.5625497937202454
YLHRGNS,0.6472460627555847,1.0436344146728516,0.7142857142857143,0.0,0.6625497937202454,0.5625497937202454
SYSRSNN,1.0727022886276245,2.1194589138031006,0.5714285714285714,0.0,0.7354174852371216,0.5854174852371216
SYSRSNN,1.0727022886276245,2.1194589138031006,0.5714285714285714,0.0,0.7354174852371216,0.5854174852371216
SYSRSNN,1.0727022886276245,2.1194589138031006,0.5714285714285714,0.0,0.7354174852371216,0.5854174852371216
SYSRSNN,1.0727022886276245,2.1194589138031006,0.5714285714285714,0.0,0.7354174852371216,0.5854174852371216
SYSRSNN,1.0727022886276245,2.1194589138031006,0.5714285714285714,0.0,0.7354174852371216,0.5854174852371216
SYSRSNN,1.0727022886276245,2.1194589138031006,0.5714285714285714,0.0,0.7354174852371216,0.5854174852371216
SYSRSNN,1.0727022886276245,2.1194589138031006,0.5714285714285714,0.0,0.7354174852371216,0.5854174852371216
SYSRSNN,1.0727022886276245,2.1194589138031006,0.5714285714285714,0.0,0.7354174852371216,0.5854174852371216
IYSRSAN,1.4985451698303223,2.275128126144409,0.4285714285714285,0.0,0.7856581211090088,0.5856581211090088
YSRSPLN,2.0026628971099854,1.9378924369812012,0.4285714285714285,0.0,0.7544497847557068,0.5544497847557068
QYSRGSN,1.5451799631118774,1.4965078830718994,0.5714285714285714,0.0,0.7090901732444763,0.5590901732444763
QYSRGSN,1.5451799631118774,1.4965078830718994,0.5714285714285714,0.0,0.7090901732444763,0.5590901732444763
PYSRLSN,0.6677212119102478,1.8893604278564453,0.7142857142857143,0.0,0.6876381039619446,0.5876381039619446
YSRSINN,2.091066837310791,1.9562560319900513,0.4285714285714285,0.0,0.7563369274139404,0.5563369274139405
YSRSINN,2.091066837310791,1.9562560319900513,0.4285714285714285,0.0,0.7563369274139404,0.5563369274139405
YSRSINN,2.091066837310791,1.9562560319900513,0.4285714285714285,0.0,0.7563369274139404,0.5563369274139405
QYSRNNP,1.5083811283111572,1.5115464925765991,0.5714285714285714,0.0,0.7106356024742126,0.5606356024742126
TYTRANI,1.2616287469863892,1.5152959823608398,0.5714285714285714,0.0,0.7110209465026855,0.5610209465026855
SYSRSSN,1.1422529220581055,1.515839695930481,0.5714285714285714,0.0,0.7110767960548401,0.5610767960548401
IYHRNGN,0.6884950399398804,1.073756217956543,0.7142857142857143,0.0,0.6656453013420105,0.5656453013420105
QYVRSAN,1.1845234632492065,1.532400131225586,0.5714285714285714,0.0,0.712778627872467,0.562778627872467
VYSRSGN,1.9117947816848755,1.9823672771453857,0.4285714285714285,0.0,0.7590202689170837,0.5590202689170838
QYSRSND,1.1993532180786133,1.5455397367477417,0.5714285714285714,0.0,0.7141289710998535,0.5641289710998535
QYSRSNN,1.1347072124481201,2.8329105377197266,0.5714285714285714,0.0,0.7427327632904053,0.5927327632904053
QYSRSNN,1.1347072124481201,2.8329105377197266,0.5714285714285714,0.0,0.7427327632904053,0.5927327632904053
QYSRSNN,1.1347072124481201,2.8329105377197266,0.5714285714285714,0.0,0.7427327632904053,0.5927327632904053
QYSRSNN,1.1347072124481201,2.8329105377197266,0.5714285714285714,0.0,0.7427327632904053,0.5927327632904053
QYSRSNN,1.1347072124481201,2.8329105377197266,0.5714285714285714,0.0,0.7427327632904053,0.5927327632904053
QYSRSNN,1.1347072124481201,2.8329105377197266,0.5714285714285714,0.0,0.7427327632904053,0.5927327632904053
YHRLGND,2.4056155681610107,2.9005753993988037,0.1428571428571428,0.0,0.8533815145492554,0.5533815145492553
YSRSLGN,1.5712090730667114,2.120896100997925,0.4285714285714285,0.0,0.7732564210891724,0.5732564210891724
IYTRGNN,1.5450838804244995,1.5752365589141846,0.5714285714285714,0.0,0.7171808481216431,0.567180848121643
SYSRANN,1.3540023565292358,1.132031798362732,0.7142857142857143,0.0,0.6716341376304626,0.5716341376304627
SYSRANN,1.3540023565292358,1.132031798362732,0.7142857142857143,0.0,0.6716341376304626,0.5716341376304627
VYSRNVN,1.1627570390701294,2.513132095336914,0.5714285714285714,0.0,0.7460420727729797,0.5960420727729797
VYSRPPN,1.3658779859542847,1.5837769508361816,0.5714285714285714,0.0,0.7180584669113159,0.5680584669113159
QYSRGSQ,1.0115461349487305,1.1389461755752563,0.7142857142857143,0.0,0.6723446846008301,0.5723446846008301
QYSRGSQ,1.0115461349487305,1.1389461755752563,0.7142857142857143,0.0,0.6723446846008301,0.5723446846008301
SYSRTNL,1.168756365776062,1.8445312976837158,0.5714285714285714,0.0,0.7448553442955017,0.5948553442955017
MYSRAEN,0.7473888993263245,1.2542983293533325,0.7142857142857143,0.0,0.6841990351676941,0.5841990351676941
YSRSSVQ,1.976434350013733,1.5923123359680176,0.5714285714285714,0.0,0.7189356088638306,0.5689356088638305
YSRVTND,2.491661310195923,2.0442099571228027,0.4285714285714285,0.0,0.7653756737709045,0.5653756737709046
QYSRGNN,1.375897765159607,1.606122374534607,0.5714285714285714,0.0,0.7203548550605774,0.5703548550605774
MYHRANN,0.9758740067481995,1.1677207946777344,0.7142857142857143,0.0,0.675301730632782,0.575301730632782
SYHRANT,0.7835583090782166,1.3586664199829102,0.7142857142857143,0.0,0.6949245929718018,0.5949245929718018
YSRSSNQ,2.235509157180786,2.0813941955566406,0.4285714285714285,0.0,0.7691969871520996,0.5691969871520997
YSRSSNQ,2.235509157180786,2.0813941955566406,0.4285714285714285,0.0,0.7691969871520996,0.5691969871520997
YSRSPGE,1.8658947944641113,1.645357608795166,0.5714285714285714,0.0,0.7243869304656982,0.5743869304656982
QYSRSSN,1.2236515283584595,2.193639039993286,0.5714285714285714,0.0,0.7532263398170471,0.6032263398170471
QYSRSAN,1.5230978727340698,1.6478313207626343,0.5714285714285714,0.0,0.7246411442756653,0.5746411442756653
YSRQLNN,2.7105958461761475,2.0964601039886475,0.4285714285714285,0.0,0.7707452178001404,0.5707452178001404
YSRQLNN,2.7105958461761475,2.0964601039886475,0.4285714285714285,0.0,0.7707452178001404,0.5707452178001404
QYHRANN,0.8508756756782532,1.2021807432174683,0.7142857142857143,0.0,0.678843080997467,0.5788430809974671
TYSRGTN,1.5971348285675049,1.7018580436706543,0.5714285714285714,0.0,0.7301933169364929,0.5801933169364929
YSRSANN,2.7788655757904053,2.5977861881256104,0.2857142857142857,0.0,0.8222649097442627,0.5722649097442627
QYSRSTN,1.287840723991394,2.425595283508301,0.5714285714285714,0.0,0.7607993483543396,0.6107993483543396
QYSRSTN,1.287840723991394,2.425595283508301,0.5714285714285714,0.0,0.7607993483543396,0.6107993483543396
VYSRGAN,1.7486071586608887,1.742592453956604,0.5714285714285714,0.0,0.7343794107437134,0.5843794107437134
YSRSGNN,2.8404319286346436,2.65136456489563,0.2857142857142857,0.0,0.8277709484100342,0.5777709484100342
YSRSGNN,2.8404319286346436,2.65136456489563,0.2857142857142857,0.0,0.8277709484100342,0.5777709484100342
YSRSQAN,1.7623904943466187,2.207921266555786,0.4285714285714285,0.0,0.7821997404098511,0.5821997404098511
YSRLGQN,2.523437738418579,2.67421555519104,0.2857142857142857,0.0,0.8301193118095398,0.5801193118095398
YSRLGQN,2.523437738418579,2.67421555519104,0.2857142857142857,0.0,0.8301193118095398,0.5801193118095398
QYSRLGE,0.927726686000824,1.921929121017456,0.7142857142857143,0.0,0.7183133363723755,0.6183133363723755
MYSRSNN,1.5054917335510254,1.7826772928237915,0.5714285714285714,0.0,0.7384988069534302,0.5884988069534302
MYSRSNN,1.5054917335510254,1.7826772928237915,0.5714285714285714,0.0,0.7384988069534302,0.5884988069534302
MYSRSNN,1.5054917335510254,1.7826772928237915,0.5714285714285714,0.0,0.7384988069534302,0.5884988069534302
MYSRSNN,1.5054917335510254,1.7826772928237915,0.5714285714285714,0.0,0.7384988069534302,0.5884988069534302
IYSRANN,1.362966537475586,2.3781821727752686,0.5714285714285714,0.0,0.769662618637085,0.6196626186370849
IYSRGNE,1.3740437030792236,2.2794430255889893,0.5714285714285714,0.0,0.7709694504737854,0.6209694504737854
MYSRANN,1.9002363681793213,1.3881070613861084,0.7142857142857143,0.0,0.6979501247406006,0.5979501247406006
MYSRANN,1.9002363681793213,1.3881070613861084,0.7142857142857143,0.0,0.6979501247406006,0.5979501247406006
MYSRANN,1.9002363681793213,1.3881070613861084,0.7142857142857143,0.0,0.6979501247406006,0.5979501247406006
MYSRANV,1.082700490951538,1.3977967500686646,0.7142857142857143,0.0,0.6989458799362183,0.5989458799362183
YSRSVNQ,1.5319690704345703,1.877048373222351,0.5714285714285714,0.0,0.7481970191001892,0.5981970191001892
YSRSSGN,2.498208522796631,2.3260834217071533,0.4285714285714285,0.0,0.7943428754806519,0.5943428754806519
YSRSSGN,2.498208522796631,2.3260834217071533,0.4285714285714285,0.0,0.7943428754806519,0.5943428754806519
YSRSSAN,2.5067453384399414,2.3360517024993896,0.4285714285714285,0.0,0.7953672409057617,0.5953672409057618
YSRGSPN,2.7337636947631836,3.429210901260376,0.1428571428571428,0.0,0.907707691192627,0.6077076911926269
YSRGSPN,2.7337636947631836,3.429210901260376,0.1428571428571428,0.0,0.907707691192627,0.6077076911926269
VYSRGSN,1.778441071510315,1.9026318788528442,0.5714285714285714,0.0,0.7508261203765869,0.6008261203765869
YSRVSNN,2.917630195617676,2.8026349544525146,0.2857142857142857,0.0,0.8433164954185486,0.5933164954185486
YSRSLNN,2.0125224590301514,2.3630013465881348,0.4285714285714285,0.0,0.798136830329895,0.5981368303298951
YSRSLNN,2.0125224590301514,2.3630013465881348,0.4285714285714285,0.0,0.798136830329895,0.5981368303298951
SYSRSNS,1.5453193187713623,1.919838786125183,0.5714285714285714,0.0,0.7525944709777832,0.6025944709777832
QYSRLNN,1.0643407106399536,3.376476526260376,0.7142857142857143,0.0,0.7344309687614441,0.6344309687614441
QYSRLNN,1.0643407106399536,3.376476526260376,0.7142857142857143,0.0,0.7344309687614441,0.6344309687614441
SYSRSNV,1.4889161586761475,2.320668935775757,0.5714285714285714,0.0,0.7845221161842346,0.6345221161842346
VYSRSAG,2.0348708629608154,2.4021005630493164,0.4285714285714285,0.0,0.8021548986434937,0.6021548986434937
YSRSGPN,2.7878224849700928,3.3061652183532715,0.1428571428571428,0.0,0.8950626850128174,0.5950626850128173
YSRSGSN,2.758145809173584,2.9118716716766357,0.2857142857142857,0.0,0.8545423746109009,0.6045423746109009
YSRSGSN,2.758145809173584,2.9118716716766357,0.2857142857142857,0.0,0.8545423746109009,0.6045423746109009
YSRSGSN,2.758145809173584,2.9118716716766357,0.2857142857142857,0.0,0.8545423746109009,0.6045423746109009
IYSRGNP,1.5843440294265747,2.221428632736206,0.5714285714285714,0.0,0.7835878133773804,0.6335878133773803
YSRLSNN,3.315321445465088,3.4239096641540527,0.1428571428571428,0.0,0.9071628451347352,0.6071628451347351
YSRLSNN,3.315321445465088,3.4239096641540527,0.1428571428571428,0.0,0.9071628451347352,0.6071628451347351
QYSRANN,1.5575484037399292,1.6717592477798462,0.7142857142857143,0.0,0.727100133895874,0.627100133895874
YSRLSQN,2.523674249649048,3.461937665939331,0.2857142857142857,0.0,0.9066020846366882,0.6566020846366882
YSRLSND,2.6747188568115234,3.145183563232422,0.2857142857142857,0.0,0.8785190582275391,0.6285190582275391
YSRLSPN,3.145138740539551,3.6200718879699707,0.2857142857142857,0.0,0.9273217916488647,0.6773217916488647
