seq,fitness_pred,htfr1_pred,ref_dist,div_prev,reward_signal,final_score
YSMYQDQ,-2.2818589210510254,-1.8989225625991821,0.5714285714285714,0.5714285714285714,0.3377264738082886,0.1877264738082885
PYHRSGN,0.4053947627544403,0.2596850097179413,0.5714285714285714,0.1428571428571428,0.5677634477615356,0.4177634477615356
YSRLSQN,2.523674249649048,3.461937665939331,0.2857142857142857,0.1428571428571428,0.909018874168396,0.659018874168396
QYGRFNA,-1.1066362857818604,-1.720241665840149,0.7142857142857143,0.2857142857142857,0.3567680120468139,0.256768012046814
WNHEGND,-0.8054158091545105,-3.6268606185913086,0.7142857142857143,0.5714285714285714,0.1535847783088684,0.0535847783088684
QHPNFNT,-0.21351692080497742,-2.9643259048461914,0.7142857142857143,0.4285714285714285,0.2241893112659454,0.1241893112659454
QPTNNSH,0.3884442448616028,-4.7934722900390625,0.7142857142857143,0.2857142857142857,0.029262114316225,0.0
YYHYSNN,-1.9357795715332031,-0.6379329562187195,0.4285714285714285,0.1428571428571428,0.3973455131053924,0.1973455131053924
KSSILTN,-0.4036831557750702,-3.636705160140991,0.5714285714285714,0.4285714285714285,0.1525356620550155,0.0025356620550155
YSWQSIN,-2.9298620223999023,0.9050180315971375,0.4285714285714285,0.2857142857142857,0.283257395029068,0.083257395029068
YYRRMEY,-2.430211067199707,-0.1314161866903305,0.7142857142857143,0.2857142857142857,0.3406009674072265,0.2406009674072265
VYFRGDD,-1.3189754486083984,0.7525296807289124,0.5714285714285714,0.4285714285714285,0.4681344330310821,0.3181344330310821
EYSHSNT,0.11489269882440567,-2.3308217525482178,0.5714285714285714,0.2857142857142857,0.2917001247406006,0.1417001247406006
YSSSKAN,2.7158753871917725,-3.6692471504211426,0.5714285714285714,0.2857142857142857,0.1490677595138549,0.0
YHARWNL,-2.429614543914795,0.6282320618629456,0.5714285714285714,0.2857142857142857,0.3406694233417511,0.1906694233417511
IYRITNN,0.35121363401412964,-0.5159738659858704,0.5714285714285714,0.1428571428571428,0.4851035475730896,0.3351035475730896
YSRTPND,1.7274199724197388,1.1779450178146362,0.4285714285714285,0.2857142857142857,0.665619969367981,0.465619969367981
VYHRVST,0.1392374038696289,1.3228068351745605,0.5714285714285714,0.4285714285714285,0.6354895830154419,0.4854895830154419
YYDPHNP,-1.0086456537246704,-1.8003054857254028,0.7142857142857143,0.4285714285714285,0.3482358455657959,0.2482358455657959
YHYRRSS,-4.045618534088135,1.000736117362976,0.7142857142857143,0.2857142857142857,0.1552050560712814,0.0552050560712814
TDRSGSN,1.0313204526901245,-3.5357344150543213,0.4285714285714285,0.2857142857142857,0.1632958501577377,0.0
YSNRCNR,-4.313046932220459,-0.27598127722740173,0.7142857142857143,0.2857142857142857,0.124513030052185,0.024513030052185
AHWNNIP,-1.764135479927063,0.020502299070358276,0.7142857142857143,0.5714285714285714,0.4170446395874023,0.3170446395874023
VHRQGNN,1.6305087804794312,-1.296194314956665,0.4285714285714285,0.1428571428571428,0.4019576013088226,0.2019576013088226
NYQPGYN,-0.9566802382469177,-1.931357979774475,0.7142857142857143,0.4285714285714285,0.3342699408531189,0.2342699408531189
KYHRNVA,-3.205413818359375,0.5981864929199219,0.5714285714285714,0.2857142857142857,0.2516330480575561,0.1016330480575561
YYYKGKN,-3.010850429534912,0.5136522650718689,0.5714285714285714,0.1428571428571428,0.2739625573158264,0.1239625573158264
VWHNFAS,-2.76482892036438,-0.3890248239040375,0.7142857142857143,0.4285714285714285,0.3021977841854095,0.2021977841854095
YGHVLGN,-0.31385689973831177,-1.6565645933151245,0.7142857142857143,0.2857142857142857,0.3635538816452026,0.2635538816452026
YPHRSAL,0.6190809607505798,-0.06508032977581024,0.5714285714285714,0.2857142857142857,0.5331541299819946,0.3831541299819946
AYHRGLK,-3.8107025623321533,1.3936641216278076,0.7142857142857143,0.2857142857142857,0.18216572701931,0.08216572701931
NYHSDNI,0.17025814950466156,-2.511249303817749,0.7142857142857143,0.2857142857142857,0.272472470998764,0.172472470998764
CYHRYNP,-3.653306245803833,1.3387665748596191,0.5714285714285714,0.2857142857142857,0.2002296596765518,0.0502296596765518
KSYRSHW,-4.750805377960205,0.865879476070404,0.7142857142857143,0.4285714285714285,0.0742726847529411,0.0
IYHSSSQ,0.032694630324840546,-1.9174002408981323,0.5714285714285714,0.4285714285714285,0.3357573449611664,0.1857573449611664
MYHDSVY,-1.9501062631607056,-0.4503418207168579,0.5714285714285714,0.4285714285714285,0.3957012891769409,0.2457012891769409
YPRMSYD,-0.7551813721656799,-0.769138753414154,0.5714285714285714,0.4285714285714285,0.4581244885921478,0.3081244885921478
DVMRNSA,1.4042448997497559,-4.047036170959473,0.5714285714285714,0.4285714285714285,0.1088077947497367,0.0
ERPNTHN,0.8185262680053711,-3.726525068283081,0.5714285714285714,0.5714285714285714,0.1429637968540191,0.0
EYRRHYN,-2.447334051132202,-0.15863272547721863,0.7142857142857143,0.2857142857142857,0.3386358022689819,0.2386358022689819
AYHRHNN,-0.4544662833213806,0.2600248157978058,0.7142857142857143,0.2857142857142857,0.5673518180847168,0.4673518180847168
YWSIQED,-2.7514233589172363,-0.2258976250886917,0.7142857142857143,0.4285714285714285,0.3037362992763519,0.2037362992763519
VVLKSIN,0.4224568009376526,-1.6243542432785034,0.5714285714285714,0.2857142857142857,0.3669864535331726,0.2169864535331726
YYHRSGF,-2.1069247722625732,0.809859037399292,0.5714285714285714,0.2857142857142857,0.3777036368846893,0.2277036368846893
VHHRMMN,-0.40476205945014954,-0.3273380696773529,0.5714285714285714,0.1428571428571428,0.5052059888839722,0.3552059888839721
YYVVYTS,-3.7344696521759033,0.9538189768791199,0.7142857142857143,0.2857142857142857,0.1909147650003433,0.0909147650003433
ISYSCPQ,-3.3967044353485107,-0.5921980142593384,0.7142857142857143,0.5714285714285714,0.2296791523694992,0.1296791523694992
DPEMYTL,-2.560117721557617,-2.369983673095703,0.8571428571428571,0.5714285714285714,0.2875267565250397,0.2375267565250396
DYRISNN,0.026909304782748222,-2.6523797512054443,0.4285714285714285,0.2857142857142857,0.2574325799942016,0.0574325799942016
IHHDSEN,-0.41864460706710815,-3.412959337234497,0.5714285714285714,0.2857142857142857,0.1763796508312225,0.0263796508312225
MESPRNT,0.2647165060043335,-4.380342483520508,0.7142857142857143,0.5714285714285714,0.0732882395386695,0.0
YSFSKRS,-2.8798367977142334,0.38192984461784363,0.7142857142857143,0.4285714285714285,0.2889986336231231,0.1889986336231232
KYHMNNW,-1.1971526145935059,-0.2926829755306244,0.5714285714285714,0.4285714285714285,0.4821157157421112,0.3321157157421112
NGHRGGH,-0.7623776197433472,-1.4003045558929443,0.7142857142857143,0.4285714285714285,0.3908628523349762,0.2908628523349762
WSKIQIN,0.7544054388999939,-2.068812847137451,0.4285714285714285,0.2857142857142857,0.3196217119693756,0.1196217119693756
CHRNPPT,-3.109771490097046,-0.7909111976623535,0.5714285714285714,0.5714285714285714,0.2626096606254577,0.1126096606254577
YQRTKGN,-2.574984312057495,-1.141154408454895,0.5714285714285714,0.4285714285714285,0.3239857256412506,0.1739857256412506
YKRLSGQ,-2.774672031402588,0.43934500217437744,0.4285714285714285,0.1428571428571428,0.3010681271553039,0.1010681271553039
VYCRVDA,-3.446668863296509,1.266837239265442,0.5714285714285714,0.4285714285714285,0.2239448726177215,0.0739448726177215
YYNRDEC,-3.989081859588623,-0.1482846438884735,0.7142857142857143,0.2857142857142857,0.1616936177015304,0.0616936177015304
EARRHTA,-1.083798885345459,-0.8155942559242249,0.5714285714285714,0.4285714285714285,0.4531738460063934,0.3031738460063934
VIRNNEV,0.8376960754394531,-3.906369924545288,0.7142857142857143,0.4285714285714285,0.1237982213497161,0.0237982213497161
QFHRSPN,0.03109797276556492,0.33508849143981934,0.5714285714285714,0.2857142857142857,0.5757989883422852,0.4257989883422851
IVPSKRQ,-2.6446335315704346,-1.3718416690826416,0.5714285714285714,0.7142857142857143,0.3159922957420349,0.1659922957420349
YYHREQN,-0.44279828667640686,0.45462605357170105,0.5714285714285714,0.2857142857142857,0.5686908960342407,0.4186908960342407
NYGRSNP,1.52116060256958,0.38029053807258606,0.4285714285714285,0.2857142857142857,0.5806160569190979,0.3806160569190979
YSKRSNA,-1.1525545120239258,-0.5085936784744263,0.5714285714285714,0.2857142857142857,0.4858900904655456,0.3358900904655456
IDQRARY,0.018026353791356087,-1.8581950664520264,0.7142857142857143,0.2857142857142857,0.3420666754245758,0.2420666754245758
NHHRQWN,-2.1348493099212646,-0.3137397766113281,0.5714285714285714,0.2857142857142857,0.3744988143444061,0.2244988143444061
NYHKVNN,1.405825138092041,-0.6158989667892456,0.5714285714285714,0.2857142857142857,0.4744548201560974,0.3244548201560974
YYHQFQW,-3.073981285095215,0.20859529078006744,0.7142857142857143,0.4285714285714285,0.2667172253131866,0.1667172253131866
YMKRSEG,1.5528783798217773,-0.7982964515686035,0.5714285714285714,0.4285714285714285,0.4550172090530395,0.3050172090530395
RYFLISN,-3.911893844604492,0.15384532511234283,0.5714285714285714,0.4285714285714285,0.1705522686243057,0.0205522686243057
PHSSVIM,-1.553900957107544,-3.6064305305480957,0.5714285714285714,0.4285714285714285,0.1557619571685791,0.0057619571685791
AERDSNN,0.6090309023857117,-4.480236530303955,0.4285714285714285,0.2857142857142857,0.0626428052783012,0.0
PNSRVYT,1.2203378677368164,-1.8701692819595337,0.7142857142857143,0.4285714285714285,0.3407906293869018,0.2407906293869018
RSTRSYN,-4.622880458831787,-0.42469510436058044,0.5714285714285714,0.2857142857142857,0.0889542773365974,0.0
YSRWSGA,-1.4277197122573853,0.854496419429779,0.5714285714285714,0.2857142857142857,0.4556541740894317,0.3056541740894317
YYHDLNA,-1.4781436920166016,0.4463984966278076,0.7142857142857143,0.2857142857142857,0.4498671293258667,0.3498671293258667
AYYFHEN,-3.1486430168151855,0.10463345795869827,0.7142857142857143,0.2857142857142857,0.2581484913825989,0.1581484913825989
FMTRSDA,1.1526654958724976,-1.8641080856323242,0.5714285714285714,0.4285714285714285,0.3414365649223327,0.1914365649223327
DLYQSNN,-0.2636297941207886,-3.1257357597351074,0.5714285714285714,0.2857142857142857,0.2069882899522781,0.0569882899522781
DYWRISN,-4.101840972900391,1.603713870048523,0.7142857142857143,0.4285714285714285,0.1487525552511215,0.0487525552511215
TSRDGAI,0.5820103883743286,-4.7912421226501465,0.5714285714285714,0.2857142857142857,0.029499776661396,0.0
QMYLSNN,-1.153976321220398,-1.9924744367599487,0.4285714285714285,0.2857142857142857,0.3277568817138672,0.1277568817138672
YMRCKDN,-3.4854886531829834,-1.4509798288345337,0.5714285714285714,0.2857142857142857,0.2194896340370178,0.0694896340370178
GHRFKNY,-4.192903995513916,0.5335734486579895,0.5714285714285714,0.4285714285714285,0.1383015066385269,0.0
YTHDSVW,-2.164276361465454,0.08362038433551788,0.7142857142857143,0.4285714285714285,0.3711215555667877,0.2711215555667877
IYHRSET,0.4020075798034668,1.1041151285171509,0.5714285714285714,0.2857142857142857,0.6577520966529846,0.5077520966529846
HNHFVSN,-0.5194043517112732,-2.086005926132202,0.7142857142857143,0.4285714285714285,0.3177894949913025,0.2177894949913025
YTRRQTN,-2.5727663040161133,-0.06839008629322052,0.4285714285714285,0.1428571428571428,0.3242402970790863,0.1242402970790863
YDRDDCN,-4.24425745010376,-0.6429023742675781,0.5714285714285714,0.4285714285714285,0.1324078142642974,0.0
YYSKFNM,-0.5135658383369446,-1.3137836456298828,0.5714285714285714,0.2857142857142857,0.4000831544399261,0.2500831544399261
TTRHGFN,0.057794757187366486,-1.474563717842102,0.5714285714285714,0.4285714285714285,0.3829492628574371,0.2329492628574371
YHQLDSM,-0.5197142958641052,-1.8592605590820312,0.5714285714285714,0.4285714285714285,0.3419531285762787,0.1919531285762787
YSHRSNP,1.8686492443084717,1.0395225286483765,0.5714285714285714,0.0,0.6508686542510986,0.5008686542510986
SYEQLNN,-0.604701578617096,-1.9950999021530151,0.7142857142857143,0.4285714285714285,0.3274770975112915,0.2274770975112915
HGHKGLN,0.6727008819580078,-1.594627857208252,0.5714285714285714,0.2857142857142857,0.370154321193695,0.220154321193695
YYGSSNP,-0.5546525120735168,-1.994920015335083,0.5714285714285714,0.1428571428571428,0.3274962902069092,0.1774962902069091
NFSRHQT,-0.3090205490589142,-0.13977685570716858,0.7142857142857143,0.5714285714285714,0.5251938700675964,0.4251938700675964
PYCLELN,-4.363365650177002,-0.20115171372890472,0.7142857142857143,0.5714285714285714,0.1187380850315094,0.0187380850315094
YYMSAPH,-1.540648102760315,-1.3938229084014893,0.5714285714285714,0.4285714285714285,0.3915535807609558,0.2415535807609558
YYLRGSN,-0.9134518504142761,0.7905113697052002,0.4285714285714285,0.1428571428571428,0.5146753191947937,0.3146753191947937
TSHRGMN,1.0347692966461182,-1.448804259300232,0.5714285714285714,0.0,0.3856943547725677,0.2356943547725677
RNHDSNK,-1.221351981163025,-1.389503002166748,0.7142857142857143,0.2857142857142857,0.3920139372348785,0.2920139372348785
NYSSNNN,0.5356292128562927,-2.9648630619049072,0.7142857142857143,0.2857142857142857,0.2241320610046386,0.1241320610046386
HHAIQVN,-0.36495837569236755,-3.063690185546875,0.5714285714285714,0.4285714285714285,0.2136003226041793,0.0636003226041793
AAPRIKD,0.397367388010025,-2.635181427001953,0.7142857142857143,0.4285714285714285,0.2592653334140777,0.1592653334140777
YYWRNDF,-2.9928081035614014,0.993405818939209,0.7142857142857143,0.2857142857142857,0.2760332226753235,0.1760332226753235
VVHRSSA,1.4224241971969604,-1.8980408906936646,0.5714285714285714,0.1428571428571428,0.337820440530777,0.1878204405307769
IAGCSDN,-3.7798190116882324,-1.0686372518539429,0.5714285714285714,0.2857142857142857,0.185710147023201,0.0357101470232009
AYSRSLN,0.12012037634849548,2.3985986709594727,0.5714285714285714,0.1428571428571428,0.6332955360412598,0.4832955360412597
YHHFSNM,-1.9439457654953003,-0.4741401970386505,0.4285714285714285,0.2857142857142857,0.3964082896709442,0.1964082896709442
YMHRGDL,0.18356794118881226,-0.5826529264450073,0.5714285714285714,0.4285714285714285,0.477997750043869,0.327997750043869
YHYMSKA,0.6802749037742615,-0.5442862510681152,0.5714285714285714,0.2857142857142857,0.4820863902568817,0.3320863902568817
YKRRSNA,-2.967197895050049,0.5262685418128967,0.4285714285714285,0.2857142857142857,0.2789724469184875,0.0789724469184875
YHHCANF,-3.5595974922180176,0.03533656522631645,0.5714285714285714,0.2857142857142857,0.2109843641519546,0.0609843641519546
LQHKNNF,1.5271399021148682,-2.277204751968384,0.5714285714285714,0.5714285714285714,0.2974139451980591,0.1474139451980591
ASRSSSN,1.5192265510559082,-3.3609917163848877,0.4285714285714285,0.1428571428571428,0.1819176971912384,0.0
YSRRSIN,-2.2640738487243652,0.7748701572418213,0.2857142857142857,0.1428571428571428,0.3596680760383606,0.1096680760383606
YCSRDKT,-3.3195533752441406,-1.334233045578003,0.7142857142857143,0.4285714285714285,0.2385335713624954,0.1385335713624954
SYHRSTD,1.0637446641921997,0.7266017198562622,0.4285714285714285,0.2857142857142857,0.6175214648246765,0.4175214648246765
PHHREIN,0.7343356609344482,-2.5125951766967773,0.5714285714285714,0.2857142857142857,0.272329032421112,0.122329032421112
EERTWCN,-4.763487339019775,-0.597406268119812,0.5714285714285714,0.5714285714285714,0.072817213833332,0.0
PYHQNLY,-2.6772239208221436,-1.2062585353851318,0.7142857142857143,0.4285714285714285,0.3122519850730896,0.2122519850730896
YHHWISN,-2.4063878059387207,-0.007075249217450619,0.5714285714285714,0.1428571428571428,0.3433350920677185,0.1933350920677185
SHQSHHN,-0.3677358627319336,-1.7983500957489014,0.7142857142857143,0.4285714285714285,0.3484441936016083,0.2484441936016083
AYKRQDK,-2.32450008392334,-0.4675419330596924,0.7142857142857143,0.4285714285714285,0.3527331352233886,0.2527331352233887
MHHTLNN,0.28828132152557373,-2.1465024948120117,0.5714285714285714,0.2857142857142857,0.3113425374031067,0.1613425374031067
VDHRGYK,-1.5942308902740479,-0.5973855257034302,0.5714285714285714,0.2857142857142857,0.436544120311737,0.286544120311737
YHHVINN,-1.0901535749435425,-1.0217514038085938,0.4285714285714285,0.2857142857142857,0.431204229593277,0.231204229593277
FKHRNHH,-3.1098735332489014,-0.24178677797317505,0.7142857142857143,0.5714285714285714,0.2625979483127594,0.1625979483127594
YSRTSNN,2.603991985321045,1.0146300792694092,0.2857142857142857,0.0,0.6482158899307251,0.3982158899307251
YYHRLDI,-2.8992083072662354,0.5050485730171204,0.7142857142857143,0.2857142857142857,0.2867754399776459,0.1867754399776459
QHRRGDW,-1.2069768905639648,0.1963062286376953,0.4285714285714285,0.1428571428571428,0.4809882044792175,0.2809882044792176
TPSEAGN,-0.7789914608001709,-4.697519779205322,0.5714285714285714,0.5714285714285714,0.0394875146448612,0.0
VYERPNH,0.7889336943626404,-2.1011643409729004,0.5714285714285714,0.2857142857142857,0.3161741197109222,0.1661741197109222
YHHRSMN,-0.11197970807552338,0.38193464279174805,0.4285714285714285,0.1428571428571428,0.5807912945747375,0.3807912945747376
EHYKKRM,-2.3572781085968018,0.23267269134521484,0.7142857142857143,0.5714285714285714,0.348971277475357,0.248971277475357
YAKRSNC,-3.8500030040740967,0.45075488090515137,0.4285714285714285,0.2857142857142857,0.1776553094387054,0.0
YSRSGLN,2.2461321353912354,1.9949901103973389,0.2857142857142857,0.0,0.7526901960372925,0.5026901960372925
AIHSNQN,0.2500779926776886,-4.24481201171875,0.7142857142857143,0.2857142857142857,0.0877313613891601,0.0
LAWRLAG,-2.05354380607605,0.23650877177715302,0.7142857142857143,0.2857142857142857,0.3838300406932831,0.2838300406932831
YYNRGEL,-0.6679935455322266,-0.413851261138916,0.7142857142857143,0.2857142857142857,0.4959865212440491,0.3959865212440491
MYPRGNN,1.8570077419281006,-0.951628565788269,0.5714285714285714,0.2857142857142857,0.4386770129203796,0.2886770129203796
YKARSPE,1.1700605154037476,-1.2343703508377075,0.5714285714285714,0.4285714285714285,0.4085460305213928,0.2585460305213928
DHHSYMS,-0.8872740268707275,-1.841314673423767,0.7142857142857143,0.4285714285714285,0.3438655734062195,0.2438655734062195
YQSRWCN,-4.168214797973633,1.545570731163025,0.7142857142857143,0.4285714285714285,0.1411350220441818,0.0411350220441818
VHHRLSN,0.5929150581359863,1.0409224033355713,0.5714285714285714,0.1428571428571428,0.6510178446769714,0.5010178446769714
VSRYAGI,0.0642063319683075,-2.3764071464538574,0.5714285714285714,0.2857142857142857,0.2868422269821167,0.1368422269821167
DSRRVDN,0.021790919825434685,-3.021989345550537,0.5714285714285714,0.2857142857142857,0.2180442661046981,0.0680442661046981
VYSRVVA,0.277372807264328,2.80084490776062,0.5714285714285714,0.2857142857142857,0.6513429880142212,0.5013429880142212
PYSQFEW,-3.4074294567108154,1.10856294631958,0.7142857142857143,0.2857142857142857,0.2284482717514038,0.1284482717514038
ALFRSGN,0.02608945034444332,-0.32096514105796814,0.5714285714285714,0.2857142857142857,0.505885124206543,0.3558851242065429
WYRWTET,-2.8614370822906494,0.3494030833244324,0.7142857142857143,0.5714285714285714,0.2911103367805481,0.1911103367805481
IYSQSEN,-0.6936367154121399,-1.4453788995742798,0.4285714285714285,0.1428571428571428,0.3860594034194946,0.1860594034194946
RYHVTNN,-0.5476580262184143,0.4326724410057068,0.7142857142857143,0.0,0.5566564202308655,0.4566564202308655
YYRLSNN,-1.2505912780761719,0.9592787623405457,0.1428571428571428,0.1428571428571428,0.4759826958179474,0.1759826958179474
IYRINRN,-3.3556618690490723,-0.3534664809703827,0.5714285714285714,0.1428571428571428,0.2343894988298416,0.0843894988298416
VPDLSNA,-0.15567901730537415,-4.668560028076172,0.5714285714285714,0.5714285714285714,0.0425736755132675,0.0
YWLRYEN,-3.6485304832458496,1.0796397924423218,0.5714285714285714,0.2857142857142857,0.2007777690887451,0.0507777690887451
KSHESES,-0.2971910834312439,-3.5381486415863037,0.7142857142857143,0.4285714285714285,0.1630385667085647,0.0630385667085647
DINRNIQ,1.2569801807403564,-3.4983341693878174,0.7142857142857143,0.4285714285714285,0.1672814935445785,0.0672814935445785
ILNRSRM,-3.654604196548462,-1.5278910398483276,0.5714285714285714,0.5714285714285714,0.2000807076692581,0.0500807076692581
YHRKWDN,-0.6504517197608948,0.08189825713634491,0.4285714285714285,0.2857142857142857,0.5448591113090515,0.3448591113090515
IGDRGNN,1.3614436388015747,-3.354595422744751,0.5714285714285714,0.4285714285714285,0.1825993359088897,0.0325993359088897
HYSVSPN,0.26976656913757324,-1.6707210540771484,0.5714285714285714,0.1428571428571428,0.3620452880859375,0.2120452880859375
IYRLNSC,-3.702077865600586,-0.5499159693717957,0.5714285714285714,0.4285714285714285,0.194632276892662,0.044632276892662
VHHRLNN,0.22716420888900757,0.6171793937683105,0.5714285714285714,0.0,0.6058606505393982,0.4558606505393981
QYHRTMK,-4.48603630065918,0.47696036100387573,0.4285714285714285,0.2857142857142857,0.1046595126390457,0.0
QYAAEIN,-0.6146678924560547,-3.1617846488952637,0.7142857142857143,0.4285714285714285,0.2031466662883758,0.1031466662883758
QFSWSMN,-3.8769264221191406,1.512646198272705,0.7142857142857143,0.1428571428571428,0.174565389752388,0.074565389752388
YVPHTRN,0.7608250379562378,-1.9481064081192017,0.7142857142857143,0.4285714285714285,0.3324850797653198,0.2324850797653198
ILALSNQ,-0.909869909286499,-3.820685863494873,0.5714285714285714,0.4285714285714285,0.1329293400049209,0.0
YHHSPGE,0.5348678827285767,-2.0797274112701416,0.7142857142857143,0.2857142857142857,0.3184585869312286,0.2184585869312286
HIHRNTN,-0.02038314752280712,-0.3742160499095917,0.7142857142857143,0.2857142857142857,0.5002103447914124,0.4002103447914124
EYRWQNS,-3.162468910217285,-0.20590879023075104,0.7142857142857143,0.4285714285714285,0.2565617263317108,0.1565617263317108
HIHRPGE,0.7756584882736206,-2.2097012996673584,0.7142857142857143,0.1428571428571428,0.304607629776001,0.204607629776001
YSNPASN,0.6686447858810425,-2.4240989685058594,0.4285714285714285,0.2857142857142857,0.2817598283290863,0.0817598283290863
YDNFNNN,-0.9446372985839844,-1.6467068195343018,0.5714285714285714,0.2857142857142857,0.3646044135093689,0.2146044135093689
YYRSSQA,0.6376511454582214,0.0986112728714943,0.5714285714285714,0.2857142857142857,0.5505982637405396,0.4005982637405395
YSYRNNN,0.24874931573867798,-0.47187530994415283,0.4285714285714285,0.1428571428571428,0.4898030459880829,0.2898030459880829
VTHRLAN,1.6268888711929321,-2.204493999481201,0.5714285714285714,0.1428571428571428,0.3051625490188598,0.1551625490188598
VYHMQNV,-1.4164334535598755,-1.705904483795166,0.5714285714285714,0.2857142857142857,0.3582958877086639,0.2082958877086639
FGHRCQN,-2.8326919078826904,-0.4588737189769745,0.7142857142857143,0.1428571428571428,0.2944093346595764,0.1944093346595764
AHLRSNN,0.8474445939064026,-1.8144057989120483,0.4285714285714285,0.1428571428571428,0.3467331826686859,0.1467331826686859
AYSGAKS,2.3172683715820312,-3.113957166671753,0.7142857142857143,0.1428571428571428,0.2082435041666031,0.1082435041666031
WHRVGCN,-3.458183765411377,1.1886894702911377,0.5714285714285714,0.2857142857142857,0.2226233333349228,0.0726233333349228
PYHSVNA,0.6154090166091919,-2.7097015380859375,0.7142857142857143,0.2857142857142857,0.251323938369751,0.151323938369751
YSRSNNN,2.000994920730591,1.495837688446045,0.2857142857142857,0.1428571428571428,0.6994969248771667,0.4494969248771667
VYSMANS,0.3212049603462219,-2.105459213256836,0.5714285714285714,0.4285714285714285,0.315716415643692,0.165716415643692
YRKSMYS,-3.471252679824829,0.7354442477226257,0.5714285714285714,0.4285714285714285,0.221123456954956,0.071123456954956
YIILSNT,-2.3933064937591553,-2.468294620513916,0.4285714285714285,0.4285714285714285,0.2770500183105469,0.0770500183105468
YFESSWS,-3.1818418502807617,-0.46309494972229004,0.5714285714285714,0.4285714285714285,0.2543383538722992,0.1043383538722992
QQLPHNN,0.1512419432401657,-4.552084922790527,0.7142857142857143,0.5714285714285714,0.0549861155450344,0.0
YYHRQPT,-1.4109704494476318,0.13658364117145538,0.7142857142857143,0.1428571428571428,0.4575764238834381,0.3575764238834381
CHRLRSN,-4.355742931365967,0.8871948719024658,0.2857142857142857,0.2857142857142857,0.1196129247546196,0.0
IGRKMNQ,-3.3617703914642334,-1.2443633079528809,0.7142857142857143,0.4285714285714285,0.2336884438991546,0.1336884438991546
YRISSMN,0.36068668961524963,-3.1980040073394775,0.4285714285714285,0.2857142857142857,0.199286863207817,0.0
ERSRNIN,-0.013697848655283451,-2.5433318614959717,0.5714285714285714,0.2857142857142857,0.2690535187721252,0.1190535187721252
VRHRNNC,-4.6561970710754395,0.357807457447052,0.5714285714285714,0.4285714285714285,0.0851306244730949,0.0
YHHRADY,-0.16850201785564423,-0.6748483180999756,0.5714285714285714,0.2857142857142857,0.4681727886199951,0.3181727886199951
THMKNIS,1.4506016969680786,-2.075493335723877,0.7142857142857143,0.2857142857142857,0.3189097940921783,0.2189097940921783
YRRAGNP,-2.962949275970459,0.09857574850320816,0.5714285714285714,0.2857142857142857,0.2794600427150726,0.1294600427150726
SYHKCNT,-3.053053617477417,0.8471417427062988,0.5714285714285714,0.2857142857142857,0.2691190242767334,0.1191190242767334
DHRVSHN,1.0547189712524414,-2.964970111846924,0.4285714285714285,0.2857142857142857,0.2241206616163253,0.0241206616163253
QDHYSMN,-0.9067175388336182,-2.4288992881774902,0.7142857142857143,0.4285714285714285,0.2812482714653015,0.1812482714653015
YYSRLGN,-0.8408935070037842,0.20689626038074493,0.7142857142857143,0.1428571428571428,0.523002564907074,0.423002564907074
YYFRSQQ,-2.267848014831543,1.061197280883789,0.4285714285714285,0.2857142857142857,0.3592349290847778,0.1592349290847778
DYKSQEN,0.35509341955184937,-2.5691568851470947,0.5714285714285714,0.2857142857142857,0.2663013935089111,0.1163013935089111
HHSFLGH,-1.6935540437698364,-0.7625008821487427,0.7142857142857143,0.4285714285714285,0.4251450896263122,0.3251450896263123
QYHRSGN,0.5499095916748047,0.8735430836677551,0.5714285714285714,0.0,0.6331806778907776,0.4831806778907775
PYYRGCN,-4.421254634857178,0.7711123824119568,0.5714285714285714,0.4285714285714285,0.1120943278074264,0.0
CSDRKTN,-3.3404343128204346,-0.37324416637420654,0.5714285714285714,0.4285714285714285,0.2361371219158172,0.0861371219158172
HYSRSNH,-0.7623847126960754,1.4626601934432983,0.5714285714285714,0.1428571428571428,0.5320128202438354,0.3820128202438354
VEEDCFT,-4.106115818023682,-1.0176939964294434,0.7142857142857143,0.7142857142857143,0.1482619494199752,0.0482619494199752
YHDWCSA,-3.2246880531311035,-0.15562067925930023,0.7142857142857143,0.4285714285714285,0.2494210004806518,0.1494210004806518
SYHRLWN,-4.131876468658447,2.5663487911224365,0.5714285714285714,0.2857142857142857,0.1453054696321487,0.0
YQPRYAS,-0.6698996424674988,-1.226007342338562,0.5714285714285714,0.4285714285714285,0.4094372093677521,0.259437209367752
YSRSSSN,2.5901215076446533,1.739269495010376,0.4285714285714285,0.0,0.7254388332366943,0.5254388332366944
VGFRQNN,1.6264528036117554,-3.0723516941070557,0.7142857142857143,0.2857142857142857,0.2126772850751876,0.1126772850751876
MYHRKER,-2.2623074054718018,0.5789639949798584,0.7142857142857143,0.4285714285714285,0.3598708212375641,0.2598708212375641
YHFIFNN,-3.451585531234741,-0.04543227702379227,0.4285714285714285,0.2857142857142857,0.2233805954456329,0.0233805954456329
TYPVEQA,-0.26528456807136536,-4.086525917053223,0.7142857142857143,0.5714285714285714,0.1045994833111763,0.0035040903836488
YSRSGPN,2.7878224849700928,3.3061652183532715,0.1428571428571428,0.1428571428571428,0.892418622970581,0.592418622970581
IQRISSN,2.3524880409240723,-3.115011692047119,0.4285714285714285,0.2857142857142857,0.2081311345100402,0.0081311345100403
GKWQGEH,-0.2928292751312256,-2.239633321762085,0.7142857142857143,0.7142857142857143,0.3014178276062011,0.2014178276062012
YSRFDNN,0.759195864200592,0.4550776183605194,0.4285714285714285,0.2857142857142857,0.5885859131813049,0.388585913181305
VHSTSNT,0.5673943758010864,-4.24767541885376,0.5714285714285714,0.2857142857142857,0.0874262154102325,0.0
AFSTAIE,-1.2114953994750977,-4.398108959197998,0.7142857142857143,0.5714285714285714,0.0713949203491211,0.0
TPIRHTN,1.3430371284484863,-3.1479992866516113,0.7142857142857143,0.2857142857142857,0.2046157270669937,0.1046157270669937
DYYQVQN,-1.8601223230361938,-1.0813716650009155,0.7142857142857143,0.0,0.4060285091400146,0.3060285091400146
VHRSSWS,-1.3372994661331177,-0.22079183161258698,0.5714285714285714,0.2857142857142857,0.4660314619541168,0.3160314619541168
PHSFHRG,-0.9203468561172485,-0.7053629755973816,0.7142857142857143,0.5714285714285714,0.4649209082126617,0.3649209082126617
YHHRMNT,-0.4936407506465912,-0.03524106368422508,0.5714285714285714,0.2857142857142857,0.5363339781761169,0.3863339781761169
YHRSSIH,-0.7952941656112671,0.9418544173240662,0.4285714285714285,0.2857142857142857,0.528235912322998,0.3282359123229981
SLALSNK,-0.17046023905277252,-3.7774524688720703,0.5714285714285714,0.4285714285714285,0.1375366002321243,0.0
QHHRGAL,-0.4778894782066345,-1.216883897781372,0.5714285714285714,0.4285714285714285,0.4104094803333282,0.2604094803333282
YPHRSLD,1.2584623098373413,-1.1441150903701782,0.5714285714285714,0.1428571428571428,0.4181642830371856,0.2681642830371856
TYRSSNP,2.5498695373535156,-1.7954462766647339,0.5714285714285714,0.1428571428571428,0.3487536311149597,0.1987536311149597
VHRRNSN,-2.4956085681915283,0.4382137656211853,0.4285714285714285,0.1428571428571428,0.3330954611301422,0.1330954611301422
QRRMFHN,-5.3979644775390625,0.1764698326587677,0.7142857142857143,0.4285714285714285,0.0,0.0
THLKSIN,1.2877883911132812,-1.817643642425537,0.5714285714285714,0.2857142857142857,0.3463881313800812,0.1963881313800811
QHDDSQT,-1.2433441877365112,-4.233441352844238,0.7142857142857143,0.4285714285714285,0.088943101465702,0.0
YHHKLIQ,-0.444775253534317,-0.648611843585968,0.7142857142857143,0.4285714285714285,0.4709686934947967,0.3709686934947968
VYTRANN,1.4377975463867188,2.749725580215454,0.4285714285714285,0.0,0.784521758556366,0.584521758556366
YYHRGCN,-3.8591747283935547,1.276485800743103,0.5714285714285714,0.1428571428571428,0.1766027063131332,0.0266027063131332
YTRLWAA,-2.4065840244293213,-0.010877911932766438,0.5714285714285714,0.4285714285714285,0.3433125615119934,0.1933125615119934
YHPLHSC,-3.5402891635894775,-1.0430797338485718,0.5714285714285714,0.4285714285714285,0.2132003307342529,0.0632003307342529
VHQFSGH,0.40224453806877136,-3.172060966491699,0.5714285714285714,0.4285714285714285,0.2020515501499176,0.0520515501499176
YHEYNNQ,-1.011663794517517,-2.0571236610412598,0.5714285714285714,0.2857142857142857,0.3208673894405365,0.1708673894405365
YIRNNTA,2.258342981338501,-2.7027475833892822,0.5714285714285714,0.4285714285714285,0.2520650029182434,0.1020650029182434
EAWQCHS,-3.825702667236328,-0.646161675453186,0.8571428571428571,0.5714285714285714,0.1804441958665847,0.1304441958665847
CSRMGGS,-2.398038864135742,-0.7281250953674316,0.5714285714285714,0.4285714285714285,0.3442932665348053,0.1942932665348053
IYHVSND,-0.27030834555625916,-1.8232327699661255,0.5714285714285714,0.1428571428571428,0.3457925319671631,0.1957925319671631
THYTNVA,0.9900065660476685,-2.9137203693389893,0.7142857142857143,0.4285714285714285,0.229582205414772,0.129582205414772
LYSRDYS,-1.6243277788162231,-0.39575740694999695,0.5714285714285714,0.4285714285714285,0.4330900013446808,0.2830900013446807
NLHKGLN,2.0939114093780518,-1.7684217691421509,0.5714285714285714,0.1428571428571428,0.351633608341217,0.201633608341217
YYRVEGL,-2.016688823699951,0.2066170871257782,0.7142857142857143,0.2857142857142857,0.3880597949028015,0.2880597949028015
VSRANNV,2.5372917652130127,-3.4490740299224854,0.5714285714285714,0.2857142857142857,0.1725310087203979,0.0225310087203979
YSRSSIN,2.272188901901245,1.876176357269287,0.2857142857142857,0.1428571428571428,0.7400285601615906,0.4900285601615906
VEHLYTN,-0.6988307237625122,-4.217525482177734,0.7142857142857143,0.4285714285714285,0.0906392112374305,0.0
IRSTDGN,0.48546576499938965,-3.72096848487854,0.7142857142857143,0.4285714285714285,0.1435559540987014,0.0435559540987014
YKCKSHQ,-4.007136821746826,0.05443400889635086,0.7142857142857143,0.4285714285714285,0.1596214920282364,0.0596214920282364
QYGRSLM,-0.6148051619529724,-0.947572648525238,0.5714285714285714,0.4285714285714285,0.4391092658042907,0.2891092658042907
VYHRLNN,0.2124735713005066,1.572925090789795,0.5714285714285714,0.1428571428571428,0.6438946723937988,0.4938946723937988
NPWESGI,-1.4188344478607178,-2.4792776107788086,0.7142857142857143,0.5714285714285714,0.2758795917034149,0.1758795917034149
MMSIINN,-1.55287766456604,-4.138223648071289,0.7142857142857143,0.4285714285714285,0.0990901961922645,0.0
PHMREHN,1.0363878011703491,-2.9526405334472656,0.5714285714285714,0.4285714285714285,0.2254345864057541,0.0754345864057541
LLHAGLN,-0.46202030777931213,-3.4093775749206543,0.4285714285714285,0.4285714285714285,0.1767613589763641,0.0
VYRHSDN,0.5873896479606628,-0.288373202085495,0.5714285714285714,0.2857142857142857,0.5093584060668945,0.3593584060668945
RPHRHTN,-2.8164265155792236,-0.0861208364367485,0.7142857142857143,0.0,0.2962760627269745,0.1962760627269745
VYSFSNT,-1.8599337339401245,0.1831810623407364,0.5714285714285714,0.2857142857142857,0.4060501158237457,0.2560501158237457
YYWVMHE,-3.591566324234009,-0.37882184982299805,0.7142857142857143,0.4285714285714285,0.2073153853416443,0.1073153853416443
VYCEKAN,-3.7994015216827393,-0.10218599438667297,0.7142857142857143,0.4285714285714285,0.1834627091884613,0.0834627091884613
IHSLVEE,-1.3029569387435913,-3.7312629222869873,0.5714285714285714,0.2857142857142857,0.142458900809288,0.0
YNHDSNP,0.2224830687046051,-3.6020238399505615,0.5714285714285714,0.2857142857142857,0.1562315672636032,0.0062315672636032
YYDRSNN,0.27893877029418945,-0.8867835402488708,0.4285714285714285,0.1428571428571428,0.4455873966217041,0.2455873966217041
YSRPLRQ,-2.788944959640503,0.26011064648628235,0.5714285714285714,0.4285714285714285,0.2994300425052643,0.1494300425052643
YSRASEN,1.4706456661224365,1.0239834785461426,0.4285714285714285,0.1428571428571428,0.649212658405304,0.449212658405304
PYHPQTS,0.6700905561447144,-2.8974127769470215,0.5714285714285714,0.4285714285714285,0.2313200533390045,0.0813200533390045
ANLSGEL,-0.8413596153259277,-4.361251354217529,0.7142857142857143,0.5714285714285714,0.0753227323293685,0.0
IYIRMTD,-1.9517886638641357,-0.6943827271461487,0.7142857142857143,0.4285714285714285,0.395508199930191,0.295508199930191
QHQDSDW,-0.41768625378608704,-3.1754777431488037,0.7142857142857143,0.5714285714285714,0.2016874253749847,0.1016874253749847
YQRDSNY,0.011466359719634056,-2.2153077125549316,0.4285714285714285,0.2857142857142857,0.3040101528167724,0.1040101528167724
QYLDNTY,-3.1584222316741943,-1.0190883874893188,0.7142857142857143,0.4285714285714285,0.2570261657238006,0.1570261657238006
YWRVQNK,-3.9461727142333984,0.6730993390083313,0.5714285714285714,0.2857142857142857,0.1666181832551956,0.0166181832551956
VNHGSSN,0.5337563157081604,-4.378223419189453,0.5714285714285714,0.1428571428571428,0.0735140666365623,0.0
AYGRMNP,0.6604674458503723,-2.060615062713623,0.5714285714285714,0.2857142857142857,0.3204953372478485,0.1704953372478485
QYHHSLE,0.42634522914886475,-1.3765442371368408,0.5714285714285714,0.4285714285714285,0.3933949172496795,0.2433949172496795
QTRSSEN,0.6389128565788269,-3.160790205001831,0.5714285714285714,0.2857142857142857,0.2032526433467865,0.0532526433467865
VTHRSPN,0.9845432043075562,-1.4890010356903076,0.5714285714285714,0.1428571428571428,0.38141068816185,0.2314106881618499
QISRNIN,1.7277302742004395,-2.0267832279205322,0.7142857142857143,0.0,0.3241007030010223,0.2241007030010223
IYHDSNE,-0.8919905424118042,-2.501415252685547,0.5714285714285714,0.2857142857142857,0.2735204398632049,0.1235204398632049
YHHMSKN,0.5578078031539917,-0.44067254662513733,0.4285714285714285,0.2857142857142857,0.49312824010849,0.29312824010849
SYRRNVT,-3.2594985961914062,-0.18430732190608978,0.7142857142857143,0.2857142857142857,0.2454258948564529,0.1454258948564529
YWGRSCY,-4.125070095062256,1.2225391864776611,0.7142857142857143,0.4285714285714285,0.1460866183042526,0.0460866183042526
YHHSNNW,-0.9149198532104492,-0.010047661140561104,0.5714285714285714,0.1428571428571428,0.5145068168640137,0.3645068168640136
VYYQVQN,-2.6900460720062256,0.40108123421669006,0.5714285714285714,0.1428571428571428,0.31078040599823,0.1607804059982299
YKHLSKL,-3.2067832946777344,0.1614505797624588,0.5714285714285714,0.4285714285714285,0.2514759004116058,0.1014759004116058
ICSTSGN,-3.854574203491211,-1.0991990566253662,0.5714285714285714,0.2857142857142857,0.1771306842565536,0.0271306842565536
SLSNYNN,0.0038106837309896946,-3.0211503505706787,0.5714285714285714,0.4285714285714285,0.2181336879730224,0.0681336879730224
YIIRVNG,-1.0696197748184204,-1.9839539527893066,0.7142857142857143,0.4285714285714285,0.3286648988723755,0.2286648988723755
YISGLND,-0.6966447830200195,-2.711378812789917,0.7142857142857143,0.2857142857142857,0.2511451840400696,0.1511451840400696
QSHSTVE,-0.8721667528152466,-4.625655651092529,0.7142857142857143,0.1428571428571428,0.0471458807587623,0.0
HYHHISN,-1.4767473936080933,-0.005328019615262747,0.5714285714285714,0.4285714285714285,0.4500273764133453,0.3000273764133453
HYDRSNN,0.7217777967453003,-2.0196802616119385,0.5714285714285714,0.1428571428571428,0.3248576521873474,0.1748576521873474
YHGWNHA,-1.034570336341858,-0.5610443949699402,0.7142857142857143,0.1428571428571428,0.4803005456924438,0.3803005456924438
YYRLDLE,-2.378080129623413,0.23093809187412262,0.4285714285714285,0.4285714285714285,0.3465839028358459,0.1465839028358459
GHHSNQD,0.1745450794696808,-3.879509210586548,0.5714285714285714,0.2857142857142857,0.1266606897115707,0.0
YVRSSAN,2.1873488426208496,-0.012120301835238934,0.4285714285714285,0.1428571428571428,0.538797914981842,0.3387979149818421
DSHRLNW,-0.9727389812469482,-0.2747592628002167,0.7142857142857143,0.2857142857142857,0.5078710317611694,0.4078710317611694
CYLSLNR,-4.697234153747559,-0.2352449744939804,0.5714285714285714,0.4285714285714285,0.0804209113121032,0.0
NYTWSNA,-2.230478286743164,-0.8490380644798279,0.5714285714285714,0.4285714285714285,0.3635237514972687,0.2135237514972686
AIFHGSN,-0.2638399004936218,-3.595705986022949,0.7142857142857143,0.4285714285714285,0.1569048315286636,0.0569048315286636
YHIWQRG,-2.4639246463775635,0.7011117339134216,0.5714285714285714,0.4285714285714285,0.3367317616939544,0.1867317616939544
PYHMGIA,-0.9062991142272949,-0.6873162984848022,0.7142857142857143,0.1428571428571428,0.4668440520763397,0.3668440520763397
APQQLIW,-2.7332334518432617,-1.9870470762252808,0.7142857142857143,0.5714285714285714,0.3058239221572876,0.2058239221572876
QMTASSY,0.35927096009254456,-3.576470375061035,0.7142857142857143,0.5714285714285714,0.1589547246694564,0.0589547246694564
AIGRMNS,2.380824565887451,-3.416774034500122,0.7142857142857143,0.4285714285714285,0.1759731322526931,0.0759731322526931
YKSRNNN,-2.6614015102386475,-0.12709148228168488,0.5714285714285714,0.1428571428571428,0.3140678703784942,0.1640678703784942
YYDHHNG,-0.38589611649513245,-1.4009790420532227,0.7142857142857143,0.4285714285714285,0.3907909691333771,0.2907909691333771
WESIDND,-0.5499202609062195,-4.211701393127441,0.7142857142857143,0.4285714285714285,0.0912598669528961,0.0
ITSRSNM,1.9046975374221802,-3.8781750202178955,0.5714285714285714,0.2857142857142857,0.1268028765916824,0.0
HYHTGVN,0.31497061252593994,-1.6181786060333252,0.4285714285714285,0.2857142857142857,0.3676446080207824,0.1676446080207825
QYSRSMG,0.564124584197998,0.2780987024307251,0.5714285714285714,0.2857142857142857,0.569725751876831,0.419725751876831
IGPLKLN,1.2489395141601562,-4.249337673187256,0.7142857142857143,0.4285714285714285,0.08724907040596,0.0
VSRSSVQ,1.6730464696884155,-2.12043833732605,0.5714285714285714,0.1428571428571428,0.3141201436519623,0.1641201436519622
VRRRVQS,-4.356534481048584,0.6228324770927429,0.5714285714285714,0.2857142857142857,0.1195220798254013,0.0
YYHRSMV,-2.0980753898620605,0.3767208456993103,0.4285714285714285,0.1428571428571428,0.3787192702293396,0.1787192702293396
YQGRSCV,-3.275601625442505,0.3684419095516205,0.7142857142857143,0.4285714285714285,0.2435777932405471,0.1435777932405472
YCRTSDI,-3.6406795978546143,-0.6530790328979492,0.5714285714285714,0.4285714285714285,0.2016787976026535,0.0516787976026535
MGRVMGI,-0.23512057960033417,-3.51414155960083,0.7142857142857143,0.2857142857142857,0.1655969321727752,0.0655969321727752
YGHKNNS,2.1832056045532227,-1.113640546798706,0.7142857142857143,0.2857142857142857,0.4214118421077728,0.3214118421077728
FIIAMFN,-3.7308156490325928,-1.0179699659347534,0.7142857142857143,0.5714285714285714,0.1913341283798217,0.0913341283798217
YRFGSIN,-1.380293369293213,-0.9886736273765564,0.5714285714285714,0.4285714285714285,0.4347292482852936,0.2847292482852935
NYRDLHS,0.2999424338340759,-2.0551652908325195,0.7142857142857143,0.4285714285714285,0.3210760951042175,0.2210760951042175
HYHRHNN,-1.1939871311187744,0.8013885021209717,0.7142857142857143,0.1428571428571428,0.4824790358543396,0.3824790358543396
PYRVAVH,-0.6164268851280212,-1.6915228366851807,0.7142857142857143,0.4285714285714285,0.3598285019397735,0.2598285019397736
YSRVAHN,1.0546973943710327,0.9710794687271118,0.2857142857142857,0.2857142857142857,0.6435748338699341,0.3935748338699341
YYWRNNN,-2.383887767791748,1.3716238737106323,0.5714285714285714,0.1428571428571428,0.3459173738956451,0.1959173738956451
YASEGRK,0.16866649687290192,-2.6290111541748047,0.5714285714285714,0.5714285714285714,0.2599228918552398,0.1099228918552398
YSRLSAH,1.1487178802490234,0.9844591021537781,0.4285714285714285,0.2857142857142857,0.6450006365776062,0.4450006365776062
YAHRSKC,-4.363929271697998,1.1603814363479614,0.5714285714285714,0.2857142857142857,0.1186733990907669,0.0
YIRCSNN,-3.864672899246216,0.40160244703292847,0.2857142857142857,0.1428571428571428,0.1759716868400573,0.0
YYHRCAN,-4.124693870544434,0.5989766716957092,0.7142857142857143,0.1428571428571428,0.1461297869682312,0.0461297869682312
QHPLSNN,0.07966308295726776,-3.863860607147217,0.2857142857142857,0.2857142857142857,0.1283283233642578,0.0
WKRGYTM,-4.807950496673584,0.0704650953412056,0.7142857142857143,0.4285714285714285,0.0677142962813377,0.0
YHHSRPR,-3.1550302505493164,0.3046890199184418,0.5714285714285714,0.2857142857142857,0.2574154436588287,0.1074154436588287
HHYANQN,-0.2766677439212799,-1.6191107034683228,0.7142857142857143,0.2857142857142857,0.3675452768802643,0.2675452768802643
YYTRMEN,-1.1587616205215454,0.004455196671187878,0.5714285714285714,0.2857142857142857,0.4865217506885528,0.3365217506885528
DYSRSNN,0.5666507482528687,0.19150474667549133,0.5714285714285714,0.1428571428571428,0.5604977011680603,0.4104977011680603
SYSHSND,0.07766124606132507,-0.38734281063079834,0.5714285714285714,0.1428571428571428,0.4988114237785339,0.3488114237785339
HLHHLNH,-1.5736429691314697,-0.7671991586685181,0.7142857142857143,0.4285714285714285,0.4389069378376007,0.3389069378376007
YHRENVS,1.6909749507904053,-0.8915794491767883,0.5714285714285714,0.1428571428571428,0.4450762867927551,0.2950762867927551
AYGCNFA,-3.7560055255889893,-0.961410403251648,0.7142857142857143,0.4285714285714285,0.1884431540966034,0.0884431540966034
ASRLSEN,-0.059823617339134216,-2.9205753803253174,0.4285714285714285,0.2857142857142857,0.2288516908884048,0.0288516908884048
YYTRSTN,0.22124554216861725,-0.31691792607307434,0.4285714285714285,0.1428571428571428,0.5063164234161377,0.3063164234161377
HLHVGNH,-0.2774851620197296,-2.429877996444702,0.7142857142857143,0.4285714285714285,0.2811439931392669,0.181143993139267
LSNFISN,-0.9067971706390381,-3.5935823917388916,0.5714285714285714,0.4285714285714285,0.1571311354637146,0.0071311354637146
NNRLGRN,-3.0564262866973877,-0.8265196681022644,0.5714285714285714,0.4285714285714285,0.268731951713562,0.118731951713562
YLILLSI,-3.788193464279175,-2.0522570610046387,0.7142857142857143,0.4285714285714285,0.1847490221261978,0.0847490221261978
IYKRSVN,-2.0466482639312744,0.587131142616272,0.4285714285714285,0.2857142857142857,0.3846214115619659,0.1846214115619659
YYRHTNN,-0.3454934060573578,-0.060693252831697464,0.4285714285714285,0.1428571428571428,0.533621609210968,0.333621609210968
YHSCGPN,-3.144538402557373,-0.5729258060455322,0.4285714285714285,0.4285714285714285,0.2586195766925812,0.0586195766925811
AHHSITQ,-0.21797719597816467,-2.9278934001922607,0.5714285714285714,0.2857142857142857,0.2280718237161636,0.0780718237161636
IHRLSGW,-2.143129348754883,0.4438936114311218,0.4285714285714285,0.2857142857142857,0.3735485374927521,0.1735485374927521
NYQSSMD,0.057609155774116516,-3.230714797973633,0.7142857142857143,0.2857142857142857,0.1958009600639343,0.0958009600639343
YGRHSIA,0.127450093626976,-1.6459757089614868,0.5714285714285714,0.4285714285714285,0.3646823465824127,0.2146823465824127
KLHKMVN,-2.8921985626220703,0.13550126552581787,0.5714285714285714,0.4285714285714285,0.2875799238681793,0.1375799238681793
LYSNSPP,0.103317491710186,-3.456986904144287,0.5714285714285714,0.4285714285714285,0.1716877520084381,0.0216877520084381
QYHRAIE,0.7608315944671631,-0.18472282588481903,0.7142857142857143,0.1428571428571428,0.5204041004180908,0.4204041004180908
YSLFSSN,-2.3305535316467285,-0.5025516748428345,0.5714285714285714,0.2857142857142857,0.3520383834838867,0.2020383834838867
HASHSTN,0.16945642232894897,-2.9821083545684814,0.5714285714285714,0.1428571428571428,0.2222942858934402,0.0722942858934402
VIRYSGH,-0.2954024374485016,-0.8881608843803406,0.5714285714285714,0.1428571428571428,0.4454406201839447,0.2954406201839447
TIRANNV,1.7825984954833984,-3.5623128414154053,0.7142857142857143,0.1428571428571428,0.1604634523391723,0.0604634523391723
CYHEMNK,-3.569309711456299,-0.8354585766792297,0.5714285714285714,0.4285714285714285,0.2098697125911712,0.0598697125911712
FSARSDS,1.1492043733596802,-3.3839659690856934,0.7142857142857143,0.2857142857142857,0.1794694066047668,0.0794694066047668
MYHAQEM,-0.6146000027656555,-2.8565938472747803,0.5714285714285714,0.5714285714285714,0.2356700301170349,0.0856700301170349
YHHQMMS,-1.2170745134353638,-1.2374969720840454,0.7142857142857143,0.4285714285714285,0.408212810754776,0.308212810754776
YPTRSMN,1.857008457183838,-2.903721570968628,0.5714285714285714,0.2857142857142857,0.2306477427482605,0.0806477427482605
IRANPAF,0.806359589099884,-3.849581480026245,0.5714285714285714,0.5714285714285714,0.1298500150442123,0.0
VHHMQAC,-3.7010674476623535,-1.020818829536438,0.7142857142857143,0.5714285714285714,0.1947482377290725,0.0947482377290725
HVLKSQS,1.5559953451156616,-1.9947140216827393,0.5714285714285714,0.5714285714285714,0.3275182247161865,0.1775182247161865
YYHYIDP,-3.3059120178222656,-0.1679958552122116,0.7142857142857143,0.4285714285714285,0.2400991469621658,0.1400991469621658
YQANSYG,-0.4263574182987213,-2.5979461669921875,0.5714285714285714,0.4285714285714285,0.2632334232330322,0.1132334232330322
YQRWSHP,-1.594509243965149,0.5938144326210022,0.5714285714285714,0.2857142857142857,0.4365122020244598,0.2865122020244598
NLERNTT,1.0562140941619873,-4.454847812652588,0.5714285714285714,0.5714285714285714,0.0653484091162681,0.0
YDHSSEF,-1.1166794300079346,-1.698632836341858,0.5714285714285714,0.2857142857142857,0.3590708076953888,0.2090708076953888
CTFISNP,-3.6386139392852783,-0.6448953747749329,0.7142857142857143,0.4285714285714285,0.2019158601760864,0.1019158601760864
YGHRLNN,1.4091441631317139,0.37409356236457825,0.5714285714285714,0.2857142857142857,0.5799556374549866,0.4299556374549865
DEVSESN,-1.0250383615493774,-4.4989213943481445,0.7142857142857143,0.5714285714285714,0.0606516078114509,0.0
YPRRFNM,-3.378082275390625,-0.6694368720054626,0.5714285714285714,0.2857142857142857,0.231816366314888,0.081816366314888
YHSANNW,-0.6665825843811035,-0.6926239132881165,0.5714285714285714,0.2857142857142857,0.4662784337997436,0.3162784337997436
YYHSQVM,-2.8703460693359375,-1.4233412742614746,0.5714285714285714,0.4285714285714285,0.290087878704071,0.140087878704071
YVRRTKQ,-3.5081326961517334,0.7434061169624329,0.5714285714285714,0.4285714285714285,0.2168908417224884,0.0668908417224884
HYHRSKN,-2.5881009101867676,1.299803376197815,0.5714285714285714,0.2857142857142857,0.3224803805351257,0.1724803805351257
YHRHNRN,-2.4400672912597656,0.7030292749404907,0.4285714285714285,0.1428571428571428,0.3394697904586792,0.1394697904586792
YYARNVN,-0.2538292109966278,-1.0510151386260986,0.5714285714285714,0.1428571428571428,0.4280856549739837,0.2780856549739837
SHPRRNN,-3.0381855964660645,-0.08634582161903381,0.5714285714285714,0.4285714285714285,0.2708253860473633,0.1208253860473632
CYVSALN,-4.16539192199707,0.8523956537246704,0.7142857142857143,0.4285714285714285,0.1414589881896972,0.0414589881896972
YSRVSST,2.768836736679077,-0.027271058410406113,0.5714285714285714,0.2857142857142857,0.5371832847595215,0.3871832847595214
PYFRSNK,-3.918686866760254,0.48601627349853516,0.5714285714285714,0.4285714285714285,0.1697726547718048,0.0197726547718048
YYTGFNQ,-2.0666415691375732,-0.8758310079574585,0.7142857142857143,0.4285714285714285,0.3823268413543701,0.2823268413543701
WSRSGHD,-0.5742939114570618,-1.7743085622787476,0.5714285714285714,0.4285714285714285,0.3510062396526336,0.2010062396526336
QSRGGNS,1.86994206905365,-3.0022242069244385,0.4285714285714285,0.1428571428571428,0.2201505899429321,0.0201505899429321
IGERSPN,1.3891401290893555,-3.0339431762695312,0.5714285714285714,0.2857142857142857,0.2167703807353973,0.0667703807353973
FWHRMNI,-2.755711317062378,0.20610220730304718,0.7142857142857143,0.4285714285714285,0.3032441735267639,0.2032441735267639
YHHRDTN,0.9583420157432556,-1.1372859477996826,0.5714285714285714,0.1428571428571428,0.4188920259475708,0.2688920259475708
MRHRSNE,-1.6511996984481812,-0.30029383301734924,0.7142857142857143,0.2857142857142857,0.4300059676170349,0.3300059676170349
ASHRSVN,0.3786090314388275,-1.2827426195144653,0.5714285714285714,0.1428571428571428,0.4033911228179931,0.2533911228179931
ELHRGNS,1.4436249732971191,-2.6057982444763184,0.7142857142857143,0.1428571428571428,0.2623966336250305,0.1623966336250305
ESTVLGN,-1.2551523447036743,-4.926147937774658,0.7142857142857143,0.2857142857142857,0.0151232276111841,0.0
ANWRNLN,-2.338843822479248,-0.4160503149032593,0.7142857142857143,0.2857142857142857,0.3510869443416595,0.2510869443416595
AYGRSQN,0.2565722167491913,-0.00918291974812746,0.4285714285714285,0.2857142857142857,0.5391108989715576,0.3391108989715576
PYTRHKN,-3.3275811672210693,0.7022056579589844,0.5714285714285714,0.4285714285714285,0.237612247467041,0.087612247467041
ENRHSTN,1.1209698915481567,-3.474296808242798,0.5714285714285714,0.2857142857142857,0.1698430925607681,0.0198430925607681
YYIKSKL,-3.2889404296875,1.0171458721160889,0.5714285714285714,0.4285714285714285,0.2420469373464584,0.0920469373464584
PYWRSND,-3.040609121322632,1.4449310302734375,0.5714285714285714,0.2857142857142857,0.2705472409725189,0.1205472409725189
YHRERIN,0.22417572140693665,0.17614924907684326,0.4285714285714285,0.2857142857142857,0.558861255645752,0.358861255645752
YHRVSRD,0.7379198670387268,1.041353464126587,0.4285714285714285,0.2857142857142857,0.6510637998580933,0.4510637998580933
LWIRSNN,-1.4372724294662476,0.5558581352233887,0.5714285714285714,0.2857142857142857,0.4545578062534332,0.3045578062534332
IYDRMNN,-0.20687495172023773,-1.4981791973114014,0.7142857142857143,0.1428571428571428,0.3804326057434082,0.2804326057434082
FHMKAPN,1.1995702981948853,-1.213787317276001,0.5714285714285714,0.4285714285714285,0.4107394814491272,0.2607394814491272
FDTTSKN,1.3748571872711182,-4.551115036010742,0.7142857142857143,0.5714285714285714,0.0550894737243652,0.0
THHRNEM,0.14756456017494202,-1.9609150886535645,0.7142857142857143,0.0,0.331120103597641,0.231120103597641
TRRISPN,-2.8837971687316895,-0.3409586250782013,0.4285714285714285,0.2857142857142857,0.2885441184043884,0.0885441184043884
EYHGSPN,0.24074287712574005,-3.3157055377960205,0.5714285714285714,0.2857142857142857,0.1867437362670898,0.0367437362670898
VAKRTED,1.1315319538116455,-3.8591091632843018,0.5714285714285714,0.5714285714285714,0.1288346648216247,0.0
YHRKWSN,-3.156071901321411,-0.057190775871276855,0.4285714285714285,0.2857142857142857,0.2572959065437317,0.0572959065437317
HYRRDIN,-1.3697689771652222,-0.35772281885147095,0.5714285714285714,0.0,0.4623050093650818,0.3123050093650817
IYHRSNR,-4.070713996887207,1.3907666206359863,0.5714285714285714,0.1428571428571428,0.1523249149322509,0.0023249149322509
YHHWNSA,-0.7269734144210815,-0.15822438895702362,0.7142857142857143,0.1428571428571428,0.5232279300689697,0.4232279300689697
QYSGNIW,-2.245465040206909,-1.1168633699417114,0.7142857142857143,0.4285714285714285,0.3618037700653076,0.2618037700653076
SMSRVDD,0.8763434886932373,-3.735133647918701,0.7142857142857143,0.2857142857142857,0.1420464068651199,0.0420464068651199
YSRSSGN,2.498208522796631,2.3260834217071533,0.4285714285714285,0.1428571428571428,0.7879739999771118,0.5879739999771119
QMRQFFS,-3.2771942615509033,-0.23389004170894623,0.7142857142857143,0.5714285714285714,0.2433950155973434,0.1433950155973434
YELRLNQ,-0.4442330002784729,-1.6719151735305786,0.5714285714285714,0.4285714285714285,0.361918032169342,0.211918032169342
AYHRSAN,0.12169026583433151,1.1740225553512573,0.5714285714285714,0.1428571428571428,0.6334757208824158,0.4834757208824157
YKSKKNA,-1.7021729946136475,0.3310929536819458,0.7142857142857143,0.2857142857142857,0.4241559207439422,0.3241559207439423
ERSREGV,0.31209784746170044,-4.061346054077148,0.5714285714285714,0.5714285714285714,0.1072828322649002,0.0
YHASNHN,0.5734668970108032,-2.9241819381713867,0.5714285714285714,0.2857142857142857,0.2284673452377319,0.0784673452377319
YYRSFVI,-3.1669702529907227,-0.24316325783729553,0.5714285714285714,0.2857142857142857,0.2560451328754425,0.1060451328754425
YIRLNSN,0.8011807799339294,-1.212923288345337,0.2857142857142857,0.1428571428571428,0.4108315706253052,0.1608315706253051
YYRRSMA,-2.9582102298736572,0.9965940117835999,0.5714285714285714,0.2857142857142857,0.280003935098648,0.130003935098648
SYRLFQN,-2.824754476547241,1.2865989208221436,0.5714285714285714,0.2857142857142857,0.2953203022480011,0.1453203022480011
HVHRMRP,-2.7438623905181885,-0.03355509042739868,0.7142857142857143,0.2857142857142857,0.3046040534973144,0.2046040534973144
YWEKHAN,-0.4818195104598999,0.0344652496278286,0.7142857142857143,0.4285714285714285,0.5437623858451843,0.4437623858451843
YMLRSGK,-3.855617046356201,-0.10915620625019073,0.7142857142857143,0.4285714285714285,0.1770110130310058,0.0770110130310058
YDSLFTN,-2.4645183086395264,-0.631231427192688,0.5714285714285714,0.4285714285714285,0.3366636037826538,0.1866636037826538
YHRRGDN,-0.21785835921764374,1.165798544883728,0.2857142857142857,0.1428571428571428,0.5945066809654236,0.3445066809654236
YYKTKGM,-2.288647174835205,0.17660649120807648,0.7142857142857143,0.5714285714285714,0.3568478524684906,0.2568478524684906
YKYKLLA,-2.863016366958618,-1.0380679368972778,0.7142857142857143,0.1428571428571428,0.2909290790557861,0.1909290790557861
YSMTYNH,-1.978177547454834,-1.4362139701843262,0.7142857142857143,0.2857142857142857,0.3870360851287842,0.2870360851287842
VYPRDNN,0.7586503624916077,-2.0885281562805176,0.5714285714285714,0.2857142857142857,0.3175207078456878,0.1675207078456878
YSRSAIN,2.2699363231658936,1.1106626987457275,0.2857142857142857,0.1428571428571428,0.6584498882293701,0.4084498882293701
YHRHHGN,0.11677730083465576,1.2099891901016235,0.4285714285714285,0.2857142857142857,0.6329118609428406,0.4329118609428406
QYHHSNT,0.24926994740962982,-0.6497816443443298,0.5714285714285714,0.2857142857142857,0.470844030380249,0.320844030380249
QYHRMGW,-3.4959709644317627,0.7635883092880249,0.5714285714285714,0.2857142857142857,0.2182866036891937,0.0682866036891937
MMWEYNN,-3.579802989959717,0.0895722359418869,0.7142857142857143,0.4285714285714285,0.2086654305458068,0.1086654305458069
MYSRANN,1.9002363681793213,1.3881070613861084,0.7142857142857143,0.1428571428571428,0.6880162954330444,0.5880162954330445
YYHRLYN,-2.7061331272125244,0.9818422198295593,0.7142857142857143,0.1428571428571428,0.3089341521263122,0.2089341521263122
QYHRLWA,-3.899925470352173,1.1897363662719727,0.7142857142857143,0.2857142857142857,0.1719258427619934,0.0719258427619934
GFSHSSD,-0.4409298300743103,-3.8749608993530273,0.7142857142857143,0.4285714285714285,0.1271453946828842,0.0271453946828842
AYGMSYN,-1.867152452468872,-1.6946511268615723,0.7142857142857143,0.2857142857142857,0.3594951331615448,0.2594951331615448
QFRNPNN,1.210976481437683,-2.764958143234253,0.5714285714285714,0.4285714285714285,0.2454353868961334,0.0954353868961334
VHHILNN,-0.7211057543754578,-2.5556681156158447,0.5714285714285714,0.1428571428571428,0.2677388787269592,0.1177388787269592
YCRDNEY,-4.137791156768799,0.23833949863910675,0.5714285714285714,0.4285714285714285,0.144626647233963,0.0
VYHRCYN,-4.318650722503662,1.5881469249725342,0.5714285714285714,0.2857142857142857,0.1238698959350586,0.0
QQYVAIE,-0.5299292206764221,-3.1404547691345215,0.7142857142857143,0.5714285714285714,0.2054197341203689,0.1054197341203689
YHTRASN,1.5351502895355225,-0.4464389681816101,0.5714285714285714,0.1428571428571428,0.4925137460231781,0.3425137460231781
YSRNANN,2.9078173637390137,2.0057103633880615,0.1428571428571428,0.1428571428571428,0.7538326382637024,0.4538326382637024
VYHRQMI,-2.3562324047088623,1.0157270431518555,0.4285714285714285,0.1428571428571428,0.3490912914276123,0.1490912914276123
QYRRGNT,-2.735628366470337,-0.03191961348056793,0.7142857142857143,0.2857142857142857,0.3055490553379059,0.2055490553379059
YVAKTKN,-2.091468095779419,-0.5274593234062195,0.7142857142857143,0.4285714285714285,0.3794775605201721,0.2794775605201721
HVHRSKA,-3.050189256668091,0.0034984969533979893,0.7142857142857143,0.1428571428571428,0.2694477438926697,0.1694477438926697
YHRGVFY,-2.6654210090637207,0.7626854777336121,0.5714285714285714,0.4285714285714285,0.3136065602302551,0.1636065602302551
AYSRSNN,0.37142214179039,1.7361077070236206,0.5714285714285714,0.0,0.6621367931365967,0.5121367931365967
YHRLYFS,-3.3947997093200684,1.762632966041565,0.4285714285714285,0.2857142857142857,0.2298977524042129,0.0298977524042129
IYVRLYS,-3.773298978805542,1.6733527183532715,0.5714285714285714,0.2857142857142857,0.1864584237337112,0.0364584237337112
YSHEIWK,-1.8605422973632812,-0.3643985986709595,0.7142857142857143,0.1428571428571428,0.4059802889823913,0.3059802889823914
QHSRASN,1.4632576704025269,-2.067779064178467,0.5714285714285714,0.1428571428571428,0.3197318911552429,0.1697318911552429
YKRWVAN,-3.160684585571289,0.5647650361061096,0.5714285714285714,0.1428571428571428,0.2567664980888366,0.1067664980888366
WYKNSSN,0.18029114603996277,-0.27438968420028687,0.5714285714285714,0.2857142857142857,0.5108485221862793,0.3608485221862793
VHRHGGN,0.014913955703377724,-1.1708080768585205,0.5714285714285714,0.1428571428571428,0.4153196513652801,0.2653196513652801
DGYILDD,-1.2258880138397217,-2.8901920318603516,0.7142857142857143,0.5714285714285714,0.2320895493030548,0.1320895493030548
IHFRSLY,-3.859252452850342,0.11711960285902023,0.7142857142857143,0.2857142857142857,0.1765937805175781,0.0765937805175781
YYLKSWN,-2.704948902130127,1.451643705368042,0.5714285714285714,0.2857142857142857,0.3090700507164001,0.1590700507164001
YYHREAN,-0.7902910709381104,0.06906438618898392,0.7142857142857143,0.1428571428571428,0.5288101434707642,0.4288101434707642
VHHRLME,1.0834734439849854,-0.33525845408439636,0.5714285714285714,0.1428571428571428,0.5043619275093079,0.3543619275093078
KDVASVN,0.4215182662010193,-4.334292411804199,0.7142857142857143,0.5714285714285714,0.0781956762075424,0.0
PYVQLND,-1.3336890935897827,-0.9262611269950867,0.5714285714285714,0.2857142857142857,0.4413803815841675,0.2913803815841674
VEHRSNQ,0.746772050857544,-1.8055137395858765,0.5714285714285714,0.2857142857142857,0.3476807773113251,0.197680777311325
SYSRLHE,0.7578845620155334,1.5178667306900024,0.5714285714285714,0.4285714285714285,0.7018444538116455,0.5518444538116455
YDRSCNF,-4.206964015960693,-0.007717093452811241,0.5714285714285714,0.4285714285714285,0.1366878747940063,0.0
YHKIMTN,0.9910568594932556,-0.2716386616230011,0.5714285714285714,0.2857142857142857,0.5111417174339294,0.3611417174339294
YLHMGCC,-3.9483087062835693,0.14721117913722992,0.7142857142857143,0.4285714285714285,0.1663730442523956,0.0663730442523956
DMHSSNY,0.5676264762878418,-3.4346578121185303,0.7142857142857143,0.2857142857142857,0.1740673035383224,0.0740673035383224
YMKMTHN,1.1252280473709106,-1.109184980392456,0.5714285714285714,0.2857142857142857,0.421886682510376,0.2718866825103759
NSHRSNP,1.0618678331375122,-2.192277669906616,0.5714285714285714,0.1428571428571428,0.3064644038677215,0.1564644038677215
TSLTVRN,1.0128962993621826,-3.1677653789520264,0.5714285714285714,0.5714285714285714,0.2025093138217926,0.0525093138217926
VLYISNW,-3.6541616916656494,1.302429437637329,0.7142857142857143,0.4285714285714285,0.2001314908266067,0.1001314908266067
YYRHLLG,-2.7811810970306396,0.5170000195503235,0.5714285714285714,0.2857142857142857,0.300321102142334,0.150321102142334
LYSRSMN,0.031998373568058014,1.1904362440109253,0.5714285714285714,0.1428571428571428,0.6231819987297058,0.4731819987297058
VHRSSNC,-3.6236133575439453,1.0537241697311401,0.4285714285714285,0.2857142857142857,0.2036374360322952,0.0036374360322952
YQRNALN,1.828507423400879,-2.809614658355713,0.2857142857142857,0.2857142857142857,0.240676462650299,0.0
YHRIQNE,1.810984492301941,-0.7370274066925049,0.4285714285714285,0.1428571428571428,0.4615464806556701,0.2615464806556702
THLRSVA,1.6454923152923584,-2.6016430854797363,0.4285714285714285,0.4285714285714285,0.2628394365310669,0.0628394365310669
FLRAINN,-0.29372215270996094,-2.5763397216796875,0.5714285714285714,0.4285714285714285,0.2655359506607055,0.1155359506607055
YVQRSGV,1.7092868089675903,-0.8996542096138,0.5714285714285714,0.2857142857142857,0.4442157745361328,0.2942157745361328
IYARSWM,-4.110226154327393,1.7344452142715454,0.5714285714285714,0.4285714285714285,0.1477902084589004,0.0
TYSREEK,0.6736284494400024,-2.208005666732788,0.7142857142857143,0.2857142857142857,0.3047883212566376,0.2047883212566376
YYRDDWN,-1.7002276182174683,0.6540120840072632,0.5714285714285714,0.2857142857142857,0.4243791699409485,0.2743791699409484
YIDVDNT,-0.35417085886001587,-4.266364574432373,0.7142857142857143,0.2857142857142857,0.0854345634579658,0.0
LYRSKNN,-1.7413643598556519,-0.3657941520214081,0.4285714285714285,0.2857142857142857,0.4196580052375793,0.2196580052375793
LYHRIGS,0.17703117430210114,0.8848341703414917,0.5714285714285714,0.1428571428571428,0.6343839168548584,0.4843839168548584
YYMRSNP,-1.4180028438568115,0.7145550847053528,0.4285714285714285,0.2857142857142857,0.4567693471908569,0.256769347190857
QHERGRN,-0.41014811396598816,-1.7515628337860107,0.4285714285714285,0.2857142857142857,0.3534302115440368,0.1534302115440368
HQRAINV,0.8809892535209656,-3.1316637992858887,0.7142857142857143,0.2857142857142857,0.2063565552234649,0.1063565552234649
YYHTYMF,-3.465026617050171,-0.5757906436920166,0.7142857142857143,0.4285714285714285,0.2218380123376846,0.1218380123376846
ELQRINY,-0.44458338618278503,-2.648425817489624,0.7142857142857143,0.5714285714285714,0.2578539252281189,0.1578539252281189
IPVSGSN,0.3381420373916626,-4.610734462738037,0.5714285714285714,0.1428571428571428,0.0487359911203384,0.0
QYRKSDM,-0.26109057664871216,-1.3538601398468018,0.5714285714285714,0.4285714285714285,0.3958123028278351,0.2458123028278351
YYHRLIN,-3.2910211086273193,1.084977626800537,0.7142857142857143,0.1428571428571428,0.241808146238327,0.141808146238327
VRSRSNN,-4.403349876403809,0.2833821475505829,0.5714285714285714,0.1428571428571428,0.1141492053866386,0.0
CYSGVGN,-3.363001823425293,0.22139377892017365,0.7142857142857143,0.4285714285714285,0.233547106385231,0.133547106385231
MKHRIQW,-3.5089151859283447,0.20648539066314697,0.7142857142857143,0.5714285714285714,0.216801032423973,0.116801032423973
NYSVHNS,0.9783150553703308,-3.5083577632904053,0.7142857142857143,0.4285714285714285,0.1662133038043975,0.0662133038043975
YFHRNAY,-1.7809422016143799,0.5785073041915894,0.5714285714285714,0.4285714285714285,0.4151157736778259,0.2651157736778259
TYHRSLD,0.6329432129859924,0.9979674220085144,0.4285714285714285,0.1428571428571428,0.6464402079582214,0.4464402079582215
YYSGNNS,-0.40444162487983704,-2.3560609817504883,0.7142857142857143,0.2857142857142857,0.2890104651451111,0.1890104651451111
YHHRNDN,0.2726443409919739,-0.34054824709892273,0.5714285714285714,0.1428571428571428,0.503798246383667,0.3537982463836669
VYTRANN,1.4377975463867188,2.749725580215454,0.4285714285714285,0.0,0.784521758556366,0.584521758556366
DCHSSNH,-3.5667474269866943,-0.8177976608276367,0.7142857142857143,0.2857142857142857,0.2101637870073318,0.1101637870073318
QYLKSIY,-2.2795300483703613,2.2967028617858887,0.5714285714285714,0.1428571428571428,0.3578942120075226,0.2078942120075226
MERMKAN,1.6497365236282349,-2.8872857093811035,0.7142857142857143,0.2857142857142857,0.2323992699384689,0.1323992699384689
YYPNAND,-1.350633978843689,-1.8017206192016602,0.5714285714285714,0.1428571428571428,0.3480850160121918,0.1980850160121917
YSPRSLR,-3.493262767791748,-0.7180204391479492,0.5714285714285714,0.2857142857142857,0.218597412109375,0.068597412109375
YPSRFNN,0.47659051418304443,-1.8243262767791748,0.5714285714285714,0.2857142857142857,0.3456760048866272,0.1956760048866272
YVSRTPN,2.1860241889953613,-1.4419105052947998,0.5714285714285714,0.2857142857142857,0.3864290118217468,0.2364290118217468
VYSRNEN,0.45078739523887634,2.1649670600891113,0.5714285714285714,0.0,0.6712453365325928,0.5212453365325928
QECWFNA,-4.847558498382568,-0.5910038352012634,0.5714285714285714,0.5714285714285714,0.0631685927510261,0.0
NYHSHQS,0.23361985385417938,-1.9817113876342773,0.7142857142857143,0.2857142857142857,0.3289038836956024,0.2289038836956024
WKNHPLD,1.5294686555862427,-2.7224366664886475,0.7142857142857143,0.5714285714285714,0.2499667853116989,0.1499667853116989
YYIRSNN,-1.1265314817428589,1.3012901544570923,0.4285714285714285,0.1428571428571428,0.490220695734024,0.2902206957340241
WYHSGSL,-2.4774186611175537,-0.9145563244819641,0.5714285714285714,0.5714285714285714,0.3351830840110779,0.1851830840110779
VSDRGNK,0.822618842124939,-3.665212631225586,0.5714285714285714,0.2857142857142857,0.149497702717781,0.0
IYRVLQN,-1.996208906173706,-1.5310983657836914,0.7142857142857143,0.2857142857142857,0.3769245147705078,0.2769245147705078
NHHFGNN,-0.3878999650478363,-2.159106969833374,0.5714285714285714,0.2857142857142857,0.3099993169307709,0.1599993169307708
SYSRSNN,1.0727022886276245,2.1194589138031006,0.5714285714285714,0.1428571428571428,0.7426207661628723,0.5926207661628723
YHIRSNN,0.4560207426548004,0.002279251581057906,0.2857142857142857,0.1428571428571428,0.5403324365615845,0.2903324365615845
LVVKRVE,0.048232726752758026,-2.2228622436523438,0.7142857142857143,0.5714285714285714,0.3032051026821136,0.2032051026821136
ISRKEGN,1.4676042795181274,-3.0036792755126953,0.5714285714285714,0.4285714285714285,0.2199955284595489,0.0699955284595489
AAHPIHK,-0.7956650853157043,-2.3488430976867676,0.8571428571428571,0.5714285714285714,0.2897796630859375,0.2397796630859374
YHHRHND,0.16833625733852386,-0.14600758254528046,0.5714285714285714,0.2857142857142857,0.5245298743247986,0.3745298743247985
VYHEANS,-0.16547922790050507,-3.057922124862671,0.5714285714285714,0.4285714285714285,0.2142150104045868,0.0642150104045868
YYLKSMN,-1.250540018081665,-0.07893546670675278,0.5714285714285714,0.2857142857142857,0.4759886264801025,0.3259886264801025
KHRVNVR,-4.064356327056885,0.6916735172271729,0.7142857142857143,0.4285714285714285,0.1530545651912689,0.0530545651912689
YHRSQEN,1.0797744989395142,0.008180143311619759,0.4285714285714285,0.2857142857142857,0.5409612655639648,0.3409612655639649
TYSLSNN,0.30045148730278015,-1.4778176546096802,0.4285714285714285,0.1428571428571428,0.3826024830341339,0.1826024830341339
NYHRSSN,0.7073678374290466,1.2554062604904175,0.5714285714285714,0.0,0.6738747954368591,0.5238747954368591
YWSSYTL,-4.369148254394531,0.3846660554409027,0.5714285714285714,0.4285714285714285,0.118074432015419,0.0
YYRRSDN,-1.021557331085205,0.8626037240028381,0.4285714285714285,0.1428571428571428,0.5022683143615723,0.3022683143615723
YHHRSSN,0.06909715384244919,1.469557523727417,0.4285714285714285,0.1428571428571428,0.6274397373199463,0.4274397373199463
FHHNSNN,0.1262064129114151,-2.0676004886627197,0.4285714285714285,0.2857142857142857,0.3197509050369262,0.1197509050369262
YYHMGIL,-3.08707594871521,-0.06749531626701355,0.7142857142857143,0.4285714285714285,0.2652143836021423,0.1652143836021423
VSHISEN,-0.23346127569675446,-3.90389347076416,0.4285714285714285,0.2857142857142857,0.1240621283650398,0.0
IWRRSTE,-1.39524507522583,0.2714596688747406,0.7142857142857143,0.2857142857142857,0.4593811929225921,0.3593811929225922
YYRRSYV,-3.5878052711486816,1.259395718574524,0.5714285714285714,0.2857142857142857,0.2077470272779464,0.0577470272779464
YYRDGNI,-0.3129557967185974,0.7296597361564636,0.5714285714285714,0.2857142857142857,0.5835925936698914,0.4335925936698913
YHHHEMN,0.18599094450473785,-1.5021106004714966,0.5714285714285714,0.4285714285714285,0.3800136744976043,0.2300136744976043
YYRSGGN,0.41036635637283325,-0.14374399185180664,0.2857142857142857,0.2857142857142857,0.5247710943222046,0.2747710943222046
YSHRTSN,2.02850341796875,0.2576533257961273,0.5714285714285714,0.1428571428571428,0.5675469040870667,0.4175469040870666
YHRTEGE,1.219783902168274,-1.2357157468795776,0.5714285714285714,0.4285714285714285,0.4084026217460632,0.2584026217460632
HHRLSSN,0.8139668107032776,1.3757247924804688,0.1428571428571428,0.1428571428571428,0.6866968274116516,0.3866968274116516
YHHRNDS,0.3415997624397278,-0.7486574649810791,0.5714285714285714,0.2857142857142857,0.4603070914745331,0.310307091474533
YYHRIEN,-1.6050026416778564,0.5570435523986816,0.7142857142857143,0.1428571428571428,0.435307890176773,0.3353078901767731
YYSSLNN,-1.6691598892211914,-1.2372921705245972,0.5714285714285714,0.1428571428571428,0.4082346260547638,0.2582346260547637
VGHRRNY,-3.9430620670318604,0.4088328182697296,0.7142857142857143,0.4285714285714285,0.1669751852750778,0.0669751852750778
YYHRSSN,-1.4665004014968872,1.0760574340820312,0.5714285714285714,0.1428571428571428,0.4512034058570862,0.3012034058570861
ISHVKSN,1.894879698753357,-2.984138011932373,0.7142857142857143,0.4285714285714285,0.2220779806375503,0.1220779806375503
YQHRSSN,0.8539403080940247,-0.018571533262729645,0.5714285714285714,0.2857142857142857,0.5381104350090027,0.3881104350090026
YAHRSNN,2.1390860080718994,1.2352080345153809,0.4285714285714285,0.1428571428571428,0.6717222929000854,0.4717222929000855
YYSSMEN,-1.713904619216919,-1.2060246467590332,0.5714285714285714,0.1428571428571428,0.4115667343139648,0.2615667343139648
YHRRQDN,-1.1255176067352295,0.5874910950660706,0.4285714285714285,0.2857142857142857,0.4903370440006256,0.2903370440006256
SYRLDNN,-0.16766326129436493,-0.8196918964385986,0.4285714285714285,0.4285714285714285,0.4527371525764465,0.2527371525764466
NYRHMNW,-2.401679277420044,0.39325273036956787,0.7142857142857143,0.4285714285714285,0.3438754677772522,0.2438754677772522
YYHLPMN,-2.9802422523498535,-0.5715823769569397,0.4285714285714285,0.2857142857142857,0.2774753868579864,0.0774753868579864
YFRLSTN,-1.5468791723251343,0.39094528555870056,0.2857142857142857,0.2857142857142857,0.4419785439968109,0.1919785439968109
NHHRSDS,0.6202071309089661,-1.0904321670532227,0.7142857142857143,0.2857142857142857,0.4238851070404053,0.3238851070404053
YYSRSNE,0.6123443245887756,-0.02924402244389057,0.5714285714285714,0.2857142857142857,0.5369730591773987,0.3869730591773986
YHHNSHN,-0.7981165647506714,-0.587417721748352,0.4285714285714285,0.2857142857142857,0.4774900078773498,0.2774900078773499
QYHPSNH,0.32342639565467834,-2.160335063934326,0.5714285714285714,0.2857142857142857,0.3098684549331665,0.1598684549331665
ISHINNS,1.0482184886932373,-4.286312580108643,0.7142857142857143,0.4285714285714285,0.0833087563514709,0.0
YYRRSNN,-3.154005289077759,0.9878677725791931,0.2857142857142857,0.0,0.2575330734252929,0.0075330734252929
YYRMQGN,-1.493443489074707,0.07466060668230057,0.5714285714285714,0.2857142857142857,0.4481112360954284,0.2981112360954284
YSKRSTN,-1.790108323097229,0.4645215570926666,0.4285714285714285,0.1428571428571428,0.414063811302185,0.214063811302185
YSSRSPN,2.5995349884033203,-0.8635753989219666,0.4285714285714285,0.2857142857142857,0.4480606019496918,0.2480606019496918
YSHRSNN,1.822951078414917,1.5215983390808105,0.4285714285714285,0.0,0.7022421360015869,0.502242136001587
VEHRGEN,1.0801498889923096,-3.0302493572235107,0.5714285714285714,0.2857142857142857,0.2171640247106552,0.0671640247106552
YSYTANW,-2.678189516067505,0.14732877910137177,0.5714285714285714,0.4285714285714285,0.3121411502361297,0.1621411502361297
YSHVSVS,0.6361215710639954,-1.4454020261764526,0.7142857142857143,0.1428571428571428,0.3860569298267364,0.2860569298267365
HHSRNNN,0.38973817229270935,-0.35043641924858093,0.5714285714285714,0.1428571428571428,0.5027444958686829,0.3527444958686828
YHMRSNN,0.6399373412132263,0.20908324420452118,0.2857142857142857,0.1428571428571428,0.5623709559440613,0.3123709559440613
MSHIANN,0.982101559638977,-4.123883247375488,0.5714285714285714,0.4285714285714285,0.1006184145808219,0.0
MYRNANN,1.8565104007720947,-1.6439578533172607,0.4285714285714285,0.2857142857142857,0.3648973703384399,0.1648973703384399
YSHRSTN,2.0999040603637695,0.9327888488769531,0.5714285714285714,0.0,0.6394942998886108,0.4894942998886108
YHHRSEE,1.2291010618209839,-0.014649213291704655,0.5714285714285714,0.2857142857142857,0.5385283827781677,0.3885283827781677
QSHSSSW,-0.6145561933517456,-1.8228704929351807,0.7142857142857143,0.4285714285714285,0.3458311259746551,0.2458311259746551
VSHSSNK,0.3629433810710907,-3.3459901809692383,0.7142857142857143,0.4285714285714285,0.1835163831710815,0.0835163831710815
YYPRVVN,-2.306222438812256,-1.0771121978759766,0.5714285714285714,0.2857142857142857,0.354830801486969,0.204830801486969
YYRRNIN,-3.187305450439453,0.6722379922866821,0.4285714285714285,0.1428571428571428,0.2537113130092621,0.0537113130092621
IWHRINN,-1.54973304271698,0.8880987763404846,0.7142857142857143,0.2857142857142857,0.4416510164737701,0.3416510164737701
YHHKNEN,0.46318840980529785,-0.5951720476150513,0.5714285714285714,0.2857142857142857,0.4766636490821838,0.3266636490821838
YYSRVNN,-0.3433108627796173,0.07294880598783493,0.5714285714285714,0.1428571428571428,0.5478634834289551,0.397863483428955
YSHRSMS,0.9122517108917236,0.6485673189163208,0.5714285714285714,0.2857142857142857,0.6092056035995483,0.4592056035995483
YYHRSVH,-1.6024508476257324,0.7816222906112671,0.5714285714285714,0.2857142857142857,0.4356007575988769,0.2856007575988769
YIHRQSN,0.05860669165849686,0.6872997879981995,0.7142857142857143,0.2857142857142857,0.6133332252502441,0.5133332252502442
YYVRLNN,-2.28788685798645,1.1519651412963867,0.5714285714285714,0.1428571428571428,0.3569351136684418,0.2069351136684417
IHHSINW,-1.670249104499817,-1.3136074542999268,0.7142857142857143,0.4285714285714285,0.4001019299030304,0.3001019299030304
YHRKSNN,-2.126732110977173,1.7935872077941895,0.1428571428571428,0.1428571428571428,0.3754304051399231,0.0754304051399231
YYHPSEQ,-1.765587329864502,-0.5115286111831665,0.5714285714285714,0.2857142857142857,0.4168780148029327,0.2668780148029327
YSHRSYN,-1.209729790687561,0.8159515857696533,0.5714285714285714,0.0,0.4806722700595855,0.3306722700595855
VYHRAQI,-0.22706013917922974,1.9482276439666748,0.4285714285714285,0.2857142857142857,0.5934505462646484,0.3934505462646485
YYSRNQN,-0.25346454977989197,-0.5135128498077393,0.5714285714285714,0.1428571428571428,0.4853658080101013,0.3353658080101013
EYHRGIN,0.4499799311161041,-0.20675769448280334,0.5714285714285714,0.2857142857142857,0.5180559158325195,0.3680559158325195
YYSKAEN,0.9794853329658508,-1.4278569221496582,0.5714285714285714,0.2857142857142857,0.3879266679286957,0.2379266679286956
AYHSSMA,0.8224962949752808,-2.4921936988830566,0.5714285714285714,0.2857142857142857,0.2745031714439392,0.1245031714439392
YSRRPNK,-3.1132655143737793,1.4982813596725464,0.5714285714285714,0.2857142857142857,0.2622086703777313,0.1122086703777313
YSHRSTN,2.0999040603637695,0.9327888488769531,0.5714285714285714,0.0,0.6394942998886108,0.4894942998886108
YYRRGSN,-3.059248208999634,0.48796790838241577,0.4285714285714285,0.1428571428571428,0.2684080898761749,0.0684080898761749
NHKRDNN,0.1879308670759201,-1.8189231157302856,0.5714285714285714,0.2857142857142857,0.3462518155574798,0.1962518155574798
YYASSSN,-0.8982072472572327,-2.445284605026245,0.4285714285714285,0.1428571428571428,0.2795021533966064,0.0795021533966064
QNHMAEA,-0.057353176176548004,-5.068060398101807,0.5714285714285714,0.5714285714285714,0.0,0.0
NYHRSSN,0.7073678374290466,1.2554062604904175,0.5714285714285714,0.0,0.6738747954368591,0.5238747954368591
TYSRSNN,1.0697753429412842,2.0232675075531006,0.5714285714285714,0.1428571428571428,0.742284893989563,0.592284893989563
VYYRLNN,-2.408116102218628,1.8610721826553345,0.5714285714285714,0.2857142857142857,0.343136727809906,0.193136727809906
QYHVASN,-0.20487280189990997,-1.8987092971801758,0.5714285714285714,0.4285714285714285,0.337749183177948,0.187749183177948
QSSRSQN,1.0691746473312378,-2.807356119155884,0.5714285714285714,0.2857142857142857,0.2409171611070633,0.0909171611070633
SSRRSNN,-2.911247968673706,-0.5537087321281433,0.4285714285714285,0.1428571428571428,0.2853936553001404,0.0853936553001404
YHRHLEA,0.7436608076095581,-0.11349683254957199,0.5714285714285714,0.4285714285714285,0.5279944539070129,0.3779944539070129
YHHRTSN,0.05276056006550789,0.9776347279548645,0.5714285714285714,0.1428571428571428,0.6255648732185364,0.4755648732185363
YYRRNQN,-3.4545342922210693,0.7979649901390076,0.4285714285714285,0.1428571428571428,0.2230421751737594,0.0230421751737594
SSHRSLN,0.2820030748844147,-1.565608024597168,0.5714285714285714,0.2857142857142857,0.3732469081878662,0.2232469081878662
YYRYSLN,-2.784938097000122,0.44641435146331787,0.4285714285714285,0.2857142857142857,0.2998899221420288,0.0998899221420288
YHHSSSN,0.40474066138267517,-1.3382115364074707,0.4285714285714285,0.2857142857142857,0.3974799215793609,0.1974799215793609
YTHDGID,0.008800029754638672,-3.864262342453003,0.5714285714285714,0.4285714285714285,0.1282855123281479,0.0
EYRRSYA,-1.9635577201843262,0.7174734473228455,0.5714285714285714,0.2857142857142857,0.3941574990749359,0.2441574990749359
YHHFYNN,-2.0901849269866943,-0.3252590298652649,0.4285714285714285,0.2857142857142857,0.3796248435974121,0.1796248435974121
YMRHSAN,1.173770785331726,0.12255940586328506,0.4285714285714285,0.2857142857142857,0.5531503558158875,0.3531503558158875
YTRLLVP,-1.0525809526443481,-1.842154622077942,0.5714285714285714,0.1428571428571428,0.3437760770320892,0.1937760770320892
YHRFGNN,0.1571217179298401,2.3541295528411865,0.2857142857142857,0.1428571428571428,0.6375420689582825,0.3875420689582824
YYSRANN,0.6071957349777222,0.30675768852233887,0.5714285714285714,0.1428571428571428,0.5727798342704773,0.4227798342704773
YHHRSEN,0.5042349100112915,0.9122361540794373,0.4285714285714285,0.1428571428571428,0.6373040676116943,0.4373040676116944
YYRRSND,-0.6906285881996155,0.5021147131919861,0.4285714285714285,0.1428571428571428,0.5402480959892273,0.3402480959892273
QYHRAST,0.6209875345230103,0.6647288203239441,0.5714285714285714,0.4285714285714285,0.6109278798103333,0.4609278798103332
YFHRESN,-0.9202113151550293,0.07709910720586777,0.7142857142857143,0.2857142857142857,0.5138995051383972,0.4138995051383972
YYRRYSQ,-3.7118186950683594,0.30968114733695984,0.7142857142857143,0.2857142857142857,0.193514347076416,0.093514347076416
YVSRNNN,2.1895971298217773,-1.837981939315796,0.5714285714285714,0.1428571428571428,0.344220757484436,0.194220757484436
YYHRSTT,-1.595706820487976,0.4516008794307709,0.4285714285714285,0.1428571428571428,0.4363747239112854,0.2363747239112854
YNRRSVQ,-3.2564899921417236,-1.0177758932113647,0.5714285714285714,0.2857142857142857,0.2457711845636367,0.0957711845636367
YRVRGNN,-3.182535171508789,-0.23936399817466736,0.5714285714285714,0.2857142857142857,0.254258781671524,0.104258781671524
YSHRLNF,-1.2447720766067505,-0.12286891788244247,0.7142857142857143,0.2857142857142857,0.4766505658626556,0.3766505658626556
NHRVSDN,0.7335269451141357,-2.5017406940460205,0.4285714285714285,0.2857142857142857,0.273485779762268,0.073485779762268
EHHRFNQ,-0.2064136564731598,-1.4020143747329712,0.7142857142857143,0.2857142857142857,0.3906806409358978,0.2906806409358978
QLSFLGN,-1.0386991500854492,-3.5522301197052,0.5714285714285714,0.4285714285714285,0.1615379452705383,0.0115379452705383
VYRRSTN,-2.452535390853882,1.1506547927856445,0.4285714285714285,0.1428571428571428,0.3380388617515564,0.1380388617515564
ILRVGGQ,1.4583463668823242,-3.4730656147003174,0.7142857142857143,0.5714285714285714,0.1699742972850799,0.0699742972850799
QKHRYNN,-3.5913732051849365,0.11760702729225159,0.7142857142857143,0.2857142857142857,0.2073375582695007,0.1073375582695007
YFRRSNN,-3.279209852218628,1.0475459098815918,0.2857142857142857,0.1428571428571428,0.2431636899709701,0.0
YHSLVNG,0.40253111720085144,-2.693760871887207,0.4285714285714285,0.4285714285714285,0.253022700548172,0.053022700548172
VHHRKGN,-3.7479453086853027,1.211606502532959,0.5714285714285714,0.2857142857142857,0.1893682032823562,0.0393682032823562
YSGRSIA,2.2183034420013428,-1.0241779088974,0.5714285714285714,0.2857142857142857,0.4309456348419189,0.2809456348419189
YYHLSNS,-2.053755283355713,-0.49915245175361633,0.4285714285714285,0.1428571428571428,0.3838057518005371,0.1838057518005371
PHHLDVN,-0.9163127541542053,-2.9334912300109863,0.5714285714285714,0.4285714285714285,0.2274752706289291,0.0774752706289291
QYSRFFN,-3.581465005874634,1.0893676280975342,0.7142857142857143,0.2857142857142857,0.2084746956825256,0.1084746956825256
YSHRSVD,1.977480411529541,-0.12609270215034485,0.5714285714285714,0.1428571428571428,0.5266521573066711,0.3766521573066711
YYDVSNN,-1.5204222202301025,-1.0003300905227661,0.4285714285714285,0.1428571428571428,0.433487057685852,0.233487057685852
YYHRSHN,-1.2537297010421753,0.49114611744880676,0.5714285714285714,0.0,0.4756225049495697,0.3256225049495697
YYSRSNN,0.5108199119567871,0.6452360153198242,0.4285714285714285,0.1428571428571428,0.6088505983352661,0.4088505983352661
IYARQNN,0.878164529800415,0.4092289209365845,0.7142857142857143,0.1428571428571428,0.5836999416351318,0.4836999416351318
VYSWYAN,-3.844552516937256,0.5246601104736328,0.7142857142857143,0.4285714285714285,0.1782808601856231,0.0782808601856231
YLQLNYS,-2.814873218536377,-0.5697380304336548,0.5714285714285714,0.5714285714285714,0.2964543402194977,0.1464543402194977
YYRSFNN,-1.2189081907272339,0.18319310247898102,0.4285714285714285,0.1428571428571428,0.4796188771724701,0.2796188771724701
YHHSSNV,0.7068723440170288,-0.8008377552032471,0.4285714285714285,0.2857142857142857,0.4547463655471802,0.2547463655471802
YHSRSGN,1.2690919637680054,-0.0968240275979042,0.4285714285714285,0.1428571428571428,0.5297712087631226,0.3297712087631226
RYRHYTN,-4.345555782318115,0.05652724206447601,0.5714285714285714,0.4285714285714285,0.1207820773124694,0.0
YERRVAN,0.5971561670303345,-1.9528275728225708,0.5714285714285714,0.2857142857142857,0.3319819569587707,0.1819819569587707
YYHRSVK,-3.8778512477874756,1.0958260297775269,0.5714285714285714,0.2857142857142857,0.1744592487812042,0.0244592487812042
YHSSSYN,-0.4203532338142395,-2.3242101669311523,0.4285714285714285,0.2857142857142857,0.2924047112464905,0.0924047112464905
YHHSYKN,-0.687133252620697,-0.1853305548429489,0.5714285714285714,0.2857142857142857,0.5203393697738647,0.3703393697738647
HHHRMHN,-1.4930301904678345,-0.1188390925526619,0.5714285714285714,0.2857142857142857,0.4481586813926697,0.2981586813926696
YSHLTNN,1.4456533193588257,-1.228834629058838,0.4285714285714285,0.2857142857142857,0.4091359376907348,0.2091359376907348
YSRLSNA,3.006568193435669,1.2216129302978516,0.2857142857142857,0.1428571428571428,0.6702735424041748,0.4202735424041748
EHRRSNN,-0.9988784790039062,-0.2010367214679718,0.2857142857142857,0.1428571428571428,0.5048710703849792,0.2548710703849792
YSRSLGN,1.5712090730667114,2.120896100997925,0.4285714285714285,0.1428571428571428,0.7661076784133911,0.5661076784133912
YVHRSNN,0.9498796463012695,1.3815511465072632,0.4285714285714285,0.1428571428571428,0.6873177289962769,0.4873177289962769
YYSRNNN,0.3166384696960449,-0.7476240992546082,0.5714285714285714,0.0,0.4604172706604004,0.3104172706604003
IYSDSNN,-0.713858425617218,-2.2640717029571533,0.4285714285714285,0.1428571428571428,0.29881352186203,0.09881352186203
IYHRNNN,0.5350426435470581,0.2619536221027374,0.7142857142857143,0.1428571428571428,0.5680052638053894,0.4680052638053894
HHHRLET,-0.9510465860366821,0.5541539192199707,0.7142857142857143,0.2857142857142857,0.5103606581687927,0.4103606581687927
NYRYLGN,-2.3862545490264893,0.12406899780035019,0.7142857142857143,0.2857142857142857,0.3456457257270813,0.2456457257270813
YSSDATD,-0.6510351300239563,-3.7188470363616943,0.5714285714285714,0.4285714285714285,0.1437820345163345,0.0
YKHFSNI,-0.4037036597728729,0.10461976379156113,0.5714285714285714,0.4285714285714285,0.5512385964393616,0.4012385964393615
VHRHGNL,0.3794177770614624,0.5850400924682617,0.5714285714285714,0.1428571428571428,0.6024356484413147,0.4524356484413147
YSHRGNL,1.223642110824585,0.06618724018335342,0.5714285714285714,0.2857142857142857,0.5471429228782654,0.3971429228782653
YSSRSNI,2.051781177520752,-1.1069639921188354,0.5714285714285714,0.2857142857142857,0.4221233427524566,0.2721233427524566
YHYSGFV,-2.6643664836883545,0.20551933348178864,0.5714285714285714,0.4285714285714285,0.3137275874614715,0.1637275874614715
YYRSSNS,0.26765212416648865,-0.11011015623807907,0.4285714285714285,0.1428571428571428,0.5283553600311279,0.328355360031128
YYSKSSN,1.3183820247650146,-0.9696363210678101,0.4285714285714285,0.2857142857142857,0.4367579817771911,0.2367579817771911
YSHRSEI,1.0637435913085938,0.6748918890953064,0.7142857142857143,0.2857142857142857,0.6120109558105469,0.5120109558105469
VSARSNN,1.6914576292037964,-3.0913124084472656,0.5714285714285714,0.1428571428571428,0.2106567025184631,0.0606567025184631
YSHRSHQ,-0.20159272849559784,0.4797156751155853,0.7142857142857143,0.2857142857142857,0.5912115573883057,0.4912115573883057
YVRPLFS,-3.154268264770508,0.8925554752349854,0.5714285714285714,0.5714285714285714,0.2575028836727142,0.1075028836727142
YYHNHSS,-1.4985188245773315,-1.4764785766601562,0.5714285714285714,0.4285714285714285,0.3827451765537262,0.2327451765537262
YYHRGEA,0.06672336161136627,1.6653269529342651,0.7142857142857143,0.2857142857142857,0.627167284488678,0.527167284488678
YSTRGND,2.1698663234710693,-2.5602145195007324,0.5714285714285714,0.2857142857142857,0.2672543823719024,0.1172543823719024
YHHRNSN,-0.11133608222007751,0.6139152646064758,0.5714285714285714,0.1428571428571428,0.6055128574371338,0.4555128574371337
YVDRSNN,1.6332013607025146,-1.8690087795257568,0.4285714285714285,0.2857142857142857,0.3409143090248108,0.1409143090248108
IYRRGTM,-3.148887872695923,0.7697656154632568,0.5714285714285714,0.2857142857142857,0.2581203877925873,0.1081203877925872
HYRRSNN,-3.9808104038238525,0.32674992084503174,0.4285714285714285,0.1428571428571428,0.1626429110765457,0.0
ISHRSSS,1.2784337997436523,-1.752166986465454,0.7142857142857143,0.2857142857142857,0.353365808725357,0.2533658087253571
LHRPSAT,1.0652483701705933,-2.0006606578826904,0.4285714285714285,0.4285714285714285,0.3268845081329345,0.1268845081329346
FYRRHNN,-3.808732271194458,0.44079217314720154,0.5714285714285714,0.2857142857142857,0.1823918521404266,0.0323918521404266
QHLYSEA,-1.0125383138656616,-2.491530179977417,0.5714285714285714,0.5714285714285714,0.2745738625526428,0.1245738625526428
ISHSMNN,1.1773432493209839,-4.243913650512695,0.7142857142857143,0.2857142857142857,0.08782709389925,0.0
YSRSSNN,2.7260994911193848,1.5295071601867676,0.2857142857142857,0.1428571428571428,0.7030849456787109,0.4530849456787109
QSRRLIN,-3.554060697555542,-0.6195101141929626,0.4285714285714285,0.4285714285714285,0.2116198092699051,0.0116198092699051
QYHRSTN,0.6080417633056641,1.295947790145874,0.4285714285714285,0.1428571428571428,0.6781951785087585,0.4781951785087586
LMHRGNS,1.5068819522857666,-1.7836549282073975,0.5714285714285714,0.2857142857142857,0.3500102162361145,0.2000102162361145
YHRRSDA,-0.68575119972229,0.9543470740318298,0.4285714285714285,0.2857142857142857,0.5408079028129578,0.3408079028129578
YYRDSTN,-0.15195806324481964,-0.14377868175506592,0.4285714285714285,0.2857142857142857,0.5247673988342285,0.3247673988342285
YYHSGNN,-0.8664641380310059,-0.040136244148015976,0.4285714285714285,0.1428571428571428,0.5200679302215576,0.3200679302215576
YHRRLLN,-3.4520485401153564,1.1005138158798218,0.4285714285714285,0.2857142857142857,0.2233274579048156,0.0233274579048156
YHRHKNN,-2.122637987136841,1.1477012634277344,0.2857142857142857,0.2857142857142857,0.3759002983570099,0.1259002983570099
YYHHSNN,-1.2241413593292236,-0.7616442441940308,0.4285714285714285,0.1428571428571428,0.4589231312274933,0.2589231312274933
QSHRSVN,0.8564820289611816,-0.9839823842048645,0.5714285714285714,0.1428571428571428,0.4352291524410248,0.2852291524410247
YHRRSQS,-3.211693048477173,1.7049782276153564,0.4285714285714285,0.2857142857142857,0.2509123980998993,0.0509123980998993
YYHRSNN,-0.9529139399528503,1.031571388244629,0.4285714285714285,0.0,0.5101463198661804,0.3101463198661804
YGHRKNG,-2.19305419921875,0.4435594975948334,0.7142857142857143,0.2857142857142857,0.3678188025951385,0.2678188025951385
PYSYSQN,-1.5212969779968262,0.18279296159744263,0.5714285714285714,0.2857142857142857,0.4449145495891571,0.2949145495891571
YSHMIEN,-0.48714834451675415,-1.8415638208389282,0.5714285714285714,0.2857142857142857,0.3438390493392944,0.1938390493392944
HHHRSEN,-0.5888287425041199,1.3086594343185425,0.5714285714285714,0.2857142857142857,0.5519313812255859,0.4019313812255859
YYRRTNA,-2.9846580028533936,0.8953561186790466,0.5714285714285714,0.2857142857142857,0.2769685983657837,0.1269685983657837
YWSRSNN,-1.1561213731765747,1.2476330995559692,0.4285714285714285,0.1428571428571428,0.4868247807025909,0.286824780702591
YYHRGNN,-0.6420488953590393,1.3694806098937988,0.5714285714285714,0.0,0.5458234548568726,0.3958234548568725
YSHRVTN,1.1949647665023804,0.08334475010633469,0.5714285714285714,0.1428571428571428,0.5489713549613953,0.3989713549613952
YKSLSNN,2.447722911834717,-1.1417276859283447,0.2857142857142857,0.1428571428571428,0.418418675661087,0.168418675661087
YYHVQNG,-1.180848240852356,-0.8985929489135742,0.5714285714285714,0.2857142857142857,0.4443289041519165,0.2943289041519165
YYSKSNS,1.4953645467758179,-1.2235023975372314,0.4285714285714285,0.1428571428571428,0.409704178571701,0.209704178571701
YSRRLIN,-2.4395217895507812,1.0193312168121338,0.4285714285714285,0.2857142857142857,0.3395324051380157,0.1395324051380157
YSHREGI,1.4777774810791016,-1.5955079793930054,0.7142857142857143,0.2857142857142857,0.370060533285141,0.270060533285141
YAHSGHE,0.2570835053920746,-2.2968242168426514,0.4285714285714285,0.4285714285714285,0.2953231632709503,0.0953231632709503
VYRRQSN,-2.8887939453125,0.8291468024253845,0.5714285714285714,0.2857142857142857,0.2879706621170044,0.1379706621170044
YYHSSLN,-1.6525895595550537,-0.28652703762054443,0.4285714285714285,0.1428571428571428,0.4298464655876159,0.2298464655876159
FHHRVNN,-0.10371142625808716,0.07463985681533813,0.5714285714285714,0.2857142857142857,0.5480436682701111,0.398043668270111
IYHSDVN,-0.4816482663154602,-1.6839299201965332,0.5714285714285714,0.4285714285714285,0.3606376647949219,0.2106376647949218
HHRRIIS,-4.369527339935303,0.2267143726348877,0.7142857142857143,0.4285714285714285,0.1180309280753135,0.0180309280753135
YSRKSIS,-1.7805393934249878,1.1894240379333496,0.4285714285714285,0.2857142857142857,0.4151619970798492,0.2151619970798492
IWHHQIN,-1.6015126705169678,-1.098293423652649,0.7142857142857143,0.4285714285714285,0.4230473637580871,0.3230473637580872
YSFSLNN,-2.36812162399292,0.22003459930419922,0.5714285714285714,0.1428571428571428,0.3477267920970917,0.1977267920970916
YSSRMTN,2.3761935234069824,-2.9436395168304443,0.5714285714285714,0.2857142857142857,0.2263938039541244,0.0763938039541244
VIHRLNN,0.2190389782190323,0.02303433045744896,0.7142857142857143,0.1428571428571428,0.5425441861152649,0.4425441861152649
YSSSSNN,0.7958909869194031,-3.388707399368286,0.4285714285714285,0.0,0.1789641231298446,0.0
YYRKSNT,-3.0621349811553955,0.8868346214294434,0.4285714285714285,0.2857142857142857,0.2680767774581909,0.0680767774581909
EHHRSSQ,0.556359589099884,-0.37787601351737976,0.5714285714285714,0.2857142857142857,0.4998203217983246,0.3498203217983245
YYHKATN,0.6505186557769775,0.09974704682826996,0.4285714285714285,0.2857142857142857,0.5507193207740784,0.3507193207740784
NSAASLA,-0.22535118460655212,-4.039263725280762,0.7142857142857143,0.5714285714285714,0.1096360832452774,0.0096360832452774
YYHSNNE,-0.9284874796867371,-0.9780035614967346,0.5714285714285714,0.2857142857142857,0.4358663260936737,0.2858663260936737
YYRRSNH,-3.9883460998535156,0.969137966632843,0.4285714285714285,0.1428571428571428,0.161778062582016,0.0
YYSSMNN,-1.3684712648391724,-2.0610573291778564,0.5714285714285714,0.1428571428571428,0.3204481899738312,0.1704481899738311
YKARDGA,1.5186094045639038,-2.523911476135254,0.7142857142857143,0.5714285714285714,0.2711230814456939,0.171123081445694
YYHKSNN,0.5163589119911194,0.020268311724066734,0.4285714285714285,0.1428571428571428,0.5422495007514954,0.3422495007514954
KHIRSNN,-3.806230306625366,0.7531492114067078,0.4285714285714285,0.2857142857142857,0.1826789826154709,0.0
YHSRLHD,1.6946824789047241,-1.1485786437988281,0.5714285714285714,0.4285714285714285,0.4176886081695556,0.2676886081695556
YSKDSDE,0.6454199552536011,-2.59883189201355,0.5714285714285714,0.4285714285714285,0.263139009475708,0.113139009475708
YEHRVDM,0.11124260723590851,-3.0222930908203125,0.7142857142857143,0.1428571428571428,0.2180119007825851,0.1180119007825851
EYRPSKI,0.42678162455558777,-2.231987237930298,0.5714285714285714,0.4285714285714285,0.3022326529026031,0.1522326529026031
VYHGSNP,1.1059582233428955,-2.0027198791503906,0.4285714285714285,0.2857142857142857,0.3266650736331939,0.126665073633194
NYRISNN,0.9268718957901001,-1.9569346904754639,0.4285714285714285,0.2857142857142857,0.331544280052185,0.131544280052185
YYHKDNA,0.6908778548240662,-0.5720072388648987,0.5714285714285714,0.2857142857142857,0.4791322648525238,0.3291322648525238
YYARLNN,-1.4052484035491943,0.30228450894355774,0.5714285714285714,0.1428571428571428,0.458233118057251,0.3082331180572509
YHRNSAD,2.1125192642211914,-0.3572005033493042,0.4285714285714285,0.1428571428571428,0.5020236372947693,0.3020236372947693
YYHGYPN,-2.250739574432373,-0.4994733929634094,0.4285714285714285,0.2857142857142857,0.3611984252929687,0.1611984252929687
HMPRGSN,1.1258615255355835,-2.967254161834717,0.5714285714285714,0.4285714285714285,0.2238772511482238,0.0738772511482238
TWRRIMH,-4.848984718322754,0.19093982875347137,0.7142857142857143,0.5714285714285714,0.0630049109458923,0.0
MYRRSTV,-3.0300533771514893,0.5545929670333862,0.4285714285714285,0.1428571428571428,0.2717587053775787,0.0717587053775787
YHRRVMD,-0.5260022878646851,0.47831863164901733,0.4285714285714285,0.4285714285714285,0.5591418147087097,0.3591418147087097
SHHRGNS,0.3992179036140442,-0.844859778881073,0.5714285714285714,0.1428571428571428,0.4500551223754883,0.3000551223754882
QYSRSTN,1.287840723991394,2.425595283508301,0.5714285714285714,0.1428571428571428,0.7673116326332092,0.6173116326332092
VKYKSSN,-2.784003973007202,0.62659752368927,0.5714285714285714,0.4285714285714285,0.2999971210956573,0.1499971210956573
VHHRNNT,0.33585458993911743,-0.4057779908180237,0.5714285714285714,0.1428571428571428,0.496846854686737,0.346846854686737
YSHRITE,1.4451886415481567,-0.9525113105773926,0.7142857142857143,0.2857142857142857,0.4385829567909241,0.3385829567909241
YGRMSLN,0.26465320587158203,-0.009357010945677757,0.4285714285714285,0.2857142857142857,0.5390923619270325,0.3390923619270325
VVRRSNN,-2.3185477256774902,0.25988519191741943,0.4285714285714285,0.2857142857142857,0.3534162640571594,0.1534162640571594
YSHRGNN,2.081707000732422,0.43517470359802246,0.4285714285714285,0.1428571428571428,0.5864648818969727,0.3864648818969727
NHKRIDP,0.25090518593788147,-1.6573941707611084,0.7142857142857143,0.4285714285714285,0.3634654879570007,0.2634654879570007
QYRLHNN,-0.501776397228241,-0.8685556054115295,0.4285714285714285,0.4285714285714285,0.4475299119949341,0.2475299119949341
IYSRMII,-2.128700017929077,1.9367767572402954,0.4285714285714285,0.4285714285714285,0.3752045631408691,0.1752045631408691
YYHRSSN,-1.4665004014968872,1.0760574340820312,0.5714285714285714,0.1428571428571428,0.4512034058570862,0.3012034058570861
YFHRSML,-2.8440916538238525,0.2240198254585266,0.7142857142857143,0.2857142857142857,0.2931010127067566,0.1931010127067566
YWHRMEM,-3.0496697425842285,0.7738265991210938,0.7142857142857143,0.4285714285714285,0.2695073783397674,0.1695073783397674
YYSLGKN,0.15013135969638824,-1.5710432529449463,0.5714285714285714,0.2857142857142857,0.3726676702499389,0.2226676702499389
YYSKKMN,-1.811273455619812,0.007932139560580254,0.5714285714285714,0.2857142857142857,0.4116347432136535,0.2616347432136535
YVFRPNE,-0.46069765090942383,0.7749607563018799,0.5714285714285714,0.4285714285714285,0.5666366219520569,0.4166366219520568
NYHIGSN,0.2395555078983307,-1.5710816383361816,0.5714285714285714,0.2857142857142857,0.3726635873317718,0.2226635873317718
LHHSVNS,0.5801551938056946,-3.399240016937256,0.5714285714285714,0.4285714285714285,0.1778416782617569,0.0278416782617569
YNHRGQA,1.7569541931152344,-1.2579816579818726,0.7142857142857143,0.2857142857142857,0.4060297906398773,0.3060297906398773
MFHRSMN,-0.893456220626831,-0.2643420100212097,0.7142857142857143,0.2857142857142857,0.5119193196296692,0.4119193196296692
YYHLLNR,-2.65610408782959,-0.30789658427238464,0.5714285714285714,0.2857142857142857,0.3146758377552032,0.1646758377552032
YSAKSGF,1.4305999279022217,-3.548661708831787,0.4285714285714285,0.2857142857142857,0.1619182229042053,0.0
IYHRLNN,0.009280724450945854,1.409530758857727,0.7142857142857143,0.0,0.6205747723579407,0.5205747723579407
QYHHGNG,1.3479117155075073,-1.4511746168136597,0.5714285714285714,0.4285714285714285,0.3854417502880096,0.2354417502880096
EYRRGNN,0.7032383680343628,-1.0100762844085693,0.5714285714285714,0.1428571428571428,0.4324484467506408,0.2824484467506408
YHHIVNS,-0.5408034324645996,-1.4143568277359009,0.5714285714285714,0.2857142857142857,0.3893653452396393,0.2393653452396393
YHSRSGN,1.2690919637680054,-0.0968240275979042,0.4285714285714285,0.1428571428571428,0.5297712087631226,0.3297712087631226
YVHWPLN,-4.0956034660339355,1.4647877216339111,0.7142857142857143,0.4285714285714285,0.1494684219360351,0.0494684219360351
AYSRSMP,1.1236647367477417,0.545930802822113,0.4285714285714285,0.2857142857142857,0.5982679128646851,0.3982679128646851
YKHRLNN,-2.9893734455108643,0.41095903515815735,0.5714285714285714,0.1428571428571428,0.2764274179935455,0.1264274179935455
YHHDNNN,0.3267682194709778,-2.027737617492676,0.4285714285714285,0.1428571428571428,0.3239989876747131,0.1239989876747131
FYRRVAT,-2.8987221717834473,-0.07656266540288925,0.7142857142857143,0.5714285714285714,0.2868312299251556,0.1868312299251556
YYHSMSS,-2.20149302482605,-0.7244822382926941,0.4285714285714285,0.2857142857142857,0.3668503165245056,0.1668503165245056
YYHMGNS,-1.6111558675765991,-1.0770577192306519,0.7142857142857143,0.2857142857142857,0.4253103733062744,0.3253103733062744
IKFKQGN,-2.6567883491516113,-0.9389539957046509,0.7142857142857143,0.4285714285714285,0.3145973086357116,0.2145973086357117
YSWLNTN,-2.716904401779175,-0.2342682033777237,0.2857142857142857,0.2857142857142857,0.3076979517936706,0.0576979517936706
HHLSIHD,-0.1291741132736206,-3.3810834884643555,0.5714285714285714,0.5714285714285714,0.1797765791416168,0.0297765791416168
HHSRGQV,-0.3110349476337433,-1.0858230590820312,0.5714285714285714,0.4285714285714285,0.4243762791156769,0.2743762791156768
MSHRSPL,1.037693738937378,-1.532505750656128,0.5714285714285714,0.2857142857142857,0.3767745196819305,0.2267745196819305
YHHRGHL,-0.39172452688217163,0.8266175389289856,0.5714285714285714,0.2857142857142857,0.5745524764060974,0.4245524764060974
IERRQYN,0.32110753655433655,-1.6293984651565552,0.7142857142857143,0.4285714285714285,0.3664489388465881,0.2664489388465881
YYKRQNN,-2.9470677375793457,0.8681791424751282,0.5714285714285714,0.2857142857142857,0.2812827229499817,0.1312827229499817
YHGIGGN,1.1740530729293823,-1.1967904567718506,0.4285714285714285,0.2857142857142857,0.4125508069992065,0.2125508069992065
YSHSHSN,0.4854559004306793,-1.0643739700317383,0.5714285714285714,0.2857142857142857,0.4266620576381683,0.2766620576381683
HLSRSAN,1.0829085111618042,-1.2306888103485107,0.5714285714285714,0.2857142857142857,0.4089383482933044,0.2589383482933044
FHRRNTN,-3.012568235397339,0.560576319694519,0.5714285714285714,0.4285714285714285,0.2737654149532318,0.1237654149532318
YYRRSNN,-3.154005289077759,0.9878677725791931,0.2857142857142857,0.0,0.2575330734252929,0.0075330734252929
YHRSKDV,0.5466442704200745,0.07226646691560745,0.4285714285714285,0.4285714285714285,0.5477907657623291,0.3477907657623291
YHHSANK,0.14771898090839386,-0.4074089229106903,0.5714285714285714,0.2857142857142857,0.4966730773448944,0.3466730773448944
YYHSSNN,-0.6778563261032104,-0.41938555240631104,0.4285714285714285,0.0,0.4953967630863189,0.295396763086319
NSHRSNA,1.4206103086471558,-2.1949119567871094,0.7142857142857143,0.2857142857142857,0.3061836659908294,0.2061836659908295
SYYVSNN,-2.213953971862793,-0.7627025842666626,0.5714285714285714,0.2857142857142857,0.3654201924800873,0.2154201924800872
YYHTVNN,-1.3575774431228638,-0.33968719840049744,0.5714285714285714,0.2857142857142857,0.4637041985988617,0.3137041985988616
YHRSSNN,1.5852744579315186,1.496532678604126,0.1428571428571428,0.0,0.6995710134506226,0.3995710134506225
YYSHVMN,-2.4157962799072266,-1.2544636726379395,0.5714285714285714,0.2857142857142857,0.3422552943229675,0.1922552943229675
YHRHSNN,0.8530212640762329,1.0916311740875244,0.1428571428571428,0.1428571428571428,0.6564217209815979,0.3564217209815979
YSHMGVN,0.4725225865840912,-0.6628764867782593,0.4285714285714285,0.4285714285714285,0.4694485366344452,0.2694485366344452
VYHSGSD,-0.01157000008970499,-2.4027485847473145,0.5714285714285714,0.4285714285714285,0.2840350866317749,0.1340350866317749
IHHRSRN,-3.25016713142395,0.47566044330596924,0.5714285714285714,0.1428571428571428,0.2464968413114547,0.0964968413114547
YTHKSQN,1.4928293228149414,-0.7076066136360168,0.5714285714285714,0.2857142857142857,0.4646817743778229,0.3146817743778228
YHRRNSS,-3.1279044151306152,0.7288257479667664,0.5714285714285714,0.2857142857142857,0.2605285942554474,0.1105285942554474
NSSRDNN,0.4938759505748749,-4.1463141441345215,0.7142857142857143,0.2857142857142857,0.0982280075550079,0.0
YYRRMLN,-4.302161693572998,0.30231353640556335,0.5714285714285714,0.1428571428571428,0.1257622987031936,0.0
FHRKDEN,1.456321120262146,-1.0230093002319336,0.5714285714285714,0.4285714285714285,0.4310701787471771,0.2810701787471771
YYHRSNT,-1.6702927350997925,0.8545640707015991,0.5714285714285714,0.1428571428571428,0.4278146922588348,0.2778146922588348
SYHWSNQ,-2.3929622173309326,0.48465821146965027,0.5714285714285714,0.2857142857142857,0.3448759019374847,0.1948759019374847
YSRKNMN,-1.2035808563232422,1.3714581727981567,0.1428571428571428,0.2857142857142857,0.4813779592514038,0.1813779592514038
YSHRAVN,1.4621891975402832,0.24085377156734467,0.4285714285714285,0.2857142857142857,0.5657566785812378,0.3657566785812378
YYHIKNN,0.17513619363307953,-0.6912800669670105,0.5714285714285714,0.2857142857142857,0.4664216935634613,0.3164216935634613
NHHVQND,-0.020096728578209877,-4.071762561798096,0.7142857142857143,0.4285714285714285,0.1061727702617645,0.0055493634194135
YHHRSGE,1.1023004055023193,0.1349874585866928,0.5714285714285714,0.2857142857142857,0.5544747710227966,0.4044747710227966
YHHRNSA,0.4049900770187378,0.28866249322891235,0.7142857142857143,0.0,0.5708515048027039,0.4708515048027039
YHHRISS,-0.041519615799188614,0.30045264959335327,0.7142857142857143,0.0,0.5721079707145691,0.4721079707145691
YSRLSNG,2.8765809535980225,1.748234748840332,0.2857142857142857,0.0,0.7263941764831543,0.4763941764831543
YHRLAPD,1.8962434530258179,1.7493984699249268,0.2857142857142857,0.0,0.7265182137489319,0.4765182137489319
AYHRSAA,0.7954357862472534,0.7911564707756042,0.5714285714285714,0.0,0.6244009137153625,0.4744009137153625
YHHRANA,0.7769553661346436,0.7916766405105591,0.5714285714285714,0.0,0.6244563460350037,0.4744563460350036
IYHRMNN,0.24358779191970825,0.7935526967048645,0.5714285714285714,0.0,0.6246563196182251,0.4746563196182251
YHRLAPN,0.8784911036491394,2.9667623043060303,0.2857142857142857,0.0,0.7203316688537598,0.4703316688537597
YSRINNN,2.7256219387054443,1.7702428102493286,0.2857142857142857,0.0,0.7287395000457764,0.4787395000457763
YHRISSN,0.8868800401687622,2.0077829360961914,0.2857142857142857,0.0,0.7212944626808167,0.4712944626808166
HYSRSNQ,0.05510437861084938,1.149723768234253,0.5714285714285714,0.0,0.6258338093757629,0.4758338093757629
YYHRQNE,-0.36036401987075806,0.34629929065704346,0.7142857142857143,0.0,0.5769937038421631,0.4769937038421631
YHHRASN,0.6023619771003723,0.8174834251403809,0.5714285714285714,0.0,0.6272065043449402,0.4772065043449401
NYSRSGN,1.6737170219421387,0.8175005912780762,0.5714285714285714,0.0,0.6272083520889282,0.4772083520889282
VHHRLHE,0.5549104809761047,0.34541186690330505,0.7142857142857143,0.0,0.5768991112709045,0.4768991112709045
QFSRSMN,0.6683196425437927,0.34566330909729004,0.7142857142857143,0.0,0.5769259333610535,0.4769259333610535
YHRISNN,1.5243713855743408,2.274240732192993,0.1428571428571428,0.0,0.7824492454528809,0.4824492454528808
IYSRSQN,0.49031347036361694,3.402162551879883,0.4285714285714285,0.0,0.6757816076278687,0.4757816076278687
YHRSAIN,0.9997660517692566,1.314184308052063,0.4285714285714285,0.0,0.6801385879516602,0.4801385879516602
QYSRSHN,0.40326952934265137,0.8366320133209229,0.5714285714285714,0.0,0.6292471885681152,0.4792471885681152
YSRSNTN,2.0066864490509033,1.802854061126709,0.2857142857142857,0.0,0.7322148084640503,0.4822148084640503
YSRSNTN,2.0066864490509033,1.802854061126709,0.2857142857142857,0.0,0.7322148084640503,0.4822148084640503
YSRSNTN,2.0066864490509033,1.802854061126709,0.2857142857142857,0.0,0.7322148084640503,0.4822148084640503
IYSRSEN,0.49922701716423035,3.200468063354492,0.4285714285714285,0.0,0.6768046021461487,0.4768046021461487
YHRLGGN,1.0811238288879395,1.8062593936920166,0.2857142857142857,0.0,0.7325777411460876,0.4825777411460876
YSRPGNN,2.5685527324676514,1.8139944076538086,0.2857142857142857,0.0,0.7334020137786865,0.4834020137786865
QYSRNHN,0.5490061640739441,0.3697149157524109,0.7142857142857143,0.0,0.5794890522956848,0.4794890522956848
YHHSRSS,0.016731051728129387,0.3798818290233612,0.7142857142857143,0.0,0.5805724859237671,0.4805724859237671
YSRGGNS,2.9281182289123535,1.8297505378723145,0.2857142857142857,0.0,0.7350810766220093,0.4850810766220093
QYHRSGN,0.5499095916748047,0.8735430836677551,0.5714285714285714,0.0,0.6331806778907776,0.4831806778907775
YHRISPN,1.104738712310791,1.8533681631088257,0.2857142857142857,0.0,0.7375980019569397,0.4875980019569397
YHRISPN,1.104738712310791,1.8533681631088257,0.2857142857142857,0.0,0.7375980019569397,0.4875980019569397
VYHRSNN,0.5539344549179077,1.7630423307418823,0.4285714285714285,0.0,0.6830832362174988,0.4830832362174988
VYHRSNN,0.5539344549179077,1.7630423307418823,0.4285714285714285,0.0,0.6830832362174988,0.4830832362174988
YSRHSGN,1.8246924877166748,1.3872286081314087,0.4285714285714285,0.0,0.6879227161407471,0.4879227161407471
YSRHSGN,1.8246924877166748,1.3872286081314087,0.4285714285714285,0.0,0.6879227161407471,0.4879227161407471
QYHRSNA,1.4016252756118774,0.9112050533294678,0.5714285714285714,0.0,0.6371941566467285,0.4871941566467285
YSRISQS,2.531859874725342,1.3943473100662231,0.4285714285714285,0.0,0.6886813640594482,0.4886813640594483
YYHKGLN,0.2663224935531616,0.9192387461662292,0.5714285714285714,0.0,0.6380503177642822,0.4880503177642822
YSHRSQN,1.5946561098098755,0.9234071969985962,0.5714285714285714,0.0,0.6384945511817932,0.4884945511817932
YHRIGTN,0.994087278842926,2.5399651527404785,0.2857142857142857,0.0,0.7335983514785767,0.4835983514785766
YSHRSTN,2.0999040603637695,0.9327888488769531,0.5714285714285714,0.0,0.6394942998886108,0.4894942998886108
YSHRSTN,2.0999040603637695,0.9327888488769531,0.5714285714285714,0.0,0.6394942998886108,0.4894942998886108
YHHRSAS,0.5038042664527893,0.9359934329986572,0.5714285714285714,0.0,0.6398358345031738,0.4898358345031738
IYSRLGS,0.17175956070423126,2.536184787750244,0.5714285714285714,0.0,0.6392220258712769,0.4892220258712768
VYSRSDI,0.5997370481491089,3.07637095451355,0.4285714285714285,0.0,0.6883398294448853,0.4883398294448853
YSRASNN,2.902688980102539,1.9206920862197876,0.2857142857142857,0.0,0.7447724938392639,0.4947724938392639
YHRSNGH,0.22516465187072754,0.9634518623352051,0.5714285714285714,0.0,0.6427620053291321,0.492762005329132
YHRLANN,1.4413533210754395,3.267925262451172,0.1428571428571428,0.0,0.7849298715591431,0.4849298715591431
LYSRSQN,0.6133780479431152,1.6541082859039307,0.4285714285714285,0.0,0.6899054050445557,0.4899054050445557
LYSRSNN,1.1981828212738037,0.9790260195732117,0.5714285714285714,0.0,0.6444216370582581,0.494421637058258
YHRLSSN,1.456674337387085,3.728098154067993,0.1428571428571428,0.0,0.7866882085800171,0.4866882085800171
IYHRSND,1.2547143697738647,0.9854224920272827,0.5714285714285714,0.0,0.6451033353805542,0.4951033353805542
YHRSGLN,1.5200046300888062,1.9538019895553589,0.2857142857142857,0.0,0.7483009696006775,0.4983009696006775
YSRSGSE,1.5829967260360718,1.4773070812225342,0.4285714285714285,0.0,0.6975221037864685,0.4975221037864685
QYLKSIN,0.8008400797843933,0.9977747201919556,0.5714285714285714,0.0,0.6464196443557739,0.4964196443557739
QYLKSIN,0.8008400797843933,0.9977747201919556,0.5714285714285714,0.0,0.6464196443557739,0.4964196443557739
VYHRSGN,0.6420456171035767,1.527338981628418,0.4285714285714285,0.0,0.6931954622268677,0.4931954622268677
VYHRSAS,0.6437069177627563,1.9360255002975464,0.4285714285714285,0.0,0.6933861374855042,0.4933861374855042
VYHRSAN,0.6558268070220947,1.836640477180481,0.4285714285714285,0.0,0.6947770714759827,0.4947770714759827
VYHRSAN,0.6558268070220947,1.836640477180481,0.4285714285714285,0.0,0.6947770714759827,0.4947770714759827
YSRSGLN,2.2461321353912354,1.9949901103973389,0.2857142857142857,0.0,0.7526901960372925,0.5026901960372925
YSHRSNP,1.8686492443084717,1.0395225286483765,0.5714285714285714,0.0,0.6508686542510986,0.5008686542510986
YSHRSNN,1.822951078414917,1.5215983390808105,0.4285714285714285,0.0,0.7022421360015869,0.502242136001587
YSHRSNN,1.822951078414917,1.5215983390808105,0.4285714285714285,0.0,0.7022421360015869,0.502242136001587
YSRSNGN,2.3796591758728027,2.0158302783966064,0.2857142857142857,0.0,0.7549111247062683,0.5049111247062683
YSRSNGN,2.3796591758728027,2.0158302783966064,0.2857142857142857,0.0,0.7549111247062683,0.5049111247062683
VYHRPNN,0.7321270704269409,1.0641207695007324,0.5714285714285714,0.0,0.6534900069236755,0.5034900069236755
PYHRGIA,0.7594882249832153,0.583437979221344,0.7142857142857143,0.0,0.602264940738678,0.502264940738678
VYHRMNN,0.5278504490852356,1.0673190355300903,0.5714285714285714,0.0,0.6538308262825012,0.5038308262825012
YHRISSP,1.0051320791244507,1.549371600151062,0.4285714285714285,0.0,0.7052018642425537,0.5052018642425538
QYVRSQE,1.3898134231567383,1.5576248168945312,0.4285714285714285,0.0,0.7060813903808594,0.5060813903808594
HYSRSNN,0.2870872914791107,1.582735538482666,0.5714285714285714,0.0,0.6524578928947449,0.5024578928947449
LYHRVNN,0.29282552003860474,1.211611032485962,0.5714285714285714,0.0,0.6531164646148682,0.5031164646148681
YHRVSNN,2.1698405742645264,2.5461530685424805,0.1428571428571428,0.0,0.8114261627197266,0.5114261627197265
YHRVSNT,1.2762795686721802,2.081510066986084,0.2857142857142857,0.0,0.7619104385375977,0.5119104385375977
QYHRSVN,0.3382991552352905,1.40286123752594,0.5714285714285714,0.0,0.6583353281021118,0.5083353281021118
IYHRAIE,0.5513573288917542,0.6632164120674133,0.7142857142857143,0.0,0.6107667088508606,0.5107667088508606
AYSRSNN,0.37142214179039,1.7361077070236206,0.5714285714285714,0.0,0.6621367931365967,0.5121367931365967
YHRLSQN,1.6443864107131958,3.5853121280670166,0.1428571428571428,0.0,0.8082314133644104,0.5082314133644104
YSRINIP,0.9424159526824951,1.6951020956039429,0.4285714285714285,0.0,0.7207319736480713,0.5207319736480713
PYHRSQS,1.0340179204940796,1.6983630657196045,0.4285714285714285,0.0,0.7210794687271118,0.5210794687271119
YSRNLND,2.345395088195801,1.7041794061660767,0.4285714285714285,0.0,0.7216992974281311,0.5216992974281311
VYSRSNN,0.8320099115371704,2.92356014251709,0.4285714285714285,0.0,0.7149971723556519,0.5149971723556519
VYSRSNN,0.8320099115371704,2.92356014251709,0.4285714285714285,0.0,0.7149971723556519,0.5149971723556519
VYSRSNN,0.8320099115371704,2.92356014251709,0.4285714285714285,0.0,0.7149971723556519,0.5149971723556519
NYHRSNN,0.4226987063884735,1.4816937446594238,0.5714285714285714,0.0,0.6680216193199158,0.5180216193199157
IYHRLNN,0.009280724450945854,1.409530758857727,0.7142857142857143,0.0,0.6205747723579407,0.5205747723579407
IYHRSNN,0.42777636647224426,1.9939481019973755,0.5714285714285714,0.0,0.6686043739318848,0.5186043739318847
YSRMSGH,0.9698600172996521,1.241344928741455,0.5714285714285714,0.0,0.672376275062561,0.522376275062561
NYHRSSN,0.7073678374290466,1.2554062604904175,0.5714285714285714,0.0,0.6738747954368591,0.5238747954368591
YSRSSSN,2.5901215076446533,1.739269495010376,0.4285714285714285,0.0,0.7254388332366943,0.5254388332366944
YSRSSSN,2.5901215076446533,1.739269495010376,0.4285714285714285,0.0,0.7254388332366943,0.5254388332366944
YSRSSSN,2.5901215076446533,1.739269495010376,0.4285714285714285,0.0,0.7254388332366943,0.5254388332366944
VYSRNEN,0.45078739523887634,2.1649670600891113,0.5714285714285714,0.0,0.6712453365325928,0.5212453365325928
YLHRLSN,0.03801601380109787,1.7008572816848755,0.7142857142857143,0.0,0.6238726377487183,0.5238726377487183
YHRLGNN,1.710896372795105,4.220418453216553,0.1428571428571428,0.0,0.8158645629882812,0.5158645629882812
IYSRSGN,1.5717068910598755,1.7687324285507202,0.4285714285714285,0.0,0.7285785675048828,0.5285785675048829
QYHRSNN,0.49870648980140686,1.3024613857269287,0.5714285714285714,0.0,0.676744818687439,0.5267448186874389
QYHRSNN,0.49870648980140686,1.3024613857269287,0.5714285714285714,0.0,0.676744818687439,0.5267448186874389
VYHRQDI,0.4855618178844452,1.324009656906128,0.5714285714285714,0.0,0.6752362847328186,0.5252362847328186
IYSRSND,1.1894460916519165,1.8282781839370728,0.4285714285714285,0.0,0.7349241971969604,0.5349241971969605
NYSRSNN,1.1415168046951294,1.362898826599121,0.5714285714285714,0.0,0.6853299736976624,0.5353299736976623
NYSRSNN,1.1415168046951294,1.362898826599121,0.5714285714285714,0.0,0.6853299736976624,0.5353299736976623
YSRSQNN,1.771315336227417,1.8466640710830688,0.4285714285714285,0.0,0.7368835210800171,0.5368835210800171
YSRSQNN,1.771315336227417,1.8466640710830688,0.4285714285714285,0.0,0.7368835210800171,0.5368835210800171
YSRLGQD,2.593733549118042,2.350282669067383,0.2857142857142857,0.0,0.7905527949333191,0.5405527949333191
SYARSNN,0.6724101901054382,1.4104926586151123,0.5714285714285714,0.0,0.6904019117355347,0.5404019117355346
HYSRSPN,0.7927325367927551,1.4149210453033447,0.5714285714285714,0.0,0.6908738613128662,0.5408738613128662
YHRLSNN,2.24538516998291,4.315680980682373,0.0,0.0,0.8772063851356506,0.5272063851356507
YHRLSNN,2.24538516998291,4.315680980682373,0.0,0.0,0.8772063851356506,0.5272063851356507
YHRLSNN,2.24538516998291,4.315680980682373,0.0,0.0,0.8772063851356506,0.5272063851356507
IYHRSAN,0.5817400217056274,1.5826431512832642,0.5714285714285714,0.0,0.6862743496894836,0.5362743496894836
VYHRSEN,1.018811821937561,1.9873669147491455,0.4285714285714285,0.0,0.7364358901977539,0.536435890197754
TYTRSTN,1.59111750125885,1.9248038530349731,0.4285714285714285,0.0,0.7452106475830078,0.5452106475830079
YSRSVLN,1.1015516519546509,1.954687237739563,0.4285714285714285,0.0,0.7459317445755005,0.5459317445755005
YSRSINN,2.091066837310791,1.9562560319900513,0.4285714285714285,0.0,0.7485624551773071,0.5485624551773072
YHRLGSN,1.477121114730835,4.03782844543457,0.2857142857142857,0.0,0.7890348434448242,0.5390348434448242
IYHRSGN,0.6821259260177612,1.4967525005340576,0.5714285714285714,0.0,0.6977953910827637,0.5477953910827636
YLHRGNS,0.6472460627555847,1.0436344146728516,0.7142857142857143,0.0,0.6513068079948425,0.5513068079948426
YLHRGNS,0.6472460627555847,1.0436344146728516,0.7142857142857143,0.0,0.6513068079948425,0.5513068079948426
YHRVGSN,1.222070336341858,2.021982192993164,0.4285714285714285,0.0,0.7555667161941528,0.5555667161941529
YSRSSVQ,1.976434350013733,1.5923123359680176,0.5714285714285714,0.0,0.7097779512405396,0.5597779512405395
VYHRGLN,0.7348124980926514,2.4616787433624268,0.5714285714285714,0.0,0.7038421034812927,0.5538421034812927
YSRSLVN,1.1651840209960938,2.2716965675354004,0.4285714285714285,0.0,0.7532346248626709,0.5532346248626709
YSRSANN,2.7788655757904053,2.5977861881256104,0.2857142857142857,0.0,0.8169286251068115,0.5669286251068115
YSRSPGE,1.8658947944641113,1.645357608795166,0.5714285714285714,0.0,0.7154308557510376,0.5654308557510376
YSRVLGN,1.4600673913955688,2.137068271636963,0.4285714285714285,0.0,0.7678311467170715,0.5678311467170716
IYSRSNN,1.209181785583496,3.098268508911133,0.4285714285714285,0.0,0.7582841515541077,0.5582841515541077
YSRSGNN,2.8404319286346436,2.65136456489563,0.2857142857142857,0.0,0.8226383328437805,0.5726383328437805
TYSRGTN,1.5971348285675049,1.7018580436706543,0.5714285714285714,0.0,0.7214519381523132,0.5714519381523132
YSRLGQN,2.523437738418579,2.67421555519104,0.2857142857142857,0.0,0.8250734806060791,0.5750734806060791
MYSRSNN,1.5054917335510254,1.7826772928237915,0.5714285714285714,0.0,0.7300646305084229,0.5800646305084228
MYSRSNN,1.5054917335510254,1.7826772928237915,0.5714285714285714,0.0,0.7300646305084229,0.5800646305084228
YSRSSAN,2.5067453384399414,2.3360517024993896,0.4285714285714285,0.0,0.789036214351654,0.5890362143516541
YSRSLNN,2.0125224590301514,2.3630013465881348,0.4285714285714285,0.0,0.7919082045555115,0.5919082045555115
VYTRANN,1.4377975463867188,2.749725580215454,0.4285714285714285,0.0,0.784521758556366,0.584521758556366
YSRSGSN,2.758145809173584,2.9118716716766357,0.2857142857142857,0.0,0.8503997921943665,0.6003997921943665
YSRSGSN,2.758145809173584,2.9118716716766357,0.2857142857142857,0.0,0.8503997921943665,0.6003997921943665
YSRLSNN,3.315321445465088,3.4239096641540527,0.1428571428571428,0.0,0.9049663543701172,0.6049663543701171
