seq,fitness_pred,htfr1_pred,ref_dist,div_prev,reward_signal,final_score
MYSRSQV,0.8609160780906677,2.709543466567993,0.4285714285714285,0.2857142857142857,0.7172442078590393,0.5172442078590394
IPNRSQE,1.2721951007843018,-4.131692409515381,0.5714285714285714,0.2857142857142857,0.1080264523625373,0.0
MHGRFSP,-0.13597483932971954,-1.4456288814544678,0.7142857142857143,0.0,0.3916527926921844,0.2916527926921844
ILYVLKN,-1.8376766443252563,-1.4844521284103394,0.7142857142857143,0.5714285714285714,0.3875533640384674,0.2875533640384674
SFFRFEN,-3.3134782314300537,0.13157811760902405,0.7142857142857143,0.5714285714285714,0.2363398820161819,0.1363398820161819
YYFKSFR,-4.866360664367676,0.39746788144111633,0.5714285714285714,0.4285714285714285,0.0574425980448722,0.0
PHRIKEN,0.6145729422569275,-1.1449910402297974,0.5714285714285714,0.4285714285714285,0.4233976900577545,0.2733976900577545
YTAYPNS,-0.974815845489502,-2.8359296321868896,0.7142857142857143,0.5714285714285714,0.2448484003543853,0.1448484003543854
GSHRYTP,-0.5994397401809692,-1.2318170070648193,0.7142857142857143,0.2857142857142857,0.4142295718193054,0.3142295718193054
DHGKVMP,1.222686767578125,-4.56879997253418,0.7142857142857143,0.2857142857142857,0.0618714652955532,0.0
YSHRYPM,-1.5759989023208618,-0.31262362003326416,0.5714285714285714,0.2857142857142857,0.4365033805370331,0.286503380537033
NYIRLNN,-0.9019988179206848,-1.378714919090271,0.7142857142857143,0.1428571428571428,0.3987183570861816,0.2987183570861816
YTHRSDN,0.48590365052223206,-1.1470566987991333,0.5714285714285714,0.2857142857142857,0.4231795966625213,0.2731795966625213
AEHRCFS,-3.8998796939849854,-0.8687667846679688,0.7142857142857143,0.5714285714285714,0.1687844693660736,0.0687844693660736
SYSTSAE,0.04264374077320099,-2.226799249649048,0.5714285714285714,0.4285714285714285,0.3091675937175751,0.159167593717575
QLHRYNE,0.24107833206653595,-1.2774293422698975,0.8571428571428571,0.4285714285714285,0.4094132781028747,0.3594132781028747
PYHRGIN,-0.34143826365470886,1.1524817943572998,0.5714285714285714,0.1428571428571428,0.5787289142608643,0.4287289142608642
FYGRSVP,-0.46029365062713623,0.45475324988365173,0.4285714285714285,0.4285714285714285,0.5650363564491272,0.3650363564491272
YSQESND,-0.7756302356719971,-3.2927215099334717,0.5714285714285714,0.4285714285714285,0.196614921092987,0.046614921092987
IHSTPGR,0.31381019949913025,-3.4968297481536865,0.7142857142857143,0.5714285714285714,0.1750627607107162,0.0750627607107162
HYSGQWN,-2.194307327270508,0.1515367478132248,0.7142857142857143,0.4285714285714285,0.3652721345424652,0.2652721345424652
YHFRGRI,-3.4284090995788574,0.22530415654182434,0.5714285714285714,0.2857142857142857,0.2230994701385498,0.0730994701385498
MKHWAIS,-1.8045308589935303,0.37029391527175903,0.7142857142857143,0.2857142857142857,0.4101757109165191,0.3101757109165192
TYHRSVQ,-0.5471742153167725,2.4957571029663086,0.4285714285714285,0.2857142857142857,0.555027425289154,0.3550274252891541
YLSRDNN,1.1765507459640503,-2.6921119689941406,0.5714285714285714,0.1428571428571428,0.2600343823432922,0.1100343823432922
HHCMMAN,-4.072005748748779,-0.7323470115661621,0.5714285714285714,0.2857142857142857,0.1489549577236175,0.0
YNQINIY,-2.3891797065734863,-1.2350784540176392,0.7142857142857143,0.1428571428571428,0.3428221940994262,0.2428221940994263
YYHRSNR,-4.212766647338867,1.395661473274231,0.5714285714285714,0.1428571428571428,0.1327388286590576,0.0
YSPLSNN,1.2768365144729614,-1.9159929752349854,0.2857142857142857,0.1428571428571428,0.3419861793518066,0.0919861793518066
RSHREWG,-1.4319645166397095,-0.4387156665325165,0.5714285714285714,0.5714285714285714,0.4530966281890869,0.3030966281890869
YYGIDAL,-2.2542850971221924,-1.2397050857543945,0.5714285714285714,0.2857142857142857,0.3583624958992004,0.2083624958992004
YGNRNAV,2.5317599773406982,-1.8729053735733032,0.5714285714285714,0.4285714285714285,0.3465358912944793,0.1965358912944793
AYHWAND,-2.6122124195098877,-0.49353593587875366,0.7142857142857143,0.2857142857142857,0.31712806224823,0.21712806224823
YYFSVEN,-3.2098543643951416,-0.03681877627968788,0.5714285714285714,0.1428571428571428,0.2482777088880539,0.0982777088880539
YYRFSTN,-1.7806593179702759,0.1699056327342987,0.4285714285714285,0.1428571428571428,0.4129258096218109,0.2129258096218109
EYSRYIY,-3.838632822036743,0.35653308033943176,0.7142857142857143,0.2857142857142857,0.1758403033018112,0.0758403033018112
RLRRAMD,-2.991748332977295,0.09249462187290192,0.7142857142857143,0.2857142857142857,0.2734042406082153,0.1734042406082153
HYCGDSN,-4.271055221557617,0.06211373582482338,0.7142857142857143,0.4285714285714285,0.1260237842798233,0.0260237842798233
KYMRMAP,-2.7938969135284424,-0.1532793492078781,0.5714285714285714,0.4285714285714285,0.2961974143981933,0.1461974143981933
YSRYAIH,-1.613001823425293,-0.8656735420227051,0.4285714285714285,0.2857142857142857,0.4322404861450195,0.2322404861450195
LSRVSAE,1.4387426376342773,-2.733013153076172,0.4285714285714285,0.4285714285714285,0.255715548992157,0.055715548992157
IYHRANT,0.1060233861207962,1.439754605293274,0.7142857142857143,0.1428571428571428,0.6302779912948608,0.5302779912948609
VYMWVNN,-3.8021531105041504,0.3144341707229614,0.7142857142857143,0.2857142857142857,0.1800428926944732,0.0800428926944732
NYHQAIN,0.7635705471038818,-3.4204928874969482,0.7142857142857143,0.4285714285714285,0.183123305439949,0.083123305439949
YKIRPNK,-2.912130832672119,0.551513671875,0.7142857142857143,0.4285714285714285,0.2825764715671539,0.1825764715671539
YMHRSMN,-0.2060568779706955,0.2293677031993866,0.5714285714285714,0.0,0.5685187578201294,0.4185187578201294
GRWRSMN,-4.269402980804443,0.4815663993358612,0.7142857142857143,0.4285714285714285,0.1262141317129135,0.0262141317129135
SIGRSNG,2.4300596714019775,-2.959749698638916,0.7142857142857143,0.4285714285714285,0.231774017214775,0.1317740172147751
TYQRANN,1.6853617429733276,-1.3973190784454346,0.7142857142857143,0.2857142857142857,0.3967539072036743,0.2967539072036743
NYARSQM,0.31796014308929443,-0.1805380880832672,0.4285714285714285,0.4285714285714285,0.5252360105514526,0.3252360105514527
YYHAREN,-0.21553000807762146,0.2787347137928009,0.5714285714285714,0.2857142857142857,0.5737314820289612,0.4237314820289611
DSRSLAN,0.6892066597938538,-3.6846606731414795,0.5714285714285714,0.2857142857142857,0.1552293449640274,0.0052293449640274
VVHTGLN,-0.1552644819021225,-3.557157039642334,0.5714285714285714,0.2857142857142857,0.1686926931142807,0.0186926931142807
ILHRKCI,-4.703063488006592,0.13111117482185364,0.7142857142857143,0.5714285714285714,0.0762549862265586,0.0
FQHVFCN,-4.100551605224609,-0.8421247005462646,0.8571428571428571,0.4285714285714285,0.1456663757562637,0.0956663757562637
NSNRSNN,1.286687970161438,-3.5700461864471436,0.5714285714285714,0.2857142857142857,0.1673316955566406,0.0173316955566406
YHRLSDN,1.0875368118286133,2.426542282104492,0.1428571428571428,0.1428571428571428,0.7433516383171082,0.4433516383171081
YARYTSL,-1.369417428970337,-2.2803008556365967,0.5714285714285714,0.2857142857142857,0.3035182654857635,0.1535182654857635
ESRLTYD,0.6674679517745972,-2.523895502090454,0.4285714285714285,0.4285714285714285,0.2777966558933258,0.0777966558933258
VYHRSSI,-0.007004822604358196,2.193549633026123,0.4285714285714285,0.2857142857142857,0.617256760597229,0.417256760597229
YSVRWNW,-3.150935649871826,0.8324408531188965,0.5714285714285714,0.4285714285714285,0.2550653517246246,0.1050653517246246
YHRQKGN,-2.651392936706543,1.1070754528045654,0.4285714285714285,0.4285714285714285,0.3126143515110016,0.1126143515110016
HLWESIR,-3.2165703773498535,-0.07563570141792297,0.5714285714285714,0.4285714285714285,0.2475039958953857,0.0975039958953857
VQSKPDW,0.6032708883285522,-1.2573281526565552,0.7142857142857143,0.5714285714285714,0.4115358293056488,0.3115358293056488
YTYRSVN,-0.6817767024040222,0.18727141618728638,0.5714285714285714,0.2857142857142857,0.539520800113678,0.3895208001136779
YYTSSAN,-0.7555519938468933,-2.2945396900177,0.4285714285714285,0.2857142857142857,0.3020147681236267,0.1020147681236267
VTHQSND,-0.2705041766166687,-4.446805953979492,0.7142857142857143,0.2857142857142857,0.074753038585186,0.0
YYHRGNY,-1.8321160078048706,1.1283071041107178,0.7142857142857143,0.1428571428571428,0.406997799873352,0.3069977998733521
YTRSMPN,1.5099537372589111,-1.6567085981369019,0.4285714285714285,0.2857142857142857,0.3693645000457763,0.1693645000457763
GHRNLSN,0.41506317257881165,-1.2399797439575195,0.4285714285714285,0.4285714285714285,0.4133676588535309,0.2133676588535309
YHRSSCH,-3.656294345855713,0.7117292881011963,0.4285714285714285,0.2857142857142857,0.1968463212251663,0.0
SYSRSEL,0.6797801852226257,3.091238021850586,0.5714285714285714,0.2857142857142857,0.6963766813278198,0.5463766813278198
YYHWAHN,-2.205756902694702,0.3321917653083801,0.5714285714285714,0.2857142857142857,0.3639531135559082,0.2139531135559082
YNGRQNN,2.2361392974853516,-2.353985548019409,0.5714285714285714,0.2857142857142857,0.2957377433776855,0.1457377433776855
HQRDQNQ,1.3968945741653442,-4.828296184539795,0.7142857142857143,0.4285714285714285,0.0344707891345024,0.0
YVRSLNL,-1.1035549640655518,0.5164265036582947,0.5714285714285714,0.1428571428571428,0.4909305274486542,0.3409305274486541
YSRSINA,2.0321407318115234,0.6108413338661194,0.5714285714285714,0.1428571428571428,0.6087992191314697,0.4587992191314697
YFYNLSN,-3.5426230430603027,-0.32557860016822815,0.5714285714285714,0.2857142857142857,0.2099416255950927,0.0599416255950927
YWRFTGN,-2.999190092086792,1.0246878862380981,0.5714285714285714,0.4285714285714285,0.2725469470024109,0.1225469470024109
SHFVSGT,-0.1596018373966217,-4.202579975128174,0.7142857142857143,0.1428571428571428,0.1005413010716438,0.0
DYWFSAN,-4.246438980102539,0.48977532982826233,0.7142857142857143,0.2857142857142857,0.128859668970108,0.028859668970108
QYHDNHM,0.009976954199373722,-2.7343356609344482,0.7142857142857143,0.4285714285714285,0.2555758953094482,0.1555758953094482
QEMRSQL,0.18296372890472412,-1.7688993215560913,0.5714285714285714,0.4285714285714285,0.3575180768966675,0.2075180768966674
MYSRWHD,-2.4504244327545166,1.3418060541152954,0.7142857142857143,0.2857142857142857,0.3357665836811065,0.2357665836811066
TYNNSCA,-3.057805061340332,-1.2906534671783447,0.5714285714285714,0.4285714285714285,0.2657943069934845,0.1157943069934845
VYHHMDN,-0.7647758722305298,-1.0962203741073608,0.5714285714285714,0.2857142857142857,0.4285474717617035,0.2785474717617034
YTHKNEH,0.37388986349105835,-1.7036010026931763,0.7142857142857143,0.4285714285714285,0.3644130527973175,0.2644130527973175
IVRYSLW,-4.368574619293213,0.6847169399261475,0.5714285714285714,0.2857142857142857,0.1147892251610755,0.0
YVQRLVN,-0.9628416895866394,-2.194013833999634,0.5714285714285714,0.2857142857142857,0.3126294612884521,0.1626294612884521
THHCAID,-3.7348692417144775,-0.517616868019104,0.7142857142857143,0.2857142857142857,0.1877942234277725,0.0877942234277725
INPRVTH,0.714979350566864,-3.7234654426574707,0.7142857142857143,0.5714285714285714,0.1511318832635879,0.0511318832635879
VYRKVAP,-1.8559433221817017,0.29297900199890137,0.5714285714285714,0.2857142857142857,0.404252827167511,0.2542528271675109
YYYAANR,-2.044980525970459,-0.09597112238407135,0.7142857142857143,0.4285714285714285,0.3824751079082489,0.2824751079082489
MWSRDNP,-0.8522047996520996,-1.6360888481140137,0.7142857142857143,0.4285714285714285,0.3715417683124542,0.2715417683124542
IYNRSGN,1.9926143884658813,-1.230029821395874,0.5714285714285714,0.1428571428571428,0.4144182801246643,0.2644182801246643
QPRRLNS,-2.5103697776794434,-1.387246012687683,0.7142857142857143,0.4285714285714285,0.3288607001304626,0.2288607001304626
YALKGNN,2.159252643585205,-1.4490764141082764,0.4285714285714285,0.4285714285714285,0.3912887573242187,0.1912887573242187
YHNSKYG,1.6770901679992676,-1.1499521732330322,0.7142857142857143,0.2857142857142857,0.4228738248348236,0.3228738248348236
HFPFGYG,-3.193344831466675,-0.4873271584510803,0.7142857142857143,0.4285714285714285,0.250179648399353,0.150179648399353
KYKNNPT,-2.1061410903930664,-0.670211136341095,0.7142857142857143,0.5714285714285714,0.3754291832447052,0.2754291832447052
YEQMSFE,-2.1656110286712646,-0.585253119468689,0.7142857142857143,0.4285714285714285,0.3685780465602875,0.2685780465602875
YSHQLNA,1.657690405845642,-1.8732779026031494,0.7142857142857143,0.1428571428571428,0.3464965522289276,0.2464965522289276
QYIHYNN,-3.042557954788208,-0.4223059415817261,0.7142857142857143,0.0,0.2675508260726928,0.1675508260726929
IERRSQR,-2.912440776824951,-0.2904365062713623,0.5714285714285714,0.2857142857142857,0.2825407385826111,0.1325407385826111
TYSRDGN,0.9220404624938965,-0.5284551382064819,0.5714285714285714,0.2857142857142857,0.4884988367557525,0.3384988367557525
YSHWNIW,-3.3950982093811035,0.8415639996528625,0.5714285714285714,0.4285714285714285,0.2269369959831237,0.0769369959831237
KVRFNKS,-2.6023361682891846,0.3687460720539093,0.5714285714285714,0.5714285714285714,0.3182658553123474,0.1682658553123474
YHRRMAN,-3.5812437534332275,0.907652735710144,0.4285714285714285,0.2857142857142857,0.2054923921823501,0.0054923921823501
FSPKSGC,-3.534564256668091,-0.7581475377082825,0.5714285714285714,0.4285714285714285,0.2108700275421142,0.0608700275421142
RSEPPDM,-0.5543916821479797,-4.385133743286133,0.7142857142857143,0.4285714285714285,0.0812651216983795,0.0
TYHKGAA,2.33184814453125,-1.1194089651107788,0.4285714285714285,0.2857142857142857,0.4260989427566528,0.2260989427566528
FVHKSEQ,1.0252703428268433,-1.3632533550262451,0.5714285714285714,0.4285714285714285,0.4003509879112243,0.2503509879112243
PYHRQVS,-0.7710026502609253,0.9047837853431702,0.5714285714285714,0.2857142857142857,0.5292416214942932,0.3792416214942932
YYHRSAY,-2.7673637866973877,1.1807574033737183,0.5714285714285714,0.2857142857142857,0.2992541193962097,0.1492541193962097
SHHRLQL,-1.1039031744003296,0.5217759013175964,0.7142857142857143,0.4285714285714285,0.4908903539180755,0.3908903539180756
VQFGASD,-0.06653086841106415,-4.411378383636475,0.7142857142857143,0.4285714285714285,0.0784939005970954,0.0
SHFLSNT,-0.8227195739746094,-3.549968719482422,0.4285714285714285,0.4285714285714285,0.1694517135620117,0.0
IPWAVVE,-2.8367016315460205,-0.44492730498313904,0.7142857142857143,0.5714285714285714,0.2912661433219909,0.191266143321991
YLHSQAM,-0.3176305592060089,-2.715254783630371,0.4285714285714285,0.4285714285714285,0.2575906813144684,0.0575906813144684
TYMGSMN,-0.4852522909641266,-2.371887683868408,0.5714285714285714,0.4285714285714285,0.2938474416732788,0.1438474416732788
YHRISAN,1.0496432781219482,1.9356775283813477,0.2857142857142857,0.1428571428571428,0.7389861941337585,0.4889861941337585
YFFRLNN,-3.9369513988494873,0.7030192613601685,0.5714285714285714,0.2857142857142857,0.1645136773586273,0.0145136773586273
SYANTAN,0.5322098731994629,-3.4154562950134277,0.7142857142857143,0.1428571428571428,0.1836551278829574,0.0836551278829574
IYHSGNN,0.4348606467247009,-2.019754648208618,0.5714285714285714,0.2857142857142857,0.3310298025608063,0.1810298025608062
VYQRASN,1.7013765573501587,-0.5540774464607239,0.5714285714285714,0.2857142857142857,0.4857933223247528,0.3357933223247528
ILHRSGS,0.7545871138572693,-1.765689730644226,0.7142857142857143,0.1428571428571428,0.3578569591045379,0.257856959104538
QYSRSTN,1.287840723991394,2.425595283508301,0.5714285714285714,0.0,0.7664273381233215,0.6164273381233215
MYSSFEL,-3.332688570022583,-0.7212316989898682,0.7142857142857143,0.5714285714285714,0.234126791357994,0.1341267913579941
VTHRSSA,1.5334340333938599,-1.36170494556427,0.5714285714285714,0.2857142857142857,0.4005144834518432,0.2505144834518432
VYIRVQS,-1.383624792098999,0.7533923983573914,0.4285714285714285,0.2857142857142857,0.458665519952774,0.2586655199527741
YQSRTNN,1.6177715063095093,-1.2592015266418457,0.5714285714285714,0.2857142857142857,0.4113380014896393,0.2613380014896392
KYRHQKS,-2.79622483253479,0.7578420639038086,0.7142857142857143,0.4285714285714285,0.2959292232990265,0.1959292232990265
QYFNLRG,-2.5729820728302,0.5503875017166138,0.7142857142857143,0.4285714285714285,0.3216475248336792,0.2216475248336792
MYSRSGN,1.9690243005752563,0.2031434029340744,0.5714285714285714,0.1428571428571428,0.5657497048377991,0.415749704837799
IYRAVFV,-3.466841697692871,-0.3540809154510498,0.7142857142857143,0.4285714285714285,0.218671903014183,0.118671903014183
YQHRSSD,1.4733508825302124,-1.6517536640167236,0.7142857142857143,0.0,0.3698877096176147,0.2698877096176147
FYRPLNN,-1.3607054948806763,-0.8778963685035706,0.5714285714285714,0.2857142857142857,0.4516007006168365,0.3016007006168365
IAHRSAV,1.1302504539489746,-1.6926403045654297,0.5714285714285714,0.2857142857142857,0.3655703961849212,0.2155703961849212
GSYAASN,0.20062167942523956,-4.030389785766602,0.5714285714285714,0.2857142857142857,0.1187231764197349,0.0
FSRVQNY,-0.7362955212593079,-0.5409393906593323,0.7142857142857143,0.4285714285714285,0.4871806204319,0.3871806204319
IEADYDC,-3.9243617057800293,-0.4578513503074646,0.7142857142857143,0.5714285714285714,0.1659640520811081,0.0659640520811081
YMRGSHN,1.1492676734924316,-0.8021542429924011,0.4285714285714285,0.2857142857142857,0.4595984816551208,0.2595984816551209
QKNILVH,0.18159620463848114,-4.18808126449585,0.7142857142857143,0.5714285714285714,0.1020722463726997,0.0002186823636293
YHNRWFF,-3.0610039234161377,-0.3859289586544037,0.7142857142857143,0.5714285714285714,0.2654257714748382,0.1654257714748382
YSRSWIG,-1.9406214952468872,0.7544136047363281,0.5714285714285714,0.4285714285714285,0.3944976329803467,0.2444976329803466
VYSRLSN,0.38552939891815186,4.095856189727783,0.5714285714285714,0.1428571428571428,0.6624780297279358,0.5124780297279358
YYTRANN,0.26258426904678345,-0.31343889236450195,0.5714285714285714,0.1428571428571428,0.5112028121948242,0.3612028121948242
YYQVVNN,-2.4383723735809326,-0.657366931438446,0.5714285714285714,0.2857142857142857,0.3371550440788269,0.1871550440788269
QFALSQN,-0.08805568516254425,-2.5920417308807373,0.5714285714285714,0.4285714285714285,0.2706009745597839,0.1206009745597839
AYSRHCA,-3.528705596923828,0.2261393964290619,0.7142857142857143,0.4285714285714285,0.2115449756383896,0.1115449756383896
LHGRFCD,-3.7847180366516113,0.05095489323139191,0.5714285714285714,0.4285714285714285,0.1820514798164367,0.0320514798164367
TRSRSNN,-4.320001125335693,-0.15264244377613068,0.5714285714285714,0.1428571428571428,0.1203850582242012,0.0
YVHRMNT,-0.09265241026878357,0.45054200291633606,0.7142857142857143,0.2857142857142857,0.5918729305267334,0.4918729305267334
YKLSSNN,2.397347927093506,-2.2771360874176025,0.4285714285714285,0.2857142857142857,0.3038524389266968,0.1038524389266968
YTRVQFE,0.24324017763137817,-0.194019615650177,0.7142857142857143,0.2857142857142857,0.523812472820282,0.423812472820282
QSRIYSP,0.23995839059352875,-1.7626162767410278,0.5714285714285714,0.2857142857142857,0.3581815361976623,0.2081815361976623
TYHRDNW,-1.4659672975540161,1.3159202337265015,0.5714285714285714,0.2857142857142857,0.4491793811321258,0.2991793811321258
SHRISYQ,-1.3349202871322632,-0.8643548488616943,0.5714285714285714,0.4285714285714285,0.4530306160449981,0.3030306160449981
RYHRGIN,-4.424282550811768,1.0320074558258057,0.5714285714285714,0.1428571428571428,0.1083714887499809,0.0
FSWEYIV,-4.0144805908203125,1.1915644407272339,0.5714285714285714,0.5714285714285714,0.1555820554494857,0.0055820554494857
IYGCCHF,-4.5060038566589355,1.2582428455352783,0.7142857142857143,0.5714285714285714,0.0989569202065467,0.0
VYGRATC,-3.6317548751831055,1.500944972038269,0.5714285714285714,0.4285714285714285,0.1996733397245407,0.0496733397245407
VYQRHII,-2.121145486831665,-0.962738573551178,0.5714285714285714,0.4285714285714285,0.3737006485462188,0.2237006485462188
TEHDGSN,-0.8014810681343079,-4.503598213195801,0.7142857142857143,0.4285714285714285,0.0687562376260757,0.0
GYHRNNW,-1.873416781425476,0.20815937221050262,0.7142857142857143,0.2857142857142857,0.4022397994995117,0.3022397994995117
AHRQSTT,1.073301076889038,-1.8747047185897827,0.5714285714285714,0.4285714285714285,0.3463458716869354,0.1963458716869354
QYSRGKC,-4.259525299072266,0.35081636905670166,0.7142857142857143,0.2857142857142857,0.1273520737886428,0.0273520737886428
YYSIANP,-0.7739285826683044,-0.340790331363678,0.7142857142857143,0.2857142857142857,0.5083147287368774,0.4083147287368774
YYLNVNK,-1.830373764038086,-0.7382322549819946,0.7142857142857143,0.4285714285714285,0.4071985185146332,0.3071985185146332
VVQHSNA,0.864733874797821,-4.844548225402832,0.7142857142857143,0.2857142857142857,0.0327547080814838,0.0
YYHLSPN,-2.37540340423584,-0.036140408366918564,0.4285714285714285,0.2857142857142857,0.3444092571735382,0.1444092571735382
AAAVSIN,-0.517620325088501,-3.0232152938842773,0.5714285714285714,0.5714285714285714,0.2250725626945495,0.0750725626945495
VYSRSNT,0.9060590863227844,2.9841690063476562,0.4285714285714285,0.1428571428571428,0.7224448323249817,0.5224448323249817
YRGRLSE,1.0018198490142822,-0.5749731659889221,0.5714285714285714,0.4285714285714285,0.4835869371891022,0.3335869371891021
NYSGLGN,0.42819780111312866,-2.300989866256714,0.7142857142857143,0.4285714285714285,0.3013336658477783,0.2013336658477783
SYRDSNK,0.6733649373054504,-1.6031726598739624,0.5714285714285714,0.2857142857142857,0.3750174343585968,0.2250174343585968
YYHSSDI,-1.7311060428619385,-0.471680223941803,0.5714285714285714,0.2857142857142857,0.4186345040798187,0.2686345040798187
IYTQLVH,-2.1679539680480957,-2.2499372959136963,0.5714285714285714,0.1428571428571428,0.3067243993282318,0.1567243993282318
YRRLGQN,-3.110985040664673,1.2449443340301514,0.4285714285714285,0.1428571428571428,0.2596677839756012,0.0596677839756012
YWKAGPN,0.2724769115447998,0.9341644644737244,0.4285714285714285,0.2857142857142857,0.6429395079612732,0.4429395079612732
VYTRANV,1.1700628995895386,3.1846587657928467,0.4285714285714285,0.1428571428571428,0.7528589367866516,0.5528589367866517
LRSSNWE,-0.27155759930610657,-1.8216443061828613,0.5714285714285714,0.5714285714285714,0.3519486486911773,0.2019486486911773
SYSRSNC,-3.4557390213012695,2.12851619720459,0.5714285714285714,0.1428571428571428,0.2199509590864181,0.0699509590864181
LYGNRME,0.8505694270133972,-1.8280036449432373,0.7142857142857143,0.5714285714285714,0.3512771427631378,0.2512771427631378
QGQRIRN,-3.1099610328674316,-1.6467560529708862,0.7142857142857143,0.4285714285714285,0.2597857415676117,0.1597857415676117
HHHRLSN,-0.6162723302841187,1.369127631187439,0.5714285714285714,0.1428571428571428,0.5470671057701111,0.397067105770111
VIHVSNN,-0.3504178822040558,-3.9473421573638916,0.5714285714285714,0.2857142857142857,0.1274923235177993,0.0
VPIRSNG,2.9936487674713135,-3.3345894813537598,0.5714285714285714,0.4285714285714285,0.1921939998865127,0.0421939998865127
AFRCQES,-3.502227544784546,-0.7930132746696472,0.7142857142857143,0.5714285714285714,0.2145953327417373,0.1145953327417373
IQYYSTN,-2.6598873138427734,-0.518617570400238,0.7142857142857143,0.4285714285714285,0.3116357624530792,0.2116357624530792
YQDRVNN,1.5165705680847168,-3.7562334537506104,0.5714285714285714,0.4285714285714285,0.1476718485355377,0.0
IQYYHSA,-1.7508760690689087,-0.25286975502967834,0.8571428571428571,0.1428571428571428,0.4163569211959839,0.3663569211959838
IWHRSLP,-2.3070592880249023,0.6712122559547424,0.5714285714285714,0.2857142857142857,0.3522827327251434,0.2022827327251434
HLRQCPN,-3.7939579486846924,-0.25036102533340454,0.5714285714285714,0.5714285714285714,0.180987000465393,0.030987000465393
KYYRGND,-0.8482078909873962,1.263115644454956,0.7142857142857143,0.4285714285714285,0.5203473567962646,0.4203473567962646
YHILRHN,-1.0713244676589966,-0.733095645904541,0.4285714285714285,0.4285714285714285,0.4668904840946197,0.2668904840946198
MHHKSNP,0.8508849143981934,-0.7440983653068542,0.5714285714285714,0.4285714285714285,0.4657287001609802,0.3157287001609802
YQCTNNH,-3.1454546451568604,-1.9922611713409424,0.7142857142857143,0.4285714285714285,0.2556967735290527,0.1556967735290527
GFLSNSH,-0.16284406185150146,-4.250675678253174,0.5714285714285714,0.5714285714285714,0.095462791621685,0.0
YHHRSYY,-2.21740984916687,0.8554805517196655,0.5714285714285714,0.2857142857142857,0.3626106679439544,0.2126106679439544
IDDNPNN,-1.2215423583984375,-5.077803611755371,0.7142857142857143,0.5714285714285714,0.0081248451024293,0.0
TIHRSEN,0.8451442122459412,-1.4237432479858398,0.5714285714285714,0.2857142857142857,0.3939637243747711,0.2439637243747711
KYRKKDN,-2.7030255794525146,0.6536927819252014,0.7142857142857143,0.4285714285714285,0.3066660761833191,0.2066660761833191
MYHLSNA,0.22274799644947052,-1.7750134468078613,0.5714285714285714,0.4285714285714285,0.3568724691867828,0.2068724691867828
YLTRPGI,0.863557755947113,-2.666301727294922,0.7142857142857143,0.4285714285714285,0.2627597153186798,0.1627597153186798
PSFRSHA,0.6422761082649231,-2.14628267288208,0.7142857142857143,0.4285714285714285,0.3176694810390472,0.2176694810390472
IYHRSAN,0.5817400217056274,1.5826431512832642,0.5714285714285714,0.0,0.6850821375846863,0.5350821375846863
YRSRHSN,-4.2461256980896,0.2841778099536896,0.7142857142857143,0.2857142857142857,0.1288957595825195,0.0288957595825195
YSTDGWR,-1.5336034297943115,-0.20723359286785126,0.5714285714285714,0.4285714285714285,0.4413874745368957,0.2913874745368957
YSHRHIK,-3.07411527633667,-0.06650537997484207,0.7142857142857143,0.2857142857142857,0.2639153003692627,0.1639153003692627
YHDRFSP,0.08052590489387512,-1.7246499061584473,0.5714285714285714,0.2857142857142857,0.3621904551982879,0.2121904551982879
KYSAHNN,0.6841334104537964,-2.5895652770996094,0.5714285714285714,0.4285714285714285,0.2708624601364136,0.1208624601364135
IGRRSDN,0.7101079821586609,-2.8790078163146973,0.5714285714285714,0.1428571428571428,0.2402997016906738,0.0902997016906738
EFERGNN,0.9698333144187927,-3.258363723754883,0.5714285714285714,0.4285714285714285,0.200242817401886,0.0502428174018859
YYQSQQN,-1.2131811380386353,-1.040262222290039,0.5714285714285714,0.2857142857142857,0.4344561994075775,0.2844561994075775
YKFKHHN,-2.9399447441101074,-0.2673391103744507,0.7142857142857143,0.4285714285714285,0.2793722152709961,0.1793722152709961
SYHHSPK,-0.953154981136322,0.15702523291110992,0.5714285714285714,0.2857142857142857,0.5082570910453796,0.3582570910453796
MNRSINI,1.1008665561676025,-2.8295607566833496,0.7142857142857143,0.2857142857142857,0.2455209046602249,0.1455209046602249
KSHRSMW,-4.580416202545166,0.3406467139720917,0.7142857142857143,0.2857142857142857,0.0903843641281127,0.0
KLRSWPA,-4.128281593322754,0.41251957416534424,0.5714285714285714,0.5714285714285714,0.1424717903137207,0.0
YSFALYN,-3.1018478870391846,-0.8457218408584595,0.5714285714285714,0.4285714285714285,0.2607204020023346,0.1107204020023346
YGRVNCN,-3.2393252849578857,0.6635836958885193,0.4285714285714285,0.2857142857142857,0.2448825538158416,0.0448825538158416
IYHRMNP,0.24448557198047638,0.4550924301147461,0.5714285714285714,0.2857142857142857,0.5923534035682678,0.4423534035682678
YHQLGPT,1.0590572357177734,-2.5440046787261963,0.4285714285714285,0.4285714285714285,0.2756733000278473,0.0756733000278473
HKSCDIV,-3.6036860942840576,-0.6105901002883911,0.7142857142857143,0.5714285714285714,0.2029069662094116,0.1029069662094116
LYHHINN,-1.205891728401184,-1.4485400915145874,0.7142857142857143,0.2857142857142857,0.3913453817367553,0.2913453817367554
TMTDREN,0.24993795156478882,-4.7261528968811035,0.7142857142857143,0.4285714285714285,0.0452562868595123,0.0
PWHHAQS,-0.2357521653175354,-0.43506163358688354,0.7142857142857143,0.4285714285714285,0.4983604550361633,0.3983604550361633
PHSTKLR,-3.2073721885681152,-0.8315210342407227,0.7142857142857143,0.5714285714285714,0.2485636621713638,0.1485636621713638
KLRYTTN,-4.004859924316406,0.19049890339374542,0.5714285714285714,0.4285714285714285,0.1566903889179229,0.0066903889179229
YSVVDEK,-0.07629399001598358,-4.774942398071289,0.7142857142857143,0.2857142857142857,0.0401045121252536,0.0
YVRPLRN,-2.6729204654693604,0.20045879483222961,0.5714285714285714,0.2857142857142857,0.3101342916488647,0.1601342916488647
MFHYLRN,-3.7214198112487793,-0.8646395802497864,0.7142857142857143,0.4285714285714285,0.1893436461687088,0.0893436461687088
KPLEFNN,-0.3070589005947113,-3.5240633487701416,0.7142857142857143,0.5714285714285714,0.1721871048212051,0.0721871048212051
SDHNSTN,-0.3491623103618622,-4.743476390838623,0.5714285714285714,0.2857142857142857,0.0434270650148391,0.0
YIRSRLN,-2.782585620880127,-0.11918220669031143,0.4285714285714285,0.2857142857142857,0.2975004911422729,0.0975004911422729
MTSKSDY,1.0780631303787231,-3.677025318145752,0.5714285714285714,0.4285714285714285,0.1560355722904205,0.0060355722904205
YSRPTNP,2.7201335430145264,0.22554492950439453,0.5714285714285714,0.4285714285714285,0.5681150555610657,0.4181150555610656
QYHRHEN,-0.6480113863945007,-0.6178524494171143,0.7142857142857143,0.2857142857142857,0.4790591895580292,0.3790591895580292
YYSFSQN,-1.4627357721328735,-0.40975794196128845,0.5714285714285714,0.2857142857142857,0.4495516717433929,0.2995516717433929
ISHQHIA,0.9289117455482483,-3.711782932281494,0.7142857142857143,0.4285714285714285,0.1523654609918594,0.0523654609918594
FVERSNS,1.1681368350982666,-2.5387823581695557,0.7142857142857143,0.4285714285714285,0.2762247323989868,0.1762247323989868
YSGTSST,0.7064018845558167,-3.9494681358337402,0.7142857142857143,0.2857142857142857,0.127267837524414,0.027267837524414
FYNLIQW,-3.7999632358551025,0.20813392102718353,0.7142857142857143,0.5714285714285714,0.1802951693534851,0.0802951693534851
NHCNGQG,-2.9824345111846924,-0.8576491475105286,0.7142857142857143,0.5714285714285714,0.2744772434234619,0.1744772434234619
QSHVSHN,-0.031128041446208954,-3.0355892181396484,0.5714285714285714,0.2857142857142857,0.2237659841775894,0.0737659841775894
VYSAHFN,-1.9025688171386719,-0.506489634513855,0.7142857142857143,0.2857142857142857,0.3988814055919647,0.2988814055919647
YYRSINP,-1.0739647150039673,0.26402124762535095,0.5714285714285714,0.2857142857142857,0.4943394064903259,0.3443394064903259
IYCRINS,-3.8155875205993652,0.7151995301246643,0.5714285714285714,0.4285714285714285,0.1784951984882354,0.0284951984882354
LYHIVAN,-2.057032346725464,-1.6659969091415405,0.5714285714285714,0.1428571428571428,0.3683837056159973,0.2183837056159973
YYSRSNN,0.5108199119567871,0.6452360153198242,0.4285714285714285,0.0,0.6124310493469238,0.4124310493469239
VYTVYNA,-2.453768491744995,0.028172211721539497,0.5714285714285714,0.4285714285714285,0.3353813588619232,0.1853813588619232
YPIKISP,1.8102084398269653,-2.651677370071411,0.8571428571428571,0.2857142857142857,0.2643039226531982,0.2143039226531982
VAHRPNN,1.2427868843078613,-2.2710676193237305,0.7142857142857143,0.1428571428571428,0.3044932186603546,0.2044932186603546
QYFRNSN,-1.4657063484191895,0.3706766366958618,0.7142857142857143,0.2857142857142857,0.4492094218730926,0.3492094218730927
LVRMNGN,1.351571798324585,-3.1164543628692627,0.5714285714285714,0.1428571428571428,0.2152272909879684,0.0652272909879684
SSYLSAD,-1.1975724697113037,-2.9272170066833496,0.5714285714285714,0.2857142857142857,0.2352091968059539,0.0852091968059539
VYMNALI,-1.9759658575057983,-1.4182852506637573,0.7142857142857143,0.4285714285714285,0.3904258012771606,0.2904258012771606
TIYYSSD,-2.87790584564209,-1.3683403730392456,0.7142857142857143,0.5714285714285714,0.2865192890167236,0.1865192890167236
YSDSANS,-0.34027987718582153,-3.566364049911499,0.5714285714285714,0.2857142857142857,0.1677204966545105,0.0177204966545105
YSSRFKN,-2.3379433155059814,-1.1724863052368164,0.5714285714285714,0.2857142857142857,0.3487247824668884,0.1987247824668884
HEARAAS,1.2475985288619995,-3.2758853435516357,0.7142857142857143,0.4285714285714285,0.1983926743268966,0.0983926743268966
MYFFHEN,-3.809065103530884,-0.5657394528388977,0.5714285714285714,0.5714285714285714,0.1792466044425964,0.0292466044425964
PYHQCIN,-3.839433431625366,-1.1027592420578003,0.7142857142857143,0.2857142857142857,0.1757480800151825,0.0757480800151825
VFRLSHN,-1.0796496868133545,-0.9214117527008057,0.4285714285714285,0.4285714285714285,0.4470058083534241,0.2470058083534241
TQAGQSN,0.5650460720062256,-4.439982891082764,0.7142857142857143,0.4285714285714285,0.0754734948277473,0.0
QYSRLHN,-0.7254928350448608,1.0716674327850342,0.7142857142857143,0.2857142857142857,0.5344845056533813,0.4344845056533813
FRHWFQC,-4.929211616516113,0.8399864435195923,0.7142857142857143,0.5714285714285714,0.0502019561827182,0.0
YWSRAIL,-3.5892834663391113,0.13917161524295807,0.7142857142857143,0.4285714285714285,0.2045661956071853,0.1045661956071853
ESRSWRS,-2.0524842739105225,-0.15144097805023193,0.7142857142857143,0.4285714285714285,0.381610631942749,0.281610631942749
SAKASTW,0.22826896607875824,-2.2588858604431152,0.5714285714285714,0.5714285714285714,0.3057795166969299,0.1557795166969299
YFHTWAN,-3.5163040161132812,-0.04766518622636795,0.7142857142857143,0.4285714285714285,0.2129736691713333,0.1129736691713333
SYHEANN,0.015338310040533543,-2.6747257709503174,0.7142857142857143,0.2857142857142857,0.2618702054023742,0.1618702054023743
YSESSNE,-0.6153993010520935,-3.368774890899658,0.5714285714285714,0.1428571428571428,0.1885842978954315,0.0385842978954315
VYSAVQN,-0.2946804165840149,-2.8603625297546387,0.5714285714285714,0.1428571428571428,0.2422684878110885,0.0922684878110885
YLANKES,1.197545051574707,-3.9116077423095703,0.7142857142857143,0.2857142857142857,0.1312655955553054,0.0312655955553054
ICHRKEE,-3.300607681274414,-1.1092886924743652,0.8571428571428571,0.4285714285714285,0.2378226220607757,0.1878226220607757
VYRIANN,0.7232129573822021,-1.572690725326538,0.5714285714285714,0.2857142857142857,0.3782361149787903,0.2282361149787903
MYHSLNR,-1.4837124347686768,-0.9872164130210876,0.7142857142857143,0.2857142857142857,0.4400573968887329,0.3400573968887329
WTNLEIA,-2.578582525253296,-2.2344202995300293,0.7142857142857143,0.5714285714285714,0.3083628714084625,0.2083628714084625
EYSHAFQ,-1.9622560739517212,-1.9022486209869385,0.5714285714285714,0.4285714285714285,0.3434374928474426,0.1934374928474426
YHCRSHW,-4.212223052978516,1.193579912185669,0.5714285714285714,0.4285714285714285,0.1328014582395553,0.0
VCSRNAN,-3.9009618759155273,-0.5601427555084229,0.4285714285714285,0.2857142857142857,0.1686597913503646,0.0
VYSGSNN,1.0547764301300049,-2.3891892433166504,0.5714285714285714,0.1428571428571428,0.2920205295085907,0.1420205295085907
YSESYKS,1.0513596534729004,-2.446526527404785,0.5714285714285714,0.4285714285714285,0.2859661877155304,0.1359661877155304
YESLLAN,-0.9534900188446045,-3.482567071914673,0.5714285714285714,0.2857142857142857,0.1765687763690948,0.0265687763690948
RSEQSWQ,-1.3738608360290527,-0.6502194404602051,0.4285714285714285,0.5714285714285714,0.4597903490066528,0.2597903490066529
NYATSCN,-3.2514123916625977,-0.8431068658828735,0.7142857142857143,0.4285714285714285,0.2434900850057602,0.1434900850057602
YVHRSNS,0.6579996347427368,1.114420771598816,0.5714285714285714,0.1428571428571428,0.6619731187820435,0.5119731187820434
YSHRESN,1.7521858215332031,-1.8857204914093018,0.5714285714285714,0.1428571428571428,0.345182716846466,0.195182716846466
YFSKTSP,1.1774518489837646,-2.5817697048187256,0.7142857142857143,0.2857142857142857,0.2716856002807617,0.1716856002807617
PHYISAP,-0.21283820271492004,-2.7502238750457764,0.7142857142857143,0.4285714285714285,0.2538982331752777,0.1538982331752777
YYHRSLN,-1.6936177015304565,1.3138822317123413,0.5714285714285714,0.1428571428571428,0.4229532778263092,0.2729532778263092
NYHRLSG,-0.2780751585960388,0.8641873002052307,0.4285714285714285,0.2857142857142857,0.586028516292572,0.386028516292572
IMHRNYN,-0.18737290799617767,-0.6448484063148499,0.7142857142857143,0.4285714285714285,0.4762086570262909,0.3762086570262909
VYRVDEL,-0.37280359864234924,-1.3945600986480713,0.7142857142857143,0.2857142857142857,0.397045224905014,0.297045224905014
IQYTSGW,-2.829913377761841,-1.1052145957946777,0.7142857142857143,0.5714285714285714,0.2920481860637665,0.1920481860637665
YSPWTSY,-3.5633785724639893,-0.13268081843852997,0.7142857142857143,0.4285714285714285,0.2075505256652832,0.1075505256652832
YVRGLNN,1.2885583639144897,0.34247371554374695,0.4285714285714285,0.1428571428571428,0.5804618000984192,0.3804618000984192
YSVKFEA,0.6873392462730408,-1.8341305255889893,0.7142857142857143,0.2857142857142857,0.3506301939487457,0.2506301939487457
YISRSSL,0.6013736128807068,-1.424582839012146,0.7142857142857143,0.1428571428571428,0.3938750624656677,0.2938750624656677
PHHVLSS,-0.3922484517097473,-3.2142632007598877,0.7142857142857143,0.4285714285714285,0.2048994749784469,0.1048994749784469
YYNQPAT,-0.6185184717178345,-2.171346664428711,0.8571428571428571,0.2857142857142857,0.3150229156017303,0.2650229156017303
IIDSSTL,-1.0071752071380615,-4.897489547729492,0.7142857142857143,0.4285714285714285,0.0271645355969667,0.0
YSHRSID,1.9527568817138672,-0.5447949171066284,0.5714285714285714,0.2857142857142857,0.4867734909057617,0.3367734909057617
IYHRSMI,-2.1197268962860107,1.237536907196045,0.4285714285714285,0.1428571428571428,0.3738640546798706,0.1738640546798706
HVSRTNR,-4.166247844696045,-0.3716551959514618,0.4285714285714285,0.4285714285714285,0.1380979567766189,0.0
VYSRGNR,-3.6983394622802734,0.6822848916053772,0.5714285714285714,0.2857142857142857,0.1920025795698166,0.0420025795698165
GSHSLNI,-0.2706529200077057,-3.3480372428894043,0.7142857142857143,0.4285714285714285,0.1907740235328674,0.0907740235328674
YSFVSVT,-2.1455132961273193,0.8003196716308594,0.7142857142857143,0.2857142857142857,0.3708933889865875,0.2708933889865875
YCGIRNN,-2.975526809692383,-0.9678570032119751,0.5714285714285714,0.2857142857142857,0.2752730250358581,0.1252730250358581
QYTKKGF,-2.2423689365386963,-0.057845212519168854,0.7142857142857143,0.2857142857142857,0.3597352802753448,0.2597352802753448
VPYYLSA,-2.319922685623169,-1.0943629741668701,0.7142857142857143,0.2857142857142857,0.3508008420467376,0.2508008420467377
FFQRIKN,-3.010993480682373,0.18748831748962402,0.7142857142857143,0.2857142857142857,0.2711871564388275,0.1711871564388275
PYSIQDV,-0.6468240022659302,-2.501547336578369,0.7142857142857143,0.2857142857142857,0.2801564335823059,0.1801564335823059
HYHYSMP,-3.384992837905884,-0.6051254868507385,0.5714285714285714,0.4285714285714285,0.2281011641025543,0.0781011641025543
EYSRSNA,1.249467134475708,-0.9134209752082825,0.5714285714285714,0.1428571428571428,0.4478495717048645,0.2978495717048645
NYSDSFN,-1.6970072984695435,-0.7681339383125305,0.5714285714285714,0.2857142857142857,0.4225628077983856,0.2725628077983856
YSHRKRT,-3.477135419845581,0.9909230470657349,0.7142857142857143,0.1428571428571428,0.217486023902893,0.117486023902893
YVEFKSP,0.526839554309845,-1.6061350107192993,0.7142857142857143,0.5714285714285714,0.3747046589851379,0.2747046589851379
YDQPQWQ,-2.3410074710845947,0.17166970670223236,0.7142857142857143,0.2857142857142857,0.3483718037605285,0.2483718037605286
RYLKHGS,-4.081602573394775,0.4098084568977356,0.7142857142857143,0.2857142857142857,0.1478493809700012,0.0478493809700012
QKRVWFC,-5.3649797439575195,0.994839072227478,0.8571428571428571,0.5714285714285714,0.0,0.0
YCKSLEI,-3.4696311950683594,-0.20350486040115356,0.5714285714285714,0.5714285714285714,0.2183505445718765,0.0683505445718765
GYHRAEN,0.596794843673706,-0.7201943397521973,0.7142857142857143,0.2857142857142857,0.4682527482509613,0.3682527482509613
LYHKSHN,0.5024564862251282,0.0982842817902565,0.4285714285714285,0.1428571428571428,0.5546773672103882,0.3546773672103882
HGEIESN,-1.0809508562088013,-4.869321346282959,0.7142857142857143,0.5714285714285714,0.0301388669759035,0.0
GMAEQIN,-0.5536956787109375,-4.749472141265869,0.7142857142857143,0.5714285714285714,0.0427939631044864,0.0
SYALSAE,-0.5666745901107788,-0.9855716824531555,0.7142857142857143,0.4285714285714285,0.440231055021286,0.340231055021286
AYSDSNG,0.2142462283372879,-2.138420820236206,0.5714285714285714,0.1428571428571428,0.3184996247291565,0.1684996247291565
FSHRYTL,-2.8252146244049072,0.7333613634109497,0.7142857142857143,0.2857142857142857,0.2925894856452942,0.1925894856452942
SYVNPVQ,-0.29507365822792053,-1.9396326541900635,0.7142857142857143,0.2857142857142857,0.3394900262355804,0.2394900262355804
WLHPSTA,-1.4410293102264404,-2.593827486038208,0.5714285714285714,0.4285714285714285,0.270412415266037,0.1204124152660369
YGGNAGN,0.8488272428512573,-3.074371576309204,0.4285714285714285,0.4285714285714285,0.2196708917617797,0.0196708917617798
IMRLLSF,-3.484498977661133,-1.6549646854400635,0.5714285714285714,0.4285714285714285,0.2166377156972885,0.0666377156972885
IYHRGRD,-0.1301245540380478,1.026167631149292,0.7142857142857143,0.0,0.6030729413032532,0.5030729413032532
YHYMSSN,-2.35675048828125,-0.9672613739967346,0.4285714285714285,0.2857142857142857,0.346558153629303,0.146558153629303
YYSQVEN,-1.5190380811691284,-1.4285424947738647,0.7142857142857143,0.2857142857142857,0.3934569656848907,0.2934569656848907
FPSHSNA,0.7929104566574097,-4.734992504119873,0.7142857142857143,0.4285714285714285,0.0443228930234909,0.0
YYVTIAN,-2.440124750137329,0.6146494746208191,0.7142857142857143,0.2857142857142857,0.3369531631469726,0.2369531631469726
VYSWSNN,-2.8701515197753906,0.2720172107219696,0.5714285714285714,0.1428571428571428,0.2874126136302948,0.1374126136302948
SDSRWEV,-1.064998745918274,-1.7011253833770752,0.5714285714285714,0.5714285714285714,0.36467444896698,0.2146744489669799
GSTRASN,1.4465593099594116,-3.7977490425109863,0.5714285714285714,0.4285714285714285,0.1432881355285644,0.0
YSRRDNN,1.3932451009750366,-0.935289740562439,0.4285714285714285,0.1428571428571428,0.4455404281616211,0.2455404281616211
YGDKPQW,0.1451449692249298,-1.2890827655792236,0.7142857142857143,0.1428571428571428,0.4081827700138092,0.3081827700138092
YSHRNNG,2.1498329639434814,-0.8111004829406738,0.5714285714285714,0.1428571428571428,0.4586538076400757,0.3086538076400756
QYHRSNN,0.49870648980140686,1.3024613857269287,0.5714285714285714,0.0,0.6755163669586182,0.5255163669586181
YVRHSLH,-0.6462531089782715,0.03187292814254761,0.5714285714285714,0.2857142857142857,0.5436131954193115,0.3936131954193115
QYGSSSN,0.6014847755432129,-3.0886240005493164,0.5714285714285714,0.2857142857142857,0.2181659489870071,0.0681659489870071
VSCRSHN,-3.46305775642395,0.17406493425369263,0.5714285714285714,0.2857142857142857,0.2191078215837478,0.0691078215837478
FQHTFAN,-1.1038955450057983,-2.3724987506866455,0.7142857142857143,0.2857142857142857,0.2937829196453094,0.1937829196453094
FKHLSMQ,-0.11419159919023514,-1.8071033954620361,0.4285714285714285,0.4285714285714285,0.353484034538269,0.153484034538269
SSRPSEN,0.6408014893531799,-3.884770631790161,0.4285714285714285,0.4285714285714285,0.1340993642807006,0.0
TYRDKQQ,1.1293275356292725,-1.4127355813980103,0.7142857142857143,0.2857142857142857,0.395126074552536,0.295126074552536
VYHRFEF,-2.3394553661346436,1.179348111152649,0.5714285714285714,0.2857142857142857,0.3485505878925323,0.1985505878925323
HTFAQCN,-3.7670862674713135,-0.5100999474525452,0.7142857142857143,0.4285714285714285,0.1840827167034149,0.0840827167034149
YFHRVEP,-1.2976242303848267,0.8934524059295654,0.7142857142857143,0.4285714285714285,0.4685730636119842,0.3685730636119843
FYMRMGP,-3.1165642738342285,0.02323395386338234,0.5714285714285714,0.4285714285714285,0.2590250372886657,0.1090250372886657
YCSRVPN,-3.684623956680298,0.46651703119277954,0.5714285714285714,0.2857142857142857,0.1935826539993286,0.0435826539993286
YWIYVQN,-3.892059564590454,1.1113755702972412,0.7142857142857143,0.5714285714285714,0.1696853637695312,0.0696853637695312
YLSRHVA,0.49729472398757935,-1.3706774711608887,0.7142857142857143,0.0,0.399567037820816,0.299567037820816
VVAASNN,0.26076728105545044,-4.269527435302734,0.5714285714285714,0.2857142857142857,0.0934721976518631,0.0
YHRQGLM,-0.5117331743240356,0.808103084564209,0.4285714285714285,0.4285714285714285,0.5591103434562683,0.3591103434562683
IYQTGMT,-0.4771926999092102,-4.179489612579346,0.7142857142857143,0.2857142857142857,0.1029794588685035,0.0013980586081743
FSRRAIA,-2.4602041244506836,-1.1580193042755127,0.5714285714285714,0.4285714285714285,0.3346399366855621,0.1846399366855621
YSKRQDT,0.5927085876464844,-1.9616713523864746,0.5714285714285714,0.1428571428571428,0.3371629416942596,0.1871629416942596
YSRRTSP,-1.3627504110336304,-0.04060797765851021,0.5714285714285714,0.2857142857142857,0.4610702991485595,0.3110702991485595
AYWGKVY,-3.059553623199463,0.19302870333194733,0.5714285714285714,0.5714285714285714,0.2655928432941437,0.1155928432941436
QIGKANN,1.843470811843872,-4.338801860809326,0.7142857142857143,0.4285714285714285,0.086157388985157,0.0
YSQRSSP,2.289492130279541,-0.8667163848876953,0.5714285714285714,0.2857142857142857,0.4527812302112579,0.3027812302112579
YHLFSET,-2.739191770553589,-0.09147711098194122,0.5714285714285714,0.4285714285714285,0.3024996221065521,0.1524996221065521
YYSVHFT,-2.8891239166259766,-0.43190085887908936,0.7142857142857143,0.4285714285714285,0.2852269411087036,0.1852269411087036
YFERQDS,-0.6718468070030212,-0.9665131568908691,0.7142857142857143,0.4285714285714285,0.4422434866428375,0.3422434866428375
MKHTSAN,1.8143465518951416,-2.71462345123291,0.7142857142857143,0.4285714285714285,0.2576573491096496,0.1576573491096496
YHGTMLQ,-0.8842586874961853,-3.3453094959259033,0.7142857142857143,0.4285714285714285,0.1910620629787445,0.0910620629787445
YSSRFGD,0.7357795834541321,-2.439802885055542,0.5714285714285714,0.2857142857142857,0.2866761386394501,0.13667613863945
YHSRFVI,-2.791926860809326,-0.7610616683959961,0.5714285714285714,0.2857142857142857,0.2964243590831756,0.1464243590831756
ASRHQSN,0.2770848870277405,-2.092883825302124,0.5714285714285714,0.2857142857142857,0.3233079612255096,0.1733079612255096
YHRRSNN,-2.949784517288208,1.4256759881973267,0.1428571428571428,0.1428571428571428,0.2782386243343353,0.0
SLHRSWH,-2.797375202178955,1.0942217111587524,0.5714285714285714,0.2857142857142857,0.2957966923713684,0.1457966923713684
YRRSIPD,0.8849750757217407,-1.3722479343414307,0.4285714285714285,0.4285714285714285,0.3994012176990509,0.1994012176990509
AYWREHE,-2.0579822063446045,0.4113471806049347,0.7142857142857143,0.4285714285714285,0.3809772729873657,0.2809772729873657
AYHPDNI,-0.3986958861351013,-2.697021961212158,0.7142857142857143,0.4285714285714285,0.2595159113407135,0.1595159113407135
FAHGSDN,-0.029260048642754555,-3.059274435043335,0.5714285714285714,0.4285714285714285,0.2212650179862976,0.0712650179862976
YTRMGSN,2.20135498046875,-0.9281013011932373,0.4285714285714285,0.2857142857142857,0.4462994933128357,0.2462994933128357
HYSRSSN,0.6980475187301636,0.6222357153892517,0.5714285714285714,0.1428571428571428,0.6100023984909058,0.4600023984909057
VQHLSVN,0.12453310191631317,-4.284049034118652,0.5714285714285714,0.2857142857142857,0.0919388383626937,0.0
YYPRLIN,-3.0735249519348145,-1.144672155380249,0.7142857142857143,0.2857142857142857,0.2639833092689514,0.1639833092689514
ISRFLNI,-1.8829293251037598,-2.3070645332336426,0.7142857142857143,0.4285714285714285,0.3006922304630279,0.2006922304630279
IYQIGMT,-1.3787540197372437,-2.2241530418395996,0.7142857142857143,0.2857142857142857,0.3094470202922821,0.2094470202922821
THQNAVH,0.3537006676197052,-4.346490383148193,0.7142857142857143,0.5714285714285714,0.0853455439209938,0.0
YKRVGDN,0.9165757894515991,-0.902844250202179,0.4285714285714285,0.2857142857142857,0.448966383934021,0.248966383934021
YSHRSLS,1.2490750551223755,0.8836485147476196,0.5714285714285714,0.2857142857142857,0.6376054286956787,0.4876054286956787
SYLAINA,-1.2096819877624512,-0.987931489944458,0.7142857142857143,0.2857142857142857,0.4399818778038025,0.3399818778038025
NYSRLEI,-0.03669896349310875,0.9601688385009766,0.5714285714285714,0.2857142857142857,0.6138359308242798,0.4638359308242797
VYVRLKH,-3.79581880569458,2.4270668029785156,0.5714285714285714,0.4285714285714285,0.1807726323604583,0.0307726323604583
YSHRGAR,-4.209017753601074,0.7093214392662048,0.5714285714285714,0.2857142857142857,0.1331707090139389,0.0
YSKRVQN,-1.5167099237442017,-0.33100053668022156,0.5714285714285714,0.2857142857142857,0.4433336555957794,0.2933336555957794
VPHRYEV,0.04890596866607666,-1.428473949432373,0.5714285714285714,0.4285714285714285,0.3934642076492309,0.2434642076492309
YYHRRTY,-4.150516033172607,0.5503111481666565,0.5714285714285714,0.2857142857142857,0.1399103105068206,0.0
VDGRVNH,0.8723627924919128,-3.9256176948547363,0.7142857142857143,0.4285714285714285,0.1297862529754638,0.0297862529754638
PLHRASN,0.8394108414649963,-1.4372469186782837,0.7142857142857143,0.2857142857142857,0.3925378620624542,0.2925378620624542
SYARRAN,-3.46897292137146,-0.08441109210252762,0.5714285714285714,0.1428571428571428,0.218426376581192,0.068426376581192
SMCSVRP,-3.053542137145996,-0.6335837841033936,0.7142857142857143,0.4285714285714285,0.2662853896617889,0.1662853896617889
CYGFANN,-3.7875545024871826,-0.8698523044586182,0.7142857142857143,0.4285714285714285,0.1817246973514557,0.0817246973514557
TPTDSWM,-2.2329719066619873,-1.7662780284881592,0.5714285714285714,0.2857142857142857,0.357794851064682,0.207794851064682
VCHRSNN,-3.433738946914673,1.494875431060791,0.5714285714285714,0.1428571428571428,0.2224854528903961,0.0724854528903961
QYVRVDN,0.31016796827316284,-0.9621000289916992,0.7142857142857143,0.2857142857142857,0.4427094757556915,0.3427094757556915
YYIRNNN,-1.4973347187042236,0.300907164812088,0.5714285714285714,0.1428571428571428,0.4455657303333282,0.2955657303333282
WECRGEI,-3.9969308376312256,-0.8879209160804749,0.7142857142857143,0.5714285714285714,0.157603845000267,0.057603845000267
YKHHGGN,1.0497889518737793,-0.9303564429283142,0.5714285714285714,0.2857142857142857,0.4460613429546356,0.2960613429546356
YSHRNNN,1.5117714405059814,-0.5843440890312195,0.4285714285714285,0.0,0.4825974404811859,0.2825974404811859
YSERVNN,1.4967082738876343,-3.104628324508667,0.5714285714285714,0.2857142857142857,0.216476023197174,0.066476023197174
TTKETPN,0.8892858624458313,-4.729568958282471,0.5714285714285714,0.4285714285714285,0.0448955781757831,0.0
YWWALSY,-4.683279514312744,1.8213591575622559,0.7142857142857143,0.5714285714285714,0.0785341635346412,0.0
VHHRLSA,0.7960547804832458,-0.3693118989467621,0.7142857142857143,0.1428571428571428,0.5053030848503113,0.4053030848503113
PYSRWEL,-3.3495984077453613,1.5176879167556763,0.7142857142857143,0.4285714285714285,0.2321787178516388,0.1321787178516388
GAHRANN,1.3594475984573364,-2.1355388164520264,0.7142857142857143,0.2857142857142857,0.3188039362430572,0.2188039362430572
NSRSSSQ,1.1515884399414062,-3.145275354385376,0.5714285714285714,0.2857142857142857,0.2121840268373489,0.0621840268373489
IHLHSEI,-0.7235250473022461,-2.2937240600585938,0.5714285714285714,0.4285714285714285,0.3021008670330047,0.1521008670330047
QCHIGSE,-3.447178363800049,-0.8006579279899597,0.7142857142857143,0.0,0.2209371775388717,0.1209371775388717
VMHMQNW,-2.491635799407959,-1.7658478021621704,0.8571428571428571,0.5714285714285714,0.3310188949108124,0.2810188949108123
QLHIPAN,0.17007151246070862,-4.635798454284668,0.7142857142857143,0.2857142857142857,0.0547969751060009,0.0
SCLRSEN,-3.925511360168457,0.8112271428108215,0.5714285714285714,0.4285714285714285,0.1658316105604171,0.0158316105604171
VSSIVNN,-0.24155037105083466,-3.980288505554199,0.5714285714285714,0.4285714285714285,0.1240134686231613,0.0
IYHRGRD,-0.1301245540380478,1.026167631149292,0.7142857142857143,0.0,0.6030729413032532,0.5030729413032532
YYSWNNN,-2.3010811805725098,0.4708763062953949,0.5714285714285714,0.2857142857142857,0.3529714345932007,0.2029714345932007
MTHKINN,1.7474581003189087,-1.9320186376571655,0.7142857142857143,0.4285714285714285,0.3402940034866333,0.2402940034866333
WHSRFHN,-1.3474771976470947,-0.23366045951843262,0.5714285714285714,0.1428571428571428,0.4628298580646515,0.3128298580646514
DHKHSAN,1.3201545476913452,-2.628781795501709,0.5714285714285714,0.2857142857142857,0.2667215168476105,0.1167215168476104
IHDRIIN,0.7022408843040466,-3.2194156646728516,0.5714285714285714,0.4285714285714285,0.2043554186820984,0.0543554186820983
MHRSLHN,0.28131431341171265,-0.4053827226161957,0.4285714285714285,0.4285714285714285,0.501494288444519,0.3014942884445191
VYMSVGN,-1.6574822664260864,-1.9862940311431885,0.7142857142857143,0.2857142857142857,0.3345629870891571,0.2345629870891571
LYHYINN,-3.3824286460876465,-0.6543291807174683,0.7142857142857143,0.2857142857142857,0.2283965647220611,0.1283965647220611
QYRRSDN,-0.7467657327651978,-1.4131827354431152,0.5714285714285714,0.2857142857142857,0.3950788378715515,0.2450788378715515
LYRSWNN,-2.9871904850006104,-0.10252442955970764,0.4285714285714285,0.2857142857142857,0.2739293277263641,0.0739293277263641
SNAISNH,0.2876657545566559,-4.1830830574035645,0.7142857142857143,0.4285714285714285,0.1026000156998634,0.0009047824889421
YYSHFNK,-0.37742215394973755,-1.3808296918869019,0.7142857142857143,0.1428571428571428,0.3984950482845306,0.2984950482845306
IYHRWIR,-5.23960542678833,0.6188557744026184,0.7142857142857143,0.2857142857142857,0.0144435437396168,0.0
HYQRPNN,-0.2562657296657562,-0.7879026532173157,0.7142857142857143,0.2857142857142857,0.4611032903194427,0.3611032903194427
YHHRSRL,-3.5566654205322266,1.2454792261123657,0.5714285714285714,0.2857142857142857,0.2083238959312439,0.0583238959312439
YTQICMN,-3.3869247436523438,-0.7566578984260559,0.5714285714285714,0.4285714285714285,0.227878600358963,0.077878600358963
YCRMILN,-4.014814376831055,-0.9587982296943665,0.5714285714285714,0.2857142857142857,0.1555435955524444,0.0055435955524444
LHSYSNN,0.6088603138923645,-1.197838544845581,0.4285714285714285,0.2857142857142857,0.4178174138069153,0.2178174138069153
QYSRQCA,-3.191176176071167,0.6384156942367554,0.7142857142857143,0.2857142857142857,0.2504294812679291,0.1504294812679291
VYHNGKE,1.7289760112762451,-2.372084379196167,0.7142857142857143,0.1428571428571428,0.2938266694545746,0.1938266694545746
QARVNND,1.2490463256835938,-3.83463454246521,0.5714285714285714,0.4285714285714285,0.1393933296203613,0.0
YSHRAND,2.118184804916382,-0.7756580710411072,0.5714285714285714,0.2857142857142857,0.4623962342739105,0.3123962342739105
QPHKHSD,0.6904488801956177,-2.331549882888794,0.7142857142857143,0.4285714285714285,0.2981067895889282,0.1981067895889282
YLGISAA,0.1252126693725586,-2.164523124694824,0.7142857142857143,0.2857142857142857,0.3157434463500976,0.2157434463500976
AYHRILN,-2.3275415897369385,1.2770057916641235,0.7142857142857143,0.2857142857142857,0.3499231040477752,0.2499231040477753
PMRRSKT,-3.1651642322540283,0.5292862057685852,0.7142857142857143,0.4285714285714285,0.2534261643886566,0.1534261643886566
YQVGAFN,-1.1584619283676147,-1.7980674505233765,0.5714285714285714,0.4285714285714285,0.3544381558895111,0.2044381558895111
ISSRSGN,1.7337334156036377,-3.365609645843506,0.5714285714285714,0.1428571428571428,0.1889185309410095,0.0389185309410095
YFSRLWN,-4.027404308319092,1.5381096601486206,0.5714285714285714,0.2857142857142857,0.1540931910276413,0.0040931910276413
VYLESNN,-1.0800458192825317,-2.2473738193511963,0.5714285714285714,0.2857142857142857,0.3069950938224792,0.1569950938224792
YYSRQAN,0.12847015261650085,-0.8789128065109253,0.7142857142857143,0.1428571428571428,0.451493352651596,0.3514933526515961
YFHIGSE,-1.6014680862426758,-0.969167172908783,0.5714285714285714,0.2857142857142857,0.4335692226886749,0.2835692226886749
TSSLHQN,-0.6739852428436279,-3.9194211959838867,0.5714285714285714,0.2857142857142857,0.1304405480623245,0.0
NYPRFNN,-1.3635965585708618,-0.6531141996383667,0.7142857142857143,0.2857142857142857,0.4609728455543518,0.3609728455543518
YDHITNN,0.25399139523506165,-2.8758716583251953,0.5714285714285714,0.4285714285714285,0.2406308501958847,0.0906308501958847
TYSRCTN,-3.529416799545288,2.145362377166748,0.5714285714285714,0.1428571428571428,0.2114630341529846,0.0614630341529846
MKWLSIW,-4.467357635498047,-0.3863394856452942,0.5714285714285714,0.5714285714285714,0.1034090891480445,0.0
KYKSQTI,-2.714242696762085,-0.6445868015289307,0.4285714285714285,0.5714285714285714,0.3053738474845886,0.1053738474845886
HYHEGEQ,-0.4391643702983856,-1.79227614402771,0.7142857142857143,0.4285714285714285,0.3550496697425842,0.2550496697425842
CHFRQNH,-3.779545545578003,-0.2099948674440384,0.7142857142857143,0.4285714285714285,0.1826473623514175,0.0826473623514175
SYSRMHN,-0.27571797370910645,1.2522791624069214,0.7142857142857143,0.2857142857142857,0.5863001346588135,0.4863001346588135
HYHRNEN,-0.358202189207077,-0.5493712425231934,0.7142857142857143,0.2857142857142857,0.4862902760505676,0.3862902760505676
YMRSENN,0.7462868094444275,-1.327396273612976,0.4285714285714285,0.1428571428571428,0.4041371643543243,0.2041371643543243
YSRRGRN,-3.450194835662842,1.67580246925354,0.2857142857142857,0.1428571428571428,0.22058966755867,0.0
SYHRSAQ,0.16740454733371735,2.330869197845459,0.5714285714285714,0.1428571428571428,0.6373493075370789,0.4873493075370788
MYHRSMN,-0.16372939944267273,1.203956961631775,0.5714285714285714,0.1428571428571428,0.5992015600204468,0.4492015600204467
QKHASTN,1.2131541967391968,-3.2739417552948,0.5714285714285714,0.4285714285714285,0.1985979080200195,0.0485979080200195
YSHRLTV,0.164006769657135,0.5063498616218567,0.5714285714285714,0.1428571428571428,0.5977658033370972,0.4477658033370971
YSQSINH,1.1627702713012695,-3.4773342609405518,0.7142857142857143,0.2857142857142857,0.1771213263273239,0.0771213263273239
NYHRLNP,0.09887563437223434,0.505703330039978,0.5714285714285714,0.1428571428571428,0.5976975560188293,0.4476975560188293
YVHREHN,0.6873775124549866,-1.696044683456421,0.7142857142857143,0.2857142857142857,0.3652109205722809,0.2652109205722809
YCSRREN,-3.302963972091675,-0.7753517627716064,0.7142857142857143,0.2857142857142857,0.2375511676073074,0.1375511676073074
LYARGSP,1.6993916034698486,-0.8856971859931946,0.5714285714285714,0.2857142857142857,0.450776994228363,0.300776994228363
NYTRIEN,-0.01197873242199421,-1.1513856649398804,0.5714285714285714,0.4285714285714285,0.4227224588394165,0.2727224588394165
VSHRSNP,1.1852381229400635,-1.7864645719528198,0.4285714285714285,0.1428571428571428,0.3556633293628692,0.1556633293628692
QHNSGPH,0.36050572991371155,-4.047425746917725,0.5714285714285714,0.5714285714285714,0.1169243231415748,0.0
QYSRSYN,-1.8274083137512207,1.3655612468719482,0.5714285714285714,0.1428571428571428,0.4075401425361633,0.2575401425361633
WASLGQN,-0.825994074344635,-0.86638343334198,0.5714285714285714,0.2857142857142857,0.452816367149353,0.302816367149353
YGSRRLH,-3.9484152793884277,0.6945911049842834,0.5714285714285714,0.4285714285714285,0.1631930023431778,0.0131930023431778
PSWKTIS,0.011178618296980858,-1.5292079448699951,0.5714285714285714,0.5714285714285714,0.3828275203704834,0.2328275203704834
YIASGNN,0.31240615248680115,-2.8448283672332764,0.4285714285714285,0.2857142857142857,0.2439087629318237,0.0439087629318237
TLRRSMN,-2.9824938774108887,-1.2000709772109985,0.5714285714285714,0.4285714285714285,0.2744703888893127,0.1244703888893127
TSCMTRA,-2.887380599975586,-0.3285323977470398,0.7142857142857143,0.5714285714285714,0.2854277789592743,0.1854277789592743
SYHRSNN,0.7627543807029724,2.127140998840332,0.5714285714285714,0.0,0.7059355974197388,0.5559355974197387
MYQLSWD,-3.543628215789795,0.7843122482299805,0.7142857142857143,0.4285714285714285,0.2098258286714553,0.1098258286714553
QYYHAAK,-1.4072561264038086,0.6159396767616272,0.7142857142857143,0.4285714285714285,0.4559431076049804,0.3559431076049805
VYHMAIE,-1.6900032758712769,-1.7297450304031372,0.7142857142857143,0.2857142857142857,0.3616524636745453,0.2616524636745453
YGGRYLP,-0.7720047235488892,-1.488297462463379,0.5714285714285714,0.2857142857142857,0.3871473371982574,0.2371473371982574
VYLRSAN,0.9641678929328918,0.21556301414966583,0.4285714285714285,0.2857142857142857,0.5670610666275024,0.3670610666275025
IYRCEGN,-3.5896596908569336,-0.8707827925682068,0.7142857142857143,0.4285714285714285,0.2045228481292724,0.1045228481292724
SPYAASN,-0.041467756032943726,-3.5187244415283203,0.7142857142857143,0.2857142857142857,0.1727508604526519,0.0727508604526519
SYHRYNE,-0.9264013171195984,0.6568658947944641,0.7142857142857143,0.1428571428571428,0.5113391876220703,0.4113391876220703
CYPRGPS,-3.058856964111328,-0.566093921661377,0.5714285714285714,0.4285714285714285,0.2656731009483337,0.1156731009483337
YSRMSGF,-0.5924204587936401,0.9552397727966309,0.5714285714285714,0.1428571428571428,0.5498148798942566,0.3998148798942565
YVRNPEE,1.0833832025527954,-1.3388471603393555,0.5714285714285714,0.4285714285714285,0.4029280841350555,0.2529280841350555
IYGRSYN,-2.2142887115478516,0.5616502165794373,0.5714285714285714,0.1428571428571428,0.362970232963562,0.212970232963562
WVFHGMN,-3.9091341495513916,0.14308089017868042,0.7142857142857143,0.4285714285714285,0.1677183210849762,0.0677183210849762
YLITSNP,-0.8134457468986511,-2.9902873039245605,0.5714285714285714,0.4285714285714285,0.2285494953393936,0.0785494953393936
IYHRSTY,-1.9441535472869873,1.1979820728302002,0.4285714285714285,0.2857142857142857,0.3940907120704651,0.1940907120704651
GYHHANH,-0.2489887923002243,-1.2191859483718872,0.7142857142857143,0.2857142857142857,0.4155633151531219,0.3155633151531219
YPMPGNT,0.760115921497345,-3.814802646636963,0.5714285714285714,0.4285714285714285,0.1414874196052551,0.0
QIIRSNT,1.3527848720550537,-1.6632426977157593,0.7142857142857143,0.4285714285714285,0.3686745464801788,0.2686745464801788
YSHRYTP,-1.4072293043136597,0.15288855135440826,0.7142857142857143,0.1428571428571428,0.4559461772441864,0.3559461772441864
YKHREEN,0.790092945098877,-1.0568053722381592,0.7142857142857143,0.1428571428571428,0.4327093958854675,0.3327093958854675
IYHRSSN,-0.09958647191524506,1.8720957040786743,0.5714285714285714,0.1428571428571428,0.6065910458564758,0.4565910458564758
YHIHLLN,-2.22768235206604,-1.0990952253341675,0.5714285714285714,0.2857142857142857,0.3614272177219391,0.2114272177219391
YHHRSIG,-0.275811105966568,0.679491400718689,0.5714285714285714,0.2857142857142857,0.5862893462181091,0.4362893462181091
PFEISNN,-0.6244675517082214,-4.119287014007568,0.5714285714285714,0.4285714285714285,0.1093363612890243,0.0
EYWRGST,-3.7256603240966797,1.4206684827804565,0.7142857142857143,0.4285714285714285,0.1888551265001297,0.0888551265001297
QGSRGQN,0.9703803062438965,-3.209977865219116,0.5714285714285714,0.2857142857142857,0.2053519636392593,0.0553519636392593
SMRSNSH,1.2548766136169434,-2.988185167312622,0.7142857142857143,0.4285714285714285,0.2287714630365371,0.1287714630365372
YMRVQNN,1.0856350660324097,-1.693206548690796,0.4285714285714285,0.1428571428571428,0.3655106127262115,0.1655106127262115
VFTWTLN,-3.9607667922973633,0.9228149056434631,0.5714285714285714,0.4285714285714285,0.1617700606584549,0.0117700606584549
YLRISVN,-0.8272121548652649,-0.49532800912857056,0.4285714285714285,0.2857142857142857,0.4919967949390411,0.2919967949390412
FFRRLAH,-3.9990291595458984,0.4688984155654907,0.7142857142857143,0.4285714285714285,0.1573621034622192,0.0573621034622192
SYDRQTN,0.6068887114524841,-2.3609235286712646,0.7142857142857143,0.4285714285714285,0.2950051724910736,0.1950051724910736
TASEGTN,-0.5570294260978699,-5.154749393463135,0.4285714285714285,0.2857142857142857,0.0,0.0
NSHRYNH,-0.9865530133247375,-0.5217839479446411,0.7142857142857143,0.0,0.4892032742500305,0.3892032742500305
NMHRHCM,-4.153137683868408,-0.21784058213233948,0.8571428571428571,0.4285714285714285,0.1396082937717437,0.0896082937717437
EHRSANT,0.8094621300697327,-3.2703514099121094,0.5714285714285714,0.2857142857142857,0.1989770233631134,0.0489770233631134
YMRFRSE,-0.5095229148864746,-0.4443976581096649,0.7142857142857143,0.5714285714285714,0.4973746538162231,0.3973746538162231
IYHRSVN,0.12485437840223312,2.0315165519714355,0.4285714285714285,0.1428571428571428,0.6324474215507507,0.4324474215507508
IYGRSNI,0.24945080280303955,1.4459086656570435,0.4285714285714285,0.2857142857142857,0.6468012928962708,0.4468012928962708
YHHHFQD,-0.4413512647151947,-0.7817499041557312,0.5714285714285714,0.4285714285714285,0.4617530107498169,0.3117530107498169
QSRLSNN,0.978224515914917,-2.543135166168213,0.2857142857142857,0.1428571428571428,0.2757650911808014,0.0257650911808013
YYHKSHN,-0.3331162929534912,0.40900281071662903,0.4285714285714285,0.1428571428571428,0.5796875953674316,0.3796875953674317
VYTIHNN,-0.3032771944999695,-2.256488561630249,0.5714285714285714,0.2857142857142857,0.3060326278209686,0.1560326278209686
NYSRHNL,-0.23323699831962585,-1.255458116531372,0.7142857142857143,0.2857142857142857,0.4117332696914673,0.3117332696914673
IGHRVND,1.624759554862976,-3.3914291858673096,0.7142857142857143,0.2857142857142857,0.1861921995878219,0.0861921995878219
YMHATNP,0.9298070073127747,-2.9951775074005127,0.7142857142857143,0.2857142857142857,0.2280331254005432,0.1280331254005432
PQNKVIL,1.1697958707809448,-3.6485772132873535,0.5714285714285714,0.7142857142857143,0.1590394675731659,0.0090394675731658
SYHRSST,0.876466691493988,1.387302041053772,0.5714285714285714,0.1428571428571428,0.690787136554718,0.540787136554718
YLHRGMG,0.09262474626302719,0.3645249009132385,0.7142857142857143,0.2857142857142857,0.582790195941925,0.482790195941925
KYMRMVA,-3.831035614013672,-0.557358980178833,0.5714285714285714,0.4285714285714285,0.176715537905693,0.026715537905693
SYMFGPM,-3.8592772483825684,-0.5670167207717896,0.5714285714285714,0.5714285714285714,0.1734620034694671,0.0234620034694671
YHSCAAN,-3.1510605812072754,-0.7941539883613586,0.5714285714285714,0.2857142857142857,0.2550509572029114,0.1050509572029113
ERRDGNN,0.593636155128479,-3.8961052894592285,0.5714285714285714,0.2857142857142857,0.132902517914772,0.0
YKNKSNC,-3.7894656658172607,0.07545632123947144,0.5714285714285714,0.4285714285714285,0.1815045326948166,0.0315045326948165
QYSRSND,1.1993532180786133,1.5455397367477417,0.5714285714285714,0.1428571428571428,0.7074957489967346,0.5574957489967346
HYHNHAN,-0.7622865438461304,-0.7459721565246582,0.7142857142857143,0.4285714285714285,0.4655308127403259,0.3655308127403259
NHNPMDE,-1.553816556930542,-5.047827243804932,0.7142857142857143,0.4285714285714285,0.0112901050597429,0.0
GWTKTYN,-0.8142759799957275,0.021714629605412483,0.7142857142857143,0.5714285714285714,0.5242564082145691,0.4242564082145691
AYRSKCN,-4.575088024139404,0.24514392018318176,0.5714285714285714,0.4285714285714285,0.0909981876611709,0.0
IYHRGSN,0.7749402523040771,1.4427777528762817,0.5714285714285714,0.0,0.6966449022293091,0.5466449022293091
YIHAGYI,-2.933621644973755,-0.35728713870048523,0.7142857142857143,0.4285714285714285,0.2801006436347961,0.1801006436347961
YHHRSQK,-2.769320011138916,1.6104565858840942,0.5714285714285714,0.2857142857142857,0.2990287542343139,0.1490287542343139
VYHLSNY,-2.789663791656494,-0.3093858063220978,0.5714285714285714,0.2857142857142857,0.2966850697994232,0.1466850697994232
IYSRAGI,0.504079282283783,1.493951439857483,0.4285714285714285,0.2857142857142857,0.6761353611946106,0.4761353611946106
WCHNSAT,-3.505558967590332,-1.295404314994812,0.7142857142857143,0.4285714285714285,0.2142115384340286,0.1142115384340286
MSRRSVT,-2.8397562503814697,-0.6762701272964478,0.5714285714285714,0.2857142857142857,0.2909142673015594,0.1409142673015594
QYNRGSN,1.6220835447311401,-0.7740936279296875,0.5714285714285714,0.1428571428571428,0.4625614285469055,0.3125614285469055
YSRSSVN,2.4003820419311523,1.7830203771591187,0.4285714285714285,0.0,0.7325717806816101,0.5325717806816102
WLHFGSN,-3.0140905380249023,-0.5008697509765625,0.7142857142857143,0.4285714285714285,0.270830363035202,0.170830363035202
ICSNPQT,-3.8789069652557373,-1.356909990310669,0.7142857142857143,0.4285714285714285,0.1712005883455276,0.0712005883455276
SYHRLSE,0.47205033898353577,1.4440486431121826,0.5714285714285714,0.2857142857142857,0.67244553565979,0.52244553565979
YLSRSAN,1.8007616996765137,-0.7675029635429382,0.5714285714285714,0.1428571428571428,0.463257372379303,0.3132573723793029
QVRRGSH,-3.291313648223877,-0.22575466334819794,0.7142857142857143,0.4285714285714285,0.2388933151960373,0.1388933151960373
VHLRQYN,-0.6256113648414612,-1.2874698638916016,0.4285714285714285,0.4285714285714285,0.4083530902862549,0.2083530902862549
AYSRNNN,0.18860600888729095,0.25187498331069946,0.7142857142857143,0.1428571428571428,0.5708953142166138,0.4708953142166138
IYHAAFT,-2.506817102432251,-0.14871011674404144,0.5714285714285714,0.4285714285714285,0.3292699754238128,0.1792699754238128
YHHRDAN,0.9976333975791931,-0.8645601272583008,0.5714285714285714,0.2857142857142857,0.4530088901519775,0.3030088901519775
MYNSLSN,-0.3007626533508301,-2.979858160018921,0.7142857142857143,0.2857142857142857,0.2296507209539413,0.1296507209539413
ISKRINS,-2.3555243015289307,-1.1894232034683228,0.7142857142857143,0.4285714285714285,0.3466994166374206,0.2466994166374206
QLHRVNA,1.678980827331543,-1.2081621885299683,0.7142857142857143,0.4285714285714285,0.4167273342609405,0.3167273342609406
IHHLSNN,0.5543525815010071,-2.2120816707611084,0.2857142857142857,0.2857142857142857,0.3107216358184814,0.0607216358184814
HYSRSSS,0.8409874439239502,0.22354869544506073,0.5714285714285714,0.1428571428571428,0.5679042935371399,0.4179042935371398
MYHRFQN,-0.7713876366615295,0.3573511838912964,0.5714285714285714,0.2857142857142857,0.5291972756385803,0.3791972756385803
IYHRTED,0.5273165106773376,0.0945984497666359,0.5714285714285714,0.2857142857142857,0.5542882084846497,0.4042882084846496
YIRTSNN,1.8789047002792358,-0.9054918885231018,0.2857142857142857,0.2857142857142857,0.4486868381500244,0.1986868381500244
YYHRSNT,-1.6702927350997925,0.8545640707015991,0.5714285714285714,0.0,0.4256403744220733,0.2756403744220733
YYHRLSN,-1.9087886810302734,1.2761422395706177,0.5714285714285714,0.1428571428571428,0.3981648683547973,0.2481648683547973
AYRITNN,1.1800154447555542,-2.010878086090088,0.5714285714285714,0.2857142857142857,0.3319670855998993,0.1819670855998993
NYHRAVN,0.35664689540863037,0.9142601490020752,0.5714285714285714,0.2857142857142857,0.6408377885818481,0.4908377885818481
QYSRSNN,1.1347072124481201,2.8329105377197266,0.5714285714285714,0.1428571428571428,0.7487858533859253,0.5987858533859253
QSHRSVS,0.7726855278015137,-1.6263870000839233,0.7142857142857143,0.1428571428571428,0.3725661933422088,0.2725661933422089
IYGRSGN,1.6887050867080688,-0.7802391648292542,0.5714285714285714,0.1428571428571428,0.4619125127792358,0.3119125127792358
YHSSLNS,0.9229976534843445,-3.1138079166412354,0.5714285714285714,0.2857142857142857,0.2155067324638366,0.0655067324638366
SSHLSNN,-0.21734783053398132,-4.211136817932129,0.4285714285714285,0.2857142857142857,0.0996377691626548,0.0
ISRIAND,1.755759835243225,-3.143895387649536,0.5714285714285714,0.4285714285714285,0.2123297452926635,0.0623297452926635
YYTSSNS,-0.8343455791473389,-2.7130162715911865,0.5714285714285714,0.2857142857142857,0.2578270435333252,0.1078270435333252
YYHRSVW,-2.502760887145996,0.903956949710846,0.5714285714285714,0.2857142857142857,0.3297372460365295,0.1797372460365295
VMSRSSN,2.116870641708374,-2.8323757648468018,0.5714285714285714,0.1428571428571428,0.24522365629673,0.09522365629673
YYHQSST,-1.231794834136963,-0.6924002766609192,0.5714285714285714,0.2857142857142857,0.471187561750412,0.3211875617504119
QSAWAIN,-2.959481716156006,-0.8722222447395325,0.5714285714285714,0.5714285714285714,0.2771214842796325,0.1271214842796325
YYHRVAH,-1.5227783918380737,-0.03839831426739693,0.7142857142857143,0.2857142857142857,0.4426345229148865,0.3426345229148865
QSHRSEV,0.5394682884216309,-1.7998535633087158,0.5714285714285714,0.2857142857142857,0.3542495667934418,0.2042495667934417
YHHRSGS,0.013596788048744202,0.8034504652023315,0.5714285714285714,0.1428571428571428,0.6196301579475403,0.4696301579475402
YLHMANH,-0.6326611042022705,-2.038299560546875,0.7142857142857143,0.4285714285714285,0.3290716111660003,0.2290716111660004
QYSNSAN,0.7393134832382202,-2.0676229000091553,0.5714285714285714,0.2857142857142857,0.3259752988815307,0.1759752988815307
IYRRSNT,-3.0976972579956055,0.9215487837791443,0.5714285714285714,0.1428571428571428,0.2611985802650451,0.1111985802650451
YYSSSNN,-0.33647429943084717,-2.2903926372528076,0.4285714285714285,0.1428571428571428,0.3024526536464691,0.1024526536464691
YYHRLTS,-1.971564769744873,0.8000349998474121,0.5714285714285714,0.2857142857142857,0.3909328281879425,0.2409328281879425
YWSRSNN,-1.1561213731765747,1.2476330995559692,0.4285714285714285,0.1428571428571428,0.4848746657371521,0.2848746657371521
WYRRSNN,-3.317004680633545,0.41424620151519775,0.4285714285714285,0.1428571428571428,0.235933631658554,0.035933631658554
TYSKSNV,2.295954942703247,0.6160221099853516,0.2857142857142857,0.2857142857142857,0.6093462705612183,0.3593462705612182
NYRRAPN,-2.599651575088501,-0.34350892901420593,0.4285714285714285,0.2857142857142857,0.3185751140117645,0.1185751140117645
NHSRVYN,-0.06464487314224243,-0.8502640724182129,0.5714285714285714,0.4285714285714285,0.4545184373855591,0.304518437385559
YVHRSTN,0.6905807256698608,1.3568605184555054,0.5714285714285714,0.1428571428571428,0.6875727772712708,0.5375727772712707
ILQSLNA,-0.5107972621917725,-4.618505954742432,0.7142857142857143,0.5714285714285714,0.0566229224205017,0.0
YHRVSMN,0.6743638515472412,1.339115023612976,0.2857142857142857,0.1428571428571428,0.6856989860534668,0.4356989860534668
IYHQGAN,0.2595549523830414,-2.574875593185425,0.7142857142857143,0.1428571428571428,0.2724135816097259,0.1724135816097259
YSHRIQN,0.18146276473999023,0.3670516312122345,0.5714285714285714,0.2857142857142857,0.5830570459365845,0.4330570459365844
QHRRSTD,-1.1516445875167847,0.4362510144710541,0.5714285714285714,0.4285714285714285,0.4853903949260711,0.3353903949260711
VSTRSAN,2.229395866394043,-2.9884190559387207,0.4285714285714285,0.2857142857142857,0.2287467718124389,0.0287467718124389
YYWINNN,-3.930546760559082,0.5121477246284485,0.5714285714285714,0.2857142857142857,0.1652515083551406,0.0152515083551406
IYHRSNN,0.42777636647224426,1.9939481019973755,0.5714285714285714,0.0,0.6673450469970703,0.5173450469970703
SYHWSFN,-3.9020562171936035,1.5349689722061157,0.5714285714285714,0.2857142857142857,0.1685337126255035,0.0185337126255035
YSTLSNN,1.0993539094924927,-1.7968249320983887,0.2857142857142857,0.1428571428571428,0.3545693755149841,0.1045693755149841
VYRRSHN,-3.4590647220611572,1.0038599967956543,0.4285714285714285,0.1428571428571428,0.2195678353309631,0.0195678353309631
YYHSSPN,-1.126116394996643,-0.5162981152534485,0.2857142857142857,0.2857142857142857,0.4883313477039337,0.2383313477039337
YEHHSNN,0.3350714445114136,-2.229987621307373,0.4285714285714285,0.2857142857142857,0.3088309168815613,0.1088309168815613
VYRKQNL,-2.168379068374634,0.15150485932826996,0.7142857142857143,0.4285714285714285,0.3682591617107391,0.2682591617107391
VMHDHNN,0.13094092905521393,-4.129855155944824,0.7142857142857143,0.4285714285714285,0.10822045058012,0.0082113478332758
YSRRSNP,-1.4430571794509888,0.7671070098876953,0.4285714285714285,0.1428571428571428,0.4518187046051025,0.2518187046051026
AYRRLNG,-2.744898557662964,0.30038371682167053,0.7142857142857143,0.2857142857142857,0.3018421828746795,0.2018421828746796
SYRSAAE,1.2022112607955933,-2.0540969371795654,0.7142857142857143,0.4285714285714285,0.3274035453796386,0.2274035453796387
VSHRQAN,1.3550385236740112,-2.2531399726867676,0.5714285714285714,0.2857142857142857,0.3063862323760986,0.1563862323760986
YYGRSSN,0.6829686164855957,0.514316737651825,0.5714285714285714,0.1428571428571428,0.5986070036888123,0.4486070036888122
YHHRSGR,-4.0938825607299805,1.3624964952468872,0.5714285714285714,0.2857142857142857,0.1464346796274185,0.0
YYSRSAN,0.7748223543167114,0.36240410804748535,0.5714285714285714,0.1428571428571428,0.5825663208961487,0.4325663208961486
SYHRLNN,-0.6281363368034363,1.6719708442687988,0.7142857142857143,0.1428571428571428,0.5457003712654114,0.4457003712654114
YYHRSPS,-1.3714587688446045,0.21749286353588104,0.5714285714285714,0.1428571428571428,0.4600670635700226,0.3100670635700225
TSSHNTN,0.3263736069202423,-4.423123359680176,0.5714285714285714,0.4285714285714285,0.0772537291049957,0.0
YLHDVNN,-0.5872494578361511,-2.1951210498809814,0.5714285714285714,0.4285714285714285,0.3125125467777252,0.1625125467777252
YHHDNGF,-0.9450358748435974,-1.5025334358215332,0.7142857142857143,0.4285714285714285,0.3856441378593445,0.2856441378593445
YYSKSND,1.1657816171646118,-1.5301378965377808,0.4285714285714285,0.2857142857142857,0.3827293217182159,0.1827293217182159
YVHRSNE,1.5792661905288696,0.8054769039154053,0.5714285714285714,0.1428571428571428,0.6293511390686035,0.4793511390686035
YSSRGAN,2.6627700328826904,-1.6480729579925537,0.4285714285714285,0.1428571428571428,0.3702763617038727,0.1702763617038727
AYSRQNS,0.5740288496017456,0.36705344915390015,0.5714285714285714,0.2857142857142857,0.5830572247505188,0.4330572247505188
NSRSSEA,0.9907094240188599,-4.309675216674805,0.5714285714285714,0.4285714285714285,0.0892329216003418,0.0
NHKRSSN,-3.3426809310913086,1.022918462753296,0.4285714285714285,0.2857142857142857,0.2329756319522857,0.0329756319522857
YYHLSGN,-2.1236586570739746,-0.09456922858953476,0.4285714285714285,0.1428571428571428,0.3734111189842224,0.1734111189842224
YYSRAAS,0.1880807727575302,-0.0041063823737204075,0.5714285714285714,0.2857142857142857,0.5438657402992249,0.3938657402992248
YYHRSSK,-4.257813930511475,0.9988886713981628,0.5714285714285714,0.1428571428571428,0.1275492310523986,0.0
VYHRSQN,0.3951452374458313,2.4081931114196777,0.2857142857142857,0.1428571428571428,0.6635858416557312,0.4135858416557312
YYHAVDN,-1.5971819162368774,0.1295437067747116,0.5714285714285714,0.1428571428571428,0.4340630173683166,0.2840630173683166
YYRRGEH,-1.764339566230774,0.9046570062637329,0.5714285714285714,0.2857142857142857,0.4148058891296386,0.2648058891296386
YWLLSRN,-4.6294145584106445,0.6108022928237915,0.4285714285714285,0.4285714285714285,0.0847395882010459,0.0
IPIVQDN,-1.0915956497192383,-4.6473588943481445,0.7142857142857143,0.5714285714285714,0.053576286882162,0.0
KYHRNRA,-2.703517198562622,1.3615586757659912,0.5714285714285714,0.2857142857142857,0.3066094517707824,0.1566094517707824
THHKSNP,0.45486870408058167,-0.601841926574707,0.4285714285714285,0.4285714285714285,0.4807497859001159,0.280749785900116
YHESSAS,0.24563716351985931,-3.568772077560425,0.5714285714285714,0.4285714285714285,0.1674662381410598,0.0174662381410598
QYDRLEP,-0.009578095749020576,-1.8045296669006348,0.5714285714285714,0.4285714285714285,0.3537558019161224,0.2037558019161224
YYSWSPN,-2.7405381202697754,0.8565580248832703,0.4285714285714285,0.1428571428571428,0.3023445308208465,0.1023445308208465
IYHRQEY,-1.6739505529403687,1.502056360244751,0.7142857142857143,0.2857142857142857,0.4252189993858337,0.3252189993858337
YYHRLAN,-1.829420566558838,1.3216062784194946,0.7142857142857143,0.1428571428571428,0.4073083400726318,0.3073083400726318
TWRRSGP,-2.7811279296875,-0.5502027273178101,0.5714285714285714,0.5714285714285714,0.2976684272289276,0.1476684272289276
YAHRGVN,1.1106576919555664,-0.1899804174900055,0.4285714285714285,0.2857142857142857,0.5242390036582947,0.3242390036582947
YYRRSVD,-1.183890461921692,0.41803792119026184,0.5714285714285714,0.1428571428571428,0.4816755950450897,0.3316755950450897
YSHRSDN,1.1844526529312134,0.06728149950504303,0.5714285714285714,0.1428571428571428,0.5514037609100342,0.4014037609100341
YHHRLNN,0.0132985794916749,0.9141870737075806,0.4285714285714285,0.1428571428571428,0.6195957660675049,0.4195957660675049
YYRYHEN,-1.2099193334579468,0.33501243591308594,0.5714285714285714,0.2857142857142857,0.4786769449710846,0.3286769449710846
SYHSSYN,-1.2520737648010254,-0.7782713174819946,0.5714285714285714,0.2857142857142857,0.4621202945709228,0.3121202945709228
YYHRQAN,-1.5900250673294067,0.6638152599334717,0.7142857142857143,0.2857142857142857,0.4348874986171722,0.3348874986171722
YDRAQRN,0.5017542243003845,-1.4665488004684448,0.5714285714285714,0.4285714285714285,0.3894438147544861,0.2394438147544861
NYSRSDN,0.4780151844024658,0.8182246685028076,0.5714285714285714,0.1428571428571428,0.6306971907615662,0.4806971907615661
YSSSANS,1.025062084197998,-3.8530447483062744,0.5714285714285714,0.2857142857142857,0.1374493688344955,0.0
QYRKTAN,-2.8988699913024902,-0.09365810453891754,0.7142857142857143,0.2857142857142857,0.2841041386127472,0.1841041386127472
SSRRVNN,-3.3439319133758545,-0.6988065242767334,0.5714285714285714,0.2857142857142857,0.23283152282238,0.08283152282238
YYHRLPN,-1.7019274234771729,1.7496705055236816,0.5714285714285714,0.2857142857142857,0.4219959676265716,0.2719959676265716
LHHRFNI,-1.760061502456665,-0.0239598136395216,0.5714285714285714,0.2857142857142857,0.415298730134964,0.2652987301349639
HYRKSNN,-3.207040548324585,0.45662322640419006,0.4285714285714285,0.2857142857142857,0.2486018687486648,0.0486018687486648
AYSRSNN,0.37142214179039,1.7361077070236206,0.5714285714285714,0.0,0.66085284948349,0.51085284948349
YYRNGEN,-0.6454262733459473,0.5076544284820557,0.4285714285714285,0.2857142857142857,0.5437084436416626,0.3437084436416626
PYHRSGN,0.4053947627544403,0.2596850097179413,0.5714285714285714,0.1428571428571428,0.5717200040817261,0.421720004081726
YSHRSTN,2.0999040603637695,0.9327888488769531,0.5714285714285714,0.1428571428571428,0.6427942514419556,0.4927942514419555
YLHSSNN,0.33320382237434387,-1.977061152458191,0.4285714285714285,0.2857142857142857,0.3355378806591034,0.1355378806591034
YPHRLNN,1.032126545906067,-0.7248643636703491,0.5714285714285714,0.1428571428571428,0.4677596092224121,0.3177596092224121
VYRTVSN,1.462677240371704,-1.009048581123352,0.5714285714285714,0.2857142857142857,0.4377521276473999,0.2877521276473999
SEHIAEN,-1.5162512063980103,-3.8111069202423096,0.5714285714285714,0.4285714285714285,0.1418776512145996,0.0
VHSRNTE,1.664595127105713,-2.9199161529541016,0.5714285714285714,0.4285714285714285,0.2359801083803177,0.0859801083803177
NHHRQSI,-0.45671549439430237,-0.583607017993927,0.7142857142857143,0.4285714285714285,0.4826752245426178,0.3826752245426178
VHSKSQN,1.40281343460083,-1.8228001594543457,0.5714285714285714,0.2857142857142857,0.3518265783786773,0.2018265783786773
YYSTSGN,-0.5332176685333252,-2.1170809268951416,0.5714285714285714,0.2857142857142857,0.3207529485225677,0.1707529485225677
EYMRSDN,-0.2549932897090912,-1.0259038209915161,0.5714285714285714,0.2857142857142857,0.4359723329544067,0.2859723329544067
YYSVHEN,-1.091748833656311,-1.7689284086227417,0.7142857142857143,0.2857142857142857,0.3575150072574615,0.2575150072574615
EYRRSNN,0.18170250952243805,-0.7352567911148071,0.4285714285714285,0.1428571428571428,0.4666622877120971,0.2666622877120972
YHRRGLN,-2.7752387523651123,1.585710883140564,0.4285714285714285,0.1428571428571428,0.2983468770980835,0.0983468770980835
YHHVGEN,0.09755431115627289,-1.2780113220214844,0.5714285714285714,0.2857142857142857,0.4093518257141113,0.2593518257141113
YHHRSSN,0.06909715384244919,1.469557523727417,0.4285714285714285,0.1428571428571428,0.6260239481925964,0.4260239481925965
NYHRVYN,-2.5734100341796875,1.1907403469085693,0.7142857142857143,0.2857142857142857,0.3215982317924499,0.2215982317924499
PSHRFEN,0.30995893478393555,-2.540766477584839,0.7142857142857143,0.2857142857142857,0.2760152220726013,0.1760152220726013
VYRRNQN,-2.5025768280029297,0.4714984893798828,0.4285714285714285,0.2857142857142857,0.3297584652900696,0.1297584652900696
MYLRYNN,-2.848900318145752,-0.35876908898353577,0.5714285714285714,0.2857142857142857,0.2898608148097992,0.1398608148097992
YYRSGQY,-1.941075086593628,0.07810305058956146,0.4285714285714285,0.2857142857142857,0.3944453597068786,0.1944453597068786
YYSTSHN,-0.52882319688797,-1.8844579458236694,0.5714285714285714,0.2857142857142857,0.3453160226345062,0.1953160226345062
QSHRLQN,1.0350741147994995,-0.9629510045051575,0.7142857142857143,0.2857142857142857,0.4426196217536926,0.3426196217536926
YSHRSAD,1.995761752128601,0.05842505022883415,0.5714285714285714,0.2857142857142857,0.5504685640335083,0.4004685640335083
QKRRSEY,-2.919506549835205,0.6386781930923462,0.5714285714285714,0.4285714285714285,0.2817267477512359,0.1317267477512359
YVSSGQP,0.8525910973548889,-3.1090409755706787,0.5714285714285714,0.4285714285714285,0.2160100787878036,0.0660100787878036
SSHKVSN,0.8729112148284912,-3.1435351371765137,0.7142857142857143,0.4285714285714285,0.2123677730560302,0.1123677730560302
SHHLSNN,-0.08232095092535019,-2.6189420223236084,0.2857142857142857,0.2857142857142857,0.2677605152130127,0.0177605152130126
IYSGSNM,0.10014988481998444,-3.085852861404419,0.4285714285714285,0.2857142857142857,0.2184585481882095,0.0184585481882095
YYSGSAA,-0.2916281819343567,-3.1554102897644043,0.5714285714285714,0.2857142857142857,0.2111138552427292,0.0611138552427291
NHRMFHN,-1.9884264469146729,-1.1043715476989746,0.5714285714285714,0.4285714285714285,0.3889903128147125,0.2389903128147125
YYRRSNN,-3.154005289077759,0.9878677725791931,0.2857142857142857,0.0,0.2547117173671722,0.0047117173671722
SSHNSQN,0.20810824632644653,-4.50075626373291,0.5714285714285714,0.4285714285714285,0.069056324660778,0.0
YYSRSWN,-2.899125814437866,2.1020689010620117,0.5714285714285714,0.1428571428571428,0.2840746939182281,0.1340746939182281
IYRRHNN,-3.6022605895996094,0.8398573398590088,0.5714285714285714,0.1428571428571428,0.203071191906929,0.053071191906929
VYRRSGV,-2.4367516040802,0.5459821820259094,0.4285714285714285,0.4285714285714285,0.3373417556285858,0.1373417556285858
YSHRSWN,-2.1716487407684326,1.330238699913025,0.5714285714285714,0.1428571428571428,0.367882490158081,0.217882490158081
WYHRTQN,-1.455571174621582,0.9294137954711914,0.5714285714285714,0.4285714285714285,0.4503770470619201,0.3003770470619201
NYHVTSN,0.518925666809082,-2.3677773475646973,0.5714285714285714,0.2857142857142857,0.2942814528942108,0.1442814528942108
MYHKVNS,1.5873134136199951,-0.9425464272499084,0.5714285714285714,0.4285714285714285,0.444774180650711,0.294774180650711
YHERTHP,0.8305954933166504,-2.144209861755371,0.7142857142857143,0.4285714285714285,0.3178883492946625,0.2178883492946625
YHHRAAN,0.5313066244125366,0.7866486310958862,0.5714285714285714,0.2857142857142857,0.6273630857467651,0.4773630857467651
IYTLINS,-2.027055025100708,-1.129899501800537,0.5714285714285714,0.4285714285714285,0.3845401704311371,0.2345401704311371
LYRRSEH,-1.7772940397262573,0.8407289981842041,0.2857142857142857,0.4285714285714285,0.41331347823143,0.16331347823143
YYHRFQT,-1.4317086935043335,0.3422830104827881,0.5714285714285714,0.1428571428571428,0.4531260728836059,0.3031260728836059
VSHRSNS,1.195363998413086,-2.0309979915618896,0.5714285714285714,0.2857142857142857,0.32984259724617,0.17984259724617
YYRNNNN,-0.21493981778621674,-0.6347547769546509,0.4285714285714285,0.1428571428571428,0.477274477481842,0.2772744774818421
YSHRGNN,2.081707000732422,0.43517470359802246,0.4285714285714285,0.0,0.5902502536773682,0.3902502536773682
YSHTGVG,1.5127707719802856,-2.708179473876953,0.4285714285714285,0.4285714285714285,0.2583377659320831,0.0583377659320831
YYHYGVH,-2.5204925537109375,-0.5828980207443237,0.7142857142857143,0.4285714285714285,0.3276945054531097,0.2276945054531097
VYYRSSN,-1.2709628343582153,2.5572011470794678,0.4285714285714285,0.1428571428571428,0.4716445505619049,0.2716445505619049
WYRRQEN,-1.8306043148040771,0.05275288596749306,0.7142857142857143,0.2857142857142857,0.4071719646453857,0.3071719646453857
YYHSNVN,-1.3892687559127808,-0.659078061580658,0.5714285714285714,0.2857142857142857,0.4580152928829193,0.3080152928829193
VSHRTNN,1.556329607963562,-2.1893928050994873,0.5714285714285714,0.1428571428571428,0.3131174147129059,0.1631174147129059
YHHRQNS,-0.5269887447357178,-0.015363287180662155,0.5714285714285714,0.2857142857142857,0.5426771640777588,0.3926771640777587
VSRSLQN,1.9563928842544556,-2.276278018951416,0.5714285714285714,0.2857142857142857,0.3039430379867553,0.1539430379867553
YTHRQDN,0.28815481066703796,-1.9277360439300537,0.7142857142857143,0.2857142857142857,0.3407462239265442,0.2407462239265442
YDSAAVS,-0.34193578362464905,-3.7706868648529053,0.7142857142857143,0.5714285714285714,0.146145686507225,0.046145686507225
WVHRANY,-1.7633025646209717,0.07607840746641159,0.7142857142857143,0.4285714285714285,0.4149253368377685,0.3149253368377686
YMRSSNN,2.1268064975738525,-0.5537266135215759,0.2857142857142857,0.1428571428571428,0.4858303666114807,0.2358303666114807
PHQDQGN,-0.33291396498680115,-4.918500900268555,0.7142857142857143,0.4285714285714285,0.0249459091573953,0.0
IHSRSWN,-2.274815082550049,0.5118310451507568,0.5714285714285714,0.2857142857142857,0.3559973835945129,0.2059973835945129
YYRRSNN,-3.154005289077759,0.9878677725791931,0.2857142857142857,0.0,0.2547117173671722,0.0047117173671722
YYHRTNS,-0.8403628468513489,0.6143677830696106,0.4285714285714285,0.1428571428571428,0.5212510824203491,0.3212510824203491
AYHVPNN,0.01952674798667431,-2.405815362930298,0.7142857142857143,0.2857142857142857,0.2902649641036987,0.1902649641036987
ISHRSAN,1.1594140529632568,-1.4749298095703125,0.5714285714285714,0.1428571428571428,0.3885588645935058,0.2385588645935058
PHSRDNN,1.1536309719085693,-4.348782062530518,0.5714285714285714,0.2857142857142857,0.0851035565137863,0.0
YYHRSAN,-1.2602688074111938,1.0208686590194702,0.5714285714285714,0.1428571428571428,0.4728765487670898,0.3228765487670898
YSHRSNA,2.1649112701416016,0.09439630061388016,0.5714285714285714,0.0,0.5542668104171753,0.4042668104171752
IHHRARQ,-3.5648539066314697,-0.19661948084831238,0.7142857142857143,0.4285714285714285,0.2073805630207061,0.1073805630207061
YSRSSGE,1.849624514579773,1.2173826694488525,0.5714285714285714,0.1428571428571428,0.6728450655937195,0.5228450655937195
YYSRYVP,-2.5418789386749268,0.2769918739795685,0.5714285714285714,0.2857142857142857,0.3252307176589966,0.1752307176589966
MSRVDDN,0.561424970626831,-3.252931594848633,0.5714285714285714,0.4285714285714285,0.2008164077997207,0.0508164077997207
YYHSSIN,-1.6274386644363403,-0.04575132951140404,0.4285714285714285,0.2857142857142857,0.4305773377418518,0.2305773377418518
QSHRSNN,1.0445306301116943,-1.4850417375564575,0.5714285714285714,0.1428571428571428,0.3874911367893219,0.2374911367893219
YYQRGSY,-1.6442188024520874,-0.2109609693288803,0.7142857142857143,0.4285714285714285,0.4286441802978515,0.3286441802978516
QYRRSNN,-3.216153383255005,0.40572839975357056,0.4285714285714285,0.1428571428571428,0.2475520372390747,0.0475520372390747
YHSHSSQ,0.23404349386692047,-1.786825180053711,0.5714285714285714,0.2857142857142857,0.3556252419948578,0.2056252419948578
EYHSSNN,0.05745808780193329,-3.1206915378570557,0.5714285714285714,0.2857142857142857,0.2147798687219619,0.0647798687219619
AHHLSSN,0.08847098052501678,-2.940707206726074,0.2857142857142857,0.2857142857142857,0.2337847501039505,0.0
YTDLQEN,-0.6680331826210022,-3.153510093688965,0.5714285714285714,0.4285714285714285,0.2113144993782043,0.0613144993782043
PVHRSNN,0.752704381942749,-1.5818651914596558,0.5714285714285714,0.2857142857142857,0.3772673308849334,0.2272673308849334
YYSRSEN,-0.24387367069721222,0.5828149914741516,0.5714285714285714,0.1428571428571428,0.5899686813354492,0.4399686813354492
QYRYSEN,-2.1685571670532227,0.5055063366889954,0.5714285714285714,0.2857142857142857,0.3682386577129364,0.2182386577129364
MYRSSPN,2.0746641159057617,-1.4125471115112305,0.4285714285714285,0.2857142857142857,0.3951459527015686,0.1951459527015686
YYRKLSN,-3.4590094089508057,0.5707337856292725,0.5714285714285714,0.2857142857142857,0.2195741981267929,0.0695741981267929
MSRRADN,0.752875566482544,-2.76393723487854,0.4285714285714285,0.2857142857142857,0.2524501979351043,0.0524501979351043
YYRRSNN,-3.154005289077759,0.9878677725791931,0.2857142857142857,0.0,0.2547117173671722,0.0047117173671722
YYSYSMN,-2.5880727767944336,0.23966094851493835,0.5714285714285714,0.2857142857142857,0.3199090361595154,0.1699090361595154
LYRRGSN,-2.391836643218994,0.5061590671539307,0.4285714285714285,0.1428571428571428,0.3425160944461822,0.1425160944461822
YHHRNNR,-2.873095989227295,1.0922777652740479,0.5714285714285714,0.1428571428571428,0.287073403596878,0.137073403596878
YYHRINS,-1.6246376037597656,0.412090003490448,0.5714285714285714,0.1428571428571428,0.4309000074863434,0.2809000074863433
YYHRSNA,-0.7873313426971436,1.2618556022644043,0.5714285714285714,0.1428571428571428,0.5273604989051819,0.3773604989051818
VTHRGNN,1.6037671566009521,-2.1333487033843994,0.5714285714285714,0.1428571428571428,0.3190352022647857,0.1690352022647857
SHQSSWN,-0.9941919445991516,-2.2973999977111816,0.5714285714285714,0.4285714285714285,0.3017127215862274,0.1517127215862274
YYFRSQN,-2.0912866592407227,1.1376055479049683,0.4285714285714285,0.2857142857142857,0.377140462398529,0.177140462398529
TSHYSLS,-0.6876987218856812,-2.7939136028289795,0.5714285714285714,0.4285714285714285,0.249284952878952,0.099284952878952
MLHASNN,0.629051923751831,-3.8800296783447266,0.5714285714285714,0.4285714285714285,0.1345999836921692,0.0
YSRRSEN,0.8013451099395752,0.9811267256736755,0.4285714285714285,0.1428571428571428,0.6478983759880066,0.4478983759880066
YLRSLNV,-1.1995412111282349,-0.49405476450920105,0.5714285714285714,0.2857142857142857,0.4798725545406341,0.3298725545406341
YEHKAQS,1.0080147981643677,-2.399413585662842,0.5714285714285714,0.4285714285714285,0.2909409403800964,0.1409409403800964
YHHSAQP,1.135627269744873,-1.7663928270339966,0.7142857142857143,0.4285714285714285,0.3577827513217926,0.2577827513217926
VEYRSNN,0.18573562800884247,-1.678451418876648,0.5714285714285714,0.2857142857142857,0.3670686185359955,0.2170686185359955
YMHRQTI,-0.22291427850723267,-0.2688506841659546,0.5714285714285714,0.4285714285714285,0.5159109234809875,0.3659109234809875
YSHSFNN,-0.1044926568865776,-0.7857260704040527,0.5714285714285714,0.2857142857142857,0.4613331258296966,0.3113331258296966
YYDRLSA,-0.30769264698028564,-1.6564102172851562,0.5714285714285714,0.2857142857142857,0.3693960011005401,0.2193960011005401
YSHRSGN,1.5277682542800903,0.5965955853462219,0.5714285714285714,0.1428571428571428,0.607295036315918,0.4572950363159179
VYIRSVN,-0.916027843952179,1.2182698249816895,0.4285714285714285,0.2857142857142857,0.5125342011451721,0.3125342011451721
AYSRSNN,0.37142214179039,1.7361077070236206,0.5714285714285714,0.0,0.66085284948349,0.51085284948349
YYRGSSN,0.5818268060684204,0.3115566074848175,0.4285714285714285,0.2857142857142857,0.577197253704071,0.3771972537040711
VSMRNGN,2.2294671535491943,-4.02733039855957,0.5714285714285714,0.2857142857142857,0.1190462261438369,0.0
YYLLSNN,-3.127094268798828,-0.3325343430042267,0.2857142857142857,0.2857142857142857,0.2578119337558746,0.0078119337558746
NYRRSQN,-3.2106287479400635,0.13382601737976074,0.4285714285714285,0.2857142857142857,0.2481884956359863,0.0481884956359863
YHHRIEN,0.1943916231393814,-0.44318562746047974,0.5714285714285714,0.2857142857142857,0.4975025951862335,0.3475025951862335
YYSRIVA,-1.6451956033706665,-0.262196809053421,0.5714285714285714,0.2857142857142857,0.428531676530838,0.278531676530838
VHHRMHN,-0.4285261631011963,-0.1555469036102295,0.5714285714285714,0.2857142857142857,0.5278749465942383,0.3778749465942382
YERRQEN,-0.08119452744722366,-2.132983446121216,0.5714285714285714,0.2857142857142857,0.3190737664699554,0.1690737664699554
HYSHSGD,-0.04680224508047104,-1.2235538959503174,0.5714285714285714,0.2857142857142857,0.41510209441185,0.2651020944118499
YYHLSEN,-2.499725818634033,0.5176698565483093,0.4285714285714285,0.1428571428571428,0.3300869166851043,0.1300869166851044
PYSEYGS,-2.222618341445923,-2.4155421257019043,0.7142857142857143,0.4285714285714285,0.2892378866672516,0.1892378866672516
YHSRFND,0.9079562425613403,-0.8707277178764343,0.5714285714285714,0.1428571428571428,0.452357679605484,0.302357679605484
YYHSSFN,-1.9377020597457886,-0.023009277880191803,0.4285714285714285,0.2857142857142857,0.3948339223861694,0.1948339223861694
AYHHYNN,-1.697371482849121,-0.19599229097366333,0.7142857142857143,0.2857142857142857,0.4225208163261413,0.3225208163261414
QYHRSHP,-0.6593360304832458,0.03431542590260506,0.4285714285714285,0.2857142857142857,0.542106032371521,0.342106032371521
QSSHPVN,-0.37660348415374756,-3.938187599182129,0.5714285714285714,0.4285714285714285,0.1284589767456054,0.0
IYRRATN,-3.0271782875061035,0.6192507743835449,0.5714285714285714,0.2857142857142857,0.2693226039409637,0.1193226039409637
QHRNSNN,1.4922471046447754,-2.064055919647217,0.2857142857142857,0.2857142857142857,0.3263519704341888,0.0763519704341888
YHSSSMY,-1.8850785493850708,-1.4452450275421143,0.5714285714285714,0.4285714285714285,0.3916933238506317,0.2416933238506317
YHSRQNY,-1.087854027748108,-0.49234235286712646,0.5714285714285714,0.2857142857142857,0.4923120439052582,0.3423120439052581
YYHRSSE,-0.4949965476989746,0.9957966208457947,0.5714285714285714,0.1428571428571428,0.5610384941101074,0.4110384941101074
YYHSSNN,-0.6778563261032104,-0.41938555240631104,0.4285714285714285,0.1428571428571428,0.5000157356262207,0.3000157356262207
HYRRHSN,-4.098322868347168,1.007007360458374,0.5714285714285714,0.4285714285714285,0.1459231376647949,0.0
YSHRDNS,1.4868943691253662,-2.225645065307617,0.7142857142857143,0.2857142857142857,0.3092894554138183,0.2092894554138183
YHTWMNS,-2.7076098918914795,-0.7202122211456299,0.5714285714285714,0.2857142857142857,0.3061379492282867,0.1561379492282867
YHRDSSL,1.004075288772583,-1.028967022895813,0.4285714285714285,0.2857142857142857,0.4356488883495331,0.2356488883495331
YSRRSME,1.3111072778701782,0.07009831070899963,0.4285714285714285,0.2857142857142857,0.5517011880874634,0.3517011880874634
QYHRARA,-3.4021055698394775,0.3856557607650757,0.5714285714285714,0.2857142857142857,0.226129725575447,0.076129725575447
YSTNTQN,0.8798438310623169,-3.8504176139831543,0.4285714285714285,0.4285714285714285,0.1377267688512802,0.0
IVHSHEN,-0.396432489156723,-4.515509128570557,0.7142857142857143,0.4285714285714285,0.067498542368412,0.0
IYHVSSE,-0.2867416441440582,-1.841830849647522,0.5714285714285714,0.2857142857142857,0.3498171269893646,0.1998171269893646
YYRRNGL,-3.0866525173187256,0.7850320935249329,0.5714285714285714,0.1428571428571428,0.2624709606170654,0.1124709606170654
YYRRSNN,-3.154005289077759,0.9878677725791931,0.2857142857142857,0.0,0.2547117173671722,0.0047117173671722
YTHRFNN,-0.18564647436141968,-0.2736220359802246,0.5714285714285714,0.2857142857142857,0.515407145023346,0.3654071450233459
YHHRSNN,0.15554393827915192,1.2076259851455688,0.2857142857142857,0.1428571428571428,0.6359829306602478,0.3859829306602478
YYRLDNT,-1.4024113416671753,0.29846513271331787,0.4285714285714285,0.4285714285714285,0.4565012156963348,0.2565012156963349
YYHWSSQ,-3.3356773853302,0.7592726349830627,0.5714285714285714,0.2857142857142857,0.2337824702262878,0.0837824702262878
YYHRSSN,-1.4665004014968872,1.0760574340820312,0.5714285714285714,0.0,0.4491179585456848,0.2991179585456848
YVHRHNA,-0.04451437294483185,-0.02232590690255165,0.7142857142857143,0.2857142857142857,0.5419419407844543,0.4419419407844543
YYHRSED,-0.7794050574302673,1.0391631126403809,0.5714285714285714,0.2857142857142857,0.5282736420631409,0.3782736420631408
YPSRSNN,2.4676198959350586,-1.3175139427185059,0.4285714285714285,0.1428571428571428,0.4051806926727295,0.2051806926727295
QWHRSNN,-1.1447656154632568,0.4281836152076721,0.5714285714285714,0.1428571428571428,0.4861828684806824,0.3361828684806823
YSHSSQM,1.4475619792938232,-2.6746606826782227,0.5714285714285714,0.2857142857142857,0.2618770897388458,0.1118770897388458
YYRSANN,0.44363102316856384,-0.02249016985297203,0.4285714285714285,0.1428571428571428,0.5419245958328247,0.3419245958328247
QMTRSNN,1.2350529432296753,-2.7487094402313232,0.5714285714285714,0.2857142857142857,0.2540581524372101,0.10405815243721
YYYTVQN,-3.2538459300994873,0.21237988770008087,0.7142857142857143,0.4285714285714285,0.2432097345590591,0.1432097345590591
YYSILAA,-2.261305809020996,-0.9397085905075073,0.7142857142857143,0.4285714285714285,0.3575536906719208,0.2575536906719208
IWFRSNN,-3.1200103759765625,1.1138583421707153,0.5714285714285714,0.2857142857142857,0.2586280405521393,0.1086280405521392
HSRRANN,-3.4185988903045654,-0.42794328927993774,0.4285714285714285,0.2857142857142857,0.224229633808136,0.024229633808136
YYHHYNP,-1.87361478805542,-0.863335132598877,0.7142857142857143,0.1428571428571428,0.4022170007228851,0.3022170007228851
LSRRLNN,-2.5747263431549072,0.15503360331058502,0.4285714285714285,0.2857142857142857,0.3214465975761413,0.1214465975761413
NYHRNNN,0.7986204624176025,-0.134889617562294,0.7142857142857143,0.1428571428571428,0.5300561189651489,0.4300561189651489
YERSSIN,0.5605709552764893,-2.3060054779052734,0.4285714285714285,0.1428571428571428,0.3008040487766266,0.1008040487766266
YYRTAAY,-2.6101202964782715,-0.2343449741601944,0.5714285714285714,0.4285714285714285,0.3173691034317016,0.1673691034317016
YHHVSDN,0.19815242290496826,-1.3605748414993286,0.4285714285714285,0.2857142857142857,0.4006338119506836,0.2006338119506836
IGRMSNW,-1.5270824432373047,-0.5024146437644958,0.5714285714285714,0.4285714285714285,0.4421387016773224,0.2921387016773223
YTSRLMN,0.8797303438186646,-1.7919715642929077,0.5714285714285714,0.2857142857142857,0.3550818264484405,0.2050818264484405
GYHNSFS,-1.5916790962219238,-2.0425608158111572,0.5714285714285714,0.4285714285714285,0.3286216557025909,0.1786216557025909
TYHRSGN,0.6293078660964966,0.8027883172035217,0.4285714285714285,0.1428571428571428,0.6290672421455383,0.4290672421455384
YYRRSEN,-0.8751363158226013,1.265745759010315,0.4285714285714285,0.1428571428571428,0.5172451138496399,0.3172451138496399
YKHRSEN,-0.43027377128601074,1.0119919776916504,0.5714285714285714,0.1428571428571428,0.5684947371482849,0.4184947371482849
YYRNINS,-1.2685290575027466,-0.6069098114967346,0.5714285714285714,0.2857142857142857,0.4719249308109283,0.3219249308109283
NHARSSN,1.341804027557373,-1.8686552047729492,0.4285714285714285,0.2857142857142857,0.3469846844673157,0.1469846844673157
ILHVGMD,-1.6849466562271118,-3.5890679359436035,0.7142857142857143,0.4285714285714285,0.1653231531381607,0.0653231531381607
NSRVSNN,1.4595855474472046,-3.1269264221191406,0.4285714285714285,0.2857142857142857,0.2141215205192566,0.0141215205192566
VSHRGSN,1.4339419603347778,-1.8199526071548462,0.5714285714285714,0.2857142857142857,0.3521272838115692,0.2021272838115692
YSRRQEN,0.29356300830841064,-0.7853731513023376,0.4285714285714285,0.1428571428571428,0.4613703787326813,0.2613703787326813
VHHSSPW,-0.4067862033843994,-1.5915112495422363,0.5714285714285714,0.4285714285714285,0.3762488067150116,0.2262488067150116
YSRISNN,2.958439588546753,2.3349082469940186,0.2857142857142857,0.1428571428571428,0.790846586227417,0.540846586227417
YYHRSSN,-1.4665004014968872,1.0760574340820312,0.5714285714285714,0.0,0.4491179585456848,0.2991179585456848
GHHKKVN,-2.775242805480957,-0.1269773542881012,0.5714285714285714,0.2857142857142857,0.2983464300632477,0.1483464300632477
IYRRTEN,-0.2650613784790039,0.04891122505068779,0.5714285714285714,0.2857142857142857,0.5494639873504639,0.3994639873504638
VYHRVNN,0.7539680004119873,1.280434012413025,0.5714285714285714,0.1428571428571428,0.6795027256011963,0.5295027256011963
YYTYSND,-2.39992094039917,0.18815019726753235,0.5714285714285714,0.2857142857142857,0.3415847718715668,0.1915847718715667
YYKREQN,0.16137708723545074,0.6454687714576721,0.5714285714285714,0.2857142857142857,0.6124556064605713,0.4624556064605712
YSHRMYN,-0.8276610374450684,-0.35592955350875854,0.5714285714285714,0.2857142857142857,0.5067161321640015,0.3567161321640014
YYRISNN,-1.2441571950912476,0.38907310366630554,0.2857142857142857,0.1428571428571428,0.4747326374053955,0.2247326374053955
YYRRSEN,-0.8751363158226013,1.265745759010315,0.4285714285714285,0.1428571428571428,0.5172451138496399,0.3172451138496399
YYHRLHN,-1.578059196472168,0.08107412606477737,0.7142857142857143,0.2857142857142857,0.4362660050392151,0.3362660050392151
YYHRNTN,-0.8463675379753113,0.41125500202178955,0.5714285714285714,0.1428571428571428,0.5205593705177307,0.3705593705177307
PSSHQPN,-0.1400378793478012,-4.389510631561279,0.5714285714285714,0.2857142857142857,0.0808029547333717,0.0
YSHRSNN,1.822951078414917,1.5215983390808105,0.4285714285714285,0.0,0.704967737197876,0.504967737197876
YSHRSNN,1.822951078414917,1.5215983390808105,0.4285714285714285,0.0,0.704967737197876,0.504967737197876
YSHRSNN,1.822951078414917,1.5215983390808105,0.4285714285714285,0.0,0.704967737197876,0.504967737197876
YVHRGNI,0.2078309804201126,0.5501708984375,0.7142857142857143,0.0,0.6023929119110107,0.5023929119110108
YSHRSNP,1.8686492443084717,1.0395225286483765,0.5714285714285714,0.0,0.6540644764900208,0.5040644764900207
YSHRSNP,1.8686492443084717,1.0395225286483765,0.5714285714285714,0.0,0.6540644764900208,0.5040644764900207
VHHRLSN,0.5929150581359863,1.0409224033355713,0.5714285714285714,0.0,0.6542122960090637,0.5042122960090637
YSRSNGN,2.3796591758728027,2.0158302783966064,0.2857142857142857,0.0,0.7571545839309692,0.5071545839309692
YSRSNGN,2.3796591758728027,2.0158302783966064,0.2857142857142857,0.0,0.7571545839309692,0.5071545839309692
YLHRLSN,0.03801601380109787,1.7008572816848755,0.7142857142857143,0.0,0.6224433183670044,0.5224433183670044
SYHRGNN,0.46520015597343445,1.0633736848831177,0.5714285714285714,0.0,0.6565829515457153,0.5065829515457153
YHRISSP,1.0051320791244507,1.549371600151062,0.4285714285714285,0.0,0.70790034532547,0.50790034532547
VYHRPNN,0.7321270704269409,1.0641207695007324,0.5714285714285714,0.0,0.6566618084907532,0.5066618084907532
VYHRMNN,0.5278504490852356,1.0673190355300903,0.5714285714285714,0.0,0.6569995284080505,0.5069995284080505
YIHRQSN,0.05860669165849686,0.6872997879981995,0.7142857142857143,0.0,0.6168726086616516,0.5168726086616516
PYHRGIA,0.7594882249832153,0.583437979221344,0.7142857142857143,0.0,0.6059056520462036,0.5059056520462036
VYHRQDI,0.4855618178844452,1.324009656906128,0.5714285714285714,0.0,0.6740021109580994,0.5240021109580993
QYVRSQE,1.3898134231567383,1.5576248168945312,0.4285714285714285,0.0,0.708771824836731,0.508771824836731
YYHRGEA,0.06672336161136627,1.6653269529342651,0.7142857142857143,0.0,0.6257504820823669,0.525750482082367
IYSRHND,0.7283352613449097,1.0843536853790283,0.5714285714285714,0.0,0.6587982773780823,0.5087982773780823
QYHRSNN,0.49870648980140686,1.3024613857269287,0.5714285714285714,0.0,0.6755163669586182,0.5255163669586181
QYHRSNN,0.49870648980140686,1.3024613857269287,0.5714285714285714,0.0,0.6755163669586182,0.5255163669586181
QYHRSNN,0.49870648980140686,1.3024613857269287,0.5714285714285714,0.0,0.6755163669586182,0.5255163669586181
YHRVSNN,2.1698405742645264,2.5461530685424805,0.1428571428571428,0.0,0.8131523132324219,0.5131523132324218
VYSRSSN,1.285675048828125,1.5869641304016113,0.4285714285714285,0.0,0.7118698358535767,0.5118698358535767
YSRINIP,0.9424159526824951,1.6951020956039429,0.4285714285714285,0.0,0.7232882976531982,0.5232882976531983
QYHRAQS,0.5302978754043579,1.1112174987792969,0.5714285714285714,0.0,0.6616348624229431,0.5116348624229431
IYARSDN,0.5275266170501709,1.687268614768982,0.5714285714285714,0.0,0.6788366436958313,0.5288366436958313
YHRLSNN,2.24538516998291,4.315680980682373,0.0,0.0,0.8767396807670593,0.5267396807670593
YHRLSNN,2.24538516998291,4.315680980682373,0.0,0.0,0.8767396807670593,0.5267396807670593
YHRLSNN,2.24538516998291,4.315680980682373,0.0,0.0,0.8767396807670593,0.5267396807670593
IYHRAIE,0.5513573288917542,0.6632164120674133,0.7142857142857143,0.0,0.6143296360969543,0.5143296360969544
YSHRSEI,1.0637435913085938,0.6748918890953064,0.7142857142857143,0.0,0.6155624389648438,0.5155624389648438
MYHRLNN,0.1461704671382904,0.9471721649169922,0.7142857142857143,0.0,0.634903073310852,0.5349030733108521
IYHRSAN,0.5817400217056274,1.5826431512832642,0.5714285714285714,0.0,0.6850821375846863,0.5350821375846863
VYHRSEN,1.018811821937561,1.9873669147491455,0.4285714285714285,0.0,0.7354342937469482,0.5354342937469483
PYHRSQS,1.0340179204940796,1.6983630657196045,0.4285714285714285,0.0,0.7236326336860657,0.5236326336860657
YSRNLND,2.345395088195801,1.7041794061660767,0.4285714285714285,0.0,0.7242467999458313,0.5242467999458313
YVHRSVS,0.20331092178821564,1.17111074924469,0.7142857142857143,0.0,0.641485869884491,0.541485869884491
YHRLGSN,1.477121114730835,4.03782844543457,0.2857142857142857,0.0,0.7882331013679504,0.5382331013679504
YSRMSGH,0.9698600172996521,1.241344928741455,0.5714285714285714,0.0,0.6753752827644348,0.5253752827644348
SYHRSAT,0.6395063996315002,2.118192672729492,0.5714285714285714,0.0,0.6917370557785034,0.5417370557785034
YSRSSSN,2.5901215076446533,1.739269495010376,0.4285714285714285,0.0,0.7279520630836487,0.5279520630836487
YSRSSSN,2.5901215076446533,1.739269495010376,0.4285714285714285,0.0,0.7279520630836487,0.5279520630836487
YSRSSSN,2.5901215076446533,1.739269495010376,0.4285714285714285,0.0,0.7279520630836487,0.5279520630836487
YSRSSSN,2.5901215076446533,1.739269495010376,0.4285714285714285,0.0,0.7279520630836487,0.5279520630836487
NYHRSSN,0.7073678374290466,1.2554062604904175,0.5714285714285714,0.0,0.6768600344657898,0.5268600344657898
NYHRSSN,0.7073678374290466,1.2554062604904175,0.5714285714285714,0.0,0.6768600344657898,0.5268600344657898
NYHRSSN,0.7073678374290466,1.2554062604904175,0.5714285714285714,0.0,0.6768600344657898,0.5268600344657898
NYHRSSN,0.7073678374290466,1.2554062604904175,0.5714285714285714,0.0,0.6768600344657898,0.5268600344657898
QYHRSST,0.7765141725540161,1.262603521347046,0.5714285714285714,0.0,0.6776199340820312,0.5276199340820312
IHRFTNN,1.082924246788025,1.9056215286254883,0.4285714285714285,0.0,0.7428202629089355,0.5428202629089356
SYSRLNN,0.6691986322402954,3.2765274047851562,0.5714285714285714,0.0,0.6951576471328735,0.5451576471328735
IYSRSGN,1.5717068910598755,1.7687324285507202,0.4285714285714285,0.0,0.7310630679130554,0.5310630679130555
SYARSNN,0.6724101901054382,1.4104926586151123,0.5714285714285714,0.0,0.6932358741760254,0.5432358741760254
LYHRSNN,0.6776084899902344,1.5064384937286377,0.5714285714285714,0.0,0.6961265206336975,0.5461265206336975
YSRSVLN,1.1015516519546509,1.954687237739563,0.4285714285714285,0.0,0.7449662089347839,0.544966208934784
IYHRSGN,0.6821259260177612,1.4967525005340576,0.5714285714285714,0.0,0.6966469883918762,0.5466469883918762
YSRSSVN,2.4003820419311523,1.7830203771591187,0.4285714285714285,0.0,0.7325717806816101,0.5325717806816102
NYHRLNN,0.2813147008419037,1.005241870880127,0.7142857142857143,0.0,0.6504446864128113,0.5504446864128113
YSRVNNN,3.1117184162139893,2.300304889678955,0.2857142857142857,0.0,0.7871927618980408,0.5371927618980408
IYHRSEN,0.7110471725463867,1.5264701843261719,0.5714285714285714,0.0,0.699978768825531,0.549978768825531
IYHRSEN,0.7110471725463867,1.5264701843261719,0.5714285714285714,0.0,0.699978768825531,0.549978768825531
IYHRSEN,0.7110471725463867,1.5264701843261719,0.5714285714285714,0.0,0.699978768825531,0.549978768825531
YSRVNEN,1.599050760269165,2.3024837970733643,0.2857142857142857,0.0,0.7874228954315186,0.5374228954315186
IYHRVNN,0.2880707383155823,1.2022349834442139,0.7142857142857143,0.0,0.6512504816055298,0.5512504816055298
IYHRVNN,0.2880707383155823,1.2022349834442139,0.7142857142857143,0.0,0.6512504816055298,0.5512504816055298
IYSRNNN,0.9791157245635986,1.3348230123519897,0.5714285714285714,0.0,0.6852458119392395,0.5352458119392395
YHRVSSN,1.5664353370666504,2.688844680786133,0.2857142857142857,0.0,0.7985223531723022,0.5485223531723022
IYSRSND,1.1894460916519165,1.8282781839370728,0.4285714285714285,0.0,0.737350583076477,0.5373505830764771
VYHRGLN,0.7348124980926514,2.4616787433624268,0.5714285714285714,0.0,0.7027166485786438,0.5527166485786438
YSRSQNN,1.771315336227417,1.8466640710830688,0.4285714285714285,0.0,0.7392919659614563,0.5392919659614563
YSRSQNN,1.771315336227417,1.8466640710830688,0.4285714285714285,0.0,0.7392919659614563,0.5392919659614563
YSRSQNN,1.771315336227417,1.8466640710830688,0.4285714285714285,0.0,0.7392919659614563,0.5392919659614563
NYSRSNN,1.1415168046951294,1.362898826599121,0.5714285714285714,0.0,0.6882103681564331,0.5382103681564331
NYSRSNN,1.1415168046951294,1.362898826599121,0.5714285714285714,0.0,0.6882103681564331,0.5382103681564331
NYSRSNN,1.1415168046951294,1.362898826599121,0.5714285714285714,0.0,0.6882103681564331,0.5382103681564331
NYSRSNN,1.1415168046951294,1.362898826599121,0.5714285714285714,0.0,0.6882103681564331,0.5382103681564331
YSRSLVN,1.1651840209960938,2.2716965675354004,0.4285714285714285,0.0,0.7522968649864197,0.5522968649864197
YSRLGQD,2.593733549118042,2.350282669067383,0.2857142857142857,0.0,0.7924700379371643,0.5424700379371643
IYHRANN,0.33326804637908936,1.7570427656173706,0.7142857142857143,0.0,0.6564573645591736,0.5564573645591736
SYSRLHE,0.7578845620155334,1.5178667306900024,0.5714285714285714,0.0,0.7045736908912659,0.5545736908912658
SYHRSNN,0.7627543807029724,2.127140998840332,0.5714285714285714,0.0,0.7059355974197388,0.5559355974197387
QYHRAAN,0.5593296885490417,0.9051790833473206,0.7142857142857143,0.0,0.6398788690567017,0.5398788690567017
MYSRNNN,1.264977216720581,0.905227541923523,0.7142857142857143,0.0,0.6398839950561523,0.5398839950561524
YSRVDEL,0.932559609413147,1.4018746614456177,0.5714285714285714,0.0,0.6923258900642395,0.5423258900642395
YSRSSPN,2.597914934158325,2.374415636062622,0.2857142857142857,0.0,0.7950182557106018,0.5450182557106018
YSRSSPN,2.597914934158325,2.374415636062622,0.2857142857142857,0.0,0.7950182557106018,0.5450182557106018
YSRSSPN,2.597914934158325,2.374415636062622,0.2857142857142857,0.0,0.7950182557106018,0.5450182557106018
IYHRGSN,0.7749402523040771,1.4427777528762817,0.5714285714285714,0.0,0.6966449022293091,0.5466449022293091
HYSRSPN,0.7927325367927551,1.4149210453033447,0.5714285714285714,0.0,0.6937034726142883,0.5437034726142883
IYSRSNN,1.209181785583496,3.098268508911133,0.4285714285714285,0.0,0.7573655843734741,0.5573655843734742
IYSRTNN,0.7924732565879822,2.7223355770111084,0.5714285714285714,0.0,0.709359347820282,0.559359347820282
YSRSQSN,1.6020078659057617,1.911088228225708,0.4285714285714285,0.0,0.7460947036743164,0.5460947036743165
YSRSQSN,1.6020078659057617,1.911088228225708,0.4285714285714285,0.0,0.7460947036743164,0.5460947036743165
YHRVGSN,1.222070336341858,2.021982192993164,0.4285714285714285,0.0,0.7578041553497314,0.5578041553497315
TYTRSTN,1.59111750125885,1.9248038530349731,0.4285714285714285,0.0,0.7475429177284241,0.5475429177284241
VYHRGNN,0.8171966671943665,1.7982733249664307,0.5714285714285714,0.0,0.712207555770874,0.562207555770874
QYSRSNA,1.9483537673950195,1.4585751295089722,0.5714285714285714,0.0,0.6983129978179932,0.5483129978179931
IYHRSNG,0.8296962380409241,1.531541347503662,0.5714285714285714,0.0,0.7060176134109497,0.5560176134109497
YSRSINN,2.091066837310791,1.9562560319900513,0.4285714285714285,0.0,0.7508640289306641,0.5508640289306641
YSRSINN,2.091066837310791,1.9562560319900513,0.4285714285714285,0.0,0.7508640289306641,0.5508640289306641
QYSRGSN,1.5451799631118774,1.4965078830718994,0.5714285714285714,0.0,0.7023184299468994,0.5523184299468994
QYSRNNP,1.5083811283111572,1.5115464925765991,0.5714285714285714,0.0,0.7039063572883606,0.5539063572883606
YLHRGNS,0.6472460627555847,1.0436344146728516,0.7142857142857143,0.0,0.6544986367225647,0.5544986367225647
YLHRGNS,0.6472460627555847,1.0436344146728516,0.7142857142857143,0.0,0.6544986367225647,0.5544986367225647
YSRSSVQ,1.976434350013733,1.5923123359680176,0.5714285714285714,0.0,0.7124345302581787,0.5624345302581787
YSRSANN,2.7788655757904053,2.5977861881256104,0.2857142857142857,0.0,0.8186044096946716,0.5686044096946716
YSRSLGN,1.5712090730667114,2.120896100997925,0.4285714285714285,0.0,0.7682486176490784,0.5682486176490784
YSRSPGE,1.8658947944641113,1.645357608795166,0.5714285714285714,0.0,0.7180356979370117,0.5680356979370117
YSRVLGN,1.4600673913955688,2.137068271636963,0.4285714285714285,0.0,0.7699562907218933,0.5699562907218934
YSRVLGN,1.4600673913955688,2.137068271636963,0.4285714285714285,0.0,0.7699562907218933,0.5699562907218934
VYTRANN,1.4377975463867188,2.749725580215454,0.4285714285714285,0.0,0.7837028503417969,0.5837028503417969
VYTRANN,1.4377975463867188,2.749725580215454,0.4285714285714285,0.0,0.7837028503417969,0.5837028503417969
VYTRANN,1.4377975463867188,2.749725580215454,0.4285714285714285,0.0,0.7837028503417969,0.5837028503417969
VYTRANN,1.4377975463867188,2.749725580215454,0.4285714285714285,0.0,0.7837028503417969,0.5837028503417969
YSRSGNN,2.8404319286346436,2.65136456489563,0.2857142857142857,0.0,0.8242618441581726,0.5742618441581726
TYSRGTN,1.5971348285675049,1.7018580436706543,0.5714285714285714,0.0,0.7240016460418701,0.5740016460418701
YSRLGQN,2.523437738418579,2.67421555519104,0.2857142857142857,0.0,0.8266746997833252,0.5766746997833252
YSRSQAN,1.7623904943466187,2.207921266555786,0.4285714285714285,0.0,0.7774378657341003,0.5774378657341004
TYSRSNN,1.0697753429412842,2.0232675075531006,0.5714285714285714,0.0,0.7413054704666138,0.5913054704666137
TYSRSNN,1.0697753429412842,2.0232675075531006,0.5714285714285714,0.0,0.7413054704666138,0.5913054704666137
SYSRSNN,1.0727022886276245,2.1194589138031006,0.5714285714285714,0.0,0.7416426539421082,0.5916426539421081
SYSRSNN,1.0727022886276245,2.1194589138031006,0.5714285714285714,0.0,0.7416426539421082,0.5916426539421081
SYSRSNN,1.0727022886276245,2.1194589138031006,0.5714285714285714,0.0,0.7416426539421082,0.5916426539421081
SYSRSNN,1.0727022886276245,2.1194589138031006,0.5714285714285714,0.0,0.7416426539421082,0.5916426539421081
IYSRSAN,1.4985451698303223,2.275128126144409,0.4285714285714285,0.0,0.7845342755317688,0.5845342755317688
MYSRSNN,1.5054917335510254,1.7826772928237915,0.5714285714285714,0.0,0.7325355410575867,0.5825355410575866
MYSRSNN,1.5054917335510254,1.7826772928237915,0.5714285714285714,0.0,0.7325355410575867,0.5825355410575866
YSRSSGN,2.498208522796631,2.3260834217071533,0.4285714285714285,0.0,0.7899147868156433,0.5899147868156434
YSRSSGN,2.498208522796631,2.3260834217071533,0.4285714285714285,0.0,0.7899147868156433,0.5899147868156434
YSRSGPN,2.7878224849700928,3.3061652183532715,0.1428571428571428,0.0,0.8934034109115601,0.59340341091156
YSRSSAN,2.5067453384399414,2.3360517024993896,0.4285714285714285,0.0,0.7909672856330872,0.5909672856330872
MYSRANN,1.9002363681793213,1.3881070613861084,0.7142857142857143,0.0,0.6908721327781677,0.5908721327781677
YSRSLNN,2.0125224590301514,2.3630013465881348,0.4285714285714285,0.0,0.7938129901885986,0.5938129901885987
YSRSGSN,2.758145809173584,2.9118716716766357,0.2857142857142857,0.0,0.851769208908081,0.601769208908081
YSRSGSN,2.758145809173584,2.9118716716766357,0.2857142857142857,0.0,0.851769208908081,0.601769208908081
YSRLSNN,3.315321445465088,3.4239096641540527,0.1428571428571428,0.0,0.9058362245559692,0.6058362245559692
QYSRSTN,1.287840723991394,2.425595283508301,0.5714285714285714,0.0,0.7664273381233215,0.6164273381233215
YSRLSQN,2.523674249649048,3.461937665939331,0.2857142857142857,0.0,0.9087994694709778,0.6587994694709778
