seq,fitness_pred,htfr1_pred,ref_dist,div_prev,reward_signal,final_score
SYMQKMN,1.1119307279586792,-2.2314884662628174,0.7142857142857143,0.4285714285714285,0.2968119084835052,0.1968119084835052
NHHESQM,-0.315500944852829,-3.5567424297332764,0.7142857142857143,0.2857142857142857,0.1600860357284546,0.0600860357284546
YIRASNN,2.1873176097869873,-1.0468939542770386,0.2857142857142857,0.1428571428571428,0.4190259873867035,0.1690259873867035
YHMRLNK,-3.032846450805664,0.04468168690800667,0.5714285714285714,0.2857142857142857,0.279608815908432,0.129608815908432
YYCSIAI,-4.151254653930664,1.0283493995666504,0.7142857142857143,0.4285714285714285,0.1526916772127151,0.0526916772127151
EMHSKSP,1.667380452156067,-3.8085596561431885,0.7142857142857143,0.2857142857142857,0.134106159210205,0.034106159210205
IDVCNFN,-4.223530292510986,-0.00089363066945225,0.7142857142857143,0.5714285714285714,0.1444898247718811,0.0444898247718811
EHHRSNN,0.805033802986145,-1.1527310609817505,0.4285714285714285,0.1428571428571428,0.4081068336963653,0.2081068336963653
YSHHSPN,0.9336462616920471,-0.6328308582305908,0.4285714285714285,0.1428571428571428,0.4617447257041931,0.2617447257041931
GYHRENC,-3.3502862453460693,-0.39992302656173706,0.7142857142857143,0.2857142857142857,0.2435856908559799,0.1435856908559799
IYRIAMS,-1.9208370447158813,-1.4569369554519653,0.5714285714285714,0.2857142857142857,0.3767220377922058,0.2267220377922058
IYCTWNR,-5.496790885925293,0.8602584600448608,0.5714285714285714,0.4285714285714285,0.0,0.0
ENHRSFN,0.8277838230133057,-2.4470040798187256,0.7142857142857143,0.1428571428571428,0.274577260017395,0.174577260017395
RYGRGSF,-4.06536340713501,-0.527029275894165,0.7142857142857143,0.4285714285714285,0.1624386310577392,0.0624386310577392
YSRINIP,0.9424159526824951,1.6951020956039429,0.4285714285714285,0.2857142857142857,0.701916515827179,0.501916515827179
VYHRPNN,0.7321270704269409,1.0641207695007324,0.5714285714285714,0.1428571428571428,0.6368184685707092,0.4868184685707092
YMHRSGN,0.4767861068248749,0.5841901302337646,0.5714285714285714,0.1428571428571428,0.5873042345046997,0.4373042345046997
IYQQLNQ,-1.0302878618240356,-2.001504898071289,0.7142857142857143,0.4285714285714285,0.3205392062664032,0.2205392062664032
YYSRSEN,-0.24387367069721222,0.5828149914741516,0.5714285714285714,0.0,0.5871623754501343,0.4371623754501342
GSCRSQN,-4.009488582611084,0.0032268143258988857,0.5714285714285714,0.2857142857142857,0.1687793135643005,0.0187793135643005
NSSRSGN,1.3155206441879272,-3.4872512817382812,0.5714285714285714,0.1428571428571428,0.1672554016113281,0.0172554016113281
YVTVMPM,-2.3002989292144775,-1.4813235998153687,0.7142857142857143,0.5714285714285714,0.3627384305000305,0.2627384305000305
MYYRSNS,-1.6035033464431763,0.6504097580909729,0.5714285714285714,0.2857142857142857,0.4418109059333801,0.2918109059333801
NYSTQHN,0.6993820667266846,-3.354339122772217,0.7142857142857143,0.4285714285714285,0.1809678822755813,0.0809678822755813
YARRSGN,-2.1936166286468506,0.13113091886043549,0.4285714285714285,0.1428571428571428,0.3748447597026825,0.1748447597026825
QYSRSHN,0.40326952934265137,0.8366320133209229,0.5714285714285714,0.1428571428571428,0.6133485436439514,0.4633485436439514
FSHRQNN,1.0098166465759277,-0.8317691683769226,0.7142857142857143,0.2857142857142857,0.4412203431129455,0.3412203431129456
YSRSNNW,-1.025000810623169,-0.14792552590370178,0.4285714285714285,0.1428571428571428,0.5074595212936401,0.3074595212936402
DHPSSEG,-0.3415418863296509,-5.019748687744141,0.5714285714285714,0.4285714285714285,0.0091483173891901,0.0
NHECSNN,-3.532642364501953,-0.7704179883003235,0.4285714285714285,0.2857142857142857,0.2228918969631195,0.0228918969631195
MYPWSNN,-2.5953757762908936,-0.22179542481899261,0.5714285714285714,0.2857142857142857,0.3292530477046966,0.1792530477046966
YEHRKNI,-0.16193710267543793,-0.3980250358581543,0.7142857142857143,0.2857142857142857,0.4859695136547088,0.3859695136547089
QYHRVED,0.7897570133209229,-0.7039743661880493,0.7142857142857143,0.2857142857142857,0.4544048607349396,0.3544048607349396
YQFMNPN,-2.264465570449829,-0.5324409008026123,0.5714285714285714,0.4285714285714285,0.3668048083782196,0.2168048083782196
EIHRLFA,-2.264535665512085,-1.345146656036377,0.7142857142857143,0.5714285714285714,0.3667968511581421,0.2667968511581421
CLKRTNN,-3.862605571746826,0.5762332081794739,0.7142857142857143,0.2857142857142857,0.1854476183652877,0.0854476183652877
LYVRSNF,-2.5812392234802246,1.6351385116577148,0.5714285714285714,0.2857142857142857,0.3308572769165039,0.1808572769165039
IHERSGN,1.9145514965057373,-2.5135104656219482,0.5714285714285714,0.2857142857142857,0.2677158117294311,0.1177158117294311
VWRSLNN,-1.369965672492981,-0.20560500025749207,0.5714285714285714,0.1428571428571428,0.4683127999305725,0.3183127999305725
YYSLSPL,-2.236938714981079,0.00369794899597764,0.5714285714285714,0.1428571428571428,0.3699285686016083,0.2199285686016082
YSRSHNN,0.9701656699180603,0.8380622267723083,0.4285714285714285,0.1428571428571428,0.6134961247444153,0.4134961247444153
YHRVGNF,-1.3742148876190186,1.4539235830307007,0.4285714285714285,0.2857142857142857,0.4678305685520172,0.2678305685520172
YSRSNSF,0.46369412541389465,-0.4308494031429291,0.4285714285714285,0.1428571428571428,0.4825830161571502,0.2825830161571503
IHSGALN,0.8854236006736755,-4.127437114715576,0.5714285714285714,0.2857142857142857,0.101207710802555,0.0
YHGRNNN,1.689054012298584,-0.38871967792510986,0.4285714285714285,0.2857142857142857,0.4869295656681061,0.2869295656681061
AYLEMKV,-1.1331430673599243,-1.6820050477981567,0.7142857142857143,0.4285714285714285,0.3535018861293793,0.2535018861293793
ECSRSNN,-3.974055051803589,-0.21145135164260864,0.5714285714285714,0.2857142857142857,0.1728003174066543,0.0228003174066543
YQSSSQN,0.10126058757305145,-3.3691396713256836,0.4285714285714285,0.2857142857142857,0.1794409304857254,0.0
YHRVGSN,1.222070336341858,2.021982192993164,0.4285714285714285,0.1428571428571428,0.7356405854225159,0.5356405854225159
IYRSMNN,0.6261700391769409,-1.0279743671417236,0.5714285714285714,0.1428571428571428,0.4209779500961303,0.2709779500961303
VYIPYTN,-3.2498440742492676,-0.11882586032152176,0.7142857142857143,0.2857142857142857,0.254983901977539,0.154983901977539
PSRSFNN,0.16940627992153168,-2.4565436840057373,0.5714285714285714,0.1428571428571428,0.2735930383205414,0.1235930383205413
YSRTISN,2.5019819736480713,1.1284347772598267,0.4285714285714285,0.2857142857142857,0.6434537172317505,0.4434537172317505
PYNRSMN,1.071641206741333,-0.7292693853378296,0.5714285714285714,0.1428571428571428,0.4517951607704162,0.3017951607704162
PLSRVFN,-0.8582563996315002,-1.220278024673462,0.7142857142857143,0.2857142857142857,0.401138037443161,0.301138037443161
QLTRSEN,0.7711593508720398,-1.2638229131698608,0.5714285714285714,0.2857142857142857,0.3966455161571502,0.2466455161571502
YHRMFYN,-2.1399779319763184,0.5555171370506287,0.4285714285714285,0.2857142857142857,0.3809316754341125,0.1809316754341125
YSRISSP,3.204148054122925,0.9876105189323425,0.4285714285714285,0.1428571428571428,0.6289249062538147,0.4289249062538147
HYHRGEN,0.4371025264263153,0.3668096959590912,0.5714285714285714,0.2857142857142857,0.5648772120475769,0.4148772120475769
YHHINKA,0.987263560295105,-0.644523024559021,0.5714285714285714,0.2857142857142857,0.4605384171009063,0.3105384171009063
YFIRSNN,-1.1040446758270264,1.0852152109146118,0.4285714285714285,0.0,0.4984895288944244,0.2984895288944245
AISISNN,0.3831983208656311,-3.8791279792785645,0.5714285714285714,0.2857142857142857,0.1268256604671478,0.0
YYSCNGE,-3.619565725326538,0.11702816188335419,0.7142857142857143,0.4285714285714285,0.2130278199911117,0.1130278199911117
YYWRSHN,-2.617222547531128,1.6931967735290527,0.5714285714285714,0.1428571428571428,0.3267738819122314,0.1767738819122314
KPHRSNN,-3.121767044067383,0.019263725727796555,0.5714285714285714,0.2857142857142857,0.269518107175827,0.119518107175827
GVRHYRE,-0.9008183479309082,-0.9821512699127197,0.5714285714285714,0.4285714285714285,0.4257054924964905,0.2757054924964904
YYRRGLV,-3.3471240997314453,0.745633602142334,0.5714285714285714,0.2857142857142857,0.2439445406198501,0.0939445406198501
IWRRSNN,-3.597517967224121,0.6464146971702576,0.4285714285714285,0.2857142857142857,0.2155297994613647,0.0155297994613647
YHSLEPN,-0.0392594151198864,-2.9012792110443115,0.4285714285714285,0.2857142857142857,0.227709874510765,0.027709874510765
YYRSWCN,-4.617372512817383,1.4972405433654785,0.4285714285714285,0.2857142857142857,0.0997965410351753,0.0
YHRLSNW,-2.1507935523986816,2.7447118759155273,0.1428571428571428,0.1428571428571428,0.3797043263912201,0.0797043263912201
YEHSSFN,-1.1230659484863281,-1.6961743831634521,0.4285714285714285,0.1428571428571428,0.352040022611618,0.152040022611618
QYYKSIN,-1.1782475709915161,1.4689104557037354,0.5714285714285714,0.1428571428571428,0.4900690019130707,0.3400690019130706
YDKNGAP,0.9097817540168762,-3.5919082164764404,0.7142857142857143,0.2857142857142857,0.1564579904079437,0.0564579904079437
NSSSMNV,-0.49050652980804443,-4.46768856048584,0.7142857142857143,0.4285714285714285,0.0661041140556335,0.0
MAHRLNY,-0.681004524230957,-0.4083714485168457,0.7142857142857143,0.4285714285714285,0.4849020838737488,0.3849020838737488
DHHNLNW,-1.1599164009094238,-1.6640170812606812,0.7142857142857143,0.2857142857142857,0.3553576469421386,0.2553576469421387
LFRSSIN,-0.42093971371650696,-0.36857154965400696,0.2857142857142857,0.4285714285714285,0.4890081882476806,0.2390081882476806
YHISSRF,-2.109750986099243,-0.7476186156272888,0.5714285714285714,0.4285714285714285,0.3843618333339691,0.2343618333339691
IYESMNR,-0.5448660254478455,-2.8367807865142822,0.5714285714285714,0.2857142857142857,0.2343641519546508,0.0843641519546508
THRGNVK,-3.37774920463562,-0.1525646150112152,0.5714285714285714,0.4285714285714285,0.2404692023992538,0.0904692023992538
YRISNNH,-0.07131073623895645,-2.446923017501831,0.5714285714285714,0.2857142857142857,0.2745856046676636,0.1245856046676635
VTRSVER,0.6253933906555176,-2.9120938777923584,0.7142857142857143,0.4285714285714285,0.2265941351652145,0.1265941351652145
AGRINNA,1.736234188079834,-3.9454753398895264,0.7142857142857143,0.2857142857142857,0.1199806258082389,0.0199806258082389
IQHQINC,-3.4627907276153564,-1.584743857383728,0.7142857142857143,0.4285714285714285,0.2308186739683151,0.1308186739683151
YYNRILN,-2.6507246494293213,-0.9343887567520142,0.7142857142857143,0.2857142857142857,0.3229720592498779,0.2229720592498779
YGTREWN,-1.5446308851242065,0.17177188396453857,0.7142857142857143,0.4285714285714285,0.4484917521476745,0.3484917521476746
DYSRQNT,0.5594321489334106,-0.11049611121416092,0.7142857142857143,0.4285714285714285,0.515633761882782,0.415633761882782
FNKRMMT,-2.6157174110412598,-1.1712379455566406,0.7142857142857143,0.4285714285714285,0.3269446790218353,0.2269446790218353
YQRSNND,1.4708490371704102,-2.634219169616699,0.4285714285714285,0.1428571428571428,0.2552623450756073,0.0552623450756073
PNRSKEG,1.7299251556396484,-3.480431079864502,0.7142857142857143,0.4285714285714285,0.1679590344429016,0.0679590344429016
QFSRSMN,0.6683196425437927,0.34566330909729004,0.7142857142857143,0.1428571428571428,0.5626955032348633,0.4626955032348633
YYSGQNC,-3.0809993743896484,-0.694096028804779,0.7142857142857143,0.1428571428571428,0.2741444110870361,0.1741444110870361
YHRNHNT,-0.3327099680900574,-0.18078608810901642,0.4285714285714285,0.2857142857142857,0.5083819627761841,0.3083819627761841
VYYAEGR,-1.3748821020126343,-0.08233321458101273,0.7142857142857143,0.4285714285714285,0.4677548706531524,0.3677548706531525
YVMLNDN,-1.8591248989105225,-1.9409421682357788,0.4285714285714285,0.0,0.3267874121665954,0.1267874121665954
NDSPVNS,-1.191804051399231,-4.596836566925049,0.7142857142857143,0.5714285714285714,0.0527799762785434,0.0
YLRVSNT,1.0055971145629883,-1.1786683797836304,0.4285714285714285,0.1428571428571428,0.4054308831691742,0.2054308831691742
YSRGKSS,-2.5326597690582275,0.011551525443792343,0.4285714285714285,0.2857142857142857,0.3363700807094574,0.1363700807094574
VYRKIHN,-2.9016289710998535,0.4782329499721527,0.7142857142857143,0.2857142857142857,0.294499397277832,0.194499397277832
YGRFSSG,0.6283544898033142,-1.3450191020965576,0.5714285714285714,0.4285714285714285,0.3882685601711273,0.2382685601711273
FSRGNTN,1.913528561592102,-0.7546833157539368,0.4285714285714285,0.2857142857142857,0.4491732120513916,0.2491732120513916
YYSRFTN,-1.743192195892334,-0.2043030858039856,0.5714285714285714,0.1428571428571428,0.4259589910507202,0.2759589910507202
YHRNVDQ,1.0184329748153687,-1.0688179731369019,0.4285714285714285,0.4285714285714285,0.4167640805244446,0.2167640805244446
YLENLND,-1.173603892326355,-2.668715715408325,0.7142857142857143,0.2857142857142857,0.2517033517360687,0.1517033517360687
TEHRYNT,0.008755236864089966,-2.372529983520508,0.7142857142857143,0.2857142857142857,0.2822607159614563,0.1822607159614563
YKRRSNR,-3.828211545944214,1.1947489976882935,0.4285714285714285,0.2857142857142857,0.1893506497144699,0.0
YYRSCNN,-3.5623066425323486,0.5977447628974915,0.4285714285714285,0.1428571428571428,0.2195255905389785,0.0195255905389785
YNHRVWV,-2.935481548309326,-0.6953789591789246,0.7142857142857143,0.1428571428571428,0.2906577885150909,0.1906577885150909
LEHRSNH,0.4617252051830292,-1.9277955293655396,0.5714285714285714,0.1428571428571428,0.3281437754631042,0.1781437754631042
YHTVSNN,1.0954605340957642,-2.552337646484375,0.2857142857142857,0.1428571428571428,0.2637100219726562,0.0137100219726562
AHHRSTR,-3.7257964611053467,1.3348385095596313,0.5714285714285714,0.2857142857142857,0.2009727358818054,0.0509727358818054
YDARSMH,-0.2158537209033966,-2.2298107147216797,0.7142857142857143,0.4285714285714285,0.296985000371933,0.196985000371933
YEWVSLN,-3.7032694816589355,0.9640373587608337,0.5714285714285714,0.4285714285714285,0.2035291045904159,0.0535291045904159
YNGSMQN,0.9305343627929688,-3.95853328704834,0.5714285714285714,0.4285714285714285,0.1186334416270256,0.0
YSRLGQN,2.523437738418579,2.67421555519104,0.2857142857142857,0.2857142857142857,0.8029311895370483,0.5529311895370483
YHIWSHH,-2.8476457595825195,0.09845947474241257,0.5714285714285714,0.2857142857142857,0.3006254136562347,0.1506254136562347
YSRAYDN,-0.23495784401893616,0.5201030373573303,0.4285714285714285,0.1428571428571428,0.5806923508644104,0.3806923508644104
YQHGKHH,0.08128465712070465,-0.9463136792182922,0.7142857142857143,0.4285714285714285,0.4294027984142303,0.3294027984142303
THHSLFN,-1.368391513824463,-1.781274437904358,0.5714285714285714,0.1428571428571428,0.3432602882385254,0.1932602882385254
YAKRMTS,-2.4434573650360107,-0.3315437436103821,0.5714285714285714,0.2857142857142857,0.3464927971363067,0.1964927971363067
VYYCINN,-4.333041191101074,1.2942544221878052,0.7142857142857143,0.2857142857142857,0.1320625096559524,0.0320625096559524
YHCASND,-3.5241847038269043,-0.5180311799049377,0.4285714285714285,0.4285714285714285,0.223851665854454,0.023851665854454
YHQLHNN,0.24632255733013153,-1.56069815158844,0.2857142857142857,0.2857142857142857,0.3660170435905456,0.1160170435905456
VYHMNQN,-0.5625441074371338,-1.4413455724716187,0.5714285714285714,0.4285714285714285,0.3783305883407593,0.2283305883407592
QVRPSFP,0.9972788095474243,-2.7754878997802734,0.5714285714285714,0.4285714285714285,0.2406877130270004,0.0906877130270004
NYSRCNH,-2.993704319000244,0.38918814063072205,0.7142857142857143,0.2857142857142857,0.2840506732463836,0.1840506732463837
YRRSNQD,0.4969738721847534,-1.720139980316162,0.4285714285714285,0.2857142857142857,0.3495675027370453,0.1495675027370453
HERSAGG,2.0056564807891846,-4.128450393676758,0.7142857142857143,0.4285714285714285,0.1011031717061996,0.0
CIARSNN,-3.7645323276519775,-0.014767559245228767,0.5714285714285714,0.2857142857142857,0.1965769827365875,0.0465769827365875
VHRDLNT,1.0129387378692627,-1.4965795278549194,0.5714285714285714,0.4285714285714285,0.3726321160793304,0.2226321160793304
NHFIMNS,-2.196518659591675,-3.191749334335327,0.7142857142857143,0.5714285714285714,0.1977422088384628,0.0977422088384628
HYRRHDQ,-2.2377660274505615,-0.06999751925468445,0.7142857142857143,0.2857142857142857,0.3698346614837646,0.2698346614837646
SHHVSAT,0.28391507267951965,-2.817465305328369,0.7142857142857143,0.4285714285714285,0.2363569289445877,0.1363569289445877
YHHRSQN,-0.13368752598762512,1.4964889287948608,0.4285714285714285,0.0,0.6086058616638184,0.4086058616638184
KAEQLNN,0.013978380709886551,-4.098865509033203,0.7142857142857143,0.4285714285714285,0.1041554287075996,0.0029268193989992
TKHFNRV,-2.8426883220672607,0.019324740394949913,0.5714285714285714,0.5714285714285714,0.3011879920959472,0.1511879920959472
NYVRSGN,1.1443864107131958,0.745050847530365,0.5714285714285714,0.1428571428571428,0.603900134563446,0.453900134563446
RMRRREV,-3.1235146522521973,0.2370108962059021,0.5714285714285714,0.5714285714285714,0.2693197727203369,0.1193197727203369
KYSVSSN,0.9319625496864319,-2.5092391967773438,0.5714285714285714,0.2857142857142857,0.2681564688682556,0.1181564688682556
YHSMLIM,-2.785687208175659,-2.011395215988159,0.7142857142857143,0.2857142857142857,0.3076564967632293,0.2076564967632294
CYRILSN,-3.785794496536255,0.1648073047399521,0.5714285714285714,0.2857142857142857,0.1941641569137573,0.0441641569137573
IYTSNSA,0.21256093680858612,-4.237005710601807,0.7142857142857143,0.4285714285714285,0.0899035632610321,0.0
YYGRSNI,-0.5055773258209229,0.41924309730529785,0.5714285714285714,0.2857142857142857,0.5664037466049194,0.4164037466049194
TVTSGNN,-0.007992623373866081,-4.515603542327881,0.5714285714285714,0.2857142857142857,0.0611607506871223,0.0
IAHSLEG,-0.23209823668003082,-3.737032890319824,0.7142857142857143,0.4285714285714285,0.1414855420589447,0.0414855420589447
DYLIGNT,-1.0845180749893188,-3.304938554763794,0.5714285714285714,0.4285714285714285,0.186064526438713,0.036064526438713
YYASNSR,0.34588614106178284,-1.6831268072128296,0.5714285714285714,0.4285714285714285,0.3533861041069031,0.203386104106903
YYRICSG,-3.4760591983795166,0.30093592405319214,0.5714285714285714,0.2857142857142857,0.2293129563331604,0.0793129563331604
HYRWLNN,-3.6859359741210938,0.38157743215560913,0.5714285714285714,0.2857142857142857,0.2054961174726486,0.0554961174726486
YYHADIN,-1.802443504333496,0.1835263967514038,0.5714285714285714,0.0,0.4192351400852203,0.2692351400852203
YWRIGYA,-3.8445372581481934,0.758972704410553,0.4285714285714285,0.2857142857142857,0.1874980181455612,0.0
EYHRMNT,0.7932605147361755,-1.2539886236190796,0.5714285714285714,0.2857142857142857,0.3976601064205169,0.2476601064205169
YCGRGQN,-3.49819016456604,0.07063807547092438,0.5714285714285714,0.2857142857142857,0.2268015295267105,0.0768015295267105
TYHRAEL,0.12398278713226318,0.11702866107225418,0.5714285714285714,0.2857142857142857,0.5391073822975159,0.3891073822975158
MSSRHNS,1.236999750137329,-2.991464614868164,0.5714285714285714,0.4285714285714285,0.2184055000543594,0.0684055000543594
TYHKSIN,1.48530912399292,1.4638948440551758,0.2857142857142857,0.2857142857142857,0.6780629754066467,0.4280629754066467
YLWCSVM,-4.937228202819824,1.1426303386688232,0.5714285714285714,0.4285714285714285,0.0634992644190788,0.0
YSTRSHN,1.776248812675476,-1.6485298871994019,0.5714285714285714,0.2857142857142857,0.3569554686546325,0.2069554686546325
PHHRSVD,0.8390804529190063,-1.229439377784729,0.5714285714285714,0.2857142857142857,0.4001928865909576,0.2501928865909576
HHASNSQ,0.05848357826471329,-3.389439821243286,0.5714285714285714,0.4285714285714285,0.1773465722799301,0.0273465722799301
VSSMACC,-3.758409023284912,-0.24086113274097443,0.7142857142857143,0.4285714285714285,0.197271853685379,0.097271853685379
YISKNTN,2.1440985202789307,-3.044217109680176,0.5714285714285714,0.1428571428571428,0.2129630446434021,0.0629630446434021
YYHLANM,-3.0888307094573975,-0.8589946031570435,0.5714285714285714,0.2857142857142857,0.273255705833435,0.123255705833435
YSRSHTN,1.0428683757781982,0.6962112784385681,0.2857142857142857,0.1428571428571428,0.5988613963127136,0.3488613963127136
RYHRLLN,-5.011194705963135,1.3604531288146973,0.7142857142857143,0.2857142857142857,0.0551055334508419,0.0
DHWDLWN,-4.548038005828857,0.20465371012687683,0.7142857142857143,0.4285714285714285,0.1076646298170089,0.0076646298170089
FRCESSN,-3.490074634552002,-0.1905350685119629,0.5714285714285714,0.4285714285714285,0.227722480893135,0.077722480893135
YYSRSGL,-0.4421755373477936,-0.3278515636920929,0.5714285714285714,0.2857142857142857,0.4932092726230621,0.3432092726230621
DYNVLQN,-0.7601844072341919,-3.323096990585327,0.7142857142857143,0.4285714285714285,0.1841911226511001,0.0841911226511001
YMQTNSN,0.3998965919017792,-3.507713794708252,0.5714285714285714,0.4285714285714285,0.1651442945003509,0.0151442945003509
YSHRYMN,-1.1883858442306519,-0.08422482758760452,0.4285714285714285,0.1428571428571428,0.4889184832572937,0.2889184832572937
PYQRSTE,0.5488775372505188,-2.6765568256378174,0.5714285714285714,0.4285714285714285,0.2508943974971771,0.1008943974971771
RGRSNSN,-4.4035468101501465,-0.679506778717041,0.5714285714285714,0.2857142857142857,0.1240615174174308,0.0
MPCQEHN,-3.44429349899292,-1.6975466012954712,0.8571428571428571,0.5714285714285714,0.2329177409410476,0.1829177409410476
NNPRSFN,1.1259071826934814,-3.130185604095459,0.7142857142857143,0.1428571428571428,0.2040937095880508,0.1040937095880508
YMIFSFN,-3.8552515506744385,1.012101411819458,0.5714285714285714,0.2857142857142857,0.1862821578979492,0.0362821578979492
YYHKDSW,-0.9818019866943359,0.421747624874115,0.5714285714285714,0.1428571428571428,0.5123617053031921,0.3623617053031921
YYSVERN,-0.2184288203716278,-0.9790170788764954,0.7142857142857143,0.1428571428571428,0.4260287880897522,0.3260287880897522
SYPLGNN,0.4762796461582184,-3.185336112976074,0.5714285714285714,0.1428571428571428,0.198403850197792,0.048403850197792
HIHRQGN,0.0013403206830844283,0.021255377680063248,0.7142857142857143,0.2857142857142857,0.5292264819145203,0.4292264819145203
YSRSSCV,-3.6500747203826904,1.6817795038223267,0.5714285714285714,0.2857142857142857,0.2095656543970108,0.0595656543970108
GAARSNV,1.5340217351913452,-3.264406204223633,0.7142857142857143,0.4285714285714285,0.1902462244033813,0.0902462244033813
IYRVPAL,-1.6182646751403809,-2.383131265640259,0.7142857142857143,0.4285714285714285,0.2811669707298279,0.1811669707298279
LVHDKNT,1.2877280712127686,-4.407767295837402,0.7142857142857143,0.4285714285714285,0.0722861662507057,0.0
FMHLSMN,-2.608218193054199,-2.5137038230895996,0.5714285714285714,0.2857142857142857,0.2676958739757538,0.1176958739757537
YADRYNT,-0.23583698272705078,-1.765262246131897,0.7142857142857143,0.2857142857142857,0.3449122607707977,0.2449122607707977
TYSASNC,-3.6403396129608154,-1.096095323562622,0.5714285714285714,0.1428571428571428,0.2106703966856002,0.0606703966856002
YYHIIAN,-2.7532167434692383,-0.8885879516601562,0.5714285714285714,0.2857142857142857,0.311341255903244,0.161341255903244
WHDRSTA,0.47008487582206726,-1.4175071716308594,0.7142857142857143,0.2857142857142857,0.3807899951934814,0.2807899951934814
YHHHKGP,0.8309399485588074,-0.01607266440987587,0.7142857142857143,0.4285714285714285,0.5253753662109375,0.4253753662109375
YASRLNS,2.622788429260254,-2.483926296234131,0.7142857142857143,0.2857142857142857,0.2707679867744446,0.1707679867744446
PMHRENP,1.1976794004440308,-3.2535901069641113,0.7142857142857143,0.4285714285714285,0.191362127661705,0.091362127661705
YYRRVEN,-1.6480228900909424,0.22957347333431244,0.5714285714285714,0.1428571428571428,0.436758816242218,0.286758816242218
GYHLSQQ,-0.5763766765594482,-2.44095516204834,0.5714285714285714,0.1428571428571428,0.2752013206481933,0.1252013206481933
ALHRSHD,1.0636707544326782,-1.5682376623153687,0.7142857142857143,0.4285714285714285,0.3652391731739044,0.2652391731739044
HYHEVSN,-0.17989860475063324,-2.3109607696533203,0.5714285714285714,0.4285714285714285,0.2886127829551697,0.1386127829551696
YKHSFRN,-3.0882132053375244,-0.16041935980319977,0.5714285714285714,0.1428571428571428,0.2733258008956909,0.1233258008956909
YSVSNTN,1.2248367071151733,-3.7218353748321533,0.4285714285714285,0.1428571428571428,0.1430534571409225,0.0
FVIKHTP,0.7821357846260071,-2.628784656524658,0.5714285714285714,0.2857142857142857,0.255823016166687,0.105823016166687
VHRMVPT,0.5606140494346619,-0.9721537232398987,0.5714285714285714,0.4285714285714285,0.4267369210720062,0.2767369210720062
QYHRTGN,0.7725653052330017,0.3256034255027771,0.5714285714285714,0.1428571428571428,0.5606259703636169,0.4106259703636169
NRAHAPC,-3.7032129764556885,-1.3471275568008423,0.7142857142857143,0.5714285714285714,0.2035355120897293,0.1035355120897293
VYLRSNN,1.0094681978225708,0.24613788723945618,0.4285714285714285,0.1428571428571428,0.5524275302886963,0.3524275302886963
YYHEDRW,-1.1713794469833374,0.04028861224651337,0.7142857142857143,0.4285714285714285,0.4908483922481537,0.3908483922481537
NYRDRQN,0.2651371955871582,-1.9863182306289673,0.7142857142857143,0.4285714285714285,0.3221060037612915,0.2221060037612915
TYTRSRH,-4.582489013671875,1.7194844484329224,0.4285714285714285,0.1428571428571428,0.1037551239132881,0.0
IYHRAIE,0.5513573288917542,0.6632164120674133,0.7142857142857143,0.2857142857142857,0.5954573750495911,0.4954573750495911
YHHRSDL,0.5744195580482483,-0.43817225098609924,0.5714285714285714,0.2857142857142857,0.4818275272846222,0.3318275272846221
MHHWQNV,-2.181206464767456,-1.2072774171829224,0.7142857142857143,0.4285714285714285,0.376253068447113,0.276253068447113
YHRILDV,-1.3369441032409668,-0.7105371952056885,0.4285714285714285,0.4285714285714285,0.4537277817726135,0.2537277817726135
YIFYRFN,-3.9973294734954834,0.6407139897346497,0.7142857142857143,0.4285714285714285,0.1701591312885284,0.0701591312885284
YHRMIIN,-2.2382524013519287,0.5852504968643188,0.4285714285714285,0.2857142857142857,0.3697794675827026,0.1697794675827026
RARDSGN,1.0392128229141235,-3.3540701866149902,0.5714285714285714,0.2857142857142857,0.1809956282377243,0.0309956282377243
YYHKQNR,-3.49828839302063,0.5238346457481384,0.5714285714285714,0.1428571428571428,0.2267903834581375,0.0767903834581375
IHPRSNW,-0.7924995422363281,-0.5332589745521545,0.5714285714285714,0.1428571428571428,0.4720174968242645,0.3220174968242645
SYRSNTT,1.6039938926696777,-1.2066187858581543,0.5714285714285714,0.2857142857142857,0.4025472402572632,0.2525472402572631
YYHRMNN,-0.9199432730674744,0.2637145221233368,0.5714285714285714,0.0,0.5193814039230347,0.3693814039230346
WNHIELL,-2.498828411102295,-2.598473072052002,0.7142857142857143,0.4285714285714285,0.258950263261795,0.158950263261795
RAERGVS,0.5907707214355469,-3.5724070072174072,0.5714285714285714,0.4285714285714285,0.1584699153900146,0.0084699153900146
IYCDRNK,-3.752878427505493,-0.9570894837379456,0.7142857142857143,0.4285714285714285,0.1978994756937027,0.0978994756937027
VQIEKLR,0.37165433168411255,-2.85526967048645,0.7142857142857143,0.7142857142857143,0.2324566692113876,0.1324566692113876
YYISSGN,-1.974513053894043,-1.6393591165542603,0.4285714285714285,0.2857142857142857,0.3579016327857971,0.1579016327857971
YHRNSNN,1.7486350536346436,0.038569167256355286,0.1428571428571428,0.1428571428571428,0.5310127139091492,0.2310127139091491
YYHRANG,-0.1773417443037033,1.1204841136932373,0.5714285714285714,0.1428571428571428,0.6036519408226013,0.4536519408226013
YYYHRNP,-1.7885040044784546,0.7518135905265808,0.7142857142857143,0.2857142857142857,0.4208169877529144,0.3208169877529144
HSSRSIN,0.5394030809402466,-1.6385375261306763,0.4285714285714285,0.2857142857142857,0.3579863905906677,0.1579863905906677
YTRREAN,1.4364128112792969,-2.186671733856201,0.5714285714285714,0.2857142857142857,0.3014356195926666,0.1514356195926666
CYRSVAI,-3.1212985515594482,-0.24939383566379547,0.5714285714285714,0.2857142857142857,0.2695712447166443,0.1195712447166442
YHADSDN,-0.6656944155693054,-2.780560255050659,0.4285714285714285,0.4285714285714285,0.2401643991470337,0.0401643991470337
YCRLANK,-4.218214988708496,0.2675236463546753,0.4285714285714285,0.2857142857142857,0.1450930088758468,0.0
YYSGNDN,-1.4324655532836914,-1.8776458501815796,0.5714285714285714,0.2857142857142857,0.3333176672458648,0.1833176672458648
YHRYARP,-3.7854442596435547,0.6804702281951904,0.5714285714285714,0.4285714285714285,0.1942038983106613,0.0442038983106613
PYHTSNA,0.9669866561889648,-3.1172404289245605,0.5714285714285714,0.2857142857142857,0.2054292559623718,0.0554292559623718
MSHCDNN,-3.524228572845459,-0.3875757157802582,0.7142857142857143,0.2857142857142857,0.2238466888666153,0.1238466888666153
YYPRDMN,-0.7627094984054565,-1.2001336812973022,0.5714285714285714,0.2857142857142857,0.4032163023948669,0.2532163023948669
QYRRSND,-0.15826566517353058,-1.1571835279464722,0.5714285714285714,0.1428571428571428,0.4076474606990814,0.2576474606990814
FSHCSMD,-3.1123154163360596,-0.6693083643913269,0.5714285714285714,0.5714285714285714,0.2705906629562378,0.1205906629562378
YIRSNDS,0.8784610629081726,-1.4305729866027832,0.5714285714285714,0.2857142857142857,0.3794420063495636,0.2294420063495636
YHHSSNN,0.576410174369812,-0.5628306865692139,0.2857142857142857,0.0,0.4689665734767914,0.2189665734767913
IYRSLNT,0.32820436358451843,-1.1339958906173706,0.5714285714285714,0.2857142857142857,0.4100397229194641,0.2600397229194641
YSHGSSN,1.246651291847229,-0.62728351354599,0.4285714285714285,0.2857142857142857,0.462317019701004,0.2623170197010041
YSRSPGE,1.8658947944641113,1.645357608795166,0.5714285714285714,0.2857142857142857,0.6967843770980835,0.5467843770980835
IWRINKN,-3.048595905303955,-0.1518830955028534,0.5714285714285714,0.4285714285714285,0.2778215706348419,0.1278215706348419
FHHYMSQ,-2.402362823486328,-1.4379256963729858,0.5714285714285714,0.1428571428571428,0.3511562049388885,0.2011562049388885
HVRNCSH,-3.8721303939819336,-0.612675666809082,0.5714285714285714,0.5714285714285714,0.1843667328357696,0.0343667328357696
AYSRSNN,0.37142214179039,1.7361077070236206,0.5714285714285714,0.1428571428571428,0.6659258008003235,0.5159258008003235
YHRVYRN,-3.3546156883239746,1.0716221332550049,0.4285714285714285,0.2857142857142857,0.2430943846702575,0.0430943846702575
CYPDMND,-3.587981939315796,-0.427478164434433,0.7142857142857143,0.5714285714285714,0.2166119515895843,0.1166119515895843
ALYRVNN,-0.930483341217041,-1.6752839088439941,0.7142857142857143,0.1428571428571428,0.3541952669620514,0.2541952669620514
PSFDSMN,-1.1053394079208374,-3.5416576862335205,0.5714285714285714,0.4285714285714285,0.16164231300354,0.01164231300354
VASIMYL,-2.3808906078338623,-2.1531355381011963,0.7142857142857143,0.5714285714285714,0.3048955500125885,0.2048955500125885
YWANSQY,-2.7253916263580322,1.3707201480865479,0.7142857142857143,0.1428571428571428,0.3144988417625427,0.2144988417625427
VYRGAHN,0.6515108942985535,-1.0132564306259155,0.5714285714285714,0.1428571428571428,0.422496348619461,0.272496348619461
YYSFQNN,-1.6822525262832642,-0.9377449750900269,0.5714285714285714,0.0,0.4302868247032165,0.2802868247032165
VHHSFRN,-0.63363116979599,-0.21473602950572968,0.7142857142857143,0.0,0.504879355430603,0.404879355430603
YYRSNTN,0.19194954633712769,0.15517224371433258,0.2857142857142857,0.1428571428571428,0.5430426597595215,0.2930426597595215
LGGNSAN,0.3498826026916504,-4.435450553894043,0.5714285714285714,0.4285714285714285,0.0694300979375839,0.0
APYRMHH,-1.2213939428329468,-1.2291868925094604,0.7142857142857143,0.5714285714285714,0.4002189040184021,0.3002189040184021
YFHKSVL,-2.0149824619293213,-0.3885548710823059,0.5714285714285714,0.2857142857142857,0.3951161801815033,0.2451161801815033
YHRDTNL,1.3916163444519043,-1.0872650146484375,0.4285714285714285,0.4285714285714285,0.4148609340190887,0.2148609340190887
VTRSHDH,-0.09798812121152878,-2.3182897567749023,0.7142857142857143,0.4285714285714285,0.2878566384315491,0.1878566384315491
YHHSFRH,-1.8356831073760986,0.1726078987121582,0.7142857142857143,0.1428571428571428,0.4154631197452545,0.3154631197452545
YYHKSVT,0.2053409367799759,0.4933207333087921,0.4285714285714285,0.2857142857142857,0.5779292583465576,0.3779292583465576
SYEFYRN,-2.6901192665100098,-1.0128058195114136,0.7142857142857143,0.2857142857142857,0.3185015618801117,0.2185015618801117
SYHGEGH,-0.2479296773672104,-1.567521572113037,0.7142857142857143,0.4285714285714285,0.3653130829334259,0.2653130829334259
RWRFMNK,-4.006647109985352,0.1342170685529709,0.7142857142857143,0.4285714285714285,0.1691017597913742,0.0691017597913742
YQGRHNN,0.7794743180274963,-0.8794048428535461,0.5714285714285714,0.2857142857142857,0.4363057613372803,0.2863057613372802
HYDSSQV,0.12863600254058838,-2.673504114151001,0.5714285714285714,0.4285714285714285,0.2512093484401703,0.1012093484401703
YSHRMSS,1.9412293434143066,-0.4310603737831116,0.5714285714285714,0.4285714285714285,0.4825612902641296,0.3325612902641296
VYQRSGN,1.8575364351272583,-0.27144959568977356,0.4285714285714285,0.1428571428571428,0.4990282356739044,0.2990282356739044
AYEGSFV,-2.8469951152801514,-2.1090803146362305,0.5714285714285714,0.2857142857142857,0.3006992638111114,0.1506992638111114
YLWRGSN,-3.020442485809326,2.1326510906219482,0.5714285714285714,0.2857142857142857,0.2810164093971252,0.1310164093971252
YNIPCVN,-3.3235926628112793,-0.5585335493087769,0.7142857142857143,0.4285714285714285,0.2466148883104324,0.1466148883104324
YHRMEQN,0.8428791761398315,-0.7020633220672607,0.4285714285714285,0.2857142857142857,0.4546020030975342,0.2546020030975342
IYWMLND,-4.5914764404296875,0.0036789802834391594,0.7142857142857143,0.4285714285714285,0.1027352288365364,0.0027352288365364
YHHIFDN,-2.3451530933380127,-0.5672763586044312,0.5714285714285714,0.2857142857142857,0.3576483726501465,0.2076483726501465
YSRLSNG,2.8765809535980225,1.748234748840332,0.2857142857142857,0.1428571428571428,0.7073981761932373,0.4573981761932373
ILGRQHN,1.7589473724365234,-2.00715970993042,0.7142857142857143,0.1428571428571428,0.3199557960033417,0.2199557960033417
YYRNNYT,-1.5467565059661865,-0.2635538876056671,0.5714285714285714,0.4285714285714285,0.4482505321502685,0.2982505321502685
YHHRNDN,0.2726443409919739,-0.34054824709892273,0.5714285714285714,0.2857142857142857,0.4918994009494781,0.3418994009494781
YYHQSNN,-0.8145205974578857,-0.5578308701515198,0.4285714285714285,0.1428571428571428,0.469482421875,0.269482421875
VYRRNPN,-2.2733030319213867,0.35611599683761597,0.5714285714285714,0.1428571428571428,0.3658019304275512,0.2158019304275512
YSGSGHN,1.2846152782440186,-3.2207722663879395,0.4285714285714285,0.2857142857142857,0.1947479248046875,0.0
QYRSDPN,0.3740888833999634,-1.8887897729873657,0.5714285714285714,0.4285714285714285,0.3321679830551147,0.1821679830551147
LHSRLLE,1.156270146369934,-0.47789856791496277,0.5714285714285714,0.2857142857142857,0.4777289927005768,0.3277289927005767
GQHRSEN,0.694868266582489,-2.3609488010406494,0.7142857142857143,0.2857142857142857,0.2834555208683014,0.1834555208683014
MYHISNS,-0.09686682373285294,-2.0073025226593018,0.5714285714285714,0.2857142857142857,0.3199410736560821,0.1699410736560821
YHRYGVN,-0.7257148623466492,2.180274724960327,0.4285714285714285,0.2857142857142857,0.5414224863052368,0.3414224863052368
VYCRMMR,-5.096566200256348,1.01226007938385,0.4285714285714285,0.4285714285714285,0.0454175621271133,0.0
DYTLQGN,-0.9790953397750854,-1.7615512609481812,0.7142857142857143,0.4285714285714285,0.34529510140419,0.24529510140419
QLMVNLW,-3.548516035079956,-0.5357205271720886,0.7142857142857143,0.5714285714285714,0.22109055519104,0.12109055519104
RHQRSTN,-4.1718878746032715,0.056335266679525375,0.5714285714285714,0.2857142857142857,0.1503502130508422,0.0003502130508422
DHRWWMN,-3.6505963802337646,1.464896321296692,0.5714285714285714,0.2857142857142857,0.2095064520835876,0.0595064520835876
YYHESSN,-1.333423376083374,-0.7371403574943542,0.5714285714285714,0.1428571428571428,0.4509831666946411,0.3009831666946411
QWCQKNN,-3.458681106567383,-0.5827513337135315,0.7142857142857143,0.4285714285714285,0.2312850356101989,0.131285035610199
GHSRSTN,1.2441589832305908,-2.0220630168914795,0.5714285714285714,0.2857142857142857,0.3184182345867157,0.1684182345867157
VYHSSQN,0.5851821899414062,-1.4394932985305786,0.4285714285714285,0.1428571428571428,0.3785217106342315,0.1785217106342315
NYFSSGA,-0.8999525308609009,-2.4324214458465576,0.7142857142857143,0.2857142857142857,0.2760817408561706,0.1760817408561706
YESVGYN,-1.6185355186462402,-1.7972211837768555,0.5714285714285714,0.4285714285714285,0.3416150510311126,0.1916150510311126
YACSVLI,-4.039694786071777,-0.6079390048980713,0.5714285714285714,0.5714285714285714,0.1653515100479126,0.0153515100479126
HFVKSSN,0.8949649333953857,-0.3716292977333069,0.5714285714285714,0.2857142857142857,0.4886927604675293,0.3386927604675293
YVYRMIN,-3.3507626056671143,1.1715662479400635,0.7142857142857143,0.4285714285714285,0.2435316443443298,0.1435316443443298
YVTRQNY,-0.781308650970459,-0.5662739872932434,0.7142857142857143,0.1428571428571428,0.46861132979393,0.3686113297939301
YTRRLYD,-0.959945023059845,-0.4269811809062958,0.5714285714285714,0.4285714285714285,0.4829821288585663,0.3329821288585662
LHRLKNN,-2.197674512863159,1.5446991920471191,0.2857142857142857,0.2857142857142857,0.3743842542171478,0.1243842542171478
FYHYSRW,-3.5187342166900635,0.6778044700622559,0.5714285714285714,0.1428571428571428,0.2244701981544494,0.0744701981544494
YYQYMNC,-3.9318161010742188,0.13666848838329315,0.7142857142857143,0.2857142857142857,0.1775935888290405,0.0775935888290405
YYSLSVM,-2.3395609855651855,-0.13619421422481537,0.4285714285714285,0.1428571428571428,0.3582829535007477,0.1582829535007477
WSMHSLN,-1.8335634469985962,-1.4352267980575562,0.5714285714285714,0.4285714285714285,0.3789618611335754,0.2289618611335754
WYHSNTN,-1.7436273097991943,-0.1734299510717392,0.5714285714285714,0.2857142857142857,0.4259096086025238,0.2759096086025238
YRRSRRN,-3.8949334621429443,0.8488272428512573,0.4285714285714285,0.4285714285714285,0.1817790418863296,0.0
MDHLGFN,-1.0354719161987305,-3.0116872787475586,0.7142857142857143,0.4285714285714285,0.216319128870964,0.116319128870964
YHVMSPQ,-0.7366382479667664,-2.1651954650878906,0.5714285714285714,0.1428571428571428,0.3036513030529022,0.1536513030529022
QISRLND,1.3594865798950195,-2.575749158859253,0.7142857142857143,0.4285714285714285,0.2612946629524231,0.1612946629524231
YHKRLNN,-2.4611217975616455,0.592049241065979,0.4285714285714285,0.1428571428571428,0.3444882333278656,0.1444882333278656
YSRNNSN,2.441828966140747,1.1900678873062134,0.2857142857142857,0.1428571428571428,0.6498123407363892,0.3998123407363891
MYRLEIN,-1.3545928001403809,-1.6263458728790283,0.5714285714285714,0.4285714285714285,0.3592441976070404,0.2092441976070404
FTIRSSK,-3.8989312648773193,-0.9830508828163147,0.7142857142857143,0.4285714285714285,0.1813253760337829,0.0813253760337829
YHHILAD,-0.7041639685630798,-2.209733247756958,0.5714285714285714,0.2857142857142857,0.2990563809871673,0.1490563809871673
HIRLGNN,0.8058887720108032,-1.396788239479065,0.4285714285714285,0.2857142857142857,0.3829275667667389,0.1829275667667389
ALYVMGK,-2.48051381111145,-2.2951858043670654,0.7142857142857143,0.5714285714285714,0.2902402579784393,0.1902402579784393
MYGRIMS,-1.4854373931884766,1.1548937559127808,0.4285714285714285,0.4285714285714285,0.4552090466022491,0.2552090466022492
YQHSASN,1.1640547513961792,-2.874236583709717,0.5714285714285714,0.2857142857142857,0.2304998636245727,0.0804998636245727
CYKRCAN,-4.360831260681152,0.6442974805831909,0.7142857142857143,0.4285714285714285,0.1289088875055313,0.0289088875055313
TYTASPR,0.5894702672958374,-2.7235450744628906,0.5714285714285714,0.4285714285714285,0.246046632528305,0.096046632528305
IHRHKEN,-0.3687359392642975,0.5960599780082703,0.5714285714285714,0.1428571428571428,0.581932544708252,0.4319325447082519
YHNSHLM,-0.8445281982421875,-2.73278546333313,0.7142857142857143,0.4285714285714285,0.2450933009386062,0.1450933009386062
YSRIQYN,-0.204705610871315,2.3992178440093994,0.2857142857142857,0.2857142857142857,0.6005467176437378,0.3505467176437378
KYMLGGM,-1.226788878440857,-1.9716448783874512,0.7142857142857143,0.5714285714285714,0.3236198425292969,0.2236198425292969
NAPKNST,1.2702796459197998,-4.6851582527160645,0.7142857142857143,0.5714285714285714,0.0436678640544414,0.0
CYHLPSR,-3.708277463912964,-0.5578909516334534,0.5714285714285714,0.5714285714285714,0.2029607892036438,0.0529607892036438
IHSRSNW,-0.6814256310462952,0.30128371715545654,0.5714285714285714,0.0,0.5464484691619873,0.3964484691619873
YKVWSNI,-2.3324124813079834,-0.3846825361251831,0.5714285714285714,0.4285714285714285,0.3590941727161407,0.2090941727161407
HARTGNP,1.5742911100387573,-2.580315589904785,0.5714285714285714,0.4285714285714285,0.2608235478401184,0.1108235478401184
NYERSNN,0.9850893616676331,-2.3253121376037598,0.5714285714285714,0.1428571428571428,0.2871321439743042,0.1371321439743042
YYNSRQN,-0.18557460606098175,-0.9929003119468689,0.5714285714285714,0.2857142857142857,0.4245964884757995,0.2745964884757995
YYHWSAD,-2.7785983085632324,0.9787620902061462,0.5714285714285714,0.2857142857142857,0.3084609508514404,0.1584609508514404
IQRRSLN,-2.424351930618286,-0.5548946261405945,0.5714285714285714,0.2857142857142857,0.3486608862876892,0.1986608862876892
WYLSYEN,-4.1023688316345215,0.40148288011550903,0.7142857142857143,0.2857142857142857,0.1582392454147339,0.0582392454147338
VSDSFNN,-1.1382086277008057,-3.524160146713257,0.7142857142857143,0.2857142857142857,0.1634475290775299,0.0634475290775299
SHMKNIN,1.5792512893676758,-2.804410934448242,0.7142857142857143,0.4285714285714285,0.2377037405967712,0.1377037405967712
HFSESPT,-0.5985186696052551,-4.383232593536377,0.5714285714285714,0.5714285714285714,0.0748174041509628,0.0
LHRLSWN,-2.837268352508545,2.5768260955810547,0.1428571428571428,0.2857142857142857,0.3018030524253845,0.0018030524253845
YIRLCNN,-3.9643137454986572,-0.3264485001564026,0.2857142857142857,0.2857142857142857,0.1739057600498199,0.0
YLHKSPM,1.2369600534439087,-1.0144829750061035,0.5714285714285714,0.4285714285714285,0.4223698079586029,0.2723698079586029
YYDRSMN,-0.49086955189704895,-0.716112494468689,0.5714285714285714,0.1428571428571428,0.4531525671482086,0.3031525671482086
YYHRMNN,-0.9199432730674744,0.2637145221233368,0.5714285714285714,0.0,0.5193814039230347,0.3693814039230346
HGRSWSN,-3.003772020339966,0.12965074181556702,0.5714285714285714,0.2857142857142857,0.2829082012176513,0.1329082012176513
YHRLVSS,0.2523486912250519,2.563868284225464,0.4285714285714285,0.1428571428571428,0.6524133086204529,0.4524133086204529
YIIHRIA,-2.5282490253448486,-1.298387885093689,0.8571428571428571,0.5714285714285714,0.3368706107139587,0.2868706107139587
PYHRTTN,0.40515372157096863,0.5074370503425598,0.5714285714285714,0.2857142857142857,0.5793856382369995,0.4293856382369995
YYRSGNN,0.21861916780471802,0.86025071144104,0.2857142857142857,0.1428571428571428,0.6157852411270142,0.3657852411270141
YFILNCN,-4.515985012054443,0.19352340698242188,0.4285714285714285,0.4285714285714285,0.1113020107150077,0.0
VSKSHNG,2.116945505142212,-3.5819478034973145,0.7142857142857143,0.5714285714285714,0.1574856042861938,0.0574856042861938
YSRVQNA,2.617248058319092,0.6628500819206238,0.5714285714285714,0.2857142857142857,0.5954195261001587,0.4454195261001586
YHILPGT,-1.3962993621826172,-2.404819965362549,0.5714285714285714,0.4285714285714285,0.2789293527603149,0.1289293527603149
TSHRSAY,-0.01941455341875553,-1.1131556034088135,0.5714285714285714,0.4285714285714285,0.4121898114681244,0.2621898114681243
YTAHSNN,0.9642547369003296,-2.83066463470459,0.4285714285714285,0.2857142857142857,0.2349951565265655,0.0349951565265655
HIHRIDQ,-0.3152139484882355,-1.5888193845748901,0.8571428571428571,0.4285714285714285,0.3631157577037811,0.3131157577037811
IHVYSNN,-0.6936699748039246,-1.7313586473464966,0.4285714285714285,0.2857142857142857,0.3484100699424743,0.1484100699424743
YKMRFLV,-4.158090114593506,-1.392543077468872,0.7142857142857143,0.2857142857142857,0.1519159823656082,0.0519159823656082
YTRRSSN,-2.417259693145752,0.1149471327662468,0.4285714285714285,0.1428571428571428,0.3494656980037689,0.1494656980037689
YYHRLNG,-1.3381916284561157,1.2582728862762451,0.5714285714285714,0.1428571428571428,0.471918523311615,0.3219185233116149
YWARSNN,-1.5065271854400635,1.4152891635894775,0.4285714285714285,0.1428571428571428,0.4528157711029053,0.2528157711029053
YYRSNTW,-2.131822109222412,0.9163916110992432,0.4285714285714285,0.2857142857142857,0.3818572163581848,0.1818572163581848
YHRRYKN,-3.4081668853759766,0.6258876919746399,0.4285714285714285,0.2857142857142857,0.2370173931121826,0.0370173931121826
YYMASHN,-1.8803117275238037,-0.963685929775238,0.5714285714285714,0.2857142857142857,0.4103986322879791,0.2603986322879791
CHTYWSD,-3.8644745349884033,-0.24482758343219757,0.7142857142857143,0.5714285714285714,0.1852355301380157,0.0852355301380157
QHHLSTT,-0.193519726395607,-2.474905014038086,0.5714285714285714,0.4285714285714285,0.2716987133026123,0.1216987133026123
YSQRIKN,-2.374965190887451,-1.0231598615646362,0.5714285714285714,0.2857142857142857,0.3542653024196625,0.2042653024196624
YVRLVAN,-0.46385857462882996,-0.722503662109375,0.4285714285714285,0.2857142857142857,0.4524931907653808,0.2524931907653809
YWNLGTY,-3.4608564376831055,0.7586248517036438,0.5714285714285714,0.2857142857142857,0.2310381680727005,0.0810381680727005
HHQLDSA,0.25491949915885925,-3.905869960784912,0.5714285714285714,0.5714285714285714,0.1240666955709457,0.0
NVNRDTP,1.4108186960220337,-4.657591819763184,0.7142857142857143,0.5714285714285714,0.0465118810534477,0.0
VYFHPNL,-3.421755313873291,-0.08636794239282608,0.7142857142857143,0.1428571428571428,0.2354753762483596,0.1354753762483597
YHRSNKR,-3.3548903465270996,1.267881155014038,0.4285714285714285,0.2857142857142857,0.2430632263422012,0.0430632263422012
YMHGRIY,-1.9132592678070068,-0.4353293180465698,0.7142857142857143,0.1428571428571428,0.4066597521305084,0.3066597521305084
YTRPANN,2.37023663520813,-1.781172275543213,0.4285714285714285,0.2857142857142857,0.3432708084583282,0.1432708084583282
IYPAMYS,-2.894606590270996,-0.4288248121738434,0.5714285714285714,0.4285714285714285,0.295296311378479,0.145296311378479
YKRCISW,-4.765174865722656,0.430056631565094,0.7142857142857143,0.4285714285714285,0.0830239057540893,0.0
YQRSNTN,1.5985039472579956,-1.5253998041152954,0.2857142857142857,0.1428571428571428,0.3696587681770324,0.1196587681770324
YLHRSND,1.2964541912078857,0.11079702526330948,0.5714285714285714,0.1428571428571428,0.5384644269943237,0.3884644269943237
VMHRSMN,0.7021474242210388,-0.25787967443466187,0.5714285714285714,0.2857142857142857,0.5004282593727112,0.3504282593727111
YPRPSVW,-1.8027665615081787,-0.9782648086547852,0.5714285714285714,0.4285714285714285,0.4191984832286834,0.2691984832286834
PHHAWHT,-2.001434087753296,-0.17334598302841187,0.7142857142857143,0.5714285714285714,0.3966536521911621,0.2966536521911621
PSRRSND,0.5383336544036865,-2.9691126346588135,0.5714285714285714,0.2857142857142857,0.2207115441560745,0.0707115441560745
QFHKSSN,1.5233206748962402,-0.31246471405029297,0.5714285714285714,0.1428571428571428,0.4947967231273651,0.3447967231273651
YLRSGNN,2.0629100799560547,-0.13685725629329681,0.2857142857142857,0.1428571428571428,0.5129141211509705,0.2629141211509704
YWIKMTP,-3.003627300262451,-0.4404956102371216,0.7142857142857143,0.0,0.282924622297287,0.182924622297287
VYHHSNN,0.30002063512802124,-0.43651700019836426,0.5714285714285714,0.1428571428571428,0.4819983541965484,0.3319983541965484
KSHLSMR,-3.381655693054199,0.44813844561576843,0.5714285714285714,0.4285714285714285,0.2400258928537368,0.0900258928537368
YMGSSKS,1.4998286962509155,-3.6141371726989746,0.5714285714285714,0.2857142857142857,0.1541646420955658,0.0041646420955658
EHITWHH,-3.018420934677124,-1.6162360906600952,0.7142857142857143,0.4285714285714285,0.2812458276748657,0.1812458276748657
QYAPSNN,0.0213620625436306,-2.8053131103515625,0.5714285714285714,0.2857142857142857,0.2376106679439544,0.0876106679439544
QHRLSNN,1.9981930255889893,0.3523469567298889,0.1428571428571428,0.1428571428571428,0.5633850693702698,0.2633850693702698
DYARMGN,0.5032491087913513,-1.4488012790679932,0.7142857142857143,0.2857142857142857,0.3775613903999328,0.2775613903999329
YHRDTQK,0.0016504769446328282,-0.008138523437082767,0.5714285714285714,0.4285714285714285,0.5261939167976379,0.3761939167976379
IYSMSVP,-1.3307693004608154,-0.6028222441673279,0.2857142857142857,0.2857142857142857,0.464840680360794,0.214840680360794
HHLSSGN,0.020134001970291138,-3.629754066467285,0.5714285714285714,0.1428571428571428,0.152553454041481,0.002553454041481
YYPRSNI,-0.9954831600189209,-0.19329042732715607,0.5714285714285714,0.2857142857142857,0.5070919394493103,0.3570919394493103
YPHRLRC,-4.0778489112854,0.5012168288230896,0.7142857142857143,0.4285714285714285,0.1610217690467834,0.0610217690467834
YHCANMI,-3.69956111907959,-1.5752722024917603,0.5714285714285714,0.4285714285714285,0.2039499282836914,0.0539499282836914
PNYSGNS,1.0262690782546997,-2.9130496978759766,0.7142857142857143,0.4285714285714285,0.2264955192804336,0.1264955192804336
RYRDSMW,-2.342698335647583,0.16132089495658875,0.5714285714285714,0.2857142857142857,0.3579269349575043,0.2079269349575042
YYWRSTW,-4.367944240570068,1.9477169513702393,0.5714285714285714,0.2857142857142857,0.1281017065048217,0.0
YYHRGNN,-0.6420488953590393,1.3694806098937988,0.5714285714285714,0.0,0.5509169101715088,0.4009169101715087
YHHRSSN,0.06909715384244919,1.469557523727417,0.4285714285714285,0.0,0.6316178441047668,0.4316178441047669
IHRMANN,2.075234889984131,0.5461962819099426,0.4285714285714285,0.1428571428571428,0.5833844542503357,0.3833844542503357
YLRWTNN,-1.9468953609466553,1.580048680305481,0.4285714285714285,0.2857142857142857,0.4028427302837372,0.2028427302837372
IYHFSHQ,-2.2178642749786377,-0.8816419243812561,0.5714285714285714,0.4285714285714285,0.372093141078949,0.2220931410789489
STHREIV,0.9956852793693542,-2.351158380508423,0.5714285714285714,0.4285714285714285,0.2844656109809875,0.1344656109809875
PHRSFSS,-0.6786704659461975,-1.251991629600525,0.5714285714285714,0.4285714285714285,0.3978661298751831,0.2478661298751831
VYHVGQN,0.06236026808619499,-1.748509168624878,0.5714285714285714,0.2857142857142857,0.3466406464576721,0.1966406464576721
DYQRPDN,-0.3748740553855896,-2.1901776790618896,0.7142857142857143,0.4285714285714285,0.3010739088058471,0.2010739088058472
YSRSNGN,2.3796591758728027,2.0158302783966064,0.2857142857142857,0.0,0.7350058555603027,0.4850058555603027
CVHFSSN,-3.922576665878296,-0.36401447653770447,0.5714285714285714,0.4285714285714285,0.1786420792341232,0.0286420792341232
YHRDGPE,0.9820927977561951,-2.008784055709839,0.4285714285714285,0.2857142857142857,0.3197882175445556,0.1197882175445556
YCRATTN,-3.620936393737793,-0.021110931411385536,0.4285714285714285,0.4285714285714285,0.2128722667694091,0.0128722667694091
YHRMWAF,-4.333384990692139,0.662410318851471,0.5714285714285714,0.4285714285714285,0.1320234835147857,0.0
YYHRTVG,-1.1148991584777832,0.5834534168243408,0.5714285714285714,0.2857142857142857,0.497257798910141,0.3472577989101409
KRKDNQG,-1.479852318763733,-0.7507814764976501,0.7142857142857143,0.5714285714285714,0.4495757818222046,0.3495757818222046
YCPMNNN,-3.5551035404205322,-1.2351833581924438,0.5714285714285714,0.2857142857142857,0.2203429937362671,0.0703429937362671
VYEFDAN,-1.9914079904556274,-1.7722212076187134,0.7142857142857143,0.4285714285714285,0.3441943228244781,0.2441943228244781
YYTGSMH,-1.4356223344802856,-2.078434944152832,0.5714285714285714,0.4285714285714285,0.3126023709774017,0.1626023709774017
YSHRQMN,1.235891342163086,-0.6903891563415527,0.4285714285714285,0.1428571428571428,0.4558064341545105,0.2558064341545105
WYSDNTY,-2.3536746501922607,-0.0037199468351900578,0.5714285714285714,0.4285714285714285,0.3566813468933105,0.2066813468933105
DEHSNVV,-0.6170319318771362,-4.407577991485596,0.7142857142857143,0.5714285714285714,0.0723057016730308,0.0
YKSSNSR,-1.9927805662155151,-0.7784162163734436,0.5714285714285714,0.4285714285714285,0.3976356387138366,0.2476356387138366
LCGVECA,-3.9348855018615723,-1.094500184059143,0.7142857142857143,0.2857142857142857,0.1772452741861343,0.0772452741861343
YGCLPIC,-4.297423839569092,0.2059561163187027,0.7142857142857143,0.5714285714285714,0.1361043751239776,0.0361043751239776
YCANSNL,-3.645676612854004,-0.4535452723503113,0.5714285714285714,0.2857142857142857,0.2100647538900375,0.0600647538900375
NARICNS,-3.547616720199585,-0.4899481236934662,0.7142857142857143,0.4285714285714285,0.2211925983428955,0.1211925983428955
QYHRSNN,0.49870648980140686,1.3024613857269287,0.5714285714285714,0.0,0.6614079475402832,0.5114079475402832
WHFEWPL,-3.8722403049468994,0.932472288608551,0.5714285714285714,0.7142857142857143,0.1843542605638504,0.0343542605638504
YWSENNN,-1.8602392673492432,-0.7355183362960815,0.5714285714285714,0.1428571428571428,0.4126764833927154,0.2626764833927154
YYNRKEN,0.8327944278717041,0.18706023693084717,0.7142857142857143,0.1428571428571428,0.5463325381278992,0.4463325381278992
YLHRGNS,0.6472460627555847,1.0436344146728516,0.7142857142857143,0.1428571428571428,0.6347048878669739,0.5347048878669739
YLYRSNN,-1.3337512016296387,0.7224522233009338,0.4285714285714285,0.2857142857142857,0.4724224209785461,0.2724224209785462
IYHRGDK,-0.5332651734352112,0.6376485228538513,0.7142857142857143,0.2857142857142857,0.5632616877555847,0.4632616877555847
DMRLWSN,-3.0429165363311768,-0.41288021206855774,0.4285714285714285,0.2857142857142857,0.2784660756587982,0.0784660756587982
IYRVSKM,-3.8420679569244385,0.2972036302089691,0.5714285714285714,0.2857142857142857,0.1877782344818115,0.0377782344818115
INRNACP,-3.2770378589630127,-0.6110177636146545,0.5714285714285714,0.4285714285714285,0.251897931098938,0.101897931098938
YYHWTSP,-3.617072343826294,0.715982973575592,0.5714285714285714,0.2857142857142857,0.2133107632398605,0.0633107632398605
AYNRQEW,-1.2624000310897827,-0.5598229169845581,0.7142857142857143,0.2857142857142857,0.469276875257492,0.3692768752574921
HFHRSIS,-1.4465726613998413,0.3552180230617523,0.7142857142857143,0.4285714285714285,0.459619402885437,0.359619402885437
PYRMGNN,1.1690620183944702,-1.8077764511108398,0.5714285714285714,0.2857142857142857,0.3405260741710663,0.1905260741710663
MWHRKQN,-3.0217833518981934,0.49192148447036743,0.7142857142857143,0.2857142857142857,0.280864268541336,0.180864268541336
YHHCCQD,-3.425114393234253,-0.42805829644203186,0.5714285714285714,0.4285714285714285,0.2350941896438598,0.0850941896438598
YHHPLSE,0.12727558612823486,-2.552806854248047,0.5714285714285714,0.2857142857142857,0.2636616230010986,0.1136616230010986
YYRVGMM,-3.1358165740966797,-0.37140771746635437,0.5714285714285714,0.4285714285714285,0.2679237425327301,0.1179237425327301
NYDNINR,0.07625487446784973,-3.135525703430176,0.7142857142857143,0.4285714285714285,0.2035427689552307,0.1035427689552307
YSRTLNN,1.9117673635482788,1.239108681678772,0.4285714285714285,0.1428571428571428,0.6548718810081482,0.4548718810081482
YIHLSVQ,-2.3074567317962646,-1.9282270669937134,0.5714285714285714,0.2857142857142857,0.328099250793457,0.178099250793457
YYIGSES,-2.0662343502044678,-1.1499689817428589,0.7142857142857143,0.2857142857142857,0.3893001079559326,0.2893001079559326
HHTSWNE,-1.8240807056427002,-2.306168556213379,0.7142857142857143,0.4285714285714285,0.2891071736812591,0.1891071736812591
DHRSNVS,1.2944488525390625,-3.364910125732422,0.5714285714285714,0.1428571428571428,0.1798772811889648,0.0298772811889648
IAHRSNN,1.1960417032241821,-1.8489735126495361,0.5714285714285714,0.1428571428571428,0.3362757861614227,0.1862757861614227
YNPEISS,-0.09348972141742706,-3.4898078441619873,0.7142857142857143,0.5714285714285714,0.1669916361570358,0.0669916361570358
IDSCSQE,-4.038771629333496,-1.1655752658843994,0.5714285714285714,0.4285714285714285,0.1654562652111053,0.0154562652111053
PYSRKVE,0.914461612701416,-0.2732663154602051,0.5714285714285714,0.4285714285714285,0.4988408088684082,0.3488408088684082
YHRLVSN,0.15350790321826935,3.00390625,0.2857142857142857,0.0,0.6411967873573303,0.3911967873573303
IYRSGNN,1.948723316192627,-0.8970343470573425,0.4285714285714285,0.0,0.4344869554042816,0.2344869554042816
NYSRSMR,-4.472834587097168,1.1295433044433594,0.5714285714285714,0.2857142857142857,0.1161987259984016,0.0
HYPRLLE,-0.5741538405418396,-1.6618317365646362,0.7142857142857143,0.4285714285714285,0.355583131313324,0.255583131313324
GYSRGLN,0.9572209119796753,0.22731195390224457,0.5714285714285714,0.2857142857142857,0.5504852533340454,0.4004852533340454
QWTRSTN,-0.5314301252365112,1.278054118156433,0.5714285714285714,0.1428571428571428,0.5634699463844299,0.4134699463844299
SASWSHN,-1.6088342666625977,-1.9722453355789185,0.5714285714285714,0.2857142857142857,0.3235579133033752,0.1735579133033752
YYSRWNN,-1.9867647886276245,0.9751337170600891,0.5714285714285714,0.1428571428571428,0.3983183205127716,0.2483183205127716
GHFRDGN,0.21424207091331482,-2.3778765201568604,0.5714285714285714,0.2857142857142857,0.2817091047763824,0.1317091047763824
LHLWRKM,-5.10285758972168,-0.03839821740984917,0.5714285714285714,0.5714285714285714,0.0447036139667034,0.0
PHRTVSN,0.5115429759025574,-2.384666919708252,0.4285714285714285,0.2857142857142857,0.2810085415840149,0.0810085415840149
YQHHSNN,0.33330535888671875,-1.2549200057983398,0.4285714285714285,0.2857142857142857,0.397564023733139,0.197564023733139
YHNPMYN,-1.7638291120529175,-2.6472156047821045,0.5714285714285714,0.2857142857142857,0.2539215087890625,0.1039215087890625
YLQCNEN,-4.116992473602295,-0.9622601866722107,0.5714285714285714,0.4285714285714285,0.1565797477960586,0.0065797477960586
YTHRYYD,-1.968509554862976,-0.6860816478729248,0.7142857142857143,0.2857142857142857,0.4003899395465851,0.3003899395465851
IHDITTM,-0.7884791493415833,-5.108421325683594,0.7142857142857143,0.2857142857142857,0.0,0.0
YYHRMNS,-1.4689030647277832,0.17037859559059143,0.5714285714285714,0.1428571428571428,0.457085371017456,0.307085371017456
VYHRSLN,-0.2105628103017807,2.800485849380493,0.4285714285714285,0.1428571428571428,0.5998820662498474,0.3998820662498474
YYSRSEW,-1.4508323669433594,1.9254573583602905,0.5714285714285714,0.1428571428571428,0.459136039018631,0.3091360390186309
YAHSNIV,-0.007972127757966518,-0.7268652319908142,0.5714285714285714,0.1428571428571428,0.452043205499649,0.302043205499649
VYHHYEN,-2.1653964519500732,0.35932761430740356,0.7142857142857143,0.2857142857142857,0.3780471980571747,0.2780471980571747
YHRLASH,-0.3168477416038513,1.4249011278152466,0.4285714285714285,0.2857142857142857,0.5878207683563232,0.3878207683563233
NSHRQCK,-4.777894973754883,0.0676550343632698,0.7142857142857143,0.4285714285714285,0.0815804228186607,0.0
YHHRISS,-0.041519615799188614,0.30045264959335327,0.7142857142857143,0.2857142857142857,0.5580311417579651,0.4580311417579651
VDAQSIN,-0.6306214928627014,-4.688112258911133,0.5714285714285714,0.4285714285714285,0.0433631017804145,0.0
NHHRPFD,0.6604464054107666,-1.7578260898590088,0.7142857142857143,0.4285714285714285,0.3456794321537018,0.2456794321537018
FRHGGLN,0.451233834028244,-1.7730712890625,0.5714285714285714,0.4285714285714285,0.3441065847873688,0.1941065847873687
IARPMWN,-2.660438060760498,0.07451291382312775,0.5714285714285714,0.4285714285714285,0.3218697905540466,0.1718697905540466
DYHRCNA,-3.5026330947875977,-0.9069706797599792,0.7142857142857143,0.2857142857142857,0.2262973487377166,0.1262973487377167
KHESNMT,0.169479638338089,-4.662173271179199,0.7142857142857143,0.4285714285714285,0.0460392162203788,0.0
HAISNNL,-0.11203765124082565,-4.036969184875488,0.7142857142857143,0.4285714285714285,0.110541246831417,0.010541246831417
MSHLSVQ,-0.2954706847667694,-3.949289560317993,0.7142857142857143,0.4285714285714285,0.1195871159434318,0.0195871159434318
RSRSSKY,-4.046516418457031,1.5853166580200195,0.5714285714285714,0.4285714285714285,0.164577379822731,0.014577379822731
AYRISHN,-0.1305665373802185,-1.3775012493133545,0.4285714285714285,0.2857142857142857,0.3849173784255981,0.1849173784255981
IYHHLSV,-2.54316782951355,-0.47837740182876587,0.5714285714285714,0.4285714285714285,0.3351776301860809,0.1851776301860809
QSRSGQN,1.6819177865982056,-2.549717903137207,0.4285714285714285,0.2857142857142857,0.2639802992343902,0.0639802992343902
MYSRSGN,1.9690243005752563,0.2031434029340744,0.5714285714285714,0.1428571428571428,0.5479918122291565,0.3979918122291564
YSRISCD,-2.24835467338562,2.2158749103546143,0.4285714285714285,0.4285714285714285,0.3686330616474151,0.1686330616474151
FYHLSNN,-2.173769235610962,-0.7606613039970398,0.4285714285714285,0.1428571428571428,0.3770970404148102,0.1770970404148102
EHHSLNN,-0.4606867730617523,-3.993016481399536,0.5714285714285714,0.2857142857142857,0.1150758266448974,0.0
YYHALNL,-3.1545281410217285,-0.19646090269088745,0.5714285714285714,0.2857142857142857,0.2658003568649292,0.1158003568649292
HEHRHPN,-0.4683454632759094,0.2014128863811493,0.7142857142857143,0.2857142857142857,0.5478132367134094,0.4478132367134094
YPSLANN,0.9237183332443237,-2.5381076335906982,0.4285714285714285,0.2857142857142857,0.2651781439781189,0.0651781439781189
YFVVHNH,-2.6690988540649414,-1.1961396932601929,0.7142857142857143,0.2857142857142857,0.3208869397640228,0.2208869397640228
IYSRLGS,0.17175956070423126,2.536184787750244,0.5714285714285714,0.4285714285714285,0.6432680487632751,0.4932680487632751
YTHNGSS,1.0984092950820923,-2.8694088459014893,0.7142857142857143,0.2857142857142857,0.2309979349374771,0.1309979349374771
RYMRYNN,-4.292558193206787,-0.06081055849790573,0.7142857142857143,0.4285714285714285,0.1366565227508545,0.0366565227508545
YQRLSNH,0.5439310669898987,-1.156404972076416,0.2857142857142857,0.2857142857142857,0.4077277779579162,0.1577277779579162
AYSFMNN,-2.421133518218994,-1.3190070390701294,0.7142857142857143,0.1428571428571428,0.3490261137485504,0.2490261137485504
YSRMIDN,0.8892450332641602,0.982872724533081,0.4285714285714285,0.1428571428571428,0.6284361481666565,0.4284361481666565
HYSSGNS,1.2241073846817017,-3.2520809173583984,0.7142857142857143,0.4285714285714285,0.1915178298950195,0.0915178298950195
YVRLSNN,0.9954296946525574,0.7656916379928589,0.1428571428571428,0.1428571428571428,0.6060296893119812,0.3060296893119812
YTRSSAN,2.2774040699005127,-0.3874324858188629,0.4285714285714285,0.1428571428571428,0.4870623350143432,0.2870623350143433
YKADVNS,1.268049955368042,-3.7744762897491455,0.7142857142857143,0.4285714285714285,0.137622520327568,0.037622520327568
YEHWFNN,-2.5368850231170654,0.2641773223876953,0.5714285714285714,0.2857142857142857,0.3358905911445617,0.1858905911445617
NYHHSEN,-0.1104675829410553,-1.7861745357513428,0.5714285714285714,0.1428571428571428,0.3427547514438629,0.1927547514438629
TITRFNA,1.0487343072891235,-2.1531012058258057,0.7142857142857143,0.4285714285714285,0.3048990666866302,0.2048990666866302
YHSSMAN,0.8710429072380066,-2.6001720428466797,0.5714285714285714,0.1428571428571428,0.2587749660015106,0.1087749660015106
YRFRSQP,-3.0978801250457764,0.05063191428780556,0.4285714285714285,0.2857142857142857,0.2722287774085998,0.0722287774085998
YSRKGVG,-1.2401018142700195,-0.6486856937408447,0.4285714285714285,0.4285714285714285,0.460108995437622,0.2601089954376221
MYEYGQK,0.0891701802611351,-1.9794068336486816,0.7142857142857143,0.5714285714285714,0.3228190541267395,0.2228190541267395
IYELINP,-2.237349510192871,-1.577530026435852,0.7142857142857143,0.4285714285714285,0.3642805218696594,0.2642805218696594
VHHRSAS,0.3142923414707184,0.11011763662099838,0.5714285714285714,0.1428571428571428,0.5383943319320679,0.3883943319320678
MKWIDNN,-0.7336351871490479,-1.536892056465149,0.7142857142857143,0.4285714285714285,0.3684731125831604,0.2684731125831604
YHHKNNV,0.49203455448150635,-0.09400289505720139,0.5714285714285714,0.2857142857142857,0.5173353552818298,0.3673353552818298
YHMVNHD,-0.3243758976459503,-2.9352471828460693,0.5714285714285714,0.5714285714285714,0.2242054194211959,0.0742054194211959
IYRLDEG,0.039914265275001526,-1.9701052904129028,0.5714285714285714,0.4285714285714285,0.3237786889076233,0.1737786889076233
YHCILNN,-3.9949748516082764,-1.4004310369491577,0.4285714285714285,0.1428571428571428,0.1704263240098953,0.0
KSRKNTM,-3.344749927520752,0.5014197826385498,0.5714285714285714,0.4285714285714285,0.2442139536142349,0.0942139536142349
YPWRSIC,-4.258313179016113,1.1306111812591553,0.7142857142857143,0.4285714285714285,0.1405426561832428,0.0405426561832428
SYHDWDS,-3.3457157611846924,0.6270197629928589,0.7142857142857143,0.5714285714285714,0.2441043555736541,0.1441043555736542
WYGRGTN,-1.0920978784561157,0.8194007277488708,0.5714285714285714,0.1428571428571428,0.4998452961444855,0.3498452961444854
VHHRLHE,0.5549104809761047,0.34541186690330505,0.7142857142857143,0.2857142857142857,0.562669575214386,0.462669575214386
YTRRSAN,-2.5326573848724365,0.2971365451812744,0.4285714285714285,0.2857142857142857,0.3363703489303589,0.1363703489303589
YYIWPNK,-3.0968973636627197,0.7342461347579956,0.7142857142857143,0.1428571428571428,0.2723402976989746,0.1723402976989746
IYHWMQR,-3.7825119495391846,-0.00599003816023469,0.5714285714285714,0.4285714285714285,0.1945366561412811,0.0445366561412811
MSSRSNN,2.054676055908203,-3.1214277744293213,0.5714285714285714,0.1428571428571428,0.204997256398201,0.0549972563982009
YSASILT,-0.8940029740333557,-3.6900696754455566,0.5714285714285714,0.2857142857142857,0.146330714225769,0.0
DLHISIN,-0.7004346251487732,-3.0616002082824707,0.4285714285714285,0.2857142857142857,0.2111696302890777,0.0111696302890777
YERPDNN,0.3912782371044159,-3.2390451431274414,0.4285714285714285,0.2857142857142857,0.192862719297409,0.0
YYRSNNS,0.26123905181884766,-0.18986617028713226,0.5714285714285714,0.2857142857142857,0.5074451565742493,0.3574451565742492
FYHRIWN,-3.469763994216919,0.8432510495185852,0.7142857142857143,0.2857142857142857,0.2300273478031158,0.1300273478031158
GYHGSEN,-0.29005345702171326,-2.963165044784546,0.5714285714285714,0.2857142857142857,0.2213251441717147,0.0713251441717147
PRASHSQ,0.40884095430374146,-2.5460076332092285,0.7142857142857143,0.4285714285714285,0.2643630802631378,0.1643630802631378
IHRLSIN,0.20200099050998688,2.437201738357544,0.2857142857142857,0.0,0.646699845790863,0.396699845790863
YHRWDNN,-1.2682982683181763,1.034845232963562,0.2857142857142857,0.2857142857142857,0.4798500537872314,0.2298500537872314
DVERNNQ,0.9225204586982727,-4.394432067871094,0.5714285714285714,0.4285714285714285,0.0736619606614112,0.0
TYCSSNN,-3.8071017265319824,-0.7753387093544006,0.5714285714285714,0.1428571428571428,0.1917462050914764,0.0417462050914764
YHRSRNN,-3.2832164764404297,0.6929059028625488,0.2857142857142857,0.1428571428571428,0.2511967718601227,0.0011967718601226
YVSRWAL,-4.453865051269531,0.8886510133743286,0.5714285714285714,0.2857142857142857,0.1183513924479484,0.0
YHHRRLN,-3.3018789291381836,1.6373125314712524,0.5714285714285714,0.1428571428571428,0.2490789741277694,0.0990789741277694
YVRHGLN,0.4861690104007721,0.8369529843330383,0.4285714285714285,0.2857142857142857,0.6133816838264465,0.4133816838264466
YSMPSLH,-0.1449729949235916,-2.8390369415283203,0.5714285714285714,0.4285714285714285,0.2341313958168029,0.0841313958168029
YSRSVLN,1.1015516519546509,1.954687237739563,0.4285714285714285,0.1428571428571428,0.7286977767944336,0.5286977767944336
YARVVSS,1.6929494142532349,-1.503015398979187,0.5714285714285714,0.4285714285714285,0.3719681203365326,0.2219681203365326
TFHLEQS,-1.192489504814148,-2.9674065113067627,0.7142857142857143,0.5714285714285714,0.2208875566720962,0.1208875566720962
NYRSMNN,1.0581583976745605,-1.724440336227417,0.5714285714285714,0.1428571428571428,0.3491238355636596,0.1991238355636596
YFHENNF,-1.520436406135559,-0.18371881544589996,0.5714285714285714,0.2857142857142857,0.4512373805046081,0.3012373805046081
MHVRSWT,-3.341931104660034,0.23478251695632935,0.7142857142857143,0.4285714285714285,0.2445338368415832,0.1445338368415832
YYRSLQN,-1.2434748411178589,0.2042137086391449,0.4285714285714285,0.1428571428571428,0.4826669991016388,0.2826669991016388
NYRASNN,1.5540236234664917,-2.0651895999908447,0.4285714285714285,0.1428571428571428,0.3139688670635223,0.1139688670635223
HQRNMNE,1.2669892311096191,-3.3245813846588135,0.7142857142857143,0.4285714285714285,0.184037983417511,0.084037983417511
YSRSSMN,1.876273512840271,0.8644469380378723,0.2857142857142857,0.1428571428571428,0.6162182092666626,0.3662182092666626
MHTTMCG,-3.530802011489868,-0.9302886724472046,0.7142857142857143,0.5714285714285714,0.2231007367372512,0.1231007367372512
VHHRHNN,-0.09492668509483337,0.047264669090509415,0.5714285714285714,0.2857142857142857,0.5319098234176636,0.3819098234176635
YSRRHLN,-3.0859203338623047,1.1519275903701782,0.4285714285714285,0.1428571428571428,0.2735859751701355,0.0735859751701355
YYSLNSY,-2.8627288341522217,-0.3627225458621979,0.5714285714285714,0.4285714285714285,0.2989137768745422,0.1489137768745422
YGRSNNS,1.893237829208374,-0.6088855862617493,0.5714285714285714,0.2857142857142857,0.4642150998115539,0.3142150998115539
YHRRVMV,-3.7987635135650635,0.5819679498672485,0.5714285714285714,0.2857142857142857,0.1926924288272857,0.0426924288272857
NYHGLCS,-3.844752311706543,-0.04539964348077774,0.7142857142857143,0.4285714285714285,0.1874736100435257,0.0874736100435257
VVRRVNN,-2.207447052001953,-0.8806669116020203,0.5714285714285714,0.4285714285714285,0.3732752799987793,0.2232752799987793
YSHQSNN,1.0414267778396606,-1.773806095123291,0.4285714285714285,0.1428571428571428,0.3440307974815368,0.1440307974815368
YYHRVAN,-1.2979333400726318,0.794173538684845,0.7142857142857143,0.2857142857142857,0.4764870107173919,0.376487010717392
DSRRSTD,0.05008486658334732,-2.7782647609710693,0.5714285714285714,0.4285714285714285,0.2404012233018875,0.0904012233018875
PHRVSSN,0.8816888332366943,-1.6235674619674683,0.2857142857142857,0.2857142857142857,0.3595308363437652,0.1095308363437652
YHRRGYN,-3.493293285369873,1.0066970586776733,0.4285714285714285,0.2857142857142857,0.2273572385311126,0.0273572385311126
YHRSSAN,1.3545020818710327,0.6765645146369934,0.2857142857142857,0.1428571428571428,0.5968344807624817,0.3468344807624817
IHRASNN,1.4850633144378662,-0.851595401763916,0.2857142857142857,0.2857142857142857,0.4391748607158661,0.1891748607158661
YSSDSGN,-0.1896427720785141,-3.5294997692108154,0.5714285714285714,0.2857142857142857,0.1628966480493545,0.0128966480493545
YYRRLQD,-1.7527912855148315,0.2909553349018097,0.5714285714285714,0.2857142857142857,0.4248696863651275,0.2748696863651275
HPPFVEL,-1.7154942750930786,-3.7550573348999023,0.7142857142857143,0.7142857142857143,0.1396259665489196,0.0396259665489196
QHHRSNN,0.22781850397586823,-0.05231018736958504,0.4285714285714285,0.1428571428571428,0.5216367840766907,0.3216367840766907
MHQRNGE,1.9093297719955444,-2.930833578109741,0.7142857142857143,0.5714285714285714,0.2246607691049575,0.1246607691049575
YSRWSNN,-0.8906839489936829,1.0573488473892212,0.2857142857142857,0.1428571428571428,0.5227017402648926,0.2727017402648926
YWHRGVN,-2.320599317550659,1.7600990533828735,0.4285714285714285,0.2857142857142857,0.360434740781784,0.160434740781784
LSSRDQA,1.0948827266693115,-3.3704419136047363,0.7142857142857143,0.5714285714285714,0.1793065667152404,0.0793065667152404
NHHRNEM,0.20944872498512268,-2.041677951812744,0.7142857142857143,0.4285714285714285,0.316394567489624,0.216394567489624
YQGLGNN,1.007176160812378,-1.7596046924591064,0.4285714285714285,0.2857142857142857,0.3454959392547607,0.1454959392547607
YHRRLTN,-3.275632858276367,1.7142544984817505,0.4285714285714285,0.1428571428571428,0.2520573735237121,0.0520573735237121
NYSSGNT,1.141977071762085,-3.4492814540863037,0.7142857142857143,0.4285714285714285,0.1711727380752563,0.0711727380752563
LHWRSNN,-1.6881457567214966,0.6498422622680664,0.4285714285714285,0.2857142857142857,0.4322056770324707,0.2322056770324707
PHHRNIY,-1.7366052865982056,-0.03698068857192993,0.7142857142857143,0.4285714285714285,0.4267064929008484,0.3267064929008484
YYRQHSI,-1.5290030241012573,-0.32740485668182373,0.7142857142857143,0.4285714285714285,0.4502651989459991,0.3502651989459991
QYRRSHE,-1.5327926874160767,-0.37523072957992554,0.5714285714285714,0.2857142857142857,0.4498351812362671,0.299835181236267
YYHRQNE,-0.36036401987075806,0.34629929065704346,0.7142857142857143,0.2857142857142857,0.562761127948761,0.462761127948761
YHHLGVN,-0.2145288735628128,0.069984070956707,0.4285714285714285,0.1428571428571428,0.5342537760734558,0.3342537760734558
MHRRTSN,-3.275193214416504,0.542471170425415,0.4285714285714285,0.2857142857142857,0.2521072626113891,0.0521072626113891
NSRRDNN,0.7768663167953491,-3.5614311695098877,0.5714285714285714,0.1428571428571428,0.1596022993326187,0.0096022993326187
YAYSSEN,-1.5799025297164917,-0.48452767729759216,0.2857142857142857,0.2857142857142857,0.4444891214370727,0.1944891214370727
YYRRSNN,-3.154005289077759,0.9878677725791931,0.2857142857142857,0.0,0.2658596932888031,0.0158596932888031
HQRISSN,1.4616820812225342,-1.3821310997009277,0.4285714285714285,0.2857142857142857,0.3844397366046905,0.1844397366046905
YYSISNN,-1.0388569831848145,-0.37098321318626404,0.4285714285714285,0.1428571428571428,0.4887594282627105,0.2887594282627106
VYRRILN,-4.046622276306152,0.2175208181142807,0.5714285714285714,0.2857142857142857,0.1645653694868087,0.0145653694868087
TKHKNEP,-0.10650426149368286,-2.2045271396636963,0.5714285714285714,0.5714285714285714,0.2995934784412384,0.1495934784412384
YHHTSQM,-0.24974627792835236,-1.1602932214736938,0.5714285714285714,0.2857142857142857,0.4073266386985779,0.2573266386985778
YYRSGII,-2.005350112915039,0.3032403588294983,0.4285714285714285,0.2857142857142857,0.3962092697620392,0.1962092697620392
YHARSNS,1.6050658226013184,-0.12956063449382782,0.4285714285714285,0.1428571428571428,0.5136668682098389,0.3136668682098389
WSRRSGN,-2.335041046142578,-0.33612051606178284,0.4285714285714285,0.2857142857142857,0.3587958812713623,0.1587958812713623
YYHRSNG,-0.8293530941009521,1.11887526512146,0.5714285714285714,0.0,0.5296615958213806,0.3796615958213806
YHHRSDH,-0.4626604914665222,0.6019830703735352,0.5714285714285714,0.2857142857142857,0.5712739825248718,0.4212739825248718
YHSRHEN,0.4955676198005676,-0.8478686213493347,0.5714285714285714,0.2857142857142857,0.4395593702793121,0.2895593702793121
YHHHGGN,0.3135755658149719,-0.6426705718040466,0.5714285714285714,0.1428571428571428,0.4607295393943786,0.3107295393943786
YVRDSNV,1.4214226007461548,-1.4616076946258545,0.4285714285714285,0.4285714285714285,0.3762401640415191,0.1762401640415191
THTTSNN,0.807922899723053,-4.450043678283691,0.4285714285714285,0.2857142857142857,0.0679245293140411,0.0
YSSRSVN,2.2786169052124023,-0.954156219959259,0.5714285714285714,0.1428571428571428,0.4285936951637268,0.2785936951637268
YVRRSHN,-3.1839869022369385,0.7542449235916138,0.4285714285714285,0.1428571428571428,0.2624573707580566,0.0624573707580566
IHRRSVG,-2.7110354900360107,0.637182891368866,0.5714285714285714,0.2857142857142857,0.3161279857158661,0.1661279857158661
YYTGSGW,-1.9740732908248901,-0.8470275402069092,0.5714285714285714,0.2857142857142857,0.3997585475444793,0.2497585475444793
IHHSGNL,0.45708373188972473,-3.506216526031494,0.5714285714285714,0.4285714285714285,0.1652987599372863,0.0152987599372863
YHRRSNN,-2.949784517288208,1.4256759881973267,0.1428571428571428,0.0,0.2890346944332123,0.0
YYRSGMN,-0.7343052625656128,0.03434658423066139,0.2857142857142857,0.2857142857142857,0.5305771231651306,0.2805771231651306
YYKQSHN,0.4702696204185486,-0.9293859004974365,0.4285714285714285,0.2857142857142857,0.4311492145061493,0.2311492145061493
YHHMSSN,0.5628481507301331,-0.8133646845817566,0.4285714285714285,0.1428571428571428,0.4431191086769104,0.2431191086769104
HHHRMPK,-3.1913816928863525,0.40230193734169006,0.7142857142857143,0.4285714285714285,0.2616181969642639,0.1616181969642639
YEHWTNN,-1.4674800634384155,-0.17744913697242737,0.5714285714285714,0.2857142857142857,0.4572468400001526,0.3072468400001525
QHHRNYN,-1.6371080875396729,-0.34021395444869995,0.5714285714285714,0.4285714285714285,0.437997430562973,0.287997430562973
YYHRKLN,-3.2707324028015137,0.7781985402107239,0.7142857142857143,0.1428571428571428,0.2526134848594665,0.1526134848594665
YHHLSWN,-3.0089645385742188,1.0380592346191406,0.2857142857142857,0.2857142857142857,0.2823189496994018,0.0323189496994018
YYRINNL,-2.671804428100586,-0.44255468249320984,0.5714285714285714,0.1428571428571428,0.3205799162387848,0.1705799162387848
YYHLTNY,-3.3529746532440186,-0.45788976550102234,0.5714285714285714,0.2857142857142857,0.2432806193828582,0.0932806193828582
YYHGNNG,-0.6169310212135315,-1.041455626487732,0.5714285714285714,0.2857142857142857,0.4195870459079742,0.2695870459079742
IHHRSNT,-0.07146162539720535,0.013532651588320732,0.5714285714285714,0.2857142857142857,0.5284297466278076,0.3784297466278076
YMRRQHQ,-3.84458589553833,-0.4738672375679016,0.7142857142857143,0.4285714285714285,0.1874924898147583,0.0874924898147583
YHRRVGN,-2.9138429164886475,1.249082326889038,0.4285714285714285,0.2857142857142857,0.2931133508682251,0.0931133508682251
YHHSHSH,-0.9912229180335999,0.015640558674931526,0.7142857142857143,0.2857142857142857,0.511292576789856,0.411292576789856
YHHRSNN,0.15554393827915192,1.2076259851455688,0.2857142857142857,0.0,0.6414278745651245,0.3914278745651245
YYHRSLN,-1.6936177015304565,1.3138822317123413,0.5714285714285714,0.0,0.4315846860408783,0.2815846860408783
YYHRGNN,-0.6420488953590393,1.3694806098937988,0.5714285714285714,0.0,0.5509169101715088,0.4009169101715087
IHHRNNN,-0.0299086757004261,-0.5945475101470947,0.5714285714285714,0.2857142857142857,0.465694397687912,0.3156943976879119
VYRRGNN,-2.4213435649871826,0.6404507160186768,0.5714285714285714,0.1428571428571428,0.3490022718906402,0.1990022718906402
YLRRNSN,-2.5685222148895264,0.4441133737564087,0.4285714285714285,0.2857142857142857,0.3323003947734833,0.1323003947734833
SAHSVNE,-0.566005527973175,-4.906378269195557,0.7142857142857143,0.4285714285714285,0.0208446942269802,0.0
YHGRAND,1.9058719873428345,-1.425628900527954,0.5714285714285714,0.2857142857142857,0.379952073097229,0.229952073097229
YYRRKQN,-3.3504703044891357,1.5101145505905151,0.5714285714285714,0.1428571428571428,0.2435648143291473,0.0935648143291473
QHRISNE,1.3727822303771973,-1.5933340787887573,0.4285714285714285,0.2857142857142857,0.3626500070095062,0.1626500070095062
PYSLLNN,-0.8034464716911316,-2.2359724044799805,0.5714285714285714,0.2857142857142857,0.296349287033081,0.146349287033081
YMSWQNN,-1.9340678453445435,-0.15277697145938873,0.5714285714285714,0.2857142857142857,0.4042983949184418,0.2542983949184417
MYRRNMN,-2.9415175914764404,-0.29597532749176025,0.4285714285714285,0.2857142857142857,0.2899728417396545,0.0899728417396545
QHRRSNN,-2.842632532119751,0.5514909029006958,0.2857142857142857,0.0,0.3011943101882934,0.0511943101882934
YYHLNNG,-1.4392529726028442,-0.7472750544548035,0.5714285714285714,0.2857142857142857,0.4499375522136688,0.2999375522136688
YWSSSND,-1.6559432744979858,-1.0401936769485474,0.5714285714285714,0.2857142857142857,0.4197172820568084,0.2697172820568084
YSSMGES,-0.02920623868703842,-2.220524311065674,0.5714285714285714,0.5714285714285714,0.2979430556297302,0.1479430556297302
EYRRSHN,-1.816550850868225,-0.29427358508110046,0.5714285714285714,0.2857142857142857,0.4176342487335205,0.2676342487335205
IRVRSPH,-3.1662545204162598,-0.8338938355445862,0.5714285714285714,0.4285714285714285,0.2644696533679962,0.1144696533679962
YHRSMNC,-3.718353271484375,1.3627617359161377,0.4285714285714285,0.2857142857142857,0.2018173933029174,0.0018173933029174
IYRRSSS,-2.9970474243164062,0.6186865568161011,0.5714285714285714,0.2857142857142857,0.2836712896823883,0.1336712896823883
HSRSMTI,-0.16379289329051971,-1.8097699880599976,0.5714285714285714,0.4285714285714285,0.3403204083442688,0.1903204083442688
AFRRMIW,-5.023862838745117,0.5487625598907471,0.7142857142857143,0.5714285714285714,0.053667951375246,0.0
YVRSRII,-3.2478795051574707,0.03204939514398575,0.5714285714285714,0.4285714285714285,0.255206823348999,0.105206823348999
YHHRMSN,0.006787593010812998,0.28071096539497375,0.5714285714285714,0.1428571428571428,0.55599445104599,0.4059944510459899
YSHRSSA,1.7377725839614868,0.08753209561109543,0.7142857142857143,0.2857142857142857,0.5360642075538635,0.4360642075538635
YYRRGQN,-3.251781702041626,0.7346735000610352,0.4285714285714285,0.1428571428571428,0.2547640204429626,0.0547640204429626
IVSRMNN,1.3402637243270874,-2.9256479740142822,0.7142857142857143,0.2857142857142857,0.2251957654953003,0.1251957654953003
YYSFNDN,-2.2801780700683594,-0.6019408106803894,0.5714285714285714,0.1428571428571428,0.3650217354297638,0.2150217354297638
YYRRVNN,-3.447434902191162,0.2720581293106079,0.4285714285714285,0.1428571428571428,0.232561245560646,0.032561245560646
YYRSSNN,0.26366063952445984,0.670590877532959,0.2857142857142857,0.0,0.5962181687355042,0.3462181687355041
YHSRNSN,1.1430929899215698,-0.12285182625055313,0.5714285714285714,0.1428571428571428,0.5143589973449707,0.3643589973449707
YYSYSNN,-1.485920786857605,0.607085108757019,0.4285714285714285,0.1428571428571428,0.4551541805267334,0.2551541805267334
YVRRYTS,-3.6547558307647705,0.5215765833854675,0.5714285714285714,0.4285714285714285,0.2090344429016113,0.0590344429016113
YHRRNNN,-2.851050615310669,0.3963172435760498,0.2857142857142857,0.1428571428571428,0.3002390265464782,0.0502390265464782
YHHRSVN,0.14893944561481476,0.8620687127113342,0.4285714285714285,0.1428571428571428,0.6159728169441223,0.4159728169441223
YSRSLVN,1.1651840209960938,2.2716965675354004,0.4285714285714285,0.1428571428571428,0.7560020089149475,0.5560020089149476
DYSISNN,-0.06730467826128006,-2.564971446990967,0.5714285714285714,0.0,0.2624066174030304,0.1124066174030304
AYKISNQ,1.0270074605941772,-2.4318301677703857,0.7142857142857143,0.4285714285714285,0.2761427462100982,0.1761427462100983
YSRMMDN,1.1295616626739502,0.5738547444343567,0.4285714285714285,0.2857142857142857,0.5862379670143127,0.3862379670143128
YSRRYTN,-2.833982467651367,1.0326786041259766,0.4285714285714285,0.2857142857142857,0.3021759390830993,0.1021759390830993
YESSTAA,-0.20514512062072754,-4.52731466293335,0.7142857142857143,0.4285714285714285,0.0599525198340415,0.0
YSRMSGH,0.9698600172996521,1.241344928741455,0.5714285714285714,0.2857142857142857,0.6551026105880737,0.5051026105880737
MYASLND,-1.0738215446472168,-1.9857820272445679,0.5714285714285714,0.2857142857142857,0.322161316871643,0.172161316871643
RSHRHAQ,-4.108654975891113,0.46353068947792053,0.5714285714285714,0.4285714285714285,0.157525897026062,0.007525897026062
YYHASPN,-1.2409682273864746,-0.7710294127464294,0.4285714285714285,0.1428571428571428,0.4474868178367615,0.2474868178367615
YHRSSSP,1.2347484827041626,0.6377143859863281,0.4285714285714285,0.1428571428571428,0.5928263068199158,0.3928263068199158
YFPRSNN,-0.22893020510673523,-0.712594211101532,0.4285714285714285,0.1428571428571428,0.4535155594348907,0.2535155594348908
YHHRANA,0.7769553661346436,0.7916766405105591,0.5714285714285714,0.1428571428571428,0.608710527420044,0.4587105274200439
YHHRSNT,-0.07876000553369522,1.2416898012161255,0.4285714285714285,0.1428571428571428,0.6148390173912048,0.4148390173912049
YYHRAGN,-0.957313060760498,0.6604609489440918,0.5714285714285714,0.1428571428571428,0.5151407122612,0.3651407122611999
YHHKSNN,0.6080607175827026,1.0224573612213135,0.2857142857142857,0.1428571428571428,0.6325200200080872,0.3825200200080871
MYYRAFS,-3.7098653316497803,1.0457375049591064,0.5714285714285714,0.4285714285714285,0.2027806043624878,0.0527806043624878
YEHRSNN,0.6641687154769897,-0.7743520736694336,0.4285714285714285,0.1428571428571428,0.4471440315246582,0.2471440315246582
YYHSYEN,-2.003800630569458,-0.15836051106452942,0.5714285714285714,0.2857142857142857,0.3963851034641266,0.2463851034641266
YYRRANG,-2.752979278564453,0.4617229998111725,0.5714285714285714,0.2857142857142857,0.3113681972026825,0.1613681972026825
YPHFSAN,-0.3455166220664978,-2.243110179901123,0.5714285714285714,0.2857142857142857,0.2956129014492035,0.1456129014492035
TSQDSSN,-0.8278129696846008,-4.567019462585449,0.5714285714285714,0.4285714285714285,0.0558561906218528,0.0
NHHRNAN,0.7912011742591858,-0.27192938327789307,0.5714285714285714,0.2857142857142857,0.4989787638187408,0.3489787638187408
LYHSSSN,-0.018322279676795006,-2.4297070503234863,0.4285714285714285,0.2857142857142857,0.2763617634773254,0.0763617634773254
YHSRNNN,1.1820290088653564,-1.0724447965621948,0.4285714285714285,0.1428571428571428,0.416389912366867,0.216389912366867
HYRRSAN,-4.057260990142822,0.35889989137649536,0.5714285714285714,0.1428571428571428,0.1633580923080444,0.0133580923080444
YYRRPSN,-3.377474069595337,0.4660915434360504,0.5714285714285714,0.1428571428571428,0.2405004203319549,0.0905004203319549
KYRRLNI,-3.9502854347229004,0.45817580819129944,0.7142857142857143,0.2857142857142857,0.1754976958036422,0.0754976958036422
YHHRLDN,0.0339030921459198,-0.11854447424411774,0.5714285714285714,0.2857142857142857,0.514803409576416,0.364803409576416
YYRRSGN,-3.256108045578003,0.8296090960502625,0.4285714285714285,0.1428571428571428,0.2542730569839477,0.0542730569839477
YYHDQST,-1.556490182876587,-0.2639176845550537,0.5714285714285714,0.4285714285714285,0.4471459686756134,0.2971459686756134
HYSRQEN,-0.13805940747261047,-0.6980271935462952,0.7142857142857143,0.2857142857142857,0.4550184309482574,0.3550184309482574
YSRHSGN,1.8246924877166748,1.3872286081314087,0.4285714285714285,0.2857142857142857,0.6701533198356628,0.4701533198356629
YRHSSHN,0.13468210399150848,-0.6063500046730042,0.4285714285714285,0.2857142857142857,0.4644767343997955,0.2644767343997956
VYHYNTP,-1.795668125152588,-0.5049367547035217,0.5714285714285714,0.4285714285714285,0.4200040102005005,0.2700040102005004
YSVRQRT,-3.4462478160858154,-0.8510665893554688,0.5714285714285714,0.4285714285714285,0.2326959669589996,0.0826959669589996
YHHRGNN,0.3475673794746399,1.4248273372650146,0.4285714285714285,0.1428571428571428,0.6632187366485596,0.4632187366485596
YYASHRK,-4.548494815826416,0.5674923658370972,0.7142857142857143,0.4285714285714285,0.1076127961277961,0.0076127961277961
YHHKSVL,0.6535332202911377,0.7182722687721252,0.5714285714285714,0.2857142857142857,0.6011373996734619,0.4511373996734619
IHRDLNN,1.2332981824874878,-1.5261095762252808,0.4285714285714285,0.2857142857142857,0.3695855140686035,0.1695855140686035
YYPTSHN,-0.7253409028053284,-2.374873638153076,0.5714285714285714,0.2857142857142857,0.2820188999176025,0.1320188999176025
YSYRNNN,0.24874931573867798,-0.47187530994415283,0.4285714285714285,0.2857142857142857,0.478350430727005,0.278350430727005
YHHRSVN,0.14893944561481476,0.8620687127113342,0.4285714285714285,0.1428571428571428,0.6159728169441223,0.4159728169441223
YHHLSDN,-0.11307127773761749,-0.6369114518165588,0.2857142857142857,0.2857142857142857,0.4613237082958221,0.2113237082958221
YYRSDNP,-0.4177727997303009,0.6068723797798157,0.5714285714285714,0.2857142857142857,0.5763677954673767,0.4263677954673767
YYRRGSR,-4.25592565536499,0.9090755581855774,0.5714285714285714,0.2857142857142857,0.1408135890960693,0.0
IHRIAEN,1.2781341075897217,-0.7843540906906128,0.5714285714285714,0.2857142857142857,0.4461120963096618,0.2961120963096618
IYHRSQN,0.17373834550380707,2.1797127723693848,0.4285714285714285,0.1428571428571428,0.643492579460144,0.4434925794601441
YYHAEND,-2.3118464946746826,-0.3336425721645355,0.5714285714285714,0.2857142857142857,0.3614280223846435,0.2114280223846435
PYRRMHN,-4.750377178192139,-0.3645268678665161,0.7142857142857143,0.2857142857142857,0.0847031474113464,0.0
YYHISNN,-1.9479506015777588,-0.510354220867157,0.4285714285714285,0.1428571428571428,0.4027229845523834,0.2027229845523834
RSHRGTN,-3.491013526916504,0.21498100459575653,0.5714285714285714,0.2857142857142857,0.227615937590599,0.077615937590599
YAGNSSN,0.9386844635009766,-3.0501153469085693,0.4285714285714285,0.4285714285714285,0.2123545259237289,0.0123545259237289
YYSSSLN,-1.6879215240478516,-1.4626743793487549,0.4285714285714285,0.1428571428571428,0.3761301040649414,0.1761301040649414
YYRLMVN,-2.960252046585083,0.1083911657333374,0.4285714285714285,0.1428571428571428,0.2878468334674835,0.0878468334674835
YYHISDN,-2.333122968673706,0.1559986174106598,0.5714285714285714,0.2857142857142857,0.359013557434082,0.209013557434082
FYRRYNS,-3.945685625076294,-0.21302179992198944,0.5714285714285714,0.4285714285714285,0.1760196834802627,0.0260196834802627
YYHRHNP,-1.6916884183883667,0.33493009209632874,0.5714285714285714,0.1428571428571428,0.4318036437034607,0.2818036437034606
YYKSSQN,0.8332642316818237,0.22242414951324463,0.2857142857142857,0.1428571428571428,0.5499809980392456,0.2999809980392456
YLHLNTQ,-0.9337608814239502,-2.408571243286133,0.4285714285714285,0.4285714285714285,0.2785423398017883,0.0785423398017883
YYSRVNN,-0.3433108627796173,0.07294880598783493,0.5714285714285714,0.1428571428571428,0.5345596671104431,0.3845596671104431
YYHRSTA,-1.022648572921753,0.6690318584442139,0.4285714285714285,0.1428571428571428,0.5077263712882996,0.3077263712882996
YYSRMIN,-2.2736191749572754,-0.16989439725875854,0.7142857142857143,0.2857142857142857,0.3657660484313965,0.2657660484313965
YSRRSFW,-3.4106028079986572,0.328634113073349,0.5714285714285714,0.2857142857142857,0.2367409616708755,0.0867409616708755
YYRRSSN,-3.655653238296509,0.9977755546569824,0.4285714285714285,0.1428571428571428,0.2089325934648513,0.0089325934648513
IYRRSVN,-3.030709981918335,0.7044165134429932,0.4285714285714285,0.1428571428571428,0.2798512578010559,0.0798512578010559
EYSLSNN,-0.23522455990314484,-2.0223228931427,0.4285714285714285,0.2857142857142857,0.3183914124965668,0.1183914124965667
YKRLMVN,-2.7674496173858643,-0.4194183051586151,0.4285714285714285,0.2857142857142857,0.3097260892391205,0.1097260892391205
YHHRSAN,0.43314868211746216,0.8247827291488647,0.4285714285714285,0.1428571428571428,0.6121260523796082,0.4121260523796082
TSRRSSD,0.46011942625045776,-2.5869932174682617,0.5714285714285714,0.4285714285714285,0.2601346373558044,0.1101346373558044
YYHRGQN,-1.2525088787078857,1.4141311645507812,0.5714285714285714,0.1428571428571428,0.4816417992115021,0.331641799211502
YYSRSNE,0.6123443245887756,-0.02924402244389057,0.5714285714285714,0.1428571428571428,0.5240164995193481,0.3740164995193481
YHHRMNN,-0.13355757296085358,0.40781369805336,0.4285714285714285,0.1428571428571428,0.5691075325012207,0.3691075325012207
ASSRAST,1.4210807085037231,-3.7872772216796875,0.7142857142857143,0.4285714285714285,0.1363018602132797,0.0363018602132797
YYRRSMN,-3.651573657989502,0.44901829957962036,0.4285714285714285,0.1428571428571428,0.209395557641983,0.009395557641983
QQKSMNG,1.39400315284729,-3.624403715133667,0.7142857142857143,0.5714285714285714,0.1531054377555847,0.0531054377555847
YYVSANN,-1.409102439880371,-1.3023176193237305,0.5714285714285714,0.2857142857142857,0.392674058675766,0.242674058675766
YYRRMNW,-3.2273097038269043,0.9756932854652405,0.5714285714285714,0.2857142857142857,0.2575410902500152,0.1075410902500152
YYSFSFM,-3.6590449810028076,0.21269501745700836,0.4285714285714285,0.2857142857142857,0.2085477113723755,0.0085477113723755
YKRLYVN,-3.354214668273926,0.7984246015548706,0.4285714285714285,0.2857142857142857,0.2431398928165435,0.0431398928165435
YYHLMNN,-3.1773624420166016,-0.7024780511856079,0.4285714285714285,0.1428571428571428,0.2632091045379638,0.0632091045379638
YHRRYNH,-2.775191068649292,0.3334992527961731,0.4285714285714285,0.2857142857142857,0.3088476061820984,0.1088476061820984
YSSRANE,1.9774549007415771,-1.7281087636947632,0.5714285714285714,0.2857142857142857,0.3487453460693359,0.1987453460693359
YSHRGVN,1.1074013710021973,0.29296669363975525,0.4285714285714285,0.1428571428571428,0.5572588443756104,0.3572588443756104
YSRRMNN,-1.9696333408355713,0.7660666108131409,0.4285714285714285,0.2857142857142857,0.4002624154090881,0.2002624154090881
YHHSGNN,0.7497817873954773,-1.2651257514953613,0.4285714285714285,0.1428571428571428,0.3965111076831817,0.1965111076831817
YGHMHTN,0.7969765663146973,-1.9580981731414795,0.5714285714285714,0.4285714285714285,0.3250174522399902,0.1750174522399902
MYHSMTN,-0.6392514109611511,-2.10671329498291,0.5714285714285714,0.2857142857142857,0.3096849024295807,0.1596849024295807
YYRPGSY,-1.9162242412567139,-0.44787558913230896,0.5714285714285714,0.4285714285714285,0.4063232839107513,0.2563232839107513
YHHSMVN,-0.6859448552131653,-1.3598257303237915,0.5714285714285714,0.2857142857142857,0.3867409825325012,0.2367409825325012
NYHSSNS,1.1630361080169678,-3.0583701133728027,0.5714285714285714,0.2857142857142857,0.2115028798580169,0.0615028798580169
YYHSSNN,-0.6778563261032104,-0.41938555240631104,0.4285714285714285,0.0,0.4837657809257507,0.2837657809257508
YYSRTGK,-3.8293986320495605,-0.28708091378211975,0.5714285714285714,0.4285714285714285,0.1892159432172775,0.0392159432172775
NHQFGNI,0.06608504801988602,-4.157589912414551,0.7142857142857143,0.5714285714285714,0.0980968624353408,0.0
YYRRANN,-3.307755708694458,0.20897573232650757,0.4285714285714285,0.1428571428571428,0.2484120726585388,0.0484120726585388
YIHRSMN,-0.483152836561203,-0.04021913930773735,0.5714285714285714,0.2857142857142857,0.52288419008255,0.37288419008255
VYRRRNN,-3.5289971828460693,1.2586368322372437,0.5714285714285714,0.2857142857142857,0.2233055531978607,0.0733055531978607
YFHSMII,-3.640355110168457,-0.16418246924877167,0.7142857142857143,0.4285714285714285,0.2106686383485794,0.1106686383485794
QYHVSNP,0.6785470843315125,-1.943938136100769,0.5714285714285714,0.2857142857142857,0.3264783322811126,0.1764783322811126
VHHFNNG,0.5889869332313538,-2.3927760124206543,0.7142857142857143,0.4285714285714285,0.2801719307899475,0.1801719307899475
YHHSGNN,0.7497817873954773,-1.2651257514953613,0.4285714285714285,0.1428571428571428,0.3965111076831817,0.1965111076831817
YSRRSNN,-1.634276270866394,1.1742011308670044,0.2857142857142857,0.1428571428571428,0.4383187890052795,0.1883187890052795
QHRILNN,-0.07210630178451538,-0.7029857635498047,0.4285714285714285,0.2857142857142857,0.4545068442821502,0.2545068442821503
WYSRENN,-0.7541923522949219,-0.36912113428115845,0.7142857142857143,0.2857142857142857,0.4889515340328216,0.3889515340328217
MHSIKNG,1.8270853757858276,-2.9182639122009277,0.7142857142857143,0.4285714285714285,0.2259575724601745,0.1259575724601745
IYASGHN,0.41148489713668823,-3.1315877437591553,0.5714285714285714,0.2857142857142857,0.2039490491151809,0.0539490491151809
HYHREDN,0.5430634617805481,-1.4519150257110596,0.7142857142857143,0.2857142857142857,0.3772401511669159,0.2772401511669159
YKSLNNN,2.482715368270874,-1.9976732730865479,0.4285714285714285,0.2857142857142857,0.3209345042705536,0.1209345042705536
YHHRMNN,-0.13355757296085358,0.40781369805336,0.4285714285714285,0.1428571428571428,0.5691075325012207,0.3691075325012207
YHRSYNN,-0.5364986062049866,0.8895691633224487,0.2857142857142857,0.1428571428571428,0.5628947615623474,0.3128947615623474
PHHSGNN,0.3422161638736725,-2.848184108734131,0.5714285714285714,0.2857142857142857,0.2331876754760742,0.0831876754760742
THHRSMN,0.3117559552192688,0.2848489582538605,0.5714285714285714,0.2857142857142857,0.5564213395118713,0.4064213395118713
YYRSGDN,-0.32151538133621216,0.23435364663600922,0.2857142857142857,0.1428571428571428,0.5512117147445679,0.3012117147445678
YHNKAEN,1.2226206064224243,-2.46100115776062,0.5714285714285714,0.4285714285714285,0.2731331884860992,0.1231331884860992
NQRRLNN,-2.603895425796509,-0.934135913848877,0.5714285714285714,0.2857142857142857,0.3282862603664398,0.1782862603664398
YYVRSMN,-2.2845473289489746,1.2592555284500122,0.5714285714285714,0.1428571428571428,0.3645259141921997,0.2145259141921997
YYRHSSN,-1.159543752670288,0.3324124217033386,0.4285714285714285,0.1428571428571428,0.4921914935111999,0.2921914935112
FYRSSHN,-0.731590211391449,-0.7948780655860901,0.5714285714285714,0.1428571428571428,0.4450263679027557,0.2950263679027557
YHHRNSN,-0.11133608222007751,0.6139152646064758,0.5714285714285714,0.1428571428571428,0.5903709530830383,0.4403709530830383
YHPRSMN,0.9312752485275269,-1.1043782234191895,0.4285714285714285,0.2857142857142857,0.4130953550338745,0.2130953550338745
AVGIEHN,-0.027825254946947098,-4.710496425628662,0.7142857142857143,0.5714285714285714,0.0410537384450435,0.0
VSHSGHN,0.15894398093223572,-3.273416519165039,0.5714285714285714,0.2857142857142857,0.1893166452646255,0.0393166452646255
YHKKGNN,-1.9709649085998535,0.7281240820884705,0.4285714285714285,0.1428571428571428,0.4001113176345825,0.2001113176345825
VYHLHNV,-1.8981356620788574,-0.9567241668701172,0.5714285714285714,0.4285714285714285,0.4083759784698486,0.2583759784698486
YYHRSVN,-1.418824553489685,1.1483708620071411,0.5714285714285714,0.0,0.4627682864665985,0.3127682864665985
MHRRRNN,-3.5170445442199707,0.7864497303962708,0.4285714285714285,0.1428571428571428,0.2246619313955307,0.0246619313955307
YYARSIN,-1.0767062902450562,0.05556176230311394,0.5714285714285714,0.2857142857142857,0.5015919208526611,0.3515919208526611
VYRRSIE,0.5619229078292847,0.28606081008911133,0.4285714285714285,0.4285714285714285,0.5565463304519653,0.3565463304519654
YYSMGNN,-0.9183820486068726,-0.9903960227966309,0.5714285714285714,0.2857142857142857,0.4248548746109009,0.2748548746109008
YYRRSNN,-3.154005289077759,0.9878677725791931,0.2857142857142857,0.0,0.2658596932888031,0.0158596932888031
YHSRNNN,1.1820290088653564,-1.0724447965621948,0.4285714285714285,0.1428571428571428,0.416389912366867,0.216389912366867
NHVLNNA,0.06347241997718811,-4.894261360168457,0.5714285714285714,0.4285714285714285,0.022094789892435,0.0
YSYTSNN,-0.2856937050819397,0.06641510128974915,0.4285714285714285,0.2857142857142857,0.5338855981826782,0.3338855981826782
YYSSLNN,-1.6691598892211914,-1.2372921705245972,0.5714285714285714,0.2857142857142857,0.3993826806545257,0.2493826806545257
YYHRKNN,-2.809889316558838,1.0178232192993164,0.5714285714285714,0.1428571428571428,0.3049100339412689,0.1549100339412689
YHRPAGN,0.841557502746582,-0.4822218418121338,0.4285714285714285,0.2857142857142857,0.4772830009460449,0.2772830009460449
YHHKYDN,0.5102719068527222,-0.9424977898597717,0.5714285714285714,0.4285714285714285,0.4297965168952942,0.2797965168952941
YYHNSNE,-0.7416545748710632,-0.8762791752815247,0.5714285714285714,0.2857142857142857,0.4366282224655151,0.2866282224655151
AYHRMLN,-1.9310637712478638,1.3210407495498657,0.5714285714285714,0.2857142857142857,0.4046393036842346,0.2546393036842346
QHRNQGN,1.2237635850906372,-2.21838641166687,0.5714285714285714,0.4285714285714285,0.2981636226177215,0.1481636226177215
YSSRGNG,3.046740770339966,-1.8921006917953491,0.5714285714285714,0.2857142857142857,0.3318263590335846,0.1818263590335846
YHRRSGI,-3.110172986984253,0.9819520115852356,0.4285714285714285,0.2857142857142857,0.2708337903022766,0.0708337903022766
YYHRSFN,-1.9088834524154663,1.1749533414840698,0.5714285714285714,0.1428571428571428,0.4071563184261322,0.2571563184261322
YSSRSES,1.2461620569229126,-1.0962913036346436,0.7142857142857143,0.2857142857142857,0.413929671049118,0.313929671049118
YYIWEGW,-4.52278470993042,2.249730110168457,0.7142857142857143,0.5714285714285714,0.1105303764343261,0.0105303764343261
YHSISNQ,1.0278478860855103,-2.325270175933838,0.4285714285714285,0.2857142857142857,0.2871364951133728,0.0871364951133728
YYHRNSN,-1.1497745513916016,0.3425467908382416,0.5714285714285714,0.1428571428571428,0.4933001101016998,0.3433001101016998
LYSNQNN,0.276398628950119,-3.199568748474121,0.7142857142857143,0.2857142857142857,0.1969354748725891,0.0969354748725891
YWRSALN,-2.4736154079437256,1.6338797807693481,0.4285714285714285,0.1428571428571428,0.3430704474449157,0.1430704474449158
WYRSSLN,-2.4080865383148193,0.16670098900794983,0.5714285714285714,0.2857142857142857,0.3505066633224487,0.2005066633224487
YHHRSMN,-0.11197970807552338,0.38193464279174805,0.4285714285714285,0.1428571428571428,0.5664376020431519,0.3664376020431519
YHKRDNN,0.939078152179718,-0.5047160387039185,0.4285714285714285,0.2857142857142857,0.4749622642993927,0.2749622642993927
IFRSSNN,1.9536470174789429,-1.9473216533660889,0.4285714285714285,0.2857142857142857,0.3261292576789856,0.1261292576789856
YYHRSNA,-0.7873313426971436,1.2618556022644043,0.5714285714285714,0.1428571428571428,0.534430205821991,0.3844302058219909
YYTRMNN,-1.314674973487854,-0.2962842583656311,0.5714285714285714,0.1428571428571428,0.4745872020721435,0.3245872020721435
YYSRDDN,-0.2306044101715088,-1.4583618640899658,0.7142857142857143,0.1428571428571428,0.3765750229358673,0.2765750229358673
MYSISTY,-2.3980722427368164,-0.4717578887939453,0.5714285714285714,0.4285714285714285,0.3516430854797363,0.2016430854797363
IFRRSKN,-3.428694725036621,1.5605031251907349,0.5714285714285714,0.2857142857142857,0.2346878945827484,0.0846878945827484
VWHSQAN,-1.059844970703125,-1.7804138660430908,0.7142857142857143,0.4285714285714285,0.3433490693569183,0.2433490693569183
YYHSGNN,-0.8664641380310059,-0.040136244148015976,0.4285714285714285,0.1428571428571428,0.5228927135467529,0.322892713546753
YYRRSSN,-3.655653238296509,0.9977755546569824,0.4285714285714285,0.1428571428571428,0.2089325934648513,0.0089325934648513
VVHSSNN,0.8292040228843689,-3.993501901626587,0.5714285714285714,0.1428571428571428,0.1150257438421249,0.0
IASREIS,1.0250213146209717,-3.452524185180664,0.7142857142857143,0.5714285714285714,0.170838177204132,0.070838177204132
PHRMKNN,-1.7759466171264648,-0.09737227112054825,0.4285714285714285,0.2857142857142857,0.4222420156002044,0.2222420156002044
YAISLNN,-0.3467884659767151,-2.242959976196289,0.4285714285714285,0.2857142857142857,0.2956283986568451,0.0956283986568451
VYRRWNN,-3.6592915058135986,0.10016999393701553,0.5714285714285714,0.2857142857142857,0.2085197269916534,0.0585197269916534
YYHRSNN,-0.9529139399528503,1.031571388244629,0.4285714285714285,0.1428571428571428,0.5156399011611938,0.3156399011611939
YKHGSTN,1.963392972946167,-1.6227482557296753,0.5714285714285714,0.2857142857142857,0.3596153557300567,0.2096153557300567
YYRRNNN,-3.44283127784729,0.7402983903884888,0.4285714285714285,0.1428571428571428,0.2330836653709411,0.0330836653709411
IYRGMCK,-4.413634300231934,0.7763121724128723,0.7142857142857143,0.4285714285714285,0.1229167878627777,0.0229167878627777
YHHNGNN,0.907458484172821,-0.7330379486083984,0.4285714285714285,0.2857142857142857,0.4514063894748688,0.2514063894748688
YHNRQRN,-3.1404619216918945,-0.5519664883613586,0.5714285714285714,0.2857142857142857,0.2673965990543365,0.1173965990543365
YYRIWNS,-3.5362026691436768,0.9715224504470825,0.5714285714285714,0.2857142857142857,0.2224878668785095,0.0724878668785095
YYHRNMN,-0.8744261860847473,0.06604123115539551,0.4285714285714285,0.1428571428571428,0.5245466828346252,0.3245466828346253
YYRLGRN,-3.4226491451263428,0.9270812273025513,0.4285714285714285,0.2857142857142857,0.2353739440441131,0.0353739440441131
YVRLAGN,0.8277944922447205,-0.9356240034103394,0.4285714285714285,0.2857142857142857,0.4305056631565094,0.2305056631565094
YYHRSDN,-1.1925513744354248,1.0811140537261963,0.5714285714285714,0.1428571428571428,0.4884457886219024,0.3384457886219024
YNRRSHN,-3.386812925338745,-0.0162858534604311,0.4285714285714285,0.1428571428571428,0.2394406497478485,0.0394406497478485
VYHSMNN,-0.3923380970954895,-1.7397466897964478,0.5714285714285714,0.1428571428571428,0.3475446999073028,0.1975446999073028
VFHRSLN,-0.8908188343048096,0.9469866156578064,0.5714285714285714,0.2857142857142857,0.5226864814758301,0.37268648147583
YYRMAVV,-2.9795353412628174,-0.4830387830734253,0.5714285714285714,0.4285714285714285,0.2856585681438446,0.1356585681438446
VAHSAEN,-0.3998810052871704,-4.374902725219727,0.5714285714285714,0.2857142857142857,0.075676791369915,0.0
YSSSDSN,-0.32788175344467163,-3.594561815261841,0.5714285714285714,0.2857142857142857,0.1561842262744903,0.0061842262744903
YHRRSNN,-2.949784517288208,1.4256759881973267,0.1428571428571428,0.0,0.2890346944332123,0.0
YSRRSMN,-2.4372215270996094,0.9222391843795776,0.2857142857142857,0.1428571428571428,0.3472004234790802,0.0972004234790802
YYHRSNM,-1.841903805732727,0.5275712013244629,0.5714285714285714,0.1428571428571428,0.4147571921348572,0.2647571921348571
PYHRSIN,-0.8202364444732666,1.5092908143997192,0.5714285714285714,0.1428571428571428,0.5306962132453918,0.3806962132453918
YNRSFNP,0.8298462629318237,-1.3239456415176392,0.5714285714285714,0.2857142857142857,0.3904426991939544,0.2404426991939544
YSRMINN,1.6125078201293945,1.01125967502594,0.4285714285714285,0.0,0.6313647627830505,0.4313647627830506
YHRSSQN,1.5905075073242188,1.4891531467437744,0.2857142857142857,0.0,0.680668830871582,0.430668830871582
YHRSSQN,1.5905075073242188,1.4891531467437744,0.2857142857142857,0.0,0.680668830871582,0.430668830871582
YSRSNNN,2.000994920730591,1.495837688446045,0.2857142857142857,0.0,0.6813585162162781,0.4313585162162781
YSRSNNN,2.000994920730591,1.495837688446045,0.2857142857142857,0.0,0.6813585162162781,0.4313585162162781
YLHRLEN,-0.27499184012413025,0.09265440702438354,0.7142857142857143,0.0,0.5365926623344421,0.4365926623344421
YYSRSEN,-0.24387367069721222,0.5828149914741516,0.5714285714285714,0.0,0.5871623754501343,0.4371623754501342
YYHRSND,-0.3733210861682892,0.587036669254303,0.5714285714285714,0.0,0.5814121961593628,0.4314121961593627
YSRSSNN,2.7260994911193848,1.5295071601867676,0.2857142857142857,0.0,0.6848321557044983,0.4348321557044983
YSRSSNN,2.7260994911193848,1.5295071601867676,0.2857142857142857,0.0,0.6848321557044983,0.4348321557044983
YMHRSSN,0.12977802753448486,0.6042665243148804,0.5714285714285714,0.0,0.5893754959106445,0.4393754959106445
GQHHYRN,-1.284963607788086,-0.2724716067314148,0.8571428571428571,0.0,0.4779588580131531,0.427958858013153
YHHRSGN,0.40074631571769714,1.0796763896942139,0.4285714285714285,0.0,0.6384233236312866,0.4384233236312866
YHYRSTA,-0.39827829599380493,1.0081708431243896,0.5714285714285714,0.0,0.5785800218582153,0.4285800218582153
IYGRQHN,-0.3470844626426697,0.14242833852767944,0.7142857142857143,0.0,0.5417278409004211,0.4417278409004211
VHSRMHN,0.4183729290962219,0.6133720874786377,0.5714285714285714,0.0,0.5903148651123047,0.4403148651123046
QWTRSNN,-0.3919020891189575,0.8905234932899475,0.5714285714285714,0.0,0.5793036222457886,0.4293036222457885
YSRIDPN,0.9295765161514282,2.283599376678467,0.1428571428571428,0.0,0.7292652130126953,0.4292652130126953
YSRIDPN,0.9295765161514282,2.283599376678467,0.1428571428571428,0.0,0.7292652130126953,0.4292652130126953
YHRISVN,0.49588850140571594,2.2185747623443604,0.2857142857142857,0.0,0.680050253868103,0.430050253868103
HYHRSNN,-0.37947115302085876,0.9602186679840088,0.5714285714285714,0.0,0.5807142853736877,0.4307142853736877
HYHRSNN,-0.37947115302085876,0.9602186679840088,0.5714285714285714,0.0,0.5807142853736877,0.4307142853736877
YSRMSPN,3.1407344341278076,1.583748459815979,0.2857142857142857,0.0,0.6904281973838806,0.4404281973838806
YHHRSSN,0.06909715384244919,1.469557523727417,0.4285714285714285,0.0,0.6316178441047668,0.4316178441047669
YHHRSSN,0.06909715384244919,1.469557523727417,0.4285714285714285,0.0,0.6316178441047668,0.4316178441047669
YHRLGMN,0.5117295980453491,3.018995523452759,0.2857142857142857,0.0,0.681847870349884,0.431847870349884
HYHRHAN,-0.8078501224517822,1.0991275310516357,0.7142857142857143,0.0,0.5321018099784851,0.4321018099784851
YHRSNSN,1.4211918115615845,1.144324779510498,0.4285714285714285,0.0,0.6450930833816528,0.4450930833816529
TYSREVN,0.4889792799949646,0.6774715185165405,0.5714285714285714,0.0,0.596928060054779,0.446928060054779
YSRSFNN,0.29704681038856506,1.1505742073059082,0.4285714285714285,0.0,0.6457378268241882,0.4457378268241883
HYHRSAN,-0.3234393894672394,0.9606885313987732,0.5714285714285714,0.0,0.5870727300643921,0.437072730064392
IYHRSVN,0.12485437840223312,2.0315165519714355,0.4285714285714285,0.0,0.6379452347755432,0.4379452347755432
YSRPSTN,2.496361017227173,1.183169960975647,0.4285714285714285,0.0,0.6491007208824158,0.4491007208824158
PYSRVDD,0.5983598828315735,0.255897581577301,0.7142857142857143,0.0,0.553434431552887,0.453434431552887
PYSRVLN,-0.7315966486930847,1.9660320281982422,0.7142857142857143,0.0,0.540755033493042,0.440755033493042
HYHRSGN,-0.28697288036346436,1.0885565280914307,0.5714285714285714,0.0,0.5912109613418579,0.4412109613418579
YHRSNVS,1.2321016788482666,0.7363118529319763,0.5714285714285714,0.0,0.6029985547065735,0.4529985547065734
YHRIAGS,0.9781895875930786,0.7463974952697754,0.5714285714285714,0.0,0.6040390729904175,0.4540390729904174
YSRSALN,2.4259121417999268,1.698262095451355,0.2857142857142857,0.0,0.7022425532341003,0.4522425532341003
YHHRANS,0.5382179021835327,0.7568179368972778,0.5714285714285714,0.0,0.6051141619682312,0.4551141619682312
HHHRNNQ,-0.6919959783554077,0.4144469201564789,0.7142857142857143,0.0,0.5452489256858826,0.4452489256858826
YHHRGSN,0.20843294262886047,1.2691571712493896,0.4285714285714285,0.0,0.6474297642707825,0.4474297642707825
IYHRMNN,0.24358779191970825,0.7935526967048645,0.5714285714285714,0.0,0.6089040637016296,0.4589040637016296
DYSRSEN,-0.22230325639247894,1.0426416397094727,0.5714285714285714,0.0,0.5985497236251831,0.4485497236251831
YHRLAPD,1.8962434530258179,1.7493984699249268,0.2857142857142857,0.0,0.7075182199478149,0.4575182199478149
NYSRSGN,1.6737170219421387,0.8175005912780762,0.5714285714285714,0.0,0.6113747358322144,0.4613747358322143
YSRINNN,2.7256219387054443,1.7702428102493286,0.2857142857142857,0.0,0.709668755531311,0.459668755531311
QYSRNHN,0.5490061640739441,0.3697149157524109,0.7142857142857143,0.0,0.5651769042015076,0.4651769042015076
YHRSAIN,0.9997660517692566,1.314184308052063,0.4285714285714285,0.0,0.6626173853874207,0.4626173853874207
AYHRSVN,-0.17527030408382416,2.1806581020355225,0.5714285714285714,0.0,0.6038870215415955,0.4538870215415954
YSRSNTN,2.0066864490509033,1.802854061126709,0.2857142857142857,0.0,0.7130332589149475,0.4630332589149475
YSRSNTN,2.0066864490509033,1.802854061126709,0.2857142857142857,0.0,0.7130332589149475,0.4630332589149475
YHRISNN,1.5243713855743408,2.274240732192993,0.1428571428571428,0.0,0.7616659998893738,0.4616659998893738
YHRLGGN,1.0811238288879395,1.8062593936920166,0.2857142857142857,0.0,0.7133845686912537,0.4633845686912536
IHHRSLN,-0.0051748319528996944,0.865813672542572,0.5714285714285714,0.0,0.6163591742515564,0.4663591742515564
QYHRSGN,0.5499095916748047,0.8735430836677551,0.5714285714285714,0.0,0.6171566843986511,0.4671566843986511
VYHRLAN,-0.13110604882240295,2.001753091812134,0.5714285714285714,0.0,0.6088988184928894,0.4588988184928894
RYHVTNN,-0.5476580262184143,0.4326724410057068,0.7142857142857143,0.0,0.5616284012794495,0.4616284012794495
QYHRSNA,1.4016252756118774,0.9112050533294678,0.5714285714285714,0.0,0.6210422515869141,0.471042251586914
YHRISPN,1.104738712310791,1.8533681631088257,0.2857142857142857,0.0,0.7182447910308838,0.4682447910308838
YYHKGLN,0.2663224935531616,0.9192387461662292,0.5714285714285714,0.0,0.6218709945678711,0.471870994567871
VYHRMGN,-0.10741344094276428,1.6518458127975464,0.5714285714285714,0.0,0.6115874648094177,0.4615874648094177
YSHRSTN,2.0999040603637695,0.9327888488769531,0.5714285714285714,0.0,0.6232690215110779,0.4732690215110778
YSHRSTN,2.0999040603637695,0.9327888488769531,0.5714285714285714,0.0,0.6232690215110779,0.4732690215110778
QYHRSNQ,-0.08219605684280396,1.1594280004501343,0.5714285714285714,0.0,0.6144490838050842,0.4644490838050842
YSRLSMN,1.2503327131271362,2.709693670272827,0.1428571428571428,0.0,0.7656646966934204,0.4656646966934204
YHRSNGH,0.22516465187072754,0.9634518623352051,0.5714285714285714,0.0,0.626432478427887,0.4764324784278869
YSRASNN,2.902688980102539,1.9206920862197876,0.2857142857142857,0.0,0.7251905202865601,0.47519052028656
LYSRSNN,1.1981828212738037,0.9790260195732117,0.5714285714285714,0.0,0.6280392408370972,0.4780392408370971
IYHRSND,1.2547143697738647,0.9854224920272827,0.5714285714285714,0.0,0.6286991834640503,0.4786991834640502
QYLKSIN,0.8008400797843933,0.9977747201919556,0.5714285714285714,0.0,0.6299735307693481,0.4799735307693481
YHRSGLN,1.5200046300888062,1.9538019895553589,0.2857142857142857,0.0,0.7286064624786377,0.4786064624786377
IYSRDMN,-0.009643858298659325,1.503144383430481,0.5714285714285714,0.0,0.6226823329925537,0.4726823329925537
VYSRSVQ,0.4374621510505676,4.584359645843506,0.4285714285714285,0.0,0.6734200119972229,0.4734200119972229
YHRLAPN,0.8784911036491394,2.9667623043060303,0.2857142857142857,0.0,0.723468005657196,0.473468005657196
YSHRSNP,1.8686492443084717,1.0395225286483765,0.5714285714285714,0.0,0.6342806816101074,0.4842806816101074
YHRISSN,0.8868800401687622,2.0077829360961914,0.2857142857142857,0.0,0.7244200110435486,0.4744200110435486
YSHRSNN,1.822951078414917,1.5215983390808105,0.4285714285714285,0.0,0.684016227722168,0.484016227722168
YSHRSNN,1.822951078414917,1.5215983390808105,0.4285714285714285,0.0,0.684016227722168,0.484016227722168
YSRSGLN,2.2461321353912354,1.9949901103973389,0.2857142857142857,0.0,0.7328558564186096,0.4828558564186096
VYHRSGN,0.6420456171035767,1.527338981628418,0.4285714285714285,0.0,0.6846084594726562,0.4846084594726563
VYHRMNN,0.5278504490852356,1.0673190355300903,0.5714285714285714,0.0,0.637148380279541,0.487148380279541
YSRSNGN,2.3796591758728027,2.0158302783966064,0.2857142857142857,0.0,0.7350058555603027,0.4850058555603027
YHRISSP,1.0051320791244507,1.549371600151062,0.4285714285714285,0.0,0.6868816018104553,0.4868816018104553
QYVRSQE,1.3898134231567383,1.5576248168945312,0.4285714285714285,0.0,0.6877330541610718,0.4877330541610718
IYSRSQN,0.49031347036361694,3.402162551879883,0.4285714285714285,0.0,0.679417610168457,0.4794176101684571
HYSRSNQ,0.05510437861084938,1.149723768234253,0.5714285714285714,0.0,0.6300299763679504,0.4800299763679504
IYSRSEN,0.49922701716423035,3.200468063354492,0.4285714285714285,0.0,0.6804291009902954,0.4804291009902954
YHRVSNN,2.1698405742645264,2.5461530685424805,0.1428571428571428,0.0,0.7897190451622009,0.4897190451622009
YHRVSNT,1.2762795686721802,2.081510066986084,0.2857142857142857,0.0,0.7417820692062378,0.4917820692062378
YHRIGTN,0.994087278842926,2.5399651527404785,0.2857142857142857,0.0,0.7365859150886536,0.4865859150886535
VYHRSNN,0.5539344549179077,1.7630423307418823,0.4285714285714285,0.0,0.6866373419761658,0.4866373419761658
VYHRSNN,0.5539344549179077,1.7630423307418823,0.4285714285714285,0.0,0.6866373419761658,0.4866373419761658
YHRLANN,1.4413533210754395,3.267925262451172,0.1428571428571428,0.0,0.7873417139053345,0.4873417139053345
YHRLSSN,1.456674337387085,3.728098154067993,0.1428571428571428,0.0,0.7890803813934326,0.4890803813934326
VYSRSDI,0.5997370481491089,3.07637095451355,0.4285714285714285,0.0,0.6918349862098694,0.4918349862098694
PYHRSQS,1.0340179204940796,1.6983630657196045,0.4285714285714285,0.0,0.702252984046936,0.5022529840469361
YSRNLND,2.345395088195801,1.7041794061660767,0.4285714285714285,0.0,0.7028530240058899,0.5028530240058899
NYHRSSN,0.7073678374290466,1.2554062604904175,0.5714285714285714,0.0,0.656553328037262,0.5065533280372619
VYHRSAS,0.6437069177627563,1.9360255002975464,0.4285714285714285,0.0,0.6968246698379517,0.4968246698379517
YSRSSSN,2.5901215076446533,1.739269495010376,0.4285714285714285,0.0,0.7064732313156128,0.5064732313156128
YSRSSSN,2.5901215076446533,1.739269495010376,0.4285714285714285,0.0,0.7064732313156128,0.5064732313156128
YSRSSSN,2.5901215076446533,1.739269495010376,0.4285714285714285,0.0,0.7064732313156128,0.5064732313156128
QYHRSNN,0.49870648980140686,1.3024613857269287,0.5714285714285714,0.0,0.6614079475402832,0.5114079475402832
VYHRQDI,0.4855618178844452,1.324009656906128,0.5714285714285714,0.0,0.6636310815811157,0.5136310815811157
HYSRSNN,0.2870872914791107,1.582735538482666,0.5714285714285714,0.0,0.6563554406166077,0.5063554406166076
NYSRSNN,1.1415168046951294,1.362898826599121,0.5714285714285714,0.0,0.6676432490348816,0.5176432490348816
NYSRSNN,1.1415168046951294,1.362898826599121,0.5714285714285714,0.0,0.6676432490348816,0.5176432490348816
YSRSQNN,1.771315336227417,1.8466640710830688,0.4285714285714285,0.0,0.7175530791282654,0.5175530791282654
YHRLSQN,1.6443864107131958,3.5853121280670166,0.1428571428571428,0.0,0.8103819489479065,0.5103819489479064
TYTRSTN,1.59111750125885,1.9248038530349731,0.4285714285714285,0.0,0.7256147265434265,0.5256147265434266
YHRLGNN,1.710896372795105,4.220418453216553,0.1428571428571428,0.0,0.8179295659065247,0.5179295659065246
VYSRSNN,0.8320099115371704,2.92356014251709,0.4285714285714285,0.0,0.7181933522224426,0.5181933522224427
VYSRSNN,0.8320099115371704,2.92356014251709,0.4285714285714285,0.0,0.7181933522224426,0.5181933522224427
VYSRSNN,0.8320099115371704,2.92356014251709,0.4285714285714285,0.0,0.7181933522224426,0.5181933522224427
NYHRSNN,0.4226987063884735,1.4816937446594238,0.5714285714285714,0.0,0.6717446446418762,0.5217446446418762
YSRSINN,2.091066837310791,1.9562560319900513,0.4285714285714285,0.0,0.7288596630096436,0.5288596630096436
IYHRSNN,0.42777636647224426,1.9939481019973755,0.5714285714285714,0.0,0.6723208427429199,0.5223208427429199
IYHRSGN,0.6821259260177612,1.4967525005340576,0.5714285714285714,0.0,0.6814529299736023,0.5314529299736023
VYHRSEN,1.018811821937561,1.9873669147491455,0.4285714285714285,0.0,0.7320693135261536,0.5320693135261536
IYHRLNN,0.009280724450945854,1.409530758857727,0.7142857142857143,0.0,0.624829888343811,0.5248298883438111
VYSRNEN,0.45078739523887634,2.1649670600891113,0.5714285714285714,0.0,0.6749321818351746,0.5249321818351745
YLHRLSN,0.03801601380109787,1.7008572816848755,0.7142857142857143,0.0,0.6280907988548279,0.5280907988548279
YHRLSNN,2.24538516998291,4.315680980682373,0.0,0.0,0.8785834312438965,0.5285834312438965
YHRLSNN,2.24538516998291,4.315680980682373,0.0,0.0,0.8785834312438965,0.5285834312438965
YHRLSNN,2.24538516998291,4.315680980682373,0.0,0.0,0.8785834312438965,0.5285834312438965
IYHRSAN,0.5817400217056274,1.5826431512832642,0.5714285714285714,0.0,0.6897926926612854,0.5397926926612854
YSRSANN,2.7788655757904053,2.5977861881256104,0.2857142857142857,0.0,0.7950460314750671,0.5450460314750671
YSRVLGN,1.4600673913955688,2.137068271636963,0.4285714285714285,0.0,0.7475139498710632,0.5475139498710633
YHRLGSN,1.477121114730835,4.03782844543457,0.2857142857142857,0.0,0.791400671005249,0.541400671005249
YSRSGNN,2.8404319286346436,2.65136456489563,0.2857142857142857,0.0,0.8005736470222473,0.5505736470222473
MYSRSNN,1.5054917335510254,1.7826772928237915,0.5714285714285714,0.0,0.7109516263008118,0.5609516263008117
MYSRSNN,1.5054917335510254,1.7826772928237915,0.5714285714285714,0.0,0.7109516263008118,0.5609516263008117
VYHRGLN,0.7348124980926514,2.4616787433624268,0.5714285714285714,0.0,0.707163393497467,0.557163393497467
IYSRSNN,1.209181785583496,3.098268508911133,0.4285714285714285,0.0,0.7609948515892029,0.5609948515892029
YSRSSAN,2.5067453384399414,2.3360517024993896,0.4285714285714285,0.0,0.768043041229248,0.5680430412292481
YSRSLNN,2.0125224590301514,2.3630013465881348,0.4285714285714285,0.0,0.7708234190940857,0.5708234190940857
YSRSGSN,2.758145809173584,2.9118716716766357,0.2857142857142857,0.0,0.827450156211853,0.577450156211853
YSRSGSN,2.758145809173584,2.9118716716766357,0.2857142857142857,0.0,0.827450156211853,0.577450156211853
YSRLSNN,3.315321445465088,3.4239096641540527,0.1428571428571428,0.0,0.8802768588066101,0.5802768588066101
