seq,fitness_pred,htfr1_pred,ref_dist,div_prev,reward_signal,final_score
ESTASEN,-1.0985397100448608,-4.956025123596191,0.5714285714285714,0.2857142857142857,0.0247860662639141,0.0
YHLINCY,-4.560208320617676,0.1776616871356964,0.7142857142857143,0.5714285714285714,0.1090622320771217,0.0090622320771217
YKRVNTD,1.3246110677719116,-1.0670244693756104,0.4285714285714285,0.4285714285714285,0.43336883187294,0.23336883187294
YYPASND,-1.580312967300415,-2.770106077194214,0.5714285714285714,0.2857142857142857,0.2544411718845367,0.1044411718845367
SSRRLTN,-3.0889179706573486,-0.4235380291938782,0.5714285714285714,0.2857142857142857,0.275505393743515,0.125505393743515
YHHPDEE,-0.09256459027528763,-3.0645222663879395,0.7142857142857143,0.2857142857142857,0.2235094755887985,0.1235094755887985
YYHTLKN,-0.4411020278930664,-1.1863131523132324,0.7142857142857143,0.2857142857142857,0.4208362400531769,0.3208362400531769
HHSRTIN,-0.17752666771411896,-0.15001153945922852,0.5714285714285714,0.2857142857142857,0.5297112464904785,0.3797112464904785
IYHMGND,-0.5858060121536255,-1.1519508361816406,0.5714285714285714,0.2857142857142857,0.4244463741779327,0.2744463741779327
IESKHAN,1.0743886232376099,-3.42431902885437,0.5714285714285714,0.4285714285714285,0.1857088357210159,0.0357088357210159
PMSSHNG,0.6175273656845093,-4.618674278259277,0.7142857142857143,0.4285714285714285,0.0602285228669643,0.0
YYHDTNA,-0.6500149369239807,-0.2042926847934723,0.7142857142857143,0.1428571428571428,0.5240083932876587,0.4240083932876587
TAHPLNN,-0.36373022198677063,-3.815793752670288,0.7142857142857143,0.4285714285714285,0.1445800513029098,0.0445800513029098
YHRDHRG,-0.3376920521259308,0.3566756546497345,0.5714285714285714,0.4285714285714285,0.582944393157959,0.4329443931579589
YPRPIIN,0.1886039525270462,-3.5707180500030518,0.5714285714285714,0.4285714285714285,0.1703279912471771,0.0203279912471771
MMTGSAN,0.7135613560676575,-4.936701774597168,0.7142857142857143,0.4285714285714285,0.0268161986023187,0.0
HHRCALN,-4.141791343688965,0.6393223404884338,0.5714285714285714,0.4285714285714285,0.1563966274261474,0.0063966274261474
YHRHKEH,-0.7006891965866089,0.260451078414917,0.4285714285714285,0.2857142857142857,0.5456793904304504,0.3456793904304505
VYHHCHN,-3.9697275161743164,0.026254018768668175,0.7142857142857143,0.2857142857142857,0.1758617609739303,0.0758617609739303
YYKNSSN,0.8459143042564392,-0.8541181087493896,0.4285714285714285,0.1428571428571428,0.4557370543479919,0.255737054347992
NLRSLND,1.4583086967468262,-1.8969626426696777,0.4285714285714285,0.4285714285714285,0.3461745977401733,0.1461745977401733
IYSRSAN,1.4985451698303223,2.275128126144409,0.4285714285714285,0.1428571428571428,0.7844991087913513,0.5844991087913514
VHHRWWN,-3.1037144660949707,1.2153041362762451,0.5714285714285714,0.2857142857142857,0.2738315165042877,0.1238315165042877
YYMSNTN,-1.549878716468811,-1.092799186706543,0.4285714285714285,0.2857142857142857,0.4306609332561493,0.2306609332561493
YSQLSNI,0.19165220856666565,-2.056715726852417,0.4285714285714285,0.2857142857142857,0.3293907642364502,0.1293907642364502
QHHRSTN,0.4433657228946686,0.4671599268913269,0.5714285714285714,0.1428571428571428,0.5945519804954529,0.4445519804954528
VYRSLNS,1.0688230991363525,-0.7876361012458801,0.5714285714285714,0.2857142857142857,0.4627216756343841,0.3127216756343841
GGRSSQN,1.3034775257110596,-2.748694658279419,0.5714285714285714,0.4285714285714285,0.2566906809806824,0.1066906809806823
LSPSNTW,-0.655268669128418,-2.462402582168579,0.5714285714285714,0.4285714285714285,0.2867688536643982,0.1367688536643982
HHSLFSL,-2.589113712310791,-1.9281566143035889,0.5714285714285714,0.4285714285714285,0.3320469260215759,0.1820469260215759
NYSRSTC,-3.474519968032837,0.919329047203064,0.5714285714285714,0.2857142857142857,0.2318832725286483,0.0818832725286483
QYHRAQS,0.5302978754043579,1.1112174987792969,0.5714285714285714,0.2857142857142857,0.662217378616333,0.512217378616333
VIAKGNT,1.7806987762451172,-3.8882744312286377,0.7142857142857143,0.5714285714285714,0.1369651556015014,0.0369651556015014
GSTTKGM,1.3348617553710938,-4.596683502197266,0.7142857142857143,0.4285714285714285,0.0625388994812965,0.0
HISKFLH,-0.8886093497276306,-1.1962026357650757,0.5714285714285714,0.5714285714285714,0.4197972416877746,0.2697972416877746
IYHRGRD,-0.1301245540380478,1.026167631149292,0.7142857142857143,0.2857142857142857,0.6102258563041687,0.5102258563041687
YYGDFNN,-1.8203965425491333,0.27077725529670715,0.5714285714285714,0.2857142857142857,0.4190098643302917,0.2690098643302917
QNHPRNS,1.024515151977539,-3.1836037635803223,0.7142857142857143,0.4285714285714285,0.2109986394643783,0.1109986394643783
YHRRSTR,-3.9503562450408936,1.7020548582077026,0.4285714285714285,0.2857142857142857,0.1780531704425811,0.0
YSHRSND,1.7900360822677612,-0.17620770633220673,0.5714285714285714,0.1428571428571428,0.5269590616226196,0.3769590616226196
DQNAEIN,-1.3281736373901367,-5.03196907043457,0.7142857142857143,0.4285714285714285,0.0168073084205389,0.0
YSRSSRQ,-3.511990785598755,0.9560536742210388,0.5714285714285714,0.1428571428571428,0.2276442945003509,0.0776442945003509
YYHKSCN,-3.529284715652466,0.33791786432266235,0.4285714285714285,0.1428571428571428,0.2256878763437271,0.0256878763437271
YYHHSNT,-1.4438523054122925,-0.7265473008155823,0.5714285714285714,0.1428571428571428,0.4616073071956634,0.3116073071956634
YVMHGQN,-0.3926975429058075,-1.0281500816345215,0.5714285714285714,0.4285714285714285,0.437453031539917,0.2874530315399169
YHHRQSR,-3.350925922393799,0.9319952726364136,0.7142857142857143,0.2857142857142857,0.245865136384964,0.145865136384964
MYSRNNN,1.264977216720581,0.905227541923523,0.7142857142857143,0.1428571428571428,0.6405758857727051,0.5405758857727051
CAERLNQ,-3.824889898300171,-0.5436121225357056,0.7142857142857143,0.4285714285714285,0.1922468543052673,0.0922468543052673
NPRYLGN,0.1936340630054474,-1.8414963483810425,0.7142857142857143,0.1428571428571428,0.3520019352436065,0.2520019352436066
VYKREQN,1.2715257406234741,-0.45493242144584656,0.4285714285714285,0.2857142857142857,0.4976759552955627,0.2976759552955628
HQLRSNH,-0.638321578502655,-0.9442967772483826,0.7142857142857143,0.2857142857142857,0.4462627470493316,0.3462627470493317
DYRLSNE,0.2103571742773056,-1.9585022926330566,0.4285714285714285,0.2857142857142857,0.3397091925144195,0.1397091925144195
YSSVSLN,0.08875144273042679,-2.1527934074401855,0.5714285714285714,0.2857142857142857,0.3192967474460602,0.1692967474460602
YSMKDKN,1.7434954643249512,-2.646223783493042,0.5714285714285714,0.4285714285714285,0.2674563825130462,0.1174563825130462
YYRDFQN,-1.2123781442642212,-0.3036747872829437,0.5714285714285714,0.2857142857142857,0.4877933859825134,0.3377933859825134
IYRFSHN,-2.152521848678589,0.20854459702968597,0.5714285714285714,0.4285714285714285,0.3814374208450317,0.2314374208450317
KMRSSNR,-3.883629560470581,0.09067030996084213,0.5714285714285714,0.4285714285714285,0.1856017857789993,0.0356017857789993
QSHRGNS,1.5538506507873535,-2.039537191390991,0.7142857142857143,0.2857142857142857,0.3311955630779266,0.2311955630779266
YSSRNEN,1.3213704824447632,-2.873793125152588,0.4285714285714285,0.2857142857142857,0.2435477077960968,0.0435477077960968
EEREIVS,0.059478841722011566,-4.309027194976807,0.7142857142857143,0.4285714285714285,0.0927603989839553,0.0
YSRHHGN,0.9219246506690979,1.5000520944595337,0.4285714285714285,0.1428571428571428,0.7030687928199768,0.5030687928199769
YYHRSVC,-4.338033676147461,1.1662577390670776,0.5714285714285714,0.1428571428571428,0.134196251630783,0.0
YRRQNLY,-3.4058849811553955,-0.021930526942014694,0.4285714285714285,0.4285714285714285,0.2396477609872818,0.0396477609872818
VMHRLNW,-2.484832525253296,1.0483406782150269,0.7142857142857143,0.2857142857142857,0.3438439965248108,0.2438439965248108
SGAKSNS,1.6491328477859497,-3.989506721496582,0.7142857142857143,0.4285714285714285,0.1263295710086822,0.0263295710086822
YWYRYEN,-3.224256992340088,1.0758594274520874,0.7142857142857143,0.1428571428571428,0.26019486784935,0.16019486784935
RFLLINN,-2.212923526763916,-2.2841861248016357,0.5714285714285714,0.4285714285714285,0.3054924607276916,0.1554924607276916
YMKMTMN,-0.216451495885849,-1.30486261844635,0.5714285714285714,0.1428571428571428,0.408381313085556,0.258381313085556
YSRSSFN,0.43146324157714844,1.1678218841552734,0.4285714285714285,0.1428571428571428,0.6681643128395081,0.4681643128395081
WFYWASQ,-4.5790252685546875,0.9026911854743958,0.7142857142857143,0.7142857142857143,0.106933519244194,0.006933519244194
DYHVSVF,-2.6290700435638428,-0.8426024317741394,0.5714285714285714,0.4285714285714285,0.3275267779827118,0.1775267779827118
YNHPHNR,-1.0981366634368896,-1.2596092224121094,0.7142857142857143,0.4285714285714285,0.413135677576065,0.3131356775760651
LYHHSLN,-1.2545655965805054,-0.6754442453384399,0.5714285714285714,0.2857142857142857,0.4745087325572967,0.3245087325572967
VSRSSSN,1.7675647735595703,-2.5070109367370605,0.4285714285714285,0.1428571428571428,0.2820822596549988,0.0820822596549988
YSSGAKI,2.3284921646118164,-4.133612155914307,0.5714285714285714,0.4285714285714285,0.1111896932125091,0.0
ESRKGLN,0.5792537927627563,-2.9088118076324463,0.4285714285714285,0.2857142857142857,0.2398685961961746,0.0398685961961746
QHCMSVW,-4.279639720916748,-0.37944862246513367,0.7142857142857143,0.4285714285714285,0.1408022046089172,0.0408022046089172
NHHTFNN,-0.5006536245346069,-2.5644383430480957,0.5714285714285714,0.2857142857142857,0.276048868894577,0.126048868894577
HHRSGTA,-0.014988554641604424,-1.0895636081695557,0.4285714285714285,0.4285714285714285,0.4310008287429809,0.2310008287429809
IYHRGLN,0.20618091523647308,1.925374984741211,0.5714285714285714,0.1428571428571428,0.6482712030410767,0.4982712030410766
YSKRSTN,-1.790108323097229,0.4645215570926666,0.4285714285714285,0.0,0.4224362969398498,0.2224362969398498
IDRRSSE,0.5401585102081299,-3.104377031326294,0.5714285714285714,0.2857142857142857,0.2193222939968109,0.0693222939968109
YSRNSNN,2.578535318374634,1.0061949491500854,0.2857142857142857,0.1428571428571428,0.6511836051940918,0.4011836051940918
GYDPHMP,0.6683878898620605,-3.833331823348999,0.7142857142857143,0.2857142857142857,0.1427374929189682,0.0427374929189682
IGARYNN,1.6527063846588135,-2.41564679145813,0.7142857142857143,0.2857142857142857,0.2916810810565948,0.1916810810565948
AYHSCNN,-3.9297895431518555,-0.04221728444099426,0.7142857142857143,0.2857142857142857,0.1803798377513885,0.0803798377513885
YINRNIQ,0.30748283863067627,-2.8419277667999268,0.5714285714285714,0.1428571428571428,0.2468955069780349,0.0968955069780349
LYRRIGS,-2.747028350830078,-0.213031604886055,0.5714285714285714,0.1428571428571428,0.3141824603080749,0.1641824603080749
EHGANGN,0.4068792462348938,-4.768505096435547,0.7142857142857143,0.4285714285714285,0.0444871298968791,0.0
TYHRSNA,1.849562644958496,1.515706181526184,0.4285714285714285,0.1428571428571428,0.7047134041786194,0.5047134041786194
FDRAEGI,0.2536047399044037,-3.6050338745117188,0.7142857142857143,0.5714285714285714,0.1667227298021316,0.0667227298021316
IHSANND,0.008394674398005009,-5.036919116973877,0.7142857142857143,0.2857142857142857,0.0162872523069381,0.0
YLHHLWH,-3.8942320346832275,0.15543106198310852,0.5714285714285714,0.2857142857142857,0.1844023615121841,0.0344023615121841
YHHMNNN,-0.3316778540611267,-1.2247825860977173,0.4285714285714285,0.1428571428571428,0.4167946279048919,0.2167946279048919
YRRSGRQ,-3.7370824813842773,0.14034520089626312,0.4285714285714285,0.4285714285714285,0.20218026638031,0.00218026638031
SYSRSNN,1.0727022886276245,2.1194589138031006,0.5714285714285714,0.0,0.7462984919548035,0.5962984919548034
HYHFLYN,-3.7376198768615723,-0.5158477425575256,0.7142857142857143,0.2857142857142857,0.2021194696426391,0.1021194696426391
NYSRLME,0.24986176192760468,1.0889185667037964,0.5714285714285714,0.2857142857142857,0.6532126665115356,0.5032126665115356
NYSRSNN,1.1415168046951294,1.362898826599121,0.5714285714285714,0.0,0.6886593103408813,0.5386593103408813
YSKSSGE,1.9980391263961792,-1.2715390920639038,0.4285714285714285,0.2857142857142857,0.4118823111057281,0.2118823111057281
YSRSVSD,1.8915101289749146,0.44351571798324585,0.4285714285714285,0.2857142857142857,0.5920678973197937,0.3920678973197937
NQHKATT,1.3880144357681274,-3.3439369201660156,0.5714285714285714,0.4285714285714285,0.1941538602113723,0.0441538602113723
RSHRIMF,-5.117189884185791,-0.2709842026233673,0.7142857142857143,0.4285714285714285,0.0460523851215839,0.0
IYCEKNN,-3.337496757507324,-1.4497758150100708,0.7142857142857143,0.2857142857142857,0.2473843395709991,0.1473843395709991
VRFVLGN,-1.3678174018859863,-2.4394683837890625,0.7142857142857143,0.4285714285714285,0.2891783416271209,0.189178341627121
VSRNIAA,2.398315191268921,-4.081319808959961,0.5714285714285714,0.5714285714285714,0.1166835874319076,0.0
TEHTSNN,-0.17669956386089325,-4.557963848114014,0.5714285714285714,0.4285714285714285,0.0666068270802497,0.0
NPKNHNN,0.9444814324378967,-3.0028433799743652,0.7142857142857143,0.4285714285714285,0.2299895286560058,0.1299895286560058
NYRKSIY,-3.9637444019317627,1.0616008043289185,0.5714285714285714,0.2857142857142857,0.1765386164188385,0.0265386164188385
YYFRSNN,-2.082859754562378,0.38553500175476074,0.4285714285714285,0.1428571428571428,0.3893181085586548,0.1893181085586548
YSHDSEE,-0.7529993057250977,-2.403660774230957,0.7142857142857143,0.2857142857142857,0.2929403483867645,0.1929403483867645
HLHHHNH,-1.5631177425384521,-0.5160110592842102,0.7142857142857143,0.1428571428571428,0.4481151401996612,0.3481151401996613
THMWKIE,-0.4951251745223999,-0.8072271943092346,0.7142857142857143,0.4285714285714285,0.4606634378433227,0.3606634378433228
VPTNAVN,0.8346371054649353,-4.3067827224731445,0.5714285714285714,0.4285714285714285,0.0929962024092674,0.0
YHQLSNN,1.4606139659881592,-1.8565678596496582,0.1428571428571428,0.1428571428571428,0.3504185378551483,0.0504185378551483
YKHPSDN,1.15217125415802,-3.0311567783355713,0.5714285714285714,0.4285714285714285,0.2270148992538452,0.0770148992538452
YSFHSSA,-0.04556795954704285,-0.8067596554756165,0.7142857142857143,0.4285714285714285,0.4607125520706177,0.3607125520706177
ECFRSDS,-3.573335647583008,0.5053566694259644,0.7142857142857143,0.4285714285714285,0.220704510807991,0.120704510807991
IHRLDNN,1.1997464895248413,-0.2072385996580124,0.2857142857142857,0.2857142857142857,0.5236989259719849,0.2736989259719848
PHSSMNN,-0.3221135139465332,-4.076583385467529,0.5714285714285714,0.2857142857142857,0.1171812042593956,0.0
EHCRSPD,-2.8428425788879395,0.021283285692334175,0.5714285714285714,0.4285714285714285,0.303343266248703,0.153343266248703
YPGRSCN,-3.229060173034668,-0.14141829311847687,0.5714285714285714,0.2857142857142857,0.2596514821052551,0.1096514821052551
EAPRSFQ,0.275750994682312,-3.53588604927063,0.7142857142857143,0.4285714285714285,0.173987478017807,0.073987478017807
YRSFHLE,-0.4166345000267029,-0.2102126181125641,0.5714285714285714,0.5714285714285714,0.5233864784240723,0.3733864784240722
KSDRPST,0.7177729606628418,-3.9319231510162354,0.4285714285714285,0.5714285714285714,0.1323793679475784,0.0
YSAVAHN,1.1617988348007202,-2.829258441925049,0.4285714285714285,0.1428571428571428,0.2482265681028366,0.0482265681028366
YSEVLNN,-0.30260708928108215,-3.355771064758301,0.5714285714285714,0.2857142857142857,0.1929105520248413,0.0429105520248413
YPSRKER,-2.0485692024230957,-0.917726993560791,0.7142857142857143,0.4285714285714285,0.3931972980499267,0.2931972980499268
LISRSTH,0.5620881915092468,-2.7944042682647705,0.5714285714285714,0.4285714285714285,0.2518883943557739,0.1018883943557739
YHREGRN,0.42016372084617615,-0.2046147882938385,0.4285714285714285,0.2857142857142857,0.523974597454071,0.3239745974540711
SAHWTET,-1.9805721044540405,-2.3324525356292725,0.8571428571428571,0.4285714285714285,0.3004215657711029,0.2504215657711028
APSGSNI,0.016569754108786583,-4.410105228424072,0.5714285714285714,0.4285714285714285,0.082141026854515,0.0
YHRSHNN,0.4346272349357605,0.8671592473983765,0.2857142857142857,0.1428571428571428,0.6365763545036316,0.3865763545036316
EYRSDNF,-0.5125775337219238,-2.320664882659912,0.7142857142857143,0.4285714285714285,0.3016599714756012,0.2016599714756012
YHRRSNN,-2.949784517288208,1.4256759881973267,0.1428571428571428,0.1428571428571428,0.2912451922893524,0.0
YHRYNNS,-0.7650665640830994,0.7886670827865601,0.4285714285714285,0.2857142857142857,0.5383965373039246,0.3383965373039246
YSHRNNM,0.8737747669219971,-0.71284419298172,0.5714285714285714,0.2857142857142857,0.4705794155597687,0.3205794155597686
GYMLSSN,-1.0794928073883057,-2.286151170730591,0.4285714285714285,0.4285714285714285,0.3052860200405121,0.1052860200405121
FRRHLNG,-3.7187981605529785,-0.24579469859600067,0.7142857142857143,0.4285714285714285,0.2042487263679504,0.1042487263679504
RYRHYVG,-4.024294853210449,0.8110812902450562,0.7142857142857143,0.2857142857142857,0.1696887016296386,0.0696887016296386
WAIESCN,-4.125734806060791,-0.8367587924003601,0.5714285714285714,0.5714285714285714,0.1582130640745163,0.0082130640745163
YYRDDGN,-0.485296368598938,-0.5410370230674744,0.5714285714285714,0.1428571428571428,0.4886296689510345,0.3386296689510345
NGHRAHN,0.0396658331155777,-1.3790028095245361,0.7142857142857143,0.4285714285714285,0.4005920588970184,0.3005920588970184
YHMSSFN,-1.8494210243225098,-0.30113255977630615,0.4285714285714285,0.2857142857142857,0.4157263934612274,0.2157263934612274
IYSYLQN,-3.1120736598968506,1.570799469947815,0.5714285714285714,0.2857142857142857,0.2728858590126037,0.1228858590126037
DPEMKEA,0.940805196762085,-4.307320594787598,0.7142857142857143,0.4285714285714285,0.0929396897554397,0.0
YYHVVTN,-2.698509454727173,-0.6191164255142212,0.5714285714285714,0.2857142857142857,0.3196712732315063,0.1696712732315063
YYSKSKA,-1.9806098937988281,-0.1432148516178131,0.4285714285714285,0.2857142857142857,0.4008853435516357,0.2008853435516357
MVEDPYK,-0.21902838349342346,-4.007412433624268,0.7142857142857143,0.7142857142857143,0.1244483813643455,0.0244483813643455
YKRDGNQ,1.125346064567566,-2.2936956882476807,0.5714285714285714,0.2857142857142857,0.3044933974742889,0.1544933974742889
YRKSAQN,-2.861328601837158,-0.13338981568813324,0.4285714285714285,0.4285714285714285,0.3012519776821136,0.1012519776821136
YVHRSLN,0.022739853709936142,1.6263775825500488,0.5714285714285714,0.1428571428571428,0.6275190114974976,0.4775190114974975
IYHRVNN,0.2880707383155823,1.2022349834442139,0.7142857142857143,0.1428571428571428,0.6575351357460022,0.5575351357460022
NYHRWVP,-3.9339118003845215,2.219226837158203,0.5714285714285714,0.4285714285714285,0.1799134910106659,0.0299134910106659
IHHRTDN,0.6373496651649475,-1.031852126121521,0.5714285714285714,0.2857142857142857,0.4370640814304352,0.2870640814304351
PKGLVQN,0.9014442563056946,-3.9078071117401123,0.5714285714285714,0.5714285714285714,0.1349130272865295,0.0
YYSLANN,-0.9542632699012756,-0.31918713450431824,0.4285714285714285,0.1428571428571428,0.5119374990463257,0.3119374990463257
VVNHPLG,-0.10933388024568558,-5.011617660522461,0.7142857142857143,0.4285714285714285,0.0189454518258571,0.0
EVRSMSN,0.7691255211830139,-3.6707375049591064,0.5714285714285714,0.4285714285714285,0.1598198264837265,0.0098198264837265
MHRSGIT,0.8912222385406494,-1.4279370307922363,0.5714285714285714,0.4285714285714285,0.3954509794712066,0.2454509794712066
YHAWSKN,-0.9506552219390869,-0.44293686747550964,0.4285714285714285,0.2857142857142857,0.4989361763000488,0.2989361763000489
VYSRSQN,0.4852847158908844,4.32632303237915,0.2857142857142857,0.1428571428571428,0.6798454523086548,0.4298454523086548
YQEISQH,0.3005180060863495,-3.8487534523010254,0.7142857142857143,0.4285714285714285,0.1411172747611999,0.0411172747611999
QPRLHNN,0.9873485565185547,-2.808960437774658,0.4285714285714285,0.1428571428571428,0.2503590881824493,0.0503590881824493
YAHEGRQ,0.37539350986480713,-2.610874652862549,0.5714285714285714,0.2857142857142857,0.2711701989173889,0.1211701989173889
YIHMCNW,-4.8779683113098145,0.7275481224060059,0.7142857142857143,0.4285714285714285,0.0731148868799209,0.0
YSHSLCN,-3.134946584701538,0.013688039034605026,0.5714285714285714,0.2857142857142857,0.2702983021736145,0.1202983021736145
VERMALP,1.0968272686004639,-3.4560680389404297,0.5714285714285714,0.5714285714285714,0.1823732405900955,0.0323732405900955
MHDIVNS,-0.02391250617802143,-4.758735656738281,0.7142857142857143,0.2857142857142857,0.0455135181546211,0.0
LGTRLEN,0.5968860983848572,-3.160597801208496,0.5714285714285714,0.4285714285714285,0.2134156823158264,0.0634156823158264
YSPLSNQ,1.1457586288452148,-2.3716752529144287,0.4285714285714285,0.2857142857142857,0.2963007688522339,0.0963007688522339
YHHGGRN,0.2421306073665619,-0.12123150378465652,0.4285714285714285,0.4285714285714285,0.5327349305152893,0.3327349305152893
CSHRFPT,-2.921839475631714,0.020980384200811386,0.5714285714285714,0.4285714285714285,0.294406533241272,0.1444065332412719
YYHRTSN,-1.0966824293136597,0.7996100783348083,0.5714285714285714,0.1428571428571428,0.5008817315101624,0.3508817315101623
YKARSQN,-2.6524367332458496,0.64296954870224,0.5714285714285714,0.2857142857142857,0.324883371591568,0.174883371591568
TYRPEKL,1.0767664909362793,-2.3779900074005127,0.7142857142857143,0.4285714285714285,0.2956373393535614,0.1956373393535614
VYDRGNQ,0.640765905380249,-0.40455684065818787,0.5714285714285714,0.2857142857142857,0.502968430519104,0.352968430519104
QFQRDTN,0.7640126943588257,-2.954225778579712,0.7142857142857143,0.4285714285714285,0.2350973486900329,0.1350973486900329
YNKKSNN,-1.6824533939361572,-0.2548696994781494,0.4285714285714285,0.2857142857142857,0.4346150159835815,0.2346150159835815
YHHRSSN,0.06909715384244919,1.469557523727417,0.4285714285714285,0.0,0.6327632665634155,0.4327632665634155
QSHYFNN,-2.4465572834014893,-1.1235672235488892,0.7142857142857143,0.4285714285714285,0.3481739461421966,0.2481739461421966
THSRGTN,1.5801621675491333,-2.5497281551361084,0.4285714285714285,0.1428571428571428,0.2775943279266357,0.0775943279266357
DFHRSMA,0.23000232875347137,-2.1358587741851807,0.5714285714285714,0.2857142857142857,0.3210759162902832,0.1710759162902832
YHLKNEN,0.8031824827194214,-2.1947364807128906,0.5714285714285714,0.1428571428571428,0.3148901462554931,0.1648901462554931
YPMPNTN,0.7364047765731812,-4.366500377655029,0.5714285714285714,0.4285714285714285,0.086722195148468,0.0
YMHRRTT,-4.2723870277404785,0.21110986173152924,0.7142857142857143,0.2857142857142857,0.1416226923465728,0.0416226923465728
ISHRGNV,1.8657256364822388,-2.693704605102539,0.5714285714285714,0.2857142857142857,0.262468010187149,0.112468010187149
VKYCSIN,-3.703700065612793,0.05314253270626068,0.5714285714285714,0.2857142857142857,0.2059567272663116,0.0559567272663116
QHRSSAN,1.031625747680664,-1.8544912338256836,0.4285714285714285,0.2857142857142857,0.3506366908550262,0.1506366908550262
QQRDYFN,-1.8341931104660034,-1.027165174484253,0.7142857142857143,0.5714285714285714,0.4174490869045257,0.3174490869045258
YSMSYSL,-3.008695363998413,-1.6759535074234009,0.7142857142857143,0.4285714285714285,0.2845807671546936,0.1845807671546936
YLQLNYE,-2.7110860347747803,-0.936833918094635,0.5714285714285714,0.1428571428571428,0.3182485103607178,0.1682485103607177
YVVKCNY,-3.3477513790130615,0.7615101337432861,0.7142857142857143,0.5714285714285714,0.2462242692708969,0.1462242692708969
GHHRWFT,-3.431230306625366,0.6960366368293762,0.7142857142857143,0.4285714285714285,0.236780509352684,0.136780509352684
YPMSYQS,-1.3661915063858032,-2.4268367290496826,0.7142857142857143,0.5714285714285714,0.290505439043045,0.190505439043045
NHEQNEI,-0.7968524098396301,-5.191945552825928,0.7142857142857143,0.5714285714285714,0.0,0.0
YHRASMN,1.3849050998687744,0.9872791767120361,0.2857142857142857,0.2857142857142857,0.6491963267326355,0.3991963267326355
YFHYNNK,-0.8695321679115295,-1.3046523332595825,0.7142857142857143,0.4285714285714285,0.4084033966064453,0.3084033966064453
NYRLNMH,-0.9970477819442749,-0.8256852030754089,0.4285714285714285,0.4285714285714285,0.4587242305278778,0.2587242305278778
DYSKHMN,1.4049450159072876,-0.36710667610168457,0.5714285714285714,0.2857142857142857,0.5069029927253723,0.3569029927253723
YHLSNRN,0.6447197794914246,-1.6176667213439941,0.5714285714285714,0.2857142857142857,0.3755177557468414,0.2255177557468414
YLLPSIY,-3.5843565464019775,-0.4467736482620239,0.7142857142857143,0.4285714285714285,0.219457745552063,0.119457745552063
AYGCNNN,-3.423933982849121,-0.8599183559417725,0.7142857142857143,0.2857142857142857,0.2376059293746948,0.1376059293746948
QYGGSMN,0.8296136856079102,-3.7882471084594727,0.7142857142857143,0.4285714285714285,0.1474741399288177,0.0474741399288177
YVFRPNF,-3.286093235015869,0.5166910886764526,0.4285714285714285,0.1428571428571428,0.2531994879245758,0.0531994879245758
IYRGQNN,1.5277388095855713,-2.1659069061279297,0.5714285714285714,0.2857142857142857,0.3179190158843994,0.1679190158843994
YHSRLNA,1.2822468280792236,-0.8698770999908447,0.5714285714285714,0.2857142857142857,0.4540813565254211,0.3040813565254211
IYHSHNG,0.3011513948440552,-2.238097667694092,0.5714285714285714,0.4285714285714285,0.3103345930576324,0.1603345930576324
VRWRTNL,-3.684892416000366,-0.3376730978488922,0.4285714285714285,0.4285714285714285,0.2080843895673751,0.0080843895673752
YSWRSPN,-1.6644855737686157,1.3253164291381836,0.4285714285714285,0.1428571428571428,0.4366476833820343,0.2366476833820343
PMHRSVL,0.3230952322483063,-0.3841015696525574,0.7142857142857143,0.4285714285714285,0.5051175355911255,0.4051175355911255
YDSRNEG,1.008349895477295,-2.972378730773926,0.7142857142857143,0.4285714285714285,0.2331901788711547,0.1331901788711548
YHFHSEN,-1.3165227174758911,0.24134297668933868,0.4285714285714285,0.2857142857142857,0.4760117828845978,0.2760117828845978
YSSWLGS,-2.4861249923706055,-1.2276383638381958,0.7142857142857143,0.4285714285714285,0.3436977565288543,0.2436977565288544
YHHRSQN,-0.13368752598762512,1.4964889287948608,0.4285714285714285,0.1428571428571428,0.6098227500915527,0.4098227500915528
YLRGNGN,2.114377498626709,-1.0422465801239014,0.4285714285714285,0.2857142857142857,0.4359720647335052,0.2359720647335052
YQRYVKN,-2.5161991119384766,0.24455027282238007,0.5714285714285714,0.4285714285714285,0.3402955532073974,0.1902955532073974
YYEILNN,-2.703641176223755,-0.6680358648300171,0.5714285714285714,0.2857142857142857,0.3190907537937164,0.1690907537937164
YYRRSMP,-3.774648904800415,0.4893254339694977,0.4285714285714285,0.1428571428571428,0.1979304850101471,0.0
TFHRTDN,0.4273771345615387,-1.304556965827942,0.7142857142857143,0.4285714285714285,0.4084134399890899,0.30841343998909
YHRKQSN,-2.5573880672454834,0.8010926246643066,0.4285714285714285,0.1428571428571428,0.3356359601020813,0.1356359601020813
YSKINDY,0.8585986495018005,-1.0194742679595947,0.5714285714285714,0.4285714285714285,0.4383645057678222,0.2883645057678222
WTRSFNI,-3.580548048019409,0.9678653478622437,0.7142857142857143,0.4285714285714285,0.2198885977268219,0.1198885977268219
VHRLTSP,1.8132988214492798,-1.0209451913833618,0.4285714285714285,0.4285714285714285,0.4382100105285644,0.2382100105285644
YYHRSVY,-3.0696470737457275,1.1828644275665283,0.5714285714285714,0.1428571428571428,0.2776854634284973,0.1276854634284973
HAHEMNN,-0.3872247636318207,-3.736891269683838,0.7142857142857143,0.4285714285714285,0.1528696417808532,0.0528696417808532
YSYACQN,-3.289449691772461,-0.19103410840034485,0.5714285714285714,0.4285714285714285,0.2528197765350342,0.1028197765350341
YYTRGDI,-0.5983856320381165,-0.440610408782959,0.5714285714285714,0.2857142857142857,0.4991806149482727,0.3491806149482727
PHRSGND,1.549912929534912,-2.5525829792022705,0.4285714285714285,0.4285714285714285,0.277294397354126,0.077294397354126
PNCGFNL,-4.09644079208374,-0.4333081543445587,0.8571428571428571,0.5714285714285714,0.1615270227193832,0.1115270227193832
SYSRAGI,1.2739231586456299,-0.15883496403694153,0.5714285714285714,0.4285714285714285,0.5287842750549316,0.3787842750549316
YERSDIN,-0.03130941838026047,-2.3504226207733154,0.4285714285714285,0.2857142857142857,0.2985335886478424,0.0985335886478424
NYSSSNN,0.6617504954338074,-3.0975840091705322,0.5714285714285714,0.1428571428571428,0.2200359851121902,0.0700359851121902
QTHGSMG,1.0030776262283325,-4.349763870239258,0.5714285714285714,0.4285714285714285,0.0884805545210838,0.0
YYHPSSN,-1.3918737173080444,-1.0004016160964966,0.5714285714285714,0.1428571428571428,0.4403683245182037,0.2903683245182037
YRHRLAN,-3.713885545730591,0.25790461897850037,0.5714285714285714,0.2857142857142857,0.2048044800758361,0.0548044800758361
VHSRCRN,-4.760105133056641,1.4160676002502441,0.5714285714285714,0.4285714285714285,0.0864484310150146,0.0
QYTGFNT,-1.5994138717651367,-2.254990339279175,0.7142857142857143,0.2857142857142857,0.3085598051548004,0.2085598051548004
DGHRSGN,1.3074301481246948,-2.683290958404541,0.7142857142857143,0.2857142857142857,0.2635620832443237,0.1635620832443237
YHRSSNP,1.7249237298965454,1.726036548614502,0.2857142857142857,0.1428571428571428,0.7268109917640686,0.4768109917640686
QFDLFGM,-3.808405637741089,-1.240782380104065,0.7142857142857143,0.7142857142857143,0.1941116750240326,0.0941116750240326
YCFSYGN,-4.702354907989502,0.5845584273338318,0.5714285714285714,0.4285714285714285,0.0929815620183944,0.0
TRRRSTN,-3.172833204269409,0.7215345501899719,0.5714285714285714,0.2857142857142857,0.2660122811794281,0.1160122811794281
YSHRSTN,2.0999040603637695,0.9327888488769531,0.5714285714285714,0.0,0.6434714794158936,0.4934714794158935
YHTRASN,1.5351502895355225,-0.4464389681816101,0.5714285714285714,0.0,0.4985682666301727,0.3485682666301727
MWHRSIN,-1.7053433656692505,0.829851508140564,0.5714285714285714,0.2857142857142857,0.4320255219936371,0.282025521993637
YYNTVNW,-3.0191636085510254,0.7096236944198608,0.7142857142857143,0.2857142857142857,0.2833965122699737,0.1833965122699737
YHRQCGN,-3.7731378078460693,0.9979859590530396,0.4285714285714285,0.2857142857142857,0.1981014311313629,0.0
YHHWNCS,-4.227007865905762,0.9749395251274109,0.7142857142857143,0.2857142857142857,0.1467563062906265,0.0467563062906265
KWHKKHY,-3.438891887664795,0.7028611898422241,0.7142857142857143,0.5714285714285714,0.2359137833118438,0.1359137833118439
YSHRLTN,0.8677590489387512,0.16393359005451202,0.5714285714285714,0.1428571428571428,0.5626947283744812,0.4126947283744812
YYHRSVN,-1.418824553489685,1.1483708620071411,0.5714285714285714,0.1428571428571428,0.4644386172294616,0.3144386172294616
YSSQQNN,0.4595946967601776,-3.296261787414551,0.5714285714285714,0.2857142857142857,0.1991626620292663,0.0491626620292663
YMQRNEM,-0.2292429655790329,-2.404953956604004,0.7142857142857143,0.4285714285714285,0.292804479598999,0.192804479598999
QKSRKSN,-3.2158963680267334,0.7157825231552124,0.7142857142857143,0.2857142857142857,0.2611406743526459,0.1611406743526459
HLHHLTN,-1.3188532590866089,-0.8587815165519714,0.7142857142857143,0.2857142857142857,0.4552471041679382,0.3552471041679382
YSRMSFL,-3.0340898036956787,0.8206851482391357,0.5714285714285714,0.2857142857142857,0.2817079722881317,0.1317079722881317
YSYRRFP,-3.20035982131958,1.1397043466567993,0.5714285714285714,0.4285714285714285,0.2628982663154602,0.1128982663154602
VYHRKWD,-0.9789190888404846,0.747480034828186,0.5714285714285714,0.4285714285714285,0.5142039656639099,0.3642039656639099
YHRIMAN,-0.2541068494319916,0.6538270711898804,0.4285714285714285,0.2857142857142857,0.5962000489234924,0.3962000489234925
AYEQSNM,-0.5261480808258057,-2.5355384349823,0.7142857142857143,0.4285714285714285,0.2790851294994354,0.1790851294994354
KLFKMVW,-4.971188068389893,-0.5275014042854309,0.7142857142857143,0.2857142857142857,0.0625691786408424,0.0
AHRLSNN,1.3608663082122803,-0.8043616414070129,0.1428571428571428,0.1428571428571428,0.4609644711017608,0.1609644711017608
FERDGIW,-1.8806782960891724,-0.8991023302078247,0.7142857142857143,0.5714285714285714,0.4121903479099273,0.3121903479099274
YYHRENN,-0.4489468038082123,0.3189195692539215,0.5714285714285714,0.1428571428571428,0.5741583108901978,0.4241583108901977
HPHRTQI,-0.38305068016052246,-1.516300916671753,0.7142857142857143,0.4285714285714285,0.3861673474311828,0.2861673474311829
QHRRSNN,-2.842632532119751,0.5514909029006958,0.2857142857142857,0.1428571428571428,0.303367018699646,0.0533670186996459
LYSRSAN,1.523370385169983,0.922149658203125,0.5714285714285714,0.1428571428571428,0.6423537135124207,0.4923537135124206
QTRSLDF,0.13355258107185364,-3.2262063026428223,0.5714285714285714,0.4285714285714285,0.2065227776765823,0.0565227776765823
NSWPCIL,-4.912719249725342,-0.015234202146530151,0.5714285714285714,0.5714285714285714,0.0691836029291153,0.0
VHHRLAE,1.9626010656356812,-0.15692999958992004,0.5714285714285714,0.1428571428571428,0.5289844274520874,0.3789844274520874
AYRRSRN,-3.8351528644561768,0.5568548440933228,0.5714285714285714,0.2857142857142857,0.1910858303308487,0.0410858303308487
QHFLKPN,0.3046683967113495,-1.167511224746704,0.5714285714285714,0.4285714285714285,0.4228115677833557,0.2728115677833557
WHEYCNL,-4.400450229644775,0.9877222776412964,0.7142857142857143,0.4285714285714285,0.12713523209095,0.02713523209095
ISHRSNA,2.0042412281036377,-2.036738634109497,0.7142857142857143,0.1428571428571428,0.3314895927906036,0.2314895927906036
SYARVEN,-0.6121814250946045,0.7379739880561829,0.7142857142857143,0.2857142857142857,0.5556920766830444,0.4556920766830444
YVHRQCK,-4.8009419441223145,1.0093427896499634,0.7142857142857143,0.4285714285714285,0.0818286761641502,0.0
PHRCMFI,-4.368070602416992,-0.03549608960747719,0.7142857142857143,0.5714285714285714,0.130798265337944,0.030798265337944
YSYTAMI,-2.524644374847412,-0.07925796508789062,0.5714285714285714,0.2857142857142857,0.3393401801586151,0.1893401801586151
HHLRSNW,-2.9901516437530518,0.410106897354126,0.5714285714285714,0.2857142857142857,0.2866785824298858,0.1366785824298858
VYSRSSN,1.285675048828125,1.5869641304016113,0.4285714285714285,0.1428571428571428,0.712199866771698,0.512199866771698
YSRDCNA,-2.691563367843628,0.6391113996505737,0.5714285714285714,0.2857142857142857,0.3204570710659027,0.1704570710659027
VHGHNWK,-1.4625781774520874,-0.1988697350025177,0.5714285714285714,0.5714285714285714,0.4594888985157013,0.3094888985157012
YHNRGLN,1.4597784280776978,-0.9268414974212646,0.4285714285714285,0.2857142857142857,0.4480966627597809,0.2480966627597809
TWRCNSN,-4.406806468963623,-0.3940039575099945,0.5714285714285714,0.4285714285714285,0.1264161765575409,0.0
QGRLSVN,1.0069822072982788,-2.342487335205078,0.4285714285714285,0.4285714285714285,0.2993672788143158,0.0993672788143158
YSRSQYY,-1.8078302145004272,0.6252989172935486,0.5714285714285714,0.2857142857142857,0.4204314351081848,0.2704314351081848
YHRVNND,2.467914581298828,-0.45547741651535034,0.4285714285714285,0.2857142857142857,0.4976186752319336,0.2976186752319336
YHRDLHS,0.5249204039573669,-0.9923825263977051,0.5714285714285714,0.2857142857142857,0.4412108063697815,0.2912108063697814
TTRHGFE,1.1812773942947388,-3.6024839878082275,0.7142857142857143,0.1428571428571428,0.1669906228780746,0.0669906228780746
QVVRSDS,1.208165168762207,-1.9083514213562012,0.7142857142857143,0.4285714285714285,0.3449780941009521,0.2449780941009521
IKRTWNW,-4.712002277374268,0.15890274941921234,0.7142857142857143,0.5714285714285714,0.0918901860713958,0.0
SMKRQNN,-1.9962942600250244,-0.8261489868164062,0.7142857142857143,0.2857142857142857,0.3991110324859619,0.2991110324859619
VYFMKAV,-1.594538927078247,-0.36296728253364563,0.7142857142857143,0.4285714285714285,0.4445605278015136,0.3445605278015137
IWENFAG,-3.067199468612671,-0.8554544448852539,0.7142857142857143,0.4285714285714285,0.2779623568058014,0.1779623568058014
VHHFGNN,0.5114964246749878,-1.6063071489334106,0.5714285714285714,0.1428571428571428,0.3767112195491791,0.226711219549179
ESTRGLD,0.32719600200653076,-3.8401544094085693,0.5714285714285714,0.2857142857142857,0.1420207023620605,0.0
WSHRIAV,-1.6831146478652954,-0.033979352563619614,0.5714285714285714,0.4285714285714285,0.4345402121543884,0.2845402121543884
YTHEGRD,0.8289746046066284,-3.983131170272827,0.5714285714285714,0.2857142857142857,0.1269993931055069,0.0
QSHRTVN,0.5115816593170166,-1.219183325767517,0.5714285714285714,0.1428571428571428,0.4173828661441803,0.2673828661441803
EWRNFNY,-2.855525493621826,-0.20814545452594757,0.7142857142857143,0.5714285714285714,0.3019084632396698,0.2019084632396698
YYHTPNE,-1.3411717414855957,-1.1980739831924438,0.5714285714285714,0.2857142857142857,0.419600635766983,0.269600635766983
SSRLSNG,2.2566237449645996,-3.414046287536621,0.4285714285714285,0.1428571428571428,0.1867880970239639,0.0
IYFTAAP,-2.4475622177124023,-1.0622296333312988,0.7142857142857143,0.5714285714285714,0.34806028008461,0.24806028008461
YSRMSFN,-0.5001561045646667,1.3013033866882324,0.4285714285714285,0.2857142857142857,0.5683651566505432,0.3683651566505432
QWTAGSN,-0.3884962201118469,-2.3765182495117188,0.7142857142857143,0.4285714285714285,0.2957919538021087,0.1957919538021088
ERQMGWI,-2.9439048767089844,-1.0887975692749023,0.7142857142857143,0.7142857142857143,0.2919103503227234,0.1919103503227234
YSQRGPL,2.0651755332946777,-2.489871025085449,0.4285714285714285,0.2857142857142857,0.2838829755783081,0.0838829755783081
YKHWMNG,-1.2579025030136108,0.10407298803329468,0.5714285714285714,0.4285714285714285,0.4826433062553406,0.3326433062553405
KYCRMNN,-4.303220272064209,0.5098853707313538,0.5714285714285714,0.2857142857142857,0.1381345987319946,0.0
YYHSSNN,-0.6778563261032104,-0.41938555240631104,0.4285714285714285,0.0,0.5014105439186096,0.3014105439186096
CEGRNSF,-4.227700233459473,-0.06526560336351395,0.5714285714285714,0.5714285714285714,0.1466779857873916,0.0
HESANNW,-0.3334961235523224,-2.506072521209717,0.7142857142857143,0.2857142857142857,0.2821808457374573,0.1821808457374573
YMNDCAA,-3.4513978958129883,-1.7596315145492554,0.8571428571428571,0.5714285714285714,0.2344990074634552,0.1844990074634551
VYSRVVA,0.277372807264328,2.80084490776062,0.5714285714285714,0.0,0.6563249230384827,0.5063249230384826
NYHYSSV,-2.0245137214660645,-0.6800101399421692,0.4285714285714285,0.2857142857142857,0.3959186375141144,0.1959186375141144
YYCSKIN,-3.8435797691345215,-0.08140003681182861,0.5714285714285714,0.4285714285714285,0.1901325136423111,0.0401325136423111
DHNLSNE,-0.9872443079948425,-5.1173529624938965,0.4285714285714285,0.4285714285714285,0.0078367814421653,0.0
VYFRYDD,-3.180426597595215,0.7409836649894714,0.5714285714285714,0.1428571428571428,0.2651532590389251,0.1151532590389251
VGNMCMF,-3.589252233505249,-0.4317164719104767,0.7142857142857143,0.7142857142857143,0.2189039140939712,0.1189039140939712
YLIRDMI,-2.4189841747283936,-2.302889347076416,0.7142857142857143,0.4285714285714285,0.3035275042057037,0.2035275042057037
YKRRIIN,-3.945641279220581,0.5911378264427185,0.5714285714285714,0.2857142857142857,0.1785865724086761,0.0285865724086761
YGDRLRL,0.3668045401573181,-2.0136196613311768,0.7142857142857143,0.4285714285714285,0.3339184820652008,0.2339184820652008
YYSRNNN,0.3166384696960449,-0.7476240992546082,0.5714285714285714,0.0,0.4669254422187805,0.3169254422187805
YSRVLGN,1.4600673913955688,2.137068271636963,0.4285714285714285,0.0,0.7699944376945496,0.5699944376945496
QYLRNCN,-3.9328324794769287,0.09512639045715332,0.5714285714285714,0.2857142857142857,0.1800355911254882,0.0300355911254882
SNRLFVN,-0.35985106229782104,-2.8561294078826904,0.5714285714285714,0.2857142857142857,0.2454034686088562,0.0954034686088562
YSWRSEN,-1.6504881381988525,1.3382463455200195,0.5714285714285714,0.2857142857142857,0.4382311403751373,0.2882311403751373
YYNMGLN,-2.137199640274048,-0.15887606143951416,0.4285714285714285,0.2857142857142857,0.3831707537174225,0.1831707537174225
RHAPAGN,0.8812230825424194,-3.3950448036193848,0.7142857142857143,0.5714285714285714,0.1887844204902649,0.0887844204902649
YNRGGNL,2.1205801963806152,-2.2571475505828857,0.4285714285714285,0.2857142857142857,0.3083331882953644,0.1083331882953644
VEHRSNQ,0.746772050857544,-1.8055137395858765,0.5714285714285714,0.0,0.3557823300361633,0.2057823300361633
CKWLGGP,-3.285047769546509,-1.105306625366211,0.5714285714285714,0.5714285714285714,0.2533177435398102,0.1033177435398101
YHPSWLN,-3.185964345932007,0.38074153661727905,0.5714285714285714,0.2857142857142857,0.2645268142223358,0.1145268142223358
VYHVSSW,-3.3118836879730225,0.5788488388061523,0.5714285714285714,0.4285714285714285,0.2502818703651428,0.1002818703651428
KYERFND,-0.5030422210693359,-0.9450592994689941,0.7142857142857143,0.4285714285714285,0.4461826384067535,0.3461826384067535
MSPRLNF,-0.8518576622009277,-3.1191928386688232,0.7142857142857143,0.2857142857142857,0.2177657335996627,0.1177657335996627
IHRFWNN,-2.844371795654297,1.511307954788208,0.4285714285714285,0.2857142857142857,0.3031702637672424,0.1031702637672424
YHYMSKE,1.0856640338897705,-1.7424702644348145,0.5714285714285714,0.1428571428571428,0.3624057471752167,0.2124057471752166
IWRHQCW,-5.5242743492126465,1.5873106718063354,0.7142857142857143,0.4285714285714285,0.0,0.0
YYRKSQN,-2.740488290786743,1.0627331733703613,0.4285714285714285,0.2857142857142857,0.3149223327636719,0.1149223327636718
FHRKDHG,0.22714856266975403,0.37670406699180603,0.5714285714285714,0.2857142857142857,0.5850486159324646,0.4350486159324646
YYASNID,-1.775000810623169,-1.5910263061523438,0.5714285714285714,0.4285714285714285,0.3783166110515594,0.2283166110515594
YSYSGNK,0.8508171439170837,-1.3675751686096191,0.5714285714285714,0.2857142857142857,0.4017926454544067,0.2517926454544067
VVWHVMN,-3.5446536540985107,-0.9821605086326599,0.7142857142857143,0.4285714285714285,0.2239492386579513,0.1239492386579513
QYSRGIP,1.1469110250473022,0.7113836407661438,0.5714285714285714,0.4285714285714285,0.6202104091644287,0.4702104091644287
YMRINIP,-1.526702880859375,-1.642715334892273,0.5714285714285714,0.1428571428571428,0.3728860914707184,0.2228860914707184
YHRHHGN,0.11677730083465576,1.2099891901016235,0.4285714285714285,0.0,0.6381571888923645,0.4381571888923645
IIHRHNE,0.9495143294334412,-2.3901970386505127,0.7142857142857143,0.4285714285714285,0.2943548560142517,0.1943548560142517
SHCLGKN,-3.7162907123565674,-1.0235565900802612,0.5714285714285714,0.4285714285714285,0.2045323848724365,0.0545323848724365
QMSRDNN,1.2047364711761475,-4.311197757720947,0.7142857142857143,0.2857142857142857,0.0925323516130447,0.0
YCSRANN,-3.63741397857666,0.8577193021774292,0.5714285714285714,0.1428571428571428,0.2134554982185363,0.0634554982185363
AYFRSNN,-1.1787898540496826,0.17515957355499268,0.5714285714285714,0.1428571428571428,0.4915931522846222,0.3415931522846221
YPRLWSA,-2.7707533836364746,0.44495195150375366,0.5714285714285714,0.2857142857142857,0.3114985227584839,0.1614985227584839
VYSMQKE,1.2210004329681396,-2.8207528591156006,0.7142857142857143,0.4285714285714285,0.2491201758384704,0.1491201758384704
YIRRSMA,-2.4557671546936035,-0.2521290183067322,0.5714285714285714,0.1428571428571428,0.3471320569515228,0.1971320569515228
VVGNRNW,-0.16086345911026,-1.3288034200668335,0.7142857142857143,0.5714285714285714,0.4058660566806793,0.3058660566806793
PHTFHRG,-0.5469447374343872,-0.9691748023033142,0.7142857142857143,0.1428571428571428,0.443649023771286,0.343649023771286
DHILYIH,-3.639040470123291,-2.6525802612304688,0.5714285714285714,0.5714285714285714,0.2132714986801147,0.0632714986801147
YYRSGSG,-0.06364283710718155,-0.283285528421402,0.4285714285714285,0.2857142857142857,0.5157093405723572,0.3157093405723572
NYSRCSA,-2.9964044094085693,-0.09238409996032715,0.7142857142857143,0.4285714285714285,0.2859712243080139,0.1859712243080139
YHRRSHK,-3.3749046325683594,1.6272478103637695,0.4285714285714285,0.2857142857142857,0.2431524842977523,0.0431524842977524
MDSRSNN,0.7080536484718323,-3.2702507972717285,0.5714285714285714,0.1428571428571428,0.2018954157829284,0.0518954157829284
PYHNYGS,-1.4670172929763794,-0.2859033942222595,0.7142857142857143,0.4285714285714285,0.4589867293834686,0.3589867293834686
YKPTPID,1.463913083076477,-3.929325580596924,0.7142857142857143,0.4285714285714285,0.1326522678136825,0.0326522678136825
VYYMSRH,-3.5519931316375732,0.9003077149391174,0.5714285714285714,0.5714285714285714,0.2231189310550689,0.0731189310550689
TLNSSLF,-1.8067361116409302,-4.369843482971191,0.5714285714285714,0.5714285714285714,0.0863709673285484,0.0
YYPFSNI,-2.9409399032592773,0.45200225710868835,0.5714285714285714,0.2857142857142857,0.2922457754611969,0.1422457754611969
YYRNTNN,0.17655403912067413,-0.2883059084415436,0.4285714285714285,0.1428571428571428,0.5151818990707397,0.3151818990707398
YHSSMEN,0.3364432454109192,-3.6232376098632812,0.5714285714285714,0.1428571428571428,0.164810225367546,0.014810225367546
QYKWSNP,-1.5349987745285034,-0.14330635964870453,0.5714285714285714,0.4285714285714285,0.4512961506843567,0.3012961506843566
YHHMQWV,-2.9213907718658447,-0.1849406212568283,0.7142857142857143,0.4285714285714285,0.2944573163986206,0.1944573163986206
YVHRSIM,-1.9646029472351074,0.3394671082496643,0.7142857142857143,0.2857142857142857,0.4026961624622345,0.3026961624622345
ARHQNTY,-0.12585048377513885,-1.6759443283081055,0.7142857142857143,0.4285714285714285,0.3693950474262237,0.2693950474262238
VYSRSDN,0.35762980580329895,2.7518651485443115,0.4285714285714285,0.1428571428571428,0.665404200553894,0.4654042005538941
YYRHANK,-3.9010848999023438,0.46256759762763977,0.5714285714285714,0.2857142857142857,0.183627113699913,0.033627113699913
VSHRSAN,1.3122905492782593,-1.1672475337982178,0.5714285714285714,0.1428571428571428,0.4228393137454986,0.2728393137454986
YYQRNWF,-1.9558203220367432,0.853356122970581,0.7142857142857143,0.2857142857142857,0.4036897420883178,0.3036897420883179
CYNMSVN,-3.5874364376068115,-0.06619834899902344,0.5714285714285714,0.4285714285714285,0.2191093266010284,0.0691093266010284
YVDYLNH,-2.1552915573120117,-1.5505077838897705,0.5714285714285714,0.4285714285714285,0.3811240792274475,0.2311240792274475
YVRDSNT,1.2266600131988525,-0.8746305108070374,0.4285714285714285,0.2857142857142857,0.4535819888114929,0.2535819888114929
HNHEHNN,0.3168042302131653,-3.196669816970825,0.7142857142857143,0.2857142857142857,0.2096259146928787,0.1096259146928787
KYHFNDY,-1.1954190731048584,-1.5189677476882935,0.5714285714285714,0.4285714285714285,0.3858871757984161,0.2358871757984161
RSHLSNN,-0.031424254179000854,-1.2415869235992432,0.4285714285714285,0.2857142857142857,0.4150291085243225,0.2150291085243225
IWHYINN,-3.777167797088623,-0.11357568949460983,0.7142857142857143,0.1428571428571428,0.1976455301046371,0.0976455301046371
IYCSYVA,-4.134033203125,1.7174973487854004,0.5714285714285714,0.4285714285714285,0.1572742909193039,0.0072742909193039
YKRGSTF,-3.615337371826172,-0.5185973048210144,0.5714285714285714,0.4285714285714285,0.2159529775381088,0.0659529775381088
YSHQSNN,1.0414267778396606,-1.773806095123291,0.4285714285714285,0.1428571428571428,0.3591135740280151,0.1591135740280151
NSRSGTN,1.9319270849227905,-2.834874153137207,0.2857142857142857,0.2857142857142857,0.2476365715265274,0.0
QSSQAQN,-0.31022489070892334,-4.144530773162842,0.5714285714285714,0.2857142857142857,0.1100425720214843,0.0
QYERSNN,0.6321083903312683,-1.5409061908721924,0.5714285714285714,0.1428571428571428,0.3835822939872741,0.2335822939872741
YSRTKGN,-2.824146270751953,0.4247925281524658,0.4285714285714285,0.1428571428571428,0.3054583072662353,0.1054583072662353
YEKIMTH,0.1988661140203476,-3.546731948852539,0.5714285714285714,0.2857142857142857,0.1728479862213134,0.0228479862213134
NYPRDNL,0.43920424580574036,-2.6588878631591797,0.7142857142857143,0.2857142857142857,0.26612588763237,0.16612588763237
LHRRSDF,-0.3096102178096771,1.3592257499694824,0.4285714285714285,0.2857142857142857,0.5899211168289185,0.3899211168289185
MHRKGSE,-0.5790393352508545,0.08065793663263321,0.5714285714285714,0.4285714285714285,0.5539456605911255,0.4039456605911254
YHHDNSH,0.17804251611232758,-2.0441837310791016,0.7142857142857143,0.2857142857142857,0.3307074010372162,0.2307074010372162
YYTFINN,-3.066373109817505,0.432731032371521,0.5714285714285714,0.4285714285714285,0.2780558466911316,0.1280558466911316
MNKASDN,0.8584608435630798,-3.9972755908966064,0.5714285714285714,0.5714285714285714,0.1255133748054504,0.0
NVPSKYQ,1.553222417831421,-3.374913454055786,0.5714285714285714,0.2857142857142857,0.1908994317054748,0.0408994317054748
VIHRLMN,-0.8626511693000793,-0.4124787747859955,0.5714285714285714,0.1428571428571428,0.5021361112594604,0.3521361112594604
VVVSLFE,-2.5193512439727783,-2.7516064643859863,0.5714285714285714,0.5714285714285714,0.2563847601413727,0.1063847601413726
NPGWASK,-1.4533957242965698,-1.2117794752120972,0.7142857142857143,0.7142857142857143,0.4181607067584991,0.3181607067584991
WYRRLNR,-4.0107598304748535,0.21484634280204773,0.7142857142857143,0.4285714285714285,0.1712198853492736,0.0712198853492736
SYSVAND,0.15947352349758148,-2.205000638961792,0.7142857142857143,0.2857142857142857,0.3138117790222168,0.2138117790222168
LYCLAAA,-4.079180717468262,0.0770176351070404,0.5714285714285714,0.5714285714285714,0.1634796112775802,0.0134796112775802
MFHRESM,0.011195233091711998,-2.2105050086975098,0.7142857142857143,0.2857142857142857,0.3132334947586059,0.2132334947586059
YYHPGNN,-1.1013442277908325,-0.7788265347480774,0.5714285714285714,0.1428571428571428,0.4636472165584564,0.3136472165584564
YSHVSVN,0.24707727134227753,-0.8364081382751465,0.5714285714285714,0.1428571428571428,0.4575976729393005,0.3075976729393005
HSHRSNP,0.018904058262705803,-0.22661922872066498,0.5714285714285714,0.1428571428571428,0.5216627717018127,0.3716627717018127
ESRSSNN,0.9513866901397705,-3.3626627922058105,0.4285714285714285,0.1428571428571428,0.1921865046024322,0.0
YSRAGSM,2.098881483078003,0.058868762105703354,0.4285714285714285,0.2857142857142857,0.5516564846038818,0.3516564846038819
RTHRSAN,-4.265786647796631,0.09592466056346893,0.7142857142857143,0.2857142857142857,0.1423693746328354,0.0423693746328353
YQQHEND,-0.9719947576522827,-3.3298964500427246,0.7142857142857143,0.5714285714285714,0.1956289708614349,0.0956289708614349
YSLELTN,-0.8517453074455261,-3.151179075241089,0.5714285714285714,0.4285714285714285,0.2144052237272262,0.0644052237272262
AYSRSFN,-1.1999564170837402,1.2477161884307861,0.5714285714285714,0.1428571428571428,0.4891985952854156,0.3391985952854156
YISRVNN,1.2732319831848145,-1.8767406940460205,0.5714285714285714,0.1428571428571428,0.3482991456985473,0.1982991456985473
GYHFWNI,-4.607445240020752,0.7669475078582764,0.7142857142857143,0.4285714285714285,0.1037184447050094,0.0037184447050094
DCHLSSH,-3.421971559524536,-0.9504990577697754,0.5714285714285714,0.2857142857142857,0.2378279268741607,0.0878279268741607
MRRSSRG,-3.311387062072754,0.6599422693252563,0.7142857142857143,0.5714285714285714,0.250338077545166,0.150338077545166
VYHHAHS,-0.10160143673419952,-0.0489337183535099,0.5714285714285714,0.2857142857142857,0.5403306484222412,0.3903306484222412
AQGHSGN,0.5763862729072571,-3.9921884536743164,0.7142857142857143,0.4285714285714285,0.1260478347539901,0.0260478347539901
EERRSNN,0.9340763688087463,-3.392590284347534,0.4285714285714285,0.1428571428571428,0.1890422850847244,0.0
YSHRTAL,0.6563583612442017,-0.4603624641895294,0.4285714285714285,0.2857142857142857,0.4971054494380951,0.2971054494380951
KSVRSEH,-0.6566498875617981,-0.6489666700363159,0.5714285714285714,0.4285714285714285,0.4772904515266418,0.3272904515266418
YQHRLTH,-0.7377547025680542,-0.8184027671813965,0.7142857142857143,0.4285714285714285,0.4594893157482147,0.3594893157482147
TIGRSHQ,0.5078374147415161,-3.023714065551758,0.7142857142857143,0.4285714285714285,0.2277968376874923,0.1277968376874924
PHDRQIN,0.7832567691802979,-4.068721771240234,0.5714285714285714,0.2857142857142857,0.1180071532726287,0.0
GMHRGNL,1.367699384689331,-1.9007654190063477,0.7142857142857143,0.2857142857142857,0.3457750976085663,0.2457750976085663
YHRSSTK,-3.7258598804473877,1.3782360553741455,0.4285714285714285,0.2857142857142857,0.203449860215187,0.003449860215187
YSRSSTE,1.5329208374023438,0.23700842261314392,0.4285714285714285,0.2857142857142857,0.5703720450401306,0.3703720450401306
HYSFSSI,-2.7542593479156494,-0.26195892691612244,0.4285714285714285,0.4285714285714285,0.3133644461631775,0.1133644461631775
FYDKSWT,-1.6555147171020508,-0.2792711555957794,0.5714285714285714,0.4285714285714285,0.4376625120639801,0.2876625120639801
YSRSSPN,2.597914934158325,2.374415636062622,0.2857142857142857,0.1428571428571428,0.7949304580688477,0.5449304580688477
YERTSNH,0.8181605339050293,-2.655146598815918,0.4285714285714285,0.2857142857142857,0.2665189504623413,0.0665189504623413
NWEKNLT,0.8007096648216248,-2.0020105838775635,0.7142857142857143,0.4285714285714285,0.3351381421089172,0.2351381421089172
VYTFSDH,-2.500162363052368,0.2584323585033417,0.4285714285714285,0.4285714285714285,0.3421097695827484,0.1421097695827484
YYSRNQN,-0.25346454977989197,-0.5135128498077393,0.5714285714285714,0.0,0.4915213882923126,0.3415213882923126
SIIADSV,-1.2811905145645142,-3.9941248893737793,0.7142857142857143,0.5714285714285714,0.1258443892002105,0.0258443892002105
NYHRWWN,-3.99448299407959,1.1340771913528442,0.7142857142857143,0.2857142857142857,0.1730612367391586,0.0730612367391586
KYYRMLI,-4.864195346832275,-0.03968579322099686,0.5714285714285714,0.4285714285714285,0.074672982096672,0.0
YSHASNN,1.5357332229614258,-0.9631116390228271,0.4285714285714285,0.1428571428571428,0.4442860782146454,0.2442860782146454
AYHRTNA,0.9305596947669983,0.45223352313041687,0.5714285714285714,0.2857142857142857,0.5929837822914124,0.4429837822914123
YHRRSNN,-2.949784517288208,1.4256759881973267,0.1428571428571428,0.1428571428571428,0.2912451922893524,0.0
VEIFQPD,-1.5420937538146973,-3.7529969215393066,0.7142857142857143,0.7142857142857143,0.1511775553226471,0.0511775553226471
YTHSMYE,-1.3915178775787354,-2.831490993499756,0.7142857142857143,0.4285714285714285,0.2479920089244842,0.1479920089244842
KVNMSVW,-1.815673828125,-1.8681548833847046,0.7142857142857143,0.5714285714285714,0.3492011725902557,0.2492011725902557
QYHLSNN,0.18482398986816406,-1.2596056461334229,0.4285714285714285,0.1428571428571428,0.4131360650062561,0.2131360650062561
IHRVSTN,2.084714889526367,0.8662441372871399,0.4285714285714285,0.2857142857142857,0.6364802122116089,0.4364802122116089
YHRHGAN,0.34205010533332825,1.2880792617797852,0.4285714285714285,0.2857142857142857,0.6636416912078857,0.4636416912078858
INVMQLN,-1.2466009855270386,-3.8216795921325684,0.5714285714285714,0.5714285714285714,0.1439616829156875,0.0
YVRYLPN,-2.63653302192688,0.8801382780075073,0.4285714285714285,0.4285714285714285,0.3266825079917907,0.1266825079917908
NYSRYRA,-4.097189426422119,0.23779915273189545,0.7142857142857143,0.4285714285714285,0.1614423245191574,0.0614423245191574
DHHGLIQ,-0.666304886341095,-4.026188850402832,0.7142857142857143,0.2857142857142857,0.1224757134914398,0.0224757134914398
HCSRSPN,-3.6643590927124023,0.5186076760292053,0.5714285714285714,0.1428571428571428,0.2104072719812393,0.0604072719812393
YRYLLNN,-2.9222424030303955,-0.5762369632720947,0.4285714285714285,0.4285714285714285,0.2943609654903412,0.0943609654903412
EHRRSNQ,-1.234889030456543,0.07190542668104172,0.4285714285714285,0.1428571428571428,0.4852467775344848,0.2852467775344849
YSPRKGN,-2.4085652828216553,-0.9439187049865723,0.5714285714285714,0.4285714285714285,0.3524718880653381,0.2024718880653381
CYHRPLN,-3.832038640975952,1.5551644563674927,0.5714285714285714,0.2857142857142857,0.1914381384849548,0.0414381384849548
DHRRYNN,-2.4719371795654297,-0.008579718880355358,0.4285714285714285,0.2857142857142857,0.3453027904033661,0.1453027904033661
YYTRTGE,0.43332409858703613,-1.1695245504379272,0.4285714285714285,0.4285714285714285,0.4226000607013702,0.2226000607013702
YNHRESN,1.5242869853973389,-2.270380973815918,0.5714285714285714,0.1428571428571428,0.3069428503513336,0.1569428503513336
FYHASEN,-1.8152905702590942,-0.4973239302635193,0.5714285714285714,0.2857142857142857,0.41958749294281,0.26958749294281
VNRNANN,2.152914524078369,-3.9262523651123047,0.4285714285714285,0.2857142857142857,0.1329751461744308,0.0
YARNNIP,2.4288294315338135,-1.5206263065338135,0.5714285714285714,0.2857142857142857,0.3857129216194153,0.2357129216194153
YPHRASN,1.914849042892456,-0.8783248662948608,0.5714285714285714,0.1428571428571428,0.4531938135623932,0.3031938135623931
CLRSSVS,-3.405803680419922,0.19713550806045532,0.7142857142857143,0.4285714285714285,0.2396569550037384,0.1396569550037384
DPHLSGT,0.27414458990097046,-4.387273788452148,0.7142857142857143,0.5714285714285714,0.0845397189259529,0.0
YDHKATN,1.4497184753417969,-2.687120199203491,0.5714285714285714,0.1428571428571428,0.2631597816944122,0.1131597816944122
IYRISDN,-0.41265320777893066,-0.5850088596343994,0.4285714285714285,0.2857142857142857,0.4840099215507507,0.2840099215507508
YSRDQGN,1.7077456712722778,0.0899994745850563,0.4285714285714285,0.2857142857142857,0.5549271106719971,0.3549271106719971
LHHRSGN,0.2888658940792084,0.331099271774292,0.4285714285714285,0.2857142857142857,0.5802572965621948,0.3802572965621948
YYHKSNN,0.5163589119911194,0.020268311724066734,0.4285714285714285,0.0,0.547601044178009,0.3476010441780091
EHYRNQT,0.5214509963989258,-1.496058702468872,0.7142857142857143,0.4285714285714285,0.3882940411567688,0.2882940411567688
AYSRNFN,-1.488102912902832,-0.20194920897483826,0.7142857142857143,0.2857142857142857,0.4566013514995575,0.3566013514995575
VYTRKNN,-2.193129301071167,1.6689952611923218,0.4285714285714285,0.1428571428571428,0.3768436014652252,0.1768436014652252
MYHEYPN,-2.015383243560791,-1.537449836730957,0.7142857142857143,0.2857142857142857,0.3839454352855682,0.2839454352855682
YSRIDSP,1.9142895936965942,0.6204030513763428,0.4285714285714285,0.2857142857142857,0.6106518507003784,0.4106518507003784
YKHLERS,-0.5119751691818237,0.254550963640213,0.7142857142857143,0.4285714285714285,0.5670281052589417,0.4670281052589417
TSRLSSY,0.6574012637138367,-2.572493076324463,0.4285714285714285,0.4285714285714285,0.2752026319503784,0.0752026319503784
KMSHSNQ,0.7900964617729187,-2.744321346282959,0.7142857142857143,0.4285714285714285,0.2571501433849334,0.1571501433849335
NINRNTI,1.8251131772994995,-3.6127676963806152,0.7142857142857143,0.4285714285714285,0.1659101992845535,0.0659101992845535
EIHQALN,-0.17274099588394165,-4.541051864624023,0.7142857142857143,0.5714285714285714,0.0683836191892623,0.0
EVIKTKN,1.2403485774993896,-3.350083351135254,0.5714285714285714,0.2857142857142857,0.193508118391037,0.0435081183910369
QFSDHAN,-0.1255827248096466,-4.150455474853516,0.8571428571428571,0.4285714285714285,0.1094201207160949,0.0594201207160949
YSRSAIN,2.2699363231658936,1.1106626987457275,0.2857142857142857,0.0,0.6621591448783875,0.4121591448783874
YYHWLNM,-4.085836410522461,-0.19543223083019257,0.7142857142857143,0.2857142857142857,0.1627266705036163,0.0627266705036163
NSHRSTE,0.6061734557151794,-2.7648496627807617,0.5714285714285714,0.2857142857142857,0.2549934089183807,0.1049934089183807
YYERSNE,-0.7969712018966675,-0.05348140746355057,0.5714285714285714,0.1428571428571428,0.5347872376441956,0.3847872376441955
HESRYTL,-1.032476544380188,-2.532052993774414,0.7142857142857143,0.4285714285714285,0.279451310634613,0.179451310634613
RVQPGIN,1.1575218439102173,-3.6306545734405518,0.7142857142857143,0.4285714285714285,0.164030984044075,0.064030984044075
NYSSSNE,0.07671080529689789,-3.493075132369995,0.5714285714285714,0.2857142857142857,0.1784852296113968,0.0284852296113967
YHNLAHK,0.45439040660858154,-0.833618700504303,0.5714285714285714,0.4285714285714285,0.4578907191753387,0.3078907191753387
YSHIKNE,1.8943209648132324,-2.0507144927978516,0.5714285714285714,0.2857142857142857,0.3300212621688843,0.1800212621688842
YKKASQS,-1.5273841619491577,-0.5407606959342957,0.5714285714285714,0.4285714285714285,0.4521575570106506,0.3021575570106506
QCRHSGN,-3.634568691253662,0.023854751139879227,0.5714285714285714,0.2857142857142857,0.2137773782014846,0.0637773782014846
NTHFGLR,-1.8012861013412476,-1.0600008964538574,0.7142857142857143,0.4285714285714285,0.4211717545986175,0.3211717545986176
NYSVSNN,0.8038359880447388,-2.795973539352417,0.5714285714285714,0.1428571428571428,0.2517235279083252,0.1017235279083252
GYHRESL,-0.15671946108341217,-0.7138015031814575,0.5714285714285714,0.4285714285714285,0.4704788625240326,0.3204788625240325
FYWRNNP,-2.661797523498535,1.7734649181365967,0.5714285714285714,0.2857142857142857,0.323824405670166,0.173824405670166
THIKFKS,-1.768675684928894,-1.2388136386871338,0.7142857142857143,0.4285714285714285,0.415320485830307,0.315320485830307
YHRHLEN,0.42452195286750793,0.04853007569909096,0.4285714285714285,0.1428571428571428,0.5505702495574951,0.3505702495574951
FKHRCHP,-3.83964204788208,0.13300152122974396,0.7142857142857143,0.2857142857142857,0.1905779838562011,0.0905779838562011
YYRASEN,-0.650150716304779,0.6612988114356995,0.4285714285714285,0.1428571428571428,0.5513966679573059,0.3513966679573059
VDRRKKN,-2.0182676315307617,0.20818807184696198,0.7142857142857143,0.4285714285714285,0.3966252207756042,0.2966252207756042
IKHSFHN,0.323075532913208,-0.8974207043647766,0.7142857142857143,0.4285714285714285,0.4511875808238983,0.3511875808238983
YSHRSYF,-2.0235953330993652,0.5732029676437378,0.5714285714285714,0.1428571428571428,0.3960225284099579,0.2460225284099579
VYERFRN,-1.3105363845825195,-0.7149606943130493,0.5714285714285714,0.4285714285714285,0.4703570902347564,0.3203570902347564
YYHVCEN,-4.167489051818848,0.22907033562660217,0.7142857142857143,0.2857142857142857,0.1534895151853561,0.0534895151853561
YVDWSPN,-2.799285411834717,0.952698290348053,0.4285714285714285,0.2857142857142857,0.3082707524299621,0.1082707524299621
YSADSTS,-0.36377453804016113,-3.7736189365386963,0.7142857142857143,0.4285714285714285,0.1490109860897064,0.0490109860897064
VYRIGNS,0.8934422731399536,-0.7391214966773987,0.5714285714285714,0.4285714285714285,0.4678187072277069,0.3178187072277069
WYKQQSN,-0.9133333563804626,-0.24423660337924957,0.7142857142857143,0.2857142857142857,0.5198118686676025,0.4198118686676025
SSRSLGN,0.9569800496101379,-2.49345326423645,0.5714285714285714,0.1428571428571428,0.2835066318511963,0.1335066318511963
MYLWTNM,-4.362232685089111,0.831177294254303,0.5714285714285714,0.5714285714285714,0.1314586848020553,0.0
IHLRSNV,0.5488190650939941,-0.41615065932273865,0.5714285714285714,0.2857142857142857,0.5017504096031189,0.3517504096031189
YCRLSNK,-4.020686149597168,0.6822789311408997,0.2857142857142857,0.2857142857142857,0.1700969338417053,0.0
ILHSSGR,-0.7040604948997498,-2.8594305515289307,0.7142857142857143,0.4285714285714285,0.2450566440820694,0.1450566440820694
FMYYSAY,-3.942190170288086,0.1379353553056717,0.7142857142857143,0.5714285714285714,0.1789769828319549,0.0789769828319549
TSQPVRN,0.9941288828849792,-3.970892906188965,0.7142857142857143,0.2857142857142857,0.1282851696014404,0.0282851696014404
YFAKLSG,0.3666078746318817,-2.2540946006774902,0.7142857142857143,0.5714285714285714,0.3086539208889007,0.2086539208889007
FIHTSPS,-0.33314624428749084,-4.414482116699219,0.7142857142857143,0.5714285714285714,0.0816811844706535,0.0
IHHRVST,0.8127759695053101,-0.7130112648010254,0.7142857142857143,0.2857142857142857,0.4705618619918823,0.3705618619918823
YHKLGGY,0.7364178895950317,-0.15377791225910187,0.4285714285714285,0.2857142857142857,0.5293155312538147,0.3293155312538147
WSRSHNP,-0.3298783302307129,-1.6169434785842896,0.7142857142857143,0.4285714285714285,0.37559375166893,0.2755937516689301
NEQPSSN,-1.327608585357666,-4.655243873596191,0.5714285714285714,0.4285714285714285,0.0563864819705486,0.0
YRPSGLN,1.737467885017395,-3.0906896591186523,0.4285714285714285,0.2857142857142857,0.2207603007555008,0.0207603007555008
IHHRDAP,1.1674048900604248,-2.245868682861328,0.7142857142857143,0.4285714285714285,0.3095181584358215,0.2095181584358215
PYLSVNA,-0.4242609739303589,-2.494483470916748,0.7142857142857143,0.1428571428571428,0.2833983898162842,0.1833983898162842
YHGWNHA,-1.034570336341858,-0.5610443949699402,0.7142857142857143,0.0,0.4865277111530304,0.3865277111530304
YTCRSCC,-3.289531707763672,0.9251866936683655,0.7142857142857143,0.4285714285714285,0.2528105080127716,0.1528105080127716
YKDINDN,0.7236875295639038,-3.639434337615967,0.5714285714285714,0.4285714285714285,0.1631085723638534,0.0131085723638534
RWHGSLN,-2.0351431369781494,0.14751246571540833,0.5714285714285714,0.4285714285714285,0.3947161436080932,0.2447161436080932
TYRHFQS,-1.8443793058395386,0.7070717811584473,0.7142857142857143,0.4285714285714285,0.4162967503070831,0.3162967503070831
NYHRSSN,0.7073678374290466,1.2554062604904175,0.5714285714285714,0.0,0.6773660182952881,0.5273660182952881
NKERYNM,0.5448440909385681,-2.864459276199341,0.8571428571428571,0.4285714285714285,0.2445283234119415,0.1945283234119415
YYIRHMP,-2.997981309890747,-0.06077001616358757,0.5714285714285714,0.4285714285714285,0.2857928276062011,0.1357928276062011
NYNRSHN,0.5416133999824524,-1.235877275466919,0.5714285714285714,0.2857142857142857,0.415628969669342,0.265628969669342
YAHRSNN,2.1390860080718994,1.2352080345153809,0.4285714285714285,0.0,0.6752439737319946,0.4752439737319947
LYLTMNA,-1.9114898443222046,-2.486607551574707,0.7142857142857143,0.5714285714285714,0.2842258512973785,0.1842258512973785
YHRRLSN,-3.3336691856384277,1.6039879322052002,0.4285714285714285,0.1428571428571428,0.2478173524141311,0.0478173524141311
CHVNPIT,-3.7593960762023926,-0.6223143935203552,0.7142857142857143,0.2857142857142857,0.199655994772911,0.099655994772911
YDSRSFR,-1.211910367012024,-0.9871401190757751,0.7142857142857143,0.4285714285714285,0.4417615830898285,0.3417615830898285
PYYYFGN,-3.9279353618621826,0.05828813463449478,0.7142857142857143,0.4285714285714285,0.1805895864963531,0.0805895864963531
VFSEKVA,1.0002702474594116,-2.8636555671691895,0.7142857142857143,0.4285714285714285,0.244612768292427,0.144612768292427
YSEHNKN,1.547743320465088,-2.7161478996276855,0.4285714285714285,0.4285714285714285,0.260110080242157,0.060110080242157
WDMSSFG,-3.2802224159240723,-0.08638466894626617,0.7142857142857143,0.5714285714285714,0.2538636326789856,0.1538636326789856
YAHRSNN,2.1390860080718994,1.2352080345153809,0.4285714285714285,0.0,0.6752439737319946,0.4752439737319947
NHHSGFN,-0.23061203956604004,-2.853656768798828,0.5714285714285714,0.2857142857142857,0.2456632554531097,0.0956632554531097
YHHSPLN,0.38549479842185974,-1.1604480743408203,0.5714285714285714,0.2857142857142857,0.4235536456108093,0.2735536456108093
VYSEMNQ,-0.8462424278259277,-1.7319536209106445,0.7142857142857143,0.4285714285714285,0.3635106384754181,0.2635106384754181
PSRERNN,1.2869219779968262,-3.688340902328491,0.5714285714285714,0.4285714285714285,0.1579703986644745,0.0079703986644744
YYRQLNK,-3.4508583545684814,-0.460448682308197,0.5714285714285714,0.4285714285714285,0.2345600426197052,0.0845600426197052
YNIRFGN,-0.6703782081604004,-1.8097608089447021,0.7142857142857143,0.4285714285714285,0.3553361296653747,0.2553361296653748
TYRQSSN,1.6779166460037231,-1.4233756065368652,0.4285714285714285,0.4285714285714285,0.3959302008152008,0.1959302008152008
YSHRTEL,0.5253554582595825,-0.6647388339042664,0.5714285714285714,0.2857142857142857,0.475633442401886,0.3256334424018859
YSFQMQN,-1.7463237047195435,-0.4029921889305115,0.5714285714285714,0.4285714285714285,0.427389532327652,0.2773895323276519
YYKTKQM,-1.8261568546295166,-0.3596276640892029,0.7142857142857143,0.1428571428571428,0.4183582067489624,0.3183582067489624
YTSRANA,2.4210028648376465,-2.0324149131774902,0.5714285714285714,0.2857142857142857,0.3319438397884369,0.1819438397884369
RYCVTNN,-3.8296871185302734,0.057784002274274826,0.7142857142857143,0.1428571428571428,0.1917041540145874,0.0917041540145874
YPRPSNW,-1.0731676816940308,-0.4624914824962616,0.4285714285714285,0.4285714285714285,0.496881753206253,0.2968817532062531
YYHSIPN,-1.7445182800292969,-0.2514975965023041,0.4285714285714285,0.2857142857142857,0.4275937676429748,0.2275937676429748
YYSRSGN,0.733134388923645,0.07231447100639343,0.5714285714285714,0.1428571428571428,0.5530690550804138,0.4030690550804138
YYARGVW,-3.3968772888183594,0.04208139702677727,0.5714285714285714,0.2857142857142857,0.240666776895523,0.090666776895523
YSDGAYI,-1.546148657798767,-1.6411830186843872,0.5714285714285714,0.5714285714285714,0.3730471134185791,0.2230471134185791
PYHRAWW,-4.14799165725708,1.6869252920150757,0.7142857142857143,0.4285714285714285,0.1556951999664306,0.0556951999664306
YLRSSNN,2.062736749649048,0.2720581889152527,0.2857142857142857,0.1428571428571428,0.5740543603897095,0.3240543603897095
VYHRPHW,-1.707112431526184,0.6408330202102661,0.5714285714285714,0.2857142857142857,0.4318253993988037,0.2818253993988037
IYHLSRH,-1.7210315465927124,0.22582748532295227,0.5714285714285714,0.4285714285714285,0.430250734090805,0.280250734090805
YYRRKAN,-3.8366267681121826,1.2178207635879517,0.5714285714285714,0.2857142857142857,0.1909190863370895,0.0409190863370895
YYHDSMN,-1.382847785949707,-0.9727934002876282,0.5714285714285714,0.2857142857142857,0.4432688355445862,0.2932688355445861
YSKIVSN,2.498857021331787,-0.6734544634819031,0.4285714285714285,0.4285714285714285,0.474717766046524,0.2747177660465241
YYHSLTN,-1.8997647762298584,-0.5008427500724792,0.4285714285714285,0.2857142857142857,0.4100311398506164,0.2100311398506164
YYHTLAI,-2.9004321098327637,-0.04009009525179863,0.7142857142857143,0.2857142857142857,0.2968282997608185,0.1968282997608185
NHRRGNV,-3.6551477909088135,-0.07743790745735168,0.5714285714285714,0.4285714285714285,0.2114493250846862,0.0614493250846862
YSRRSTN,-1.765214204788208,1.0001578330993652,0.4285714285714285,0.1428571428571428,0.4252524971961975,0.2252524971961975
YYSSDPE,-1.3588156700134277,-2.0671608448028564,0.5714285714285714,0.4285714285714285,0.3282933831214905,0.1782933831214904
QSHRSEP,0.926386833190918,-1.9058256149291992,0.5714285714285714,0.2857142857142857,0.3452434539794922,0.1952434539794922
YYHRSMA,-1.7298375368118286,0.39509493112564087,0.5714285714285714,0.1428571428571428,0.4292545616626739,0.2792545616626739
IYHREAN,1.122729778289795,0.3428587019443512,0.7142857142857143,0.1428571428571428,0.5814927816390991,0.4814927816390991
YRRRQNN,-3.5837106704711914,0.6873292922973633,0.4285714285714285,0.2857142857142857,0.2195308208465576,0.0195308208465576
YHTNSPH,0.4851575791835785,-3.0959322452545166,0.5714285714285714,0.4285714285714285,0.2202095091342926,0.0702095091342926
YYSRNIN,-0.8457783460617065,-0.5558677315711975,0.5714285714285714,0.1428571428571428,0.487071543931961,0.337071543931961
YHKVSNN,2.4933085441589355,0.29792702198028564,0.2857142857142857,0.1428571428571428,0.576772153377533,0.3267721533775329
YYRRAYN,-3.2297685146331787,0.04475231096148491,0.4285714285714285,0.2857142857142857,0.2595713436603546,0.0595713436603546
FYRRSYN,-3.1581363677978516,0.29793500900268555,0.5714285714285714,0.2857142857142857,0.2676748931407928,0.1176748931407928
HHSNSNN,-0.19224707782268524,-3.021268844604492,0.4285714285714285,0.2857142857142857,0.2280537337064743,0.0280537337064743
YTRRDQN,0.8138388991355896,-2.250643730163574,0.5714285714285714,0.2857142857142857,0.309016466140747,0.159016466140747
YHHRSNN,0.15554393827915192,1.2076259851455688,0.2857142857142857,0.1428571428571428,0.6425427198410034,0.3925427198410034
QYRRSNN,-3.216153383255005,0.40572839975357056,0.4285714285714285,0.1428571428571428,0.2611115872859955,0.0611115872859955
YHRRGIP,-2.624547004699707,1.287172794342041,0.4285714285714285,0.2857142857142857,0.3280384540557861,0.1280384540557861
YSHLSNH,0.7833645343780518,-1.3197065591812134,0.4285714285714285,0.2857142857142857,0.4068217873573303,0.2068217873573303
AYRKNEK,-2.0900259017944336,0.26637905836105347,0.7142857142857143,0.5714285714285714,0.3885073959827423,0.2885073959827423
ISHMSQE,0.3792514503002167,-4.373415470123291,0.7142857142857143,0.4285714285714285,0.0859956890344619,0.0
MHHNHQN,-0.9593538045883179,-1.555167317390442,0.7142857142857143,0.4285714285714285,0.3820840120315552,0.2820840120315552
IYRSSTN,1.7407665252685547,-1.2133432626724243,0.4285714285714285,0.2857142857142857,0.4179964363574981,0.2179964363574981
QHHRSNS,0.22661548852920532,0.33396586775779724,0.5714285714285714,0.2857142857142857,0.5805584788322449,0.4305584788322448
QYKRSNN,-1.7355942726135254,0.6532201170921326,0.5714285714285714,0.1428571428571428,0.428603321313858,0.278603321313858
SYHRGNN,0.46520015597343445,1.0633736848831177,0.5714285714285714,0.1428571428571428,0.6571908593177795,0.5071908593177795
YYSIVNK,-0.9334187507629395,-1.295868158340454,0.7142857142857143,0.2857142857142857,0.4093262851238251,0.3093262851238251
YHPRGNG,1.9110668897628784,-2.184368133544922,0.5714285714285714,0.4285714285714285,0.3159794509410858,0.1659794509410858
YSRREDN,1.1189706325531006,-1.8264760971069336,0.4285714285714285,0.2857142857142857,0.3535799980163574,0.1535799980163574
IYGRSGN,1.6887050867080688,-0.7802391648292542,0.5714285714285714,0.1428571428571428,0.4634988307952881,0.313498830795288
HYHRGTH,-0.981663167476654,1.0550448894500732,0.5714285714285714,0.4285714285714285,0.5138935446739197,0.3638935446739196
YSHRAAV,1.1703596115112305,-0.584632158279419,0.5714285714285714,0.2857142857142857,0.4840494990348816,0.3340494990348815
YHSRLKN,-2.8306753635406494,-0.009183432906866074,0.5714285714285714,0.2857142857142857,0.3047196865081787,0.1547196865081787
QYYRVNE,-1.8793985843658447,0.21368452906608582,0.7142857142857143,0.4285714285714285,0.4123351275920868,0.3123351275920868
YSRRVVN,-1.9982390403747559,1.2919890880584717,0.4285714285714285,0.2857142857142857,0.3988910019397735,0.1988910019397735
YHHHGSN,0.09497430920600891,-0.06322792172431946,0.5714285714285714,0.2857142857142857,0.5388287901878357,0.3888287901878356
DSHSEID,-0.6236577033996582,-4.154970169067383,0.7142857142857143,0.5714285714285714,0.1089458018541336,0.0089458018541336
YYLWYND,-4.1775221824646,0.5344475507736206,0.5714285714285714,0.4285714285714285,0.1523544937372207,0.0023544937372207
YYSRSDI,-0.14092449843883514,0.02239421010017395,0.4285714285714285,0.1428571428571428,0.5478243827819824,0.3478243827819824
PYHVLVS,-2.662421226501465,-1.350479006767273,0.7142857142857143,0.4285714285714285,0.3237538337707519,0.2237538337707519
YYRRPDN,-1.015712022781372,0.16429701447486877,0.5714285714285714,0.1428571428571428,0.5100416541099548,0.3600416541099548
YHMRSNN,0.6399373412132263,0.20908324420452118,0.2857142857142857,0.0,0.5674381256103516,0.3174381256103515
QYRHSAT,0.5234066247940063,0.0067582097835838795,0.7142857142857143,0.2857142857142857,0.5461816787719727,0.4461816787719727
IYSRNNN,0.9791157245635986,1.3348230123519897,0.5714285714285714,0.1428571428571428,0.6857096552848816,0.5357096552848816
SSHVLTN,-0.41375184059143066,-3.6187167167663574,0.7142857142857143,0.4285714285714285,0.1652851849794387,0.0652851849794387
YDSRSNN,1.0020523071289062,-1.7356929779052734,0.4285714285714285,0.1428571428571428,0.3631177842617035,0.1631177842617035
YFHISYN,-3.302807331085205,-0.46227699518203735,0.5714285714285714,0.2857142857142857,0.2513086795806885,0.1013086795806884
YYHSQIF,-3.120445489883423,-0.5480332374572754,0.4285714285714285,0.2857142857142857,0.2719387710094452,0.0719387710094452
VHHMSNQ,0.6102499961853027,-1.8509202003479004,0.5714285714285714,0.2857142857142857,0.3510118722915649,0.2010118722915649
YVRHSIN,0.15777523815631866,1.196921706199646,0.4285714285714285,0.2857142857142857,0.642795205116272,0.442795205116272
NYAVSNN,0.4972873032093048,-2.829793930053711,0.5714285714285714,0.2857142857142857,0.2481703013181686,0.0981703013181686
HYRPSGN,0.7074788212776184,-1.131514072418213,0.5714285714285714,0.2857142857142857,0.4265934824943542,0.2765934824943542
YYHRSIS,-1.7510696649551392,0.6920437812805176,0.5714285714285714,0.2857142857142857,0.4268526434898376,0.2768526434898376
ISRRKNN,-2.4966068267822266,0.4981095492839813,0.5714285714285714,0.2857142857142857,0.3425119817256927,0.1925119817256927
YSHRFGD,0.7000798583030701,-0.6818163394927979,0.5714285714285714,0.2857142857142857,0.4738392233848572,0.3238392233848571
VHRSSTE,1.5368239879608154,-1.7164250612258911,0.5714285714285714,0.2857142857142857,0.3651421070098877,0.2151421070098877
VHHRVDP,1.2079510688781738,-1.4232761859893799,0.5714285714285714,0.4285714285714285,0.3959406316280365,0.2459406316280365
LYRRLKN,-4.134332180023193,0.5408284068107605,0.5714285714285714,0.4285714285714285,0.1572404652833938,0.0072404652833938
YHPMSNL,-0.01056993193924427,-2.297800064086914,0.4285714285714285,0.4285714285714285,0.3040621876716614,0.1040621876716614
YYRRIHN,-4.113200664520264,-0.0023522840347141027,0.5714285714285714,0.2857142857142857,0.1596310138702392,0.0096310138702392
YYRSSQN,-0.26147204637527466,0.8588989973068237,0.4285714285714285,0.1428571428571428,0.5953668355941772,0.3953668355941773
YSRKTSN,-2.3022403717041016,1.4680315256118774,0.4285714285714285,0.2857142857142857,0.3645001351833343,0.1645001351833343
VSHSSNN,0.8387623429298401,-4.0910420417785645,0.5714285714285714,0.1428571428571428,0.1156621575355529,0.0
YYHLSNN,-2.2084712982177734,-0.34980231523513794,0.2857142857142857,0.1428571428571428,0.375108003616333,0.125108003616333
YYRRSNN,-3.154005289077759,0.9878677725791931,0.2857142857142857,0.0,0.2681422531604767,0.0181422531604766
QSHRLNN,1.3356151580810547,-1.1022979021072388,0.7142857142857143,0.2857142857142857,0.4296630024909973,0.3296630024909973
YYHRSMT,-2.0786101818084717,0.37715503573417664,0.5714285714285714,0.1428571428571428,0.3897988498210907,0.2397988498210907
LYRSLSN,0.23650187253952026,-1.13545823097229,0.4285714285714285,0.2857142857142857,0.4261790812015533,0.2261790812015533
YHHRISN,-0.1771986484527588,0.4793177843093872,0.5714285714285714,0.1428571428571428,0.5958293080329895,0.4458293080329895
YHRRLNN,-3.071010112762451,1.3579901456832886,0.2857142857142857,0.1428571428571428,0.2775312662124634,0.0275312662124633
VYHRALS,-0.23555496335029602,1.6907390356063843,0.4285714285714285,0.2857142857142857,0.5982987284660339,0.398298728466034
YSRRVNL,-2.617236852645874,0.30959516763687134,0.5714285714285714,0.2857142857142857,0.3288654386997223,0.1788654386997223
YSRSQSA,2.1908533573150635,0.35760900378227234,0.5714285714285714,0.2857142857142857,0.5830424427986145,0.4330424427986145
SYRSSAY,-0.16176103055477142,-0.5149461627006531,0.7142857142857143,0.4285714285714285,0.49137082695961,0.39137082695961
NHTQSAN,0.7857160568237305,-3.530956745147705,0.5714285714285714,0.4285714285714285,0.174505352973938,0.0245053529739379
YHHSSLN,0.605674684047699,-0.5554566383361816,0.4285714285714285,0.1428571428571428,0.4871147274971008,0.2871147274971009
YYRRANN,-3.307755708694458,0.20897573232650757,0.4285714285714285,0.1428571428571428,0.250748872756958,0.050748872756958
MHRRNGN,-2.627533435821533,0.3864757716655731,0.5714285714285714,0.2857142857142857,0.3277006149291992,0.1777006149291992
YSHWNHN,-0.46869224309921265,0.22428159415721893,0.4285714285714285,0.4285714285714285,0.5690349340438843,0.3690349340438843
YYRRVIN,-4.17531156539917,0.17183813452720642,0.5714285714285714,0.1428571428571428,0.1526045799255371,0.0026045799255371
YYHRSNN,-0.9529139399528503,1.031571388244629,0.4285714285714285,0.0,0.5171458721160889,0.3171458721160889
YHHRSTW,-2.3023509979248047,0.8207526206970215,0.5714285714285714,0.2857142857142857,0.3644876480102539,0.2144876480102539
RLIRDQY,-1.297141194343567,-1.9772065877914429,0.7142857142857143,0.5714285714285714,0.3377440869808197,0.2377440869808197
NYHRNNN,0.7986204624176025,-0.134889617562294,0.7142857142857143,0.1428571428571428,0.5313000082969666,0.4313000082969666
YYEFLAS,-2.9683423042297363,-0.41041305661201477,0.7142857142857143,0.5714285714285714,0.2891457974910736,0.1891457974910736
NYRRHND,-1.9364486932754517,-0.4641350209712982,0.7142857142857143,0.2857142857142857,0.4058811962604522,0.3058811962604523
HYHSSNN,0.31057706475257874,-0.9029712677001953,0.5714285714285714,0.1428571428571428,0.4506044685840606,0.3006044685840606
PSHKSMN,1.1453746557235718,-2.627044916152954,0.5714285714285714,0.4285714285714285,0.2694713473320007,0.1194713473320007
YSSRKSD,1.6199198961257935,-2.185342311859131,0.5714285714285714,0.4285714285714285,0.3158771097660064,0.1658771097660064
LYHRAGA,0.7073991894721985,-0.7872942090034485,0.5714285714285714,0.2857142857142857,0.4627576172351837,0.3127576172351837
YKHRSNN,-2.91833233833313,1.0757311582565308,0.4285714285714285,0.1428571428571428,0.2948032915592193,0.0948032915592193
YYRKIHN,-3.1885488033294678,0.05409808084368706,0.5714285714285714,0.4285714285714285,0.2642344236373901,0.1142344236373901
SYHRENN,1.1577394008636475,-0.4329676032066345,0.7142857142857143,0.2857142857142857,0.4999835789203644,0.3999835789203644
YYHHILL,-3.530409097671509,-0.48261916637420654,0.7142857142857143,0.4285714285714285,0.2255606800317764,0.1255606800317764
YHSRHSN,-0.1372607946395874,0.6919026374816895,0.5714285714285714,0.2857142857142857,0.609418511390686,0.459418511390686
YLGRSKN,-3.0277607440948486,-0.509991466999054,0.5714285714285714,0.4285714285714285,0.2824239432811737,0.1324239432811737
YYRRNEN,-1.2345589399337769,0.6633309125900269,0.4285714285714285,0.1428571428571428,0.4852840900421142,0.2852840900421143
YYHRSME,-0.5688797235488892,0.04219559580087662,0.5714285714285714,0.1428571428571428,0.5499047636985779,0.3999047636985778
WYYRENN,-1.6016912460327148,0.26974472403526306,0.7142857142857143,0.2857142857142857,0.4437514245510101,0.3437514245510101
YEAKSNH,1.3918873071670532,-3.0373477935791016,0.5714285714285714,0.4285714285714285,0.2263644635677337,0.0763644635677337
LYHRNNE,1.1476047039031982,-0.7200976014137268,0.7142857142857143,0.2857142857142857,0.4698173701763153,0.3698173701763153
YYHSFGN,-2.35882306098938,0.05494122579693794,0.5714285714285714,0.2857142857142857,0.358099102973938,0.208099102973938
PYRRLGN,-3.6963906288146973,0.04951414093375206,0.7142857142857143,0.2857142857142857,0.2067836374044418,0.1067836374044418
YHMLSGK,-0.7768003940582275,-0.8985720872879028,0.4285714285714285,0.4285714285714285,0.451066642999649,0.2510666429996491
YYHVSNN,-1.769732117652893,-0.9042699933052063,0.4285714285714285,0.1428571428571428,0.4247414171695709,0.2247414171695709
YSSRFSN,0.9058091640472412,-2.2121424674987793,0.5714285714285714,0.2857142857142857,0.3130614757537842,0.1630614757537841
YGHRSNS,1.7719659805297852,-0.5077929496765137,0.5714285714285714,0.2857142857142857,0.4921223521232605,0.3421223521232605
SPHSAGN,0.7526156306266785,-4.509319305419922,0.7142857142857143,0.4285714285714285,0.0717174783349037,0.0
AHHRSMN,0.11907777190208435,0.46715599298477173,0.5714285714285714,0.1428571428571428,0.5945515632629395,0.4445515632629394
YSSISNS,1.111371636390686,-2.7909367084503174,0.5714285714285714,0.2857142857142857,0.2522526979446411,0.1022526979446411
LMHRQSN,0.7767610549926758,-0.43521520495414734,0.5714285714285714,0.2857142857142857,0.4997474551200866,0.3497474551200866
YFHSLEN,-2.0686275959014893,-0.07169938832521439,0.5714285714285714,0.4285714285714285,0.3909281492233276,0.2409281492233276
YYRHGPT,-1.4280227422714233,0.044635213911533356,0.4285714285714285,0.4285714285714285,0.4633980393409729,0.2633980393409729
QYRRSGN,-2.9632556438446045,-0.11540333926677704,0.5714285714285714,0.1428571428571428,0.2897212505340576,0.1397212505340576
YHSRSPG,1.9233283996582031,-1.3132853507995605,0.5714285714285714,0.2857142857142857,0.4074963927268982,0.2574963927268981
MHHISTN,0.6357323527336121,-2.198845863342285,0.5714285714285714,0.4285714285714285,0.314458429813385,0.164458429813385
PYHWGND,-2.408646583557129,-0.5230184197425842,0.5714285714285714,0.4285714285714285,0.3524627089500427,0.2024627089500427
YYHRNNN,-1.1749986410140991,0.4450906813144684,0.5714285714285714,0.1428571428571428,0.4920220077037811,0.3420220077037811
QHSSSTD,-0.2815597951412201,-4.457275867462158,0.5714285714285714,0.4285714285714285,0.077185221016407,0.0
QPSIANN,0.05556091293692589,-4.2913360595703125,0.7142857142857143,0.4285714285714285,0.0946190431714057,0.0
EWRRQNI,-1.3509469032287598,-0.8110036849975586,0.7142857142857143,0.4285714285714285,0.4602666795253753,0.3602666795253754
IYRRSHN,-3.64021635055542,0.802751898765564,0.5714285714285714,0.2857142857142857,0.2131384760141372,0.0631384760141372
ISHRNSN,1.4764403104782104,-2.2829318046569824,0.5714285714285714,0.2857142857142857,0.30562424659729,0.15562424659729
YYHHSSS,-1.5021659135818481,-0.5163478851318359,0.5714285714285714,0.2857142857142857,0.4550104737281799,0.3050104737281799
VHKRNED,1.0651627779006958,-2.0225768089294434,0.5714285714285714,0.2857142857142857,0.3329774439334869,0.1829774439334869
LYSSQEH,-0.25442758202552795,-4.119685173034668,0.5714285714285714,0.4285714285714285,0.1126528829336166,0.0
YYDPQHN,-1.3027504682540894,-2.0107967853546143,0.7142857142857143,0.4285714285714285,0.3342150747776031,0.2342150747776031
YYHRSSS,-1.72452712059021,0.6865049004554749,0.5714285714285714,0.1428571428571428,0.4298553168773651,0.2798553168773651
YPRRSMS,-3.02620267868042,-0.7086477279663086,0.5714285714285714,0.2857142857142857,0.2826002240180969,0.1326002240180969
YYHRAAS,-1.028499960899353,0.39344725012779236,0.5714285714285714,0.2857142857142857,0.5085949897766113,0.3585949897766113
VYSSLSN,-0.6122044324874878,-2.5487875938415527,0.7142857142857143,0.2857142857142857,0.2776931524276733,0.1776931524276733
DSFSLSE,-1.6242915391921997,-3.155161142349243,0.7142857142857143,0.4285714285714285,0.2139868587255478,0.1139868587255478
YFHRLGN,-1.6155343055725098,1.4823797941207886,0.7142857142857143,0.2857142857142857,0.4421853721141815,0.3421853721141815
YYHRNNE,-0.49211567640304565,0.25158587098121643,0.7142857142857143,0.1428571428571428,0.5692747831344604,0.4692747831344604
YYRESSN,-0.520834743976593,-0.3696647882461548,0.4285714285714285,0.2857142857142857,0.5066342353820801,0.3066342353820801
YYHRSGN,-1.5659500360488892,1.0775920152664185,0.5714285714285714,0.1428571428571428,0.4477947354316711,0.2977947354316711
YYRRSNE,-0.45461803674697876,0.6510787606239319,0.4285714285714285,0.1428571428571428,0.5735167860984802,0.3735167860984802
IVRSSEN,0.9861090779304504,-2.765469551086426,0.5714285714285714,0.2857142857142857,0.2549282908439636,0.1049282908439636
YHRRSNN,-2.949784517288208,1.4256759881973267,0.1428571428571428,0.1428571428571428,0.2912451922893524,0.0
YHHRDTN,0.9583420157432556,-1.1372859477996826,0.5714285714285714,0.0,0.4259871244430542,0.2759871244430542
HSRRSVT,-3.879802942276001,0.1650223582983017,0.5714285714285714,0.4285714285714285,0.1860346794128418,0.0360346794128418
SYKKSMS,-1.7010070085525513,-0.3348880708217621,0.5714285714285714,0.4285714285714285,0.4325160980224609,0.2825160980224609
YYRVSTN,-0.679814338684082,0.35228389501571655,0.4285714285714285,0.1428571428571428,0.5480409264564514,0.3480409264564514
YHHQMDI,-0.46417927742004395,-2.204010248184204,0.5714285714285714,0.2857142857142857,0.3139158487319946,0.1639158487319946
YHVVMSN,-1.9687711000442505,-2.5599608421325684,0.5714285714285714,0.2857142857142857,0.2765192687511444,0.1265192687511444
ASRSHNN,1.2100234031677246,-2.393022298812866,0.5714285714285714,0.2857142857142857,0.2940580248832702,0.1440580248832702
YYRRNEN,-1.2345589399337769,0.6633309125900269,0.4285714285714285,0.1428571428571428,0.4852840900421142,0.2852840900421143
YSHRSEN,1.2777719497680664,0.6982004046440125,0.5714285714285714,0.1428571428571428,0.6188253164291382,0.4688253164291381
DYHSSLN,0.23161181807518005,-2.7975761890411377,0.5714285714285714,0.1428571428571428,0.2515551447868347,0.1015551447868347
YSHRSNT,1.3829689025878906,0.8378424048423767,0.5714285714285714,0.1428571428571428,0.6334962844848633,0.4834962844848632
YYTRSNN,0.32029980421066284,-0.027679502964019775,0.4285714285714285,0.1428571428571428,0.5425636172294617,0.3425636172294617
YYTVNGN,-1.3391932249069214,-0.8687790632247925,0.5714285714285714,0.4285714285714285,0.4541967213153839,0.3041967213153839
QYSSSQN,0.5080644488334656,-2.2533810138702393,0.5714285714285714,0.2857142857142857,0.3087289035320282,0.1587289035320282
IQGSMQN,0.6445484161376953,-4.763040542602539,0.7142857142857143,0.4285714285714285,0.0450612418353557,0.0
YHHSDNN,0.0885903537273407,-1.7408982515335083,0.4285714285714285,0.2857142857142857,0.3625709116458893,0.1625709116458893
YYHHGAK,-1.173608422279358,-0.37112176418304443,0.7142857142857143,0.4285714285714285,0.4921793043613434,0.3921793043613434
HYSRSHE,0.4760914742946625,0.43347182869911194,0.5714285714285714,0.2857142857142857,0.5910126566886902,0.4410126566886901
LSARQIL,0.7541952729225159,-3.133127450942993,0.5714285714285714,0.5714285714285714,0.2163017392158508,0.0663017392158508
YYHRHMK,-3.3294193744659424,-0.15837961435317993,0.5714285714285714,0.2857142857142857,0.2482981085777282,0.0982981085777282
YHHRSAN,0.43314868211746216,0.8247827291488647,0.4285714285714285,0.1428571428571428,0.6321242451667786,0.4321242451667786
EYFLSLN,-3.9088547229766846,0.06854697316884995,0.5714285714285714,0.4285714285714285,0.1827481389045715,0.0327481389045715
YSHVSSS,1.5421167612075806,-1.9936267137527466,0.7142857142857143,0.1428571428571428,0.3360189795494079,0.2360189795494079
YYRKNDI,-1.1875252723693848,0.004574839491397142,0.5714285714285714,0.4285714285714285,0.4906049072742462,0.3406049072742462
YFHHFNE,-1.9918889999389648,-0.41259559988975525,0.7142857142857143,0.4285714285714285,0.3996093869209289,0.299609386920929
RSSRSAN,-3.4484314918518066,-0.15201278030872345,0.5714285714285714,0.2857142857142857,0.2348345965147018,0.0848345965147018
YSRRLNN,-1.9057008028030396,1.2115757465362549,0.4285714285714285,0.1428571428571428,0.4093596339225769,0.2093596339225769
YYRLSNQ,-1.633626103401184,1.1821858882904053,0.2857142857142857,0.1428571428571428,0.4401387274265289,0.1901387274265289
NSRHSNN,0.7446625232696533,-2.7278356552124023,0.4285714285714285,0.2857142857142857,0.2588821649551391,0.0588821649551391
HYHRQSI,-2.044870615005493,0.7653370499610901,0.5714285714285714,0.2857142857142857,0.3936156928539276,0.2436156928539276
EHHRSLN,0.37731561064720154,-0.8580953478813171,0.5714285714285714,0.2857142857142857,0.455319195985794,0.305319195985794
YSHSSGF,-0.42431414127349854,-2.0162200927734375,0.5714285714285714,0.2857142857142857,0.3336452841758728,0.1836452841758728
YWRISIN,-3.3913660049438477,1.9703848361968994,0.2857142857142857,0.2857142857142857,0.2412902563810348,0.0
YYHRINN,-1.3538148403167725,0.7713767290115356,0.5714285714285714,0.1428571428571428,0.4717930257320404,0.3217930257320404
YYHSGNN,-0.8664641380310059,-0.040136244148015976,0.4285714285714285,0.0,0.5269256830215454,0.3269256830215454
ESSRSTN,0.6460794806480408,-3.811309814453125,0.5714285714285714,0.2857142857142857,0.1450511366128921,0.0
YWHVAYA,-3.7490768432617188,0.6707362532615662,0.5714285714285714,0.4285714285714285,0.2008233815431594,0.0508233815431594
YYRRNEN,-1.2345589399337769,0.6633309125900269,0.4285714285714285,0.1428571428571428,0.4852840900421142,0.2852840900421143
YHSKNNN,1.6715120077133179,-1.4413120746612549,0.4285714285714285,0.2857142857142857,0.3940457701683044,0.1940457701683044
YKYRSQN,-3.0038278102874756,0.04475843906402588,0.5714285714285714,0.2857142857142857,0.285131424665451,0.135131424665451
EYHRSYN,-1.632522702217102,0.022402020171284676,0.5714285714285714,0.2857142857142857,0.4402635395526886,0.2902635395526886
YHHWLNN,-2.4355406761169434,-0.07043831795454025,0.4285714285714285,0.2857142857142857,0.3494202494621277,0.1494202494621277
ASHRSHD,0.7920376658439636,-1.8610137701034546,0.5714285714285714,0.2857142857142857,0.3499514162540436,0.1999514162540435
EWRSSNN,-1.1255838871002197,-1.680914044380188,0.4285714285714285,0.2857142857142857,0.3688729405403137,0.1688729405403137
IYRRANN,-2.8090455532073975,0.5887748599052429,0.5714285714285714,0.2857142857142857,0.3071666359901428,0.1571666359901428
YHQRLNQ,0.1763366311788559,-0.41604381799697876,0.5714285714285714,0.2857142857142857,0.5017616152763367,0.3517616152763366
NSWRLMN,-2.5382230281829834,-0.9902483820915222,0.5714285714285714,0.4285714285714285,0.3378040492534637,0.1878040492534637
QYHRKYN,-3.5514771938323975,0.8485563397407532,0.7142857142857143,0.2857142857142857,0.2231772989034652,0.1231772989034652
YYHRSPA,-1.159837007522583,0.5187726616859436,0.5714285714285714,0.2857142857142857,0.4937371909618377,0.3437371909618377
NHHRVNN,0.012379826046526432,-0.6792105436325073,0.5714285714285714,0.1428571428571428,0.4741129875183105,0.3241129875183105
YSHRSQN,1.5946561098098755,0.9234071969985962,0.5714285714285714,0.0,0.6424857974052429,0.4924857974052429
YIRRLGN,-2.9301960468292236,0.3063594698905945,0.5714285714285714,0.2857142857142857,0.2934612035751343,0.1434612035751342
PYHSSGN,0.4894287884235382,-2.5970494747161865,0.5714285714285714,0.1428571428571428,0.2726227045059204,0.1226227045059204
YYHRSRN,-4.0213541984558105,1.4301894903182983,0.5714285714285714,0.1428571428571428,0.1700213700532913,0.0200213700532913
YRYMSNN,-1.2121397256851196,-0.9026172161102295,0.4285714285714285,0.4285714285714285,0.4506416916847229,0.2506416916847229
YHHHVQQ,-0.8649327158927917,-0.6431211829185486,0.7142857142857143,0.4285714285714285,0.4779045879840851,0.3779045879840851
TDRSSNE,-0.0068555111065506935,-3.8643250465393066,0.5714285714285714,0.2857142857142857,0.1394813060760498,0.0
ISYMSTN,-0.47975388169288635,-3.133164644241333,0.5714285714285714,0.4285714285714285,0.216297835111618,0.066297835111618
YYHRSTN,-1.0470750331878662,0.9191709756851196,0.4285714285714285,0.1428571428571428,0.5064936876296997,0.3064936876296997
YYHMSLN,-2.8664023876190186,-0.36764368414878845,0.5714285714285714,0.1428571428571428,0.3006779849529266,0.1506779849529266
YHRSSKN,-2.3886985778808594,1.3989630937576294,0.2857142857142857,0.1428571428571428,0.3547193706035614,0.1047193706035614
PYHMSNN,0.19615697860717773,-1.732108473777771,0.5714285714285714,0.2857142857142857,0.3634943664073944,0.2134943664073944
VHHRSNN,0.4243265986442566,0.4856472313404083,0.4285714285714285,0.1428571428571428,0.5964942574501038,0.3964942574501038
RLRRGQN,-3.54276967048645,0.6250438094139099,0.5714285714285714,0.4285714285714285,0.2241623699665069,0.0741623699665069
VSRRNNN,-2.7728192806243896,-1.0519429445266724,0.4285714285714285,0.2857142857142857,0.3112648129463196,0.1112648129463196
YSSMYMN,-2.6362690925598145,-0.9792500138282776,0.4285714285714285,0.4285714285714285,0.3267123699188232,0.1267123699188232
FYRSSKD,0.41517555713653564,-1.0958383083343506,0.5714285714285714,0.4285714285714285,0.4303416609764099,0.2803416609764099
YHKHSSN,0.9270609021186829,0.4857949912548065,0.4285714285714285,0.2857142857142857,0.5965098142623901,0.3965098142623902
YHKRSEY,-0.6039758324623108,1.2370436191558838,0.5714285714285714,0.2857142857142857,0.5566202998161316,0.4066202998161315
AVARGEN,0.010897100903093815,-3.4564919471740723,0.5714285714285714,0.4285714285714285,0.1823287010192871,0.0323287010192871
YHHLGNN,0.7871553301811218,0.5063026547431946,0.2857142857142857,0.1428571428571428,0.598664402961731,0.3486644029617309
RHHRANN,-3.1746532917022705,1.1201399564743042,0.5714285714285714,0.2857142857142857,0.2658063769340515,0.1158063769340515
RYHSSNN,0.6425016522407532,-0.30769261717796326,0.5714285714285714,0.1428571428571428,0.5131450891494751,0.3631450891494751
TYHISSS,0.8424943685531616,-1.511197805404663,0.4285714285714285,0.4285714285714285,0.3867034912109375,0.1867034912109375
YYHKHHD,-0.6756494641304016,-0.0998808816075325,0.5714285714285714,0.4285714285714285,0.5349780321121216,0.3849780321121215
YSRRMNN,-1.9696333408355713,0.7660666108131409,0.4285714285714285,0.2857142857142857,0.4021270871162414,0.2021270871162414
YYRSSVN,-0.36941248178482056,0.37829241156578064,0.4285714285714285,0.2857142857142857,0.5831558704376221,0.3831558704376221
YYHRSGN,-1.5659500360488892,1.0775920152664185,0.5714285714285714,0.1428571428571428,0.4477947354316711,0.2977947354316711
YIHGLKN,1.22005295753479,-2.010439157485962,0.5714285714285714,0.4285714285714285,0.3342526257038116,0.1842526257038116
YSHREND,1.2267210483551025,-2.944220781326294,0.5714285714285714,0.2857142857142857,0.2361484915018081,0.0861484915018081
IYHRLIN,-2.7478749752044678,1.271501064300537,0.7142857142857143,0.1428571428571428,0.3140866756439209,0.2140866756439209
IHRSDTA,0.9640644192695618,-2.4642889499664307,0.5714285714285714,0.5714285714285714,0.28657066822052,0.13657066822052
YKHINYN,-0.00441812863573432,-0.1443343162536621,0.5714285714285714,0.4285714285714285,0.5303077101707458,0.3803077101707458
YHSVSSN,1.3863826990127563,-2.0482513904571533,0.4285714285714285,0.2857142857142857,0.3302800357341766,0.1302800357341766
ALRRANK,-3.5529537200927734,-0.055906232446432114,0.7142857142857143,0.4285714285714285,0.2230102717876434,0.1230102717876434
YYKRNNN,-2.6710197925567627,0.6511939764022827,0.5714285714285714,0.1428571428571428,0.3227811157703399,0.1727811157703399
DYHKSMN,1.5161163806915283,-1.2523269653320312,0.4285714285714285,0.2857142857142857,0.413900762796402,0.213900762796402
YHRRGLL,-3.2770116329193115,0.898120641708374,0.4285714285714285,0.2857142857142857,0.2542268633842468,0.0542268633842468
YYHRTEN,-0.9267565608024597,0.9861785769462585,0.5714285714285714,0.1428571428571428,0.5201050043106079,0.3701050043106079
YHRSDNN,1.4924784898757935,-0.5440524220466614,0.2857142857142857,0.1428571428571428,0.4883128702640533,0.2383128702640533
YYRVSWP,-3.470029354095459,2.52364444732666,0.5714285714285714,0.4285714285714285,0.232391282916069,0.082391282916069
QHSRGVI,-0.027009397745132446,-2.994706630706787,0.4285714285714285,0.4285714285714285,0.2308443933725357,0.0308443933725357
YYRRNGN,-3.4281485080718994,0.9368003606796265,0.4285714285714285,0.1428571428571428,0.2371291518211364,0.0371291518211364
YYSRISN,-0.852336049079895,-0.21130013465881348,0.7142857142857143,0.2857142857142857,0.5232721567153931,0.4232721567153931
YSSRLVN,1.4969784021377563,-1.2252590656280518,0.5714285714285714,0.2857142857142857,0.4167445302009582,0.2667445302009582
YYHRLED,-1.5634161233901978,0.7383518218994141,0.7142857142857143,0.2857142857142857,0.448081374168396,0.348081374168396
YYHRGVS,-1.0190569162368774,0.9170565605163574,0.5714285714285714,0.2857142857142857,0.5096632838249207,0.3596632838249206
PYSRQDN,-0.12242008000612259,0.6005762219429016,0.7142857142857143,0.4285714285714285,0.6085688471794128,0.5085688471794129
YYDRVNN,-0.2656997740268707,-1.4203031063079834,0.5714285714285714,0.1428571428571428,0.3962529897689819,0.2462529897689819
FYRRVNI,-3.7764878273010254,0.30048367381095886,0.7142857142857143,0.2857142857142857,0.1977224498987198,0.0977224498987198
LHSRLQN,0.9271483421325684,0.696327805519104,0.4285714285714285,0.2857142857142857,0.6186286211013794,0.4186286211013794
YYRHSVN,-1.1348570585250854,0.8107789754867554,0.4285714285714285,0.2857142857142857,0.4965631067752838,0.2965631067752838
YHHRLVA,-0.02469450980424881,0.2702811360359192,0.5714285714285714,0.2857142857142857,0.573867678642273,0.4238676786422729
YPHSSAN,1.0275367498397827,-2.9330077171325684,0.4285714285714285,0.2857142857142857,0.2373265475034713,0.0373265475034713
YFYSGGN,-2.0890212059020996,-1.6368378400802612,0.4285714285714285,0.2857142857142857,0.3735035955905914,0.1735035955905914
YHHRSAN,0.43314868211746216,0.8247827291488647,0.4285714285714285,0.1428571428571428,0.6321242451667786,0.4321242451667786
YHHRNGN,0.379527747631073,0.4420357048511505,0.5714285714285714,0.1428571428571428,0.5919123888015747,0.4419123888015747
YYRISNN,-1.2441571950912476,0.38907310366630554,0.2857142857142857,0.1428571428571428,0.4841982722282409,0.2341982722282409
YYRLSGW,-3.7908220291137695,0.31994161009788513,0.4285714285714285,0.2857142857142857,0.1961008608341217,0.0
YYHRYNN,-0.99025958776474,0.5018534660339355,0.5714285714285714,0.1428571428571428,0.5129210352897644,0.3629210352897644
IYHRSEN,0.7110471725463867,1.5264701843261719,0.5714285714285714,0.1428571428571428,0.7053853869438171,0.5553853869438171
VSGRLNH,0.43501588702201843,-3.3409082889556885,0.7142857142857143,0.4285714285714285,0.1944720596075058,0.0944720596075058
YYHSNDN,-1.6296559572219849,-0.3916625678539276,0.5714285714285714,0.2857142857142857,0.4405878484249115,0.2905878484249115
QYRRSNN,-3.216153383255005,0.40572839975357056,0.4285714285714285,0.1428571428571428,0.2611115872859955,0.0611115872859955
YHSRLNN,0.7282988429069519,-0.11911775916814804,0.4285714285714285,0.2857142857142857,0.5329570174217224,0.3329570174217224
YYRRLQN,-3.7665932178497314,0.6374074220657349,0.5714285714285714,0.1428571428571428,0.1988417953252792,0.0488417953252792
YGSSGSN,1.02426016330719,-3.337165594100952,0.4285714285714285,0.2857142857142857,0.194865271449089,0.0
YSRRGNI,-1.981373906135559,0.07902809977531433,0.4285714285714285,0.2857142857142857,0.4007989466190338,0.2007989466190338
YYHRNNN,-1.1749986410140991,0.4450906813144684,0.5714285714285714,0.1428571428571428,0.4920220077037811,0.3420220077037811
QYHRSST,0.7765141725540161,1.262603521347046,0.5714285714285714,0.1428571428571428,0.6781221628189087,0.5281221628189087
QHHRPLN,-0.07617088407278061,-0.6714171171188354,0.5714285714285714,0.4285714285714285,0.4749317765235901,0.32493177652359
QSRRHNN,-3.2775585651397705,0.19675561785697937,0.5714285714285714,0.2857142857142857,0.2541649937629699,0.1041649937629699
YMSNENW,-1.825764775276184,-0.26259952783584595,0.7142857142857143,0.4285714285714285,0.4184025824069977,0.3184025824069977
YYRRMVE,-2.2408387660980225,-0.38952580094337463,0.7142857142857143,0.2857142857142857,0.3714463412761688,0.2714463412761688
YSHRSDI,1.0587403774261475,0.24303649365901947,0.7142857142857143,0.1428571428571428,0.5710052847862244,0.4710052847862244
TYRRSNW,-3.5848522186279297,1.3041146993637085,0.5714285714285714,0.2857142857142857,0.2194016724824905,0.0694016724824905
YYRMGNH,-1.4469316005706787,0.0010236342204734683,0.5714285714285714,0.2857142857142857,0.461258977651596,0.311258977651596
HYHRSHI,-1.557843565940857,1.1813666820526123,0.5714285714285714,0.2857142857142857,0.4487117826938629,0.2987117826938629
YYHRSNN,-0.9529139399528503,1.031571388244629,0.4285714285714285,0.0,0.5171458721160889,0.3171458721160889
VHHSANH,0.028210069984197617,-1.9521584510803223,0.7142857142857143,0.2857142857142857,0.3403756618499756,0.2403756618499756
LYHKTQN,1.0641571283340454,-0.12983067333698273,0.5714285714285714,0.4285714285714285,0.5318314433097839,0.3818314433097839
YYHWFYN,-3.990248441696167,0.7601425647735596,0.7142857142857143,0.2857142857142857,0.1735402792692184,0.0735402792692184
HYHSNLM,-1.2230119705200195,-1.012954831123352,0.7142857142857143,0.4285714285714285,0.439049482345581,0.3390494823455811
YYHRSGG,-0.6767920851707458,0.5179786086082458,0.5714285714285714,0.1428571428571428,0.5483828186988831,0.398382818698883
NYRRSEN,0.07759354263544083,-0.5377020239830017,0.5714285714285714,0.2857142857142857,0.4889800548553467,0.3389800548553466
VSISANT,0.4644724428653717,-4.0842814445495605,0.7142857142857143,0.4285714285714285,0.1163724362850189,0.0163724362850189
YWRRLLN,-4.587283134460449,0.7468940019607544,0.5714285714285714,0.1428571428571428,0.1059993281960487,0.0
YSRVANN,3.1202871799468994,1.4799230098724365,0.2857142857142857,0.1428571428571428,0.7009539604187012,0.4509539604187011
ILRRMMN,-3.3969130516052246,-0.10495736449956894,0.5714285714285714,0.4285714285714285,0.2406627386808395,0.0906627386808395
YHHRSPN,0.0019542069640010595,1.2469322681427002,0.4285714285714285,0.1428571428571428,0.6251675486564636,0.4251675486564636
EYRRFTN,-1.8163682222366333,-0.772591769695282,0.5714285714285714,0.2857142857142857,0.4194656014442444,0.2694656014442443
IHIRDYG,0.007579911034554243,-1.635145902633667,0.5714285714285714,0.5714285714285714,0.373681366443634,0.223681366443634
YYRRVNA,-3.0679588317871094,0.3806892931461334,0.5714285714285714,0.1428571428571428,0.27787646651268,0.12787646651268
YHHSNNN,0.3167021572589874,-1.0939563512802124,0.4285714285714285,0.1428571428571428,0.4305393397808075,0.2305393397808075
YSHRTTN,1.760130524635315,-0.2403082251548767,0.5714285714285714,0.1428571428571428,0.5202245712280273,0.3702245712280273
YHHRSII,-0.9116948246955872,1.2708832025527954,0.5714285714285714,0.2857142857142857,0.5218088626861572,0.3718088626861572
VHRASNW,0.06281040608882904,-0.3160354793071747,0.4285714285714285,0.2857142857142857,0.512268602848053,0.312268602848053
YHSRVNP,0.7316217422485352,-0.8329325318336487,0.5714285714285714,0.2857142857142857,0.4579628109931946,0.3079628109931945
YSRGGNS,2.9281182289123535,1.8297505378723145,0.2857142857142857,0.0,0.737707257270813,0.487707257270813
VYHRVST,0.1392374038696289,1.3228068351745605,0.5714285714285714,0.0,0.6406980752944946,0.4906980752944946
YHRLSSN,1.456674337387085,3.728098154067993,0.1428571428571428,0.0,0.7897361516952515,0.4897361516952515
QYHRSNA,1.4016252756118774,0.9112050533294678,0.5714285714285714,0.0,0.6412038207054138,0.4912038207054138
YVHRSNN,0.9498796463012695,1.3815511465072632,0.4285714285714285,0.0,0.6906189918518066,0.4906189918518067
YHRISPN,1.104738712310791,1.8533681631088257,0.2857142857142857,0.0,0.7401885986328125,0.4901885986328125
YHRISPN,1.104738712310791,1.8533681631088257,0.2857142857142857,0.0,0.7401885986328125,0.4901885986328125
YSRHSGN,1.8246924877166748,1.3872286081314087,0.4285714285714285,0.0,0.6912153959274292,0.4912153959274292
YSRHSGN,1.8246924877166748,1.3872286081314087,0.4285714285714285,0.0,0.6912153959274292,0.4912153959274292
YYHKGLN,0.2663224935531616,0.9192387461662292,0.5714285714285714,0.0,0.6420478820800781,0.4920478820800781
VYSRSDI,0.5997370481491089,3.07637095451355,0.4285714285714285,0.0,0.6927931904792786,0.4927931904792786
YSHRSQN,1.5946561098098755,0.9234071969985962,0.5714285714285714,0.0,0.6424857974052429,0.4924857974052429
YSRISQS,2.531859874725342,1.3943473100662231,0.4285714285714285,0.0,0.6919633150100708,0.4919633150100708
IYSRLGS,0.17175956070423126,2.536184787750244,0.5714285714285714,0.0,0.6443771719932556,0.4943771719932556
YSHRSTN,2.0999040603637695,0.9327888488769531,0.5714285714285714,0.0,0.6434714794158936,0.4934714794158935
YSHRSTN,2.0999040603637695,0.9327888488769531,0.5714285714285714,0.0,0.6434714794158936,0.4934714794158935
YSHRSTN,2.0999040603637695,0.9327888488769531,0.5714285714285714,0.0,0.6434714794158936,0.4934714794158935
YSHRSTN,2.0999040603637695,0.9327888488769531,0.5714285714285714,0.0,0.6434714794158936,0.4934714794158935
YHHRSAS,0.5038042664527893,0.9359934329986572,0.5714285714285714,0.0,0.6438081860542297,0.4938081860542297
LYSRSQN,0.6133780479431152,1.6541082859039307,0.4285714285714285,0.0,0.6943362951278687,0.4943362951278687
YSRSSIN,2.272188901901245,1.876176357269287,0.2857142857142857,0.0,0.7425848245620728,0.4925848245620727
YSHRSHQ,-0.20159272849559784,0.4797156751155853,0.7142857142857143,0.0,0.5958711504936218,0.4958711504936218
YHRSNGH,0.22516465187072754,0.9634518623352051,0.5714285714285714,0.0,0.6466929912567139,0.4966929912567138
VYHRSGN,0.6420456171035767,1.527338981628418,0.4285714285714285,0.0,0.6975793838500977,0.4975793838500977
VYHRSAS,0.6437069177627563,1.9360255002975464,0.4285714285714285,0.0,0.6977673172950745,0.4977673172950745
VYHRLNN,0.2124735713005066,1.572925090789795,0.5714285714285714,0.0,0.6489830613136292,0.4989830613136291
LYSRSNN,1.1981828212738037,0.9790260195732117,0.5714285714285714,0.0,0.6483291983604431,0.4983291983604431
YSRASNN,2.902688980102539,1.9206920862197876,0.2857142857142857,0.0,0.7472617030143738,0.4972617030143738
VYHRSAN,0.6558268070220947,1.836640477180481,0.4285714285714285,0.0,0.6991384625434875,0.4991384625434876
VYHRSAN,0.6558268070220947,1.836640477180481,0.4285714285714285,0.0,0.6991384625434875,0.4991384625434876
IYHRSND,1.2547143697738647,0.9854224920272827,0.5714285714285714,0.0,0.6490012407302856,0.4990012407302856
QYLKSIN,0.8008400797843933,0.9977747201919556,0.5714285714285714,0.0,0.6502989530563354,0.5002989530563354
QYLKSIN,0.8008400797843933,0.9977747201919556,0.5714285714285714,0.0,0.6502989530563354,0.5002989530563354
YSRSGSE,1.5829967260360718,1.4773070812225342,0.4285714285714285,0.0,0.7006791830062866,0.5006791830062867
YHRSGLN,1.5200046300888062,1.9538019895553589,0.2857142857142857,0.0,0.7507402896881104,0.5007402896881104
YSHRSNP,1.8686492443084717,1.0395225286483765,0.5714285714285714,0.0,0.6546850800514221,0.5046850800514221
YSHRSNP,1.8686492443084717,1.0395225286483765,0.5714285714285714,0.0,0.6546850800514221,0.5046850800514221
VHHRLSN,0.5929150581359863,1.0409224033355713,0.5714285714285714,0.0,0.654832124710083,0.504832124710083
VYSRVVA,0.277372807264328,2.80084490776062,0.5714285714285714,0.0,0.6563249230384827,0.5063249230384826
YSHRSNN,1.822951078414917,1.5215983390808105,0.4285714285714285,0.0,0.7053324580192566,0.5053324580192566
YSHRSNN,1.822951078414917,1.5215983390808105,0.4285714285714285,0.0,0.7053324580192566,0.5053324580192566
YSHRSNN,1.822951078414917,1.5215983390808105,0.4285714285714285,0.0,0.7053324580192566,0.5053324580192566
PYHRGIA,0.7594882249832153,0.583437979221344,0.7142857142857143,0.0,0.6067683100700378,0.5067683100700379
HYSRSNN,0.2870872914791107,1.582735538482666,0.5714285714285714,0.0,0.6574239134788513,0.5074239134788513
YSRSGLN,2.2461321353912354,1.9949901103973389,0.2857142857142857,0.0,0.7550675272941589,0.5050675272941589
YSRSGLN,2.2461321353912354,1.9949901103973389,0.2857142857142857,0.0,0.7550675272941589,0.5050675272941589
LYHRVNN,0.29282552003860474,1.211611032485962,0.5714285714285714,0.0,0.6580730676651001,0.5080730676651001
VYHRPNN,0.7321270704269409,1.0641207695007324,0.5714285714285714,0.0,0.6572693586349487,0.5072693586349487
VYHRMNN,0.5278504490852356,1.0673190355300903,0.5714285714285714,0.0,0.6576053500175476,0.5076053500175476
YSRSNGN,2.3796591758728027,2.0158302783966064,0.2857142857142857,0.0,0.7572570443153381,0.5072570443153381
YSRSNGN,2.3796591758728027,2.0158302783966064,0.2857142857142857,0.0,0.7572570443153381,0.5072570443153381
YHRISSP,1.0051320791244507,1.549371600151062,0.4285714285714285,0.0,0.7082503437995911,0.5082503437995911
QYVRSQE,1.3898134231567383,1.5576248168945312,0.4285714285714285,0.0,0.7091174721717834,0.5091174721717835
IYHRSET,0.4020075798034668,1.1041151285171509,0.5714285714285714,0.0,0.6614711880683899,0.5114711880683899
YHRLSQN,1.6443864107131958,3.5853121280670166,0.1428571428571428,0.0,0.8109715580940247,0.5109715580940246
QYHRSVN,0.3382991552352905,1.40286123752594,0.5714285714285714,0.0,0.6632173657417297,0.5132173657417297
IYHRAIE,0.5513573288917542,0.6632164120674133,0.7142857142857143,0.0,0.6151499152183533,0.5151499152183533
YHRVSNN,2.1698405742645264,2.5461530685424805,0.1428571428571428,0.0,0.8129733204841614,0.5129733204841613
YHRVSNT,1.2762795686721802,2.081510066986084,0.2857142857142857,0.0,0.7641574144363403,0.5141574144363403
YSHRSEI,1.0637435913085938,0.6748918890953064,0.7142857142857143,0.0,0.616376519203186,0.5163765192031861
AYSRSNN,0.37142214179039,1.7361077070236206,0.5714285714285714,0.0,0.6669645309448242,0.5169645309448242
AYSRSNN,0.37142214179039,1.7361077070236206,0.5714285714285714,0.0,0.6669645309448242,0.5169645309448242
YIHRQSN,0.05860669165849686,0.6872997879981995,0.7142857142857143,0.0,0.6176801323890686,0.5176801323890686
VYSRSNN,0.8320099115371704,2.92356014251709,0.4285714285714285,0.0,0.7190695405006409,0.5190695405006409
VYSRSNN,0.8320099115371704,2.92356014251709,0.4285714285714285,0.0,0.7190695405006409,0.5190695405006409
VYSRSNN,0.8320099115371704,2.92356014251709,0.4285714285714285,0.0,0.7190695405006409,0.5190695405006409
YHRLGNN,1.710896372795105,4.220418453216553,0.1428571428571428,0.0,0.8184956908226013,0.5184956908226013
NYHRSNN,0.4226987063884735,1.4816937446594238,0.5714285714285714,0.0,0.6727652549743652,0.5227652549743652
IYHRSNN,0.42777636647224426,1.9939481019973755,0.5714285714285714,0.0,0.6733396649360657,0.5233396649360657
IYHRLNN,0.009280724450945854,1.409530758857727,0.7142857142857143,0.0,0.6259964108467102,0.5259964108467102
IYHRLNN,0.009280724450945854,1.409530758857727,0.7142857142857143,0.0,0.6259964108467102,0.5259964108467102
YSRINIP,0.9424159526824951,1.6951020956039429,0.4285714285714285,0.0,0.7235609889030457,0.5235609889030457
PYHRSQS,1.0340179204940796,1.6983630657196045,0.4285714285714285,0.0,0.7239035367965698,0.5239035367965699
VYSRNEN,0.45078739523887634,2.1649670600891113,0.5714285714285714,0.0,0.6759428977966309,0.5259428977966308
VYSRNEN,0.45078739523887634,2.1649670600891113,0.5714285714285714,0.0,0.6759428977966309,0.5259428977966308
YSRNLND,2.345395088195801,1.7041794061660767,0.4285714285714285,0.0,0.7245146036148071,0.5245146036148072
YSRMSGH,0.9698600172996521,1.241344928741455,0.5714285714285714,0.0,0.67588871717453,0.52588871717453
YLHRLSN,0.03801601380109787,1.7008572816848755,0.7142857142857143,0.0,0.6292471289634705,0.5292471289634705
NYHRSSN,0.7073678374290466,1.2554062604904175,0.5714285714285714,0.0,0.6773660182952881,0.5273660182952881
NYHRSSN,0.7073678374290466,1.2554062604904175,0.5714285714285714,0.0,0.6773660182952881,0.5273660182952881
NYHRSSN,0.7073678374290466,1.2554062604904175,0.5714285714285714,0.0,0.6773660182952881,0.5273660182952881
VYHRQDI,0.4855618178844452,1.324009656906128,0.5714285714285714,0.0,0.6798768043518066,0.5298768043518066
YSRSSSN,2.5901215076446533,1.739269495010376,0.4285714285714285,0.0,0.7282012701034546,0.5282012701034546
YSRSSSN,2.5901215076446533,1.739269495010376,0.4285714285714285,0.0,0.7282012701034546,0.5282012701034546
YSRSSSN,2.5901215076446533,1.739269495010376,0.4285714285714285,0.0,0.7282012701034546,0.5282012701034546
YSRSSSN,2.5901215076446533,1.739269495010376,0.4285714285714285,0.0,0.7282012701034546,0.5282012701034546
QYHRSNN,0.49870648980140686,1.3024613857269287,0.5714285714285714,0.0,0.6813638210296631,0.5313638210296631
QYHRSNN,0.49870648980140686,1.3024613857269287,0.5714285714285714,0.0,0.6813638210296631,0.5313638210296631
YYHRGEA,0.06672336161136627,1.6653269529342651,0.7142857142857143,0.0,0.6324947476387024,0.5324947476387024
YHRLSNN,2.24538516998291,4.315680980682373,0.0,0.0,0.8789609670639038,0.5289609670639038
YHRLSNN,2.24538516998291,4.315680980682373,0.0,0.0,0.8789609670639038,0.5289609670639038
YHRLSNN,2.24538516998291,4.315680980682373,0.0,0.0,0.8789609670639038,0.5289609670639038
IYSRSGN,1.5717068910598755,1.7687324285507202,0.4285714285714285,0.0,0.7312966585159302,0.5312966585159302
IYSRSND,1.1894460916519165,1.8282781839370728,0.4285714285714285,0.0,0.7375525832176208,0.5375525832176209
NYSRSNN,1.1415168046951294,1.362898826599121,0.5714285714285714,0.0,0.6886593103408813,0.5386593103408813
NYSRSNN,1.1415168046951294,1.362898826599121,0.5714285714285714,0.0,0.6886593103408813,0.5386593103408813
IYHRSAN,0.5817400217056274,1.5826431512832642,0.5714285714285714,0.0,0.690757155418396,0.540757155418396
VYHRSEN,1.018811821937561,1.9873669147491455,0.4285714285714285,0.0,0.7402019500732422,0.5402019500732422
YSRSQNN,1.771315336227417,1.8466640710830688,0.4285714285714285,0.0,0.7394842505455017,0.5394842505455018
YSRSQNN,1.771315336227417,1.8466640710830688,0.4285714285714285,0.0,0.7394842505455017,0.5394842505455018
YHRLGSN,1.477121114730835,4.03782844543457,0.2857142857142857,0.0,0.79204922914505,0.54204922914505
SYARSNN,0.6724101901054382,1.4104926586151123,0.5714285714285714,0.0,0.6936595439910889,0.5436595439910888
YSRLGQD,2.593733549118042,2.350282669067383,0.2857142857142857,0.0,0.7923949956893921,0.5423949956893921
HYSRSPN,0.7927325367927551,1.4149210453033447,0.5714285714285714,0.0,0.6941248774528503,0.5441248774528503
TYTRSTN,1.59111750125885,1.9248038530349731,0.4285714285714285,0.0,0.747693657875061,0.5476936578750611
YSRSVLN,1.1015516519546509,1.954687237739563,0.4285714285714285,0.0,0.7495620846748352,0.5495620846748352
IYHRSGN,0.6821259260177612,1.4967525005340576,0.5714285714285714,0.0,0.7021135687828064,0.5521135687828064
YSRSINN,2.091066837310791,1.9562560319900513,0.4285714285714285,0.0,0.7509980797767639,0.550998079776764
YLHRGNS,0.6472460627555847,1.0436344146728516,0.7142857142857143,0.0,0.6551170349121094,0.5551170349121094
YLHRGNS,0.6472460627555847,1.0436344146728516,0.7142857142857143,0.0,0.6551170349121094,0.5551170349121094
SYSRLHE,0.7578845620155334,1.5178667306900024,0.5714285714285714,0.0,0.7049404382705688,0.5549404382705688
YSRSLVN,1.1651840209960938,2.2716965675354004,0.4285714285714285,0.0,0.7567606568336487,0.5567606568336487
VYHRGLN,0.7348124980926514,2.4616787433624268,0.5714285714285714,0.0,0.7080738544464111,0.5580738544464111
YHRVGSN,1.222070336341858,2.021982192993164,0.4285714285714285,0.0,0.7579033374786377,0.5579033374786377
IYSRSNN,1.209181785583496,3.098268508911133,0.4285714285714285,0.0,0.7617380023002625,0.5617380023002625
YSRSSVQ,1.976434350013733,1.5923123359680176,0.5714285714285714,0.0,0.7127617597579956,0.5627617597579956
YSRSPGE,1.8658947944641113,1.645357608795166,0.5714285714285714,0.0,0.7183347344398499,0.5683347344398498
YSRSLGN,1.5712090730667114,2.120896100997925,0.4285714285714285,0.0,0.7682953476905823,0.5682953476905823
YSRSANN,2.7788655757904053,2.5977861881256104,0.2857142857142857,0.0,0.8183979988098145,0.5683979988098145
YSRVLGN,1.4600673913955688,2.137068271636963,0.4285714285714285,0.0,0.7699944376945496,0.5699944376945496
TYSRGTN,1.5971348285675049,1.7018580436706543,0.5714285714285714,0.0,0.724270761013031,0.574270761013031
YSRSGNN,2.8404319286346436,2.65136456489563,0.2857142857142857,0.0,0.8240270018577576,0.5740270018577576
YSRLGQN,2.523437738418579,2.67421555519104,0.2857142857142857,0.0,0.8264277577400208,0.5764277577400208
MYSRSNN,1.5054917335510254,1.7826772928237915,0.5714285714285714,0.0,0.7327616810798645,0.5827616810798645
MYSRSNN,1.5054917335510254,1.7826772928237915,0.5714285714285714,0.0,0.7327616810798645,0.5827616810798645
VYTRANN,1.4377975463867188,2.749725580215454,0.4285714285714285,0.0,0.7876006960868835,0.5876006960868836
VYTRANN,1.4377975463867188,2.749725580215454,0.4285714285714285,0.0,0.7876006960868835,0.5876006960868836
VYTRANN,1.4377975463867188,2.749725580215454,0.4285714285714285,0.0,0.7876006960868835,0.5876006960868836
YSRSSGN,2.498208522796631,2.3260834217071533,0.4285714285714285,0.0,0.7898526191711426,0.5898526191711426
MYSRANN,1.9002363681793213,1.3881070613861084,0.7142857142857143,0.0,0.6913077235221863,0.5913077235221863
YSRSSAN,2.5067453384399414,2.3360517024993896,0.4285714285714285,0.0,0.7908998131752014,0.5908998131752015
YSRSLNN,2.0125224590301514,2.3630013465881348,0.4285714285714285,0.0,0.7937312126159668,0.5937312126159668
TYSRSNN,1.0697753429412842,2.0232675075531006,0.5714285714285714,0.0,0.7459673285484314,0.5959673285484314
YSRSGPN,2.7878224849700928,3.3061652183532715,0.1428571428571428,0.0,0.8928210735321045,0.5928210735321044
SYSRSNN,1.0727022886276245,2.1194589138031006,0.5714285714285714,0.0,0.7462984919548035,0.5962984919548034
YSRSGSN,2.758145809173584,2.9118716716766357,0.2857142857142857,0.0,0.8513961434364319,0.6013961434364319
YSRSGSN,2.758145809173584,2.9118716716766357,0.2857142857142857,0.0,0.8513961434364319,0.6013961434364319
YSRLSNN,3.315321445465088,3.4239096641540527,0.1428571428571428,0.0,0.9051914215087892,0.605191421508789
QYSRSTN,1.287840723991394,2.425595283508301,0.5714285714285714,0.0,0.7706364989280701,0.62063649892807
YSRLSQN,2.523674249649048,3.461937665939331,0.2857142857142857,0.0,0.9091866612434388,0.6591866612434387
