AA_sequence,V_mean_P_mean_enrichment,fitness,huTfR1fc_enrichment,huTfR1fc_log2_enrichment,hufc_enrichment,hufc_log2_enrichment,H68_brain_enrichment,H68_brain_log2_enrichment,H69_brain_enrichment,H69_brain_log2_enrichment,H70_brain_enrichment,H70_brain_log2_enrichment,final_merge_brain_log2_enrichment,huTfR1_fc_enrichment,huTfR1_fc_log2_enrichment,huTfR1_fc_okt9_mean_enrichment,huTfR1_fc_okt9_mean_log2_enrichment,huTfR1_fc_tf_mean_enrichment,huTfR1_fc_tf_mean_log2_enrichment,fitness prediction,hTFR1 enrichment prediction
TYARSVV,1.5787171172810717,0.6587526847779387,0.114036014573889,-3.13243857,0.1890334557065474,-2.403286505,0.0643077172084144,-3.958864312,0.014396956425121,-6.118092337,0.0047619654916074,-7.714227119,-6.118092337,2.585307063733345,1.3703356434091438,3.2664603840197697,1.7077281426856978,2.57157966394738,1.3626548470606237,1.1356587409973145,1.5779578685760498
TYVRNET,0.8956187314387211,-0.159043393,0.0885135217905276,-3.497958324,0.0612050599098705,-4.030205262,0.1231709664415541,-3.021265867,0.0064455424372627,-7.277482508,0.0131980268252572,-6.243533935,-6.243533935,0.11760530222713,-3.087974989,0.1154775844846486,-3.11431526,0.1143259762403636,-3.128774856,0.2714676856994629,0.1210888102650642
TYVRTME,0.7108707853375272,-0.492340749,0.0526956098655265,-4.246173416,0.0555465982775665,-4.170157627,0.091826178271434,-3.444950687,0.004215829387201,-7.889967802,0.0134972809271178,-6.211187389,-6.211187389,0.2444794460148247,-2.032214916,0.1113552494029215,-3.166758525,0.2341743907263903,-2.094344783,0.6887537837028503,1.3779832124710083
TYVRTMA,0.843612044048921,-0.245348403,0.5823352313214624,-0.78007819,0.1190313009427996,-3.070587095,0.0766318629700594,-3.705911811,0.0084775666125469,-6.882134069,0.0079823449916366,-6.968971652,-6.882134069,0.2216440930621328,-2.17368318,0.2811744403260472,-1.83046264,0.2204709732325611,-2.181339369,0.6895864009857178,1.2335453033447266
TYVRTQI,1.186658235163128,0.2469044897978567,0.6106481054041696,-0.711586849,0.0935781789809516,-3.417684035,0.188080133538974,-2.410580626,0.0159705411958024,-5.968442987,0.0141321519564656,-6.144875023,-5.968442987,3.527038089722193,1.818457156018373,2.782271292157997,1.4762631002426774,3.769340072438285,1.91431196180713,0.8275945782661438,3.106104612350464
TYVRTQA,0.6998869135054436,-0.514806262,0.1117458616005146,-3.161706691,0.1305582709225725,-2.937234239,0.1582377463999657,-2.65983431,0.0094627310236368,-6.723527667,0.0126407730894918,-6.305771491,-6.305771491,0.2902159207092972,-1.78480143,0.3484389679497627,-1.521022117,0.3000445461320911,-1.736751388,2.029587984085083,1.986857295036316
TYVRTQS,1.452373728933223,0.5384127394916414,0.0601825236463727,-4.054511585,0.0678444405696878,-3.881625589,0.0787053130127606,-3.667395161,0.005644247298272,-7.469003085,1.340878641973466,0.4231786700940961,0.4231786700940961,3.032930646208035,1.6007125083426583,2.687309643541953,1.4261625645460352,3.0903286536909587,1.6277602756172436,1.128806710243225,2.22712516784668
TYVRTPT,0.8352678218429357,-0.259689235,0.089111672435742,-3.488241772,0.0895066855835432,-3.481860743,0.1353329777177823,-2.885414659,0.0076311991900427,-7.0338745,0.0135652841977599,-6.203936917,-6.203936917,0.1236081948763016,-3.016153702,0.1579787046658199,-2.662197997,0.1320803431882354,-2.920512321,1.4051672220230105,0.9941011667251588
TYVRTET,1.1296671857794809,0.1758977990585354,0.3558261663040192,-1.490755489,0.321217425028928,-1.638377938,0.1117133566567227,-3.162126407,0.0131883047873577,-6.244597056,0.0226748773672916,-5.462761442,-5.462761442,1.2636350165299777,0.3375798212051699,0.2040234800813998,-2.2931929,1.2979664436951588,0.3762530858483222,0.452531099319458,1.2882124185562134
TYVRTEH,0.7799198646535802,-0.358602198,0.1514940000874359,-2.722667438,0.1729260696315244,-2.531772715,0.0814245844922371,-3.618391737,0.010668270387297,-6.550529894,0.0054746943185055,-7.513005871,-6.550529894,0.967059324382642,-0.0483237,0.5852791137115954,-0.772803299,0.9794155280012312,-0.030007026,0.0880423784255981,1.0990227460861206
TYVRTEP,1.5757596375326184,0.6560474864528801,0.1837500467869701,-2.444183478,0.1057954356034346,-3.240650709,0.0417359925422418,-4.582564109,0.0022398243157247,-8.802398708,0.00923883246572,-6.758073738,-6.758073738,0.1171136741574038,-3.094018561,0.0967454525163564,-3.36966234,0.1132265589256759,-3.142715692,0.4777748584747314,0.7765974998474121
TYVRTES,0.9307520568227956,-0.103531196,0.1101279191826131,-3.182747833,0.0576844001441928,-4.115674973,0.0926125996503229,-3.432647709,0.0040532846287699,-7.946692797,0.0172771537561253,-5.854990623,-5.854990623,1.5735979874090091,0.6540670175607416,0.496045545376337,-1.011455504,1.5798973186051508,0.6598307971663276,0.7019883990287781,0.9791557788848876
TYVRHET,1.0485052329445053,0.0683340617437545,1.3446726840897456,0.4272550393182238,0.0463120830973772,-4.432467539,0.1393586605978999,-2.843125432,0.0068666420878187,-7.186179517,0.0068666420878187,-7.186179517,-7.186179517,0.905847160492562,-0.142660444,0.7856617135031108,-0.348019838,0.9257690942686888,-0.111275694,-0.002011119,1.1409800052642822
TYVRLQT,0.4907104727550142,-1.027056033,0.0438954128683726,-4.509786006,0.1116634924367078,-3.162770511,0.123300750386878,-3.019746515,0.0195348089627678,-5.677809043,,,-5.677809043,0.2988440519958369,-1.742535266,0.2836166494957003,-1.817985868,0.322579613977747,-1.632272827,-0.198240474,1.84665322303772
TYVRLSE,0.9436677983514686,-0.083649021,0.073641708576861,-3.76333309,0.0816280856782409,-3.614790566,0.145413438790861,-2.781767489,0.0101195862357409,-6.626705887,0.0144371954366772,-6.114065678,-6.114065678,0.1437563455449114,-2.798302455,0.1610685980119388,-2.634252842,0.142430329673561,-2.811671703,0.0908654928207397,0.7229626178741455
TYVRAET,0.9891717714309618,-0.015707026,0.0684163391671336,-3.86951528,0.0335250072425344,-4.898618546,0.1711979820048298,-2.546262399,0.0136475770492024,-6.195211348,0.0118262684184094,-6.401861263,-6.195211348,0.0724515676863596,-3.786839283,0.0639235510363318,-3.967508636,0.0729908000026614,-3.776141556,0.6620259284973145,0.7127965688705444
TYVRVQD,0.7535499740940138,-0.408224903,0.2709916485442178,-1.883679704,0.1267075205999848,-2.980425938,0.1457141838341249,-2.778786779,0.0349824196681734,-4.837226109,0.0177681869395643,-5.814559713,-4.837226109,0.0554294263512275,-4.173204113,0.0658104700680116,-3.925539063,0.0593059216934221,-4.075680025,0.5665663480758667,0.9435096979141236
TYVRSNL,1.081200180784188,0.1126336582139077,0.171847345825838,-2.540800525,0.0765579962495416,-3.707303119,0.0533184769938658,-4.229220618,0.0038955407322466,-8.003960685,0.0066565291527514,-7.231014161,-7.231014161,0.6957839307076996,-0.523288735,0.4895561462020087,-1.030453766,0.6766310775491962,-0.563558653,0.5760447978973389,3.2661194801330566
TYVRSNS,1.373218271697445,0.4575609586734049,0.0880928323512361,-3.50483155,0.0689145977782219,-3.859046577,1.2698381951268591,0.3446446781314711,1.1253922191186732,0.1704278938522432,0.0215263257260983,-5.537754099,0.1704278938522432,1.2835739480125226,0.3601664134495923,1.9604632364472043,0.9711945879944648,1.3175271999535454,0.3978327461759834,1.6792762279510498,2.432669878005981
TYVRSTQ,1.0694841191431756,0.0969150599657995,0.0904026102875092,-3.46749176,0.0505585104929582,-4.305902229,0.1695781791199783,-2.559977555,0.0192505365029328,-5.698957536,0.0137160208563216,-6.187994187,-5.698957536,1.1386218572728657,0.187288699446042,1.2708534647780418,0.3457976905902479,1.1570618267926778,0.2104659559095796,0.5778433680534363,2.544636011123657
TYVRSTL,0.8486892981140242,-0.23669161,0.0459814547733827,-4.442804079,0.0760637295806249,-3.71664751,0.0611042406372256,-4.032583683,34.662579451719736,5.115307113024693,0.0063890310666106,-7.29018713,5.115307113024693,1.5125262325392512,0.5969601640243218,1.137800675136264,0.1862478421968593,1.5484527623679103,0.6308273723331801,0.4887426793575287,2.8090856075286865
TYVRSMT,0.9867992403791714,-0.01917149,0.1314983594922797,-2.926883294,0.0409935103339188,-4.608460654,0.0891975416344807,-3.486852241,0.060343744925762,-4.050651957,,,-4.050651957,3.882843076736138,1.957113402587806,8.947857476659976,3.1615422770325465,3.851866006026798,1.945557517355057,0.7083110213279724,2.411168336868286
TYVRSMV,0.6489606938990035,-0.623796995,0.2485276083991262,-2.008521968,0.0756617680809399,-3.7242917,0.0550318468060028,-4.183589445,0.0070397115361224,-7.150267971,3.752138638227292,1.9077131351528096,1.9077131351528096,3.859291345947499,1.9483359600459715,11.464992873896897,3.519163553094616,3.830160163769362,1.937404721822428,-0.842855453,2.470945358276367
TYVRSPS,1.6747315819239614,0.7439298857444621,0.1113801992190582,-3.166435317,0.1106247731306379,-3.176253598,0.1280227720264348,-2.965527643,0.0220814948799949,-5.501018346,0.0058232154132223,-7.423968297,-5.501018346,0.1676716919889204,-2.576288956,0.1771204078757085,-2.497197645,0.1698093799939496,-2.558011942,1.726108193397522,2.461232900619507
TYVRSDP,0.842395345786274,-0.247430629,0.5646590731158682,-0.824548027,0.0492169025723328,-4.344702324,0.1311709390732335,-2.930479969,0.0313551993542524,-4.995151498,0.003827783582855,-8.02927502,-4.995151498,1.046027065868283,0.0649201816888368,0.41729924602293,-1.260845781,1.0274096615297237,0.0390115456414669,1.329262375831604,1.8068686723709104
TYVRSSI,1.016229877249148,0.0232267852348289,0.0524918166624967,-4.251763662,0.0808291768255972,-3.628980035,0.0472195752612951,-4.404471125,0.0229909125647072,-5.442792459,0.0081966747949836,-6.930745525,-5.442792459,2.8599674425189874,1.5159987236527022,2.965667434159045,1.5683568250379707,2.847625441925324,1.5097593960887643,0.8611246943473816,2.718749523162842
TFVKSEI,0.6010286249675458,-0.734494392,2.081894140291201,1.057896712652859,0.8893059611051145,-0.169248239,0.0546732937195576,-4.193019898,0.0038473219123951,-8.021929737,0.0038473219123951,-8.021929737,-8.021929737,0.7193946723689185,-0.47514462,0.0882062008265276,-3.50297611,0.7063570930676473,-0.501530384,0.6276248693466187,1.2184596061706543
TFSRLNS,0.7232181287148373,-0.467497253,0.0627085213489845,-3.995194688,0.087952233065248,-3.507135982,0.2214365663703298,-2.175034617,0.0424076546601652,-4.559531492,0.0228960428930138,-5.44875791,-4.559531492,0.269442737125719,-1.891949396,0.3685646217757934,-1.4400105,0.2570005625432493,-1.960156578,1.3068197965621948,2.305601119995117
RLNTDWP,0.754182077769056,-0.407015228,1.1773931986015536,0.2355961988307773,0.175984034052794,-2.506483547,0.0608227121557601,-4.039246041,0.0035247377953466,-8.148268345,0.00526178414523,-7.570232219,-7.570232219,0.6325936670140477,-0.660648982,0.4256518057200066,-1.232254344,0.6148320121538011,-0.701735812,-0.922784328,2.774803876876831
RLNADWP,0.489572680932012,-1.03040504,0.740837113166137,-0.432771721,0.111318796861957,-3.167230874,0.0836140261902046,-3.580111216,0.0163059930195451,-5.938453887,0.0108456870327861,-6.526734745,-5.938453887,0.473934484690191,-1.077240456,0.3472316045118123,-1.526029829,0.4693760816769255,-1.091183768,-0.810845017,2.307384490966797
RVNEDWP,0.5511010991325479,-0.85961109,3.0575392908156176,1.612371038180505,0.1147519054857578,-3.123409985,0.0914941728287896,-3.450176327,0.0046308906721969,-7.754494587,,,-7.754494587,1.967075605435993,0.9760524093151518,1.3295950947986055,0.4109869647759643,1.9522371091495845,0.9651282862102076,-0.636121154,3.5614359378814697
RVNADWP,0.8659661092448895,-0.207617531,2.9235913875364115,1.54774168872928,0.0559963618623811,-4.158523093,0.0846870061104182,-3.561715562,0.0040526545271392,-7.946917088,0.0051366995636297,-7.604942589,-7.604942589,1.4061379530322204,0.4917381409198612,1.173981596487062,0.2314097927197237,1.378018335455401,0.4625950841921279,-0.506622434,2.1225547790527344
RVQTDWP,0.9870926346359544,-0.018742613,2.0242635273152114,1.0173971184918904,0.0320851276256261,-4.961951468,0.0434730464137824,-4.523734992,0.0025910014872478,-8.592274441,0.003867887864983,-8.014238315,-8.014238315,0.920978522060425,-0.118760583,0.5605952991575087,-0.834968448,0.9228205531599176,-0.115877959,-0.512645364,2.812086343765259
RVDEDWP,0.2755399258500549,-1.859666714,1.1265456408455854,0.171905764072881,0.0443269100923198,-4.49567339,0.0974076317813293,-3.359821379,0.0076130569343605,-7.037308417,0.0076130569343605,-7.037308417,-7.037308417,1.1589097942024191,0.2127682759893238,0.5455790797617118,-0.87413977,1.1224872390271068,0.1666990438110035,-0.539484739,2.8302552700042725
RYILSES,0.5787771316570661,-0.788920175,0.3725798595183148,-1.424378406,0.1260770160648111,-2.9876228,0.0168243649443062,-5.89330414,0.0118574825233332,-6.398058448,,,-6.398058448,0.174829867910985,-2.515976419,0.1211523373190355,-3.045105857,0.1645155003674798,-2.603704576,-0.946062863,0.4350762367248535
IHRKGDQ,0.0785222497468235,-3.670754682,0.2572395766434702,-1.958815475,0.3825602992857436,-1.386240931,0.3187659343609537,-1.649430634,0.0584643560733872,-4.096298864,0.0408002677931,-4.615277568,-4.096298864,0.1835815930278015,-2.445506682,0.2366626824719235,-2.079095858,0.2214820970767457,-2.174738008,-0.230429485,0.4050714671611786
IHRLSNE,0.8053987760524551,-0.312224815,0.0413355517083155,-4.596473047,0.0549647684928525,-4.185349019,0.1978050098143514,-2.337849129,0.0179241131217047,-5.801954453,0.0083706138943813,-6.900450852,-5.801954453,0.0930735534644676,-3.425484901,0.0895531229431826,-3.481112446,0.0918201921277152,-3.445044739,1.8563648462295528,0.6729177832603455
IHRLSLN,0.8055977497477828,-0.311868441,0.3877185260299304,-1.366918423,0.4267531914357176,-1.228526153,0.0577782321731726,-4.113330127,0.0505653871066025,-4.305706017,0.0062105595833752,-7.331061021,-4.305706017,2.555600590951946,1.353662378351005,0.3712360378101987,-1.429591328,2.6187620568836514,1.3888849810520694,0.3956484198570251,1.7060807943344116
IHRLSDN,0.9968170842924038,-0.0045993,0.0576944723483046,-4.115423088,0.1004938755734023,-3.314820513,0.1036719309505947,-3.269902756,9.1930770113287,3.2005478262566536,0.0139184531325476,-6.166857308,3.2005478262566536,1.1902206065166403,0.2512290007856211,0.1369805350815917,-2.867957194,1.1714965387088256,0.22835269163597,1.342910885810852,1.0808181762695312
IYMKSMT,0.910601550817886,-0.135108179,0.0318155970694057,-4.974121994,0.0769629850026618,-3.699691435,0.0694485984814318,-3.84791061,0.0096862192177409,-6.68985063,0.0075746001570834,-7.04461455,-6.68985063,0.1502146999530975,-2.734902094,0.2489994710147565,-2.005785418,0.1643908665784804,-2.604797949,-0.315888315,0.2840006053447723
IYAKSEV,0.937127362193494,-0.093682961,0.1138168698386326,-3.135213686,0.0534008912652231,-4.226992369,0.2354112261698274,-2.086744974,2.0990952409917534,1.0697676266535436,0.0070188267448845,-7.154554392,1.0697676266535436,0.1187294984771762,-3.074249676,0.0768178969557014,-3.702413722,0.1257047011156668,-2.99188949,1.38384211063385,2.792725086212158
IYAKSVT,0.7242216295838702,-0.46549683,0.1127581454469346,-3.14869644,0.0980097941898895,-3.350930264,0.0684311521619823,-3.869202952,0.0096623219901472,-6.693414354,0.004460274617887,-7.808651745,-6.693414354,0.1580192755703194,-2.661827542,0.1315063662615103,-2.926795452,0.1520780340681155,-2.717116308,1.8010497093200684,0.586963415145874
IYAKSVI,0.8840108276648297,-0.177864055,0.0924474115771136,-3.435223263,0.0849988275686314,-3.556413248,0.1647942849635968,-2.601261884,0.020273196536645,-5.624282609,0.0141672434339529,-6.141297114,-5.624282609,0.2237108095888178,-2.160293127,0.1205899164920147,-3.051818818,0.2180736952122192,-2.197112337,0.7516729831695557,2.575681447982788
IYAKSVV,0.5393295299689398,-0.890761067,0.2891278868806388,-1.790220329,0.3391052136668869,-1.560195129,0.0495700100028858,-4.33438864,0.0192243138444913,-5.700924083,0.017984290937064,-5.79711891,-5.700924083,0.3280964380109413,-1.607808164,0.260794199458768,-1.939016313,0.3448140001100704,-1.536109743,0.7218158841133118,2.3656325340271
IYARTQV,0.8002042459074895,-0.321559811,4.330587418967316,2.1145627314073185,0.0873360230387632,-3.517279352,0.1543129594101634,-2.696068868,0.0318268746985423,-4.973610694,0.0080994319479104,-6.947963556,-4.973610694,3.722143175403166,1.896133550956267,1.827410253375067,0.869800555184513,3.694216818668824,1.8852685425625493,0.365609735250473,3.442494630813598
IYARTEV,0.7325362415830134,-0.449027958,0.2430417517153315,-2.040723922,0.077554242420444,-3.688650487,0.1413661998878399,-2.822490876,0.0236982821926829,-5.399073703,0.0110379464172346,-6.501384403,-5.399073703,0.2608336830686782,-1.938797909,0.0929479248195838,-3.427433534,0.2670214615946542,-1.904972393,0.122642196714878,2.884973287582397
IYGKSEI,1.3233708531017745,0.40421741003488,0.1311330781140688,-2.930896446,0.0654850281916235,-3.932691088,0.1317078687089063,-2.924586555,0.0075238856286726,-7.054306366,3.427880074660813,1.7773166372454572,1.7773166372454572,0.0897395226128519,-3.47811268,0.0741565459300244,-3.753282142,0.0885743076073706,-3.496967907,0.7585656046867371,1.003154158592224
IYVRTQN,0.6126710281352794,-0.706815464,0.0994015669693129,-3.330587595,0.0561833997824932,-4.153712262,0.1057860229981747,-3.240779071,0.0150501428929656,-6.054079005,0.0247168849475075,-5.338359257,-5.338359257,3.396837683304351,1.7641922811883457,2.102740773827143,1.072271005388037,3.264128031352748,1.7066976463336507,0.4887453019618988,1.2062768936157229
IYVRTQT,0.6721957588100367,-0.573046655,1.905216297340293,0.9299547947716682,0.0267005434102642,-5.226987086,0.1724597127777812,-2.535668712,0.0146174985238901,-6.096159744,0.0102010505938239,-6.615138449,-6.096159744,4.193123976842478,2.06802548654768,5.100325909878829,2.350589437974949,3.923588066257065,1.972173582340986,0.6865484714508057,1.6403563022613523
IYVRTET,0.884724343763705,-0.176700075,12.979876487365466,3.69820475003388,0.0920884306003964,-3.440836273,0.0838265682072897,-3.576448622,0.0284526369396149,-5.135293825,0.0142125991456936,-6.136685777,-5.135293825,4.275859364185694,2.0962144026541703,0.702217926419343,-0.510009269,4.021705336181425,2.0078073815928,0.580339252948761,0.6934612989425659
IYVRTES,0.8552853012786812,-0.225522348,1.9348173646839644,0.9521973909174092,0.0492465769682627,-4.343832741,0.1063309134895147,-3.233367004,0.0211103487207918,-5.565905779,0.0040697891147282,-7.940830245,-5.565905779,3.466007268026565,1.7932746797533878,0.8947676360803271,-0.16041502,3.315644051142575,1.729289135538416,0.5807435512542725,0.968650996685028
IYVRGQQ,0.5339767674399661,-0.905151121,1.412230885005494,0.4979759734688988,0.1308253414576495,-2.93428607,0.1886825499356987,-2.405967092,0.0202833293348391,-5.623561712,0.0045241991698668,-7.788121842,-5.623561712,0.8439410394329326,-0.244785884,0.6299118220887719,-0.666778207,0.9002764471552122,-0.151560018,0.424066811800003,1.6190334558486938
IYVRSDN,1.1573569765646343,0.2108339196627363,0.6848614918429532,-0.546115852,0.0370531642079784,-4.754259441,0.2199757455464107,-2.184583633,0.0208318269142166,-5.585066823,0.0039389382301515,-7.987977492,-5.585066823,4.454572535143087,2.1552869960529453,1.7680225735353323,0.8221366947064814,4.336363906367775,2.116485832310408,0.2789305746555328,1.231010913848877
IYVRSDD,0.7124972626992953,-0.489043623,0.0511912289570502,-4.287959548,0.0807972211309732,-3.629550515,0.0106591058836716,-6.551769764,0.0102159926395169,-6.613026799,0.0084848749266719,-6.880890891,-6.613026799,0.2269035206214692,-2.139849101,0.0907422350370553,-3.462081995,0.2025442933506685,-2.303690657,0.2920469939708709,0.2398746758699417
IYVRSDS,0.9073673555512274,-0.140241338,0.9230144906708776,-0.115574798,0.0455333172645855,-4.456933621,0.1163134671661414,-3.103909948,0.0139580042092617,-6.162763518,0.0222042388695414,-5.493021071,-5.493021071,3.910271961352165,1.9672689511769863,1.7675616622306174,0.821760545016344,3.7466608037795615,1.9056053721543773,0.5738822221755981,0.7548102140426636
IYVRSAP,1.0688493250486026,0.0960584916680753,0.0762252146145784,-3.713587883,0.1072212529907248,-3.221337195,0.1686722553943789,-2.567705408,0.2442447114909623,-2.03360077,0.0147138700122582,-6.086679439,-2.03360077,0.6935626044060643,-0.527901982,1.5726947863210263,0.6532387133563573,0.8323659997923457,-0.264710059,0.8959712982177734,0.7191158533096313
MHKMGLN,1.3696758559239548,0.4538345089653185,0.1510906757552569,-2.726513465,1.047577220756743,0.067056594183943,0.0251218243378503,-5.314914954,0.0020517913333716,-8.928900268,0.8679934584520809,-0.204243925,-0.204243925,0.2638395649233985,-1.92226717,0.2221786638787377,-2.170207815,0.2586851961149599,-1.9507306,2.503103256225586,0.7245503067970276
MHRLASN,0.684826490460262,-0.546189586,0.2619143359746069,-1.932833067,0.1734827021908786,-2.527136275,0.071041384397771,-3.815196494,0.0121784999131172,-6.35951975,0.0087751891112196,-6.832354068,-6.35951975,1.1321527360140242,0.1790686018321482,0.2664018592331913,-1.908323944,1.194901805302372,0.2568920652152063,2.027926206588745,1.146719217300415
MHRLGQN,1.2541200759519724,0.3266754858489347,0.6444412793729171,-0.633879187,0.1894069518254545,-2.400438812,0.0564516139830246,-4.146841361,0.6746293863868886,-0.567832932,0.0065049892209152,-7.264237618,-0.567832932,1.6137365783532494,0.6904050965092399,0.2746472743553891,-1.864348121,1.675724705908751,0.7447851573652314,1.9442007541656492,1.6892926692962646
MHRLGSN,1.2532169002858184,0.3256361304505043,0.5066072806924968,-0.981060284,0.1399032826563035,-2.837498281,0.112946618506665,-3.146287016,0.0118165596147314,-6.403046133,4.221748147576618,2.0778405158996787,2.0778405158996787,1.3866947390497235,0.4716502339994498,0.2586132153437775,-1.951132095,1.4169497629598782,0.5027886093403031,1.988297700881958,1.0880465507507324
MHRLSNN,0.9107557707477062,-0.134863864,0.4973400084402964,-1.007695602,0.2307263686623812,-2.115745202,0.0512502936509159,-4.286295919,0.0207568067111585,-5.590271678,0.0056905060974758,-7.457227317,-5.590271678,2.356239502195755,1.236486190725551,0.294083697167505,-1.765701286,2.453096229518943,1.2946038287290809,2.1510026454925537,1.8855934143066408
MHRLSMN,0.459464704967511,-1.121974054,0.2574737225907261,-1.957502895,0.1347383667733563,-2.891767378,0.046548782672774,-4.42511275,0.012291287234258,-6.346220176,0.0030729690841112,-8.346151032,-6.346220176,2.393027111952855,1.2588367420742212,0.3343584572456994,-1.580532486,2.4921629808304213,1.3173984198655864,0.4960099756717682,0.8278811573982239
MHRLSQN,0.8095418755142408,-0.304822386,0.3356388427855796,-1.575018409,0.2021473569806744,-2.306520754,0.0543755616100006,-4.200897793,0.0087111944852707,-6.842913729,0.0963542681800165,-3.375507615,-3.375507615,1.7900675466402924,0.8400140273578977,0.3019197532896271,-1.727762946,2.0670666106334634,1.0475848799497045,1.6393290758132937,1.504514455795288
MHRLSDN,1.5726693995626464,0.6532154248922843,0.1187097996618389,-3.074489058,0.048900070638156,-4.354019641,0.1049950066087613,-3.251607378,0.0104806320971282,-6.57613046,2.1522671500604944,1.105857163464511,1.105857163464511,1.3760094784244534,0.4604904078516803,0.1400335118865429,-2.83615597,1.3618477122846888,0.4455653839554337,1.1300745010375977,0.0309275686740875
MYAKSVL,0.9082342085577234,-0.138863718,0.0687557678738609,-3.862375444,0.1106670168261348,-3.175702789,0.0700199637224739,-3.836089875,0.0086783493777398,-6.848363617,0.0072897111804345,-7.099922629,-6.848363617,0.3651175143390651,-1.45356722,0.9293175972185724,-0.105756368,0.3751068855115882,-1.414626349,0.984691321849823,1.0225046873092651
MYVRSDQ,0.7579323895966402,-0.399858935,0.1150640772127766,-3.119490598,0.0369349821999534,-4.758868307,0.4522293938702602,-1.144873328,0.0085016295081083,-6.878044895,0.0103902961454116,-6.588619415,-6.588619415,0.1445790437113453,-2.790069642,0.1431040041760768,-2.804864054,0.1223043041859935,-3.031452918,0.3837732970714569,0.8449470400810242
QLHRLQS,0.7116235234421501,-0.490813894,0.0836160928480593,-3.580075558,0.0666975087609563,-3.906223314,0.1283152936275416,-2.962234962,0.0251126345495768,-5.315442801,0.0133985058379596,-6.221784065,-5.315442801,0.1962834418369541,-2.34898962,0.1663412687094459,-2.587781954,0.2014841892282459,-2.311261462,0.5088090896606445,0.8643012046813965
QYMKSIP,0.9930065108974646,-0.010124918,0.1052472065626959,-3.248146153,0.2375140662337387,-2.073915139,0.1582193428619469,-2.66000211,0.0140129313468468,-6.157097407,0.0182910784343939,-5.772716051,-5.772716051,2.560249332188433,1.3562843152236588,2.397367158638836,1.261450875772015,2.613919925802364,1.3862149466355418,1.1662590503692627,0.5689765810966492
QYMKSLA,0.6671566025336972,-0.583902648,0.0679574451520848,-3.879224574,0.0540012028663383,-4.210864646,0.2270273051757839,-2.13906227,0.0235540994419245,-5.407878016,0.0133152403522227,-6.230777719,-5.407878016,0.1157101247620802,-3.111412988,0.1424261895422204,-2.811713639,0.1133346222976988,-3.141339441,1.3447751998901367,0.4141177833080292
QYLKSTT,1.510623465987845,0.5951441029595945,0.1642082984840604,-2.606401057,0.127580731881971,-2.970517635,0.1410669595378819,-2.825547973,0.0093301607670979,-6.743882344,0.0093301607670979,-6.743882344,-6.743882344,3.117112678340421,1.6402103068865284,2.367361773482859,1.2432801914666034,3.3723034542455066,1.7537343619731582,1.0672005414962769,2.0055689811706543
QYLKSTI,1.7509321798945277,0.8081232039172511,0.0527628005679331,-4.244335047,0.0904822167642993,-3.466221915,0.1142914766768554,-3.129210277,0.0158460351220805,-5.979734285,0.0087580646598499,-6.835172184,-5.979734285,1.9223595644878235,0.9428782078009648,0.8983482426362878,-0.154653284,1.9281103637099968,0.9471876328023996,-0.002905097,1.933700442314148
QYLKSTA,3.1495454966613163,1.6551436517800282,0.208928841114621,-2.258916435,0.0635267590735286,-3.97649177,0.0734545088269956,-3.76700514,0.0069181551539769,-7.175396915,0.004668929283296,-7.742692547,-7.175396915,0.1467527844664667,-2.768540218,0.1360931000327797,-2.877334171,0.1499376844993164,-2.737565067,1.125194072723389,1.1088805198669434
QYLKSTG,1.3595703011485147,0.4431507526838016,0.1232889316341309,-3.019884808,0.1526809259655028,-2.711408254,0.1804490944584999,-2.470336191,0.0049181857419597,-7.667658063,0.0145634015467289,-6.101508827,-6.101508827,0.1145326562229042,-3.126169088,0.118017995772703,-3.082921232,0.1131199968776511,-3.144074109,1.2002803087234497,0.9827486872673036
QYLKSIT,1.3653616148321472,0.4492830982755789,0.5799589888316706,-0.78597721,0.1086262629336374,-3.202555144,0.0138184939162679,-6.177255805,0.0068060502133055,-7.198966489,0.0037258640724237,-8.068209242,-7.198966489,4.113064409220248,2.0402136641395505,8.565524849796374,3.09854164969508,4.179155418092686,2.063211411864981,0.4732969105243683,1.6963073015213013
QYLKSMP,1.8999856487543447,0.9259885214251018,0.2670177452191977,-1.904992472,0.0766506167135981,-3.70555879,0.1005009138628379,-3.314719475,0.0143823106457014,-6.119560714,0.006682219386731,-7.225456935,-6.119560714,5.28737797410177,2.4025524630666903,18.49881218616448,4.209360732756198,5.419349221398634,2.438119616997834,1.0641520023345947,0.3799506723880768
QYLKSLP,0.6462100804235116,-0.629924839,0.2183681825280333,-2.195165432,0.0970370830784016,-3.365320006,0.0523323286938862,-4.256153732,0.0138184426462001,-6.177261158,,,-6.177261158,4.928738122141263,2.301218328559357,7.906344381190951,2.9830107968240704,5.002218084065427,2.322567956747408,0.88767409324646,1.48474383354187
QYLKSEN,1.3073217278720002,0.3866142276575831,0.3342236154431078,-1.58111442,0.1480752932309355,-2.755597152,0.0935960557266128,-3.417408456,0.0041190336204799,-7.923478383,0.0154131859619,-6.019691087,-6.019691087,0.657107364783804,-0.605798983,0.1052168389886818,-3.248562482,0.6815418348940379,-0.553125879,0.6832177042961121,0.0385914780199527
QYLKSES,0.8355589824458401,-0.259186423,6.9378089827337535,2.794480119745592,0.1240594705143005,-3.010896222,0.0980603553491712,-3.3501862,0.0083092866407883,-6.911059659,0.016535881063571,-5.918256273,-5.918256273,4.149636082791082,2.052984819694803,2.0552401200520487,1.0393069582723404,4.09186010317181,2.0327568215469785,0.8034470677375793,0.3121758103370666
QYLKSDP,0.7767301522417892,-0.364514623,1.2021443344838612,0.2656101224576456,0.0857145468045957,-3.544316122,0.0454267454426321,-4.460314241,0.0076516777300821,-7.030008172,0.0076516777300821,-7.030008172,-7.030008172,1.0142592339718863,0.0204264371212684,0.1577759715400813,-2.664050588,0.9933317130891058,-0.009652523,0.497184008359909,0.1847599297761917
QYLKSAT,3.6004806032587866,1.848189494793797,0.4162046117472823,-1.264635144,0.0956077395377935,-3.386728779,0.0551823497442017,-4.1796493,0.0147130321397556,-6.086761594,0.0043617957348352,-7.840862075,-6.086761594,3.7889930519808073,1.9218144943248416,8.547832226193655,3.095558591571216,4.057857811954559,2.020718313694386,1.340774416923523,0.6939716339111328
QYLKSAP,2.070612013276807,1.0500572498596117,1.037734767126818,0.0534377548257484,0.1606902910309525,-2.637645331,0.0966219470709427,-3.371505264,0.0150240497404359,-6.056582445,0.0087414215770278,-6.837916367,-6.056582445,4.968809330086821,2.3129001818928594,9.414745550490643,3.2349221040794487,5.03597475766452,2.3322710517059595,1.5474756956100464,0.6608526110649109
QYLKSVT,0.9379533791779858,-0.092411879,1.0760661090901145,0.1057667138858693,0.1159265382355779,-3.108717225,0.0195922779712492,-5.673571042,0.0073531325053166,-7.087425302,0.0058014220071235,-7.429377717,-7.087425302,3.687692101049962,1.8827182048909163,9.722804448459394,3.281372505221921,3.857497172802208,1.947665099430948,0.8695358037948608,1.802704095840454
QYLKSVP,1.378374825308487,0.4629682574776831,3.042186516825476,1.6051086075824992,0.1326775117889484,-2.914004233,0.1291657117274922,-2.952704951,0.0056828352881233,-7.459173384,0.0185517647323398,-5.75229976,-5.75229976,4.812719721523561,2.266852407482704,16.32767466410855,4.029247436342136,4.957733310423129,2.30968066713294,1.199578881263733,1.4357072114944458
QYLKSVS,1.6836063965728578,0.7515548960736266,0.1558615144332469,-2.681663355,0.0831336768700906,-3.588423169,0.0641405804847127,-3.962618779,0.0075173241100289,-7.055565078,0.0066326523024412,-7.236198386,-7.055565078,3.46803970058826,1.7941204139905345,9.156728610980483,3.194832264294436,3.723856933516984,1.8967976472064887,1.4049315452575684,1.78715980052948
QYLKSST,1.6152021051422043,0.6917146960917312,0.1307414902466306,-2.935211048,0.1234100952235909,-3.01846768,0.0504178171992298,-4.309922531,0.0085277073750309,-6.873626351,0.005951194333274,-7.392605056,-6.873626351,3.1038643844113425,1.6340655239517732,3.0247798777835,1.5968301570037342,3.3603385568244946,1.748606593017684,1.2213234901428225,1.1534711122512815
QYLKSSP,2.0036247502171083,1.0026123380275491,0.5549276952135153,-0.849628288,0.1722020599279993,-2.537825694,0.088562932955212,-3.497153189,0.0126666749031629,-6.302818334,1.3584420925016392,0.4419530678482077,0.4419530678482077,4.183964157997695,2.064870492765432,5.841005863695831,2.546216833079424,4.285355568479955,2.0994149139295004,1.4060845375061035,1.0452678203582764
QYLKSSV,1.1188150794681135,0.1619716038027324,0.0834174258497776,-3.583507397,0.0862859390456816,-3.534730709,0.0848189786843337,-3.559469078,0.0100020331781248,-6.643562894,0.018731488171759,-5.738390667,-5.738390667,2.02361778530018,1.0169368239631058,1.3574140285025034,0.4408608281727386,2.066431913657939,1.0471418295018229,1.0537041425704956,1.190238118171692
QYLRSTS,0.4050477600672413,-1.303836066,0.0914559731275701,-3.450778792,0.1810547129884349,-2.465502363,,,0.0075297714328506,-7.053178212,,,-7.053178212,0.3880889837565469,-1.365540613,0.4908309713544649,-1.026701809,0.442073474937464,-1.177641922,0.565818727016449,0.9925300478935242
QYAKSNQ,1.3038044051156894,0.3827274547415642,0.0467548368679843,-4.418740568,0.0568841540266837,-4.135829367,0.1003540863371725,-3.316828732,0.0133657240379393,-6.225318197,0.0126793255760105,-6.30137818,-6.225318197,0.1076780700913515,-3.215203637,0.1499843908396375,-2.73711573,0.0903178928291221,-3.468844362,1.4609674215316772,1.007107853889465
QYAKSIT,1.2178511758186727,0.2843378434029251,0.0670597499587317,-3.898409086,0.0804937824203082,-3.63497884,0.1165628226327326,-3.100820376,0.0195678614688747,-5.675370094,2.848625512217213,1.5102659736525297,1.5102659736525297,0.3021919863558492,-1.726462692,0.2867797535040876,-1.801984921,0.3105395248815229,-1.687151191,2.1453616619110107,0.2877595722675323
QYAKSIV,1.1076806504943626,0.1475420056144072,0.0650040494988015,-3.943326595,0.1304298131683145,-2.938654422,0.0968834278526038,-3.36760628,0.0260261235403364,-5.263895744,0.0151942132619511,-6.040334214,-5.263895744,0.1720365903461171,-2.539212651,0.1431709987773294,-2.80418881,0.148546358053941,-2.75101486,2.0217647552490234,1.1097170114517212
QYAKSLE,0.8986163731472858,-0.154222746,0.0782319604179987,-3.676098072,0.0729116623638281,-3.777706595,0.0821299319297878,-3.605948087,0.0037784686608621,-8.047982628,22.22529245041577,4.474130497698927,4.474130497698927,0.1030805158067576,-3.278156433,0.1889335423868095,-2.404049241,0.1034831667173853,-3.272531987,1.7209348678588867,0.4446634352207184
QYAKSEP,0.8202725124549843,-0.285824811,0.5120056180010636,-0.965768455,0.4638299196644642,-1.10833221,0.1700429563657489,-2.556028848,0.0143983129638497,-6.117956407,0.013862932161224,-6.172623754,-6.117956407,0.4191843697892581,-1.254343171,0.1065060051255215,-3.230993319,0.4340418325168135,-1.204094,1.1996643543243408,0.3836120367050171
QYAKSES,0.6841338434493629,-0.547649494,0.1683866515123137,-2.570150318,0.0793282106668347,-3.656022182,0.2335292645766402,-2.098324743,0.0283085930594724,-5.142616141,0.0085143699910304,-6.875884501,-5.142616141,0.2809162424339076,-1.831788052,0.1980744502531146,-2.335885297,0.2715826308088681,-1.880536881,1.3082983493804932,1.0120912790298462
QYAKSVI,0.9382324374438168,-0.091982715,0.2034978341631595,-2.296914655,0.1124459961471166,-3.152695803,0.1026717306342299,-3.283889086,0.0229835479774811,-5.443254665,0.0092068298512644,-6.7630798,-5.443254665,0.9536994044363556,-0.068393479,0.1704050485660006,-2.552960016,0.9699567242422638,-0.044007714,1.9681764841079712,1.0028945207595823
QYAKSSI,2.5277551267894154,1.3378567109526494,0.111992396211962,-3.158527312,0.1265141825037252,-2.982628972,0.1771784156411174,-2.496725233,0.0131109127976874,-6.253088059,0.5038705633172335,-0.98887492,-0.98887492,0.0725667353804424,-3.784547822,0.0609101861354265,-4.037172677,0.0695486343113521,-3.845834004,1.376190423965454,0.1033592075109481
QYARPQE,0.7026033929049125,-0.509217551,0.0514071186108714,-4.281888039,0.169388852458508,-2.561589161,0.1247491658553586,-3.002897926,0.0194135637231053,-5.686791214,0.0187330589107399,-5.738269694,-5.686791214,0.0773131858893717,-3.693141701,0.0556724696060106,-4.166892108,0.0656251626175146,-3.929607097,0.7300558090209961,0.2395981252193451
QYARLQD,0.7313918387746746,-0.451283566,0.0850403348777072,-3.555708912,0.039310843739785,-4.668928861,0.0485106250641413,-4.365555421,0.0116574103427208,-6.422608856,0.0100175766327557,-6.641322644,-6.422608856,0.059077035292989,-4.081258762,0.0503132115400167,-4.312918909,0.0599794550067798,-4.059387776,0.378301590681076,1.8761749267578125
QYARSDP,1.084934347023348,0.1176077430479993,0.0787549124344516,-3.666486274,0.115867462602986,-3.109452603,0.0209810752745628,-5.574767572,0.965079282788951,-0.051280628,0.0066594731134122,-7.230376247,-0.051280628,0.0705504707387885,-3.825200481,0.0670054836402837,-3.899577021,0.0709677391958009,-3.816692842,1.0911506414413452,0.226366177201271
QYARSVD,1.3995939820220449,0.4850083663997327,0.0814662640714226,-3.61765344,0.0770777531004941,-3.697541674,0.0284267986704004,-5.136604553,0.005719039845287,-7.450011328,0.0068758670263899,-7.18424264,-7.18424264,0.1206820440755786,-3.050717057,0.1923793838643497,-2.377973892,0.1141028993181777,-3.131592644,1.164165496826172,0.6514615416526794
QYARSSS,0.9159522488526276,-0.126655706,0.0404673181233722,-4.627098949,0.071802262149145,-3.799826893,0.1650556946697733,-2.59897518,1.308323178057058,0.3877189550485236,0.0057190586327963,-7.450006588,0.3877189550485236,0.2512414387596263,-1.992853659,0.6909874369423683,-0.533268614,0.2858263810597278,-1.806789015,2.002782821655273,1.0564379692077637
QYVRPND,0.9486659057999072,-0.076027996,0.1513529345653088,-2.724011447,0.0974832159251179,-3.358702344,0.0655986882297007,-3.930189224,0.0070658826297217,-7.1449145,0.011380999004309,-6.457228989,-6.457228989,0.062543436364815,-3.998997701,0.0530032811336101,-4.237774518,0.0669598499413736,-3.900559895,0.6594532132148743,0.1013376116752624
QYVRPLD,0.8181772838308794,-0.289514613,0.1035085278276157,-3.272178462,0.0778195603553856,-3.68372336,0.0606015715997827,-4.044500982,0.0210003635201253,-5.573441888,0.006158158263712,-7.34328534,-5.573441888,0.0839903856463132,-3.573631997,0.0784570312941186,-3.671953443,0.0754675068540585,-3.728000576,-0.09888839,0.7556470632553101
QYVRAQT,0.8296108073794795,-0.269493407,0.0979399525617987,-3.351958693,0.0632839309071306,-3.982016974,0.0394757465797741,-4.662889639,0.0146782219072886,-6.090178976,1.038433832853531,0.054409293163538,0.054409293163538,0.3136399803581757,-1.67281862,2.36353897059853,1.2409486523952005,0.3674290036406976,-1.444462582,0.8532248139381409,0.0133678801357746
QYVRGND,1.618991110408141,0.6950950640806887,0.0689332868389762,-3.858655383,0.0592691737892021,-4.076574243,0.1433670021851733,-2.802215088,0.0074266415348478,-7.07307434,0.0064929100072104,-7.266919071,-7.07307434,0.0739083451693211,-3.758118918,0.0799042393812319,-3.645584141,0.0706903369071322,-3.822343172,1.3669891357421875,0.8156185150146484
QYVRGTS,0.7053662651443268,-0.503555516,0.2425565249409554,-2.043607105,0.1313999935816945,-2.92796289,0.0663196260346387,-3.914420318,1.2695639430273264,0.3443330597867098,0.0231763202124293,-5.431204667,0.3443330597867098,0.1869925622683881,-2.418947208,0.2287103119415402,-2.12840668,0.2101105667287982,-2.250779376,1.0337899923324585,0.2152841985225677
QYVRGLE,0.7777079474893298,-0.362699613,0.0405241869860106,-4.625072948,0.1239338032254339,-3.012358355,0.0797481201353615,-3.648405678,0.0389281869914671,-4.683041034,0.016159463118709,-5.951476923,-4.683041034,0.0977022707115147,-3.355464097,0.0894473209150427,-3.482817918,0.0980073878571316,-3.350965685,0.7155761122703552,0.9170041680336
QYVRSTD,0.8846647273615977,-0.176797293,0.0372835941328913,-4.745315247,0.0593976424011574,-4.073450521,0.0323586039479827,-4.949706823,9.95850104866768,3.3159286045024685,9.95850104866768,3.3159286045024685,3.3159286045024685,0.1221275664811411,-3.033539214,0.1078051031408875,-3.213502623,0.1368942216384852,-2.868866544,0.79936283826828,0.9712185859680176
QYVRSHN,0.2794586371823713,-1.83929333,0.4328064114369632,-1.208206224,1.4999350020906927,0.58489998459239,0.0903254693273939,-3.468723344,0.0059629352007365,-7.389761626,0.0059629352007365,-7.389761626,-7.389761626,0.3329390560491974,-1.586669976,0.393986268301181,-1.343782747,0.3238979652581762,-1.62638869,-0.28675133,0.7128573656082153
QYVRSHT,0.3243904092383675,-1.624196929,2.603107241380225,1.3802347483230548,2.2917150317350927,1.1964276602106645,0.0457711643295134,-4.449417198,0.0085891348808807,-6.863271458,,,-6.863271458,0.8090470076439578,-0.305704566,0.9330120520953008,-0.100032378,0.8280881542369186,-0.272143737,-0.731765509,0.6857429146766663
QYVRSHP,0.6877616777449022,-0.540019364,0.7531686493835852,-0.408955146,0.1572360622250166,-2.668995956,0.1517804118468859,-2.71994248,0.0330330959442235,-4.919944001,0.0141204993125117,-6.146065085,-4.919944001,2.104011727171008,1.073142745829981,5.569781486663463,2.4776207289493635,2.127549973665544,1.0891930195317852,-0.248042062,0.4055578112602234
QYVRSPD,0.916044609846562,-0.126510238,0.0603072207033045,-4.051525441,0.0417544243864122,-4.581927113,0.0563753880558703,-4.148790731,0.012573688186501,-6.313448298,1.6452355821920963,0.718294179052175,0.718294179052175,0.0737538640313055,-3.761137554,0.0965822190758197,-3.372098578,0.0727833148575981,-3.780248431,0.87596595287323,0.6459483504295349
QYVRSDT,1.230602030602934,0.2993642782288103,0.0620106554443194,-4.011340051,0.0233894644839278,-5.417997359,0.0848742617438288,-3.558529069,0.0136304063455773,-6.197027618,0.5179630264530932,-0.949078977,-0.949078977,2.762195996881937,1.4658156924045602,0.6409551399533381,-0.641704708,2.6869050648732817,1.425945348200313,0.5976020693778992,0.7357717156410217
QYVRSDP,0.989920188010338,-0.014615882,9.041899557271716,3.176625891442466,0.0650416223251144,-3.942492947,0.098119551048421,-3.349315557,0.0256995216845787,-5.282114681,0.0062610696961048,-7.319375124,-5.282114681,4.450356975425371,2.153921063274608,2.9431490509052973,1.5573606070274668,4.296246577980065,2.103076797471437,0.6576084494590759,0.690180778503418
QYVRSDS,0.8692896811416221,-0.202091076,0.087934438082605,-3.507427906,0.0755819318790173,-3.725814795,0.1026863612670916,-3.283683518,0.0123469574339465,-6.339700616,2.661264397927579,1.4121118499429623,1.4121118499429623,3.209297193067862,1.682257394827644,1.9527516034909904,0.965508445280478,3.096960122101523,1.630852806320043,1.120787262916565,1.0644339323043823
QYVRSAP,0.9205158014811516,-0.119485608,0.0561837875659323,-4.153702304,0.1164435564159164,-3.102297287,0.0642215599568764,-3.960798481,0.0159772679753236,-5.967835453,0.0149834678477969,-6.060484623,-5.967835453,4.372466919873026,2.1284474694034934,12.93168511554908,3.692838378499677,4.435161819619186,2.1489867431065344,1.5146253108978271,0.7936345338821411
QYVRSGP,1.2106860072106076,0.2758247489483885,0.0485535288916854,-4.364280035,0.0332499631721784,-4.910503447,0.2747065858822841,-1.864036597,0.5400105270704826,-0.888940563,0.0218305233720964,-5.517509471,-0.888940563,0.3742614530911269,-1.417881629,0.2678140863102902,-1.90069625,0.3607660504289338,-1.470864513,1.5926302671432495,0.5552576780319214
QYVRSGE,1.0495499994407849,0.0697708967177739,0.0762762196770317,-3.712622846,0.0613192574516038,-4.027515963,0.1886937370084407,-2.405881556,0.0072462259029963,-7.108554502,0.0108452797715788,-6.52678892,-6.52678892,0.0965946676360314,-3.37191264,0.087220548298821,-3.51918813,0.0895370668176871,-3.481371133,0.9273625612258912,0.5242621898651123
QYVRSVP,0.7965836008503923,-0.328102315,0.4007943341772678,-1.319065981,0.0786399272454463,-3.668594203,0.1352163853107752,-2.886658109,0.0034189300795136,-8.192239366,0.0061900669349979,-7.335829275,-7.335829275,4.415127379222732,2.14245506114033,16.983044671817748,4.086023219218165,4.503869764465543,2.171165110527327,0.7406743168830872,1.604212522506714
QFVKSIT,1.086823583554427,0.1201177768078446,0.6255323476786435,-0.676843604,0.981462184949488,-0.026995412,0.0434396002724971,-4.524845362,0.01869570180378,-5.741149561,0.3825484327915094,-1.386285682,-1.386285682,4.228719193273883,2.080220761851274,5.093696651464613,2.348713044327669,4.092980381932769,2.033151751814925,1.0092962980270386,0.9975892901420592
PYVRSND,1.3393071710440108,0.4214868817370226,0.0228262348242206,-5.453163282,0.0456902351119106,-4.451970323,0.0517755617168833,-4.271584889,0.0023202101625216,-8.751528795,0.0042841770359595,-7.866766187,-7.866766187,0.1065715248536264,-3.230106083,0.1741805330810921,-2.521344702,0.1243977365580355,-3.006967859,1.103007674217224,1.6902368068695068
PYVRSDT,0.8845146414223872,-0.177042071,0.0749985583451095,-3.736993326,0.1712700504639616,-2.545655202,0.1000504166274729,-3.32120092,0.0137510206174417,-6.184317489,0.0030319379162686,-8.365544072,-6.184317489,0.2199097390333246,-2.185016597,0.1095633791388508,-3.190162428,0.2484554938082122,-2.008940652,1.150662541389465,2.1132113933563232
PYVRSGS,1.9909230257734416,0.9934374438200174,0.1061569442325122,-3.235729347,0.081071843253178,-3.624655245,0.0687330405643892,-3.862852408,0.0038589191997549,-8.017587448,0.011250765934551,-6.473832969,-6.473832969,0.1820140758415062,-2.457878071,0.1816918277674746,-2.460434564,0.1688440321528567,-2.566236907,1.332290768623352,0.9763121604919434
LHRLQEG,1.9449654282986684,0.959744511578902,3.9992573496606303,1.9997321206412129,22.79979242934365,4.51094878495634,0.0417437131838613,-4.582297253,0.015420297541873,-6.019025587,0.0042296979369805,-7.885229647,-6.019025587,0.4125326526729053,-1.277419779,0.5687286864507232,-0.81418752,0.699704388803845,-0.515182554,1.6331992149353027,0.0961467549204826
LHRLQAN,0.6666835861157206,-0.584925887,1.8466410402739544,0.8849034549795477,0.3169882573017795,-1.657498698,0.2464754678840042,-2.020484035,0.0039238308136283,-7.993521447,22.672057601436048,4.502843423622929,4.502843423622929,2.401896258079536,1.264173839975127,0.3467573707565533,-1.528001546,2.381213218189127,1.2516968079462316,1.67784583568573,1.5950968265533447
LHRLQSN,0.6917668110028552,-0.531642296,0.5488948487577143,-0.865398295,0.1689012193044666,-2.565748352,0.1212346475969993,-3.04412603,1.4309417875666657,0.5169649826885312,0.0066386837301145,-7.234887062,0.5169649826885312,2.691129050215875,1.4282115755351357,0.3618608259392536,-1.466493161,2.779757104771007,1.474958825735871,1.840632677078247,2.9172914028167725
LHRLANS,1.967554257698509,0.976403420349414,0.1176443289755667,-3.087496318,0.0797225030433325,-3.648869183,0.0896963715248297,-3.478806565,0.0145069910639625,-6.107107873,0.0094711119936783,-6.722250464,-6.107107873,0.5225525929300809,-0.936351849,0.243522233040528,-2.037874602,0.541581514084157,-0.884749599,2.27809476852417,1.694013237953186
LHRLGNN,0.5538111172104456,-0.85253408,12.020486929553991,3.587423433251291,0.1643084357173424,-2.605521544,0.1991567646269442,-2.328023611,27.43196806835345,4.777786224933545,30.78397861708385,4.94410779699524,4.94410779699524,3.4019699103466703,1.7663703807468545,0.3540485627945556,-1.497980835,3.3721409055987803,1.753664820847435,2.4589836597442627,2.60526704788208
LHRLGNG,0.8630167709287447,-0.212539499,1.615464414912044,0.6919489715903673,2.9764590226547782,1.573597032709825,0.1334522674926033,-2.905604276,0.0082986940090261,-6.912899972,0.0022097045793656,-8.821930779,-6.912899972,0.7906080741059159,-0.338965406,0.3318989032026697,-1.591184233,0.8054594123241056,-0.312116203,2.2281839847564697,1.6880992650985718
LHRLGMN,0.8698784732997419,-0.201114232,9.514613903980733,3.2501451141857016,0.1192202709663361,-3.068298537,0.1444236509512362,-2.791621076,29.004096102675177,4.858184754083347,26.306071663207067,4.717323919022089,4.858184754083347,3.207518972886473,1.6814577990665622,0.3397244721697994,-1.557562948,3.1499260394128785,1.6553179543824128,1.0911505222320557,2.8642940521240234
LHRLGQS,1.917224185089731,0.939019044260492,0.2340720813029203,-2.094975226,0.6482961634881165,-0.62527506,0.0225503177084929,-5.47070843,0.0078933525440141,-6.985146098,0.0135973305206952,-6.200532746,-6.200532746,0.8557853693355792,-0.22467908,0.3633979353565763,-1.460377872,0.858492554697708,-0.220122472,1.437667727470398,2.4131052494049072
LHRLGLN,0.5068974370682151,-0.980234225,12.825239696183193,3.680913884093049,0.1757297365882999,-2.508569753,0.0604872720022035,-4.047224594,24.76882030601615,4.630453252159981,24.76882030601615,4.630453252159981,4.630453252159981,3.102363700689404,1.6333678283543531,0.3317745632106844,-1.591724814,3.107504640664262,1.6357565457615313,1.252333402633667,3.378544330596924
LHRLGAN,0.7339984287733197,-0.44615112,9.640926729383876,3.2691718314786447,0.073916723290882,-3.757955386,0.30034364755913,-1.735313945,32.42210209367318,5.0189057262056,65.24314025892139,6.02775431787742,6.02775431787742,3.101663051462594,1.6330419680028103,0.3195643924013243,-1.645821431,3.094122147049237,1.6295301513647764,1.8497673273086548,2.313520908355713
LHRLGVN,0.4410474164122171,-1.180994329,12.004295857881283,3.5854788760370204,0.1130148902890774,-3.145415227,0.1414045049322153,-2.822100012,8.132414721770957,3.023683788938932,19.21007415217467,4.263791182801172,4.263791182801172,3.392477212715914,1.7623391250878562,0.3663820407504597,-1.448579307,3.2983023666226807,1.721723661610869,1.1644701957702637,3.147219657897949
LHRLSNN,0.495719808362516,-1.012403187,7.664716476838578,2.9382324265840976,0.1840690833067056,-2.441680766,0.3393994695645417,-1.558943785,0.0271209232553068,-5.204449898,54.96873728314108,5.78053943370866,5.78053943370866,3.5080050078853904,1.810650807316928,0.347118657563959,-1.526499183,3.674462591111682,1.877533263872163,2.3672773838043213,3.576453924179077
LHRLSND,1.228282628797217,0.2966425641682614,2.2230714309319657,1.1525543052680354,0.0855293140112472,-3.547437221,0.1646416094292835,-2.602599105,0.0040206864426129,-7.958342454,3.0866310438327256,1.6260330427052525,1.6260330427052525,4.674475020156832,2.224804348242014,0.2775523633540715,-1.849168117,4.6984790818053215,2.2321938256757585,2.301448106765747,1.9335143566131592
LHRLSNE,0.756449298368358,-0.402684707,0.1162909164091418,-3.104189684,0.1314694423884924,-2.927200584,0.0087191768195097,-6.841592349,33.52272870863013,5.067067682295252,0.0102362562998903,-6.610168014,5.067067682295252,0.107944666763809,-3.211636129,0.084329842560211,-3.567812929,0.111726242035372,-3.161960012,2.057478189468384,1.584898829460144
LHRLSNS,0.6351150272572309,-0.654910189,0.4615493426279333,-1.115443205,0.3999768586544276,-1.322011562,0.0419990521857594,-4.57349942,0.0092924730985,-6.749721678,0.0140563677649828,-6.152632347,-6.152632347,1.141886948435912,0.1914198249526429,0.3332645242964384,-1.585260343,1.21609223661845,0.2822526566313853,2.5439798831939697,3.045334577560425
LHRLSQN,0.5638829957127943,-0.826532257,8.990858577261058,3.1684588917143643,0.3862225106893777,-1.372495842,0.1987626871165024,-2.330881144,0.5436948162262557,-0.879131022,95.12363418835464,6.571731929034861,6.571731929034861,3.128112530830093,1.6452924131408972,0.3625611659639716,-1.463703689,3.3388378023667475,1.7393460103208136,2.24641489982605,3.2485105991363525
LHRLSDQ,0.8041724306172523,-0.314423218,0.136233486623625,-2.875846729,0.0832459438674452,-3.586476211,0.186409906621146,-2.423449562,0.0130426276764603,-6.260621634,0.0130426276764603,-6.260621634,-6.260621634,0.3878252331764785,-1.366521422,0.1209825127356292,-3.047129565,0.3865198330595349,-1.371385651,1.0711687803268433,1.8811417818069456
LHRLSEQ,1.666051011360832,0.7364325739991612,0.1129889778413412,-3.145746051,0.0513092371983796,-4.284637612,0.0857382697529271,-3.543916887,0.0100459251301366,-6.637245762,0.008111028684307,-6.945899388,-6.637245762,0.227706906070787,-2.134750048,0.0977269788345218,-3.355099297,0.2444598267464617,-2.032330695,1.4396809339523315,2.058893918991089
LHRLSEE,0.4560287628494177,-1.132803273,0.1070855292816872,-3.223164556,0.116756611325045,-3.09842385,0.0291565020572855,-5.100038542,0.0047386797804735,-7.721299112,,,-7.721299112,0.0998069566040781,-3.324715814,0.0672755488655667,-3.893773934,0.0995862182321481,-3.327910089,2.055731296539306,1.2775938510894775
LHKMSLN,0.8910721306799058,-0.166385875,0.1826028614046509,-2.453218722,0.1983250516865442,-2.33406117,0.0499996392935548,-4.321938503,0.0033006229856029,-8.243045929,7.62550781883158,2.930833416686148,2.930833416686148,1.9430387908679791,0.9583147032054162,0.3034105525866175,-1.720656832,2.0720867732491235,1.051084420357916,1.9939541816711424,0.7767334580421448
LHKHGLN,0.2859706594085989,-1.806060961,1.4247196475759627,0.510678057632597,2.336157296411535,1.2241374159614802,0.0397129439222832,-4.654246878,0.0065555783654163,-7.253061217,0.0065555783654163,-7.253061217,-7.253061217,0.7850923453251611,-0.349065736,0.3955611377879816,-1.338027401,0.8076867544408577,-0.308132215,1.8059004545211792,1.8997822999954224
LHIRGLN,0.6407349340385688,-0.642200444,0.1141795902605752,-3.130623305,0.1523136150884364,-2.714883187,0.106599103404944,-3.229732791,0.0160348117352836,-5.962648775,0.0055950724231898,-7.481627479,-5.962648775,0.4378493909132991,-1.19149339,0.2178494395123339,-2.198596693,0.4717555641523955,-1.083888561,0.5573591589927673,0.4859636425971985
LHMRGLN,0.7632866592990081,-0.389703119,0.0674229083621603,-3.890617329,0.0885150553411976,-3.497933329,0.0687940272327784,-3.861572876,0.0286969359466332,-5.122959485,0.0128568585650428,-6.281318011,-5.122959485,0.2575735524249402,-1.956943629,0.2498729313489656,-2.000733472,0.2471097173301684,-2.016776351,0.5294221639633179,1.1182198524475098
LHRNGLN,1.0333238342299758,0.0472924524825854,0.7153513196880246,-0.48327615,0.1390152159816356,-2.846685292,0.0748518349682241,-3.739818506,0.0042053619420646,-7.893554311,0.3703502601315173,-1.433037744,-1.433037744,1.2293890737541264,0.297941568228516,0.2193796537010484,-2.188498365,1.3084113705592293,0.3878162021197953,1.974706530570984,0.846695065498352
LHRTGLN,1.5248580447911757,0.608674942604544,0.1190166028474117,-3.070765251,0.0578660336345604,-4.11113943,0.1346711944639015,-2.892486797,3.5574166374052023,1.830829949805522,0.0155039413633053,-6.01122117,1.830829949805522,1.2758806523020885,0.351493383660182,0.1807588185579336,-2.467862062,1.3335285046406784,0.4152486633322071,1.7130825519561768,0.9126864075660706
LHRMAQS,0.6445377094193266,-0.633663327,0.1299391758732359,-2.944091635,0.078203679049272,-3.67661971,0.0433850878669184,-4.526656939,0.0107200035944356,-6.5435508,0.0190559690211301,-5.713613217,-5.713613217,0.2231992895308718,-2.16359566,0.2238932770670919,-2.159116886,0.2220079689058764,-2.171316632,2.0047566890716557,1.648937702178955
LHRMGLN,0.7892563531927912,-0.341434126,0.17077512541146,-2.549830243,0.09970457057932,-3.326196549,0.1392484772190582,-2.844266544,0.0369990465447809,-4.756368096,0.0313899186286393,-4.993554901,-4.756368096,2.6945374683737486,1.4300376479862111,0.3637117506258255,-1.459132558,2.73930621897472,1.453810549687927,1.3338478803634644,3.1362805366516118
LHRILED,0.706805830666242,-0.500614154,0.1436919899608229,-2.798948453,0.0142078598439393,-6.137166935,0.0105112930003556,-6.571916043,0.0080218168687704,-6.961855254,,,-6.961855254,0.087816888439678,-3.509357773,0.0638563479911283,-3.969026144,0.06772747133709,-3.884115057,0.8660972714424133,0.3720118999481201
LHRIGSQ,1.7139446020031894,0.7773204795164086,0.0871436362430548,-3.520460876,0.0862783446583857,-3.534857693,0.1903875126590957,-2.392989238,0.0255277079765136,-5.29179218,1.0673864055142188,0.0940825420505254,0.0940825420505254,0.167969232133955,-2.573731104,0.1531229384242522,-2.707237674,0.1669995218100768,-2.582084123,1.494904398918152,1.3060181140899658
LHRISMN,0.6897262571294394,-0.535904205,0.1143121641446175,-3.128949164,0.1001809326947966,-3.319320146,0.1084323160710543,-3.205133308,0.0111343981855773,-6.488832607,0.0057138996551064,-7.451308584,-6.488832607,0.1900154311749762,-2.39581151,0.2194542496338193,-2.188007887,0.2136402949851222,-2.226744314,0.4064337313175201,1.0785514116287231
LHRHLPD,0.7663128760105052,-0.383994548,1.1947722793750728,0.2567356703207208,1.0049458410305994,0.0071177531634326,0.0088758321656488,-6.815901897,0.0095866805042841,-6.704752932,,,-6.704752932,1.0146605469568868,0.0209971568375402,0.2825925439717848,-1.823204693,1.1976664215442194,0.2602261393473023,1.6239542961120603,1.4032586812973022
LHRQTLD,2.0931072580626537,1.065646242176658,0.0384991472750697,-4.699029698,0.0388747495849165,-4.685022808,0.0663297438747872,-3.914200235,0.971660128646404,-0.041476325,0.2304019179247068,-2.117775369,-0.041476325,0.1741104676348815,-2.521925154,0.0825790123178096,-3.598081026,0.1784395390213669,-2.486492769,1.7909176349639893,1.3146193027496338
LHRQAVN,1.7696347596169395,0.8234516287472342,0.1070023447224331,-3.224285684,0.0382578674225509,-4.708099733,0.181045516556644,-2.465575645,6.375990869877778,2.6726495634577003,0.6587702431832949,-0.602152705,2.6726495634577003,1.6034201701172377,0.6811525277471732,0.2477731482259207,-2.012908247,1.6766001953360627,0.7455387026336985,1.8825174570083616,0.6453889608383179
LHRQSLN,1.244101503031085,0.3151041960357767,0.4121980488440314,-1.278590419,0.0470256788437625,-4.41040742,0.229089048263756,-2.126019603,0.0113705383788194,-6.458555624,4.202626027857713,2.071291083480268,2.071291083480268,1.412205712897311,0.4979502581275292,0.265823707333943,-1.911458319,1.4624980902292315,0.5484347407858775,1.6225926876068115,1.432642102241516
LHRQSVD,1.2673736779141165,0.3418419576200069,0.088320020236987,-3.501115687,0.0410541067803607,-4.606329643,0.0929911265335526,-3.426763133,3.065826944940018,1.616276264275531,0.007693239939699,-7.02219298,1.616276264275531,0.357100574180445,-1.485597641,0.1118860547619058,-3.159897862,0.3797725106924052,-1.396792613,2.1639795303344727,0.3861804902553558
LHRLNTN,1.2336458577867406,0.3029283000444559,1.557175918631028,0.6389319390219341,0.1600379930498092,-2.643513653,1.4758649925155691,0.5615607542325335,0.0076212789855067,-7.035751157,2.6854360370788424,1.4251563591444925,1.4251563591444925,2.6159303673974885,1.3873241387154476,0.2709807263247188,-1.883737852,2.7811623319737646,1.4756879549322035,2.0985589027404785,1.9833781719207764
LHRLNMN,0.5874506246854806,-0.767460497,0.6951398340720202,-0.524624876,0.1903811840419422,-2.393037195,0.0154195456324944,-6.019095936,0.020565608548252,-5.603622427,,,-5.603622427,2.2910434199956704,1.1960048009467477,0.327115772772325,-1.61212677,2.4315071787017906,1.281850850948268,1.0370941162109375,0.5467570424079895
LHRLNQD,2.9610383839233303,1.5661031922840976,0.0921178872115247,-3.440374867,0.0786761417910243,-3.667929979,0.1123276036216967,-3.154215593,0.6203442334935488,-0.688859095,0.0072723659775661,-7.103359481,-0.688859095,0.7237912662292848,-0.466354396,0.1091862349328593,-3.195137107,0.740263893620177,-0.433888432,2.277726411819458,0.7147068977355957
LHRLNGV,1.5919508639792808,0.6707958073718865,0.0325874902437919,-4.939537944,0.0405410974211349,-4.624471048,0.1017532678725472,-3.296852967,0.0141016425466161,-6.147992974,0.0108195607898178,-6.530214254,-6.147992974,0.0886198289005474,-3.496226648,0.0775053643532275,-3.689560023,0.100383416179341,-3.316407146,0.5681138038635254,1.1781151294708252
LHRLTTN,0.7640217999899045,-0.388314291,12.805263160145588,3.678664996861072,0.1178332620037678,-3.085181254,0.2412188466462292,-2.051585464,84.52851419386836,6.401366185948952,54.226582345952245,5.760928341620338,6.401366185948952,3.430106854155858,1.7782535197099176,0.3385704256723217,-1.562472136,3.597737444267873,1.8470899054126435,1.8994457721710205,2.544895887374878
LHRLTQD,2.788335928521926,1.4794043823030112,1.0568685191991394,0.0797959079429539,0.0505588247260819,-4.305893262,1.3920268067246515,0.4771869939138944,0.8480858828653316,-0.237717726,2.3734524050031576,1.2469871195990772,1.2469871195990772,3.0360181825755648,1.6021804310145935,0.2070572597429207,-2.271898308,3.0956944398354014,1.6302630774611708,1.8822438716888428,1.6400092840194702
LHRLTES,1.706375149292602,0.7709348603285173,0.0804951214617002,-3.634954841,0.1806099146596112,-2.469051003,0.0487794098756243,-4.357583885,0.0052762783279021,-7.566263615,0.0058957674973464,-7.406104653,-7.406104653,0.2034894604539144,-2.296974021,0.0861276365896778,-3.537379947,0.2038086412285628,-2.294712874,1.149977445602417,1.255051612854004
LHRLTVS,1.4868899012130217,0.5722978250268075,1.7326866376670078,0.7930107617329216,4.085874120368704,2.0306447574932416,0.0588473119144915,-4.086879674,0.0036865211678374,-8.083524244,0.3009989758258071,-1.732169517,-1.732169517,0.8402438517207425,-0.251120014,0.3337522193898269,-1.583150664,0.9326435085219345,-0.100602361,0.7853883504867554,1.915607452392578
LHRLTSD,2.114402970683701,1.080250357044274,0.3695816218063485,-1.436035077,0.6199753381273142,-0.689717267,0.1372240697584115,-2.865394536,0.0174867491872852,-5.837594075,0.0157245638417129,-5.990836189,-5.837594075,2.0237263331500626,1.017014208756778,0.1706370490109206,-2.550997174,2.0156599441755736,1.0112522666985708,1.877485752105713,1.6645501852035522
LHRLQNT,0.9239338140266978,-0.114138587,0.5206179459846477,-0.941703052,0.1211906203853917,-3.04465005,0.0711120447727555,-3.813762249,0.0058079809491878,-7.427747564,12.270848093823098,3.6171630585148793,3.6171630585148793,2.5435709658512584,1.3468553460792267,0.2409554057553814,-2.053161927,2.6077520047575886,1.3828066768856213,0.81192547082901,1.856709361076355
LHRLQND,2.1733712254304263,1.1199346169241595,0.3047678357711672,-1.714217441,0.0790547038027271,-3.661004883,0.0395946326914109,-4.658551313,0.0051212327772825,-7.609293149,0.4202109733368094,-1.250814258,-1.250814258,1.550099657315671,0.632360970656475,0.1410839934631944,-2.825373777,1.6048307996582991,0.6824211993029459,2.246349334716797,1.139467477798462
LHRLQNS,0.8153418773508636,-0.294522979,1.8303599952135643,0.8721274256851731,0.3396914848610328,-1.557703041,0.1239479824097145,-3.012193307,0.0081198485601903,-6.944331464,11.03093473615964,3.463483141671996,3.463483141671996,1.5535373863392192,0.6355569607627324,0.2761155361659411,-1.856656029,1.6639418399847692,0.7346050076184616,1.8681451082229612,2.3729398250579834
LHRLQTG,0.7547950928580184,-0.405843051,2.647818001570698,1.4048039615503256,2.1210615033733005,1.0847864545908663,0.0210290418167295,-5.571473074,0.0140095849788407,-6.157441972,0.0140095849788407,-6.157441972,-6.157441972,1.041816835450342,0.0591016559125905,0.3052072715641962,-1.71213876,1.0861673904174125,0.119246455550875,1.0971555709838867,1.7223211526870728
LHRLQTS,0.4229244216466588,-1.241528224,4.711796068802364,2.2362770992502323,0.2692576405543345,-1.892940811,0.1495352637772506,-2.74144235,3.4915278843151327,1.8038584945329856,0.8641617579277379,-0.210626707,1.8038584945329856,2.485642935714394,1.313619067157861,0.2901004010344354,-1.785375805,2.63934605695336,1.4001805215316483,1.3543747663497925,2.444023847579956
LHRLQMG,0.5296861934612287,-0.91679019,1.6275678439985954,0.7027176823526976,1.7654130058145174,0.8200057312237041,0.0287587465420025,-5.119855393,0.0051943359638771,-7.588844956,0.004541060441262,-7.782755046,-7.588844956,0.681743717838221,-0.552698594,0.4763641899979224,-1.06986313,0.6978295328746839,-0.51905344,0.6275696158409119,1.8538841009140012
LHRLQIS,0.6315709581479944,-0.662983262,2.5724290506188545,1.363131287136007,0.5972004216778011,-0.743712911,0.0133361630074121,-6.228512546,0.0109193428411615,-6.516970157,,,-6.516970157,2.091628479132908,1.064626618835401,0.3473266770069016,-1.525634871,1.9566432592412497,0.9683807436813452,-0.373282909,2.08222770690918
LHRLQQG,0.4516099175495195,-1.146850926,0.8924441481861749,-0.164166211,1.0611421525261902,0.0856179352416907,0.0118032220986195,-6.404675443,0.0122075190278492,-6.356086163,,,-6.356086163,0.5715377285351749,-0.807079358,0.268932981639627,-1.894681398,0.5631688496252601,-0.828360558,1.6661033630371094,2.0640130043029785
LHRLQQS,0.832523314344619,-0.26443742,0.3867319628779805,-1.370594089,0.3656653245898749,-1.45140427,0.0384741770414997,-4.699965722,0.0029817468342082,-8.389626514,0.0029818897446738,-8.38955737,-8.38955737,0.9256949482671698,-0.111391246,0.2813042297706127,-1.829796849,0.9410835595819756,-0.087605268,1.2213714122772217,2.452284574508667
LHRLQHD,1.6151515100015132,0.6916695039132453,1.0756913830073855,0.1052642265296542,0.098987150947689,-3.336614922,0.0329444386471405,-4.923821245,0.0021624312480848,-8.85313002,0.0021624312480848,-8.85313002,-8.85313002,3.634674963505665,1.8618263546523808,0.2830538772629329,-1.820851409,3.663902109359943,1.8733809586129253,1.6105482578277588,0.6637407541275024
LHRLQDH,1.3561709278855123,0.4395390230700891,0.2962045450530486,-1.755334317,0.0723705259425643,-3.788453934,0.030607378988857,-5.029976682,0.0017853714905433,-9.129559991,0.0020338430001798,-8.941575968,-8.941575968,2.895391937960229,1.5337586534575702,0.2001538016878341,-2.320819077,2.875821261450768,1.523974011927465,0.5503476858139038,1.1507714986801147
LHRLQAS,0.6329196667961935,-0.659905697,0.246477540943863,-2.020471901,0.1817249531719282,-2.460171561,0.1204907231396197,-3.053006021,0.0051352064502434,-7.605362006,0.0081030770736212,-6.947314422,-6.947314422,0.7111913946448535,-0.491690227,0.229000768297234,-2.126575656,0.7571435087021975,-0.401361321,1.6466097831726074,1.4621261358261108
LHRLQGL,0.6708594707724288,-0.575917507,0.0985022883314912,-3.343698949,0.0792757648923509,-3.656976298,0.028569117260226,-5.12939973,0.0070591314845072,-7.146293591,0.0116132569207397,-6.428083559,-6.428083559,0.3309450994370512,-1.595336187,0.2128155664718146,-2.232324414,0.3257617911845544,-1.618110696,0.0944235324859619,2.805597305297852
LHRLQGD,1.4563642649926185,0.5423712467255841,0.0283471060050204,-5.140654734,0.0744317670264405,-3.747937704,0.0347455155132158,-4.847029404,0.0154531659219694,-6.015953753,0.0026044192926173,-8.584822554,-6.015953753,0.2815973592472064,-1.82829429,0.1062770736327917,-3.234097686,0.2725770826735672,-1.875263824,1.7756626605987549,0.539474606513977
LHRLQVG,0.4696391518967944,-1.09037541,1.9656915069249068,0.9750369247550752,2.662662524005681,1.412869587468425,0.0482998365028053,-4.371837884,0.0047173551461513,-7.727806066,0.0047175812416107,-7.727736922,-7.727736922,0.7300507785357231,-0.453931281,0.3599563175470673,-1.474106256,0.7704583770364213,-0.376211076,1.3622536659240725,2.5893805027008057
LHRLQSS,0.6677297024188504,-0.582663878,0.199108003348249,-2.328376882,0.247726004129488,-2.013182777,0.0153146845877767,-6.028940535,0.008214821926529,-6.927554983,0.0050561154646845,-7.627754874,-6.927554983,1.038305326535725,0.0542307484225482,0.2572337184282542,-1.95884833,1.1262954499984843,0.1715853250527127,1.712544322013855,2.982695341110229
LHRLPNN,0.707061486335825,-0.500092417,0.1339343208955517,-2.900402394,0.1826102289820322,-2.453160514,0.1110994240550351,-3.170076757,0.0129354777357069,-6.272522853,0.0190147549453176,-5.716736844,-5.716736844,0.1419023919292505,-2.817029187,0.1151405791077553,-3.118531721,0.1337668102500252,-2.902207891,2.0891754627227783,1.890000581741333
LHRLLNN,0.3763439989410087,-1.409876128,0.1591877932028529,-2.651198383,0.088737445285827,-3.494313171,0.2058859623464315,-2.280082627,2.341428631552635,1.2273890643131833,33.647726823450576,5.072437137276867,5.072437137276867,2.7038070298941705,1.434992190470301,0.3532129908926883,-1.50138969,2.776405083500918,1.473218075597141,0.0685272589325904,1.8101438283920288
LHRLLPQ,0.373239382440483,-1.421826874,2.674197037370203,1.419105768484427,1.680513891631582,0.7489024684448787,0.049489900423501,-4.33672205,0.0052138761293046,-7.583427977,,,-7.583427977,1.8948369429910457,0.9220737050403948,0.3810144213094328,-1.39208249,1.9437199401026388,0.9588203639376756,-0.34543854,1.5909479856491089
LHRLLPP,0.0494085440712468,-4.339095645,0.699324411208283,-0.515966229,0.9075777794826858,-0.139906807,0.2546525828484713,-1.973397745,0.1387858616311182,-2.849067489,0.0818421451719023,-3.61101223,-2.849067489,0.5468426854794506,-0.870802234,0.3975450060535942,-1.330809898,0.6044614387155717,-0.726277788,-0.2254657,1.0838276147842407
LHRLLPA,0.3114050746372463,-1.68313564,0.8883043971427239,-0.170873962,2.531571679734845,1.3400333337574846,0.0708653678129157,-3.818775441,0.007465831340786,-7.065481367,0.0075828971129588,-7.043035137,-7.043035137,0.5380378088259383,-0.894220538,0.291350487791669,-1.779172369,0.5467768349117706,-0.870975973,0.312331885099411,1.0710870027542114
LHRLLLG,0.1777745880008688,-2.491878982,1.9670540177474785,0.9760365763588704,4.545790760600766,2.184531279494317,0.0341033934760408,-4.873940887,0.007765550298447,-7.008696121,0.007765550298447,-7.008696121,-7.008696121,1.5087739829292557,0.5933767037246921,0.783964678002066,-0.351139441,1.3853590419562876,0.470259926397796,-0.198583424,2.645819902420044
LHRLLAN,0.3816085400929567,-1.389834637,0.2945685207440502,-1.763324831,0.1339238326429319,-2.900515374,0.5678394522130211,-0.816445007,11.518113772643469,3.525832572634636,11.518113772643469,3.525832572634636,3.525832572634636,2.320375130805733,1.2143580620784522,0.3244211783387413,-1.624060093,2.369372044272481,1.2445047516740126,0.3737358450889587,2.1929757595062256
LHRLLGV,0.4509032943764185,-1.149110044,0.071998471734653,-3.795889906,0.0526648924536667,-4.247014639,0.0318977238263054,-4.970402711,2.650387235066636,1.406203160165126,0.0053189984627981,-7.554629665,1.406203160165126,0.1549426695131563,-2.690193594,0.1730412760312541,-2.530811886,0.1590470220798386,-2.652474735,0.0441610105335712,2.257528781890869
LHRLESN,1.3252172158008326,0.4062288506000504,0.0940050798067904,-3.411117471,0.1019651905608236,-3.293851374,0.0370374018813806,-4.754873291,0.0018253022300517,-9.097648922,0.0016851744777236,-9.212886313,-9.097648922,0.1165974975303423,-3.10039127,0.0698298643347278,-3.84001202,0.1202860645889883,-3.055458582,1.247677445411682,0.3004501461982727
LHRLDNN,0.734438729751119,-0.445285955,0.3761201061702436,-1.410734665,0.1252148454391453,-2.997522477,0.0090202481818681,-6.792617157,0.0033292344714478,-8.230593804,0.0033292344714478,-8.230593804,-8.230593804,0.3382098340143158,-1.564009486,0.1000638433803312,-3.321007323,0.336205429903838,-1.57258507,1.5183310508728027,0.7603368759155273
LHRLATN,0.536828230892238,-0.897467552,0.7127171602282912,-0.488598434,0.099472798001384,-3.329554132,0.1777917113672061,-2.491740027,0.0184716549301248,-5.758543062,10.17288188681978,3.346656534638359,3.346656534638359,3.416282464693776,1.7724272646438854,0.3127094901471399,-1.677105092,3.4999266916718024,1.8073247041521288,2.019304752349853,2.3446712493896484
LHRLAMN,0.4708217861964588,-1.086747016,0.251252485610014,-1.992790226,0.1559632016619116,-2.680722419,0.0363137439069579,-4.783340512,0.0642232419807553,-3.960760696,0.0158466087117522,-5.979682063,-3.960760696,3.01130870724198,1.590390614929917,0.3670147155179684,-1.446090186,3.173422763086291,1.6660397297584295,0.3274890780448913,1.7946146726608276
LHRLAHN,0.330884660071478,-1.595599686,0.5179785540595909,-0.949035728,0.1056940936024458,-3.242033337,0.1228911231598228,-3.024547386,8.563192272270845,3.098148719153302,22.686730676481545,4.503776815988326,4.503776815988326,1.5143485424760594,0.5986972942473054,0.2313856498408169,-2.111628701,1.634665453698221,0.708995407787018,1.0766876935958862,1.0443689823150637
LHRLAPG,0.339674156668013,-1.557776637,0.4026772745982814,-1.31230404,0.6829130121227104,-0.550226272,0.0974076775700219,-3.359820701,0.0078029345133042,-7.001767493,0.0078029345133042,-7.001767493,-7.001767493,0.3308428441954292,-1.595782019,0.2103229062678637,-2.249322112,0.4115177707614308,-1.280973362,1.539790391921997,0.7112595438957214
LHRLAPS,0.5499603839010302,-0.862600396,0.445417437508761,-1.166770056,0.4568909026276341,-1.130078378,0.0642116041319722,-3.961022149,0.0038399001017195,-8.024715506,0.0021871509611972,-8.836731483,-8.024715506,0.5056753934756376,-0.983716517,0.2071274833739643,-2.2714091,0.5847314878217221,-0.774153812,1.867934226989746,0.6872086524963379
LHRLADD,0.626292385390073,-0.675091756,0.1119528324894018,-3.159037065,0.1565764722426501,-2.675060651,0.0187213701828855,-5.739170163,2.664723358407913,1.4139857655663222,2.664723358407913,1.4139857655663222,1.4139857655663222,0.655658693817159,-0.608983086,0.0918051756846516,-3.445280699,0.6801321846269773,-0.556112932,1.8560361862182615,0.5686416625976562
LHRLAVN,0.6719009712861131,-0.573679479,2.298603688927912,1.200757746915231,0.0720840260136554,-3.794176599,0.0482889379506062,-4.372163456,17.388062746194123,4.120025301704092,6.9368880849517645,2.794288609306306,4.120025301704092,2.954199732464783,1.562767369533732,0.3111438889693957,-1.684346184,3.08691967617244,1.626167943498762,0.9739697575569152,2.416565418243408
LHRLGNV,0.9306575015029676,-0.103677767,0.0366645571497025,-4.769470076,0.0633310972826915,-3.980942114,0.0862755292569796,-3.534904771,0.0184115390479354,-5.763245961,2.282040665759692,1.190324500551707,1.190324500551707,0.3843133452787679,-1.37964502,0.1652592059637847,-2.597197454,0.4053649962466646,-1.302706579,0.715979814529419,2.321006774902344
LHRLGTN,0.8576577306522125,-0.221526075,11.875200810828067,3.569880004654004,0.1860566591633939,-2.426186068,0.0603199136955475,-4.051221825,25.81614362731048,4.690201604236079,22.03690516855801,4.461849722994209,4.690201604236079,3.2430249341572988,1.6973401160684018,0.3472085235349251,-1.52612573,3.3620955242423447,1.7493607151728092,1.8076175451278689,2.751749277114868
LHRLGMG,0.3343562794867373,-1.580541882,1.2394664314858284,0.3097191993917804,3.5602130514412,1.831963578006469,0.0155849705099936,-6.003700765,0.5429188778368144,-0.881191446,,,-0.881191446,0.6917537494888276,-0.531669536,0.4263175600513052,-1.229999614,0.6867864480677626,-0.542066523,0.7360648512840271,1.0494451522827148
LHRLGMS,0.8971342066741349,-0.156604274,0.327001532552667,-1.612630698,0.5245987613330066,-0.930713694,0.0235980862605774,-5.405186324,0.0042193507224266,-7.888763272,0.0062987132727262,-7.310727146,-7.310727146,0.895613057085456,-0.159052534,0.2693698228980286,-1.892339858,0.9302540217338148,-0.104303372,0.904448390007019,1.7576265335083008
LHRLGIN,0.7255428087722585,-0.462867356,12.197566336905574,3.608521424321785,0.2248299261382743,-2.153094016,0.2598655964388383,-1.944162447,7.640796051085658,2.9337229522827246,41.84359926835241,5.386935048366769,5.386935048366769,2.798104152139211,1.4844496640674227,0.321085145041414,-1.638972174,2.840199029385064,1.5059920313658173,1.0317054986953735,2.9418206214904785
LHRLGPP,0.3286992900966412,-1.605159754,0.2261559078548002,-2.144610411,0.2270136502921004,-2.139149046,0.0394181481945361,-4.664996187,0.0071196115761608,-7.13398575,0.0040552266698757,-7.946001727,-7.13398575,0.3358444561302824,-1.574134881,0.1681819560586057,-2.571905165,0.3614273392716159,-1.468222455,1.7081059217453003,0.6120816469192505
LHRLGPE,1.118219993124394,0.1612040448603142,0.1242706597108273,-3.008442378,0.0694301521985663,-3.848293856,0.0186070785256257,-5.748004632,0.0063130166340569,-7.307454732,,,-7.307454732,0.1746424642944912,-2.517523702,0.0731459228670377,-3.773078739,0.1779755445409013,-2.49024908,2.166832447052002,0.7950104475021362
LHRLGPG,1.2948168905584214,0.3727480903739151,2.96689880072516,1.568955718128625,0.600820135866915,-0.734994931,0.0964795007508562,-3.373633748,0.0681552905918265,-3.875030538,0.0104854830188369,-6.575462868,-3.875030538,1.744115392113642,0.8024954931669637,0.249558998521365,-2.00254717,2.0418574558529548,1.029882153722021,1.9344266653060915,0.4974369406700134
LHRLGLG,0.5139261324689915,-0.960367082,1.8638986406127016,0.8983234079206451,5.129949290082895,2.3589445647587386,0.0132116783693032,-6.242042436,0.0024793410425316,-8.655827552,0.0024793410425316,-8.655827552,-8.655827552,0.8157223950428191,-0.293849834,0.3866843936110788,-1.370771556,0.8068170413303509,-0.309686538,0.8932350873947144,0.5461739897727966
LHRLGLS,0.521522267919668,-0.939199241,0.9456843281621888,-0.080569406,0.5443136456939025,-0.877489891,0.0129938803473902,-6.266023864,0.004541318033271,-7.782673211,0.004541318033271,-7.782673211,-7.782673211,1.1861596688214648,0.2462982239752254,0.2916804998071929,-1.777539156,1.2521015611583848,0.324351587699453,0.8337079286575317,2.0363152027130127
LHRLGAQ,0.9939923208928227,-0.008693389,0.1020043115933166,-3.293297961,0.0981063063962875,-3.349510312,0.0758845873469723,-3.720049295,0.0138321051469519,-6.175835449,0.0067743276139885,-7.205706526,-6.175835449,0.4355485046489539,-1.199094702,0.1784532747431485,-2.486381719,0.4779970961038393,-1.064926241,1.6119916439056396,2.018120527267456
LHRLGAS,0.5520712545948109,-0.85707361,0.2354347996725532,-2.086600514,0.1474698532214738,-2.761508036,0.0862407646734624,-3.53548622,0.013933062913572,-6.165343748,0.9230322181263468,-0.115547089,-0.115547089,1.1120313978148135,0.1531975226227883,0.2450027011245847,-2.02913044,1.1314169447264526,0.1781306828556496,1.5383062362670898,1.1902192831039429
LHRLGSN,0.6031753393406847,-0.729350649,7.274446086015332,2.8628373979339257,0.45780586990273,-1.127192134,0.1626346246140082,-2.620293658,93.6390475085788,6.549038354394543,8.576379538653466,3.10036875215963,6.549038354394543,3.2492683434465035,1.7001148947209646,0.3333933277667885,-1.584702863,3.343992121984311,1.7415714486186895,1.794808864593506,2.9290072917938232
LHRLGSG,0.5631188466520997,-0.828488659,0.5888442993851248,-0.764041884,1.0537112032450977,0.075479513334564,0.0270702291075222,-5.207149092,0.0155834158730095,-6.003844684,0.0042744403465753,-7.870048745,-6.003844684,0.514857152129608,-0.957755885,0.2606369910915493,-1.939886241,0.5419583835212016,-0.883746022,1.7981460094451904,0.9654698371887208
LHRLVQG,0.3497262081737456,-1.515702181,0.7326532372334579,-0.448797559,1.5035617835291313,0.58838415155656,0.03570788918004,-4.807613336,0.0058823874429767,-7.409382474,,,-7.409382474,0.6749183151748971,-0.56721519,0.3886905033008422,-1.363306235,0.6801492994043915,-0.556076628,0.6748276352882385,2.452864170074463
LHRLVAG,0.3836981791489878,-1.381956176,0.5006875529793005,-0.998017504,1.46046754307137,0.5464302965647025,0.0225655869957423,-5.469731882,0.0068639824933958,-7.186738411,0.0068639824933958,-7.186738411,-7.186738411,0.7737527040655714,-0.370055549,0.4439602763198403,-1.171497499,0.7829533633173263,-0.353001719,1.106162667274475,1.0880495309829712
LHRLSIS,0.5380496151515894,-0.894188881,1.0800961595163088,0.1111597593162506,0.6999461274604373,-0.514684208,0.0361225141924089,-4.790957879,0.0074320062806255,-7.072032564,0.0057038132728942,-7.453857532,-7.072032564,1.2560906498390452,0.3289405847343577,0.332579723217031,-1.588227882,1.3743757374621608,0.4587764732013651,0.76090407371521,1.7171125411987305
LHRLSES,0.9189794792730416,-0.121895448,0.1455286880550871,-2.780624515,0.1752353406988211,-2.512634334,0.0751569385879455,-3.733949888,0.0082469510987757,-6.921923432,0.0037554320025381,-8.056805408,-6.921923432,0.4081672005028104,-1.29276784,0.1215621149828904,-3.040234414,0.4367412643229751,-1.195149248,1.623222827911377,2.008111953735352
LHRLSAN,0.909960515849303,-0.136124148,7.0253308751169765,2.812566174180427,0.2088743949602701,-2.259292446,0.0899725928334793,-3.474370591,31.681040842826025,4.985547829109059,48.55841831882898,5.60164952470285,5.60164952470285,2.805222919908549,1.4881154206265417,0.3098222598167845,-1.690487294,2.9719506270782663,1.5714101486285257,2.405416250228882,2.292316436767578
LHRLSVQ,0.7795671569046475,-0.359254784,0.1614487170465948,-2.630852118,0.4181847807351192,-1.257787537,0.1081148318604582,-3.20936364,0.0044039348189696,-7.826991168,0.0072325924750969,-7.11127142,-7.11127142,0.8094084141817254,-0.305060248,0.2542677906825271,-1.975579374,0.9132381071407584,-0.130937034,0.2048733681440353,2.266064405441284
LHRVGTN,0.7570542494408484,-0.401531409,0.1019142768190668,-3.294571927,0.102380931787071,-3.287981053,0.3228464166686899,-1.63108008,0.019049644280403,-5.714092132,2.848688426592973,1.5102978364773234,1.5102978364773234,0.5031558567765858,-0.990922739,0.1935313362720179,-2.369360911,0.5563155755801976,-0.846024597,1.7684221267700195,0.7299000024795532
LHRYGLN,0.2555146484368161,-1.968522093,0.9582374388995822,-0.061544913,1.5941226386673768,0.6727626226729864,0.0730773403521272,-3.774432062,0.0090915227664703,-6.781262329,,,-6.781262329,0.5754265002313497,-0.797296432,0.3991136734161687,-1.325128389,0.5559191570766121,-0.847052996,-0.811573088,2.994224786758423
LHRSLES,1.123961232881406,0.1685922756884886,0.0375630944107255,-4.734540274,0.0431373176326774,-4.53491972,0.0624996240980137,-4.000008677,0.0042549928100756,-7.876627591,0.0018364307218395,-9.088879812,-7.876627591,0.0920373986367954,-3.441635982,0.0823249488602131,-3.602526479,0.0878947299320106,-3.508079524,1.6891326904296875,0.4492080807685852
LHRFGVN,0.2134824597380548,-2.227810556,1.548153432265971,0.6305484592083855,1.0986367367402714,0.1357144393019038,0.029952740205727,-5.061168197,0.0188389544792038,-5.730137289,0.0056210161988876,-7.474953312,-5.730137289,0.8455025775995881,-0.242118942,0.6102237974774389,-0.712589652,0.8833582437409092,-0.178929457,-0.439338684,2.834670066833496
LHRFSEN,0.7143048436757419,-0.485388191,1.9667176744847552,0.9757898712644656,1.6618057714756085,0.7327517726596171,0.0259256865310151,-5.269473997,0.0027492600139024,-8.506740927,0.0027923689768217,-8.484294696,-8.484294696,2.5021870593248576,1.32318964700676,1.218481763781485,0.2850846593510426,2.4614456385317456,1.29950587774597,1.3625361919403076,1.892894983291626
LHLRGLQ,0.7429804761764895,-0.428603794,0.0958832796803503,-3.382576933,0.0592913439336263,-4.076034692,0.163034884012111,-2.616747409,0.0333162407470893,-4.907630567,0.0246992126474737,-5.339391137,-4.907630567,0.1602803810380761,-2.64133025,0.1615168751042663,-2.630243191,0.1541539673167524,-2.697556076,0.3854896128177643,0.678675651550293
LARSGNN,1.0322204837875897,0.0457511654241497,0.0639019767011886,-3.967995631,0.0460322580172548,-4.441210977,0.0569246390516232,-4.134802951,0.0040029137188687,-7.964733765,0.9689184894959736,-0.045552791,-0.045552791,0.3969453966522583,-1.332987529,0.1738795062297377,-2.523840191,0.4413200006566665,-1.180102963,2.5134389400482178,0.8879685401916504
LSRLSVN,5.76102388958319,2.526325240339576,0.0899597476363728,-3.474576576,0.1028202498441443,-3.281803672,0.0218457817172203,-5.516501458,0.1033066354045973,-3.274995173,0.2182684663379316,-2.195824378,-2.195824378,3.105117378350956,1.634647805632265,0.2752874530530588,-1.860989238,3.139720393188827,1.650636086084701,2.0335440635681152,0.3094084858894348
AYVRSNP,2.9917903264410683,1.581009070411611,0.1020364885756982,-3.292842938,0.0635990622176708,-3.974850697,0.2000670225477511,-2.32144471,0.3341780937625403,-1.581310931,0.0188900268490994,-5.726231437,-1.581310931,3.5150564434348897,1.8135478557301887,3.98937557920323,1.9961629521408293,3.5227691198990296,1.816709924593957,1.635278582572937,2.404031753540039
AYVHSNV,0.456876674216022,-1.130123307,0.1345337502519707,-2.89395995,0.0975947000756108,-3.357053386,0.133624628478409,-2.903742158,0.0148308732975881,-6.075252638,0.0044251170701335,-7.820068661,-6.075252638,0.1022530846790782,-3.289783729,0.0919875190557368,-3.442418061,0.1124435194489544,-3.152727579,-0.555655479,1.1392924785614014
AYVRAQP,1.614869473812382,0.691417559907628,0.0287237232710454,-5.121613421,0.0827505909326943,-3.595086575,0.2111818207896472,-2.243442447,0.0150417315440353,-6.054885536,0.0226316352176585,-5.465515361,-5.465515361,0.1836007697035848,-2.445355988,1.328834059214819,0.4101609564612384,0.1727135149982237,-2.533547115,0.9960788488388062,1.4008665084838867
AYVRGQE,0.6891840147328777,-0.537038856,0.1527731388980637,-2.710537189,0.1507286555442648,-2.729974376,0.4184482177936499,-1.256878992,0.0183719940646019,-5.766347967,0.025578658187287,-5.288915605,-5.288915605,0.1178388079560907,-3.085113353,0.2840425323830183,-1.815821121,0.114134270825843,-3.131196044,0.5705700516700745,1.282445192337036
AYVRSLS,0.6443967651166898,-0.633978843,0.4170335552554826,-1.261764625,0.0469773326717531,-4.411891389,0.0260815821549421,-5.260824801,0.0043053936279659,-7.85963914,0.0043053936279659,-7.85963914,-7.85963914,4.001215486895332,2.000438327634725,9.175270063657528,3.197750622671423,4.28733119242905,2.1000798683373705,0.3924141228199005,2.443951368331909
AYVRSDP,0.776536101187906,-0.364875098,1.286054728522224,0.3629520383793684,0.0998475232328469,-3.324129548,0.0782784142223707,-3.67524166,0.0027227002202054,-8.52074614,0.0141192080826999,-6.146197017,-6.146197017,2.189107876545855,1.1303430505092518,0.3403642029514662,-1.554848782,2.139031656109153,1.0969578334958254,1.4991170167922974,1.19379723072052
AYVRSAP,0.6508308573698272,-0.619645441,0.2570529611862251,-1.959862463,0.196029597053827,-2.350856602,0.2628786190784158,-1.927531288,0.0036041478100405,-8.116126106,0.8965433688524196,-0.157554722,-0.157554722,4.462505760796039,2.1578540315656056,6.825699769205576,2.770976958385792,4.551519472733209,2.186348252965512,1.7694671154022217,2.2474796772003174
AYVRSAS,0.9262517669252268,-0.110523705,0.071684386654804,-3.802197265,0.0852089716792491,-3.55285085,0.0301022720067277,-5.053983809,0.0030085351624417,-8.376723066,0.0027775710715794,-8.491960457,-8.376723066,3.7700778961572494,1.914594332310592,6.417007060300987,2.681900570547725,3.78437856455894,1.9200564137021827,1.71220862865448,2.150110960006714
AYVRSGD,0.9450949977271668,-0.081468743,0.1202377830866,-3.05603778,0.0518961582739962,-4.268228446,0.0886532606146288,-3.495682496,0.0047225819503684,-7.726208453,0.0034421985392765,-8.182453973,-7.726208453,0.1090571922108805,-3.196843178,0.0718290977911027,-3.799287795,0.1015071402722732,-3.300346881,1.322077989578247,0.2251059412956237
AYVRSSP,1.1868472399432113,0.2471342564972526,0.0988360015219744,-3.338819543,0.1846520809092544,-2.437118574,0.1025544275295859,-3.285538317,0.023512797471719,-5.410409994,0.0067822280667758,-7.204024986,-5.410409994,4.116106996696185,2.041280485049337,5.983373838084886,2.5809592046445724,4.215527989914884,2.075713338338664,2.0172290802001958,2.1447010040283203
AYVRSSV,0.9754636986240636,-0.03583991,0.1354759941131145,-2.883890861,0.0691656748988842,-3.853799946,0.1484869438933251,-2.751592011,0.92328517806487,-0.115151768,0.0123147364063197,-6.343470442,-0.115151768,3.5227029693138543,1.8166828334012084,2.911852669713308,1.5419373617003695,3.556286476945815,1.8303715452649685,0.9558736085891724,2.38358473777771
AFVKSEM,0.6849973935706336,-0.545829596,0.2634467533728801,-1.924416694,0.1174743661413356,-3.089582112,0.0608304862002714,-4.039061654,0.00394918355573,-7.98422986,0.00394918355573,-7.98422986,-7.98422986,0.2138204599989293,-2.225528187,0.0536507947267489,-4.220256648,0.2282255530826482,-2.131467764,1.0299980640411377,1.265514254570007
AFVKSEL,0.6766270448030592,-0.563567252,0.2731168794736734,-1.872409615,0.094715191414743,-3.400260351,0.0535773985058128,-4.222231658,0.0078612322253851,-6.991028816,0.0022388214748408,-8.803044793,-6.991028816,0.2273125394799635,-2.137250824,0.0835274453576649,-3.581605875,0.2534565518444417,-1.980189637,0.3092794418334961,1.4272589683532717
GYVRSSS,1.3811356534317176,0.4658550262736448,0.1120983827955813,-3.15716263,0.03878470647167,-4.688368307,0.0761430527363967,-3.715143778,0.0203517754113571,-5.618701535,0.0086297626102421,-6.856463411,-5.618701535,0.1505657740068236,-2.731534235,0.193675784511243,-2.368284511,0.1907061958928572,-2.390576378,1.723718285560608,0.4820363223552704
VYARSNP,1.372218823884738,0.4565105623856622,0.0691456304620047,-3.854218104,0.0418980582998956,-4.576972804,0.1087299037058963,-3.201179319,2.774119990832891,1.4720301908466944,0.008692133263268,-6.846073991,1.4720301908466944,0.129598076912652,-2.947883784,0.1791379238036345,-2.480857304,0.1250039608535396,-2.999954286,1.6312224864959717,2.8259027004241943
VHRLSND,1.0497503917737805,0.0700463265963496,0.0528676848653135,-4.241470039,0.0673875907650275,-3.891373242,0.0710665912243108,-3.814684689,0.0112464395752509,-6.474387848,0.0055279760985044,-7.499032907,-6.474387848,0.1369270323321691,-2.868520801,0.0660576681011294,-3.920130148,0.1338604598093946,-2.90119822,2.152064085006714,0.2400215417146682
VHRLSQT,1.6062121758619312,0.6836624811772255,0.1086163572582303,-3.20268671,0.2243777173661273,-2.155998684,0.0426507721361689,-4.55128433,0.003832520581818,-8.027490745,0.0106780322821927,-6.549210374,-6.549210374,0.1630466256524194,-2.616643511,0.1504597530180523,-2.732550468,0.1638452118039424,-2.609594583,1.5801821947097778,1.135809302330017
VHRLSPN,0.2893472995178783,-1.789125915,1.1445347851281442,0.1947613104857815,0.2918379094862232,-1.776760795,0.0761012744462397,-3.715935575,0.0179480461499465,-5.800029391,,,-5.800029391,0.9513939399417988,-0.071885259,0.232526912846621,-2.10453039,1.0687584961863326,0.0959358888707391,2.1067636013031006,0.5765883326530457
VHRLSEN,0.971724968516187,-0.041380055,0.0570831371949861,-4.130791565,0.0493686214388469,-4.34026183,0.1114186785122912,-3.165936985,0.0257644212659769,-5.278476003,0.0128891027744064,-6.27770435,-5.278476003,0.2008363672193317,-2.31590756,0.0779053584553886,-3.682133627,0.2074710419414559,-2.269018111,1.626167058944702,0.8976740837097168
VHRLSED,0.689974029077669,-0.535386036,0.0829667080714925,-3.591323645,0.0682150194657184,-3.873766765,0.0706840029640797,-3.822472445,0.0099088572695577,-6.657065595,0.0099088572695577,-6.657065595,-6.657065595,0.0970661856800043,-3.364887389,0.0514271446438184,-4.281326136,0.0883785341953823,-3.500160186,1.9300936460494995,0.1395798325538635
VLSRLQT,0.7592116150253414,-0.397426031,0.0945479342573223,-3.402810252,0.1694249258049298,-2.561281955,0.1685322041151292,-2.568903799,0.0141545401470687,-6.14259131,0.011194597409827,-6.481053544,-6.14259131,0.8104216863303049,-0.303255315,0.1445088029895432,-2.790770715,0.9277400886603332,-0.108207412,1.2845525741577148,1.405964970588684
VLSRLQS,0.9618162797935844,-0.056166749,0.0434088857932451,-4.525865797,0.017865136583703,-5.806709246,0.2174668965841588,-2.201132288,0.0275494353996692,-5.181833437,0.0245144481544619,-5.350223904,-5.181833437,0.1301831637100643,-2.941385215,0.077042408458575,-3.698203385,0.1411836151804078,-2.824355426,1.505194067955017,0.7693163156509399
VYIRTES,1.2580927184438775,0.3312382493316689,0.6089200532594025,-0.71567527,0.0508211811499125,-4.298426284,0.0916845320768793,-3.44717783,0.024686762564009,-5.340118537,0.0015614616327504,-9.322887164,-5.340118537,2.6092583211343747,1.3836397805566656,0.7457882183178804,-0.423162089,2.414528719708989,1.2717416238068269,0.6815782189369202,0.3691100478172302
VYIRSNQ,0.719769808869117,-0.474392506,0.2075219703335333,-2.268664012,0.1157078511252727,-3.111441336,0.0682551810614061,-3.872917629,0.0056805927111863,-7.459742817,0.0166524455541381,-5.908122125,-5.908122125,0.2351195566559632,-2.088533551,0.349183510374063,-1.517942663,0.3210949829768318,-1.638927971,0.5582252740859985,1.1869794130325315
VYPRSNA,1.2126186038430902,0.2781258613682664,0.1708748616320831,-2.548987925,0.1575572873838227,-2.666051611,0.0647948916760517,-3.947976112,0.0162060142095586,-5.947326879,0.0070950587531997,-7.138969654,-5.947326879,0.1450087436448927,-2.785788201,0.1513230072774986,-2.724296742,0.1472317936357073,-2.76383885,2.1701414585113525,0.3826051652431488
VYPRSTP,2.232644089439737,1.1587532863933363,0.0415472243930073,-4.58910409,0.0920669151077291,-3.441173383,0.0719374988804931,-3.797112189,0.0056128693498837,-7.477045806,0.0066651727811384,-7.22914201,-7.22914201,0.1154715248106835,-3.114390967,0.1015990684809712,-3.29904092,0.1072641879378369,-3.220759608,1.6957062482833862,0.6140868067741394
VYPRSVQ,1.3838721014479296,0.4687106141211521,0.0722706771821713,-3.790445777,0.100381536149487,-3.316434166,0.0397240533995678,-4.653843348,0.0037124852281369,-8.073398999,0.0037124852281369,-8.073398999,-8.073398999,0.143403871539111,-2.801844121,0.1559964763458003,-2.680414653,0.1443923292466843,-2.791933993,0.667633056640625,0.7873162031173706
VYLKSEL,0.5076390012933601,-0.978125181,0.0852121498701221,-3.55279704,0.0669357919722391,-3.901078333,0.0220806886468238,-5.501071023,0.0036819915304779,-8.085297977,0.0036819915304779,-8.085297977,-8.085297977,0.1205026780884726,-3.052862885,0.0694615923471177,-3.847640706,0.1137813898135956,-3.135663486,-0.088157468,1.7232054471969604
VYAKTTL,1.1121058381928906,0.1532940946891114,0.1670475560078904,-2.581669219,0.1014004178101191,-3.301864498,0.0882407607152433,-3.502410961,0.0255020073413744,-5.293245379,0.0050257482276882,-7.636445886,-5.293245379,0.09006624889933,-3.472869613,0.0682442149598581,-3.873149435,0.0749160166385418,-3.738581998,1.4923059940338137,0.463070809841156
VYAKTMM,0.8341460939092429,-0.261628013,0.9996157738076152,-0.000554428,0.4112113273418482,-1.282048089,0.1861631651543754,-2.42536045,0.0053807799793102,-7.537968969,0.0061042917129686,-7.355960377,-7.355960377,3.682759797277327,1.880787302592572,1.5139123488456032,0.5982816798636953,3.5119694058850235,1.8122802770571529,0.5749600529670715,2.9880988597869877
VYAKTMV,1.2540263100139388,0.3265676168229279,11.581398521740896,3.533737572614712,1.952735333062604,0.9654964246199412,0.0754078642320438,-3.729141201,0.0417687144869412,-4.581433447,0.0056046558370411,-7.4791585,-4.581433447,5.402449483700062,2.433613677041999,3.8065155837509215,1.9284709845607804,5.135777951721875,2.3605828280687047,0.8510519862174988,2.1909971237182617
VYAKTQN,1.1729204919196152,0.2301052215497586,2.243507194249523,1.16575581030865,1.3431265757318651,0.4255952701978438,0.1574529072025776,-2.667007699,0.0114939524754126,-6.442981201,0.0119619392603591,-6.385404893,-6.385404893,1.1621271585684485,0.2167679353510857,0.3762627305769167,-1.4101877,1.1288086642584034,0.1748009666079313,1.812580108642578,1.8015024662017824
VYAKTQT,1.0013342718678155,0.0019236643464832,16.038182459352818,4.003438751302904,1.5325560523076336,0.615939840576687,0.1696359260960889,-2.559486354,0.0184884277194534,-5.757233649,0.0126890741704825,-6.30026938,-5.757233649,3.960612309120322,1.985723487639006,0.8794511066497118,-0.185324722,3.724091434448376,1.896888494595381,1.9222592115402224,1.579725980758667
VYAKTQQ,1.0666701619713874,0.0931141318763486,13.375795228365993,3.741552761198534,12.56674259467232,3.651538834420859,0.1886824279125723,-2.405968025,0.0319888668178182,-4.966286303,0.0093804330745106,-6.736129754,-4.966286303,3.397304780833037,1.7643906518562744,1.3016802289782228,0.38037507928069,3.253117445448963,1.7018229081178078,1.7303407192230225,2.3196280002593994
VYAKTQH,1.0050813007929398,0.0073122053910648,13.64102740050266,3.7698804027238206,2.760964418242875,1.4651722954032265,0.0537026842068096,-4.21886199,0.0044055538710474,-7.826460877,0.0082047589287344,-6.929323339,-6.929323339,3.389780261813621,1.76119175552486,2.2939672584174406,1.197844800047772,3.314489343296589,1.7287866143368606,1.4016979932785034,1.5060598850250244
VYAKTQV,1.7444127130846925,0.8027414097705227,21.526700864582573,4.428055327025401,20.48426625662671,4.356444311509112,0.1716120685228547,-2.542777082,0.0182859407315621,-5.773121341,0.0121404773008574,-6.364031048,-5.773121341,5.429667750286621,2.44086392000401,3.57036957577755,1.836073418104528,5.114943339978915,2.354718258820226,1.8048418760299685,2.4015026092529297
VYAKTQY,0.7213811661821611,-0.471166337,17.06191229376514,4.092707447412265,7.230085156288863,2.854012639407672,0.1403459861141815,-2.832940291,0.0046067146342082,-7.762046053,0.01253346025974,-6.318071418,-6.318071418,4.092255565783969,2.0328962457616258,2.8723449904013214,1.5222290381756634,3.790359333142223,1.9223346250635187,1.0153006315231323,2.1865246295928955
VYAKTQS,1.2121960040386413,0.2776229918735428,2.9592721728357154,1.5652423914769673,9.53125372277913,3.2526659959475803,0.1577936535094293,-2.663888914,0.0122200397286989,-6.354607214,0.0156108137147953,-6.00131045,-6.00131045,1.961052551820602,0.9716281970472012,1.7423378123334925,0.801024367294659,1.8971383453405624,0.9238248884801268,1.7888212203979492,1.6754276752471924
VYAKTQF,0.9322706520837922,-0.101179243,18.49019892058246,4.208688840462037,3.767501119383802,1.9136079404705368,0.0609196484469518,-4.036948573,0.007106551089828,-7.136634715,0.007106551089828,-7.136634715,-7.136634715,4.577092522170025,2.194431455129912,3.297155136701853,1.7212217698366004,4.3696804525980735,2.1275277817148663,0.6642277836799622,1.5729963779449463
VYAKTET,1.3523103433633417,0.4354262754752643,0.1774631195577829,-2.49440886,0.1161245793557667,-3.106254724,0.1117063578657425,-3.162216794,0.0118286296152743,-6.401573247,1.1691616229579287,0.2254743794182911,0.2254743794182911,0.127365092919715,-2.972958164,0.0648230057905373,-3.947350271,0.1255553965529453,-2.993604056,1.0598236322402954,0.8688398003578186
VYAKTEI,0.8699389608914734,-0.201013917,0.2254767360240532,-2.148949506,0.0453064628574072,-4.464139328,0.1658075432858987,-2.592418452,0.0165886046365094,-5.913663652,0.009073052389306,-6.784196296,-5.913663652,0.2286589333934034,-2.128730811,0.0882538804612079,-3.502196476,0.2115945062116553,-2.240625925,1.204770803451538,1.6438367366790771
VYAKTEL,0.4510322972989555,-1.14869735,0.0989068695090376,-3.337785464,0.0464589672805773,-4.427899104,0.0552982300029955,-4.176622887,0.0128183538286278,-6.285645191,,,-6.285645191,0.0893435392652637,-3.484492783,0.0601068851680129,-4.05632593,0.0848267199023097,-3.559337413,0.9678131341934204,1.7373290061950684
VYAKTEV,0.6597996867515318,-0.599900002,0.6866604023004494,-0.542331325,0.1743629256253644,-2.519834779,0.1105022579305493,-3.177852246,0.0193695021713494,-5.690069315,1.3393164215059643,0.4214968462543395,0.4214968462543395,0.252995577921237,-1.982815926,0.0962504238096029,-3.377063297,0.2734053917301408,-1.870886401,0.9777989387512208,1.149301528930664
VYAKPQL,1.041683451091816,0.0589169350809369,4.98513406529063,2.317632303566132,0.0808515975084242,-3.62857991,0.0228306862006886,-5.452881968,0.0052922455900477,-7.561904272,0.0023133281387204,-8.755814362,-7.561904272,1.6688148298790064,0.7388238834987416,0.1882895788812848,-2.40897494,1.7680661911315367,0.8221722859452372,1.6692663431167605,1.6779907941818235
VYAKPQA,0.917521437140958,-0.124186229,0.862781452333919,-0.212932932,3.533238605202011,1.82099118000073,0.0170978279716586,-5.870043126,0.0029878170500875,-8.386692473,0.0029878170500875,-8.386692473,-8.386692473,0.2588711744774501,-1.949693766,0.2641858263157526,-1.920375027,0.2400383782723833,-2.058663007,2.124344110488892,0.0728237405419349
VYAKPET,0.3973618382603877,-1.331474769,0.0794867061029338,-3.653142595,0.1005711904372997,-3.313711004,0.1443987662077151,-2.791869679,23.280829386272103,4.541070550476675,0.0077980351286622,-7.002673631,4.541070550476675,0.0642327643195987,-3.960546804,0.0610060498007169,-4.034903872,0.0648953159663114,-3.945741839,0.8308914303779602,0.0831643342971801
VYAKLQT,0.985073467556708,-0.021696769,4.076396942929264,2.027294542110361,4.113234429591866,2.0402732991107144,0.0343802946569954,-4.86227428,0.0035367771531562,-8.143348965,0.0148507603351959,-6.073319393,-6.073319393,0.8513137661919403,-0.232237135,0.4473390498307642,-1.160559393,0.8694748848620228,-0.20178374,1.374260425567627,2.547165870666504
VYAKAQV,1.46298125762671,0.5489112871098912,0.2469534419270616,-2.017689018,0.2769169619576233,-1.852474669,0.1324026815766513,-2.916995753,0.0196079941632134,-5.67241423,2.9055484600325814,1.5388105167740636,1.5388105167740636,0.1674435215876575,-2.578253536,0.1114646600868529,-3.165341719,0.1455633679125259,-2.780280758,1.2724190950393677,1.1017414331436155
VYAKVQT,2.2363555917736724,1.1611496021796155,1.73770783214331,0.7971855363807447,4.417044401679262,2.143081334927423,0.1004452651121084,-3.315518536,0.0115218229659087,-6.439487194,0.0180801449320707,-5.789449947,-5.789449947,0.4828143246202401,-1.050459615,0.3826632282419419,-1.385852822,0.4704619916678509,-1.087849922,1.5542718172073364,1.81246280670166
VYAKSTV,1.2291086938462668,0.2976125032932384,0.2414826357170113,-2.050008642,0.681466677441607,-0.553284981,0.107198125129984,-3.221648421,0.0216551821084579,-5.529143885,0.3464139551574707,-1.529431045,-1.529431045,0.4077368361226089,-1.294289795,0.5540591186673849,-0.851888173,0.3934326124963621,-1.345811544,1.8640106916427608,0.3790590167045593
VYAKSIV,1.541699892239455,0.6245219571364848,0.6578742092709202,-0.604116339,4.801641576134559,2.2635277160147385,0.1633137584988948,-2.614281758,0.0195829014624294,-5.674261655,1.3120011906046072,0.3917690291622337,0.3917690291622337,2.157389445065468,1.1092866307171292,2.900372519917058,1.5362382099374283,1.9465267125317447,0.9609021431812894,0.5075187087059021,2.4939522743225098
VYAKSMI,0.7723236239098635,-0.372722594,10.4096302718488,3.379846922944211,0.1133469503639081,-3.141182519,0.0780937338032793,-3.678649398,0.0102318614575971,-6.610787555,0.0020034252046125,-8.963315635,-6.610787555,5.275117241787384,2.399203158704293,8.704562802022444,3.12177183846296,4.897711871938701,2.29210790392394,0.8974360227584839,2.266530990600586
VYAKSMM,1.2420536407736902,0.3127274808104875,0.874125249308759,-0.194088083,0.1180351215825634,-3.082711895,0.0917747145031985,-3.445759468,0.0063268528533587,-7.304296242,0.0069380604137949,-7.171251882,-7.171251882,5.039771536124744,2.333358334683412,8.761178773647691,3.1311249904299068,4.810309480959232,2.26612971567557,1.0684295892715454,2.916269302368164
VYAKSMQ,0.7674897178758129,-0.381780672,1.671362874709862,0.7410249953434578,0.1159737547740313,-3.108129739,0.0715256246440457,-3.805395998,0.0193567948882013,-5.6910161,0.008650131983168,-6.853062139,-5.6910161,4.92959614601127,2.3014694595824445,10.118650203129944,3.3389449466656527,4.704782761875586,2.23412810964875,1.2509396076202393,1.8851298093795776
VYAKSMS,1.2820911884406647,0.3584988769586336,0.0764747210272553,-3.708873251,0.0818367784149147,-3.611106837,0.0981447449110966,-3.348945168,0.0322021111287127,-4.956700917,0.6098356991976213,-0.713507488,-0.713507488,4.566071880148615,2.1909535709769155,9.931058460411972,3.3119474895772223,4.285104412338068,2.09933035797304,1.699204683303833,0.9475044012069702
VYAKSLI,0.8535569352106219,-0.228440706,0.3366827047576129,-1.570538482,0.1498606807097984,-2.738306185,0.1312259139898307,-2.929875449,0.0201937588988555,-5.629946709,0.0082287634442682,-6.925108635,-5.629946709,1.2607623907567236,0.334296404153404,0.5909563511155496,-0.75887652,1.2969471618063182,0.3751197047609442,0.4700625538825989,2.971776962280273
VYAKSLV,1.265625672943863,0.3398507699779706,0.700590871658228,-0.513355904,0.8118591274438411,-0.30069868,0.0644529689706389,-3.955609373,0.0087602670348798,-6.834809437,0.0138164342703728,-6.177470855,-6.177470855,2.501232148774862,1.3226389656928823,1.76509598390938,0.8197466377428744,2.386438971977406,1.25485944305204,0.4958793818950653,2.740571975708008
VYAKSLS,0.7886928473193208,-0.342464536,0.0423307691475328,-4.562149487,0.0763744914852593,-3.710765321,0.1052987223826619,-3.247440163,0.0060204860926531,-7.37590431,0.0017963443719415,-9.120720333,-7.37590431,0.9968585584250296,-0.004539276,1.4402136560387475,0.5262828516972057,0.9309327704180032,-0.103251111,1.6674727201461792,1.6386905908584597
VYAKSEN,1.4893939182693556,0.5747253716325273,0.0670816074259332,-3.89793893,0.0576922885973075,-4.115477695,0.1451119075083225,-2.784762187,0.0148941996228829,-6.069105591,0.3525765682571307,-1.503991497,-1.503991497,0.100553712599272,-3.313961746,0.0661997114137064,-3.917031262,0.0879225807677363,-3.507622456,0.8974789977073669,0.9077904224395752
VYAKSET,0.4319711319423118,-1.210993193,0.5882936256225395,-0.765391691,0.0384598210055887,-4.700504141,0.0382058955331379,-4.710060913,0.0364232730020431,-4.778995621,0.0163341932773118,-5.935960986,-4.778995621,0.3692137880359061,-1.437471664,0.1234673124775933,-3.017798951,0.3614516834777111,-1.468125285,0.9930788278579712,0.8013428449630737
VYAKSEI,1.0943845493224131,0.1301197673053051,0.8216749586521329,-0.283360295,0.2277536500072319,-2.13445392,0.2600316634655518,-1.943240787,0.0128462460636579,-6.282509354,0.0242314056390074,-5.366978093,-5.366978093,0.4467828530647966,-1.162354277,0.1150019703402949,-3.120269516,0.4545534744716731,-1.137478069,1.4105126857757568,2.769880771636963
VYAKSEL,0.5719283599642201,-0.806093649,0.2508126405770522,-1.995318035,0.1238740576212568,-3.013054013,0.0606825883275988,-4.042573567,0.019949434015109,-5.647508373,,,-5.647508373,0.1269735464895595,-2.977400136,0.0583298530134942,-4.099621751,0.1192686224550868,-3.06771355,1.1590967178344729,2.564054012298584
VYAKSED,0.4594055185302975,-1.122159908,0.0435839870500618,-4.52005801,0.0930224455792388,-3.426277321,0.0533884007628137,-4.227329856,0.014369418613084,-6.120854498,6.360851578708219,2.6692199237071788,2.6692199237071788,0.0876759502399738,-3.511675028,0.0762966829921744,-3.712235853,0.0890490454260708,-3.489256044,0.7740062475204468,0.5829182863235474
VYAKSEE,0.4607915784595824,-1.117813745,0.2639100392084448,-1.921881863,0.1628396757294708,-2.618475841,0.1231186150293439,-3.021879187,0.0083872378160579,-6.897588521,0.0083872378160579,-6.897588521,-6.897588521,0.0775223772003022,-3.689243379,0.0658467063168878,-3.924744912,0.0569923318307351,-4.133088368,0.8353207111358643,0.8116049766540527
VYAKSES,1.6102857769087795,0.6873167456955069,0.1121199243509045,-3.156885419,0.2424614259606185,-2.044172853,0.1670828678728433,-2.581364283,0.0186890914443,-5.741659754,0.0101422630829423,-6.623476587,-5.741659754,0.1659478122880747,-2.591198485,0.184976239492837,-2.434588129,0.1488545485417754,-2.748024788,1.1191136837005615,1.0611461400985718
VYAKSDI,1.0697506237670928,0.0972745201910624,0.1644358604073796,-2.604403137,0.0554059264997038,-4.173815887,0.0582305151808087,-4.102080807,0.0083043783909201,-6.911912103,0.0078177254826518,-6.999035359,-6.911912103,0.1312606821990337,-2.929493259,0.0621965898107631,-4.007020709,0.1184140355297883,-3.078088002,1.251084566116333,1.2875832319259644
VYAKSDQ,0.7464807222585205,-0.421823091,0.0883747438932317,-3.500222061,0.1022341541149985,-3.290050846,0.1521036823172409,-2.716873015,0.0191272124470775,-5.708229556,0.0188276391988781,-5.731004078,-5.708229556,0.1404848568921181,-2.831513467,0.1282074893002857,-2.963447555,0.1496776440628447,-2.740069339,0.6171084046363831,1.096916675567627
VYAKSDV,1.0518550869076913,0.0729359595728533,0.0855687212389792,-3.546772659,0.1018871088402299,-3.294956567,0.0977662500507303,-3.354519672,0.0146245780114429,-6.095461193,0.5936134559004597,-0.7524043,-0.7524043,0.1339440582470039,-2.90029751,0.1053964303041796,-3.24610209,0.1306704525392885,-2.935995142,1.1532001495361328,0.7576807737350464
VYAKSVI,1.2333739081149413,0.3026102317015198,0.797755402607495,-0.325981621,0.5985076358008068,-0.740558442,0.0818965862703123,-3.610052873,0.0072548409099429,-7.106840307,0.0113523452390609,-6.46086582,-6.46086582,2.206126353571277,1.141515422139792,0.5462611993588219,-0.872337142,2.06082003806065,1.0432185264524847,0.7652937173843384,2.5583221912384038
VYAKSVH,1.1202845350231072,0.1638652011510841,0.1371250097382438,-2.866436372,0.1868426472215943,-2.420104304,0.1096070970260386,-3.18958688,0.0172018224988205,-5.861294766,0.0075154480449056,-7.055925169,-5.861294766,0.6729771083581004,-0.571370663,0.9731648651788146,-0.03924386,0.7287465599138409,-0.456510927,1.3936114311218262,0.2073807716369629
VYAKSVL,0.9922521659976458,-0.011221288,0.3192985904199488,-1.647021911,0.8908224578181132,-0.166790166,0.1625004043066299,-2.621484787,0.0170026107826815,-5.878099898,0.010453225131121,-6.579908064,-5.878099898,1.130725993541373,0.1772493664168453,0.8962720523527152,-0.157991384,1.0226297186642068,0.0322838579382682,0.6663526892662048,2.694847583770752
VYAKSVV,1.019488290955307,0.0278452057834259,1.3062752068446035,0.3854588767639192,4.275478580357918,2.0960859186803384,0.0674934360657781,-3.889108987,0.0094380002313626,-6.727303078,0.0124770905816735,-6.324574625,-6.324574625,2.8741205298837835,1.5231205643072392,2.7428604901272,1.4556812443808125,2.6971095747768827,1.4314141347644596,0.7045359015464783,2.127846956253052
VYAKSSI,1.856353322408384,0.8924713268307285,0.0800572037499788,-3.642824964,0.172552608388157,-2.534891812,0.0906409080691259,-3.463693875,1.368695511366418,0.4528015312554007,1.6811003524620711,0.7494058481184344,0.7494058481184344,0.2124667064765197,-2.234691306,0.1498257863990288,-2.738642149,0.2125945741869875,-2.233823318,1.7051535844802856,1.1149827241897583
VYAKSSV,1.894537602554229,0.92184577456826,0.1604600207262364,-2.639714206,0.2802431995590149,-1.83524873,0.1504133379035609,-2.732995591,0.021028622578893,-5.571501836,0.3114657649652719,-1.682854498,-1.682854498,0.2882626394768804,-1.794544228,0.3843217197973426,-1.379613583,0.2839547906964932,-1.816266843,1.9156049489974976,1.0211766958236694
VYARNQM,1.7884925517686332,0.8387441101984829,0.1034075130797565,-3.273587086,0.103881682611379,-3.266986808,0.2089531065987899,-2.258748887,0.030492096824231,-5.035420827,3.6669651441480777,1.8745865527679568,1.8745865527679568,1.0828584937035293,0.1148447260758565,8.970499280441699,3.165188284962973,1.2318582396725548,0.3008362424867973,0.9306432604789734,2.5409789085388184
VYARNQV,1.3431715981478842,0.4256436293985885,1.5565414708308591,0.638344014947147,0.0782343920084428,-3.676053231,0.2197603468231309,-2.185997003,0.0485589053999516,-4.364120289,0.019225980756124,-5.700798995,-4.364120289,2.376940699606635,1.2491059110840457,11.493047421762078,3.522689479236785,2.555878588317588,1.3538193056932164,0.4965412616729736,3.409313201904297
VYARNEP,0.4618086403198753,-1.114632929,0.0462249208108592,-4.435185342,0.0633532821836439,-3.980436826,0.203208475666171,-2.298967518,0.0072814078741372,-7.101566859,26.43053821219853,4.724133898155302,4.724133898155302,0.080723057148042,-3.630875376,0.476543522890256,-1.069320113,0.0851498693801822,-3.553851873,0.7497472763061523,1.796682357788086
VYARTTT,1.4161305447156405,0.501954265090967,0.1163837318866011,-3.103038682,0.0963178897504094,-3.376052406,0.0840351821600801,-3.572862737,0.0274927524239184,-5.184804841,0.4643137047860329,-1.10682823,-1.10682823,0.1307113793618756,-2.935543351,0.1440174292853854,-2.795684675,0.1129852608716316,-3.145793512,0.9673943519592284,1.919294357299805
VYARTMV,0.7250207042168946,-0.463905901,0.0802998608740448,-3.638458702,0.1204548850768945,-3.053435191,0.053617806626696,-4.221143986,0.0652808546970006,-3.937196244,0.7282277997978693,-0.457538279,-0.457538279,4.608336883976668,2.204246186198028,11.465183571730623,3.5191875493180804,4.521133406165864,2.1766844882329472,-0.522009134,3.106663227081299
VYARTQT,1.1028751810894308,0.1412695218331805,0.1349519812407481,-2.889481938,0.0526502771316089,-4.247415065,0.2187705754657355,-2.192509385,0.0090087119837971,-6.794463432,0.0124206856391907,-6.331111375,-6.331111375,4.239127668529326,2.083767416258675,6.6440374104582425,2.732060196679373,3.984032210597817,1.994229311532972,1.0601065158843994,4.66679048538208
VYARTQM,1.1451035918564223,0.1954781177084781,0.5226631526320181,-0.936046641,0.0721929477770391,-3.791998277,0.176244189741934,-2.504352398,0.0133398135457005,-6.228117688,0.0113018616019566,-6.467295762,-6.228117688,4.4718488367060925,2.1608714211371853,5.392947732146948,2.431074051475432,4.03780868936839,2.013572557663474,0.5109956860542297,3.709696054458618
VYARTQQ,0.9265051329167532,-0.110129126,0.5878180142527801,-0.766558522,0.0684152743168192,-3.869537734,0.2625623479280733,-1.92926805,0.0345481479411008,-4.855247817,0.0175749858790086,-5.83033266,-4.855247817,3.5692031855367587,1.835602032634456,5.202725250440315,2.379267522364917,3.238346889776728,1.695257534545785,0.1330243945121765,4.213734149932861
VYARTQL,1.0907354677737986,0.1253012523434855,1.1106126064675006,0.1513556770416728,0.0670296189174221,-3.899057458,0.1347630882911433,-2.891502699,0.0235239301729287,-5.409727077,1.3740599464982306,0.4584449463897441,0.4584449463897441,4.22324326505487,2.078351350899636,3.7315354811052943,1.8997694039773667,3.75443936060732,1.908597490413644,-0.090649977,4.008239269256592
VYARTQV,1.2212921668861718,0.288408374195599,9.079077712625972,3.18254575048963,0.1146267711478503,-3.124984069,0.2698626214253704,-1.889702931,0.018228036134001,-5.777697054,0.0169223176115398,-5.884929022,-5.777697054,4.876913370151211,2.2859683456435644,11.388354915348549,3.509487455025602,4.583823664740919,2.1965515460806446,0.3936193287372589,3.9779372215271
VYARTLQ,0.6528311156511072,-0.615218273,0.1925323941197493,-2.376826891,0.0958623588179289,-3.38289175,0.0528886547948066,-4.240897908,0.0106285239878233,-6.55591493,0.0106285239878233,-6.55591493,-6.55591493,0.2770131978531595,-1.851973382,0.3110108179223689,-1.684963332,0.2703055972859831,-1.887336708,-0.603095114,3.4561734199523926
VYARTET,1.1608174467814674,0.2151411080079475,0.2924237656339226,-1.773867529,0.0826460958354012,-3.596909521,0.1056595614396144,-3.242504768,0.6947659487354065,-0.525401047,3.635831281400205,1.8622852536753705,1.8622852536753705,0.911272775936744,-0.134045127,0.2248778053407781,-2.152786816,0.949496650550946,-0.074765184,0.5562160611152649,2.911441802978516
VYARTEI,0.5328192198974004,-0.908281971,0.7873882433809766,-0.344852923,0.0936477243683202,-3.416612252,0.1194363061276024,-3.065686643,0.0284380156807026,-5.136035388,0.0100859462923791,-6.631509742,-5.136035388,1.3235628369890051,0.4044266893255255,0.2061685830194633,-2.27810359,1.318509203969088,0.3989076420968332,-0.134461448,3.1794333457946777
VYARTEH,0.6708638819551583,-0.575908021,0.2387693428903548,-2.066310483,0.0920784883304495,-3.440992041,0.1178349414114488,-3.085160692,0.0082890086397377,-6.914584718,0.0057846146772933,-7.433563422,-6.914584718,0.8097075776596957,-0.304527116,0.6733838972481627,-0.570498873,0.8275043576146038,-0.273161186,0.3188568353652954,2.3082854747772217
VYARTEQ,0.9406553093641392,-0.088261932,0.0671932219351908,-3.89554048,0.0966257688455999,-3.371448201,0.0417666569033143,-4.581504518,0.0314794412945694,-4.989446254,0.0208588602820853,-5.583195858,-4.989446254,0.1998916147060511,-2.322710141,0.14537963460289,-2.78210291,0.2082034395197547,-2.263934193,0.167989119887352,3.098149538040161
VYARTEL,0.6051281298145245,-0.724687444,0.1443945419810711,-2.791911885,0.0888069805830765,-3.493183107,0.0819929335666086,-3.608356611,0.0131375941741105,-6.250155084,0.0131375941741105,-6.250155084,-6.250155084,0.2524126870292771,-1.986143669,0.0910982966752848,-3.456432111,0.2409025157950113,-2.053478635,-0.230117038,3.3554632663726807
VYARTEE,0.4975788839880121,-1.007002833,0.1985126606098917,-2.332697073,0.1398204748337123,-2.838352455,0.1085746642164401,-3.203240604,0.0067303094607283,-7.215111443,0.0076669717525178,-7.02712742,-7.02712742,0.0951560233087109,-3.393561209,0.076643716141657,-3.705688677,0.093564116570615,-3.417900852,0.3415577113628387,1.8883060216903689
VYARTEA,0.6338899027223369,-0.657695808,0.1099122994917771,-3.185575258,0.1659053855451944,-2.591567376,0.0262713885090132,-5.250363737,0.0275875489653484,-5.179838905,,,-5.179838905,0.0902088880795452,-3.470586604,0.0725733431156481,-3.78441646,0.0977729882988723,-3.354420242,0.5790825486183167,2.2957651615142822
VYARTDG,0.8989478212992164,-0.153690717,0.0386071892363055,-4.694986666,0.0536320289806608,-4.220761356,0.1136437362166855,-3.137409927,0.0201004930656169,-5.636625299,0.0124005483319707,-6.333452274,-5.636625299,0.0720342528064123,-3.795173108,0.0582571420794881,-4.101421261,0.0708883460396161,-3.81830772,1.1825361251831057,0.7931032776832581
VYARTAE,0.577766340384216,-0.791441937,0.0931337420540771,-3.424552244,0.0500754698641008,-4.319752137,0.0752767186964535,-3.731652447,0.0088767897187774,-6.815746263,0.0155277140048581,-6.009010738,-6.009010738,0.0902970759747684,-3.469176919,0.0859970459163471,-3.539569087,0.0851351245361161,-3.554101717,0.9538580775260924,0.7795029282569885
VYARTSV,0.9026845307786854,-0.147706211,0.0646845298061844,-3.950435477,0.07019662439578,-3.832454534,0.1721768156415211,-2.538037204,0.0536031761549674,-4.221537702,0.4497547681440035,-1.152789518,-1.152789518,0.2505316235585117,-1.996935375,0.3269046748211016,-1.613058087,0.2705519987839808,-1.886022195,1.1310023069381714,1.976954817771912
VYARIQS,1.0749221792375026,0.1042322173104751,0.1484944780146886,-2.751518812,0.1318430391985434,-2.92310669,0.1262394115288666,-2.98576571,0.0122501071018216,-6.351061827,0.0099496023586783,-6.651145416,-6.351061827,3.262653496785075,1.7060457771894415,4.250375784058202,2.0875903983869506,3.122057879854728,1.6424972836980598,-0.180555344,3.280341625213623
VYARIET,0.9894772569215544,-0.015261547,0.2119137966670337,-2.238450577,0.3437444704189844,-1.540591589,0.0540474379951535,-4.209629958,0.009530687256254,-6.713204034,0.0069574868442664,-7.167218009,-6.713204034,0.4068193861751491,-1.297539665,0.2240038411450881,-2.158404624,0.4116788983066856,-1.280408593,-0.086077705,2.446303367614746
VYARHEM,1.4427162341683346,0.528787566068605,0.1430334486633923,-2.805575531,0.10222014655521,-3.29024853,0.1441684518272573,-2.794172599,0.0193159030850476,-5.69406706,0.0063576468520441,-7.297291403,-5.69406706,0.1774952022349857,-2.494148066,0.464380883220309,-1.106619512,0.1824649068438212,-2.454309075,0.6108527779579163,1.830698847770691
VYARHEL,1.2095536872235766,0.2744748061696323,0.2172332982282275,-2.202682834,0.1741863872072925,-2.521296214,0.1327374629412317,-2.91335249,0.0289298448856508,-5.111297602,0.0095406377382265,-6.711698579,-5.111297602,0.1800224259352396,-2.473751456,0.3680774721155067,-1.441918641,0.1803156293863715,-2.471403643,0.084128737449646,2.028169631958008
VYARHEV,0.7235057553711712,-0.466923602,0.5665476640652105,-0.819730759,0.1259106066570272,-2.989528275,0.1614416916885843,-2.630914898,0.0103018101104373,-6.600958337,0.0065507282993979,-7.254128973,-6.600958337,0.4273885800912768,-1.226379735,1.1295511224533683,0.1757495672700902,0.5162866666308394,-0.953755755,0.4010516107082367,2.4340593814849854
VYARHES,1.5406257964412198,0.6235164873057223,0.1538309285863597,-2.7005825,0.1110485922951532,-3.17073699,0.1241059100581831,-3.010356275,0.0021153019284859,-8.884920683,0.0038298123157058,-8.028510592,-8.028510592,0.1744427903421666,-2.519174122,0.4028843768957224,-1.311562233,0.1996096644507871,-2.324746522,0.7286928296089172,1.0749880075454712
VYARQQT,1.0315447016578467,0.0448063413046007,0.2548653099565667,-1.972193075,0.0942455459577325,-3.407431752,0.147192978253342,-2.764219245,0.0145482319507496,-6.103012357,0.0164846407453443,-5.922733744,-5.922733744,2.581014627655758,1.3679383177924491,1.5476048055970266,0.6300371137336706,2.6655985781728795,1.4144595362844796,0.415257453918457,3.3611247539520264
VYARQQI,0.8905829538673614,-0.167178097,16.429871934551517,4.038249329885788,0.0954512454513054,-3.389092168,0.0807169963611964,-3.6309837,0.0285126325437301,-5.132254942,0.0086826397931492,-6.847650551,-5.132254942,3.995733681667665,1.9984604297416413,7.568761777251994,2.9200572996915017,3.959279571184749,1.985237942013469,0.5783286690711975,3.330203056335449
VYARQQV,0.643220393806496,-0.636614946,12.507655217727736,3.644739450912288,0.1113172196903575,-3.167251314,0.1992169866360568,-2.327587428,2.287624206937774,1.1938500768910771,0.0090678769679964,-6.785019468,1.1938500768910771,3.739738737857896,1.9029374854170429,6.840422550100383,2.774085446764004,3.904657481772978,1.965196000090584,0.5323935151100159,3.52888822555542
VYARQPT,0.404059130439951,-1.307361661,0.0593542747448852,-4.074504252,0.017479033075833,-5.838230811,0.1440191045353673,-2.795667893,0.0046405152431323,-7.751499286,0.0046405152431323,-7.751499286,-7.751499286,0.1347164339222575,-2.89200224,0.130755246618254,-2.935059258,0.1472146246208663,-2.764007096,1.1452651023864746,1.7261409759521484
VYARQEN,1.1513370718417009,0.2033102667305613,0.0472176937005289,-4.404528613,0.0755187180478546,-3.727021915,0.1464340104183333,-2.771677425,1.096097971983924,0.1323767557604268,0.0235836048448481,-5.406071933,0.1323767557604268,0.0939225380500923,-3.412384795,0.0848622750298915,-3.558732834,0.0768333584428888,-3.702123373,0.4666115939617157,1.962175965309143
VYARQEH,1.3145356625504725,0.3945532819230941,0.1514752794140459,-2.722845728,0.114701898208009,-3.124038828,0.0540512817712241,-4.209527359,0.0131981031590466,-6.24352559,0.5743568913061435,-0.799980624,-0.799980624,0.1047438401664249,-3.255062691,0.111569050337478,-3.163991221,0.0959295951518204,-3.381880221,0.3766511976718902,1.6163798570632937
VYARQEL,0.7532941585114157,-0.408714753,0.281324581556104,-1.829692477,0.7302211919156946,-0.453594557,0.0579691464103614,-4.108570948,0.003910182325041,-7.998548405,0.003910182325041,-7.998548405,-7.998548405,0.1163424137107849,-3.103550954,0.0793288326500827,-3.65601087,0.1100810955748802,-3.183361361,-0.153807595,2.883627891540528
VYARQDN,0.8466130371048824,-0.24022539,0.0626609107741727,-3.99629045,0.0815010337355771,-3.617037832,0.217602688995422,-2.20023171,0.0299351551385596,-5.062015443,0.0217664533946235,-5.521749834,-5.062015443,0.1083456386224297,-3.206287015,0.1453763424609407,-2.782135581,0.1096702414966666,-3.188755985,0.0524176210165023,1.8666504621505735
VYARQDQ,0.64666256863371,-0.628914991,0.0461249225398393,-4.438309701,0.0886103662333073,-3.496380705,0.012159007660249,-6.3618307,0.0166112842193225,-5.911692577,0.0134631065437211,-6.214844847,-5.911692577,0.121629901533074,-3.03943015,0.0807430046691967,-3.630518915,0.1078513243892318,-3.212884202,-0.251356483,1.8673834800720213
VYARPNN,1.874083713714876,0.906185398388692,0.0959525317121173,-3.381535317,0.274807446468093,-1.863506997,0.0608294405722246,-4.039086453,0.0090292754681911,-6.791174058,0.0043710065659966,-7.837818739,-6.791174058,0.1277676719451696,-2.968405246,0.1255620177930907,-2.993527976,0.1538276867252007,-2.700612904,0.9993446469306946,2.176541566848755
VYARPNV,1.0793773395318549,0.1101993047743243,0.8084007456519027,-0.306857442,0.1998161800207913,-2.323254685,0.0639929984401499,-3.965942123,0.0072125669377674,-7.115271482,0.0068599141015532,-7.187593773,-7.115271482,0.678354898910168,-0.559887841,0.4191256972891593,-1.254545117,0.7805432640156063,-0.357449495,0.4145362079143524,3.714922189712525
VYARPQN,1.3779338926730968,0.4625066754148902,3.550042026561433,1.8278361038153128,0.2198214180619239,-2.185596134,0.086067317510274,-3.538390685,0.0162259051719952,-5.945557228,0.0028150529411283,-8.47262223,-5.945557228,1.2222134636792257,0.2894962786889486,0.445718472234647,-1.165795342,1.2698835561607345,0.3446962130199645,0.6250482797622681,2.422799825668335
VYARPQT,0.8352098552620443,-0.259789359,7.435140490340001,2.8943600029100933,0.2699279181921044,-1.889353895,0.0318362849747167,-4.973184194,0.0073797798839645,-7.082206499,,,-7.082206499,2.623111127280873,1.3912789282208775,0.8681552069621118,-0.203975107,2.598703190681156,1.3777918666746531,0.9911103248596193,2.68918776512146
VYARPQI,0.8895863290325712,-0.168793478,12.548830682234046,3.64948103296486,0.6258925507466307,-0.676013089,0.0106138833519364,-6.557903591,0.0024168458511091,-8.692658825,0.0024168458511091,-8.692658825,-8.692658825,3.762266139674423,1.91160190755534,8.770229669975548,3.132614623672996,3.778420110522392,1.9177831193206032,-0.417147607,4.034726142883301
VYARPQM,1.2019857141222712,0.2654197493873413,9.145736828352518,3.193099405708037,0.7061285197767647,-0.501997308,0.0409739206327,-4.609150245,0.0058607230686528,-7.414705616,0.0023692233164971,-8.721370095,-7.414705616,2.593922564359762,1.3751354118634536,0.77468571550718,-0.368316957,2.57786141848914,1.366174708915873,0.3473106920719147,1.9579228162765503
VYARPQQ,1.479914103705294,0.5655134422362238,9.63850939306209,3.268810049202469,0.5392554355398294,-0.890959281,0.1078706260077488,-3.212626033,0.0150811323931425,-6.05111143,0.0022088427419476,-8.822493575,-6.05111143,2.6684241532420816,1.4159880050318234,0.9017947077611336,-0.149129051,2.6967365432831354,1.4312145848792002,0.1002675592899322,2.8854997158050537
VYARPQE,0.5886040877649106,-0.764630533,0.9656221328376208,-0.050469351,0.2002586743570321,-2.320063359,0.1092708784048003,-3.194019133,0.0049101113051877,-7.670028556,3.1588823657431684,1.6594142132738112,1.6594142132738112,0.2533526241875335,-1.980781323,0.0976760939263311,-3.355850682,0.2648534948128102,-1.916733549,0.5823616981506348,2.2329421043396
VYARPQD,0.4600510634713102,-1.120134093,0.2196304225875345,-2.186850189,0.2863698148337026,-1.804048663,0.0651498630727175,-3.940094043,0.0151530362415849,-6.044249292,0.0048091619117041,-7.699998786,-6.044249292,0.1487402979089936,-2.749132528,0.1730710581123238,-2.530563605,0.1293067842146728,-2.951130125,0.7134135365486145,1.8173140287399288
VYARPQV,0.6811969788980392,-0.553856058,15.737406864209383,3.976125934821116,0.3340084638612006,-1.582043433,0.0128211852307806,-6.285326554,0.0042242305965137,-7.887095693,,,-7.887095693,4.286048994913992,2.099648341921935,13.85984868749416,3.792839602074364,4.2329428888758365,2.0816610238579774,-0.157174379,3.9011037349700928
VYARPLQ,1.240074554107198,0.3104268590052256,0.4286182867406066,-1.222234692,0.3040935636645216,-1.717412814,0.0954134562694747,-3.389663444,0.0050131044769214,-7.640079983,0.0027883403650194,-8.486377607,-7.640079983,0.2354671252317322,-2.086402443,0.2127499104146473,-2.23276957,0.2370136219307627,-2.076958117,-0.649489582,2.907132625579834
VYARPLE,0.637407580717672,-0.649711918,0.2170811948926777,-2.20369334,0.1163043580998422,-3.104022937,0.0530923037969959,-4.235353445,0.0025928375187362,-8.591252483,0.0025928375187362,-8.591252483,-8.591252483,0.0925674553313799,-3.433351127,0.0722812812208269,-3.790234111,0.0921328771220852,-3.440140124,-0.07776992,2.220519542694092
VYARPLA,1.7390040503033983,0.798261292820361,0.3061993168437825,-1.707457031,0.1465782646786092,-2.770256905,0.0255913921577834,-5.288197558,0.0021942131304126,-8.832080619,,,-8.832080619,0.1371899778420395,-2.865753003,0.1307823875825723,-2.934759828,0.1240754334146436,-3.010710601,0.4987167716026306,1.6605533361434937
VYARPET,0.9963579872089204,-0.005263905,0.1673353448541285,-2.579185889,0.2546447500273698,-1.973442121,0.1706456085879926,-2.550924806,7.3933275168604355,2.8862238246703504,0.571194114379159,-0.807946981,2.8862238246703504,0.0877441610017138,-3.510553066,0.0469777133449842,-4.411879698,0.0765979644566318,-3.706550136,0.3585776388645172,1.9430123567581177
VYARPEI,0.7233906206755547,-0.467153202,0.312955196978077,-1.675971961,0.2119999660165046,-2.237864061,0.3202246011142761,-1.642843948,0.0302225482588207,-5.048230881,0.00400120985679,-7.965347987,-5.048230881,0.118201547998799,-3.080679165,0.0648385642394897,-3.947004045,0.106455210808729,-3.231681526,-0.503462493,2.651911735534668
VYARPEV,0.772008751255429,-0.373310893,1.070701439711657,0.0985562471324427,0.1915999051799404,-2.383831248,0.1031920251592762,-3.276596614,0.0303952896295,-5.040008424,8.752267303062197,3.1296568001635268,3.1296568001635268,0.4138812322398746,-1.272711265,0.1382277553808185,-2.854880765,0.4033816558555466,-1.309782617,0.01997154019773,2.871922731399536
VYARPDI,0.6767584270369664,-0.563287148,5.023623443805208,2.328728328060199,0.1381542826530939,-2.85564781,0.2569825375494992,-1.960257766,0.0237806730214036,-5.394066644,0.0150569816502879,-6.053423596,-5.394066644,2.1956152231774486,1.1346252473065412,0.7554320386989288,-0.404626124,2.119797668301766,1.0839265681525898,-0.033956803,2.038651943206787
VYARPDQ,0.5576649514362217,-0.842529493,0.1412158205749721,-2.82402637,0.0817933162657977,-3.611873231,0.2437449977296671,-2.036555484,0.0204043681294329,-5.614978155,0.0211439242509252,-5.563613028,-5.563613028,0.1154213786192512,-3.115017627,0.079525211651345,-3.652443883,0.1055264520072861,-3.244323414,-0.058446076,1.823220133781433
VYARPDE,0.5949100763724695,-0.749256481,0.2029379003200141,-2.300889769,0.0645714620420246,-3.952959496,0.1476011064136828,-2.760224559,0.0204026923061747,-5.615096649,0.0186125987419544,-5.747576687,-5.615096649,0.1218753363602317,-3.036521894,0.0691064105613174,-3.855036643,0.1022625326372738,-3.289650433,0.26760333776474,0.960073709487915
VYARPDV,0.6347155401376827,-0.655817929,10.993374939658905,3.458562453080396,0.0900584500784729,-3.472994541,0.0983292279141383,-3.346235875,0.0106793785867717,-6.549028488,0.0109607895472514,-6.511504465,-6.511504465,3.3351320352827685,1.737743877714812,2.865042273643025,1.5185564260764948,3.2577050088886192,1.7038559711189447,0.2829905748367309,2.2506420612335205
VYARPDS,1.7714619375424598,0.8249404673706091,0.0801589174731772,-3.640993164,0.053442803114449,-4.22586051,0.1162070323930194,-3.105230717,1.1344520046520208,0.1819955740915886,0.0056563312810912,-7.465917666,0.1819955740915886,0.1152963182498585,-3.116581651,0.105909798079018,-3.239092031,0.1108447158512298,-3.173388099,0.5669288039207458,1.0964739322662354
VYARPVV,0.496942952181464,-1.008847851,0.1561243594021237,-2.679232443,0.2512465263655649,-1.992824445,0.0682325962577218,-3.873395078,0.0125144326084291,-6.320263308,1.3610918191049943,0.4447643941741854,0.4447643941741854,0.2067311326530694,-2.274172427,0.202608657233517,-2.303232275,0.2163960609516191,-2.208253857,-0.362668097,3.65677809715271
VYARPSV,0.4678550143943102,-1.095866579,1.5288319992240245,0.6124298800781114,0.2092566025834444,-2.256654951,0.1040129682953809,-3.265164681,0.0041050341434638,-7.928390063,0.0107593235321406,-6.538268815,-6.538268815,1.4645749072989078,0.5504819833333434,0.815548946670127,-0.294156629,1.5685829318575042,0.6494618072922191,0.9677932858467102,2.230726480484009
VYARLNE,0.7151441105226948,-0.483694103,0.0537896718242642,-4.216527003,0.0879215724710358,-3.507639001,0.1557495610491512,-2.682699998,0.012537895079278,-6.317561028,0.0140174583328148,-6.156631408,-6.156631408,0.0905899776886946,-3.464504741,0.0766691848965275,-3.705209348,0.0987177585606456,-3.340546552,-0.183727026,3.016830921173096
VYARLQD,0.6683207736960866,-0.581387376,0.1369555166277083,-2.868220715,0.0899708602810407,-3.474398372,0.0703523320875129,-3.829257942,3.08359616565062,1.6246138391954117,0.0101361919773802,-6.624340436,1.6246138391954117,0.1153993451296206,-3.115293058,0.0906279437091977,-3.463900238,0.107377189769766,-3.219240542,-0.411838055,2.87502384185791
VYARLPT,0.4592692050046443,-1.122588044,0.1049607263105552,-3.252078487,0.0353757907933095,-4.821093791,0.0190830970555256,-5.71156086,0.0058046814440774,-7.428567389,0.0058046814440774,-7.428567389,-7.428567389,0.1057722519764525,-3.240966891,0.1139740964789234,-3.133222122,0.1240753152150499,-3.010711975,-0.121574923,2.7660698890686035
VYARDQT,0.694952185127715,-0.525014376,0.0251553715785639,-5.312989689,0.1180394413892862,-3.082659096,0.026126537567269,-5.258340246,0.004671439198149,-7.741917194,0.0155992272801955,-6.002381624,-6.002381624,0.0845696280271783,-3.563716557,0.061774288841201,-4.016849693,0.0823188645622906,-3.602633107,1.0645252466201782,1.479801058769226
VYARAET,1.843607079716744,0.8825312129546034,0.0735149846098567,-3.765817844,0.0544660255352552,-4.198499594,0.1520785594015318,-2.717111324,0.0182116018438024,-5.778998366,0.0167300425486088,-5.901415075,-5.778998366,0.0696087231229814,-3.844588079,0.0626596398071708,-3.996319713,0.0678479352935322,-3.881551277,0.0044269119389355,2.0509064197540283
VYARGIV,0.8103505993936606,-0.303381868,0.0716573679888253,-3.802741136,0.0604790903316754,-4.04741975,0.0741072164540361,-3.754242153,0.0185778356545085,-5.750273754,0.0071985123573876,-7.118085494,-5.750273754,0.246073144504641,-2.022840879,0.1967610313302887,-2.345483573,0.2551421906882104,-1.97062661,-0.470441014,1.7981246709823608
VYARGQT,0.8473425878119972,-0.238982714,0.226144466615979,-2.144683399,0.1593164988740655,-2.650032414,0.1500346166435034,-2.736632691,0.0080876009855922,-6.950072463,0.0070202501198986,-7.154261852,-6.950072463,0.2732172762690424,-1.871879383,0.2586557742031985,-1.950894696,0.2847560514624243,-1.812201593,0.5850389003753662,2.347487449645996
VYARGQI,1.126820855356958,0.1722581706728558,10.488036703181836,3.390672734320706,0.1277246514399998,-2.968891096,0.1949029663731135,-2.359172047,0.0149848518366602,-6.060351371,0.0159170611250308,-5.973282204,-5.973282204,2.7294355997061555,1.4486026574870985,7.400122979018911,2.8875492463830024,2.824442997836196,1.4979663848762097,-0.187284559,2.889401912689209
VYARGQM,1.2768275821259016,0.352563722216796,0.4787369781512501,-1.062694849,0.1299434107734008,-2.944044616,0.1154363392891413,-3.11483064,0.0140869998720423,-6.149491798,0.0064231133813517,-7.282511521,-6.149491798,1.100529876334259,0.1381983109307099,1.2854374832200552,0.3622594469342245,1.1210487545690482,0.1648490225193076,0.0530273057520389,2.3030965328216557
VYARGQQ,0.7592422047996664,-0.397367904,0.2131237226507941,-2.230236907,0.2598297712666153,-1.944361351,0.0389485250064619,-4.682287496,1.018189437280086,0.0260060042414946,,,0.0260060042414946,0.3847369093166395,-1.378055855,0.5933164690611711,-0.753126266,0.4251247745368675,-1.234041759,0.4319881796836853,2.626124382019043
VYARGQP,1.0526229673733711,0.0739887787141526,0.0672330428126643,-3.894685746,0.039820475362483,-4.650345746,0.0733315444645898,-3.769422265,0.01086384621709,-6.524321227,0.0032414673349254,-8.26913725,-6.524321227,0.1501557547512096,-2.735468327,0.294310334098308,-1.764589894,0.1260280725151203,-2.988182968,0.9053184986114502,1.8424885272979736
VYARGQL,2.401311355409751,1.2638224763643175,0.9738932782599168,-0.038164408,0.083972227361021,-3.573943934,0.1297008754209058,-2.946739878,0.0110288919355397,-6.502568338,0.2607937835503827,-1.939018614,-1.939018614,1.2660844726109606,0.3403736639695211,1.0627395393197647,0.0877880584164914,1.3233224137941306,0.40416460214074,-0.272307187,2.889880418777466
VYARGHE,1.0435942793645057,0.0615609409170264,0.1828622125731728,-2.451171114,0.073668198942453,-3.762814218,0.0638102464000691,-3.970068085,0.0132335877505377,-6.239651947,0.0143808913636549,-6.119703089,-6.119703089,0.1519283969096198,-2.718536546,0.1524368834929364,-2.713716077,0.1016068441344897,-3.298930511,0.8725128173828125,0.7595781683921814
VYARGET,1.1328036425896686,0.1798978096027586,0.0360551367668739,-4.793651375,0.0365445768858569,-4.77419886,0.0703310246536651,-3.829694954,0.0118058309188228,-6.404356605,0.009457607023412,-6.724309088,-6.404356605,0.0513090612033493,-4.284642561,0.0405763206581088,-4.623218138,0.0538758585625591,-4.214217235,0.1061714887619018,1.805050611495972
VYARGEH,1.388453160153431,0.4734785082664531,0.0688435043287599,-3.860535653,0.0706908140141356,-3.822333435,0.0582134329103824,-4.102504092,0.0145238421978355,-6.105433029,0.0033904941848415,-8.204288715,-6.105433029,0.0907045373025337,-3.462681469,0.1201863075336792,-3.056655551,0.0899269175518805,-3.475103172,0.2294472008943557,1.3956583738327026
VYARGEE,1.4047095034800396,0.4902718092925615,0.112497841277832,-3.152030777,0.0646595768721176,-3.950992123,0.0313915315394015,-4.993480773,1.0885174742626575,0.1223645676820465,,,0.1223645676820465,0.0798609415564266,-3.646366108,0.0677728060082413,-3.883149685,0.0984574307538575,-3.344356097,0.1631544232368469,1.2474218606948853
VYARVME,0.4307549452230579,-1.215060736,0.1503124263503095,-2.733963813,0.0827615941079238,-3.594894756,0.0380806265933126,-4.714798972,0.0094751911321983,-6.721629239,0.0043738921710192,-7.83686663,-6.721629239,0.1808297979092574,-2.467295664,0.1392085835551883,-2.844679925,0.181330521426604,-2.463306316,-0.603507638,2.3285317420959477
VYARVQT,0.7563818647813856,-0.402813322,0.1340612124685576,-2.899036208,0.0725757065040003,-3.784369479,0.1554387792646773,-2.685581619,0.0874411727849834,-3.515543439,0.0022107127861628,-8.821272681,-3.515543439,1.3739496378188996,0.4583291230784779,0.9842613987556752,-0.02288658,1.470421158738097,0.5562294316599454,0.2239696681499481,3.248507499694824
VYARVQQ,1.3510478681673723,0.4340787908325637,0.0902557621621888,-3.469837149,0.0735800148173299,-3.764542223,0.1280982185650491,-2.964677682,0.0195617458488591,-5.675821056,3.2183709290374845,1.6863306115316632,1.6863306115316632,0.5552093205586657,-0.848896308,0.4871425780312768,-1.037584009,0.5874831732710826,-0.767380564,-0.047229044,3.2557075023651123
VYARVQV,0.4897626140431841,-1.029845445,1.0202075368599512,0.0288626639050423,0.0786020303723974,-3.66928961,0.1075530435842548,-3.216879744,0.0120873982398938,-6.370352446,0.0175079972739502,-5.835842125,-5.835842125,3.5428241901890623,1.824899874647416,2.8880565300421948,1.5300989814263848,3.6544045893713855,1.8696363676181167,-0.828117847,3.673604249954224
VYARVES,0.9646416948912312,-0.051934926,0.0777379431202454,-3.685237254,0.0616710387598784,-4.019263043,0.0635436154020362,-3.976109013,0.0089495054351991,-6.803976326,0.0056113675491961,-7.477431871,-6.803976326,0.0930928008440811,-3.425186586,0.1006941076226796,-3.311948832,0.096624340782859,-3.371469523,0.1282411217689514,2.3107926845550537
VYARVAV,0.597143778664388,-0.743849753,0.1138255547429638,-3.135103604,0.0754151592690453,-3.72900164,0.0359382384576391,-4.798336494,0.0533568171374469,-4.228183581,0.0162801391017805,-5.940743163,-4.228183581,0.1269320326976621,-2.9778719,3.3141160015381166,1.728624101024918,0.1879586293418098,-2.411512943,-0.297734171,2.060178756713867
VYARSTI,0.8737357654302657,-0.194731048,0.0891328648702323,-3.487898713,0.1122931905356151,-3.15465765,0.1865437519613822,-2.422414055,0.0095046568990121,-6.717149736,13.985479297596772,3.805857792277938,3.805857792277938,0.6569976983251439,-0.606039779,1.057473446885037,0.0806214377866152,0.7071989781812293,-0.499811905,0.4437426030635834,2.9374115467071533
VYARSIP,0.8131705623449471,-0.298370106,0.1277604695084061,-2.968486575,0.1093289744600549,-3.193252299,0.1428251200401572,-2.807678352,0.0248763164677679,-5.329083314,7.287561446468251,2.8654361427236035,2.8654361427236035,0.1512501273324654,-2.724991738,0.1796583506209287,-2.476672101,0.1415302659508026,-2.820817492,0.4675728976726532,2.355128288269043
VYARSDH,0.6429625651373523,-0.637193352,0.072855319124442,-3.778821883,0.0433118572590415,-4.529094152,0.0966417328056782,-3.371209867,0.0042400649256462,-7.881697929,0.346855774023968,-1.527592194,-1.527592194,0.2601790461560914,-1.942423317,1.7162618236549831,0.7792696594078612,0.274784016216997,-1.863630008,0.4716834127902984,0.9373740553855896
VYARSDQ,0.8050987914264169,-0.312762272,0.0626123382487077,-3.99740921,0.0528940808503283,-4.240749904,0.1197511100961506,-3.061889065,0.1171631183696594,-3.093409598,0.0091697399112616,-6.768903471,-3.093409598,0.1230329642854892,-3.022883186,0.2103665300397416,-2.249022909,0.109622361327701,-3.189385978,0.1784102320671081,2.3144285678863525
VYARSAN,0.9923066984687,-0.011142003,0.1044716665534881,-3.258816369,0.1677119201565177,-2.575942863,0.0694547599207557,-3.84778262,0.0238327273741177,-5.390912129,2.593651014618278,1.374984372669585,1.374984372669585,0.1373108115863022,-2.86448287,0.3134985773288234,-1.673469199,0.1461003188199366,-2.774968768,1.2697478532791138,2.0576982498168945
VYARSSS,1.0159462874327163,0.0228241295678852,0.038061467281695,-4.715525011,0.0555765073747852,-4.169381016,0.0527698998744981,-4.244140944,0.0070140115244474,-7.155544484,0.0173418134807743,-5.849601417,-5.849601417,0.2189240213954393,-2.191497832,1.1358156989228367,0.183728757535388,0.2278331663259462,-2.133950315,1.6442835330963137,2.1709086894989014
VYAHSQA,1.6163654690748002,0.6927534362141424,0.1139769706992646,-3.133185741,0.0700768905992021,-3.834917428,0.1390924223898947,-2.845884269,0.015313215699882,-6.029078916,0.0054007362047023,-7.532628202,-6.029078916,0.0789614585827267,-3.66270755,0.1478533456402971,-2.757761206,0.0727639844967238,-3.780631644,0.7854655981063843,0.6891883015632629
VYGRTNS,0.5237962421558952,-0.932922385,0.0812455938755555,-3.621566615,0.0326042525847347,-4.938796042,0.2522711778129659,-1.986952708,0.056350490354455,-4.149428025,0.0221399045774824,-5.497207186,-4.149428025,0.2312631190071411,-2.112392886,0.1940672314673772,-2.365371557,0.1980514633842811,-2.336052734,1.348806381225586,0.3852973878383636
VYGRIQT,0.6215434926005374,-0.686072747,0.2445844086215994,-2.031595655,0.1851281326099025,-2.433403947,0.2171504885807281,-2.203232896,0.013159065778086,-6.247799121,0.0213616367408012,-5.548833998,-5.548833998,0.1612090387283171,-2.632995459,0.1954029272086785,-2.355476015,0.1629323883445158,-2.617654678,0.2963128089904785,2.0871410369873047
VYGRIAV,0.6088334238332874,-0.715880533,0.1462493209170428,-2.773498169,0.6737698261932057,-0.569672274,0.0515544122101345,-4.277760286,0.0042906577006501,-7.864585474,0.0069549808435997,-7.167737744,-7.167737744,0.1405409991110552,-2.830937035,0.139220856119922,-2.844552743,0.131319808964014,-2.928843539,-0.42650494,0.654659628868103
VYGRISV,0.5451346001222084,-0.875315603,0.1070551652898317,-3.223573689,0.0939208147915625,-3.412411265,0.0735632903588312,-3.764870179,0.0127963447311067,-6.288124426,0.0051855880078397,-7.591276695,-6.288124426,0.1572327971848585,-2.669025914,0.1912778010922863,-2.386258645,0.1602099070603037,-2.641964731,-0.510418475,1.5529390573501587
VYGRMVT,0.6621814588865397,-0.594701479,0.0871369938082224,-3.520570848,0.0854473992325272,-3.548819609,0.0641012924898117,-3.963502743,0.0156751260403439,-5.995379146,0.0110983380680806,-6.493512535,-5.995379146,0.1847438130506775,-2.436402045,0.2052055280342329,-2.284858499,0.1851334933897108,-2.433362171,0.0811881721019744,2.376473426818848
VYGRLIS,0.5551367847014701,-0.849084802,2.419731533601833,1.27484699104261,0.0644677814225516,-3.955277854,0.0743960058480484,-3.748631021,0.0059592770785331,-7.390646957,0.0153629784973574,-6.024398244,-6.024398244,3.0962995317656272,1.630545042570892,9.330115329907846,3.221894914395122,3.2427491630728693,1.6972174310749988,-0.22411117,2.6716082096099854
VYGRLSE,1.985346841931084,0.9893910695457416,0.0345796343620264,-4.853933575,0.0326384315113879,-4.937284462,0.191811767676607,-2.382236862,0.0407034382900009,-4.618705523,0.3430717451512489,-1.543417782,-1.543417782,0.0759554024474308,-3.718703607,0.0801929856718893,-3.640380137,0.074315014440637,-3.750202471,0.0877903625369072,1.08355712890625
VYGRGET,0.608969943807397,-0.71555707,0.0424496703570691,-4.558102839,0.0283487348098664,-5.14057184,0.1315932892885115,-2.925842175,0.0045547555283603,-7.778410664,0.0222661279150667,-5.489005495,-5.489005495,0.0717833183286729,-3.800207574,0.0700179759360675,-3.836130833,0.0638430760887285,-3.969326025,0.1552741080522537,0.0424940139055252
VYGRGVN,1.5513236183387522,0.6334996753304054,0.0574096521263936,-4.122562876,0.0303457712784424,-5.042360701,0.1523358447632711,-2.714672646,0.0256807413492634,-5.283169339,2.1326353591251186,1.0926373128172393,1.0926373128172393,0.163546631598467,-2.612226049,0.1681081939872321,-2.572538048,0.1747278204374435,-2.51681876,0.9791814088821412,0.2764898538589477
VYGRSMS,0.6602446513543256,-0.598927386,0.0547318080473175,-4.191476673,0.0793759439053628,-3.655154347,0.0753124514604427,-3.730967783,0.0206303786595671,-5.599085888,0.0087873659990044,-6.8303535,-5.599085888,0.1909407669618944,-2.388802935,0.2226056814787765,-2.16743768,0.1905912635117145,-2.391446106,0.9504740834236144,1.430250644683838
VYGRSGS,0.633445847352499,-0.658706805,0.0337824046884573,-4.887584165,0.0691785092253538,-3.853532265,0.1988162589420343,-2.330492351,0.0045681788221715,-7.774165158,0.0059866145058349,-7.38404391,-7.38404391,0.1606126202741028,-2.638342837,0.2352963073215526,-2.087449415,0.1627627977567925,-2.61915711,2.026437520980835,0.4469168782234192
VYYRGEN,0.4448782292756381,-1.168517595,1.2165410884222478,0.2827850478241855,0.5477170021321014,-0.86849743,0.1662345600352015,-2.588707746,0.0149402901321112,-6.064648025,0.0149402901321112,-6.064648025,-6.064648025,0.6763705350346679,-0.564114282,4.4467146860782885,2.152739840222352,0.6959719129871555,-0.52289901,-0.557480812,3.284406900405884
VYYRGEQ,0.5174503066900946,-0.950507775,5.715506556426302,2.5148813679162334,0.3078182406932674,-1.699849369,0.0901180702982531,-3.472039768,0.0344357361560933,-4.859949671,0.0162286137312516,-5.945316421,-4.859949671,1.7046673346298953,0.7694902251695409,5.566384128082598,2.476740470393887,1.7294801134007864,0.7903384248337008,-0.67626673,3.085042953491211
VYYRGEP,1.130808080000174,0.1773540968548909,0.2574434513199527,-1.957672523,0.2554539925853105,-1.968864611,0.0267638333543805,-5.223571423,0.0033296778329219,-8.23040169,,,-8.23040169,0.1555208295625898,-2.684820275,0.3575341337199831,-1.483847113,0.1640470184805764,-2.607818721,-0.818932056,3.3393537998199463
VYYRGEE,0.7208666835465519,-0.472195622,0.6326840987818623,-0.660442758,0.1269601678865609,-2.977552154,0.0963426140215807,-3.375682121,0.0350469181852697,-4.834568602,0.0157460850499583,-5.988863014,-4.834568602,0.5526434617456658,-0.85557907,1.0223466975141584,0.0318845250080512,0.5732169150167437,-0.802846912,-0.655868053,2.1065378189086914
VYYRGES,0.7104149079100563,-0.493266238,5.830284401599172,2.543566259887048,0.8831888902345594,-0.179206071,0.1199749513696382,-3.059194867,0.0031250833325624,-8.321889624,0.0057703437667358,-7.437127015,-7.437127015,1.9417046868562853,0.9573237984888489,6.8377149243482025,2.773514275681161,1.881775856150528,0.9120947946561616,-0.439559698,3.249844551086426
VFTRLQT,0.4610035762849556,-1.117150152,12.314244839720748,3.622256253427075,0.245409401669047,-2.026737575,0.1738983346429492,-2.523683978,0.0171484911828829,-5.865774544,0.0177030471572393,-5.819858483,-5.819858483,4.588106810738983,2.197898977563365,11.916169695463454,3.574848668825809,4.418715172491553,2.1436269389072167,-0.79697448,3.0637309551239014
VFVKSSQ,1.450373773218862,0.53642474250222,0.2401587348288546,-2.057939813,0.1334005866289742,-2.906163084,0.0958864393294442,-3.382529392,0.0312668177030065,-4.999223799,0.0128512736897854,-6.281944838,-4.999223799,0.4102413327103409,-1.285455241,0.1744833824545499,-2.518838452,0.4380773591771703,-1.19074244,0.455638587474823,0.2018507570028305
VFSRLNQ,0.5364080419843305,-0.898597228,0.1878161940363682,-2.412606633,0.1153077296700319,-3.116438867,0.1089611506410192,-3.198114251,0.0153877892696023,-6.022070212,0.003847131695573,-8.022001068,-6.022070212,0.9651545471272188,-0.05116812,0.3623789945125846,-1.464428764,0.9351567218633412,-0.09671993,-0.702640593,3.0031633377075195
VFSRLTQ,0.6546422562796697,-0.611221365,0.1985576192453464,-2.332370372,0.1087082276125879,-3.20146696,0.1512526451508726,-2.724967722,0.0249671897314478,-5.323822747,0.0159287536485287,-5.972222803,-5.323822747,2.1658056549862668,1.1149037908839576,0.6604282445901098,-0.598526273,2.222234142517441,1.152010832232153,-0.874133766,3.170156240463257
VFSRLQN,0.8808402138606448,-0.18304776,6.816801624291554,2.769094999793201,0.0676549032763541,-3.885661693,0.2340764612282942,-2.094948231,0.030413746888022,-5.039132626,0.0194633332840679,-5.683097383,-5.039132626,4.032990118272456,2.011849870822691,14.503082532453304,3.858287662827154,4.09662989020847,2.0344375585052554,-0.295409322,3.61484694480896
VFSRLQT,0.5799002121407796,-0.786123429,19.591013004119308,4.292120092709018,0.0545797721036532,-4.195489819,0.0558020345163733,-4.163538467,0.0417476810649709,-4.582160127,0.0178256367749918,-5.809902576,-4.582160127,4.02858154367353,2.0102719578270625,15.700261035161066,3.972716640692272,4.001811084880882,2.0006530629611663,-0.631367624,3.346358060836792
VFSRLQQ,0.5886451919293875,-0.764529789,21.91060936483678,4.453557703149916,0.0853455418655473,-3.550540396,0.2266131169146387,-2.141696725,0.0131222195763881,-6.251844422,0.0289634637437031,-5.109622045,-5.109622045,3.888083492993487,1.959059199816717,15.069944628566018,3.9136022109445343,4.093232477879845,2.0332406079390006,-0.848416388,3.9758787155151367
VFSRLQE,0.8938013032289822,-0.161973947,6.526419339965273,2.7062916874377674,0.0587453800986765,-4.089380791,0.0951018275671578,-3.394383124,0.0056776059481848,-7.460501562,0.0245356595405317,-5.348976137,-5.348976137,5.960279779698105,2.5753800533903486,8.81139265673189,3.1393700577580823,5.772918480693536,2.529300853211706,-0.059715427,3.48866605758667
VFSRLQG,0.7122130926420827,-0.489619138,0.0344881536331479,-4.857755295,0.0491396113900974,-4.346969741,0.1654173180881653,-2.595817812,27.545548235998115,4.783747271875852,0.0181618634337897,-5.782943957,4.783747271875852,0.1410180872701872,-2.826047877,0.2098304537945412,-2.252704016,0.1471460138561228,-2.764679634,0.4428595006465912,1.313929557800293
VFSRLQS,0.6643329880150324,-0.59002154,10.662864173592572,3.414523110284524,0.0478376945484561,-4.385708327,0.1834739691163498,-2.446352704,0.0299413727620344,-5.061715822,0.0152392035605195,-6.036068684,-5.061715822,3.928404183315095,1.9739433724392053,13.753714523145334,3.78174940082665,3.9371599335589145,1.9771553182032888,0.2004506587982177,3.983625650405884
VFSRLSQ,0.7031889312657571,-0.508015733,0.1641833023309666,-2.606620684,0.0532132730524985,-4.232070046,0.1058655700214208,-3.239694628,0.0295217256275838,-5.082079136,0.0166626782455794,-5.907235881,-5.082079136,2.925502332232778,1.548684368285134,2.659780107742577,1.411306978590204,2.903850932310479,1.5379673952288733,-0.14007625,3.0739951133728027
VFSRLSP,1.187452464983609,0.2478697619446088,0.0795837786380095,-3.65138179,0.1450495921671302,-2.785381856,0.0797724243500592,-3.647966066,0.0110675514334824,-6.497520112,0.0061020206077835,-7.356497232,-6.497520112,0.1329255673591504,-2.911309471,0.0977947344879299,-3.354099401,0.1445199149671012,-2.790659784,0.4667533636093139,2.206209659576416
YVRSNEP,1.09669092342847,0.1331569933210739,0.0218501203043354,-5.516214967,0.0546179246620357,-4.194481693,0.1874842386218334,-2.415158778,0.0298857138352714,-5.064400187,0.0177206183625723,-5.818427242,-5.064400187,0.0710926104689761,-3.814156579,0.0362796124932325,-4.784697143,0.0668619956027962,-3.902669775,1.1595627069473269,0.8347751498222351
YVRSTNQ,2.309383709772522,1.2075079003508284,0.0719405374833368,-3.797051252,0.0376866588853773,-4.729802291,0.253661841198366,-1.979021586,0.0179194440806652,-5.802330309,0.7119403428637257,-0.490171739,-0.490171739,0.1856254859548651,-2.429533292,0.1375921365037022,-2.861530074,0.1892919254400828,-2.401315223,1.7840527296066284,1.9698368310928345
YVRSISQ,0.7092172249594784,-0.495700519,0.0817077207468665,-3.613383781,0.0632635072051355,-3.982482652,0.0980304534364208,-3.350626194,0.0055186039288808,-7.501480938,0.0172237341538534,-5.859458233,-5.859458233,0.1570759635892044,-2.670465665,0.1349990110893769,-2.888979256,0.1570286524002646,-2.670900269,0.8833206295967102,1.0463968515396118
YVRSSNP,1.4514915815972145,0.5375362046044843,0.0637910911814909,-3.970501233,0.0663448110948697,-3.913872555,0.200451931671119,-2.318671775,0.0048129259692409,-7.698870052,3.198471986874764,1.677382847786257,1.677382847786257,0.1234304864417858,-3.018229321,0.0922767658420583,-3.437888749,0.1268439838714129,-2.978873,2.2934536933898926,0.3319978415966034
YHGRLNE,0.8115241366562749,-0.30129409,0.1018340259163156,-3.295708404,0.0586737011216092,-4.09114219,0.1363526512776114,-2.874585342,0.0106466457401801,-6.553457213,0.015471567263064,-6.014236841,-6.014236841,0.0648680974309939,-3.946347064,0.0596920747618191,-4.06631679,0.0720494386116708,-3.794869,1.6943118572235107,0.2315980494022369
YAKNSPN,2.093996914386358,1.0662593163839176,0.4346051991662978,-1.202222661,1.7266357583084844,0.7879637718619962,0.1104798391116442,-3.178144971,0.0129910639697011,-6.266336597,1.6070214738043909,0.6843892071362904,0.6843892071362904,0.3606716725429317,-1.471241978,0.2133799250886924,-2.228503642,0.3677484975473734,-1.443208648,2.718670606613159,0.6527106761932373
YAKGQPN,1.1777387959590515,0.2360196074537651,0.101961552550856,-3.293902849,0.2269047256225933,-2.139841439,0.1138401793661701,-3.134918255,0.0122343909881442,-6.352913902,0.0085160015673378,-6.875608069,-6.352913902,0.1529433004580477,-2.708931183,0.1258963194722533,-2.989691988,0.1550171620130599,-2.689500149,2.385770082473755,0.6133219003677368
YAKGSPN,2.866541399654516,1.5193111151240757,0.2051133139253569,-2.285506955,0.1281042150756053,-2.964610149,0.1592546638500387,-2.650592472,0.5468738668667646,-0.870719972,1.3311836971207915,0.4127096701518818,0.4127096701518818,0.3309470191259305,-1.595327819,0.158366895126203,-2.658657308,0.3319717656145724,-1.59086755,2.91032075881958,0.8544031977653503
YAKSLPN,1.662709850686482,0.7335364347123721,0.0419432661019858,-4.575416982,0.047833468585578,-4.385835779,0.1088148279190746,-3.200052933,0.0224652875607701,-5.476158661,0.0032765551003562,-8.253604492,-5.476158661,0.2540464167169329,-1.97683598,0.1336712428156317,-2.903238968,0.2605552639952134,-1.940338693,2.927445888519287,0.1252202093601226
YAKSEPN,0.7094672247748955,-0.495192057,0.095828254638248,-3.383405097,0.0747140477389142,-3.742476666,0.0754997147383838,-3.727384996,6.007362987794768,2.586731839637598,0.0056883666917684,-7.457769816,2.586731839637598,0.064620088427507,-3.951873465,0.0510111061454218,-4.293044805,0.064540643938208,-3.953648218,1.4061464071273804,0.502863883972168
YAKSAPQ,2.1239194031218087,1.0867290208865863,0.0324511648526804,-4.945585924,0.0413496815022822,-4.595979973,0.1767829579138737,-2.499948891,0.0182559216480155,-5.775491685,0.0161614021494187,-5.951303819,-5.775491685,0.1014716674575047,-3.300851135,0.0822678891325022,-3.603526763,0.0979490497255331,-3.351824694,2.526188611984253,0.0099266776815056
YAKSSTQ,2.1625230115526293,1.112715484645883,0.0836315317132341,-3.579809204,0.0858279055564302,-3.542409397,0.2447004795664703,-2.030911166,0.7530187373046465,-0.409242331,0.8323929882736922,-0.264663282,-0.264663282,0.0999389431771985,-3.322809228,0.0891646119212191,-3.48738495,0.1037520558601548,-3.268788171,2.4393701553344727,0.1864729076623916
YAKSSVN,0.8673787824599587,-0.205265942,0.0586087082952233,-4.092741148,0.0786354857832253,-3.668675686,0.134010185375922,-2.899585439,0.0232143959363238,-5.428836449,0.0335960091187862,-4.895566325,-4.895566325,0.1213914519640609,-3.04226126,0.0757090522731889,-3.723390381,0.11866080173026,-3.075084659,3.0264017581939697,0.032258041203022
YARNSPN,2.214802382552312,1.1471779789470635,0.1413291801335309,-2.822868726,0.0386746321027622,-4.692468622,0.148888796232167,-2.747692899,0.0163540634922364,-5.934207043,0.0084217364390331,-6.891666558,-5.934207043,1.0503326141923377,0.0708462658512085,0.1811079331080159,-2.465078353,1.2201172075717492,0.2870197434114559,2.6837804317474365,0.6142226457595825
YARPSPN,2.081003643612227,1.057279491078384,0.2328966653732158,-2.102238112,0.2446022072689674,-2.031490672,0.0080669127633793,-6.95376763,0.0012079526418128,-9.69322039,0.0228412701862517,-5.45221331,-5.45221331,0.2133838070888704,-2.228477395,0.1413806237688934,-2.822343683,0.2754506673654701,-1.860134137,2.629218101501465,0.5689208507537842
YARLNID,0.8970251092025703,-0.156779726,0.0838169863599648,-3.576613539,0.1001908429985625,-3.319177436,0.0218510453285764,-5.516153892,0.0097327475220322,-6.682937154,0.0051325780884828,-7.606100613,-6.682937154,0.0727335798603922,-3.781234604,0.0484588052418348,-4.367097354,0.0809846646869295,-3.626207446,1.9934427738189695,0.2164320796728134
YARLNAE,0.90268454393793,-0.14770619,0.0208297821624144,-5.585208438,0.0620076702934792,-4.011409503,0.0517826406537661,-4.271387652,0.0144579911228247,-6.11198908,0.0083114456701499,-6.910684847,-6.11198908,0.0692430554170047,-3.852186803,0.0430377554622488,-4.53825335,0.0566554645401065,-4.141641076,2.046958923339844,0.0739954113960266
YARLAPN,1.5543479306838992,0.6363094778048497,0.045901997493043,-4.445299254,0.040028970354729,-4.642811683,0.0413675569763357,-4.59535643,0.0142819135571317,-6.129666898,0.0052079239643181,-7.585075899,-6.129666898,0.7444605239099387,-0.425732745,0.1859782346294234,-2.426794305,0.7424175612063515,-0.429697258,2.4610297679901123,0.3646304309368133
YARGAPN,1.3705970527149811,0.4548044897931191,0.1444012125046402,-2.791845239,0.04195203557929,-4.575115376,0.0979522739851569,-3.351777204,0.0159907095321016,-5.966622235,0.0061389338575824,-7.347796159,-5.966622235,1.416252590293945,0.5020785947047925,0.1911652758579523,-2.387107606,1.4805553148509285,0.5661383918801128,2.309288501739502,1.132663607597351
YARSNGE,0.6441975191062007,-0.63442499,0.0726307127586695,-3.783276452,0.0855933030554188,-3.546358267,0.1706193815311955,-2.551146556,2.1210489464231563,1.0847779136299858,0.9116318980069236,-0.133476689,1.0847779136299858,0.0825204686330147,-3.599104175,0.0507890980850884,-4.299337335,0.0843796559645652,-3.566960984,1.584310531616211,1.0369433164596558
YARSIPN,1.7381069752637308,0.7975168784313857,0.044326152777531,-4.495698038,0.0591198586256507,-4.08021337,0.2746823014243686,-1.864164138,0.0204400158666783,-5.612459874,0.0328457496241138,-4.928149498,-4.928149498,0.1348389001201327,-2.89069133,0.157095076922935,-2.670290125,0.1333949450842944,-2.906224097,2.027998447418213,0.9455450177192688
YARSLTN,4.1840798125156695,2.064910371666675,0.0779670568566389,-3.680991514,0.0882253934355736,-3.502662231,0.1128366283749328,-3.147692632,0.0291904019306608,-5.098362114,2.3162307345476454,1.2117789765598643,1.2117789765598643,0.1463364237073825,-2.772639188,0.1269191280867316,-2.97801858,0.1471087475540493,-2.765045059,2.054960966110229,0.6643272638320923
YARSGET,0.6258498915431137,-0.676111423,0.1154237675216873,-3.114987767,0.0672160580687398,-3.895050252,0.0348820303762892,-4.841372172,0.0060353018759625,-7.372358351,0.0060353018759625,-7.372358351,-7.372358351,0.0687251827812609,-3.863017351,0.0526378390003418,-4.247755928,0.0726246129013536,-3.783397621,1.0639878511428833,0.2205280363559723
YARSGAP,1.3174685853807573,0.3977685616683878,0.1231412713595225,-3.021613726,0.0823963812780525,-3.601275212,0.143575825360988,-2.80011524,0.0140758488421608,-6.150634263,6.31553300355888,2.6589044963472297,2.6589044963472297,0.1068534261232419,-3.226294928,0.0855098836636072,-3.547765006,0.1048809491828406,-3.253175448,2.261235475540161,1.2670310735702517
YARSGAE,0.7683774731238414,-0.380112871,0.4877321284856711,-1.035839084,0.0874513662375324,-3.515375266,0.1418843436413375,-2.817212692,0.0030139932541685,-8.374108097,0.3537653438339568,-1.499135372,-1.499135372,0.0603148236231267,-4.051343572,0.0357983621672333,-4.803962606,0.0604761132165115,-4.047490769,1.6718989610671997,1.6284582614898682
YGKSGPN,1.2782515999568618,0.3541718318127581,0.0490298528972135,-4.350195757,0.0845927298434904,-3.563322511,0.1495799285676232,-2.741011495,0.0166680204154444,-5.906773418,0.0018473722811648,-9.080309658,-5.906773418,0.1314256008731215,-2.927681764,0.1163447799637456,-3.103521612,0.1284845800503808,-2.960332869,2.846188306808472,0.6647543907165527
YGRLQSN,0.9245828050872708,-0.113125563,0.1277767290909269,-2.968302981,0.1057321098443889,-3.241514519,0.1495291843592373,-2.741501005,0.0035049405284768,-8.15639432,0.0144571867166426,-6.11206935,-6.11206935,0.1959279019967446,-2.351605229,0.164435963007465,-2.604402236,0.1881970394385113,-2.409684162,1.1318515539169312,0.5481318235397339
YGRLSNQ,0.6246126903381882,-0.678966214,0.0888052662470914,-3.493210957,0.1977877936531035,-2.337974701,0.0752252509771144,-3.732639175,0.0090389852488682,-6.789623465,0.0090389852488682,-6.789623465,-6.789623465,0.1328851559602222,-2.911748139,0.1111666707451225,-3.169203781,0.1365694598383529,-2.872293196,1.2758285999298096,0.1638843566179275
YVRNSPN,0.8519062752970397,-0.231233378,0.4964111743743302,-1.010392504,0.6463832770411078,-0.629538221,0.0405648904754998,-4.623624597,0.0083460004799487,-6.904699281,0.0020866001226769,-8.904630137,-6.904699281,0.1433224348282517,-2.802663637,0.1260306450794083,-2.988153519,0.1659985983869315,-2.590757035,2.2951583862304688,0.1683824509382248
YVRLSNE,0.5470332103802229,-0.870299673,0.1150472775290099,-3.119701251,0.0885750758416913,-3.496955394,0.1022876615453504,-3.289295964,0.0051624910473539,-7.59771691,0.0029404794284456,-8.409732887,-7.59771691,0.0746906500328689,-3.742928536,0.0656044470725475,-3.930062577,0.0759976425408595,-3.717901523,1.2803243398666382,0.4080790579319
YVRGQQQ,1.0931316679555003,0.1284671844186199,0.4208866280870267,-1.24849642,0.5390323796402677,-0.891556157,0.0607705988002653,-4.040482682,0.0409302181188835,-4.610689835,0.0133312938174312,-6.229039387,-4.610689835,0.1763575750969654,-2.50342455,0.154865666127197,-2.690910762,0.1777996310690249,-2.491675764,1.2860968112945557,0.8445494771003723
YVRVSSN,1.2871828951291615,0.3642170598903617,0.0933106554112114,-3.421814354,0.0578457109046471,-4.111646198,0.2187989588533021,-2.192322222,0.0233435885595882,-5.420829829,0.0358508401855714,-4.80184926,-4.80184926,0.1853018026119011,-2.432051179,0.1738273633426292,-2.52427289,0.1922242210283399,-2.379137962,1.528098225593567,0.3943941593170166
YVRSNNE,1.213582088435165,0.2792716977538979,0.0493205583962012,-4.341667056,0.0865263379544931,-3.530716845,0.3138350942014034,-1.671921406,0.0051212340000645,-7.609292804,0.0289407049565441,-5.110756125,-5.110756125,0.0699736798505868,-3.837043826,0.0552174386370557,-4.178732222,0.1207637542632216,-3.049740582,1.8567800521850584,0.8245515823364258
YVRSNTS,1.9545067902189035,0.966804596752106,0.136487775235593,-2.873156355,0.0773692799676584,-3.692095342,0.2320964023978332,-2.107203934,0.0263274392450254,-5.247288986,0.0234192098431173,-5.416163789,-5.247288986,0.2898918540185782,-1.786413301,0.1579722503985768,-2.66225694,0.3170778179714457,-1.657091142,2.099135637283325,0.4638238549232483
YVRSNIE,0.8267390328496071,-0.274496092,0.1459149529150616,-2.776800361,0.1841122845717011,-2.441342204,0.1209289655062034,-3.047768247,0.0476153220719459,-4.392430299,0.0131083270942436,-6.253372612,-4.392430299,0.1013079855567838,-3.303180196,0.0667083878394791,-3.905988014,0.1017278670287947,-3.297213154,1.6838698387145996,0.8779401779174805
YVRSNLD,0.6702293220955343,-0.57727329,0.0284383902655232,-5.136016385,0.0539895165572838,-4.211176891,0.0958142319639879,-3.383616224,0.0035174624439622,-8.151249265,0.0079808566527224,-6.969240673,-6.969240673,0.0850556934040701,-3.55544838,0.0425528917841576,-4.554599013,0.0782084694306748,-3.67653134,1.4004323482513428,1.480947494506836
YVRSNET,1.1386731834188746,0.1873537309637017,0.063453089725374,-3.978165775,0.0657292024980992,-3.927321709,0.047809413236288,-4.38656149,0.0059266436710093,-7.398568964,0.0065581549087526,-7.252494305,-7.252494305,0.0627262114565643,-3.994787761,0.0461951237163927,-4.436115619,0.068982434048338,-3.857627155,0.835629940032959,1.240858793258667
YVRSNDP,0.7996302683273784,-0.322595012,0.1171745009331866,-3.093269445,0.0914209069628215,-3.451332058,0.1261134872190857,-2.987205522,0.0197203142835,-5.664173646,0.0122579120164169,-6.350142935,-5.664173646,0.0800926621874862,-3.642186116,0.0582728605756381,-4.101032056,0.0678914242463162,-3.880626839,1.2369869947433472,0.9495251774787904
YVRSNYQ,0.7175666647921456,-0.478815225,0.0511529126790297,-4.2890398,0.0675086636512887,-3.888783529,0.2102331576016307,-2.249937868,0.0464174293753027,-4.429189562,0.0195534369912054,-5.676433971,-4.429189562,0.2086785958459671,-2.260645464,0.1296320652604299,-2.947505473,0.2291821567883987,-2.125433369,-0.488304585,2.4702320098876958
YVRSNSD,1.1608852074181442,0.2152253202858221,0.1041394711984365,-3.263411109,0.1205688726414772,-3.052070601,0.3024548931819379,-1.725208094,0.0249451366370001,-5.325097618,0.5015403775731294,-0.995562242,-0.995562242,0.1121213928296231,-3.156866523,0.0783009851776699,-3.67482573,0.1195569384968605,-3.064230235,1.8625162839889529,0.947985827922821
YVRSTNM,0.8488303467264785,-0.23645186,0.0910525028623365,-3.457157515,0.1103292402426765,-3.1801129,0.1148326127607624,-3.122395666,0.0031576142329418,-8.306949357,0.5070672699059424,-0.97975094,-0.97975094,0.1660517229093964,-2.590295403,0.1179886913632055,-3.083279504,0.1591439260391374,-2.651595999,1.8635412454605105,0.6688579320907593
YVRSITD,0.5460907537316253,-0.872787365,0.1338668525240082,-2.901129323,0.0819044573566189,-3.609914222,0.0961512228031255,-3.378550985,0.0449268471855108,-4.476278368,0.0146077361478851,-6.097123578,-4.476278368,0.0830352521909696,-3.590132234,0.0665222034286478,-3.910020234,0.0766334025630355,-3.705882826,1.2980319261550903,0.2022503018379211
YVRSIEN,0.8295815905901227,-0.269544216,0.0458551018573576,-4.446773932,0.0467918612874934,-4.417598572,0.1179448791811602,-3.083815313,0.0254481437125581,-5.296295765,0.1805599336063012,-2.469450302,-2.469450302,0.0744040752630257,-3.748474547,0.0371185677986977,-4.751715144,0.0675378285329495,-3.888160395,0.8051733374595642,0.4854491651058197
YVRSPTQ,1.2268202455531685,0.2949238799325615,0.0944722347029097,-3.403965805,0.031317403351942,-4.996891592,0.2873601992863294,-1.799067839,0.0349220217959422,-4.839719104,0.0162522192880728,-5.943219454,-4.839719104,0.08727659815251,-3.51826132,0.0616795817307661,-4.019063208,0.0828582203601148,-3.593211356,1.2937597036361694,0.8009670972824097
YVRSLTE,0.6581174290143004,-0.603583065,0.0867708729390069,-3.526645347,0.1466172089020133,-2.769873648,0.0665793383291705,-3.908781657,0.0155157297364385,-6.010124638,0.0152182088013869,-6.038057628,-6.010124638,0.0822969482920011,-3.603017256,0.051676119949407,-4.274358439,0.0795568943538556,-3.651869231,1.093612551689148,0.3741963505744934
YVRSDNQ,0.7826820723632343,-0.353501695,0.0523889240861774,-4.254594356,0.0485360850240526,-4.364798446,0.0796915270214745,-3.649429848,0.0198188026481066,-5.656986385,0.0198188026481066,-5.656986385,-5.656986385,1.268891190563094,0.3435683610896365,0.1806120237343417,-2.469034156,1.2855678446075958,0.3624057490250477,0.748712956905365,0.7314028739929199
YVRSDTQ,0.5558715075387923,-0.84717666,0.1387336506600494,-2.849610331,0.0099605765861827,-6.649555027,0.0284077501199513,-5.137571614,0.0051309398302664,-7.606561177,0.0047370395468458,-7.721798568,-7.606561177,2.447334054987839,1.2912110391292255,0.185085488312054,-2.43373631,2.447852364254896,1.2915165483164075,0.4099336564540863,0.9768794775009156
YVRSDSN,2.0018550680736564,1.0013375285494075,0.057690375905717,-4.115525526,0.0572513507684131,-4.126546458,0.1221559567780331,-3.033203878,2.91762195499364,1.5447929610525224,1.27128540457479,0.346287952877836,1.5447929610525224,0.8843193072409951,-0.177360707,0.1046218812803942,-3.256743477,0.8464754634700137,-0.240459845,0.6723828315734863,0.9020599126815796
YVRSSNI,2.154790841920462,1.107547838702487,0.1764316232558872,-2.502818925,0.2162790815972832,-2.20903396,0.1256286856092841,-2.992762173,0.0068325755961972,-7.193354768,0.0238040235929333,-5.392650737,-5.392650737,0.1844887301181559,-2.438395406,0.1406661674296002,-2.829652717,0.1987372124559304,-2.33106606,1.5165022611618042,0.9151323437690736
YVVKSLD,0.4395584512173381,-1.185873071,0.1470745455574169,-2.765380516,0.0656872014360907,-3.928243888,0.1751528425632548,-2.513313693,0.0240738466547004,-5.376389508,0.0125438635523411,-6.316874418,-5.376389508,0.0615183725932415,-4.022838851,0.0393457318243027,-4.667649047,0.0638387051080062,-3.969424801,0.3675106167793274,0.3350519835948944
YVVKSEI,0.7269717865698839,-0.46002872,0.5014072299027783,-0.995945296,0.0827212374647841,-3.595598422,0.1200613031618255,-3.058156863,0.018782819416343,-5.734442553,0.0043822487538973,-7.834112905,-5.734442553,0.0582792173661194,-4.100874686,0.0462193586336998,-4.435358949,0.0526101667651717,-4.248514567,0.335440844297409,1.1223958730697632
YVYKSDQ,0.9474259817233396,-0.077914859,0.2026556146577709,-2.302897948,0.3007646361789631,-1.73329315,0.0465245349119124,-4.425864461,0.0627033201706006,-3.995314353,0.0050249730952117,-7.636668413,-3.995314353,0.1048762098633093,-3.253240641,0.154872327286573,-2.69084871,0.1135142760131276,-3.139054347,0.5033312439918518,1.3498384952545166
YVYRGEE,0.8823206660079752,-0.180625018,0.3980819077284168,-1.32886279,0.1561647469581802,-2.678859282,0.048641422955564,-4.361670756,0.0013983026047354,-9.482107679,0.0013983026047354,-9.482107679,-9.482107679,0.0956370888294996,-3.386285974,0.0962388523129779,-3.377236752,0.0936593357882379,-3.416433383,-0.48373273,1.3329330682754517
SYVRTET,0.9656961970849364,-0.050358699,0.2242479360130594,-2.156833388,0.0587145937948277,-4.090137053,0.1566059297563475,-2.674789255,0.0167172330917986,-5.902520106,0.0111192172074682,-6.490800964,-5.902520106,1.3552442332571213,0.4385528680791354,0.3187200924571881,-1.649638124,1.3417215389509347,0.4240852855025647,0.414105623960495,2.204753398895264
SYVRAQT,0.9433646680701232,-0.084112526,0.0936969452022317,-3.415854177,0.0747592142076556,-3.741604785,0.1592336365311011,-2.650782972,2.966349989734592,1.5686888266077403,1.5563853608882396,0.6381993157284281,1.5686888266077403,0.1658757432566843,-2.591825165,0.3187195509209206,-1.649640575,0.168075876041291,-2.572815426,0.4350283443927765,1.5803128480911257
SYVRAQS,1.016664278731112,0.0238433533640445,0.0601291253317928,-4.055792217,0.0912242880540008,-3.454438203,0.1345539042393182,-2.893743842,0.0125104474881155,-6.320722795,1.5799031852727434,0.6598361543477269,0.6598361543477269,0.1895882415442165,-2.399058605,0.3702612231423745,-1.433384629,0.1838458684579163,-2.443431339,0.5991378426551819,1.7234874963760376
SYVRSTD,1.1314555766704475,0.1781799424701441,0.08062768510847,-3.632580888,0.2038907808107878,-2.294131551,0.1353999273219218,-2.88470113,0.013915286967389,-6.167185529,0.0052495797047496,-7.573582363,-6.167185529,0.1347514192956556,-2.891627626,0.1201917501542075,-3.056590221,0.1349108578863508,-2.889921631,1.0843323469161987,2.135115623474121
SYVRSIP,0.913597560116562,-0.130369297,0.1353132773901477,-2.885624687,0.1071429160751699,-3.222391628,0.0655425690090758,-3.931423968,0.0160098885964008,-5.964892921,0.0069425386753799,-7.170320976,-5.964892921,4.231547672586785,2.08118542012854,9.638787236537931,3.268851636299713,4.262864271766927,2.0918231210850853,0.7417754530906677,3.7461133003234863
SYVRSIS,0.8466041326582101,-0.240240564,0.0524997463050728,-4.251545739,0.0485037095442602,-4.365761102,0.083483002279778,-3.582373705,0.0156648154293519,-5.996328419,0.7992015610138509,-0.323368694,-0.323368694,3.0569597926003125,1.6120975769557924,9.829408877795371,3.297104658202089,3.2655248742119563,1.707314897610485,0.410236120223999,3.054060697555542
SYVRSMG,1.519374912476515,0.6034779051476602,0.1690276591911023,-2.564668751,0.0859510240734209,-3.540341361,0.1314943910884614,-2.926926832,0.0154649317363978,-6.014855725,0.0041775327035641,-7.903133162,-6.014855725,0.2542919526769127,-1.975442288,0.2792576503247149,-1.840331291,0.2600247303578756,-1.943279254,0.1614799350500106,1.4339865446090698
SYVRSPQ,0.7956423137345546,-0.329808091,0.127581798163328,-2.970505577,0.0828717225290021,-3.59297628,0.0807935218530854,-3.62961657,0.0295872347395932,-5.078881323,0.014500325543059,-6.1077709,-5.078881323,0.1724389969496092,-2.535842019,0.1797716444973706,-2.475762613,0.1976548152112818,-2.338944993,0.2653014659881592,3.750423431396485
SYVRSPE,1.6725926819754215,0.7420861559319807,0.0472648117677731,-4.40308968,0.0434274575637352,-4.525248696,0.1142645474391082,-3.129550243,0.0150171837777197,-6.057241905,0.0119324236998643,-6.388969078,-6.057241905,0.081505694633029,-3.616955329,0.0880729530936613,-3.505157149,0.0932956311981063,-3.422046665,0.713583767414093,2.932835340499878
SYVRSPA,1.7317199633831426,0.7922056505596209,0.0500375289064311,-4.320845646,0.097835966302282,-3.353491266,0.1765444355162034,-2.501896745,2.4830674100252264,1.3121234281635632,0.0121207859844388,-6.366372935,1.3121234281635632,0.1779632167712886,-2.490349014,0.1816118474354356,-2.461069775,0.1694530966992944,-2.561042093,1.7356815338134766,2.517106533050537
SYVRSDQ,0.7073979501975561,-0.499406056,0.1775710060568733,-2.493532058,0.1159583470937613,-3.108321421,0.1886309770484303,-2.40636148,0.0267753994651518,-5.222948091,0.0213710893855842,-5.548195739,-5.222948091,0.1537037797341434,-2.701775452,0.1411447585746632,-2.82475254,0.1510211589191425,-2.727177401,-0.128391057,2.8873722553253174
SYVRSDP,0.6607432704440764,-0.597838269,0.2031788063391783,-2.299178173,0.0806791080358103,-3.631661056,0.0627642303926756,-3.993913595,0.0097831835368885,-6.675480277,1.0731512737974112,0.1018534559403641,0.1018534559403641,0.4879178114258081,-1.035289945,0.2242981008077766,-2.15651069,0.4813467102903593,-1.054851664,1.1702220439910889,2.5401759147644043
SYVRSDD,0.8201222431862173,-0.286089128,0.1599840042433677,-2.644000428,0.0826243682222252,-3.597288855,0.0397850869422407,-4.651628438,0.0056175631754962,-7.475839841,0.010841516703848,-6.527289589,-6.527289589,0.1302767184122524,-2.94034881,0.109434841766411,-3.19185596,0.1429648534789771,-2.806267577,0.9362736940383912,1.1613258123397827
SYVRSAG,1.6982981429064514,0.7640897519032961,0.09324321287709,-3.422857474,0.0882419605312291,-3.502391345,0.1142932195168558,-3.129188277,0.0268440267369675,-5.219255091,0.7333006428728228,-0.447523291,-0.447523291,0.1848193828856067,-2.435812028,0.2024430962566527,-2.30441165,0.1920490902909858,-2.380452965,1.945147156715393,2.1847543716430664
SYVRSVL,0.4619952755845446,-1.114049996,0.1419566684384817,-2.816477473,0.1221799039466689,-3.032921084,0.1284773471950706,-2.960414085,0.0051111271753816,-7.612142796,0.0115967615775327,-6.430134204,-6.430134204,3.083974278313127,1.6247907325989768,8.701434045912418,3.121253184919341,3.1030861411641792,1.633703746401092,-0.692508876,4.247419357299805
SFVKSVS,1.073587038414595,0.1024391588714241,0.2697480901069355,-1.89031535,0.2066206187281232,-2.274943867,0.1169190146739658,-3.096418519,0.0212477988506366,-5.556542796,0.0077484393348724,-7.011878528,-5.556542796,4.185734407274561,2.0654807727823377,3.2450648041712817,1.6982472892330436,4.038693958181869,2.013888826471375,1.0878857374191284,0.658722460269928
SFSRLNS,0.9341720349472582,-0.098239837,0.0237317978195582,-5.397034793,0.0198800955525213,-5.652531499,0.0898064532576324,-3.477037073,0.0652689232114867,-3.937459951,0.0867418294645936,-3.527128318,-3.527128318,0.2542492426130978,-1.975684618,0.3194102357393202,-1.646517549,0.2194664701232591,-2.187927552,0.9334219694137572,1.434533953666687
SFSRLTN,0.9331554910676172,-0.099810598,0.0998091039549861,-3.324684775,0.0882311471376271,-3.502568148,0.1975391684588136,-2.339789353,0.0113718406561205,-6.458390401,0.0247254742736369,-5.337857995,-5.337857995,0.2206387899742061,-2.180241645,0.1759011062096418,-2.507163539,0.2292852995046006,-2.124784235,0.6219324469566345,2.2513587474823
SFSRLQE,0.4667234111806201,-1.099360259,0.35624869381827,-1.48904337,0.0819914846079506,-3.608382106,0.1286694328224357,-2.958258732,29.808689832522766,4.897661061505929,0.0414239624862887,-4.593390626,4.897661061505929,0.5941390656157656,-0.751127444,0.1619180224352798,-2.62666452,0.6253535212827052,-0.677256098,0.5281562209129333,2.515436887741089
SFSRLPN,1.5108230811965992,0.5953347294477203,0.0857030048867919,-3.544510401,0.0723363409204905,-3.789135568,0.135798598243647,-2.880459507,0.0299064321396932,-5.063400384,0.0169172030005136,-5.885365129,-5.063400384,0.0813458732629217,-3.619787031,0.0659755030174177,-3.921925745,0.0874327378969162,-3.515682613,0.5052474737167358,1.9280043840408323
WHRLSEN,1.1911232979211657,0.252322760047114,0.1406958430178329,-2.829348391,0.1432935239869958,-2.802954685,0.0287063373103882,-5.122486923,0.01763646353927,-5.825294889,0.0011995424605684,-9.703300059,-5.825294889,0.697025755313751,-0.52071613,0.1874756008881322,-2.415225247,0.6893456996917464,-0.536700434,-0.211155578,0.332440584897995
FHRLGNN,0.5326846869617515,-0.908646286,1.8918431779980407,0.9197925032114128,0.3770845390430067,-1.407040096,0.0608566340061747,-4.038441649,0.0054405997126845,-7.522018597,1.1318426070792138,0.1786733523627086,0.1786733523627086,2.28743791729971,1.1937325881532832,0.3199294650169839,-1.644174226,2.221622979214665,1.151614004770111,1.4021629095077517,2.5271224975585938
FHRLSQN,0.4131889572890143,-1.275126397,0.4038154150357105,-1.30823211,0.4453133518512688,-1.167107226,0.1180122099312826,-3.082991962,0.0072898971562028,-7.099885823,0.0239857973425079,-5.381675791,-5.381675791,2.004111240594604,1.0029625892716978,0.3421618518500773,-1.547249174,1.9870151896081625,0.990602901217985,1.1238750219345093,2.119892120361328
FHRLGDE,0.9236434298071764,-0.114592085,0.0670005539641432,-3.899683166,0.0207996421896758,-5.587297479,0.0318476311497126,-4.972670122,0.0035764708408627,-8.127247605,0.0034397654909723,-8.183474073,-8.127247605,0.0914873687138217,-3.45028362,0.0515216909506177,-4.278676246,0.0989247278459639,-3.337524999,1.6379742622375488,0.275584876537323
FHRLGDD,1.5807485501243108,0.6606078962606508,0.0806428848698376,-3.63230894,0.0812693098715051,-3.621145547,0.0349536688995197,-4.838412294,0.0014497789096774,-9.429951378,0.0014497789096774,-9.429951378,-9.429951378,0.3511288264179287,-1.509927654,0.1169089295192653,-3.096542968,0.3534580517272941,-1.500389088,1.9279230833053589,1.0422836542129517
FHRLGSN,0.4719898171601533,-1.08317236,0.7685264547640535,-0.379833173,0.3250681661577322,-1.621185815,0.0988083172792879,-3.339223703,0.0182756734602255,-5.773931619,1.143575762720776,0.1935519485049708,0.1935519485049708,1.7773293532561858,0.8297110489983074,0.2747393859795641,-1.863864348,1.8691859344115715,0.9024100861035896,1.1879618167877195,2.35163950920105
FHRLSND,1.0299265431447642,0.0425414445736344,0.2224365821325078,-2.16853402,0.095257627126728,-3.392021578,0.0560482099383752,-4.157187893,0.0039412836377741,-7.987118707,,,-7.987118707,1.0636505399027905,0.0890242343341962,0.1437302513820411,-2.798564352,1.0657139440535195,0.0918202459045976,1.928422451019287,0.9899323582649232
FHRLSEN,1.1116420462567005,0.1526923085417459,0.7741764665870038,-0.369265642,0.0436064621018703,-4.519314244,0.0537446793125268,-4.217734254,0.0076374617651805,-7.032691032,5.38419356538919,2.428730276740075,2.428730276740075,4.030148147894313,2.0108328730718545,0.2615659596591778,-1.934753295,3.987226835980125,1.9953856835480763,1.5667461156845093,0.9583282470703124
