AA_sequence,V_mean_P_mean_enrichment,fitness,huTfR1fc_enrichment,huTfR1fc_log2_enrichment,hufc_enrichment,hufc_log2_enrichment,H68_brain_enrichment,H68_brain_log2_enrichment,H69_brain_enrichment,H69_brain_log2_enrichment,H70_brain_enrichment,H70_brain_log2_enrichment,final_merge_brain_log2_enrichment,huTfR1_fc_enrichment,huTfR1_fc_log2_enrichment,huTfR1_fc_okt9_mean_enrichment,huTfR1_fc_okt9_mean_log2_enrichment,huTfR1_fc_tf_mean_enrichment,huTfR1_fc_tf_mean_log2_enrichment,fitness prediction,hTFR1 enrichment prediction
NWVKSTM,0.7110942195857817,-0.491887366,0.0763725827803423,-3.710801376,0.2172500892372692,-2.202571325,0.0573100844549509,-4.125067167,0.0070191941379514,-7.154478878,0.0114443159738605,-6.449224954,-6.449224954,0.3397988003249474,-1.557247336,0.8781053215605747,-0.187534105,0.3471133221682576,-1.526521358,-0.516980767,1.335518479347229
NWVKSTI,0.4478314773603987,-1.158972158,0.1545259871546964,-2.694078613,0.4080555023576861,-1.293162699,0.0273082435132789,-5.194519668,0.0089973208958012,-6.796288806,0.0102494848950054,-6.608304783,-6.608304783,0.6411497293493076,-0.641266782,1.8334599453785627,0.8745687486048425,0.6310992654243391,-0.664061151,-0.357630134,1.3351715803146362
NWVKSTA,1.0286871783260971,0.0408043283044499,0.067216775779265,-3.895034848,0.172144496012959,-2.538308041,2.035255351034268,1.0252098119656292,0.0199743363162176,-5.645708622,0.0124609051954779,-6.326447316,-5.645708622,0.3519316153711586,-1.506632972,0.7775763580882485,-0.36294374,0.31094072453762,-1.685288513,0.8737282752990723,0.5050732493400574
NWVKSVD,1.3978521103713768,0.4832117348765097,0.0493083882064889,-4.342023095,0.0849800327001824,-3.556732291,0.0691762395717633,-3.853579599,0.0209568899195401,-5.576431558,0.0021158621402295,-8.884538653,-5.576431558,0.1173484766526506,-3.091128981,0.1463132136093675,-2.772868029,0.1179468001035356,-3.083791816,0.0469340682029724,1.5258504152297974
NFVRSQS,1.1507130988341283,0.2025281788358784,0.0553829448631569,-4.174414422,0.0755681797000017,-3.726077318,0.1083832338949755,-3.205786495,0.0286885256182414,-5.123382364,0.0150212112801455,-6.056855036,-5.123382364,0.2270346772870764,-2.139015423,0.246614320562819,-2.019671517,0.2450316575402933,-2.028959941,1.2554616928100586,1.1756302118301392
TYTRNAV,1.5584027205902726,0.6400681011280344,0.0871418273324738,-3.520490823,0.0972594132713838,-3.362018301,0.0939260452445498,-3.412330924,0.0172663453802102,-5.855893438,0.2763246826722018,-1.855563658,-1.855563658,0.1970610586930752,-2.343285382,0.2193044604827447,-2.188992939,0.215718617267957,-2.212777403,1.5711857080459597,0.1300325989723205
TYTRSES,1.6978294017125863,0.7636915038450244,0.0917974819370426,-3.44540161,0.104610849675311,-3.256895607,0.2645309051489392,-1.918491813,11.586288980710922,3.5343466485967467,0.0088161808119055,-6.825630472,3.5343466485967467,1.0042610588848095,0.0061343483740955,1.4204983985835262,0.5063972050882374,1.0711734518115652,0.0991921101602001,0.9739604592323304,3.277565717697144
TYIRSQG,1.962165230997309,0.9724465338626626,0.0488374159098217,-4.355869323,0.0715481416092922,-3.804941895,0.2399003703373944,-2.05949271,0.0189389745461448,-5.722497972,0.0245056641582598,-5.350740942,-5.350740942,0.2591792447905977,-1.947977904,0.2737600502466662,-1.869016165,0.2686233305453415,-1.896343483,1.0929335355758667,0.7274401187896729
TYIRSET,1.1715621708043409,0.2284335151325073,0.1745997008746628,-2.517877008,0.0466110013715293,-4.423185682,0.0783638635985087,-3.673667661,0.0124618384497308,-6.32633927,0.0084319293615564,-6.889921504,-6.32633927,0.7132904143890852,-0.487438509,0.1512728286952698,-2.724775218,0.7734909626263163,-0.370543659,0.6519371867179871,0.9693855047225952
TYIRSES,1.776196067284275,0.8287908438985688,0.0755041999421443,-3.727299293,0.2096725283184503,-2.253790246,0.1674553132752265,-2.578151942,1.1322361358161173,0.1791748737560584,0.0085937378927094,-6.862498509,0.1791748737560584,0.8525760413416377,-0.230099581,0.4729681544915308,-1.080185046,0.8824191598633656,-0.180463979,0.6582050919532776,0.85088711977005
TYVRTNE,1.245935106181763,0.3172289283716768,0.0894579453669316,-3.482646566,0.129417923036556,-2.949890665,2.2286291588210814,1.156156573870038,0.0277213760064903,-5.172857319,0.0150218445215129,-6.056794219,-5.172857319,0.0858341908094642,-3.542303751,0.091917735724154,-3.44351293,0.0819250084292655,-3.609552274,0.8645910024642944,0.3876919448375702
TYVRTMP,0.8698799467909479,-0.201111788,0.0583798714143414,-4.098385157,0.0650716112652583,-3.941827912,3.268107690947368,1.7084555240698525,0.0240108579274451,-5.380169237,0.0103671165881825,-6.591841497,-5.380169237,0.3009586349835086,-1.732362884,0.3958718763919565,-1.336894516,0.3153702317350293,-1.664881606,0.3016317784786224,1.349001407623291
TYVRTSL,0.626709298437677,-0.674131696,0.0814186553466198,-3.618496795,0.1326234261645727,-2.914592464,0.1421415721492754,-2.814599534,0.0043978555374888,-7.82898407,0.0050099084409608,-7.641000047,-7.641000047,0.2563600580295707,-1.963756593,0.3441263972950711,-1.538989532,0.292015646329365,-1.775882423,0.2856953144073486,1.7278449535369873
TWHKSVS,0.7644485279864695,-0.38750873,0.1098257871783367,-3.186711255,0.3875183182549459,-1.367663586,0.0474822727387111,-4.396467199,0.0076301033649554,-7.034081683,0.0076301033649554,-7.034081683,-7.034081683,0.4608192791488609,-1.117727019,1.4052996688702428,0.490877806385131,0.4362050772759424,-1.196921532,0.2966253459453583,1.7533434629440308
TWVKSIE,1.0761282368424088,0.1058500069214921,0.0453803498070183,-4.46178846,0.0966735585617447,-3.370734841,0.0339816149093075,-4.879101774,0.0039643908407699,-7.978685083,0.0095781512181595,-6.706037072,-6.706037072,1.368327936492449,0.4524140311399497,0.6589669361925827,-0.601722015,1.3192214468022672,0.3996867582116716,-0.146742731,2.7537596225738525
TWVKSQP,0.912937718724308,-0.131411653,0.7675059761633937,-0.381750111,2.129097051413993,1.090241714187783,0.1330235232220259,-2.910246708,0.008497744867155,-6.878704255,0.0078453762519818,-6.993941646,-6.878704255,3.821479673056236,1.9341313564931943,11.572284385530327,3.532601777515092,3.971288951308469,1.989607335290415,0.7794780731201172,2.36398983001709
TWVKSQS,0.9173265584939898,-0.124492686,0.6429650969942052,-0.637187671,1.4824048874473352,0.5679395430107423,0.0438959014698977,-4.509769947,0.0075675422282619,-7.045959464,0.0036598572630592,-8.093996901,-7.045959464,3.324532755054072,1.7331515919419096,11.879421938581729,3.5703927301311045,3.440852040386525,1.7827658562742426,0.6369121670722961,2.5430078506469727
TWVKSVE,1.029907646028949,0.042514973729119,0.139234038526441,-2.844416145,0.0773389431239923,-3.69266114,0.0179168376119024,-5.802540171,0.0032035403585956,-8.286117119,,,-8.286117119,2.3254257510467284,1.2174948765183993,0.9430326802152156,-0.084620327,2.2897191568726747,1.195170656910011,0.0642624944448471,2.318141460418701
TFVKSQV,1.2635953083322482,0.3375344855510444,11.994900756898314,3.584349316034929,4.479440547436382,2.1633185604438188,0.1385920090645145,-2.851084018,0.0094992429180365,-6.717971748,0.0087236316772574,-6.840855426,-6.717971748,4.334345183493205,2.1158140529893603,1.4802229883847586,0.5658145272083209,4.09556720345841,2.03406326748286,0.7938876152038574,2.125154495239258
TFVKSQS,0.9341506553437992,-0.098272855,1.013442412368256,0.0192641117439451,0.5604844184598234,-0.835253828,0.2016415359123342,-2.310135246,0.014309860526068,-6.126846579,0.0322134142037814,-4.956194614,-4.956194614,3.9355379088194096,1.9765608365839389,1.5764139311014944,0.6566464040442541,3.9854616452115503,1.994746844587877,1.286124348640442,0.807705283164978
TFVRSST,2.446786189034082,1.2908880378712062,0.0347271165304729,-4.847793564,0.0630830165726708,-3.98660454,1.89339654068866,0.9209765913763952,0.0085365739889813,-6.8721271,0.0081117624623942,-6.945768878,-6.8721271,0.278908357262318,-1.842136931,0.2184493581415247,-2.194629228,0.2724171429556435,-1.876110601,1.1021629571914673,1.0354132652282717
TFVRSSP,0.8934203556753342,-0.16258897,0.0857001797167208,-3.54455796,0.1359085719538346,-2.879291643,0.218758075135356,-2.192591822,7.27384254358123,2.862717696201397,0.0153472231295292,-6.025878547,2.862717696201397,0.219905859704811,-2.185042048,0.1773405879626408,-2.495405331,0.233248721030304,-2.100058924,1.3949527740478516,0.5622468590736389
TFSRLNN,0.7857054248126225,-0.347939574,0.0347701224371107,-4.846008042,0.0801039945129132,-3.641982003,0.2232021519219423,-2.163577158,0.0220647865450825,-5.502110399,25.91011164745794,4.695443327035507,4.695443327035507,0.2059514667460187,-2.279623694,0.2284492011969276,-2.130054697,0.1988150323111087,-2.330501252,1.0357121229171753,2.8737423419952397
TFSRLQQ,0.6599185088324789,-0.599640213,0.1863049608843163,-2.424262004,0.1227501668782386,-3.026203109,5.914243217355502,2.5641935740733155,0.0528386138114915,-4.242263571,0.0333166264817315,-4.907613864,-4.242263571,3.277389750783154,1.7125472499592664,1.809868891186268,0.8558851907414432,3.191762919200604,1.6743534936666886,-0.586118698,3.3484909534454346
TFSRLPN,0.8115257144438293,-0.301291285,0.0725916385935261,-3.784052808,0.1055905484262869,-3.243447392,0.139595315073943,-2.84067757,0.0142397821565195,-6.133929114,0.021914318173489,-5.511982397,-5.511982397,0.089310832091755,-3.485021026,0.0707560935526122,-3.821001791,0.0944163755330241,-3.404819088,0.9273989796638488,2.163958549499512
RVQEDWP,0.3847339271737534,-1.378067038,0.5181906449359729,-0.948445125,0.1277916534704899,-2.968134483,0.0206947085922302,-5.594594256,0.0062949001729845,-7.311600785,0.0062949001729845,-7.311600785,-7.311600785,0.4938621233209774,-1.017819769,0.259356314202982,-1.946992601,0.5008288102677427,-0.997610539,-0.994137228,3.2128918170928955
IHRQSMN,0.7822413770978774,-0.354314245,0.0375061624352559,-4.736728533,0.0340129390157376,-4.877772517,0.0782412620006957,-3.675926549,0.0171045320491031,-5.869477555,1.3428506851244963,0.4252988968678984,0.4252988968678984,0.2048440233282961,-2.287402295,0.1644736536731257,-2.604071592,0.2116385121017064,-2.240325915,1.1268303394317627,0.094660960137844
IHRLQSN,1.487719138816232,0.573102190906667,0.1219421688510105,-3.035730984,0.1414879535568096,-2.821248869,0.0525243092871029,-4.250870905,0.0072010439882418,-7.117578205,0.0065420173354911,-7.256048702,-7.117578205,1.1587209723118292,0.2125331976414662,0.2907569691145589,-1.782114323,1.2453000420755949,0.3164933865203969,1.5473003387451172,1.4437506198883057
IHRLASQ,0.4670800527927394,-1.09825826,0.0431715679672372,-4.533774698,0.093954684787862,-3.41189109,0.13756813089979,-2.861781802,0.0037930834639428,-8.042413167,0.0038525597934169,-8.019966936,-8.019966936,0.1839159687405761,-2.442881346,0.1707936087243606,-2.549674106,0.2085951690731559,-2.261222349,1.1696604490280151,1.273512363433838
IHRLGEQ,0.8915932375683358,-0.165542421,0.0473559470400846,-4.400310577,0.0687766357232163,-3.861937643,0.0547780456482109,-4.190258395,0.0165203697842959,-5.91961021,0.0113227536009638,-6.464631337,-5.91961021,0.1149304318241091,-3.121167243,0.0770859591900361,-3.697388085,0.1086470155871812,-3.202279549,0.9804890751838684,0.1651306748390197
IHRLGDN,0.7040122555995786,-0.506327551,0.0395443267800973,-4.660385456,0.0422954641037194,-4.563353237,0.147123919507165,-2.764896275,0.0208035983512331,-5.5870231,0.0116615980292494,-6.42209069,-5.5870231,0.2846995068388678,-1.812488101,0.0855886199594452,-3.546437204,0.3032803324857274,-1.721276152,1.1853914260864258,0.0309026595205068
IHRLSPN,0.5918574681875761,-0.756678309,2.891378207722273,1.5317573333800207,0.3215088605865133,-1.637069597,0.0831541171632754,-3.588068493,2.2834841934950187,1.1912368032720912,1.9626842457552645,0.9728280924555462,1.1912368032720912,2.004620882897985,1.003329417687779,0.2709441442561083,-1.883932627,2.080696629059544,1.057066631744737,1.8708596229553225,1.426943063735962
IYTRGET,1.1406133611945537,0.1898098377117383,0.0886678015543205,-3.495445884,0.0198901254850732,-5.651803812,0.0690326653806806,-3.856577001,0.0165585876267037,-5.916276567,0.0036933950614422,-8.080836697,-5.916276567,0.1136438731266964,-3.137408189,0.0771297965225562,-3.696567885,0.1264910533756966,-2.982892747,0.5961177945137024,1.508557915687561
IYAKAQV,1.2019568500396467,0.2653851045755352,0.0630244883408738,-3.987943689,0.1438243137417527,-2.797620508,0.208744343930975,-2.260190988,0.018444135383328,-5.760694029,0.0191219320338026,-5.708627893,-5.708627893,0.096039112747694,-3.380234114,0.0817512191256241,-3.612615945,0.0915639787956194,-3.449076035,1.3015426397323608,1.2412080764770508
IYAKSQV,1.8791116800245808,0.9100508120638,17.50985701797278,4.1300953979447375,0.4659518975095974,-1.101747069,0.1407237824195694,-2.829061929,0.0108630405761688,-6.524428218,3.0464592408999773,1.6071334384202671,1.6071334384202671,4.672641075225198,2.224238222120313,2.161653188930746,1.1121350786948818,4.436469038871999,2.149411900279352,1.875756025314331,2.700777769088745
IYAKSPV,1.102404594538545,0.1406538059488922,0.0907338315216646,-3.462215607,0.4836106066611363,-1.048082208,0.0532016196453866,-4.232386023,0.0059962847849499,-7.381715381,0.0089671372066166,-6.801136812,-6.801136812,0.0691451062439286,-3.854229042,0.0945119157497887,-3.403359959,0.0722132948036987,-3.791591721,1.8433640003204343,0.9676954746246338
IYARTQG,0.809146031158859,-0.305527997,0.0407422749999361,-4.617329649,0.0377834904452331,-4.726100205,0.2420000826799431,-2.046920554,0.0255612573853173,-5.289897384,0.0262338012477037,-5.252429322,-5.252429322,0.2496652170490681,-2.001933254,0.232534524704728,-2.104483164,0.2053168623938202,-2.284075976,1.0608326196670532,1.624635934829712
IYARSQI,0.901884299684368,-0.148985729,3.488154991715392,1.802464145852019,0.0308894795082574,-5.016740628,35.70379122509574,5.158005370577007,34.31128841735234,5.100611396196068,1.6428108496683318,0.7161663804981536,5.100611396196068,4.124511119295479,2.044223126,7.118475116158555,2.8315682274319203,4.029355234857218,2.0105490015587257,0.0565499365329742,3.749955892562866
IYARSEK,0.7613472234699267,-0.393373529,0.1068125248335618,-3.226847268,0.0767730546412748,-3.703256139,0.2700355040250669,-1.888778991,0.0109204815783112,-6.516819711,0.0191682322727983,-5.705138894,-5.705138894,0.3245685828344873,-1.623404736,0.3522303675525624,-1.505408798,0.3043539416030035,-1.716178045,0.8270948529243469,0.0763646066188812
IYARSEH,0.9317673319432204,-0.101958345,0.0896689821215359,-3.479247169,0.0466777940474275,-4.421119808,0.0537511750927973,-4.217559895,0.0126095486572252,-6.309339553,0.0081984670993479,-6.930430096,-6.309339553,0.1800225195257988,-2.473750706,0.6619239163334977,-0.595262696,0.173228749321614,-2.529249713,0.903685748577118,1.0886859893798828
IWVKSTP,1.5754532799009298,0.6557669718390164,0.189786901626962,-2.397547668,0.9473561640506452,-0.078021178,0.0970863969473649,-3.36458702,0.0235993794690694,-5.405107264,0.0124482827853713,-6.327909451,-5.405107264,2.743233133672037,1.4558772348366265,3.319030735886268,1.7307619895564297,2.665045236515493,1.414160021518291,0.3154664933681488,1.214643120765686
IWVKSQN,1.039223903692572,0.0555065204077829,4.9170547739303005,2.2977944262664143,1.442365276692038,0.5284365710542823,0.0224031805432256,-5.480152626,0.0118451421490368,-6.399560678,0.0036981848027458,-8.078966965,-6.399560678,3.035103520895355,1.601745724565089,5.33191070154896,2.414652618478032,3.0260709938237205,1.5974458346253553,0.3558681309223175,2.301534652709961
IWVKSQT,0.7654887648197417,-0.385546892,17.06727891983572,4.093161159006758,14.279771987650252,3.835901038196076,0.0581189574781544,-4.104847365,0.8780076037870946,-0.187694661,,,-0.187694661,3.548663773618478,1.827275889385571,9.662940950425984,3.272462345257687,3.70680818716356,1.8901774632586144,0.1204506456851959,2.1562840938568115
IWVKSQQ,0.3933136181499597,-1.346247956,15.006183289944794,3.9074851798500254,9.319920100300386,3.220317586704179,0.060929661158366,-4.036711473,0.006949655959791,-7.168842725,0.006949655959791,-7.168842725,-7.168842725,3.7106217179527614,1.891660931929839,9.151446481003669,3.1939997943299483,3.788930661578408,1.9217907383918065,-0.241755873,2.2476210594177246
IWVKSQP,0.7999369057413247,-0.322041882,3.770293549601335,1.9146768540156969,7.591694211423974,2.9244218826979465,0.2239038134462618,-2.159048995,0.0227386359907465,-5.458710475,0.020064699975594,-5.639196606,-5.458710475,3.803620619864633,1.9273733563102424,6.035460465808858,2.5934638432913144,3.739142300455452,1.9027073768539773,0.2771872580051422,2.2373950481414795
IWVKSQA,0.5185850400093471,-0.947347507,6.281038762923424,2.651003172841449,12.149539270808225,3.60282970054368,0.1147058408590847,-3.123989239,0.005508845688433,-7.504034233,0.005508845688433,-7.504034233,-7.504034233,2.8268581333536926,1.4991994829417354,4.806587648216983,2.265013041589072,2.827296049466248,1.4994229573588609,0.4501374065876007,1.6127052307128906
IWVKSEP,0.5045165778072087,-0.98702642,3.7403748351104222,1.903182854513381,4.881499082026592,2.287324259692282,0.0472089642203757,-4.40479536,0.025990393389426,-5.265877719,0.0175856204542144,-5.829459953,-5.265877719,2.0367252121483106,1.0262513500570931,0.4020243760782794,-1.314645115,1.973268270831884,0.9805871074494708,-0.630257905,3.38114333152771
IWVKSEA,0.7967839972644866,-0.327739423,1.0165034468454388,0.0236151072027046,2.5578934386720427,1.3549561630852085,0.0506593285846417,-4.303028233,0.0252922172052639,-5.305162675,,,-5.305162675,0.6588298313382097,-0.602022214,0.3532065231749476,-1.501416107,0.6246485006252608,-0.678883504,0.2965437471866607,2.112363815307617
MHRLANN,0.8853393340935458,-0.175697576,0.0847045179943577,-3.561417267,0.1219030002529542,-3.036194461,0.0446101211935878,-4.486485122,0.0030388399311212,-8.362263601,0.0030389855779697,-8.362194456,-8.362194456,1.6602993715313918,0.7314433999353862,0.2641214529540306,-1.920726607,1.691666761794679,0.7584454027041697,2.3372671604156494,1.161508321762085
MHRLGPN,0.359769514212893,-1.474855153,5.9163181790049,2.5646996425196087,0.6603133456803334,-0.59877729,0.0566014452777511,-4.143017298,1.863006955727128,0.8976330607391854,29.71515680785368,4.8931270890048895,4.8931270890048895,2.490100266220841,1.3162038349307985,0.3688179989694833,-1.439019031,2.501020555973997,1.322516915127789,2.0757198333740234,1.083233118057251
MHRLSGN,0.909481876716916,-0.136883205,0.0423831043531928,-4.560366928,0.1319342221818838,-2.922109264,0.0935767858851655,-3.417705513,0.0098452139446433,-6.666361727,0.0090243041429657,-6.791968593,-6.666361727,0.6758508106344057,-0.565223278,0.1994614663736381,-2.325818033,0.6970851657247096,-0.520593168,1.7964853048324585,0.3515266180038452
MYAKSIV,0.8602886962809585,-0.217107213,0.0488181957423498,-4.356437214,0.0895461779043891,-3.481224335,0.1452881788646529,-2.78301077,0.7869640517606992,-0.345630359,0.0164993654057836,-5.921445653,-0.345630359,0.1303188434508657,-2.939882389,0.2458125323374902,-2.024369624,0.1356607800626285,-2.881924401,0.71539306640625,1.8767415285110476
MYAKSVV,0.7550761033057715,-0.405306035,0.068913437812767,-3.85907086,0.1262588905385791,-2.985543116,0.1067693440895239,-3.227430619,0.0167368778954551,-5.900825758,0.010060277724246,-6.635186057,-5.900825758,0.1812419928676691,-2.464010836,0.1901586603117834,-2.39472445,0.1737526521131941,-2.524893096,1.1662346124649048,1.0668656826019287
MYARSEK,0.6893132135277539,-0.536768424,0.0859045145632511,-3.541122238,0.1173673788155005,-3.090896615,0.1120208221920549,-3.158161173,0.0215308929783499,-5.537448034,0.0072662489606121,-7.104573488,-5.537448034,0.154435660052069,-2.694922178,0.2313106255261802,-2.112096555,0.1692058814442275,-2.563148379,1.0978409051895142,0.6737070679664612
MYARSEI,0.5747029516409538,-0.799111636,0.1854950233747979,-2.430547613,0.0533299033072691,-4.228911478,0.0314952551180951,-4.988721692,0.0032075453592494,-8.284314617,0.0032075453592494,-8.284314617,-8.284314617,0.1010109667752177,-3.30741616,0.0943043724059357,-3.406531527,0.089170931994592,-3.487282694,0.4080035388469696,2.43129301071167
MYARSAP,1.3417082916749186,0.4240710412102819,0.1112942358445329,-3.16754922,0.1288996609436883,-2.955679626,3.1623138508599045,1.6609805582748074,0.0201106819098345,-5.635894189,0.0148905853231027,-6.069455725,-5.635894189,0.1540238920882218,-2.698773937,0.1780868743181997,-2.489346907,0.1635456452162827,-2.61223475,2.0346519947052,0.8412300944328308
MYVRAEQ,0.8726944923795996,-0.196451403,0.0295109132535477,-5.082607622,0.0402928603791869,-4.633331964,2.358662254786532,1.2379688487472047,0.0269661119882713,-5.212708663,4.900138739507424,2.292822597384116,2.292822597384116,0.1181903647139306,-3.080815668,0.2609904240903157,-1.937931221,0.1193759992921868,-3.066415285,0.1693541705608368,0.0573102161288261
MWVKSQP,0.7861716954874881,-0.347083671,0.4332117092429653,-1.206855857,1.101692157247651,0.1397211519885069,0.1294742171949478,-2.949263259,0.0109496830504056,-6.51296708,0.0094516419865881,-6.725219301,-6.51296708,4.248763364762056,2.087042994865356,8.54833920960792,3.095644157215025,4.270503455279743,2.0944061610915665,0.0140195675194263,1.1589454412460327
QMVKSQL,1.0581987362168352,0.0816105998803871,0.5784533115851699,-0.789727574,2.9696737000744413,1.5703044202024874,0.1805691566312772,-2.469376611,0.0032269462208958,-8.27561475,0.0173057944160302,-5.85260102,-5.85260102,0.6758913999372269,-0.565136637,0.3118160962299081,-1.681232692,0.6652270668137854,-0.588081225,1.867958068847656,0.054039541631937
QLLKSQV,1.0424199261235112,0.0599365667669734,0.0587011131781609,-4.090468328,0.1906201561669355,-2.391227417,45.46660686872184,5.506735435976024,0.0193437256111732,-5.691990504,0.0193437256111732,-5.691990504,-5.691990504,0.4367971519472203,-1.194964645,0.1428884395762246,-2.807038895,0.4409187268602159,-1.181415342,1.7289748191833496,0.8755229711532593
QLVKSQL,1.6103263408048103,0.6873530874401856,0.4392814471243939,-1.186782526,0.8647961613285176,-0.209567976,0.295711438016505,-1.757738047,0.022511415035431,-5.473199444,0.0336717881365244,-4.892315852,-4.892315852,1.0927253966261792,0.1279308953370385,0.184822437455754,-2.435788184,1.0787188492927846,0.1093188985748397,1.7462260723114014,1.6780462265014648
QLVKSQV,1.0687882116443936,0.0959760005967924,0.2654026544652975,-1.913745295,0.4216471067369204,-1.24589204,0.3943402228553393,-1.342487221,0.0278883587723478,-5.164193155,0.0288991720608372,-5.112828029,-5.112828029,1.153013477154338,0.2054093762248058,0.2248326175870338,-2.153076745,1.2111916672217615,0.2764271849911082,1.829096436500549,1.4219110012054443
QVIKSQV,1.3482571124781393,0.4310956445363088,0.5257068805360746,-0.927669478,3.035478797752364,1.6019240962707466,0.112515356248379,-3.151806179,0.0320829944329096,-4.962047389,0.0110245244447692,-6.503139765,-4.962047389,0.3784682339248547,-1.40175588,0.2610020591737739,-1.937866906,0.3384937472009558,-1.562798911,1.400336503982544,0.3576472699642181
QVLKSQI,1.3839751475520097,0.4688180363088913,0.1218462718550941,-3.036865985,0.7507281539415848,-0.413637507,0.0942846306612284,-3.406833573,0.023221401441322,-5.428401146,0.0114127685372736,-6.453207383,-5.428401146,0.2926922665524009,-1.772543467,0.1672222035660475,-2.580161675,0.3067097797930185,-1.705053926,1.5984206199645996,1.6738516092300415
QVLKSQL,1.3409000092952723,0.423201659708987,0.3115909277308949,-1.682274866,0.6395861689745871,-0.644789354,0.1153624924586487,-3.115753855,0.0287613258601062,-5.119726006,0.0145819993737716,-6.099667645,-5.119726006,0.5880855891479078,-0.765901957,0.2391664751093208,-2.063912919,0.6057692484874261,-0.723159752,1.3781700134277344,1.7522687911987305
QVVKSQI,1.5732080878948895,0.6537095083371778,1.5155163316069211,0.5998093990713427,4.792830514370162,2.260877923808128,17.816251132937168,4.155121894098398,0.0231289042918567,-5.434159268,0.010631103461168,-6.55556484,-5.434159268,1.189160802703809,0.2499438148122637,0.3403272321537879,-1.555005498,1.1768912895844932,0.2349810636043472,1.7385088205337524,0.6411893367767334
QVVKSQL,0.7869982980351807,-0.345567579,3.913615507103575,1.9685020254479657,5.184439172796228,2.374187933804851,0.197445749603019,-2.340471784,0.0381079777129178,-4.71376314,0.0133365471506909,-6.228470991,-4.71376314,2.111057306870209,1.077965742690413,0.4384564162760655,-1.189494653,2.01339188198052,1.0096280024458149,1.5961716175079346,1.0560868978500366
QVVKSQV,1.7485648182526996,0.806171276869757,2.213276568891745,1.1461837401754966,5.344782763585943,2.4181313114132497,0.2332681339002512,-2.099938857,0.0181461722217991,-5.784190934,5.975252003379404,2.578999559345952,2.578999559345952,1.8121502152836184,0.8577025502309356,0.4581564405777958,-1.126087795,1.701344832155974,0.7666755791094898,1.719578981399536,0.3003005683422088
QYMKSVP,0.7928712844650716,-0.334841419,0.0467438086732918,-4.4190809,0.0362641125796797,-4.785313645,0.0482921808564928,-4.372066573,0.0154282035022564,-6.018286109,0.0030208825526426,-8.370814189,-6.018286109,1.1993578746563918,0.2622622066710472,1.267771598857946,0.3422948536195409,1.172262562346709,0.2292957395306372,1.8276158571243288,0.1157156676054
QYLKSLA,0.6201191224919647,-0.689382717,0.0407160307525067,-4.618259264,0.0995098271795387,-3.329017182,0.0565351941764572,-4.144706939,0.0152901366249892,-6.031254892,0.0087551593568735,-6.835650847,-6.031254892,1.1458471279398217,0.1964145812025523,0.3893202913956518,-1.360970555,1.3130635819213463,0.3929367769327767,0.8688817024230957,1.303792119026184
QYLRSTG,0.8116905531184542,-0.300998272,0.0460162617204056,-4.441712403,0.0585942560438109,-4.093096945,0.1269295982943118,-2.977899569,0.0110775419608368,-6.496218398,0.0162318547789263,-5.945028327,-5.945028327,0.1701335398951922,-2.555260515,0.2411652834295716,-2.051905854,0.1931147300799135,-2.372469883,0.5627454519271851,0.3928245604038238
QYVRSRE,0.4477717566955864,-1.159164562,0.1333929757966646,-2.906245396,0.2868240967066299,-1.801761862,0.0693405333916062,-3.850157255,0.0166765386757051,-5.906036311,0.0254303535068614,-5.297304673,-5.297304673,0.2776180005927695,-1.84882698,0.3594850335500405,-1.475996387,0.256080808422648,-1.965328958,0.9463176727294922,0.3486166894435882
QYVRSER,0.4786295147249202,-1.063018731,1.6958511328234047,0.7620095311253211,0.5614121727235705,-0.83286775,0.1255835181367298,-2.993280961,0.0065519507442199,-7.253859773,,,-7.253859773,1.3534615663842613,0.4366539205975109,1.6875838304153203,0.754959169553412,1.5103337651122049,0.5948674025723094,0.7512205839157104,1.2852585315704346
QWTKSIA,0.8700687889329602,-0.200798628,0.0356615760250041,-4.809485727,0.1371292299901176,-2.866391971,0.1031454796467354,-3.277247498,0.0027593286774871,-8.501466971,0.008914565777273,-6.809619758,-6.809619758,1.5868560304093378,0.6661712437141657,4.875949565169695,2.28568320338719,1.639077077883777,0.712883699017024,0.4883652627468109,1.1994222402572632
QWTKSVI,0.8191099179910641,-0.287871032,0.2072943340567478,-2.270247411,1.0608226367897216,0.0851834664189336,0.1386127302047849,-2.850868334,0.0160917308958798,-5.957536673,0.0037140937212581,-8.072774064,-5.957536673,3.5017149056389845,1.8080616306122288,8.528619507358666,3.092312237315263,3.1906321688357795,1.673842297497106,0.1702663302421569,1.4515451192855835
QWTKSVM,0.8325110492284497,-0.264458675,0.1565198719497151,-2.67558226,0.398147749217545,-1.328624193,0.0853079365240282,-3.551176223,0.0071878644731782,-7.120221077,0.005135665691795,-7.605232992,-7.120221077,2.874944498959452,1.5235341049791526,8.17160156033013,3.0306188613215563,2.84544437305682,1.5086539758158233,-0.047228705,1.7951544523239136
QWTKSVP,1.464658349075991,0.5505641761991874,0.1868927769416837,-2.419717282,0.5855585900187171,-0.772114563,9.62854116322684,3.2673172294280164,0.5533774721481617,-0.853664181,0.0291274793681578,-5.101475331,-0.853664181,4.377491655935152,2.1301044286982505,14.02343372791384,3.809767740647877,4.440435699651533,2.150701242090486,1.2982434034347534,2.987800121307373
QWLKSQA,0.5409565316866525,-0.886415423,0.5540966984063236,-0.851790324,0.3131105539167739,-1.675255957,0.0350948263267497,-4.832597825,0.0057038098598746,-7.453858395,0.0054857900975732,-7.510084863,-7.453858395,2.072509829282064,1.051378943999849,5.040535557284319,2.3335770283263635,2.2720703438785463,1.1840075017412404,0.321562647819519,1.5105057954788208
QWAKSQL,1.1056241823843511,0.1448610760345776,0.1244157949684402,-3.006758443,0.66072192940534,-0.597884866,0.1129021151666649,-3.14685558,0.0239193932982534,-5.385675393,0.0069324100791669,-7.172427287,-5.385675393,0.7467153458285529,-0.421369715,2.314870756130696,1.210931647181228,0.6929556898907735,-0.529164991,0.5979146361351013,0.8359476923942566
QWVKSNN,0.902559853001507,-0.147905488,0.0450364511524601,-4.472763041,0.0851244118609704,-3.554283264,0.0505218021375842,-4.306950088,0.0062297047044382,-7.326620505,0.459583850416205,-1.121599992,-1.121599992,1.5613687871697366,0.6428113346140671,4.409204509510582,2.140518394171665,1.679036445424524,0.7476335459762945,1.020218014717102,1.8841925859451292
QWVKSNT,1.0417275480273482,0.0589780064972317,0.0752096291707423,-3.732938806,0.1362487049424588,-2.875685578,0.0918904896956449,-3.443940634,0.0233163319969812,-5.422515341,0.0104213554893991,-6.584313251,-5.422515341,2.8797579390686536,1.5259475495905537,7.079775128301973,2.8237035373653705,3.1974555228926813,1.676924291132418,0.9949951767921448,2.817117214202881
QWVKSNP,0.8874891123946901,-0.172198674,3.4752569090350223,1.797119633286672,2.5229220398680634,1.3350956266735243,24.12700391920888,4.592576868324693,0.0126648515953734,-6.303026018,3.5601211765413114,1.831926347320882,1.831926347320882,4.353036302576309,2.122022051673809,14.027558185690047,3.810191991942897,4.537211889169964,2.181806035557441,1.1925510168075562,2.6902551651000977
QWVKSTT,0.8367120625804815,-0.257196861,0.0964855180371398,-3.373543772,0.2659577007502551,-1.910731284,0.0273191528441167,-5.193943443,0.0036070078431152,-8.114981725,0.0036070078431152,-8.114981725,-8.114981725,3.0256447002543347,1.5972425826384402,7.576370147675806,2.9215068161773896,3.311786686077807,1.7276097510834465,0.3050522208213806,2.2567641735076904
QWVKSTI,0.6745537747379124,-0.567994637,0.1325588755641967,-2.915294825,0.2190456488131986,-2.190696538,0.0473464469572813,-4.400600025,0.0038076153301526,-8.036896549,0.004989893359143,-7.646775301,-7.646775301,2.672658192930341,1.4182753426704628,4.865058795523366,2.2824572404632057,2.8016570846689177,1.4862803845614856,-0.885025918,2.138367176055908
QWVKSTP,1.3958546566986916,0.4811487288137394,0.2819877383281293,-1.826295664,0.373056884788635,-1.422532461,0.2120784901500276,-2.237329791,0.0220117592261663,-5.505581737,0.0197409844812317,-5.662662251,-5.505581737,4.678332216627019,2.225994313648952,13.302992328745828,3.733678891912957,4.760858541170703,2.251221762903195,0.6157442331314087,2.5368077754974365
QWVKSTV,0.74869087547663,-0.417557923,0.1492633230968082,-2.744068384,0.2717390403061414,-1.879706245,0.044991899869658,-4.474190901,0.00660151076761,-7.242988059,0.009854839340797,-6.664951933,-6.664951933,2.877824998976994,1.524978864217074,6.483420347806435,2.696755112026478,2.999019893405277,1.5844910920705917,-0.452055126,2.0279901027679443
QWVKSTS,0.9978894984433064,-0.003048028,0.0903138836038842,-3.468908405,0.0724320775302656,-3.787227434,0.0701381695664874,-3.833656409,0.013978372114931,-6.160659832,0.0120197809316155,-6.378445588,-6.160659832,3.063173279176782,1.6150269803675417,8.330520387800764,3.058406620134627,3.2200621151474857,1.6870885182625366,0.607789158821106,2.470058917999268
QWVKSIT,0.6187166457946612,-0.692649247,0.5414260282350322,-0.88516385,0.5623682996836763,-0.830412822,0.0691199768554248,-3.854753455,0.0104151790226793,-6.585168552,0.0104151790226793,-6.585168552,-6.585168552,3.4270784178214,1.7769792037356098,12.46376986213794,3.639668594935399,3.6701342031479967,1.8758328180211223,-0.592377961,3.314583778381348
QWVKSIQ,0.7057141626589212,-0.502844132,0.196573913234896,-2.346856216,0.2005374088180229,-2.318056709,0.0680105284395307,-3.878098088,0.0062610328145318,-7.319383622,0.0142975525208598,-6.128087985,-6.128087985,3.001344986871388,1.5856091577375897,9.43362655859329,3.2378124911866584,3.040551333351886,1.604332946620865,-0.47760877,3.216236352920532
QWVKSIG,0.6473817465038982,-0.627311407,0.0589699297899146,-4.083876713,0.1068238239337099,-3.226694661,0.0973396912027474,-3.360827992,0.0132142891732696,-6.241757369,0.0109004806011702,-6.519464445,-6.241757369,1.898025084302437,0.924499059144898,2.5160850364145526,1.33118068197094,2.054439387320878,1.038744766912706,-0.176278606,2.126344919204712
QWVKSMT,0.9832922616827808,-0.024307806,0.1037252799596241,-3.269160544,0.1406485340005625,-2.82983358,3.8252927904066953,1.935570176851481,0.0104417891767613,-6.581487254,0.0048751322137645,-7.680342939,-6.581487254,3.6740312564650814,1.8773639000898057,13.565580727732206,3.761878904032108,3.743418405125038,1.9043563085273585,-0.717284143,2.574533462524414
QWVKSQN,1.169086940223222,0.2253822211997556,0.56459369863015,-0.824715068,0.433573560788849,-1.205651311,0.1238526913625347,-3.013302876,0.0055642209793447,-7.489604568,0.0015846494623438,-9.301620545,-7.489604568,3.46301201292899,1.7920273921447345,11.247266902453983,3.491502562523733,3.67992493259628,1.8796763368052007,0.8823938369750977,2.473468542098999
QWVKSQM,0.5782662440102626,-0.790194207,8.977947501985952,3.1663856602046763,7.316077515687216,2.871070360885576,9.578829619874517,3.2598493924173257,0.0108892676821908,-6.520949256,0.0120495694134618,-6.374874597,-6.374874597,3.701934854926897,1.888279507498912,13.239170243498291,3.726740799879724,3.892499094202285,1.960696703584332,-0.218592852,2.510188102722168
QWVKSQQ,0.7115449438073059,-0.490973209,10.090474657414244,3.3349221355151,7.988552232977929,2.9979340669131767,0.1455163221187084,-2.78074711,0.015735837935053,-5.989802185,0.0035888013326668,-8.122282223,-5.989802185,3.954821457231056,1.983612564841779,13.082551109893908,3.70957199005986,3.990620366076519,1.9966130395533888,0.1553878784179687,2.563866376876831
QWVKSQD,1.5331857038203327,0.6165324509136902,0.4236099494969224,-1.23919162,0.1508785288750069,-2.728540581,0.0398245817493064,-4.65019698,0.002065603386026,-8.919221014,0.0035296124728682,-8.14627449,-8.14627449,5.368748992823318,2.4245859556017058,4.171593430884744,2.0605985577069923,5.334933214873913,2.4154702108485213,0.8531118631362915,1.120999097824097
QWVKSHE,0.7972341682507614,-0.326924552,0.3096148954076447,-1.691453214,0.6075839211643015,-0.718844403,0.1109039079570151,-3.172617892,0.0211180729779879,-5.565377995,0.0107918015867149,-6.533920461,-5.565377995,1.7081565321708398,0.7724401868079727,1.357172655408455,0.440604267740339,1.6773270002986889,0.7461639743647321,0.65967857837677,0.3098418712615967
QWVKSPP,1.4911436547681602,0.5764192516107655,0.1975123546383891,-2.339985196,0.4729085167402803,-1.080366971,0.1462920636788385,-2.773076589,0.0190772075913725,-5.712006176,0.0144567490503373,-6.112113026,-5.712006176,0.2272846394068027,-2.137427909,0.959131190251528,-0.060199934,0.2025217129288909,-2.303851503,0.6154624819755554,2.4571003913879395
QWVKSLT,0.653182122122568,-0.614442791,0.1048719570564137,-3.253299145,0.2116274180688245,-2.240401542,0.0886382012906665,-3.495927584,0.0068631400378093,-7.186915492,0.0068631400378093,-7.186915492,-7.186915492,3.627405501191263,1.85893803062874,11.176518356903014,3.482398933201855,3.682494546504156,1.8806833887404903,-0.389042169,3.78631854057312
QWVKSLG,0.6555610881828314,-0.609197871,0.1113719499225415,-3.166542173,0.0826671805959032,-3.596541506,0.0427122504256342,-4.549206277,0.0041716260123855,-7.905174459,0.0052874947454684,-7.56319996,-7.56319996,0.934005392398041,-0.098497216,1.361346733707895,0.4450345666885659,0.961498434064825,-0.056643587,-0.480241537,2.2896573543548584
QWVKSEG,0.8855818037378383,-0.175302516,0.226319320557475,-2.143568344,0.1177377407329208,-3.086351246,0.1664589492111897,-2.58676166,0.0075128698897864,-7.056420167,0.0028078014811887,-8.476343348,-7.056420167,1.828263874493548,0.8704743105214153,0.6151466449483048,-0.700997719,1.8231191745273747,0.8664088712399317,0.9445012211799622,0.969894289970398
QWVKSAT,1.06864276789979,0.0957796611861635,0.5339146147299403,-0.905319055,0.1218514522806436,-3.036804649,0.0523331251629849,-4.256131775,0.0023508773374041,-8.73258502,0.0053339631444143,-7.550576428,-7.550576428,3.629293562532419,1.859688756756784,10.53340602790488,3.3969001091257973,3.7923107057661154,1.9230771697489968,0.6848524808883667,1.2652881145477295
QWVKSAQ,0.8173156395121695,-0.291034754,0.2286355266213088,-2.1288785,0.150337158838948,-2.733726451,0.0782462621488203,-3.675834354,0.0082488278558135,-6.921595155,0.0079530005377644,-6.974285016,-6.921595155,2.659217560801278,1.4110018144461,6.5497615263627855,2.711442379780322,2.7735374142704994,1.4717271871609163,-0.027785251,1.8423264026641848
QWVKSAE,0.9342346623741438,-0.098143121,0.0639368852245664,-3.967207727,0.0428047239849682,-4.546086167,18.43584669771824,4.204441771072196,38.99115182193498,5.285074868326403,0.0238212820543179,-5.391605129,5.285074868326403,3.2523000742857096,1.7014603741754684,1.1380579139857956,0.1865739760049065,3.130859416548625,1.6465587293000887,0.7019115686416626,0.519646167755127
QWVKSAS,1.5470669969387292,0.6295356751698473,0.0612604231955226,-4.028900856,0.1098441683623376,-3.186469816,13.676821885167891,3.773661121661918,0.0072862639884035,-7.100605018,0.0131474826424628,-6.249069598,-6.249069598,3.3357295659532804,1.7380023314465674,10.754360058620446,3.426849774206864,3.4472342694387943,1.7854393456657298,0.7062883377075195,1.6985033750534058
QWVKSVN,0.8176474392407326,-0.290449192,0.0886420075123374,-3.495865635,0.066695915835027,-3.90625777,0.0740424850044818,-3.755502874,0.0109390053170444,-6.51437463,0.0066789657001849,-7.226159579,-6.51437463,2.9323036097826094,1.5520344873908645,6.890723154867709,2.784655396165385,3.0525442023618186,1.6100121863073469,0.4134919643402099,2.790846347808838
QWVKSVQ,0.5142620763612891,-0.959424327,0.4704042791513003,-1.088026911,0.1688395644968826,-2.566275082,0.2059348173292453,-2.279740328,0.0096093277354136,-6.70134878,0.0096093277354136,-6.70134878,-6.70134878,3.22308418999293,1.6884418734421207,9.991836169749725,3.3207498221192777,3.30834471619374,1.7261095653534846,-0.257714212,2.971928834915161
QWVKSVP,0.7160787916767992,-0.481809756,3.278760270205178,1.713150421514544,0.9853443700782424,-0.021300072,0.0632369156365625,-3.983089187,0.003200676433327,-8.287407447,0.022194141730604,-5.49367727,-5.49367727,5.00138805222084,2.3223285465162564,20.703881103846644,4.371829332391116,5.206370052008413,2.3802778575015338,0.1859338581562042,3.143005132675171
QWVKSVE,0.8513250773705221,-0.232217967,0.2520181899989805,-1.988400228,0.3695233160957384,-1.436262697,0.0490791401321302,-4.348746217,0.0066782143377831,-7.226321887,0.0087884850755821,-6.830169784,-6.830169784,5.63879914930018,2.495387955920041,6.327914070944368,2.661730009060999,5.418163791883527,2.43780400708115,-0.011726853,2.73971962928772
QWVKSVA,1.1540365734698663,0.2066889462775871,0.1353529695679688,-2.885201555,0.0998915408740567,-3.323493678,0.0656031442777774,-3.930091227,0.0121473643511664,-6.363212868,0.0104375344531482,-6.58207523,-6.363212868,3.5617581364106274,1.8325895525855065,11.890542956131537,3.5717426890486266,3.8203943948036057,1.933721581207793,0.1136458590626716,1.2490322589874268
QWVKSVS,0.8553218074992884,-0.225460771,0.135593871013382,-2.882636126,0.0855418781162227,-3.547225307,0.0881617634517365,-3.503703108,0.0143803281982701,-6.119759587,0.0101554917282322,-6.621596093,-6.119759587,3.597760113940925,1.847098995937552,13.54816648881556,3.760025715730265,3.61546554176191,1.8541814263045235,0.1606928706169128,3.0570828914642334
QWVKSST,0.9023944388156888,-0.148169918,0.4892193139131929,-1.031446734,0.4519967791837446,-1.145615602,0.0661993415767072,-3.917039322,0.0115962972245199,-6.430191973,0.0094977216092819,-6.718202815,-6.430191973,3.038564147864821,1.603389749289448,8.150624322521681,3.026910571307989,3.2797632658876155,1.713591684521501,0.2446701675653457,1.8003947734832764
QWVKSSP,0.7304926460771602,-0.453058346,0.7340436095388642,-0.446062319,0.5607745597548142,-0.834507194,0.1454784098760362,-2.781123033,0.0273772788906351,-5.19087713,0.0194366368740761,-5.685077579,-5.19087713,4.6603861949611805,2.220449512491005,15.619011734500353,3.965231267263485,4.931596358424057,2.302054722788072,0.8891507983207703,2.495363235473633
QWVKSSV,0.9511533337332424,-0.072250161,0.5795148873605578,-0.787082371,0.5163653891766884,-0.953535792,0.0387577341307572,-4.68937196,0.006882607921546,-7.182828958,0.0105945097143422,-6.560539365,-6.560539365,3.07861646099006,1.6222821452997298,7.970974671583002,2.994756144276629,3.163381155682852,1.6614673966026754,-0.289613187,2.3947548866271973
QWVRSEE,0.7194234873004057,-0.475086834,0.2141884074864941,-2.223047696,0.1397338765215217,-2.839246271,0.0295897869686982,-5.07875688,0.0102392719044764,-6.609743058,0.0102392719044764,-6.609743058,-6.609743058,2.633114556995572,1.3967702890308429,2.004798527843627,1.003457260378218,2.6806863811345374,1.4226024454123096,-0.673447251,0.5978556275367737
QFVKSQI,1.3448019271680054,0.4273936971419025,15.540961359394156,3.9580038460931823,10.70919954698243,3.4207787455865835,0.1213579850692912,-3.042659057,0.0307501197361435,-5.023264162,0.0027722800263254,-8.494711294,-5.023264162,4.682455456487232,2.227265270387032,2.293721189109097,1.1976900367174963,4.495576041476485,2.1685059875830337,0.786409318447113,2.0535457134246826
QFVKSQP,1.4791261686091897,0.5647451187408021,10.103137203809329,3.3367314399039447,1.196796714884674,0.2591781202562233,6.896916607636831,2.785951522892062,0.017086168916601,-5.871027239,10.3941031427759,3.3776933752298857,3.3776933752298857,5.027841476482816,2.329939163541746,5.944490147180296,2.571553076803921,5.085651380997114,2.3464325693530776,1.9191527366638184,1.079445242881775
QFVKSQV,1.8551558336467509,0.8915403787526095,17.744944101803085,4.149336124672047,11.93581095658941,3.577224685882128,0.2281669787075448,-2.131838081,0.0248731137193542,-5.329269068,0.0061454838723481,-7.346257677,-5.329269068,4.48686355077047,2.1657073111325995,3.1911556110893184,1.67407896081814,4.443759045809552,2.151780591515468,1.1435586214065552,1.991289019584656
QFVKSQS,1.374994848093102,0.4594262130776919,6.402634721842848,2.67866570479107,1.9698904964342667,0.978115434431846,9.617568671543498,3.265672225716749,0.0359276783102397,-4.79876048,0.0281461352147632,-5.150919352,-4.79876048,4.518561214909773,2.175863467650929,7.477059155352517,2.902470947085096,4.507537409526851,2.172339465105184,1.6991291046142578,1.385202407836914
QFVKSLT,1.716469888610988,0.7794445488578617,0.1711607890589263,-2.54657586,0.1307378969363164,-2.9352507,7.98806815713647,2.997846642439283,1.6608039962566337,0.7318818202515258,11.33074572194184,3.5021709087327824,3.5021709087327824,4.1026753392722615,2.036564992652574,2.680227160091667,1.4223552801044768,4.025670660121514,2.009229150290948,0.8137401938438416,1.4167380332946775
HFVKSEL,0.4227479376710993,-1.242130378,0.1044320306257953,-3.259363822,0.3045344165640281,-1.715322813,0.0399997975992315,-4.64386349,0.0066700327302693,-7.228090444,0.0066700327302693,-7.228090444,-7.228090444,0.0811046818729671,-3.624070991,0.0623244875656082,-4.004057074,0.0821943768674409,-3.604816491,-0.005790911,0.9862321615219116
PWVKSQT,1.063960577072734,0.0894446956555026,1.6474460496541778,0.7202312208200918,3.286102352120607,1.716377416562234,4.225019954339199,2.078958155112745,0.0029587975806778,-8.400773283,0.0058508940205784,-7.417127198,-7.417127198,2.605025071195276,1.381297257308021,4.811304161776692,2.2664280068231912,2.6785469169405127,1.4214505662627466,0.1683546751737594,2.8949031829833984
PWVKSQI,1.7294853829473995,0.7903428205692318,2.890739187675117,1.5314384498313929,8.809644101348809,3.139083737239852,0.0787564715865537,-3.666457712,0.0020484305343792,-8.931265315,0.0011667560857135,-9.743281292,-8.931265315,2.929853048078813,1.5508283055606142,5.548235305174504,2.472028974829788,3.045396196678546,1.606629930529187,-0.305903822,2.717862367630005
PWVKSQM,0.8094933182222251,-0.304908923,0.7681381009619809,-0.380562383,5.771350594519607,2.5289089736380443,0.011200532610774,-6.480288852,0.0041339438244416,-7.9182655,0.0041339438244416,-7.9182655,-7.9182655,2.444005557484222,1.2892475657400349,7.431051832677681,2.893566432350278,2.5041399399802624,1.3243151873001906,-0.111726224,3.202259063720703
PWVKSQQ,0.7780434051196353,-0.362077453,1.6654496949954667,0.7359117779830694,7.149480393278611,2.837838394159519,0.0385946141665665,-4.695456655,0.0040660323783401,-7.942162581,0.0039106142570469,-7.998389049,-7.942162581,2.0916521211619017,1.0646429257682823,4.853890461448024,2.2791415513178763,2.2525258312547085,1.17154365050469,-0.601953208,2.1665101051330566
PWVKSQP,1.420926000788264,0.5068314236337259,1.8371613538256293,0.8774783407341271,3.5782747901968595,1.839264182032596,4.405278713266043,2.1392332984933624,3.4270785393301084,1.776979254887053,0.0147476391170973,-6.083372171,1.776979254887053,3.5254241728518925,1.8177968504912687,2.605969668183238,1.3818202919581235,3.554366910495672,1.8295926157026183,0.8812471628189087,3.180058002471924
PWVKSQL,0.5735264635589252,-0.802068039,0.5036068922051552,-0.989630067,2.349313889971317,1.2322394835720587,0.0401593546557425,-4.638120104,0.0041314798767624,-7.919125644,0.0041314798767624,-7.919125644,-7.919125644,2.1939513865404456,1.133531558934346,3.9723901609379486,1.990007328708869,2.057673830658489,1.0410143135317684,-0.288851053,2.8433895111083984
PWVKSQV,1.5553622787811527,0.6372506555500232,6.944762848218107,2.7959254294778964,22.16219423841526,4.470028821949738,0.0165754434955331,-5.914808718,0.0095231654164391,-6.714343092,,,-6.714343092,3.51231014536694,1.812420243912855,8.389398630398684,3.0685673989802056,3.4471637272959166,1.7854098229141409,0.1971950381994247,2.532163143157959
PWVKSQS,0.7829114487991364,-0.353078954,0.8208897861515884,-0.284739558,2.0368873412903983,1.0263661881308317,0.0636213726327354,-3.974344691,0.0060044882497404,-7.379742991,0.0089635947145957,-6.801706865,-6.801706865,2.897627647922826,1.534872217044995,7.452943166352341,2.897810258192268,3.104255811248563,1.634247450054967,0.6332237124443054,3.7959492206573486
PWVKSES,0.9199667681509056,-0.120346347,4.035298902065097,2.012675540555307,3.1290401913885613,1.6457201895933988,0.0441164490916994,-4.502539516,0.0076295300325202,-7.034190093,0.0076295300325202,-7.034190093,-7.034190093,3.617432449720303,1.8549660767809293,0.9269095640569268,-0.109499509,3.496904984583546,1.806078596684069,0.4580335021018982,1.5567715167999268
PWVKSAV,1.0375368298862973,0.0531625493282284,0.2540686983822165,-1.976709451,3.209434981100605,1.68231933419703,0.0186718283695478,-5.742992985,0.0033385331187508,-8.226569933,0.00924670563394,-6.756844823,-6.756844823,1.6864999088615222,0.7540322403927822,2.525995389245845,1.3368520057453286,1.5330163810703212,0.6163731130192943,-0.388014555,1.8150649070739744
PWVKSVP,0.8964156003180664,-0.157760339,0.4371393058240826,-1.19383499,0.3623540280736187,-1.464528163,0.0434924002658081,-4.523092859,0.0078554932332003,-6.992082422,0.0103377761703041,-6.595930319,-6.595930319,3.818790479567004,1.9331157677264053,2.5687008030095035,1.361038857871149,3.837781137410163,1.940272439262256,0.3362159729003906,2.550270795822144
PWVKSVS,1.4208851354365888,0.5067899316151616,0.1091525549836994,-3.195582194,0.3364996569556297,-1.571323061,0.03438853037635,-4.861928727,0.0104162442922854,-6.585021,0.0049852734340142,-7.648111648,-6.585021,2.651710826424937,1.4069234556807144,5.684531144779715,2.5070413617832226,2.784837698956408,1.477593249384418,-0.07827089,2.8655946254730225
PWVRSQS,0.9595013359513468,-0.05964328,0.1715785692595335,-2.543058728,0.0763454822240111,-3.711313402,0.0084942697363903,-6.879294362,0.0019341969277297,-9.014049596,0.0019341969277297,-9.014049596,-9.014049596,1.1866962448121456,0.2469506997783808,1.1949473009355591,0.2569469944776592,1.3132134091372818,0.3931013863646003,-0.974341154,3.022579431533813
PFVKSQV,1.205336571168214,0.2694360524761244,0.7947863836563934,-0.331360938,1.4298798956377623,0.515893971308031,0.0744777857109186,-3.747046009,0.7950478237841477,-0.330886451,0.0145904438646465,-6.098832417,-0.330886451,1.4127738505222307,0.4985305450476037,0.2824234784901677,-1.824068067,1.478915875430374,0.5645399905362638,0.6918860077857971,0.693459153175354
LHRLNGN,1.1767944137535558,0.2348623032441545,0.0592794940705261,-4.076323055,0.1708261073310233,-2.549399616,0.1379912277595238,-2.857351539,1.8325772241206049,0.8738739942708986,0.0137677325295907,-6.182565215,0.8738739942708986,0.1792415994017153,-2.48002259,0.0960146035778642,-3.380602337,0.1912413688956047,-2.386533457,1.9065452814102173,1.5923478603363037
LHRLNSN,2.2478574262234328,1.1685505333331307,0.2210488932013716,-2.177562584,0.2033363020014906,-2.29806029,3.339889000325264,1.73980015618995,0.0156953350752237,-5.993520361,0.0111502036726088,-6.486786127,-5.993520361,2.232458917344108,1.1586336265047188,0.288617537124474,-1.792769131,2.37875264995826,1.250205263679333,2.372840642929077,2.4397852420806885
LHRLAPN,0.3748178990086506,-1.415738246,5.98606422581397,2.581607757914904,0.9528919729287832,-0.069615426,0.0915822573776815,-3.448788064,14.535059320259744,3.86146505427826,16.824483849868965,4.072490340664612,4.072490340664612,2.720066322693067,1.4436418287748296,0.4339895531856976,-1.20426778,2.8765479375925493,1.5243385128958074,2.0042917728424072,1.7666691541671753
LHRLASN,1.5721148882362042,0.6527066518408736,0.0896972297751221,-3.47879276,0.0981703284044961,-3.348569148,1.4426047878567472,0.5286761170895103,21.816567111365355,4.447352202917293,7.542758236624315,2.9150921848515545,4.447352202917293,3.192860791856896,1.6748496530408512,0.3445504787647884,-1.537212733,3.2061353873543954,1.680835348306162,1.9613231420516968,2.35757827758789
LHRLGES,1.621853963945452,0.6976439212957876,0.042505997442755,-4.556189775,0.0813986328425483,-3.618851626,0.0639841360992506,-3.966141935,0.0034901667088562,-8.162488336,0.0039502034898484,-7.983857311,-7.983857311,0.330611287884903,-1.596792112,0.0980259594604149,-3.350692332,0.3543603397824175,-1.496710949,1.428220272064209,0.7957578897476196
LHRLGSE,0.6061659659567672,-0.722215243,0.0519025275550564,-4.268051393,0.2030715217681206,-2.299940161,0.1145269055707764,-3.126241527,2.2250973569703745,1.153868461178156,0.0030026602552494,-8.379543038,1.153868461178156,0.1035480464264149,-3.271627759,0.0753311298883032,-3.730610021,0.0962094048187838,-3.37767826,2.2516863346099854,0.9371511340141296
LHRLSMN,0.6130316699904345,-0.705966488,5.017710185972468,2.327029145650472,0.1477068991939018,-2.759190881,0.057214322666217,-4.127479843,31.870753799906712,4.994161236705558,3.4287427035803284,1.7776796469985463,4.994161236705558,3.0932888600147184,1.6291415626389807,0.3373334338027858,-1.567752781,3.1321157603996026,1.6471375344259462,1.000918984413147,2.0238044261932373
LHRLSLN,0.3494172518053072,-1.516977255,15.153239270957108,3.921554322949449,0.2273971482130765,-2.136713933,0.0196085344851625,-5.672374475,0.0149644836938349,-6.062313686,4.063911692913918,2.022869053296267,2.022869053296267,3.4844904079969887,1.800947683464742,0.3955345343478375,-1.338124432,3.611762029379038,1.8527028401208925,0.6104249954223633,2.6796531677246094
LHRLSEP,1.2839069721397294,0.3605406731028898,0.0630654488859231,-3.987006365,0.269504487736829,-1.891618798,0.026654172453449,-5.229494799,0.00663206992795,-7.236325066,,,-7.236325066,0.1973875889818728,-2.340896814,0.115094145658446,-3.119113643,0.1994042508524239,-2.32623193,1.5903871059417725,1.375817894935608
LHKIGLN,1.2370520026575975,0.30690614897984,0.0609009317081196,-4.03739189,0.1886020590230244,-2.406582668,0.0526034935201815,-4.248697574,0.0019311412207321,-9.016330615,0.0050288439342658,-7.635557503,-7.635557503,0.1725354983449406,-2.535034875,0.1237119346646397,-3.014943409,0.1583612414593043,-2.658708812,2.120506525039673,0.1621383130550384
LHKMALN,3.870415725315852,1.952488536044032,0.0615349252234965,-4.02245072,0.0989729695890468,-3.336821624,4.831837266642898,2.2725718663846872,1.5423030292172406,0.6250862515033078,0.9737782001433508,-0.038334891,0.6250862515033078,1.1090999828002657,0.1493894269858802,0.2319635103380258,-2.108030219,1.138643657950859,0.1873163218113917,2.130321741104126,1.06109619140625
LHKMGQN,1.8004805835752835,0.8483820415550247,1.184770245487721,0.2446073141168979,0.8152407941975083,-0.29470185,0.1085070330091682,-3.204139539,0.0395021413519165,-4.661925328,1.4752367848597152,0.5609465347634613,0.5609465347634613,1.7462472041306796,0.804257805776452,0.3066756826042277,-1.70521432,1.7667049865131583,0.8210611513620072,2.184543371200561,0.3452583849430084
LHKMGHN,0.432073916443549,-1.210649954,1.604289890164356,0.681934855829267,0.6584578808238515,-0.602836935,0.0817486743650344,-3.612660854,0.0073453016471653,-7.088962546,2.1064195298293145,1.0747928026157194,1.0747928026157194,1.829381952539964,0.8713563235863278,0.4492052628999973,-1.154553264,1.816271709798248,0.8609800424175564,1.9188406467437744,0.2364416569471359
LHKYGLN,0.6876846185975456,-0.540181018,1.8799868708023348,0.9107225866398794,1.1190473305559787,0.1622710569705467,0.0347733388612414,-4.845874592,0.0135148584244975,-6.209309791,1.640672160751811,0.7142869882062377,0.7142869882062377,1.144819675398718,0.1951203722123619,0.4486742373556678,-1.156259747,1.1373126358075796,0.1856288911084326,1.2267255783081057,1.9861873388290403
LHRNSLN,1.544857909592449,0.6274741503928839,0.0675675459921222,-3.887525731,0.1590213365748476,-2.652707744,0.0884057740530191,-3.49971559,0.0195091761856235,-5.679703331,0.3253797784841573,-1.619803501,-1.619803501,0.6067331408929628,-0.720865979,0.1921951703408044,-2.379356012,0.6605532704978896,-0.598253182,1.8457831144332888,0.4509555399417877
LHRTIPD,0.981815456393338,-0.026476216,0.03813448478496,-4.712759981,0.0439884512261302,-4.506731383,0.0357903154212864,-4.804286931,0.0106045029675044,-6.559179186,0.0019211223947947,-9.023834849,-6.559179186,0.0826138976794697,-3.597471691,0.1190139383195599,-3.07079755,0.0870194706742154,-3.522517949,2.279802799224853,0.3456090986728668
LHRTGVN,2.215114990796041,1.1473815937442298,0.2513929734855705,-1.991983768,0.0436662323236801,-4.517338134,2.1175984045587275,1.0824290129908685,6.587760136545714,2.7197880268135344,1.45366219800429,0.5396920547566341,2.7197880268135344,1.279837334039538,0.3559604568756891,0.1837650894037821,-2.444065377,1.3402358151283822,0.4224868658953855,1.7674137353897097,0.2151598483324051
LHRMGPN,0.7384523592444461,-0.437423245,7.682094384419431,2.941499689343769,0.1277343216385826,-2.968781872,0.3557942905303208,-1.490884735,112.86637526353324,6.818471937481468,61.18889567128643,5.935197956734726,6.818471937481468,2.724421995788552,1.445950185023433,0.3369419532822073,-1.569428023,2.705735922596971,1.436021040441219,2.2976315021514893,0.8543184995651245
LHRMGSN,0.9471246312203055,-0.078373814,0.0705552782213464,-3.825102175,0.0872002338337804,-3.519524186,0.2103590066386967,-2.249074506,0.1113212641347572,-3.167198898,5.035436147307898,2.332116743536321,2.332116743536321,2.431422353470896,1.2818005204060892,0.3475871209586766,-1.524553467,2.3861894611715915,1.2547085961937243,1.9478557109832764,1.191001057624817
LHRMGFD,2.39080103053509,1.2574940697381036,0.0641307811464707,-3.96283921,0.0915342150679662,-3.449545073,0.0329617449836735,-4.923063569,0.2656439469726922,-1.912434255,1.2481445688277697,0.3197850469016674,0.3197850469016674,3.1566958387866064,1.6584152574788296,0.4041672857508641,-1.306975544,3.1272759038716504,1.644906506627236,-0.611192465,0.6880125999450684
LHRMSEN,2.3710200490081053,1.2455078620954487,0.0695339942065176,-3.846137726,0.0808083468753086,-3.62935187,0.0474863598581643,-4.396343021,0.0086572981882255,-6.851867433,0.1751407885596707,-2.513412983,-2.513412983,3.57062444621694,1.836176401055641,0.2369181148376687,-2.077539583,3.591143113680584,1.8444431482081165,1.6817034482955933,0.9965692162513732
LHRIGTN,1.0123971316719902,0.0177753251170847,0.0831822612969574,-3.587580285,0.146114309115927,-2.774830625,0.1092756817206793,-3.193955716,0.0088415307343738,-6.82148812,1.1654723031438945,0.2209147199607817,0.2209147199607817,0.5410924804738395,-0.886052902,0.1813264554171435,-2.463338666,0.5100889724383558,-0.971179183,1.549009084701538,1.4227652549743652
LHRIGPN,1.0205401017896114,0.0293328737143836,4.2728482202260745,2.095198070630947,0.1638660509375535,-2.609411101,0.1018804178025551,-3.295051314,4.359493954737412,2.124160678267806,6.28381517314512,2.651640747037518,2.651640747037518,2.5203349896210283,1.333615501878187,0.2411843039557279,-2.051792074,2.55071547468179,1.350901979238747,1.5002069473266602,0.962762415409088
LHRISEN,1.7126630738389337,0.7762413630324491,0.0426959685881959,-4.549756335,0.0687915364569629,-3.861625111,0.1335822232685,-2.904200064,0.0181631936617091,-5.782838294,0.3534949841605286,-1.500238351,-1.500238351,0.1124679988439519,-3.152413533,0.0745509110739625,-3.745630206,0.1053619875486726,-3.246573629,1.5719647407531738,0.5933213829994202
LHRISEH,1.4558845695419764,0.541895975350535,0.0677110220179056,-3.884465495,0.1286881317203431,-2.958049088,0.1090313991793364,-3.197184429,0.0060178127346392,-7.376545072,0.6871055906086241,-0.541396273,-0.541396273,0.1044365802529572,-3.259300972,0.0978796766141954,-3.352846855,0.0953665701998482,-3.390372557,1.1545352935791016,0.9934900403022766
LHRISDQ,1.55145208639999,0.633619142705816,0.0555739709356663,-4.169446861,0.0629943965725539,-3.988632685,2.857027740751061,1.5145150444120827,0.0139220871007645,-6.166480684,0.0094319222165771,-6.728232464,-6.166480684,0.0540500953768405,-4.209559026,0.0494086404215073,-4.339092832,0.0507724795897069,-4.299809471,0.9941174983978271,0.4299582540988922
LHRQTID,1.7354197159853142,0.7952846247292409,0.0444241843911828,-4.492510901,0.0572054758258373,-4.127702938,0.0833465405789894,-3.584733871,0.0070914813317353,-7.139697263,0.0056114355844293,-7.477414379,-7.139697263,0.2064764988457636,-2.275950511,0.0834701211593003,-3.582596325,0.2056704350072323,-2.281593673,1.662081599235535,0.0984484851360321
LHRQLSD,1.109502101599253,0.1499124002649366,0.060744401060287,-4.041104751,0.0405817997520562,-4.623023342,0.0356071139850841,-4.811690682,0.0183653498423864,-5.766869811,,,-5.766869811,0.1077867522313036,-3.213748224,0.057991409927776,-4.108016975,0.1015696044918747,-3.299459366,2.054704189300537,1.4823464155197144
LHRQGVN,0.6953927719260976,-0.524100023,4.46186190751806,2.157645863554753,0.1089203940383326,-3.198653988,9.314070592297885,3.219411816533605,2.8581902928251406,1.5151019714987937,8.45049695373594,3.0790361853721984,3.0790361853721984,1.99912018559672,0.9993652084268106,0.2501884667238474,-1.99891281,2.0169763131603498,1.0121941414190174,1.8031809329986568,0.8086984157562256
LHRLNND,1.8983287920706216,0.9247298899400468,0.1861433707825648,-2.425513857,0.1059386992254705,-3.238698395,1.5505386889890014,0.6327695244775905,0.0102540583476952,-6.607661178,0.6372912266133318,-0.649975295,-0.649975295,0.4520678817585903,-1.145388673,0.1110239215197469,-3.171057538,0.4750269834940051,-1.073918628,2.376743793487549,0.5974386930465698
LHRLNNS,0.7503814168256725,-0.414303995,0.1206902252938351,-3.050619258,0.1347283409750619,-2.891874732,0.0771653782112483,-3.695902491,0.015810446222535,-5.982978104,0.0068289011185807,-7.194130841,-5.982978104,0.2357347243399487,-2.084763808,0.1882849623650771,-2.409010313,0.2511253785902354,-1.993520261,2.1880404949188232,2.104054450988769
LHRLNHD,1.4370637966724171,0.5231241098814773,0.5203520725342847,-0.942440007,0.0965971778935622,-3.371875149,0.0779711401255345,-3.680915959,0.0090694256875071,-6.784773088,2.7907097024565,1.4806320589763269,1.4806320589763269,2.2111544602405258,1.144799808166182,0.1948112207421339,-2.359851319,2.201120029001053,1.138237818797426,1.513527512550354,0.3639209866523742
LHRLNES,1.327391185583324,0.4085935992940659,0.0495142953891741,-4.336011081,0.1053593851211669,-3.246609264,0.0975680272089402,-3.357447732,0.0243422371174947,-5.360394428,0.8697323897500205,-0.201356532,-0.201356532,0.1036923857487693,-3.269618136,0.0598962301153179,-4.061390988,0.1007514366389268,-3.311127684,1.2144871950149536,0.6627159118652344
LHRLNSE,1.1353616421956196,0.1831519065907206,0.1222561548172271,-3.032020997,0.213825026209472,-2.225497378,0.1393284322479627,-2.843438401,0.0085648762484862,-6.867351883,0.0062163080836243,-7.329726278,-6.867351883,0.0892149020773189,-3.486571478,0.0761023992845358,-3.715914251,0.0806404392229733,-3.632352693,2.0246565341949463,0.7952609062194824
LHRLTPD,0.8289855789428873,-0.27058109,7.1834505954372,2.8446770141174618,0.1219365518292743,-3.03579744,0.0059060391842378,-7.403593356,9.235238170236924,3.207149167768512,5.657880420043847,2.5002616855300643,3.207149167768512,2.6941348148204125,1.4298220452346808,0.2012848829957443,-2.312689269,2.820348521264332,1.4958734529897937,1.8476923704147337,1.0310628414154053
LHRLTLN,0.5017046854528255,-0.995089683,13.30398253844164,3.73378627508037,0.2505519766722703,-1.996818175,0.1186901265762271,-3.074728168,17.46272882529099,4.126207115200676,27.97797647793189,4.80621971747505,4.80621971747505,3.528018330589914,1.8188580567521409,0.3279180252826177,-1.608592888,3.6611766866054887,1.8723073990832224,-0.073998578,2.16989803314209
LHRLTDD,0.7315201715432351,-0.451030448,0.1716338896920198,-2.542593649,0.1522956335661153,-2.715053516,0.0293477546091327,-5.090606063,0.0018358276285227,-9.089353679,0.0018358276285227,-9.089353679,-9.089353679,0.2798551249612017,-1.837247927,0.0797307837381698,-3.648719339,0.3148081959312274,-1.667454993,1.6691837310791016,1.1572644710540771
LHRLTDG,1.369681634058149,0.4538405951264553,0.0945595909586618,-3.402632395,0.3621396961460844,-1.465381768,0.0480797344503541,-4.378427262,0.0085666107051533,-6.867059755,0.0030549443115527,-8.354638203,-6.867059755,0.1318785827473634,-2.922717807,0.0847551275968128,-3.560555537,0.1169050729720874,-3.096590559,1.2364695072174072,0.0303458329290151
LHRLTAN,0.6769751110146869,-0.562825301,9.747878524078123,3.2850882726244404,0.1632997636578654,-2.614405392,0.1744326373259936,-2.519258093,16.783292081249076,4.0689538263654645,13.99475238438172,3.806814055754255,4.0689538263654645,3.0422116282350777,1.6051205161082855,0.3257198233231463,-1.61829657,3.189722551332085,1.673430940847474,1.7710353136062622,1.9997189044952397
LHRLTGQ,0.651872761300723,-0.617337702,0.0767264494445315,-3.704132195,0.099698048172271,-3.326290929,0.0388879792146506,-4.684531922,26.146731817260164,4.708558724507119,0.006550288417655,-7.254225853,4.708558724507119,0.1903614674224139,-2.393186614,0.1711545256423045,-2.546628655,0.2012111429750513,-2.313217892,0.8609628677368164,2.039681434631348
LHRLTVN,0.8511610310834972,-0.232495994,14.947080951148305,3.901791859679136,0.1709542649399847,-2.54831768,0.3566371693562047,-1.487471024,40.11775337834572,5.326168911189597,55.19050636784097,5.786348217072556,5.786348217072556,3.148202804634997,1.6545284810667866,0.3251481917537109,-1.620830694,3.3741905057162542,1.754541430025366,0.5125942826271057,2.1691601276397705
LHRLTST,0.8052779565333391,-0.312441253,0.0689587785735868,-3.858121969,0.0567219361175096,-4.139949412,0.1065848339970779,-3.229925924,0.0089094028902157,-6.810455539,0.0220213162978116,-5.504955483,-5.504955483,0.2206186123210668,-2.180373587,0.1736224710751104,-2.525974414,0.2545180223508793,-1.974160278,1.1761029958724976,1.9437229633331297
LHRLQNN,0.7342940815560195,-0.445570123,5.41013329877673,2.435664140653753,0.1485301171719298,-2.751172602,0.1804229982889728,-2.470544846,0.0042718502062725,-7.870923225,9.336595594082327,3.2228965954520388,3.2228965954520388,2.966549096343273,1.568785659576882,0.3151208833650225,-1.666022729,3.0228681597482217,1.595918058216297,1.5319998264312744,1.6735941171646118
LHRLQNG,0.6426555797510046,-0.637882338,0.5457278435059927,-0.873746442,0.7230668569417583,-0.467799046,2.6536737406826294,1.4079910076210729,0.0061476958071751,-7.345738504,0.8167791701400906,-0.29198202,-0.29198202,0.4158616766549659,-1.265824354,0.2694888570637435,-1.891702474,0.4557217133664342,-1.133774984,2.108912467956543,2.0608251094818115
LHRLQTN,0.5787858094690999,-0.788898544,7.959278105667472,2.9926375864721684,0.8070893426664062,-0.30919971,0.066157906491601,-3.917942607,0.0172622657447489,-5.856234353,14.885492892323636,3.895835088148761,3.895835088148761,2.688346959543133,1.426719345151572,0.3515177605544846,-1.508330511,2.756167859744968,1.462663755620938,1.3930106163024902,2.191328287124634
LHRLQQN,0.8552487175689351,-0.225584059,3.5251429682034807,1.817681769663348,0.150453902822353,-2.732606564,0.0164883939370936,-5.922405311,0.0027070204551623,-8.529078496,2.670178219454141,1.416936036947268,1.416936036947268,2.443912185557589,1.289192447293854,0.3720131274545702,-1.426574563,2.592223611860311,1.3741901741666898,1.2347794771194458,1.4334356784820557
LHRLQED,0.8717333830475504,-0.198041136,0.0847994702852434,-3.559800937,0.1220540527268743,-3.034407895,0.0188998086416793,-5.725484562,0.0062397376978331,-7.324298901,0.0062397376978331,-7.324298901,-7.324298901,0.6113357713769888,-0.709963108,0.1006049610432277,-3.313226646,0.644097748413552,-0.634648446,1.9271379709243772,1.0329972505569458
LHRLQES,1.2373656430350954,0.3072718814344637,0.1389954092622869,-2.84689086,0.0676015584475325,-3.886799684,0.0288765398159613,-5.113958311,0.0087172390716077,-6.841913008,,,-6.841913008,0.5841261221915275,-0.775648191,0.1150548312257645,-3.11960653,0.6281210285025765,-0.670885526,1.246255874633789,1.1057404279708862
LHRLQDG,0.6636091414849251,-0.591594335,1.641237774240165,0.7147842643649077,7.090934421450721,2.825975753891576,0.0574622789396337,-4.121240979,0.002610127763389,-8.581663858,5.856695287614803,2.5500868358026003,2.5500868358026003,0.3236776630793162,-1.627370286,0.2291437728436301,-2.125675015,0.3311415497064953,-1.594480052,1.5131261348724363,0.7505428194999695
LHRLQAG,0.4153493596023275,-1.267602765,0.5752664846382086,-0.797697674,1.2768240219947715,0.3525596995979563,0.0131904839604079,-6.244358692,0.0127403618420029,-6.294449937,0.0127403618420029,-6.294449937,-6.294449937,0.4500584923552206,-1.15181558,0.2691470867406481,-1.893533285,0.4411419488513506,-1.18068514,1.5591645240783691,1.0056084394454956
LHRLPNT,0.5561624364890243,-0.846421787,0.0266572720447778,-5.229327039,0.0583086649267194,-4.1001459,0.0971007865540445,-3.364373208,0.0314033549979914,-4.992937491,0.004649738724631,-7.748634633,-4.992937491,0.1141180938411711,-3.131400541,0.1080487442361767,-3.21024579,0.1253557821505695,-2.995899552,1.6087074279785156,1.1715469360351562
LHRLPHD,0.8557787147484773,-0.224690299,0.042275699210786,-4.564027574,0.1249828988562091,-3.000197387,0.0496706420564547,-4.331462794,0.0094062461403285,-6.7321652,0.0051446981761249,-7.602697844,-6.7321652,0.0583857459648348,-4.098239991,0.0435913250127362,-4.519815133,0.0527634904727149,-4.244316183,2.1154959201812744,0.5275418162345886
LHRLPDN,1.5721941019978467,0.6527793427255615,0.0389187897169238,-4.683389343,0.0495348491369095,-4.335412332,0.0659426871917611,-3.922643511,0.0150279379983689,-6.056209121,0.0142599509083502,-6.131887175,-6.056209121,0.0621013819056284,-4.009230818,0.0650111044685811,-3.943170026,0.0856764043568365,-3.544958255,1.2969144582748413,1.1325278282165527
LHRLPDH,0.5532061393828273,-0.854110928,0.0578281549125852,-4.112084118,0.0949603718992646,-3.396530605,0.0183244530488374,-5.770086053,0.0068773080676623,-7.183940312,0.0230077577315491,-5.4417358,-5.4417358,0.0827040301135865,-3.595898557,0.0692026044149391,-3.853029856,0.0813539448646021,-3.619643886,1.569319725036621,0.9760398268699646
LHRLPDE,1.2369654547357576,0.3068052101143394,0.0632012668939553,-3.983902712,0.1414353200058528,-2.821785652,0.0295577118822906,-5.080321598,0.0036640906925779,-8.092329072,0.0025570431544261,-8.611307776,-8.092329072,0.0919077508000858,-3.443669657,0.063902676884977,-3.967979823,0.0790914542304234,-3.660334369,1.5697675943374634,0.3045519888401031
LHRLPSE,0.6791417178464468,-0.558215439,0.0246173663379701,-5.344179765,0.0307805702772976,-5.021836229,1.748230758568966,0.8058956266408766,0.0031514917714844,-8.309749389,0.0041300411145507,-7.919628141,-7.919628141,0.0582136476812514,-4.10249877,0.0598545983723591,-4.062394102,0.0585481872152524,-4.094231687,1.9969390630722048,0.8107548356056213
LHRLLPS,0.3056378080379001,-1.710105076,3.049158987139116,1.608411376315926,1.2294386631353789,0.2979997604746421,0.0280072243578959,-5.158057177,16.5177737050398,4.0459473457404025,1.2512137763754774,0.3233283025078755,4.0459473457404025,2.087552301848503,1.0618123435374534,0.3370040461497491,-1.569162182,2.240207474485944,1.1636323521716463,0.183587372303009,2.142674207687378
LHRLLGG,0.7161178732916791,-0.48173102,0.0895196176680035,-3.481652315,0.1521634439219504,-2.716306291,15.91089100813326,3.991942723580959,0.0142965924462032,-6.128184864,0.0103283275918885,-6.597249524,-6.128184864,0.3361895898010222,-1.572653043,0.3418096441254229,-1.548734992,0.3126056201416758,-1.677584379,0.5157889127731323,1.029636025428772
LHRLENS,0.6324553070672249,-0.660964561,0.0960696238784342,-3.37977585,0.3411516129190333,-1.551515058,0.0292854801919271,-5.093670639,0.0033942464986769,-8.202692944,,,-8.202692944,0.1014971402608501,-3.300489016,0.0730329401697364,-3.775308878,0.0991595404041147,-3.334104605,1.066343069076538,0.311409443616867
LHRLANN,0.8307454194910748,-0.267521662,0.3189210246401303,-1.648728886,0.0813918819037745,-3.618971284,3.396349434899628,1.7639848988385962,13.340592892323402,3.737750880136033,1.4114385281256965,0.4971662969778854,3.737750880136033,3.371349002390898,1.7533259829899708,0.3358457359842768,-1.574129383,3.391967400309815,1.7621223044419818,2.55185341835022,2.27231764793396
LHRLAIN,0.56187364109697,-0.831682373,1.700121757931226,0.7656380718178576,0.1529503363247535,-2.708864816,0.0316303881656855,-4.982544929,20.24579624287071,4.339550478482193,18.3727842306772,4.199498365398717,4.339550478482193,2.909377370181912,1.5407104379920062,0.2961643947953847,-1.755529886,3.000163404068039,1.585041079327372,0.2680578231811523,2.412894487380981
LHRLAPD,0.9942209637923132,-0.008361571,13.01605220150772,3.7022200370203744,0.119019823514922,-3.070726211,0.0062338016060718,-7.325672043,0.0024921190431554,-8.6484113,8.759608361891697,3.130866369028817,3.130866369028817,3.410042680426536,1.7697897962741886,0.2061787268196611,-2.278032609,3.544823102522189,1.8257136343810865,2.046748399734497,0.7481507062911987
LHRLALN,0.3462999036403607,-1.529906109,2.794299003527533,1.4824864043644732,0.1899709318336528,-2.396149412,0.085198172839961,-3.553033699,0.0062247267987276,-7.327773766,13.252986212920714,3.728245564688931,3.728245564688931,3.013215358034113,1.5913037877231706,0.3493806626508509,-1.517128334,3.1756614604615945,1.6670571230143807,0.5394511222839355,2.398967266082764
LHRLAEH,1.3460968149136945,0.4287821761985057,0.0735205932864874,-3.765707781,0.0586128151845977,-4.092640058,1.531829175670247,0.6152554218357343,0.0034818858476412,-8.165915379,0.0115363374706398,-6.437670917,-6.437670917,0.1160959270086899,-3.106610736,0.0737424444151656,-3.76136095,0.1133795570388844,-3.140767557,1.3598737716674805,0.3940947949886322
LHRLASE,0.9980265772530555,-0.00284986,0.0466384733136209,-4.422335626,0.0542682890198453,-4.203746766,14.5205074931816,3.860019971437399,0.0182866003900039,-5.773069297,0.0105143418571672,-6.571497642,-5.773069297,0.090727998737234,-3.462308353,0.0558614695182659,-4.162002663,0.0887353718461854,-3.494346881,2.1161468029022217,1.2659741640090942
LHRLGMQ,0.4682051476600551,-1.094787299,0.0931581230647028,-3.424174617,0.1942878038681262,-2.363732754,0.0287578515058744,-5.119900293,0.0210622650745616,-5.569195595,0.0094943527499094,-6.718714633,-5.569195595,0.3052593630189412,-1.711892548,0.2026942594485703,-2.302622864,0.3190207890791243,-1.648277654,0.3027418553829193,2.3352413177490234
LHRLGIQ,0.5204544899973452,-0.942156079,0.1498043623339785,-2.738848459,0.2648558681312761,-1.916720622,0.0159125001578043,-5.973695661,0.0047655273255775,-7.713148421,,,-7.713148421,0.4360985003346865,-1.197274066,0.2403722476676174,-2.056657757,0.4569948732203957,-1.129750114,0.3219799995422363,2.5859904289245605
LHRLGQG,0.5580725790979466,-0.841475334,1.301148773844305,0.3797859297852895,4.208241231837705,2.073217407577165,0.1161844592981427,-3.105510986,0.0104131120649042,-6.585454893,,,-6.585454893,0.6530539974375306,-0.61472581,0.3783210168581151,-1.40231717,0.6469756510685085,-0.628216677,1.766823649406433,1.579175591468811
LHRLGHN,0.4762099132039917,-1.070330442,4.1951848092788415,2.06873436669782,0.2522924317430406,-1.986831166,0.4006667750988287,-1.319525214,47.17210097746952,5.559861952746086,47.17210097746952,5.559861952746086,5.559861952746086,1.7706339410785623,0.8242659817242401,0.2847052067244985,-1.812459217,1.86925896642667,0.9024664533519068,1.355042576789856,1.4697837829589844
LHRLGPQ,1.4127846273836124,0.4985415501105627,2.0393605876314584,1.0281168866806851,0.3508685054145252,-1.51099764,7.668787859758235,2.9389985611814926,0.0120161951068644,-6.378876047,9.763261559153667,3.287363181514553,3.287363181514553,2.008910598930882,1.0064133623046836,0.252918954307277,-1.983252935,2.1466497816275383,1.102086839765621,1.3259992599487305,1.8561862707138064
LHRLGPS,0.8914034960152738,-0.165849476,4.963239245425289,2.311281999239017,0.5941313767041765,-0.751146114,0.0519185578204449,-4.267605881,23.60851459276846,4.561235367412755,2.750922989006014,1.4599157525460718,4.561235367412755,2.553459700710943,1.3524532902846125,0.3006765014293795,-1.733715973,2.6683640262400248,1.4159554967422765,1.539822340011597,0.7995436191558838
LHRLGVT,1.2703895627639368,0.3452709647829256,0.0292789042611543,-5.093994627,0.0436799911497999,-4.516883626,0.0434126854431171,-4.525739521,0.0037420672866869,-8.061948785,0.0062887929286384,-7.313001152,-7.313001152,0.2402948854970064,-2.057122153,0.1420392605007559,-2.815638341,0.2685672786185457,-1.896644553,0.7038671374320984,1.469895362854004
LHRLGSS,0.7143723869262325,-0.485251779,0.3007537564702735,-1.733345338,0.3722129260909587,-1.425799937,20.809546803908056,4.379173640889301,0.0020062850707706,-8.961257673,0.0020062850707706,-8.961257673,-8.961257673,0.7798465758753474,-0.358737773,0.2656055116025806,-1.91264301,0.8145752013712143,-0.295880201,1.1076991558074951,1.9667149782180784
LHRLVNS,0.7049405150234661,-0.504426571,0.0740871627299275,-3.754632605,0.1534791599010848,-2.703885322,0.1349283439904876,-2.889734652,0.0195553834400133,-5.676290365,0.0151249550352994,-6.046925336,-5.676290365,0.234614761077844,-2.09163431,0.1970230292346093,-2.343563824,0.2629770306718684,-1.9269913,0.7149983048439026,2.414731502532959
LHRLVGN,0.6117240133451323,-0.709047184,0.031937164563424,-4.968619956,0.1087566957327779,-3.20082387,0.0877095084070275,-3.511122939,0.0236297636710791,-5.403250989,0.0104201685707517,-6.584477573,-5.403250989,0.2455464218472201,-2.025932295,0.1560186502832272,-2.680209597,0.2823823265126161,-1.824278298,0.7150914669036865,2.613712310791016
LHRLVGQ,0.6281711325165396,-0.670770449,0.0298941238787033,-5.06399426,0.0364205141223619,-4.779104902,0.2010643073749354,-2.314271096,0.0176604477381407,-5.82333427,0.0025420652756594,-8.619783208,-5.82333427,0.1582736499262906,-2.659507005,0.1632706983847547,-2.614662196,0.1696711127775815,-2.559187134,0.4408440887928009,2.528501033782959
LHRLVSQ,0.5208988890525652,-0.940924735,0.0452636470778407,-4.465503357,0.1204156772513306,-3.053904862,0.1186395646772946,-3.075342886,0.0086858661847483,-6.847114558,0.0064831989827493,-7.269078432,-6.847114558,0.1962165350377491,-2.349481473,0.1920435376116595,-2.380494678,0.2056270552441889,-2.281897996,-0.092650637,2.580852746963501
LHRLSTT,0.7953322985689875,-0.330370335,0.06674554689029,-3.905184603,0.0389519284150598,-4.682161435,0.0357465326343919,-4.806052881,0.4801980976120438,-1.058298407,0.4801980976120438,-1.058298407,-1.058298407,0.9618232764916124,-0.056156254,0.2625095755344919,-1.929558046,1.0631665980505822,0.0883676846855688,1.221070408821106,2.0387847423553467
LHRLSMS,0.5496044949598836,-0.863534292,0.2164957288035654,-2.207589532,0.4343591094484358,-1.203039801,0.0429275156452152,-4.541953508,0.0050080447999629,-7.641536817,0.0028525091038313,-8.453552794,-7.641536817,0.881197552687828,-0.182462607,0.4283424348905833,-1.223163486,0.9973367500675054,-0.003847383,0.7436867356300354,1.5814049243927002
LHRLSIN,0.7949412426804696,-0.331079866,11.05420023232998,3.4665227453160674,0.1026148244367933,-3.284688927,0.1195498129445365,-3.064316222,6.864760046892324,2.779209292811029,3.751133989908172,1.9073267967566656,2.779209292811029,2.806772513741949,1.4889121395198783,0.3090949889007849,-1.69387783,2.849212161158864,1.5105630532010774,0.1566768288612365,2.5693519115448
LHRLSHN,0.3030265631231231,-1.72248383,4.569635558804523,2.192079110913331,0.2462580842865527,-2.021757008,0.0751644746076798,-3.733805236,0.0075122224918147,-7.056544492,19.57181716512656,4.29070580554853,4.29070580554853,1.5158294638619014,0.6001074543797699,0.2934028863499224,-1.769045031,1.5208216785075157,0.604851002099351,0.9455236792564392,2.014364957809448
LHRLSPD,0.7552570792381128,-0.404960293,17.57080651145217,4.13510850839462,0.101109384209413,-3.306011191,0.0283959290658502,-5.138172075,1.4688643951661655,0.5547012131497786,5.563253080361438,2.4759287373509005,2.4759287373509005,3.863486152938029,1.949903227221225,0.2291990996339793,-2.125326718,4.013283695916317,2.004783142717752,2.3051657676696777,1.1882946491241455
LHRLSDT,2.278335623434523,1.1879802872561789,0.0206181111961489,-5.599944015,0.0317133523437522,-4.9787658,0.0567018886154687,-4.140459401,0.0065110238340934,-7.262899865,0.0081190737166202,-6.944469141,-6.944469141,0.3069751549461181,-1.703806199,0.0927894966788728,-3.429894681,0.3448567576736072,-1.535930857,0.9890515804290771,0.974005937576294
LHRLSGS,0.5985600316701323,-0.740432148,0.0406704107211483,-4.619876629,0.0128650750707327,-6.280396314,0.0845493910076161,-3.564061827,0.0105153631003026,-6.571357522,0.0250100780321724,-5.321346631,-5.321346631,0.3456644655366944,-1.532555793,0.2018556518656477,-2.308604113,0.3753699009961399,-1.413615122,1.4615919589996338,0.9911781549453736
LHRLSVS,0.7963627720330029,-0.328502315,1.512595433700193,0.5970261687558643,1.2522565694364882,0.3245301801073599,22.69328408775188,4.504193500471813,0.0059017311868493,-7.404646075,0.0036981554139296,-8.07897843,-7.404646075,1.2257461692023472,0.2936602528074347,0.3168969136884013,-1.657914486,1.3226851260459007,0.4034696593804303,0.9479885697364808,2.524820566177368
LHRGLPN,0.8701181983262599,-0.200716702,0.0931374250899066,-3.424495192,0.1447315305254904,-2.78854884,0.1216406602348978,-3.039302543,0.0162784796343688,-5.940890228,0.0091924397414355,-6.76533647,-5.940890228,1.293734895939424,0.3715420195739034,0.2088917192890253,-2.259172791,1.412072043134914,0.4978136959901413,2.535141944885254,0.0009064835612662
LHRVSQN,0.441483538830669,-1.179568448,0.0795175168389683,-3.652583484,0.2203607897366619,-2.182060556,0.2248208623564293,-2.153152178,0.0151920272635486,-6.04054179,0.0284409412922015,-5.135886976,-5.135886976,0.1753988802328417,-2.511288557,0.1367434459246323,-2.870456408,0.163572488548588,-2.611997975,1.9851938486099243,1.5709439516067505
LHRVSSN,0.6312044840985741,-0.663820641,0.1322136911637199,-2.919056514,0.135993723926293,-2.878388022,0.1677576721711772,-2.575549347,0.0192556169574798,-5.698576841,0.0307124951785771,-5.025030464,-5.025030464,0.1864113298158091,-2.423438547,0.1769329945263881,-2.498724987,0.2020725625306337,-2.307054649,1.9913368225097656,1.8858327865600584
LHRSIPD,2.1872176463224333,1.1290967876685192,0.0378689033272826,-4.722842548,0.1349042438881471,-2.889992361,0.1004755668662466,-3.315083378,0.0214375679555122,-5.543714945,0.4079432242287185,-1.293559717,-1.293559717,0.0931728021829846,-3.423947307,0.0794164083746433,-3.654419074,0.0886776580193169,-3.495285521,2.54907488822937,1.2538299560546875
LHRSQLD,1.7222269732293418,0.7842752888287311,0.0424480765276725,-4.558157008,0.0630884571480335,-3.98648012,13.939298831116648,3.801086088065558,0.0166508771324292,-5.908258012,0.0091041871930747,-6.779254063,-5.908258012,0.135549422341669,-2.88310913,0.0755511676737237,-3.726402137,0.1424178795802666,-2.811797817,2.332808494567871,0.3292976319789886
LHRSLPN,1.063473182821732,0.0887836538929466,0.1678648651918613,-2.574627795,0.0556565385227135,-4.167305005,15.729181569925323,3.975371700432562,34.86385519187303,5.123660204186709,48.89216407346598,5.611531358465383,5.611531358465383,2.0860274662494334,1.060758153620372,0.2915466002474017,-1.778201595,2.219443318762847,1.1501978648765985,2.276237964630127,1.7889726161956787
LHRSLSE,1.6784854704213996,0.7471600485983353,0.0381066577346656,-4.713813112,0.0792380349578519,-3.657663087,4.697318325999216,2.231837364892072,0.0100849546551841,-6.631651593,0.0129658695926764,-6.269137222,-6.269137222,0.0637474506222364,-3.971488543,0.0563151773809024,-4.150332397,0.0709845964152156,-3.816350195,2.508896350860596,1.5973247289657593
LHRSSVN,4.212903065292143,2.074814721304588,0.0693850767497003,-3.849230787,0.0575895027010888,-4.118050326,2.861805211398252,1.516925478454039,0.4414276162148223,-1.179751206,0.2456963283514606,-2.025051796,-1.179751206,0.5289629772541975,-0.918761345,0.2112011048146278,-2.243310713,0.5860150042285184,-0.770990491,1.666153073310852,0.4365754425525665
LHLRGIN,0.6612958840040131,-0.596632173,0.0634017356171809,-3.979333855,0.0589351269275089,-4.084728414,0.1162967678248836,-3.104117094,0.0128438252201015,-6.282781252,0.0056106261281396,-7.477622505,-6.282781252,0.4313808102076689,-1.212966095,0.213940775376247,-2.22471662,0.4343193481815501,-1.203171871,0.7470030188560486,1.221397876739502
LHLRGLN,0.611735613902824,-0.709019826,0.0647735188839391,-3.948452068,0.1014455029325607,-3.301223183,0.1396749726919284,-2.839854557,0.0200773547118845,-5.63828699,0.0053460246395571,-7.547317798,-5.63828699,0.3826416354219409,-1.385934232,0.2207475507448417,-2.179530664,0.3959715549405757,-1.336531298,0.7269006967544556,1.1244813203811646
LSRTTVN,1.6278380606740752,0.7029571856711723,0.0290049493147656,-5.107557092,0.0648080454784435,-3.947683265,0.1162017429759846,-3.105296386,0.02167125660825,-5.528073379,0.0090840623009403,-6.782446684,-5.528073379,0.1546650680624793,-2.692780702,0.1073911386242484,-3.219053141,0.1551936506511493,-2.68785856,2.3027257919311523,0.385735422372818
LSRTGIN,4.095984629665123,2.0342103015811968,0.0564977915622551,-4.145661715,0.0695424061894426,-3.845963204,14.469503489626884,3.854943512586801,0.0057227870403419,-7.449066363,0.8116078274339352,-0.301145316,-0.301145316,0.5520819930226337,-0.857045549,0.1409897264960465,-2.826338053,0.5565561659479247,-0.845400808,2.953573703765869,1.155015468597412
LSRTGVQ,1.0916227105422105,0.1264743144240304,0.0253222279303942,-5.303451847,0.0673561875966332,-3.892045707,0.2295386253216146,-2.123191153,0.017637982914295,-5.825170607,4.072505751699664,2.0259167363057893,2.0259167363057893,0.0837087896057103,-3.578477073,0.0635338911966554,-3.976329809,0.0740995451788447,-3.754391502,2.1536824703216557,0.5306113958358765
LSRTSIN,4.177047803106561,2.062483654132773,0.0359324301947666,-4.798569678,0.0326683978710812,-4.935960486,6.103473009769272,2.609630401390317,0.8449457935895991,-0.243069305,0.6274434579908943,-0.672442638,-0.243069305,1.1349778498999146,0.1826641423167456,0.2443512073882418,-2.032971862,1.1682139524925093,0.2243045207356453,2.693336248397827,0.4178254008293152
LSRITIN,1.3769361119662906,0.4614616218638158,0.0420871851649009,-4.570475166,0.0550919693966096,-4.182014153,0.0810751682864166,-3.624596077,0.0274213692538864,-5.188555578,0.0090351014000664,-6.790243492,-5.188555578,0.1816236588203849,-2.46097595,0.1666642157320717,-2.584983717,0.1787031622122481,-2.484362931,1.8251489400863647,1.6786028146743774
LSRLSIN,2.109571739902184,1.0769501499138698,0.0829366888146559,-3.59184574,0.0693156622981523,-3.850674815,11.583814558626544,3.534038506988514,0.0054322808683632,-7.524226211,0.0007004536248904,-10.47942284,-7.524226211,3.238251837929897,1.6952151879889503,0.3324126118466768,-1.588952975,3.2143128921654665,1.6845103726981168,2.2555434703826904,1.66945481300354
LSRSGPN,1.991241828638268,0.9936684414456328,0.0674151905110087,-3.890782483,0.0624885400202725,-4.000264556,1.4853542552444574,0.5708070531359938,0.4638558510702351,-1.108251555,0.0148869472836538,-6.069808244,-1.108251555,0.6730243291209953,-0.571269437,0.1585299861400383,-2.657172341,0.7318795643065246,-0.450321832,2.2420363426208496,0.7274805903434753
LSRSSVN,1.7271908920279164,0.7884275407491078,0.0522589823062728,-4.25817716,0.1730802905847807,-2.530486647,0.0661552626645029,-3.918000262,1.7453014429464382,0.8034762356815414,0.0106840606497272,-6.548396119,0.8034762356815414,0.4000594082745053,-1.321713841,0.2057120275771933,-2.281301947,0.4038636926774018,-1.308059641,2.540571689605713,0.4034814536571502
LWVKSQT,0.7431496056177513,-0.428275422,1.0019899917991162,0.0028680984992963,2.4134237574962145,1.2710812513031204,0.0683317604621576,-3.871299894,0.0039728487369949,-7.97561042,,,-7.97561042,2.824383307193213,1.4979358952169524,5.256374169976644,2.3940679761846444,2.961208467564211,1.5661860590849777,-0.252535194,1.6888858079910278
LWVKSET,1.1025989304940431,0.1409081071477854,3.3087329501113625,1.7262788555376256,1.7183346568985611,0.7810110381235883,0.0256279524472443,-5.286137971,0.0185209187283972,-5.754700525,,,-5.754700525,2.5235256195783653,1.335440733377388,0.4473505147059022,-1.160522419,2.471190098890777,1.3052059957650646,-0.163398251,2.5904858112335205
EYVRSQS,0.996158267418056,-0.005553122,0.0824283614506487,-3.600715373,0.058601287645064,-4.092923824,0.0437291098008193,-4.51526221,0.0208278415058189,-5.585342856,0.6431020602546574,-0.636880384,-0.636880384,1.33547358516118,0.4173514406425466,0.1837196170634753,-2.444422413,1.3162117710266357,0.3963916292177684,0.5280004739761353,1.3829575777053833
ALVKSQV,1.1566180509555375,0.2099125230742792,0.1431940200050277,-2.80395685,0.7758962077465562,-0.36606442,44.7433385548111,5.483601002977989,0.0176760878533611,-5.822057183,0.0280855392855276,-5.154028685,-5.154028685,0.2782008745489279,-1.84580114,0.121595936220304,-3.039833081,0.2531538419377951,-1.981913716,1.4523624181747437,0.2754720747470855
AYTRAIE,0.6581738970355315,-0.603459284,0.0519344396737816,-4.267164629,0.0912841285433457,-3.453492147,0.1813005071609418,-2.463545134,0.0254213589236844,-5.297815037,0.0044024923552209,-7.827463786,-5.297815037,0.0880848107550134,-3.504962926,0.0739748220340089,-3.756821869,0.0859706733775573,-3.540011583,0.090634673833847,0.185039073228836
AYIRSSD,0.8123728110981118,-0.299786139,0.0286598070961393,-5.124827291,0.0299153990111207,-5.062967884,0.0304581940144406,-5.037025788,0.0055012860985748,-7.506015351,0.0079428585462697,-6.976125974,-6.976125974,0.0956267535244441,-3.386441892,0.0828834434417876,-3.592772248,0.101892696952609,-3.294877443,1.0302032232284546,0.1584926396608352
AWIKSQS,0.4609679079510676,-1.117261779,1.1568968402967368,0.2102602260464698,5.406257203421541,2.4346301499180862,0.0523701360071102,-4.255111838,0.0104681397871918,-6.577851095,0.0247785984109445,-5.334761605,-5.334761605,2.863847176116193,1.517954507915752,7.040063022716899,2.8155883439412888,2.933504366233884,1.5526251393211183,0.3482504785060882,1.2717758417129517
AWVKSNP,1.7127380762100592,0.7763045413547274,0.1742036361154783,-2.521153358,0.3511144984512738,-1.509986525,9.885035617818165,3.30524616429106,0.0076313882701414,-7.033838755,0.0037588238477836,-8.055502978,-7.033838755,2.517063097392011,1.3317413822333264,2.563125908210445,1.357904349752871,2.6055520179618337,1.3815890574201817,1.2067649364471436,1.6864871978759766
AWVKSIP,0.982856089776417,-0.024947903,0.1061107552396957,-3.236357202,0.1167842672307302,-3.098082162,2.629207668769358,1.3946280981641308,1.09640749622145,0.1327840971257791,2.862104735738211,1.5170764669511572,1.5170764669511572,4.752887058647882,2.2488041197415445,5.428038870313255,2.440431051966676,4.755579398379039,2.2496211232614893,-0.55257535,1.914927363395691
AWVKSQN,0.9782428857377672,-0.031735382,2.1230736559832355,1.086154423658941,3.0710312053513835,1.6187231718959958,0.0840548325452766,-3.572525423,0.0180818979882615,-5.78931007,,,-5.78931007,3.851168080663048,1.9452960895974705,11.324546195739291,3.501381333743943,3.9482813254700906,1.9812247892879,0.3775884211063385,2.5362062454223637
AWVKSQP,0.8593825023445856,-0.218627692,1.818083020466986,0.862418079884784,0.3934964794859634,-1.345577367,4.01202899783973,2.0043320333898715,0.0215079720647432,-5.538984687,0.0154255417288598,-6.018535034,-5.538984687,5.066946935645885,2.3411167201015446,8.144343675594252,3.0257984416461783,4.947362750332385,2.30665968460247,0.977974772453308,2.048269033432007
AWVKSQE,0.6295786727677741,-0.667541425,0.9619397825454746,-0.055981511,0.0929389259988696,-3.427573217,0.0184405716844969,-5.760972808,0.0165679272377522,-5.915463067,0.0087721575058414,-6.832852569,-5.915463067,4.500245304764733,2.1700036437360923,1.660655616763287,0.731752921282817,4.372740344647478,2.128537683060953,0.8006951808929443,1.0458439588546753
AWVKSQA,1.0262787949325314,0.0374227011490692,0.1616018892302786,-2.629484031,0.2551102486598028,-1.970807237,0.0389693701252053,-4.681515577,0.0141782229982087,-6.140179463,0.3004202175456267,-1.734946189,-1.734946189,3.658783786367339,1.871364162998099,7.5391769352079745,2.914407030614844,3.472633602127863,1.7960301998710326,0.6082116961479187,2.364800214767456
AWVKSLP,1.294711766353284,0.3726309554126102,0.0808742863827906,-3.628175113,0.1948368899722294,-2.359661235,28.572375286928008,4.836549070686615,0.0124237496022434,-6.330755532,0.0098257430953287,-6.669217766,-6.330755532,3.2536832670575926,1.702073817302497,0.8960640858079086,-0.158326178,3.170629519459444,1.66476931179547,-0.542294502,1.894057273864746
AWVKSLS,0.4863510936260249,-1.039929933,0.0530270796529546,-4.237126892,0.0820752057432968,-3.606909728,0.041111598227564,-4.604310732,0.0083733880370398,-6.899972801,,,-6.899972801,3.819452994618669,1.9333660365703296,7.598853377888547,2.925781740814886,3.615668584984901,1.8542624452555865,-0.591557682,2.4872283935546875
AWVKSEM,0.7735951214561663,-0.370349398,5.149894645059639,2.364542918392028,0.9225448323087084,-0.116309072,0.0332229691169551,-4.911675178,0.0078864085412143,-6.986415836,,,-6.986415836,3.4441352799373384,1.7841418105227207,1.2073421710551102,0.2718346061058933,3.381780191654589,1.7577828907604376,0.093695193529129,2.0280113220214844
AWVKSEG,0.8027616825343394,-0.316956339,0.0767250368181558,-3.704158757,0.1171242864523571,-3.093887836,0.0557353917009176,-4.165262467,0.0087829584616983,-6.831077304,0.0037906749711797,-8.043329526,-6.831077304,0.1748214208577606,-2.516046126,0.1656801627854606,-2.593527219,0.1629742550389424,-2.617284014,0.6333193182945251,0.6452676057815552
AWVKSVN,1.1947877029172398,0.2567542942246718,0.1968018719540257,-2.345184151,0.053522064441272,-4.223722425,0.0609458557626269,-4.036328067,0.0092039914657139,-6.763524639,0.0018807847227161,-9.054449559,-6.763524639,3.008883792478036,1.589228388740677,5.571171058731847,2.477980613570403,3.0964661039941355,1.6306226534291777,-0.417431176,3.05324649810791
AWVKSVT,0.7747752591265679,-0.36815021,0.2683913221818593,-1.897590069,0.1162134271833895,-3.105151329,0.0087527120298751,-6.836054179,0.0111524194243226,-6.486499465,,,-6.486499465,3.303781603434819,1.7241183205178068,6.415260840803559,2.681507925655301,3.2242924006965588,1.6889825831668777,-0.381443173,2.0520219802856445
AWVKSVE,0.6845227857416544,-0.54682953,0.0628273774029718,-3.992462831,0.0395607121219709,-4.659787794,0.0558200987112264,-4.163071514,0.0037223971575016,-8.069552294,0.0046650729302905,-7.743884649,-7.743884649,4.165942169396965,2.0586428123734475,0.8665793931515505,-0.206596164,3.95718666398424,1.9844751201129225,-0.256204575,1.903786540031433
AWVKSSM,0.6132619865330354,-0.705424568,0.0595032196158511,-4.070888458,0.2090258059540582,-2.258247029,0.0773664850453228,-3.69214746,0.0026530811134841,-8.5581155,0.0026530811134841,-8.5581155,-8.5581155,1.1669430555042544,0.2227341621197682,2.590989326010776,1.3735030721204615,1.1644834658177987,0.2196901552619497,-0.349880338,1.7668237686157229
AWVRSTS,0.8198205159624938,-0.286620001,0.0593535184083556,-4.074522636,0.062084972682558,-4.009612075,0.0411251747556409,-4.60383438,0.0125453403244476,-6.316704582,0.0125453403244476,-6.316704582,-6.316704582,0.9412270096054336,-0.087385374,1.341623145955897,0.4239794838984239,0.9098206005748124,-0.136345994,-0.742922425,2.1918132305145264
AWVRSAP,0.6066145343273887,-0.72114803,0.0854183251435864,-3.549310579,0.1157256736794717,-3.111219134,0.2296175841439966,-2.122694967,4.396858416331663,2.136473076934259,0.0053572063443888,-7.544303419,2.136473076934259,2.90187900358248,1.5369873662100648,4.355063077378906,2.122693614521664,2.879046652562383,1.5255911667669528,-0.738320887,2.152207612991333
AFVKSQP,1.1890735199272873,0.2498379190830657,1.0860172340778556,0.1190469975450139,0.1881129832546882,-2.41032867,0.1796116976703277,-2.477046783,0.0165238242238793,-5.919308571,0.0314266906377049,-4.991865831,-4.991865831,3.2178445720576936,1.686094642861551,0.2783965670323567,-1.844786674,3.269737403350136,1.709174775754876,1.5488516092300415,0.3150471448898315
AFVKSQL,0.8521476108553067,-0.230824736,1.4825669498413805,0.5680972555458134,1.493231103081874,0.5784374645134933,0.1354963833251739,-2.883673751,0.0118822422698374,-6.39504908,0.0118822422698374,-6.39504908,-6.39504908,2.6457813247136484,1.403693827002759,0.6372141641010662,-0.650149759,2.5829863343736057,1.3690400107096556,0.2617887854576111,2.732937812805176
AFVKSQS,1.692165384461081,0.7588705777259835,2.988910689133455,1.579619788863018,2.040577677171948,1.0289776296539868,0.1631973057661007,-2.615310855,0.6961697049134334,-0.522489061,0.0203769991307156,-5.616914585,-0.522489061,4.35890311674248,2.123965137954702,2.135390610829261,1.0944999952611294,4.39105942779538,2.134569059767464,1.2772300243377686,1.316996693611145
GYVRSEE,0.572271799039172,-0.805227581,0.0682081364445327,-3.873912343,0.1074772857244826,-3.217896302,0.0868327679715417,-3.525616616,0.0085277514141875,-6.873618901,0.0036805290594477,-8.085871123,-6.873618901,0.1068035498167008,-3.226968496,0.0640675322037953,-3.964262769,0.1128517157865244,-3.147499742,-0.278592497,0.6663272380828857
GYVRSDS,0.9064087277164428,-0.141766342,0.0244390332835931,-5.354668971,0.063282400349349,-3.982051866,0.0740358824425598,-3.755631529,0.0099581576775803,-6.649905425,0.0038936276896722,-8.004669345,-6.649905425,0.0725276732932266,-3.785324622,0.0555612829959222,-4.169776276,0.0720860974296478,-3.794135143,1.3637617826461792,0.4195084869861603
VYVRSET,1.0007485166211845,0.0010794772644501,24.30468300896688,4.603162412952398,0.0661399984661379,-3.918333178,0.1061480263500419,-3.235850548,0.0124668172510472,-6.325762994,0.0045241504142251,-7.788137389,-6.325762994,6.305183411181716,2.6565383376516247,18.883700774493864,4.239069622606489,6.129353384426232,2.615734884962325,1.1002568006515503,4.025928497314453
VYVRSES,0.986097632864701,-0.020197601,20.9198955593104,4.386803743965473,0.1107880410933486,-3.174125935,0.1663194701647488,-2.587971027,1.4976433595400611,0.582694109323403,0.0138783242908604,-6.171022807,0.582694109323403,6.18102669937165,2.627846496878295,18.208479477605863,4.186538548135292,5.9945618207739,2.583654302079843,1.1263809204101562,4.429779052734375
VFTRSQM,1.2977449123563425,0.3760068318386514,0.2717905594830376,-1.879432749,0.0765121183839798,-3.708167922,0.2199404939226797,-2.184814847,0.0198362527373862,-5.655716678,0.0122004893314917,-6.356917178,-5.655716678,3.168221568053371,1.6636732331303046,0.742745890231515,-0.429059378,3.113459557636068,1.638518539412125,0.4061805307865143,0.9125188589096068
VHRRLSE,0.2620472213334928,-1.932101284,0.1473076048221472,-2.763096183,0.6434013781705645,-0.636209069,0.1531400328075614,-2.707076623,0.0122668398244373,-6.349092559,0.006133713877449,-7.349023415,-6.349092559,0.1904089321037911,-2.392826938,0.3178930556177258,-1.653386594,0.1916794915507125,-2.383232109,-0.404593021,0.9520894885063172
VHRLGPN,0.4615116522573047,-1.115561021,1.2130219000444435,0.2786055972847229,0.429340804980965,-1.2198048,0.0154579870343535,-6.015503729,5.174886725174929,2.371527283323661,0.007039755496024,-7.150258962,2.371527283323661,1.313961283286163,0.3939227663497653,0.2482115485977765,-2.010357853,1.41522067300777,0.5010270276378672,1.9021788835525515,0.0201777052134275
VHRLGLQ,0.7640881605055758,-0.388188989,0.0845983750047609,-3.563226238,0.0698847963833085,-3.838877562,0.0405274504264914,-4.624956771,0.006665537368873,-7.229063096,0.0039776192002678,-7.973879119,-7.229063096,0.1337013982458881,-2.902913542,0.1619518470370955,-2.626363173,0.145321042141029,-2.782684478,1.0733038187026978,1.7129815816879272
VHRSLPD,0.8825149552012698,-0.180307368,0.0447782787330639,-4.481057117,0.0495604312100793,-4.33466745,0.0833050991726305,-3.585451383,0.0046775575973847,-7.740028866,,,-7.740028866,0.076852122374641,-3.701771087,0.0644876321340932,-3.954833692,0.0722510289207002,-3.790838057,2.821779727935791,0.6830852627754211
VYNRSQM,1.3026904030334208,0.3814942542207249,0.0854951346439643,-3.548013868,0.0999275138762287,-3.322974228,0.2228994381164277,-2.165535115,0.0308798022165073,-5.017192678,0.0116927848368241,-6.418237616,-5.017192678,0.3856720662226149,-1.374553438,0.30394723363257,-1.718107207,0.4318365075849428,-1.211442881,1.2864810228347778,0.0002977958065457
VYNRSEI,1.5580893953798496,0.6397780104029723,0.0773261312407493,-3.692900155,0.1982045650426506,-2.334937904,0.1190058821539265,-3.070895211,0.0222508053125727,-5.489998638,0.0242644815384891,-5.365010156,-5.365010156,0.0786060605152683,-3.669215641,0.0525750150099503,-4.249478833,0.079301380041731,-3.656510217,1.2372344732284546,0.6310378313064575
VYNRSEL,1.7602493336283396,0.8157797964261412,0.1222696853548696,-3.031861338,0.1895219626654636,-2.399563051,7.9161208312430755,2.984793633773088,0.0161203197605987,-5.954975829,0.3350840677786498,-1.577405002,-1.577405002,0.0735203099917211,-3.76571334,0.061475106624855,-4.023853858,0.0715247150189574,-3.805414345,1.1194186210632324,0.3301209211349487
VYTRNML,0.4790849949408929,-1.061646466,0.0834112807182031,-3.58361368,0.1322851354862436,-2.918277136,0.0501122164308633,-4.318693841,0.01055887713653,-6.565399768,0.0033082130828397,-8.239732123,-6.565399768,0.4244432030335082,-1.236356583,0.3689346237535847,-1.438562906,0.4621347803336493,-1.113614424,-0.287865549,2.2540478706359863
VYTRNEM,0.8756914553014922,-0.191505461,9.908472560459993,3.308662676050408,0.1983117548997766,-2.334157899,0.0630405866458957,-3.987575229,0.0162436776914481,-5.943977883,0.0101848360825499,-6.617433428,-5.943977883,3.2495666626020125,1.7002473441726451,1.6236512165279346,0.6992417543041065,3.1160971392789096,1.6397402077807055,1.121851921081543,2.105034828186035
VYTRNDV,1.216293621684378,0.2824915473777656,2.931638634370186,1.55170728200787,0.0675650207315425,-3.887579652,0.1730977759637781,-2.530340906,0.0318034604184436,-4.974672441,0.0216743771906944,-5.527865651,-4.974672441,1.4328357597396724,0.5188732486867242,0.196531385000344,-2.347168373,1.4196017674323358,0.5054862756965323,0.8777995109558105,2.10259222984314
VYTRTMG,1.0397789633079173,0.0562768721818894,0.1217498387988435,-3.038008233,0.1058366519563288,-3.240088766,0.05489374763351,-4.187214353,0.0167848676272863,-5.89669503,0.0046355702748165,-7.753037452,-5.89669503,0.1494905002701622,-2.741874287,0.177103172363278,-2.49733804,0.1528344580258387,-2.709958245,0.4366802871227264,2.635739088058472
VYTRTQV,1.5355150613238584,0.6187226632683129,22.045628813133373,4.462420722789133,0.099120562447517,-3.334671816,2.1740880132583524,1.1204103459407246,0.0167411685141884,-5.90045596,0.0210252535791503,-5.571732989,-5.571732989,5.142486612522376,2.362466132975252,12.250343576648495,3.614750306921408,4.65127934801257,2.2176275883015704,1.0643280744552612,4.303813457489014
VYTRTDI,1.1113219318905443,0.1522768025629688,0.0531150277165429,-4.234736092,0.046980408888855,-4.41179692,0.1556846331421312,-2.683301545,0.0248120223829024,-5.332816858,0.0067433097746045,-7.212327411,-5.332816858,0.6879817286488602,-0.539557844,0.120773123746922,-3.049628655,0.6674322786232934,-0.583306634,0.4803725779056549,2.604669570922852
VYTRTEM,0.9390792517359284,-0.090681178,7.044442485373224,2.816485532593888,0.1738038937602614,-2.524467691,3.528043372315969,1.818868296904656,0.0071794806826487,-7.121904792,0.002934174294981,-8.412829713,-7.121904792,3.268725059253642,1.708728033473274,0.8100595769172702,-0.303900078,3.103400314246191,1.6338498051900838,0.6459608674049377,2.7211484909057617
VYTRTAE,1.7599079020693107,0.8154999330077897,0.0850233467295583,-3.555997142,0.0696751048600443,-3.843212921,0.1487999930777956,-2.748553636,0.0166317657124601,-5.909914849,0.0109698238782015,-6.510315826,-5.909914849,0.0848119092355125,-3.559589328,0.0497558641075633,-4.328989621,0.0822495536546717,-3.60384834,1.399921417236328,0.3892232477664947
VYTRTGV,1.7821179832000225,0.833592852091623,0.0500343609490542,-4.320936988,0.0699914216437505,-3.836678078,4.7560747511280255,2.249771390069737,0.0338207433011558,-4.885947823,2.309354289504251,1.207489521098685,1.207489521098685,0.2695437954887567,-1.891408394,0.2277900287480318,-2.134223499,0.2723495528120555,-1.876468597,1.4816445112228394,1.792783260345459
VYTRIET,1.2654932509114365,0.3396998133335712,13.503192615025409,3.755228644779584,0.3155995286555914,-1.663833044,0.167208034664467,-2.580283922,0.0278056800157487,-5.16847657,0.0108294901744442,-6.528890864,-5.16847657,5.184007667157865,2.37406785197301,4.410672310194248,2.140998579741186,4.752705226927044,2.2487489253435355,0.1282406449317932,2.279244899749756
VYTRISS,0.7952720757378061,-0.33047958,0.1421321234112624,-2.814695439,0.1400479420313201,-2.836007311,0.2516993308663593,-1.990226714,0.0108772354362934,-6.522544263,0.0188955300017902,-5.725811204,-5.725811204,0.3998718500821533,-1.322390372,0.3710841861247747,-1.430181573,0.3846637491392152,-1.378330219,1.0363225936889648,1.2756308317184448
VYTRMET,0.789657935796664,-0.340700253,1.8458271318102764,0.8842674458557964,0.2230377500876712,-2.164640182,0.0912539619836104,-3.453968992,0.0216390979553013,-5.530215829,0.011675607546613,-6.420358566,-5.530215829,4.685461955573926,2.2281912950904834,2.798132415708704,1.4844642366149023,4.285236036871082,2.099374672212872,-0.099539995,2.6022379398345947
VYTRMEH,1.2662958761494467,0.3406145368205983,2.094464424313224,1.066581379404829,0.1716392673713445,-2.542548447,0.0815185780905757,-3.616727303,0.0184890267944579,-5.757186902,0.4209204784556704,-1.248380394,-1.248380394,3.9375859846175554,1.9773114278115105,4.246369555220059,2.086229932308476,3.725374111959861,1.8973853121164872,-0.10292004,2.4973678588867188
VYTRMEA,0.8316665161320823,-0.265922946,0.0959553600136624,-3.381492793,0.0838758715683523,-3.575600337,0.0896387440839501,-3.479733754,0.0092533136414813,-6.755814193,0.0134628067474446,-6.214876973,-6.214876973,0.1407615283826093,-2.828675011,0.0832467106441354,-3.586462922,0.1281709847645973,-2.963858392,0.3010457754135132,1.9230865240097048
VYTRMEG,1.094099588363749,0.1297440627185953,0.0864368692321227,-3.532209371,0.0679842403012789,-3.878655842,0.0451183893981813,-4.470140621,0.0146344417802158,-6.094488473,0.212879766251438,-2.231889264,-2.231889264,0.0873007203068945,-3.517862632,0.0663888562223106,-3.912915093,0.0822890478748828,-3.603155759,0.509469747543335,1.4607069492340088
VYTRMES,0.9992762786450756,-0.001044487,0.0854965728649906,-3.547989599,0.0812644177445619,-3.621232394,0.1282857190919973,-2.962567518,0.0187874354946972,-5.734088039,0.0122290554305003,-6.353543215,-5.734088039,3.733523297093236,1.900537733449644,2.1615277460665547,1.1120513552510307,3.3725046223324,1.7538204205231236,0.0983784422278404,2.3202245235443115
VYTRHEP,0.7153716241637069,-0.483235201,0.1152182978231644,-3.117558245,0.1207148157434185,-3.050325341,0.1054497533036826,-3.245372375,0.0138795255658348,-6.170897936,0.017447291325024,-5.840853113,-5.840853113,0.1191805627991151,-3.06877913,0.4023760010851936,-1.313383834,0.1245192658688127,-3.005559119,0.2725029587745666,1.256977677345276
VYTRHEA,1.1731454966074593,0.2303819513177294,0.9916562942562356,-0.012087922,0.1118224373805168,-3.160718398,27.84269704622664,4.799227062782125,0.0049087669422564,-7.670423612,0.0142722005929042,-6.130648392,-6.130648392,0.7863327298275471,-0.346788189,0.2840757214599996,-1.815652558,0.7482093201699798,-0.418486158,0.9139025807380676,1.4886239767074585
VYTRHEV,1.288101968825344,0.3652468047069805,22.556015007862364,4.495440302862678,0.1322589754398276,-2.918562464,0.1959784456525464,-2.351233104,0.0524368311827311,-4.253275685,0.0248735405302511,-5.329244313,-4.253275685,5.54687150398628,2.471674305108304,12.117404011747754,3.599008749100032,5.320442272251766,2.4115461775804965,0.5755630731582642,2.818786382675171
VYTRPMQ,0.75412486775629,-0.407124671,0.4127278100060984,-1.276737443,0.602105554577064,-0.731911668,0.1551215327124892,-2.688529131,0.023127751670437,-5.434231166,0.018377941091214,-5.765881041,-5.434231166,0.1866732675371419,-2.421412753,0.1837831072034502,-2.44392393,0.1991573976109493,-2.328019026,0.3119141161441803,2.0096688270568848
VYTRPME,0.8929902017058591,-0.163283749,0.2386119579473605,-2.06726175,0.4707447832198108,-1.086982988,0.1942285742114242,-2.364172634,0.0152156721326583,-6.038298125,0.011259916442935,-6.472660068,-6.038298125,0.0823141828620738,-3.602715159,0.1231892824534216,-3.021051349,0.0851420597602032,-3.553984197,0.8214220404624939,1.118475317955017
VYTRPMV,0.8565893773712875,-0.223324309,1.4680096247026928,0.5538614269449719,0.3873349987918799,-1.368346229,0.0724220679270542,-3.787426818,0.0117100242682591,-6.416112124,0.0063271569804236,-7.304226894,-6.416112124,0.7679400861731842,-0.380934337,0.6007986532968197,-0.735046516,0.8480352895590119,-0.237803794,-0.508682609,2.7578396797180176
VYTRPLV,0.5387157165031479,-0.89240394,0.6224318881706966,-0.684012121,0.3222529788751032,-1.6337344,0.0846801251910678,-3.561832788,0.0149744077171521,-6.061357249,0.0197942124032445,-5.658777525,-5.658777525,0.4051993280849844,-1.303296313,0.3528080385135949,-1.503044663,0.4950744001666735,-1.014282744,-0.424790889,3.5588653087615967
VYTRPDI,0.8227373752578336,-0.281496111,0.1295237491089237,-2.948711444,0.1179524137069621,-3.083723154,0.1353493469032586,-2.885240169,0.0172621659894095,-5.85624269,0.009640094239115,-6.696737035,-5.85624269,0.0750783825081555,-3.735458621,0.0488758553249115,-4.35473424,0.0708358573575707,-3.819376347,0.3690511584281921,2.153272151947021
VYTRPDA,1.3903223073729636,0.4754193702486661,0.123142672115225,-3.021597315,0.1463578163511134,-2.772428299,0.2508619075020639,-1.995034676,0.0295991866714228,-5.078298656,0.0213312065608243,-5.550890618,-5.078298656,0.1160542263867166,-3.107129032,0.0694451040240313,-3.847983204,0.1148633699289944,-3.122009301,1.1925063133239746,1.004944920539856
VYTRLHE,1.072510034733977,0.1009911460867972,0.0626777972195588,-3.995901712,0.0793475101160525,-3.655671237,0.1003856270917085,-3.316375371,0.0281447499587491,-5.150990359,0.0059425572001893,-7.3947004,-5.150990359,0.4677649190567632,-1.096144427,0.2133655683846357,-2.228600713,0.4499035089386001,-1.152312476,0.5281698703765869,2.0238516330718994
VYTRAQY,0.5434816585666752,-0.879696747,0.5972148771505319,-0.74367799,0.1754284191737131,-2.511045613,0.0232861333755571,-5.424385087,0.0046546088642089,-7.747124344,0.0198403024674749,-5.65542217,-5.65542217,1.02194510149261,0.0313176973208656,0.8417487801201521,-0.24853837,1.0682077787467956,0.0951922951642217,-0.888559043,2.5690622329711914
VYTRVHA,0.3696887606264289,-1.435616912,0.1391104742090726,-2.845697044,0.1123469903093633,-3.153966619,0.2419872691801847,-2.046996945,0.0255906158422121,-5.288241323,,,-5.288241323,0.1632249270671672,-2.615066698,0.145735320499495,-2.778577523,0.1786684620241346,-2.484643098,0.2326028198003769,2.1222658157348637
VYTRVDS,1.1942585651185176,0.2561152237295876,0.080580162381353,-3.633431477,0.1142391250996773,-3.129871259,0.2161375306590611,-2.209978488,0.0229859415330537,-5.443104428,0.0264353464786729,-5.241387954,-5.241387954,0.1191519253178454,-3.069125831,0.087040134536327,-3.522175403,0.1214106629064341,-3.042032963,0.3043854832649231,1.5847547054290771
VYTRVGS,1.756260287467789,0.8125066760867562,0.0268712579508554,-5.217792329,0.0966030906160007,-3.371786844,0.1519024516838895,-2.71878294,0.0184709443872819,-5.758598559,0.0155613045381966,-6.00589318,-5.758598559,0.1622532250150981,-2.623680941,0.1819638550655615,-2.45827619,0.174057346105008,-2.52236539,1.1031278371810913,0.5140874981880188
VYTRSQF,0.5967061095263101,-0.744907547,9.432911936741371,3.2377031991294407,0.1276663901239469,-2.969549329,0.1982206926469032,-2.334820519,0.0277474308722845,-5.171501991,0.0179209445833783,-5.802209508,-5.171501991,3.576698661279722,1.838628575646421,10.486518714038366,3.3904639103080227,3.4964690218616625,1.805898723204656,-0.774172366,3.160186290740967
VYTRSGT,1.6411965491391622,0.714748025864502,0.0259234761776339,-5.269597002,0.0555320169407433,-4.170536394,0.1068869677283981,-3.225842133,4.820741030553527,2.269254930466121,0.0122690273723013,-6.348835306,2.269254930466121,0.4836148201400742,-1.048069639,0.2900806996848653,-1.785473785,0.5102825208998639,-0.97063187,1.642159938812256,1.80414879322052
VYTISVA,0.4762741390526802,-1.07013588,0.1204528585805012,-3.053459463,0.0629693881021181,-3.989205542,0.1113501757673067,-3.166824259,0.0093916933880123,-6.734398975,,,-6.734398975,0.1116933925019078,-3.162384253,0.0846034711037786,-3.563139334,0.1055001672684388,-3.244682809,-0.984439909,0.2039848864078521
VYIRGET,0.8317511517402426,-0.265776136,0.0579310678353095,-4.109518932,0.0841546122661121,-3.570813846,7.025144355559852,2.812527870730089,0.0044184893650689,-7.822231073,,,-7.822231073,0.1171695603467719,-3.093330276,0.0782547334181702,-3.67567817,0.1317369928045815,-2.924267572,0.4133642911911011,0.3208437860012054
VYMRGEQ,0.6835960928059416,-0.548783944,0.0899012705807828,-3.475514684,0.1087907545923337,-3.200372138,38.86129929687425,5.28026223198717,0.0040634594676161,-7.943075781,0.0169223271408588,-5.88492821,-5.88492821,0.1164022748724893,-3.102808841,0.12300354514631,-3.023228198,0.1022774987623498,-3.28943931,0.0171734355390071,1.0452203750610352
VYQRSEV,0.951554733296612,-0.071641452,0.0858765084046346,-3.541592655,0.0668702043239156,-3.902492664,0.1810703153919177,-2.465378044,0.0063132210971821,-7.307408008,0.0162038953729183,-5.947515515,-5.947515515,0.065142290129458,-3.94026175,0.0653160908602072,-3.936417741,0.0767928613323876,-3.702883986,1.375816822052002,0.2961545586585998
VYPRTQA,0.626695199082927,-0.674164154,0.051574181692612,-4.277207164,0.1104614534499345,-3.178385079,0.1111312565449478,-3.169663452,0.0196302376256997,-5.670778553,0.0248581802083503,-5.330135505,-5.330135505,0.1554755127805937,-2.685240719,0.129645901013658,-2.947351501,0.1341061534294438,-2.898552658,1.852512001991272,0.4259142875671386
VYPRPQI,0.9276769866365124,-0.108305543,0.0734193330265833,-3.767696181,0.1913036650989569,-2.386063581,0.0644848492127677,-3.954895952,0.0080199466354457,-6.962191648,0.0138454536082606,-6.174443869,-6.174443869,0.1002429244323366,-3.318427686,0.0840473677240339,-3.572653553,0.0919516544178759,-3.442980658,-0.071400635,0.1068386733531951
VYPRSEI,1.5912763060089028,0.6701843640778615,0.0306256670089813,-5.029114924,0.0798305747568645,-3.646914792,0.2174186763670527,-2.201452221,0.0219461629016404,-5.509887471,0.0219655797004753,-5.508611615,-5.508611615,0.0750634758028505,-3.735745094,0.0627280318034981,-3.994745893,0.0735401758640608,-3.765323563,0.5506274700164795,0.9222667813301086
VYPRSDV,0.6686873141507985,-0.580596347,0.0580399754424412,-4.106809281,0.0693814737499323,-3.849305704,0.1207504286785868,-3.049899784,0.0036226704425343,-8.108730716,0.0249764776007858,-5.32328616,-5.32328616,0.0632780206859455,-3.982151716,0.0543089438662338,-4.202666382,0.0559692662740829,-4.159221355,0.7666777968406677,0.7493751645088196
VYAKTML,1.0238545955399412,0.0340108430835454,0.9435944848514572,-0.083761109,0.2138213089488899,-2.225522459,6.98955148888302,2.805199882564304,0.8096348441970771,-0.304656714,0.0042211593721896,-7.888144985,-0.304656714,3.2232157404450144,1.6885007559598202,0.8280782720771774,-0.272160953,3.1383662586448065,1.6500137298382862,0.4946673214435577,2.358755588531494
VYAKTQM,1.143087992065823,0.192936462897004,12.522490395500576,3.646449599965389,5.2164317692922335,2.383063287827522,29.46770372197476,4.881062737365133,0.0245790951420743,-5.346424385,0.8982234943317754,-0.154853637,-0.154853637,4.032947662359435,2.011834683268104,1.0218708501386673,0.0312128717762034,3.869294903866252,1.952070690045432,1.4469460248947144,2.597377300262451
VYAKTQL,1.187534989700992,0.2479700218431047,13.9674003212589,3.803991619382733,1.0939982736564502,0.1296104615406676,12.86332387188328,3.685191576890249,0.0174808938013721,-5.838077238,0.486173183934021,-1.040457775,-1.040457775,4.024311900172139,2.0087421240782435,0.4968749249512451,-1.009045358,3.60191084182106,1.848762470623821,1.7031376361846924,2.807767152786255
VYAKPNM,1.260377462247834,0.3338558617895797,0.0232989674528932,-5.42359017,0.1596099496266574,-2.647377507,0.0154730807735396,-6.014095716,0.0023169642892668,-8.753548476,0.3434157641071273,-1.541971829,-1.541971829,0.0908230466466064,-3.460797757,0.0737444535757371,-3.761321643,0.0805443852683598,-3.634072167,1.9803712368011477,0.5535751581192017
VYARNQI,1.3405985093897588,0.4228772348269184,3.917214785535835,1.969828235138794,0.0796728471248084,-3.649768059,0.1362290778835095,-2.875893418,0.5175206478274029,-0.950311671,0.0340852367189841,-4.874709187,-0.950311671,2.491882693823922,1.3172361546292202,12.68013724311079,3.6644984554186095,2.6737000852021446,1.4188376442426744,0.4951060712337494,3.193109035491944
VYARTIA,0.5906476928931416,-0.759630241,0.1106038599462935,-3.17652636,0.1644327446134929,-2.604430474,0.0308544273271295,-5.018378672,0.0035760906509793,-8.127400977,0.0053384444976503,-7.54936485,-7.54936485,0.169876272514527,-2.557443737,0.1702102468780598,-2.554610203,0.1707670719931172,-2.549898279,0.3705528974533081,1.5851397514343262
VYARIQG,0.8182542416563565,-0.289378919,0.0676050092586257,-3.886726041,0.0808228117715787,-3.629093647,7.508334879245204,2.9084929972455296,0.0233291730835751,-5.421721019,0.0046593641938733,-7.745651183,-5.421721019,0.2131530904327704,-2.230038122,0.3441423064400974,-1.538922837,0.191331870027886,-2.385850892,0.4202975630760193,2.5656371116638184
VYARIAV,0.4587506289036736,-1.124217959,0.1244608293396127,-3.00623633,0.1974169738492996,-2.340682057,0.0688595914492234,-3.860198568,0.0108274126161624,-6.529167661,0.0064611931383637,-7.273983684,-6.529167661,0.2319980225820647,-2.107815586,0.4235175693473317,-1.239506275,0.2276403066645945,-2.135172067,-0.648896158,2.341270923614502
VYARHED,1.3517262362533364,0.4348029936377242,0.0595522010588156,-4.069701358,0.0570272037014441,-4.132205897,3.062021988275581,1.6144846428188373,0.0223049902878682,-5.48648967,0.2737957310237854,-1.868828142,-1.868828142,0.076083186965053,-3.716278511,0.0646141588875288,-3.952005853,0.072592276538319,-3.784040129,0.7168001532554626,0.5935768485069275
VYARQGS,1.0548093252268187,0.0769822307700004,0.0458189191441277,-4.447912764,0.0760143821651622,-3.717583783,0.1513375400492723,-2.724158195,0.0085387796880894,-6.871754382,0.017778971938996,-5.813684286,-5.813684286,0.1631299413779032,-2.615906492,0.1467178279945296,-2.768883908,0.1586893102093327,-2.655723148,1.3544191122055054,0.6435959935188293
VYARPNA,1.471183229772574,0.5569769394697213,0.064985889951752,-3.943729683,0.0772923335331104,-3.693530866,0.0688131683984479,-3.861171518,0.0106733153379506,-6.549847815,0.0027386786211445,-8.512304306,-6.549847815,0.1216316508903712,-3.0394094,0.1311555003905032,-2.930649782,0.1313740806302279,-2.928247427,1.2572226524353027,1.163017988204956
VYARPDP,0.825088539071455,-0.277379154,0.0742426767315907,-3.751607464,0.0701065562359948,-3.834306821,0.0474999300908017,-4.3959308,0.0146875543735983,-6.089261997,,,-6.089261997,0.0618254850375961,-4.015654537,0.0577509264966003,-4.114012098,0.0694037748967694,-3.848842056,0.5025791525840759,1.6408276557922363
VYARPDA,1.0004425714149972,0.0006383543373816,0.0431106530520597,-4.535811773,0.0873824679747174,-3.516512337,0.0913138702463421,-3.453022173,1.5875598667495372,0.6668109968197065,0.0065527377638624,-7.253686487,0.6668109968197065,0.0724919171243476,-3.786036047,0.0718902640326587,-3.798059787,0.063442253486519,-3.978412173,0.7131568193435669,0.6468978524208069
VYARPAA,0.8486980549055154,-0.236676724,0.1118099280968903,-3.160879798,0.2001551050636787,-2.320809682,0.0328703131175979,-4.92707099,0.0119047148370664,-6.392323127,0.0020995252485774,-8.895721147,-6.392323127,0.1366007654945583,-2.871962527,0.1498630047177288,-2.738283812,0.142159235175563,-2.81442027,1.5956629514694214,0.5317184925079346
VYARRSE,0.6852822198854404,-0.545229839,0.0957681558434971,-3.384310169,0.2550022821855245,-1.971417936,0.1034162198644445,-3.273465618,0.0054117756245248,-7.529682259,0.0176527276536943,-5.823965068,-5.823965068,0.2295386326751512,-2.123191107,0.2373910167440714,-2.074662753,0.1989535301275201,-2.329496597,0.5762256383895874,0.1244041472673416
VYARDAP,0.9793311744628624,-0.030131285,0.0516666693798287,-4.274622304,0.0393743745125405,-4.666599184,0.0458747571525873,-4.446155669,0.0021105613028343,-8.888157551,0.0021436553384958,-8.86571132,-8.86571132,0.0820992948615309,-3.606486359,0.0691762378102314,-3.853579636,0.0769109178590755,-3.70066778,1.0026328563690186,0.3467687964439392
VYARDVA,0.6937404291918307,-0.527532132,0.0366877327867248,-4.768558438,0.0524551705479881,-4.252771202,0.0197730084891008,-5.660323794,0.0040272594566249,-7.955985864,0.0032640115254112,-8.259138133,-7.955985864,0.0739185098729204,-3.757920516,0.0636369176994675,-3.97399223,0.0872067967621518,-3.519415609,0.3678317666053772,1.305489420890808
VYARVQM,0.624049239631255,-0.680268228,0.121346041020348,-3.042801054,0.1553244357282064,-2.686643282,0.0705705624037867,-3.824789682,0.0309183436610416,-5.015393156,,,-5.015393156,0.5420480780787968,-0.883507275,0.4858203423179297,-1.041505195,0.585703872556155,-0.771756662,-0.939422309,3.4711577892303467
VYARVEH,0.8648262738668419,-0.209517741,0.1771934903475274,-2.496602491,0.3042813743629482,-1.716522068,0.0384960404219897,-4.699146127,0.0054355527585232,-7.52335753,0.0025091337286988,-8.638594921,-7.52335753,0.1045126412238023,-3.258250642,0.1294028029259669,-2.950059228,0.10298657185118,-3.279471854,0.0938168540596962,1.8173065185546875
VYGKSMM,0.9706788248749996,-0.042934075,0.0996694693136553,-3.326704543,0.4327824745396407,-1.208286016,0.1188070280583452,-3.073307913,0.0140977547084879,-6.148390781,0.4374159982034948,-1.192922108,-1.192922108,0.1289228912030767,-2.955419647,0.1753049867246771,-2.512061059,0.1372467772273827,-2.865155822,1.050825595855713,1.2325955629348757
VYGRNVS,1.0340870738661363,0.0483576709002799,0.0492647279030314,-4.343301101,0.092556108016491,-3.433527989,0.2177798301486534,-2.199057751,1.2062990452442477,0.2705876001152037,0.0228811370858985,-5.449697441,0.2705876001152037,0.1520228001350273,-2.717640382,0.1649860207340788,-2.599584305,0.1482946051624838,-2.75346198,0.9921499490737916,0.3417977392673492
VYGRTVT,1.167900013472787,0.2239167671617874,0.0677991493511508,-3.882589017,0.0246673625414887,-5.34125272,0.0965876034380913,-3.372018152,0.0144806429182313,-6.109730532,0.0148033072691133,-6.077936659,-6.077936659,0.1269194424042344,-2.978015007,0.1251916514332461,-2.997789737,0.1413437403610768,-2.822720102,0.8355993032455444,1.073580622673035
VYGRTVQ,0.9378468552913416,-0.092575736,0.0769166492234595,-3.700560275,0.1982743522226026,-2.334430025,2.961124073054957,1.5661449416572912,0.026657570437825,-5.22931089,0.6943875859546297,-0.526186939,-0.526186939,0.1257426242675672,-2.991454317,0.1551588695990748,-2.688181925,0.1402135870217573,-2.834301938,0.4537449479103088,1.499825119972229
VYGRIPV,0.789415668530792,-0.34114294,0.081343915019108,-3.619821762,0.1651128474213237,-2.598475714,0.1217131835697946,-3.03844265,0.015365308494481,-6.024179457,0.007017593114077,-7.154807983,-6.024179457,0.1218874916955282,-3.036378013,0.0959879247144468,-3.381003264,0.1092377219334349,-3.194456962,-0.345795751,1.7729830741882324
VYGRLLT,0.4940387251329163,-1.017303963,0.1892572890509063,-2.40157923,0.1030548748357057,-3.278515344,0.0237417062115864,-5.396432571,0.0038978498815845,-8.003105756,,,-8.003105756,0.4565187726622181,-1.131253908,0.7581365892867442,-0.399470301,0.5083448688515354,-0.97612052,-0.58022958,3.249509572982788
VYGRAVS,0.5880637654352148,-0.765955496,0.0624896093745047,-4.000239868,0.1019796422792983,-3.293646912,0.1192008681422566,-3.068533352,0.0128139454757623,-6.286141433,0.0128139454757623,-6.286141433,-6.286141433,0.1840113564083374,-2.442133289,0.1927060767620387,-2.375526029,0.1575701695878788,-2.665933658,1.0512558221817017,0.7232305407524109
VYGRVQS,0.6729138261913218,-0.571506331,0.192915556309692,-2.373958611,0.267404450209768,-1.90290462,4.862474052426811,2.2816905514797976,0.009337504258812,-6.742747289,0.0102767010145385,-6.604478979,-6.604478979,0.1626411246649317,-2.620235998,0.1912801401049486,-2.386241003,0.1704992435499604,-2.552162756,0.3982876539230346,1.2835252285003662
VYGRVET,0.6823587983308667,-0.551397557,0.0869865267317373,-3.523064229,0.1272365322667228,-2.974415137,0.2997140370578686,-1.738341441,0.0048851337069642,-7.677386235,0.0163128123382777,-5.937850665,-5.937850665,0.0937300023237857,-3.415345271,0.0736342004992318,-3.763480187,0.0804025132212065,-3.636615592,0.2151898443698883,0.7584251761436462
VYVRTEK,0.7192783405399967,-0.475377934,4.339081726771232,2.117389759627153,0.1221208269277021,-3.033618831,0.0835636034415678,-3.580981484,0.0123686873677161,-6.337163788,0.0017020598653107,-9.198502504,-6.337163788,2.2402022219909594,1.163628969557564,3.829170373688924,1.937031852355172,2.5458767068491563,1.348162553283132,1.0327081680297852,2.204168796539306
VYVRTEH,0.6462567907098189,-0.62982056,18.40611197370288,4.202113005189999,0.076334589422323,-3.711519257,0.014960855982809,-6.062663469,0.0182305826115928,-5.777495522,0.0061675885713431,-7.341077756,-5.777495522,5.907701013619384,2.5625968137324326,11.39981774619246,3.510938854473331,5.675189186523928,2.504668486484702,1.0000567436218262,2.740816593170166
VYVRMTA,0.4219911081707325,-1.244715495,0.1624652679123142,-2.621796765,0.1705398266907593,-2.551819399,0.10111879545703,-3.305876912,0.0152805571244746,-6.032159045,0.0152805571244746,-6.032159045,-6.032159045,0.1674946684008587,-2.577812922,0.2735380986888899,-1.870186308,0.1825259758982255,-2.453826301,-0.688712537,2.738537311553955
VYVRHME,0.4139227491897248,-1.272566554,0.1494615236219092,-2.74215396,0.1861707993978142,-2.425301289,0.1320912390557073,-2.920393312,0.0099470361333376,-6.651517567,0.0048106414659373,-7.699555004,-6.651517567,4.943528100958635,2.3055410331088058,4.196159271963223,2.069069438761365,4.590922315407041,2.198784019912348,-0.655547917,1.7069371938705444
VYVRHDT,0.7118531728564963,-0.490348394,5.334948304021959,2.415474291313524,0.1535644653491285,-2.703083678,1.972062393130691,0.9797051971703172,0.0076794199429422,-7.024786942,,,-7.024786942,2.213737595861139,1.146484223209936,2.3395858843931068,1.2262531898923972,2.1260408975668845,1.088169349526319,0.7223833203315735,1.947282314300537
VYVRHDA,0.8850887536202008,-0.176105964,0.0804728177037412,-3.635354641,0.0940937690117808,-3.409757,0.1196053865063706,-3.063645731,0.0088313400402014,-6.82315192,0.0044583182194271,-7.80928469,-6.82315192,0.0980736097654274,-3.34999121,0.220812699026371,-2.17910495,0.0963422583181842,-3.375687448,1.0472419261932373,1.617255449295044
VWTRSQT,0.3279780255882638,-1.608328937,0.1712174199147651,-2.546098604,0.1125573058659765,-3.151268393,0.0278829892796775,-5.164470952,0.0104647001802781,-6.578325212,,,-6.578325212,1.4428433243460228,0.5289146487820247,2.231028759907914,1.1577091113001576,1.354995018838083,0.4382875480287377,-0.671036184,1.930397868156433
VWAKSIS,0.8670893416382665,-0.205747444,0.0576355353998827,-4.116897605,0.1237097729930479,-3.014968618,0.0625616949280949,-3.998576591,0.0197440929312305,-5.6624351,0.0133420815317014,-6.227872427,-5.6624351,0.4119880331916917,-1.279325662,1.1420840424758605,0.1916688181280026,0.3974065646066159,-1.331312391,-0.272868097,2.102604866027832
VWAKSQT,0.9665050940342867,-0.049150759,4.297210015752886,2.103400287067904,2.2730379999630927,1.1846218028975353,0.0566423349789873,-4.141975451,0.0105768893842222,-6.56294079,0.0095027700381501,-6.717436167,-6.56294079,3.1998974514697025,1.678025671166783,5.020681599822068,2.327883235477194,3.1624783494329205,1.6610556030408838,0.6940478086471558,1.98850417137146
VWAKSQS,0.7920514468589411,-0.336333953,0.2647718489527788,-1.917178355,0.6771960340337245,-0.562354571,0.0751204157426542,-3.734651142,0.0201099565089284,-5.635946228,0.0058560359073601,-7.415859885,-5.635946228,1.5417610348331252,0.6245791721418136,4.077846506992684,2.027807472321636,1.5270008904761263,0.6107009034478733,0.80580073595047,2.422243595123291
VWVKSNP,1.641980281979761,0.7154368023527334,0.2441000067234075,-2.03445576,1.1652917503498357,0.2206912030237174,0.0883496942168455,-3.500631048,0.0168856204707627,-5.888060997,0.0041975735912776,-7.896228666,-5.888060997,1.908628098250256,0.9325360167911282,1.6043978502944976,0.6820319382237073,1.904298706709917,0.9292597963394776,0.9950315952301024,2.5010085105896
VWVKSNV,0.8074818261638431,-0.308498305,1.2897234621011762,0.3670617612888643,2.819009152640671,1.4951881619976826,0.0400125372144469,-4.643404076,0.0034306861461759,-8.187287137,0.0134100784075733,-6.220538517,-6.220538517,3.5083614230084925,1.810797378433504,7.91146822737311,2.983945458008744,3.5575244453588075,1.8308736701956805,-0.251347542,3.04711651802063
VWVKSTT,0.7139955569902708,-0.486012998,0.4169035674828914,-1.262214377,0.854203620854334,-0.227348082,0.0147411682803428,-6.084005323,0.0048568126079862,-7.685774461,0.0044839569663118,-7.801011852,-7.685774461,2.7340409527885683,1.451034853018034,5.103372529945322,2.351450957710747,2.8952622244370843,1.5336940192896986,0.1193733066320419,2.0177226066589355
VWVKSMP,0.538509938972583,-0.892955123,0.1510200807824061,-2.727187701,0.1463131435992211,-2.772868719,0.0696711844325408,-3.8432941,0.0119472537289682,-6.38717716,0.0110300676411138,-6.502414552,-6.38717716,3.3858861321518567,1.7595334560031577,2.076656189171032,1.0542623836184295,3.363204267263185,1.74983640491806,-0.95128268,2.533652782440185
VWVKSQN,0.7341911091023164,-0.445772451,6.311217218978622,2.6579182788099835,7.408270268561906,2.889136731967674,0.0963074060683638,-3.376209444,0.0073573302155426,-7.08660194,0.0073573302155426,-7.08660194,-7.08660194,3.9188118974685526,1.970416325401932,12.303742336609035,3.6210252908819327,3.869481460842391,1.9521402475081848,0.3016906380653381,2.9472622871398926
VWVKSHP,1.063664409519183,0.0890430464304438,0.4224809288987525,-1.243041876,1.0037152321091725,0.0053500148086811,0.1166343248943548,-3.099935666,0.0113664438317113,-6.459075234,0.0015993109062481,-9.288333858,-6.459075234,1.3336791472630338,0.4154116287948284,1.7446490890969788,0.8029368883951887,1.323601847588307,0.4044692105925146,0.0154957929626107,2.1057965755462646
VWVKSPE,0.885782333482035,-0.174975871,0.0911549921751998,-3.455534521,0.1787571726490592,-2.483926964,0.0685706667821972,-3.866264639,0.0030010649814624,-8.380309727,0.0044800371134305,-7.802273601,-7.802273601,0.0873483313149965,-3.517076047,0.09151900477523,-3.449784826,0.088755606837986,-3.49401793,-0.575215697,0.2952356934547424
VWVKSAP,1.1409633147153326,0.1902524055362254,0.0473662643249253,-4.399996296,0.1220125111998192,-3.034899005,0.1273023237130837,-2.973669341,0.0058503898902248,-7.417251511,,,-7.417251511,2.8505892275412754,1.511260160606775,1.960137920863116,0.9709551700265904,2.8254097813798595,1.4984601229937056,0.3022573888301849,2.457808494567871
VWVKSVS,0.5714524154012565,-0.807294724,0.0642690762093919,-3.959731454,0.1212030904380229,-3.04450161,0.0543085395016216,-4.202677124,0.012383582830561,-6.335427413,0.012383582830561,-6.335427413,-6.335427413,3.424113129752871,1.7757303679298386,8.001774199161048,3.000319918067812,3.516804662557276,1.814265204116968,-0.878739834,3.0643038749694824
VWVKSSQ,0.4486931034391715,-1.156199085,1.5268892488412344,0.6105954217011571,1.820361654465837,0.8642251016721819,0.0882866787089828,-3.501660419,0.0055667838271244,-7.488940224,0.0055667838271244,-7.488940224,-7.488940224,2.3865831546688034,1.254946604455614,4.096782504247551,2.034491303027508,2.3430571781788783,1.2283921610591737,-0.231999665,2.80260968208313
VFTRSQT,0.8461442754349157,-0.241024418,0.0863708510801919,-3.533311684,0.0761746726875953,-3.714544794,0.147954856763284,-2.75677104,0.0127313541592286,-6.295470311,0.0076898847923224,-7.0228223,-6.295470311,3.05750383150092,1.6123543066623636,1.1923504413318025,0.2538083177356746,2.886152351190819,1.5291474573156592,0.945121169090271,1.97163188457489
VFVKSQP,0.47396714090065,-1.077141051,0.3316157428818767,-1.592415597,0.5819588427005824,-0.781010968,0.2484562832798912,-2.008936068,0.0187608286264595,-5.73613264,0.0257553529498338,-5.278983879,-5.278983879,1.3180376330588233,0.3983915632535777,0.2029170653393075,-2.301037894,1.3778318405943826,0.4623998230608142,1.0662761926651,0.6520761847496033
VFVRSQT,0.6878370905250472,-0.539861182,0.127974026742638,-2.96607706,0.0593245721524235,-4.075226399,0.0598023891707619,-4.063653067,0.0165212151301727,-5.919536389,0.0121245206268329,-6.365928482,-5.919536389,4.391153602449389,2.1346000007856,6.390161488653381,2.675852390630096,4.368108400070214,2.1270086589828634,0.7918592095375061,0.7476153373718262
VFVRSEP,0.8844675438792975,-0.177118892,0.0735666387707007,-3.764804513,0.0820596309592194,-3.607183524,0.0977282629909893,-3.35508034,0.0128569911490306,-6.281303134,0.0120955872545852,-6.369375374,-6.281303134,0.1893587653013906,-2.400805891,0.1366476654837475,-2.871467282,0.1850391177720132,-2.434097802,0.6156559586524963,0.5551602840423584
VFSRLQD,0.7361589032315161,-0.441910883,0.4944829013792576,-1.01600746,0.1966072463107273,-2.346611599,0.1267063165944459,-2.980439647,0.0073621641184101,-7.085654374,0.019279284501739,-5.696804679,-5.696804679,5.234222458103805,2.387975241234056,1.297618026041704,0.3758657662063092,5.074628979052927,2.343302346505201,-0.580712259,2.7449076175689697
VFSRSNT,0.8701529539715926,-0.200659077,0.0378401605282971,-4.723937981,0.0509849608138503,-4.293784436,0.210890794297419,-2.245431974,0.006667043429271,-7.22873716,0.0109682173247207,-6.510527128,-6.510527128,0.1529166382929875,-2.709182705,0.1557828605950696,-2.68239158,0.1609013164780939,-2.635751965,1.060826063156128,1.0048636198043823
VFSRSQT,1.5300161868704392,0.6135469160513775,0.14578437926972,-2.778091951,0.1176374780796506,-3.087580334,0.16934731806805,-2.561942956,0.0238233721402879,-5.391478552,0.0132965473322006,-6.232804515,-5.391478552,2.60832750103414,1.383125025417954,2.782741810101977,1.476507057945408,2.722049534081947,1.444693320304127,1.0454918146133425,2.4087703227996826
VFSRSQV,0.8445338827471843,-0.24377279,8.817108460522663,3.1403056066193,0.0626592171698371,-3.996329444,0.2301613920738855,-2.119282243,3.020982826577012,1.5950179827806494,0.0094870292551072,-6.719827889,1.5950179827806494,3.900551501798285,1.9636781220923445,6.229250611154256,2.6390586151593483,3.808919751559917,1.9293818927198048,0.8231620788574219,2.669718027114868
YARSNNP,2.1857182782979594,1.1281074610763022,0.0468959862997601,-4.414391738,0.0793307379435972,-3.655976221,29.072282112275868,4.861572419297078,14.544863401903813,3.8624378423175822,1.030308911409896,0.0430769569637482,3.8624378423175822,0.1304112494177135,-2.938859771,0.0995941750586958,-3.327794824,0.1413367598518995,-2.822791354,2.0974855422973637,0.5975661277770996
YARSGGQ,2.6239723699947994,1.391752528690238,0.0809822234465435,-3.626250936,0.0391413907374006,-4.675161172,15.86479108530626,3.9877566182118,0.0254428881628715,-5.296593742,8.715867969990509,3.123644342336949,3.123644342336949,0.1590212033164215,-2.652708953,0.1188765648201278,-3.072463763,0.1884400384338307,-2.407822564,2.479955673217773,1.5622954368591309
YGRLSNN,1.1283291435842435,0.1741879760261261,0.1467047949353167,-2.76901207,0.1525038208532942,-2.713082706,0.1533138757820347,-2.70543982,0.0152396329277138,-6.036028036,0.0027842341026411,-8.488503764,-6.036028036,0.2061668549538682,-2.278115683,0.1630405659059849,-2.616697131,0.1790998753754961,-2.481163761,1.7324947118759155,0.0594195015728473
YVRSQTV,1.9170373251713164,0.9388784268940814,0.0785097063867969,-3.67098516,0.1085282478273684,-3.203857497,8.605696050787502,3.1052918858631022,0.045929671405361,-4.444429728,0.0185763359666848,-5.75039022,-4.444429728,0.191280063254303,-2.386241583,0.1345647517516027,-2.893627539,0.1725488175737923,-2.534923507,1.5130571126937866,1.4112019538879397
YVRSQID,0.8117826418475589,-0.300834603,0.0817556557967965,-3.612537651,0.1514034244982994,-2.723530258,2.412984252783055,1.2708185005076946,0.0144129347425122,-6.116492065,0.0079105550392714,-6.982005361,-6.116492065,0.1339022909409771,-2.900747451,0.0558424530826614,-4.162493871,0.1165576449867371,-3.100884461,1.4812854528427124,1.6211715936660769
YVRSPND,0.8585064964320424,-0.220099044,0.0329087080867766,-4.925386799,0.0441624946900545,-4.501034519,0.1365739893103471,-2.872245348,0.0316147412294491,-4.983258779,0.1597634790261068,-2.64599044,-2.64599044,0.0712465744376222,-3.811035539,0.0560241138277328,-4.157808266,0.0602438786181714,-4.053041533,1.6085383892059326,0.8460111021995544
YVRSLNP,2.17908302463119,1.123721165220145,0.0839440898252873,-3.574427436,0.0573190858407836,-4.124840589,0.1744958004180125,-2.518735779,3.611947147828309,1.8527767825962185,1.2323465087827283,0.3014079672458921,1.8527767825962185,0.1055615167489362,-3.24384411,0.0837842048839553,-3.577177899,0.1060495547446969,-3.237189531,1.0144906044006348,0.8143246173858643
YVRSLSE,0.9026227385433456,-0.147804972,0.2063293225380985,-2.27697923,0.194295140924645,-2.363678273,12.405818119537136,3.632944973856524,0.0398089488279415,-4.650763413,0.0326975326607174,-4.934674415,-4.650763413,0.0976077087517448,-3.356861098,0.0654963457078764,-3.932441774,0.0929045099702399,-3.428107557,1.0831507444381714,1.134385108947754
YVRSEAN,0.8831450302723576,-0.179277718,0.0317704937930681,-4.976168676,0.0784236455079054,-3.672567483,0.1239520446590216,-3.012146025,0.0053866382255249,-7.53639911,0.0074267820051999,-7.073047052,-7.073047052,0.1004134370577341,-3.315975755,0.0578225024245881,-4.112225143,0.0970096763912011,-3.365727531,1.0372824668884275,0.8069702982902527
YVRSVPN,1.3561947763377835,0.439564392837722,0.2785089481837515,-1.844204414,0.0711637489051374,-3.812713676,1.82272603137822,0.8660977303977887,0.0346163810315021,-4.852401284,0.0291747876893139,-5.099134033,-4.852401284,0.1968204025929486,-2.345048315,0.125445284723224,-2.994869852,0.1755738826098039,-2.509849841,1.8589075803756716,1.490024447441101
YTRSQVN,0.4197276377303686,-1.252474632,0.0367466243617111,-4.766244463,0.0729871101095241,-3.77621449,0.2351328714779033,-2.088451854,0.0264480876786783,-5.240692777,0.0155570401621257,-6.006288586,-5.240692777,0.3513332385428991,-1.509088023,0.1820690319316414,-2.457442539,0.3841261529569709,-1.380347903,1.607448935508728,0.3553028106689453
YTRSGAN,0.4601746298079398,-1.119746647,0.0431405434690166,-4.534811839,0.0446277034349729,-4.485916623,0.1376016799892407,-2.861430011,0.015866927593448,-5.977833392,0.0039669220176222,-7.977764248,-5.977833392,0.2169735351645105,-2.204409011,0.1907529284562494,-2.390222889,0.2848516391244448,-1.811717387,2.381866455078125,0.1015475988388061
YIRSQSN,2.442004344325842,1.2880657668821438,0.0934841762349355,-3.419134004,0.0672367228918806,-3.89460678,0.2273494760643149,-2.137016416,0.0201476436112851,-5.633245073,0.0366248553095048,-4.77103313,-4.77103313,0.2385115907948184,-2.067868717,0.2062681126899936,-2.277407285,0.253330191222733,-1.980909071,1.3180420398712158,0.0574697069823741
YLKSQTN,2.808186281723338,1.489638640344948,16.34799244491631,4.031041576629657,0.2613081520689294,-1.936175962,0.1611524489623263,-2.633501982,0.5514308451152105,-0.858748126,0.2255431003018097,-2.148524942,-0.858748126,4.092691574237336,2.033049949193864,0.2565455489249691,-1.9627131,4.274238325628048,2.095667352924197,2.3846259117126465,0.7044619917869568
YLKSQTQ,3.015856176201535,1.5925676292603113,3.894405480472812,1.9614031034244948,0.1739126963002857,-2.523564836,0.0812538502239154,-3.621420013,0.0050407518536048,-7.63214535,0.0036360003099674,-8.103431962,-7.63214535,2.6936694002027908,1.429572796622195,0.1888286273230869,-2.404850594,2.7557349266065057,1.4624371222722052,1.900614857673645,0.266175776720047
YLKSQTL,2.036194465998514,1.0258753520492143,1.2388722303813475,0.3090274045081018,0.1502358109009603,-2.734699354,0.2362758890063996,-2.081455679,0.0078261148558559,-6.997488001,0.0055803020607467,-7.485441068,-6.997488001,1.7269503471367076,0.7882266034404163,0.1694139586897377,-2.561375346,1.8151755655016504,0.8601090938017889,1.3786836862564087,0.1328895986080169
YLKSQPN,2.1499424818491937,1.1042980634143025,0.9060012111642536,-0.142415116,0.2715601973690635,-1.880656056,0.1452685537057074,-2.783205658,0.0152915819953764,-6.031118521,0.3462329270952075,-1.530185162,-1.530185162,0.6448696469576186,-0.632920529,0.1497767171975265,-2.739114721,0.7078052827032394,-0.498575566,2.13359808921814,0.2773767709732055
YAKPSPN,1.6608565229816328,0.731927448060411,0.0647390968242124,-3.949218951,0.699706294537703,-0.515178625,0.0140250045658032,-6.155854949,0.0126784359982702,-6.301479403,0.0126784359982702,-6.301479403,-6.301479403,0.1043467663144677,-3.260542203,0.1004854360136424,-3.314941677,0.1123413724984208,-3.154038761,2.874355792999268,0.2459114044904709
YAKSNNQ,1.4552162901157857,0.5412335981416994,0.0462995587782785,-4.432857745,0.1349539972393139,-2.889460386,0.0898406458683433,-3.47648789,0.0194601353693124,-5.683334444,0.5436515035766496,-0.879245957,-0.879245957,0.1020582414009082,-3.292535407,0.0981474286006243,-3.348905719,0.1071557855194096,-3.222218349,2.254990339279175,0.979608714580536
YAKSNTP,0.7248163880690051,-0.46431252,0.0845401951617239,-3.564218747,0.1089178598151418,-3.198687555,0.2906216765448617,-1.782785782,0.0258286708695215,-5.274882785,0.0303597454536041,-5.041696495,-5.041696495,0.0692564694151141,-3.851907347,0.051101944170641,-4.29047801,0.0648338123215322,-3.947109782,3.024742603302002,0.3461942076683044
YAKSNPP,1.6552017652833109,0.7270070889549054,0.0535293735462424,-4.223525421,0.0708787338510243,-3.818503357,0.2030513558548261,-2.300083434,0.0166531476629325,-5.908061298,0.0123052979859565,-6.344576595,-5.908061298,0.0937016111993012,-3.415782335,0.0981267161359605,-3.349210209,0.0835696107308031,-3.580877774,3.0445094108581543,0.3617427945137024
YAKSPNS,1.1511702269720183,0.2031011848599989,0.0601429259724682,-4.055461133,0.1870885142367212,-2.418207104,0.1456757965162503,-2.779166896,0.0184424217028425,-5.760828079,0.0229548595219519,-5.445056587,-5.445056587,0.0600929592932645,-4.05666022,0.0586255145397713,-4.09232751,0.0546833024975182,-4.192755815,3.136438369750977,0.2511817216873169
YAKSLGN,1.6123203887884516,0.6891384544045626,0.0539279350658166,-4.212823397,0.06183903572662,-4.015338367,1.2716380170607788,0.3466880532377793,0.017640395810255,-5.824973258,1.889717262235236,0.9181703958830064,0.9181703958830064,0.0855373641926607,-3.547301438,0.0784365308903106,-3.672330461,0.0915503359272788,-3.44929101,2.614349842071533,0.0713660195469856
YAKSDPN,0.6086995580839651,-0.716197776,0.0611189042215304,-4.032237512,0.1027473113556766,-3.282827452,0.0500593626961895,-4.320216266,0.010106310812119,-6.628599735,,,-6.628599735,0.0647437021042648,-3.949116327,0.0547395101288421,-4.191273666,0.0619252749086762,-4.013327822,1.3367208242416382,1.0012282133102417
YAKSAPN,4.830420932817806,2.272148913953039,0.139624156689097,-2.840379528,0.0770285381082305,-3.698463144,3.30162088541924,1.723174469698033,0.0126633757931182,-6.303194141,0.5114436627480237,-0.967352764,-0.967352764,0.4873290026583456,-1.03703201,0.1686987473721766,-2.567478834,0.5172493424848905,-0.951068189,3.036504983901977,0.7104642987251282
YAKSVPN,1.660038929606628,0.7312170746395944,0.0471676926776609,-4.40605716,0.0902693890123992,-3.469619347,3.148190441074226,1.6545228153317806,0.0064020401110584,-7.287252569,0.0084652377164581,-6.884233703,-6.884233703,0.1284220904041231,-2.961034707,0.1069891081075929,-3.224464163,0.1233458992448144,-3.019218342,3.023806571960449,0.2668225765228271
YAKSSNS,1.128062221775957,0.1738466462578703,0.1442517042514906,-2.793339731,0.0565531132238403,-4.144249744,3.468985156578487,1.7945136674976243,0.039915785060913,-4.646896804,5.662678639629069,2.50148465834947,2.50148465834947,0.1061232684848049,-3.23618708,0.0751806288909097,-3.733495206,0.0969452621298444,-3.366685797,3.072345018386841,0.334141343832016
YARNAPN,2.272539911740935,1.1843056321377918,0.1827390008771675,-2.452143522,0.0539855239931492,-4.211283584,4.5330797675069,2.1804915482025224,0.3472249137195591,-1.526057629,0.0059368406665994,-7.39608889,-1.526057629,1.480841738734994,0.5664174644333334,0.2053798292915948,-2.283633596,1.6268621078943404,0.7020919740051249,2.9513580799102783,1.0499266386032104
YARTGSQ,0.8549022268103155,-0.226168663,0.0186832085624163,-5.742113952,0.050485565859986,-4.307985219,0.0879900957576856,-3.506515048,0.0161248444797568,-5.954570944,0.0156958274450768,-5.993475104,-5.954570944,0.149131402375857,-2.745344019,0.1377581937473693,-2.859789963,0.1407147558514524,-2.829154472,2.3733065128326416,0.8180378675460815
YARLNPD,1.2043504246121417,0.2682552278894027,0.0373928220117823,-4.741094835,0.0524329581828465,-4.253382247,0.0202802426367374,-5.623781277,0.0064097122084719,-7.285524702,,,-7.285524702,0.0662428569273809,-3.916091295,0.0421821354496565,-4.567224057,0.0624371508396266,-4.001451485,1.9848167896270752,0.6376867294311523
YARLNVD,1.719077478951053,0.781634568655117,0.0467170813778293,-4.419906044,0.0741826628886821,-3.752774133,0.0601365044912144,-4.055615178,0.0061225708311763,-7.351646725,0.0053930992871673,-7.53466969,-7.351646725,0.0953371809515346,-3.390817223,0.0508098179419803,-4.298748895,0.0854787559846055,-3.548290278,1.940889954566956,0.6249361634254456
YARLQPD,1.262213676267363,0.3359561603971611,0.0597826630689713,-4.064129025,0.0468256889437146,-4.416555969,0.0249482898634929,-5.324915264,0.0063253918536025,-7.304629428,0.0031932424317894,-8.290762198,-7.304629428,0.0539253060332153,-4.212893731,0.0364492708656269,-4.777966235,0.0529725700738429,-4.238610684,1.534065008163452,0.2756146490573883
YARLQEP,0.5929346881722274,-0.754054894,0.0216150709504754,-5.531818618,0.041495596312434,-4.59089795,0.1014715129083133,-3.300853333,0.0094019123401447,-6.732830055,0.0094019123401447,-6.732830055,-6.732830055,0.0798693439705636,-3.646214326,0.0432069559303353,-4.532592598,0.0779233130207088,-3.681801173,1.1519426107406616,0.069850392639637
YARLGSE,1.527149249402718,0.6108410646567405,0.0604732141254749,-4.04755993,0.0949657048998238,-3.396449585,0.1522321890471402,-2.71565465,0.0283822880345105,-5.138865293,0.0049714792826319,-7.65210909,-5.138865293,0.0851940836760108,-3.553102944,0.0526792326571704,-4.246621859,0.0945223141170126,-3.40320124,2.0116500854492188,0.1416089534759521
YARAGTQ,2.273318263932401,1.1847996752048089,0.1053409035566277,-3.246862356,0.0749057323704134,-3.738780061,4.175527945865126,2.061958620755004,0.0268300170847994,-5.220008216,0.0240378775856786,-5.37854667,-5.220008216,0.1470855068687305,-2.765272998,0.1128670760933218,-3.147303389,0.154493412417381,-2.694382772,1.7116743326187134,0.9309732913970948
YARGQSN,1.083366560049751,0.1155214653743029,0.1469401962600739,-2.766698988,0.1503570111186692,-2.733535953,9.114559124131368,3.1881728740579267,0.0270019708740508,-5.210791476,0.0174189372437564,-5.843199584,-5.210791476,0.1857668944323748,-2.428434673,0.1466340971873841,-2.769707479,0.17570092799353,-2.508806284,1.1383155584335327,0.4314049780368805
YARGATN,1.5387486152193977,0.6217575583721165,0.0398744967135825,-4.64838988,0.0244780696007528,-5.352366402,2.0153461728442466,1.011027669498045,0.0241510308365429,-5.371771421,0.0103761941940517,-6.590578804,-5.371771421,0.2283896040043339,-2.130431112,0.1316916641528721,-2.924764066,0.2155400872812674,-2.213971881,2.41977858543396,0.5545873641967773
YARSNTG,1.89759610779064,0.9241729558497892,0.1282776045662413,-2.962658776,0.0655587410277545,-3.93106804,2.391423790413296,1.257869816436207,21.436167422944138,4.421975083977364,0.0108013242776257,-6.532647987,4.421975083977364,0.1920613559142862,-2.380360827,0.1276857272621836,-2.969330826,0.1791125226200782,-2.481061888,2.996501445770264,0.5129896998405457
YARSQGP,1.6341831224607504,0.7085696573288964,0.0690719446596826,-3.855756348,0.0574171123921989,-4.122375413,2.095802675479263,1.0675028902967942,0.0289992850504375,-5.107838857,0.0147235125040553,-6.085734302,-5.107838857,0.1244363300787455,-3.006520343,0.1030413432247964,-3.27870479,0.1272710438250796,-2.974023874,2.2582387924194336,0.6745361089706421
YARSQSG,1.5795499100424764,0.6595135235571924,0.1624838350108049,-2.621631899,0.1016829497202888,-3.297850308,0.0273605282193573,-5.191760107,0.0084846043097234,-6.880936905,0.1119187862266112,-3.159475873,-3.159475873,0.1918705075245379,-2.381795123,0.1352721141492842,-2.886063631,0.1854344973279974,-2.431018434,2.8039259910583496,0.0801027491688728
YARSEPN,1.4998404655974331,0.5848090528999866,0.0514851398910147,-4.279700101,0.0413325871945042,-4.596576518,1.7639245162378443,0.8187888248527008,11.556301739439489,3.5306078737112667,0.0141547176954517,-6.142573214,3.5306078737112667,0.0713433996264272,-3.809076226,0.0598582161901818,-4.062306903,0.0707058872560972,-3.822025845,0.8195480108261108,0.5924460887908936
YARSATQ,1.844258337868809,0.8830407580760768,0.0831572896159323,-3.588013453,0.0768885202688254,-3.701087975,5.358791322655088,2.4219076369799137,0.0140583106162822,-6.152432953,0.0096182339656128,-6.700012264,-6.152432953,0.1789177159617158,-2.482631849,0.1235571016995342,-3.01675016,0.1868985777328641,-2.419672504,2.251586675643921,1.229234218597412
YARSAQA,1.3898722230390688,0.4749522558542872,0.0450976245568317,-4.470804746,0.0392149307439154,-4.672453137,3.4346606896358063,1.7801675821412288,0.0141028701737906,-6.147867384,0.0183413851527002,-5.768753594,-5.768753594,0.1070960653203424,-3.223022618,0.0952450542270847,-3.39221201,0.1136388155118191,-3.137472396,2.2709438800811768,0.0851309970021247
YARSGID,0.8329939728244329,-0.263622038,0.0688740425479654,-3.859895832,0.1629198798555038,-2.617765439,0.0579690547686321,-4.108573228,6.1452633171292215,2.6194748296667014,0.0027088028675335,-8.528128879,2.6194748296667014,0.1118911385609991,-3.159832311,0.0541759759169747,-4.206202953,0.1120464257709486,-3.157831467,2.3953065872192383,0.2186333835124969
YARSGLD,0.9012441187856668,-0.150010155,0.0431363472651728,-4.534952174,0.0713205760251998,-3.809537835,23.638691146923364,4.563078251886817,0.0032153996908233,-8.280786202,0.7299091388451379,-0.45421121,-0.45421121,0.142567638842112,-2.810281551,0.0680497391819705,-3.877266558,0.1397364388047014,-2.839219816,2.3486342430114746,0.2190711498260498
YARSGAS,2.181302641900314,1.1251899486481831,0.0421972044556079,-4.566708766,0.0162832296704859,-5.940469313,0.1207619843025075,-3.049761727,0.0145594514645562,-6.101900188,0.0077306255473988,-7.015199126,-6.101900188,0.1479803997101334,-2.756521994,0.097117042572275,-3.364131701,0.1519158446002207,-2.718655746,2.213878631591797,0.9255805015563964
YARSVNE,1.0924737677698182,0.1275986384785005,0.0196549370099382,-5.66896445,0.0369934316429617,-4.756587054,0.1160088720797378,-3.107692951,0.0125771857859242,-6.313047042,0.0167994805281949,-5.895439567,-5.895439567,0.0680063342020277,-3.878187063,0.0415969992803562,-4.587376731,0.0656057576358524,-3.930033757,1.64863121509552,0.2932655215263366
YARSVPN,2.6767597537085708,1.4204876590806697,0.0348776214312526,-4.841554535,0.0575852532859616,-4.118156783,2.323993482794434,1.2166060229793894,0.0245460042713126,-5.348367996,0.0145434207386725,-6.103489546,-5.348367996,0.1617134079923079,-2.628488794,0.116410275321747,-3.102709687,0.1657287442518554,-2.593104247,2.2555601596832275,0.8893653750419617
YGRLSNE,1.2384038470531626,0.308481858277696,0.0324857384833619,-4.944049688,0.033931053374801,-4.881249971,0.0257578323746048,-5.278845,0.0051201066189367,-7.609610432,0.0051201066189367,-7.609610432,-7.609610432,0.0597235834274469,-4.06555546,0.0443837510223826,-4.49382459,0.05950666342458,-4.070804963,1.3138494491577148,0.1958566308021545
YGRSATN,1.2078651773067743,0.2724594290950545,0.0338525155190461,-4.884593148,0.0458903202890816,-4.445666314,0.2613439705213511,-1.93597822,2.352651452076684,1.2342875995220863,1.19946383496986,0.2623896595936698,1.2342875995220863,0.1922418306092224,-2.379005803,0.1699166913667101,-2.557100516,0.2123416734363321,-2.235540558,2.6317946910858154,0.0982681214809417
YGRSAAN,1.6420672000158885,0.7155131692264779,0.0295709845096515,-5.079673914,0.0756188323808739,-3.725110617,0.2436317330383438,-2.037226038,3.585518567930559,1.8421817887398293,0.0211755217662152,-5.561458672,1.8421817887398293,0.1327420485125668,-2.913302651,0.1055449439703111,-3.244070625,0.1212185132238702,-3.044318042,2.260664939880371,0.2045978158712387
YVTRSEL,0.8741066037297047,-0.194118857,0.0351449287418483,-4.83053966,0.0542983038117076,-4.202949058,0.0820368787498999,-3.607583587,0.0082808551041407,-6.916004533,0.0036196988214416,-8.109914622,-6.916004533,0.0744392420457519,-3.747792824,0.0508868304064459,-4.296563857,0.0684056075174888,-3.869741596,0.8023159503936768,0.2602652907371521
YVMKSNL,1.504262073156569,0.5890559358358819,0.1278431768368422,-2.967552931,0.214207742869933,-2.222917465,0.0539301159410408,-4.212765054,0.005983584618288,-7.384774258,0.0041757383675342,-7.903752963,-7.384774258,0.1212448400967009,-3.044004744,0.1185492993635011,-3.076440958,0.1268012693531259,-2.979358907,0.3968979120254516,0.7516347169876099
YVMKSQM,1.153369070762032,0.2058542400995523,0.0845039622395643,-3.564837201,0.1246295963288675,-3.004281383,0.0331089174077091,-4.916636351,0.0063636790320306,-7.295923213,0.0071875209298672,-7.120290033,-7.120290033,0.0943742265306002,-3.405463274,0.1009337176833014,-3.308519897,0.1005971867579506,-3.313338135,0.1028675809502601,0.4631872773170471
YVHKSLP,1.5049380941782795,0.589704142759803,0.0331226410041186,-4.91603848,0.0964997810715756,-3.37333052,0.1122643995216658,-3.155027592,0.022894810255837,-5.448835581,0.0101708904280133,-6.619410202,-5.448835581,0.1155775302533425,-3.113067148,0.1232769140264309,-3.020025442,0.1164573652027993,-3.102126211,1.6869823932647705,0.5188789367675781
YVRNTQS,0.970091466904622,-0.043807314,0.0408462381604012,-4.613652974,0.0830356002334151,-3.590126187,0.1693964635956588,-2.561524338,1.2362838711199124,0.3060100478012284,0.0143049318502008,-6.127343565,0.3060100478012284,0.1804072347038222,-2.4706709,0.1624518081701897,-2.621916293,0.182981253218189,-2.450232246,1.878639817237854,0.1939200609922409
YVRNQSP,0.8976074989425294,-0.155843366,0.054264131288948,-4.203857301,0.1358649097798613,-2.8797552,0.1625885425689474,-2.620702499,0.9425362713333612,-0.085379957,0.3889864005505767,-1.362208377,-0.085379957,0.1588017756773929,-2.654701051,0.1360844089649985,-2.877426306,0.1627805944266499,-2.618999373,1.7491247653961182,0.0619208291172981
YVRTQSN,2.723340623342793,1.4453774395517922,0.0616478904675513,-4.019804662,0.0612714370014158,-4.028641502,0.2456762598710739,-2.025169641,2.719326868974884,1.4432495768521718,1.329867607499687,0.4112826280492,1.4432495768521718,0.2066552895090894,-2.274701804,0.1524811088065233,-2.71329758,0.2199761864957844,-2.184580742,1.5948759317398071,1.4877437353134155
YVRHASN,1.052624984858903,0.0739915438196775,0.2021989544537032,-2.306152558,0.2703053702861957,-1.88733792,0.0503686912512954,-4.311328944,0.0093426652254192,-6.741950112,0.0294405803003053,-5.086050081,-5.086050081,0.1987980426313381,-2.330624543,0.2737314507917135,-1.86916689,0.2068314796393058,-2.273472315,1.567513942718506,0.4776971340179443
YVRLSNP,0.6448620494710546,-0.632937526,0.0459683617425195,-4.443214939,0.0865041050212479,-3.531087593,0.0561728904436217,-4.153982149,0.0043074803636426,-7.858940065,0.0101960165094779,-6.615850575,-6.615850575,0.1403682730833045,-2.832711209,0.1340322888488867,-2.899347502,0.1545273017531166,-2.69406634,0.6335479617118835,0.265645295381546
YVRAQSE,1.5838547568245716,0.66344004298296,0.0570519880514259,-4.13157903,0.0835068462325053,-3.581961709,0.2194074607926271,-2.188315511,0.0143727723534508,-6.120517821,0.3000736272923974,-1.736611565,-1.736611565,0.0807603577191293,-3.630208889,0.0505133579835756,-4.307191239,0.0668222824642893,-3.903526928,1.275496006011963,0.8543186783790588
YVRVSTN,1.4043787870656812,0.4899321098002061,0.0719406373170037,-3.79704925,0.0943706137799369,-3.405518503,1.972711114629952,0.980179702130613,0.0255210550331762,-5.292168219,0.0235862156617256,-5.405912229,-5.292168219,0.1701480905621307,-2.555137134,0.1594639935666145,-2.64869739,0.1785961563294954,-2.485227063,1.5704457759857178,0.3279139995574951
YVRSNNL,1.877501138047197,0.9088137822293206,0.0489004391283917,-4.354008769,0.0707904987276879,-3.82030045,1.338135467628096,0.4202241762052378,0.0437046991825888,-4.516067781,0.0226475367726908,-5.464502044,-4.516067781,0.3777411517544744,-1.404530133,0.1500911363546468,-2.736089314,0.4443734848918671,-1.170155359,1.7287850379943848,0.7073948383331299
YVRSNTL,1.165357364101837,0.2207724341571942,0.1203285240854895,-3.054949418,0.1199407816783991,-3.059605815,6.997983276988406,2.8069392169877765,0.0363772400204934,-4.780820101,3.857178502696236,1.947545912623578,1.947545912623578,0.4317973659481882,-1.211573652,0.162006076788758,-2.625880166,0.4417680148491951,-1.178639127,1.2445478439331057,0.982248067855835
YVRSNTV,1.115556782553632,0.157763949551225,0.0513009751144608,-4.284869941,0.0734822639537995,-3.766460114,0.2740018237947642,-1.867742599,5.359884670058452,2.422201958197076,0.0364747149407881,-4.776959487,2.422201958197076,0.1355309384628973,-2.883305873,0.1066463412238743,-3.229093624,0.1493568476636537,-2.743164712,1.7623224258422852,0.6921247839927673
YVRSNMQ,0.9196687545330408,-0.120813769,0.0302932230123013,-5.04486111,0.0533493542388267,-4.228385382,0.1543353375711895,-2.695859667,0.0129146627707004,-6.274846218,0.0291125297898536,-5.102215979,-5.102215979,0.1669555585770614,-2.582463968,0.1228416368782381,-3.025128453,0.1852592008652279,-2.432382899,0.9490514993667604,1.83965528011322
YVRSNHD,2.714112389894084,1.4404804631980492,0.0879383659209723,-3.507363465,0.1079268817409652,-3.211873848,0.0640619614890269,-3.964388218,0.0047490974337662,-7.718130929,0.0120167460915201,-6.378809895,-6.378809895,0.1257070424441023,-2.991862619,0.078847545975789,-3.664790336,0.1303179992742511,-2.939891735,1.627957820892334,0.6480063796043396
YVRSNEE,0.3615360365818585,-1.467788638,0.0500384000999283,-4.320820527,0.0198233244893025,-5.656657258,0.1123695895751496,-3.153676441,0.0054877273536571,-7.509575479,0.0054877273536571,-7.509575479,-7.509575479,0.0792240767614168,-3.657917248,0.0364086900462407,-4.779573355,0.0829405970040833,-3.591777758,1.1401197910308838,0.5514472126960754
YVRSTNL,1.6669636087664506,0.7372226094081659,0.055552065152906,-4.170015645,0.0498343102865956,-4.326716828,0.0315824949636975,-4.984731044,0.0027823598337126,-8.489475274,0.0073440380898339,-7.089210743,-7.089210743,0.1589648483084877,-2.653220315,0.1353236894385199,-2.885513679,0.1422967184670368,-2.813025703,1.298302412033081,0.6999401450157166
YVRSTIQ,0.916872017713134,-0.125207727,0.050504689662081,-4.307438833,0.0768868322257846,-3.701119649,0.0840269613914035,-3.573003876,0.00609261485423,-7.358722742,0.0159687866367108,-5.968601494,-5.968601494,0.1233459851076033,-3.019217338,0.1052331911330481,-3.248338284,0.1298245530710671,-2.945364836,0.9603080153465272,0.885621190071106
YVRSTSD,0.8815831829066151,-0.181831392,0.0482238538698503,-4.374109239,0.0736774002466827,-3.762634034,0.0823520978727512,-3.602050788,0.0384228536408454,-4.701891519,0.0125295999082343,-6.318515842,-4.701891519,0.079175235131964,-3.658806943,0.0469567827603504,-4.412522624,0.0686809650147046,-3.863945879,1.8595216274261477,0.3806431293487549
YVRSMSN,1.680947650491644,0.7492747956317195,0.0428761178239194,-4.543681905,0.0767898638060006,-3.702940301,1.6008495422869011,0.6788377208480697,0.0072417840046614,-7.109439137,1.5470004131716335,0.6294735821008381,0.6294735821008381,0.1872500413061512,-2.416962058,0.1316922043751147,-2.924758148,0.1878143485648498,-2.412620809,0.8964581489562988,0.6548005938529968
YVRSQPY,0.5988714495958204,-0.73968174,0.1161452574352563,-3.105997849,0.1165927252785351,-3.100450319,0.1210164146880345,-3.046725347,0.0097463489652891,-6.680922406,0.0071331452272799,-7.131245938,-6.680922406,0.2300781309876061,-2.119804234,0.1625224552454527,-2.62128903,0.2353887929811605,-2.086882461,-0.398823291,1.535402536392212
YVRSQLT,0.8234611009013995,-0.280227594,0.1395410121657037,-2.841238891,0.0782229774088595,-3.676263739,0.1092723557023609,-3.193999628,0.005122653611528,-7.608892943,0.0129058737956807,-6.275828367,-6.275828367,0.2753918390598258,-1.860442287,0.1573858618338184,-2.667622147,0.3125006428833153,-1.678068937,1.195044755935669,1.557788968086243
YVRSQDE,0.3770897301997101,-1.407020235,0.0849665544179583,-3.556961128,0.15155079162419,-2.722126707,0.0349831548227122,-4.837195791,0.0057629973479324,-7.438964929,0.0032825190382591,-8.250980906,-7.438964929,0.08266098761329,-3.596649589,0.0567316529190152,-4.139702291,0.0822209337994531,-3.604350433,0.6880761384963989,1.4264541864395142
YVRSQDD,0.4180663230531165,-1.258196262,0.079428216920527,-3.654204573,0.2006266223312263,-2.317415037,0.0774934690588422,-3.689781461,0.004649810405165,-7.748612393,0.0042928462432306,-7.863849784,-7.748612393,0.1019993231578975,-3.293368516,0.0551941534631245,-4.179340735,0.0898746052766278,-3.47594266,0.962916374206543,1.2983126640319824
YVRSQEY,2.2136317320451573,1.146415230003793,0.0475322789626743,-4.394948616,0.0603336893970428,-4.050892384,0.033470824514193,-4.900952099,1.1774875330972951,0.2357117850746426,0.2065698488109786,-2.275298403,0.2357117850746426,0.1497024445578846,-2.739830315,0.0828738823881855,-3.59293868,0.1475735412041906,-2.760494014,-0.200867876,1.7515308856964111
YVRSQAT,1.6348452437820684,0.7091540751147187,0.0495499256246664,-4.334973298,0.083272893679765,-3.586009232,0.1153066159162005,-3.116452802,0.0198234384147686,-5.656648967,0.0309695100129074,-5.013007632,-5.013007632,0.2141015427997124,-2.223632903,0.1440040709599042,-2.795818498,0.2183343727649917,-2.195388821,2.0213589668273926,0.5100194811820984
YVRSQAI,0.841297411591494,-0.249312189,0.0474123318661334,-4.398593839,0.0656207410759294,-3.929704303,0.1289321991142047,-2.955315492,0.1397223859836507,-2.839364911,0.0297680966266487,-5.070089211,-2.839364911,0.194603684428692,-2.36138907,0.118961896346155,-3.071428545,0.1991188310756629,-2.328298429,1.6971184015274048,0.4675837457180023
YVRSQAY,0.9885620629838876,-0.016596552,0.0619009610326249,-4.013894382,0.105879202309315,-3.239508864,0.1309209894565621,-2.933231684,0.0047554534046732,-7.716201384,1.2577399428791654,0.3308336536135857,0.3308336536135857,0.3012300416001104,-1.731062438,0.1530027352654929,-2.70837065,0.3756797398244847,-1.41242478,-0.144575417,1.4881854057312012
YVRSQGT,0.7984693331759928,-0.324691096,0.0480564275739954,-4.379126785,0.0354534151863879,-4.817931582,18.896793520103795,4.240069548111536,0.0039789037238405,-7.973413294,6.220861115436672,2.637114297555608,2.637114297555608,0.1652704238283991,-2.597099526,0.1606877344147066,-2.637668285,0.1897305160852226,-2.397976356,2.032676696777344,0.0024840726982802
YVRSQYN,0.8465495883032822,-0.240333516,0.0627838747008739,-3.993462122,0.1118746451096175,-3.160044989,0.2162271067326694,-2.209380701,0.0114486713569637,-6.44867601,0.0269274133215593,-5.21478054,-5.21478054,0.4023627206914854,-1.313431451,0.1739099722921633,-2.523587433,0.4136129313586489,-1.273646804,-0.70983094,2.980639696121216
YVRSQYA,0.8075515828485588,-0.308373679,0.0798590731980723,-3.646399861,0.1266956422653605,-2.980561191,0.1321949698802547,-2.919260813,0.0174384401271697,-5.841585193,0.0138781649258087,-6.171039373,-5.841585193,0.1745400588835953,-2.518369906,0.1535958971964244,-2.702788415,0.1844656206268122,-2.438576133,0.085603043437004,1.046133041381836
YVRSPIN,1.5054548694489085,0.590199459574931,0.0597992492918528,-4.063728817,0.0849672417073999,-3.556949458,0.2072179807165238,-2.270778901,0.0150553911967687,-6.053575994,0.3363082511984722,-1.57214392,-1.57214392,0.1177454346561162,-3.086256972,0.06989282169961,-3.838711898,0.1074223332954713,-3.218634131,0.7556719779968262,1.4928609132766724
YVRSLES,1.1466528025969591,0.1974286208234856,0.0763977485156118,-3.710326068,0.0574466820022429,-4.121632621,0.0813436497502761,-3.619826466,0.0041735053866027,-7.904524652,0.0078694726251152,-6.989517328,-6.989517328,0.0985336498307498,-3.343239692,0.0836339689888621,-3.57976716,0.0949903849140777,-3.396074701,0.3863106966018677,0.4677658677101135
YVRSENN,1.1865973351541843,0.2468304479272622,0.0903042872254685,-3.469061708,0.0896285292222919,-3.479898167,2.47798097142631,1.3091651089739536,0.9003561379997259,-0.151432319,0.0165063813605897,-5.920832312,-0.151432319,0.3918616735255125,-1.351583619,0.1144531675015358,-3.127170705,0.3919126865405805,-1.35139582,1.1069990396499634,1.475816011428833
YVRSENH,0.8343163955078399,-0.261333498,0.0694389049940981,-3.848111992,0.0687975051378823,-3.861499942,0.0218411337826967,-5.516808441,0.0039052066590073,-8.000385389,0.0092438149931554,-6.757295899,-6.757295899,0.1839433211167813,-2.442666801,0.0857083998495792,-3.544419587,0.1776579511275034,-2.492825837,0.8687495589256287,0.5713108777999878
YVRSEND,0.405910973038722,-1.300764754,0.2714545430963101,-1.881217466,0.0608156820260253,-4.039412803,0.0324722477266474,-4.944648938,0.0033406522387108,-8.225654478,0.0033406522387108,-8.225654478,-8.225654478,0.1183205732425288,-3.079227148,0.0719994470232422,-3.795870363,0.1147843735149238,-3.123001845,0.7944949865341187,1.7415897846221924
YVRSETQ,1.111712860942679,0.1527842092958604,0.0287524444286305,-5.120171576,0.0477683680983571,-4.387800599,0.0483049557293723,-4.371684983,0.0095937293773757,-6.70369254,0.0014312500276356,-9.448508564,-6.70369254,0.0886714659363795,-3.495386263,0.0514202640311213,-4.281519172,0.0728510210812906,-3.778906997,0.5311160683631897,1.4351574182510376
YVRSETV,1.105318500971595,0.1444621465965553,0.0483803454753077,-4.369435118,0.0603628443072357,-4.050195402,0.1436629261985042,-2.799240288,0.0286086189783765,-5.127406334,0.0034764928311216,-8.16815167,-5.127406334,0.0650355786963443,-3.942627008,0.0487733839113358,-4.357762119,0.0734081121746275,-3.767916689,1.1966028213500977,0.8301640748977661
YVRSEMN,1.3455694742598887,0.4282168819353211,0.028420412139282,-5.136928714,0.0257471301969035,-5.279444553,1.5543227128513093,0.6362860712454601,0.7659264226890499,-0.384722286,0.3851820279587865,-1.376387704,-0.384722286,0.1042351694858308,-3.262085962,0.069326488329068,-3.850449506,0.1140627152162456,-3.132100814,0.976179838180542,1.2517993450164795
YVRSELD,0.3242881596924991,-1.624651745,0.0617562635018303,-4.017270723,0.0483492933526829,-4.370361386,0.0648403190448981,-3.946965,0.050226523067273,-4.315406782,,,-4.315406782,0.0843101059896996,-3.568150617,0.0489884214262055,-4.351415386,0.0859331986541587,-3.540640593,0.9182899594306946,1.0792473554611206
YVRSEEY,0.854179986964088,-0.227387998,0.0514084125659718,-4.281851726,0.0863367303608826,-3.533881732,0.019005323732641,-5.71745259,0.0106672261202221,-6.55067112,,,-6.55067112,0.0696301244626425,-3.844144588,0.0543467067673918,-4.201663574,0.0717463936140215,-3.800949874,-0.323284119,1.0137851238250732
YVRSESS,0.956668705331296,-0.063908689,0.0929847912796097,-3.426861423,0.0659646472050947,-3.92216315,12.444865814674364,3.637478769597832,0.0175966302343508,-5.828557011,6.9077593376549,2.7882178210805173,2.7882178210805173,0.0633162561871291,-3.981280237,0.048896272960062,-4.354131688,0.074197758773764,-3.75248058,0.9593761563301086,0.2298371493816375
YVRSDNT,0.4388707039043028,-1.188132126,0.0835867912126639,-3.580581211,0.230562274786108,-2.11677162,0.0368019736251613,-4.764073052,0.0257219041055437,-5.280858745,0.0074959862538014,-7.059665977,-5.280858745,1.6830632065003073,0.7510893572930979,0.1870321909538242,-2.418641495,1.6866917945141373,0.7541963772127958,0.8733401298522949,0.52485591173172
YVRSDND,0.6562984921393313,-0.607575976,0.0508661479871773,-4.297150344,0.0753224267131583,-3.730776709,0.0762615231681571,-3.712900844,0.004092688433691,-7.932735443,1.719954243982283,0.782370185358825,0.782370185358825,0.1179133147646243,-3.084201458,0.0656176322005602,-3.929772654,0.1107273820634699,-3.174916061,0.981001615524292,0.6496122479438782
YVRSDTN,1.8155187339477208,0.8603818170750672,0.0868203949097336,-3.525822205,0.0578137688052092,-4.112443067,12.083235861029848,3.59493495149714,0.0204605134403761,-5.611013841,0.0215344209645825,-5.537211658,-5.537211658,2.55119008901177,1.3511703980613317,0.1443053469406179,-2.792803338,2.543634443947497,1.3468913499466848,0.7989777326583862,1.2842304706573486
YVRSDQM,1.5152260999824083,0.5995330867576933,0.0620027204402975,-4.011524673,0.083348232490727,-3.584704584,0.0532376978514583,-4.231408003,0.0176327485111909,-5.825598817,0.0055602467513563,-7.490635377,-5.825598817,0.3511266982779852,-1.509936398,0.0762724985120538,-3.71269323,0.3687243378176391,-1.43938545,1.311981201171875,0.5402698516845703
YVRSDEQ,0.2849882985226844,-1.811025411,0.0714639524861103,-3.806640482,0.0577219510929735,-4.114736124,0.0473205248221504,-4.401390115,0.0053875857825334,-7.536145349,0.0053875857825334,-7.536145349,-7.536145349,0.1849979003402055,-2.434419198,0.1175304215378918,-3.088893863,0.1662559211349614,-2.588522372,0.4149927496910095,0.4052176177501678
YVRSDSQ,0.4626675047331132,-1.11195232,0.0957263326036837,-3.384940351,0.0615791367901789,-4.021414546,68.37404774996622,6.095376930420082,0.0214958793010755,-5.539796064,0.0142775962834204,-6.130103076,-5.539796064,0.6166614451928665,-0.697449446,0.1136267805362069,-3.137625193,0.6188037310904367,-0.692446199,0.6829779744148254,0.8521060347557068
YVRSVND,0.6558781671546812,-0.608500243,0.0560582937470365,-4.156928356,0.1151735410274595,-3.118118772,0.1130724061828234,-3.144681193,0.0348302477796473,-4.843515454,0.0335688584562018,-4.896732712,-4.843515454,0.0830520971481026,-3.589839592,0.0418323156330907,-4.579238329,0.0789335300025084,-3.66321792,1.7019492387771606,0.7188822031021118
YVRSVNE,0.409151555994948,-1.289292756,0.0280970962162632,-5.153435152,0.0752992737183004,-3.73122024,0.0770752773332131,-3.697588014,0.0212164872876486,-5.558670374,0.0207817153177479,-5.588541451,-5.558670374,0.0748478983458033,-3.739894382,0.0491699541815411,-4.346079179,0.0859654754647003,-3.540098813,1.5849767923355105,0.3949888348579407
YVRSVDN,1.2542959258166484,0.3268777630852031,0.0329608280062254,-4.923103705,0.0978908193913529,-3.352682626,10.56318569817689,3.4009730903650697,0.0090657534132217,-6.785357364,0.0209321315901182,-5.578136956,-5.578136956,0.0798622814865226,-3.646341903,0.0496853445370509,-4.331035821,0.0863338433277594,-3.533929975,1.0739679336547852,0.6269864439964294
YVLRSQT,0.474120230160953,-1.076675142,0.0586416596480509,-4.091930255,0.1766232000624127,-2.501253237,0.0962538917031839,-3.377011317,0.0032675686383508,-8.257566743,0.0032675686383508,-8.257566743,-8.257566743,0.1630890512046085,-2.616268163,0.194774799427753,-2.360121066,0.1742199343392927,-2.521018388,0.8320789337158203,0.5623067617416382
YSVRSET,0.7476999466762546,-0.419468665,0.0504441920704468,-4.309168017,0.0987106251746759,-3.340650806,0.0418294417611332,-4.579337445,0.008562665842259,-6.867724259,0.0034699328784742,-8.170876529,-6.867724259,0.0799614464578658,-3.64455162,0.0617714412730024,-4.016916197,0.0841770015756529,-3.570430069,0.8490519523620605,0.4499023854732513
SYTRDQT,0.982213628705008,-0.025891254,0.0845149035105906,-3.564650418,0.1098566770232457,-3.186305536,0.108584149253185,-3.203114576,0.0097802133401681,-6.675918349,0.0167803357452883,-5.897084608,-5.897084608,0.0786044204011851,-3.669245744,0.0666977153148894,-3.906218846,0.0727713209172633,-3.780486192,0.8051737546920776,0.8046221137046814
SYMRSEG,1.2312772931268905,0.3001557044450758,0.0932647015543622,-3.422525031,0.0787612223861528,-3.666370688,0.181952826423563,-2.458363633,0.0272034672785864,-5.200065645,0.0267061814891261,-5.226682479,-5.200065645,0.0841290046985189,-3.571252913,0.0828611563549381,-3.593160236,0.0841262670891167,-3.57129986,1.2892903089523315,0.0999945253133773
SYPRSQV,1.2200339678390648,0.2869213154527249,0.1052758006257407,-3.247754248,0.1408312452968789,-2.827960644,0.0606733710065968,-4.04279272,0.0068522588868239,-7.189204625,0.0074599593280951,-7.06661652,-7.06661652,0.1733412339409001,-2.528313215,0.2249540534536704,-2.152297732,0.1736395387806278,-2.525832599,1.548852801322937,1.7855737209320068
SWVKSQA,0.8917010445296112,-0.165367988,0.3666530821710493,-1.447512428,1.0265017025062757,0.037736020232997,0.1138603066031823,-3.134663205,0.0157147676897163,-5.991735245,0.0068647528821533,-7.186576498,-5.991735245,2.819546072951096,1.4954629175833074,10.85642438810007,3.44047711819968,2.938138576938225,1.5549024420299258,0.9289841651916504,1.254421949386597
SWVKSSM,0.6530517740212332,-0.614730722,0.1020548935219296,-3.292582734,0.4838440877143619,-1.047385862,0.0918701193773492,-3.444260486,0.004116961314239,-7.924204392,0.0035991838595558,-8.118114482,-7.924204392,1.0213434591548427,0.0304680998054806,3.958970995734069,1.985125497915142,0.9504398474830008,-0.073332772,0.0021090803202241,1.1762648820877075
SWVRSSP,0.8544132758578986,-0.226994031,0.1344629068754667,-2.894719851,0.1057148516345565,-3.241750023,0.1926762816283976,-2.375749107,0.0066602086592427,-7.230216908,0.0134666358150855,-6.214466703,-6.214466703,1.142213305089307,0.1918320950602195,3.8431453355625793,1.942287535581233,1.1400474276602903,0.1890938438874025,-0.008374858,2.5889060497283936
SFVKSQT,2.132724946618016,1.0926979161062855,8.5152543356252,3.0900496213031583,8.395538266758827,3.069622824255731,0.1083961541385778,-3.205614524,0.015736096904063,-5.989778443,0.0661516017450793,-3.918080101,-3.918080101,3.9840248822475663,1.994226657793311,1.733559040482198,0.7937369717933582,3.939455216212545,1.977996134450521,1.3900818824768066,1.504953384399414
SFVKSQP,1.1900113093715805,0.250975284370836,0.4824129830271607,-1.05165936,0.2495299047669071,-2.00271537,0.1427304546353457,-2.808634897,0.0272833203931455,-5.195836958,0.0100018581990157,-6.643588133,-5.195836958,2.461335786839334,1.2994414903689135,0.5648937036447135,-0.823948675,2.441251280936218,1.2876208011012509,1.7814664840698242,1.3181629180908203
SFVKSQA,1.818425026913483,0.8626894451612191,0.1026270146001533,-3.284517552,0.1048157709533665,-3.254072289,0.3245488306475729,-1.623492537,0.0171543473576109,-5.865281951,0.0266156324929115,-5.231582339,-5.231582339,1.8855876894635897,0.9150142447317924,0.5284154351420768,-0.920255486,1.9413635780889056,0.957070330924134,1.5050901174545288,1.4327971935272217
SFVKSQS,1.6111362618082334,0.6880785151007904,3.806361706540841,1.9284126628830616,2.033063482183477,1.0236552638798415,0.2252301732327223,-2.150527982,0.0226769363702364,-5.462630443,0.0152304924233167,-6.036893603,-5.462630443,4.232455971478724,2.0814950604281384,3.010363508156896,1.5899377061713114,4.173824968874019,2.061370101735871,1.443611979484558,1.601082444190979
SFVKSVA,1.1766206624242468,0.2346492764949553,0.0295067790992221,-5.082809742,0.0277403691131964,-5.171869205,0.2173190405978973,-2.202113512,0.0136093953512878,-6.199253219,0.0123777518126738,-6.33610689,-6.199253219,3.4965248844787413,1.805921772765892,0.6421562084367394,-0.63900381,3.4575507383892905,1.7897504225935617,0.8965484499931335,0.6223530769348145
SFVRSQQ,0.8249962810682459,-0.277540479,0.059799289172106,-4.063727854,0.0750430210415142,-3.736138282,2.2583272849000338,1.1752545818089346,0.0171946656282903,-5.861895129,0.011355983305798,-6.460403556,-5.861895129,3.100166821378892,1.6323458496609906,2.8950477408528483,1.5335871392071725,3.1035280859082963,1.6339092018937118,-0.058024261,3.462851524353028
SFVRSPP,1.3037279504137216,0.3826428530535511,0.0512700966205884,-4.285738573,0.2038726070767987,-2.294260151,0.1893457673059625,-2.400904924,0.0032832150678456,-8.250675028,0.0116725417247154,-6.420737444,-6.420737444,0.1319575042667341,-2.921854698,0.1119503982586613,-3.159068434,0.1360333698020671,-2.877967498,1.303117036819458,2.0544981956481934
SFVRSEN,1.2292063739801793,0.2977271530765046,0.0716949931513006,-3.801983819,0.0626602931109894,-3.996304671,0.2029283765455465,-2.300957476,0.0142124238932865,-6.136703566,0.0188422809153828,-5.729882572,-5.729882572,0.3297319335576538,-1.60063448,0.1175751754419956,-3.08834461,0.3722282810742827,-1.425740423,0.4702776074409485,1.1392463445663452
SFVRSEP,0.7621085841517152,-0.391931529,0.0319190709571721,-4.969437529,0.0409679053080157,-4.60936206,0.0977205663574291,-3.355193965,0.0207692273161702,-5.589408646,0.0102298381595269,-6.611072869,-5.589408646,0.2420635520669049,-2.046542228,0.1226868032114403,-3.026948021,0.2711539326395749,-1.882816,1.1049277782440186,0.3184863626956939
SFVRSES,0.8109541060466132,-0.302307824,0.2078981366827934,-2.266051267,0.0990876403112132,-3.335151076,0.0791509670328161,-3.659249213,0.0180285335953582,-5.793574134,0.0144601463857764,-6.111774032,-5.793574134,2.907492020597356,1.539775232331195,0.8246646505694301,-0.278120527,2.8270145863592,1.4992793269659732,1.0562952756881714,0.1918267011642456
SFSRLNE,1.073269150642974,0.1020119154283227,0.0439789584593778,-4.507042752,0.0784817054502588,-3.671499797,0.1524900668303964,-2.713212826,0.0377532767628773,-4.727254322,0.0113464545659977,-6.461614622,-4.727254322,0.0777863125928582,-3.684339871,0.0718395059926742,-3.79907876,0.0807618081668185,-3.630182978,0.7351163029670715,2.1613283157348637
SFSRLQD,0.6397750098935769,-0.644363454,0.0983937066001243,-3.345290148,0.2252878930458129,-2.15015831,32.12214747493583,5.005496440042623,0.0639389576666257,-3.967160964,0.0152803608667962,-6.032177575,-3.967160964,0.0985373897764212,-3.343184934,0.0690826768881158,-3.855532203,0.1046803860621898,-3.255936945,0.7167860269546509,2.2860050201416016
SFSRLSQ,0.8520151153637199,-0.23104907,0.0780483653595096,-3.679487773,0.0535347720409277,-4.223379931,3.2423236386130987,1.6970281033534629,44.8272786149952,5.486305013463505,0.4135673185660465,-1.273805911,5.486305013463505,0.3596993769727742,-1.475136434,0.3880720200480625,-1.365603676,0.3938903239084343,-1.344134118,-0.168800816,1.6087634563446045
WVRSQPN,0.5650511796108724,-0.823546549,0.1010198586147708,-3.307289167,0.1927855400924464,-2.374931249,0.1026048557893135,-3.284829087,0.0118002756032047,-6.405035635,0.026495297515196,-5.238119862,-5.238119862,0.2537771561667949,-1.978365885,0.1528207972752601,-2.710087203,0.264095928626103,-1.920866034,0.0622380338609218,0.024707343429327
FHRLGEH,1.079269299804605,0.1100548917184658,0.0268357659048521,-5.219699126,0.0512190158951638,-4.287176656,6.4356712013323145,2.686090620603846,0.0113825173119367,-6.457036536,,,-6.457036536,0.1601279785464629,-2.642702688,0.1151374803850855,-3.118570548,0.1577804806457994,-2.664009357,1.0101841688156128,0.6374421119689941
FHRLGDQ,0.8052462677672888,-0.312498026,0.048994549630943,-4.351234923,0.0835812094113994,-3.580677555,0.0380575415893255,-4.715673819,0.0050790886110217,-7.621214641,0.0050790886110217,-7.621214641,-7.621214641,0.1061898586088809,-3.235282103,0.0906116560305461,-3.464159543,0.1083512431063763,-3.206212389,0.9001064896583557,0.3612372279167175
FHRLSDN,2.6277051002357843,1.393803375241659,0.3153421917407907,-1.665009884,0.0900351571891202,-3.473367731,0.0504585550075801,-4.308757298,0.0040028133474688,-7.964769941,0.9561517751417616,-0.064688452,-0.064688452,3.875631123653864,1.9544312638901715,0.2155029259687717,-2.214220637,3.839302441036673,1.940844212958336,1.083582043647766,0.5112033486366272
FHRLSSD,3.214558869444371,1.6846207716028636,0.0436996177451043,-4.51623553,0.0852492083147285,-3.552169753,4.136556968387146,2.048430450989273,1.5526489732739213,0.6347316985214316,0.0052513676734412,-7.573091075,0.6347316985214316,0.2898934286468444,-1.786405464,0.1096525394736618,-3.188988871,0.2937544310538393,-1.767317481,1.544765830039978,0.3891114592552185
